dish_id,true_ingredients,true_calories,true_weight,ai_description,ai_calories,ai_weight,ingredient_jaccard
dish_1556572657,,41.40,36.00,Olives,58.00,50.00,
dish_1556573514,,6.44,23.00,"Sun-Dried Tomatoes, Red Onions, Mixed Salad Greens",59.00,115.00,0.000
dish_1556575014,,71.30,62.00,Olives,99.00,85.00,
dish_1556575083,brussels sprouts,27.52,64.00,Brussels Sprouts,75.00,175.00,1.000
dish_1556575124,celery,4.48,28.00,Celery,4.00,28.00,1.000
dish_1556575273,brussels sprouts,103.30,152.00,"Brussels Sprouts, Green Bell Pepper, Olives",206.00,389.00,0.500
dish_1556575327,brussels sprouts,103.30,152.00,"Green Bell Pepper, Kalamata Olives, Brussels Sprouts",266.00,356.50,0.333
dish_1556575386,brussels sprouts,103.30,152.00,"Kalamata Olives, Brussels Sprouts, Celery",226.00,285.00,0.333
dish_1556575446,brussels sprouts,103.30,152.00,"Olives, Bell Peppers, Brussels Sprouts",141.00,254.00,0.500
dish_1556575499,brussels sprouts,103.30,152.00,"Celery, Kidney Beans, Brussels Sprouts",253.00,278.00,0.333
dish_1556575558,brussels sprouts,103.30,151.00,"Olives, Brussels Sprouts, Celery",196.00,303.00,0.500
dish_1557853154,,18.81,57.00,"Strawberries, Blueberries",20.00,62.00,
dish_1557853229,eggs,195.93,126.00,Scrambled Egg,481.00,227.00,1.000
dish_1557853314,yam,115.41,93.00,Roasted Potato (Fat Added in Cooking),298.00,200.00,0.000
dish_1557853429,eggs | yam,330.15,276.00,"Strawberries, Scrambled Egg, Sweet Potato and 1 more items",900.00,511.00,0.250
dish_1557861605,fish,35.10,39.00,Seaweed Snack,30.00,5.00,0.000
dish_1557861697,eggplant,13.14,53.00,Eggplant,11.00,45.00,1.000
dish_1557861795,caesar salad,13.64,31.00,"Salad Dressing, Lettuce, Croutons",156.00,121.00,0.000
dish_1557861837,eggplant | caesar salad | fish,61.88,123.00,"Romaine Lettuce, Eggplant, Croutons",45.00,86.00,0.200
dish_1557862345,chicken,103.95,63.00,"Chicken Meat (Roasting, Roasted, Cooked)",142.00,85.00,1.000
dish_1557862696,cauliflower,19.25,77.00,Cauliflower,25.00,100.00,1.000
dish_1557862738,,319.78,118.00,Steak,285.00,113.40,
dish_1557862783,chicken,442.98,258.00,"Mashed Potato, Steak, Chicken",519.00,275.00,0.500
dish_1557862829,spinach (raw),5.52,24.00,Spinach,7.00,30.00,1.000
dish_1557863012,cucumbers,3.10,31.00,Cucumber,10.00,84.00,1.000
dish_1557863056,avocado,75.20,47.00,Avocados,160.00,100.00,1.000
dish_1557863104,,46.00,40.00,Olives,99.00,85.00,
dish_1557863170,avocado,129.82,142.00,"Grapes, Spinach, Cucumber and 1 more items",103.00,165.00,0.250
dish_1557936555,eggs,149.28,96.00,Scrambled Egg,240.00,113.00,1.000
dish_1557936599,broccoli,22.05,63.00,Broccoli,15.00,45.00,1.000
dish_1557936645,,11.88,36.00,Strawberries,19.00,60.00,
dish_1557937037,,25.97,49.00,Raspberries,32.00,62.50,
dish_1557937079,bacon,146.07,27.00,Bacon,162.00,30.00,1.000
dish_1557937157,broccoli | eggs | bacon,355.25,271.00,"Scrambled Egg, Bacon, Raspberries and 2 more items",605.00,352.20,1.000
dish_1557937335,yam,47.16,38.00,Sweet Potato,129.00,150.00,0.000
dish_1557937427,eggs,26.43,17.00,Scrambled Egg,240.00,113.00,1.000
dish_1557937574,,5.59,13.00,Blackberries,6.00,15.00,
dish_1557937615,,6.93,21.00,Strawberries,6.00,20.00,
dish_1557937715,,20.67,39.00,Raspberries,20.00,37.50,
dish_1557937758,yam | eggs,106.78,128.00,"Strawberries, Blackberries, Sweet Potato and 2 more items",372.00,318.50,0.333
dish_1558026623,honeydew melons,29.88,83.00,Honeydew Melons,64.00,177.00,1.000
dish_1558026684,cantaloupe,24.14,71.00,Cantaloupe Melons,54.00,160.00,1.000
dish_1558026714,bacon,129.84,24.00,Bacon,227.00,42.00,1.000
dish_1558026756,honeydew melons | cantaloupe | bacon,183.86,178.00,"Cantaloupe Melons, Honeydew Melons, Bacon",222.00,200.00,0.500
dish_1558027057,yam,80.67,65.00,Roasted Potato (Fat Added in Cooking),149.00,100.00,0.000
dish_1558027164,bacon,162.30,30.00,Bacon,233.00,43.00,1.000
dish_1558028007,potatoes,54.67,71.00,Roasted Potato,224.00,150.00,1.000
dish_1558028057,bacon,151.48,28.00,Bacon,162.00,30.00,1.000
dish_1558028492,cantaloupe,20.74,61.00,Cantaloupe Melons,29.00,85.00,1.000
dish_1558028690,honeydew melons,23.76,66.00,Honeydew Melons,31.00,85.00,1.000
dish_1558029148,honeydew melons,38.88,108.00,Honeydew Melons,64.00,177.00,1.000
dish_1558029230,potatoes,88.55,115.00,Roasted Potato,232.00,156.00,1.000
dish_1558029278,bacon,146.07,27.00,Bacon,227.00,42.00,1.000
dish_1558029324,potatoes | bacon | honeydew melons,273.50,250.00,"Bacon, Honeydew Melons, Roasted Potato",529.00,376.00,1.000
dish_1558029518,yam,137.75,111.00,Sweet Potato,172.00,200.00,0.000
dish_1558029686,bacon,119.02,22.00,Bacon,162.00,30.00,1.000
dish_1558029842,cantaloupe,22.78,67.00,Cantaloupe Melons,54.00,160.00,1.000
dish_1558029923,bacon | yam | cantaloupe,279.55,200.00,"Cantaloupe Melons, Roasted Potato (Fat Added in Cooking), Bacon",405.00,227.00,0.500
dish_1558030182,potatoes,67.76,88.00,Roasted Potato,112.00,75.00,1.000
dish_1558030289,honeydew melons,38.52,107.00,Honeydew Melons,64.00,177.00,1.000
dish_1558030383,bacon,140.66,26.00,Bacon,243.00,45.00,1.000
dish_1558030435,honeydew melons | potatoes | bacon,246.94,221.00,"Bacon, Roasted Potato, Honeydew Melons",664.00,401.00,1.000
dish_1558030832,yam,89.35,72.00,Roasted Potato (Fat Added in Cooking),149.00,100.00,0.000
dish_1558030910,bacon,81.15,15.00,Bacon,162.00,30.00,1.000
dish_1558030971,honeydew melons,17.64,49.00,Honeydew Melons,31.00,85.00,1.000
dish_1558031133,yam,136.51,110.00,Roasted Potato (Fat Added in Cooking),298.00,200.00,0.000
dish_1558031237,cantaloupe,31.62,93.00,Cantaloupe Melons,54.00,160.00,1.000
dish_1558031302,potatoes,56.98,74.00,Roasted Potato,112.00,75.00,1.000
dish_1558031526,yam,76.94,62.00,Sweet Potato,86.00,100.00,0.000
dish_1558031566,bacon,140.66,26.00,Bacon,227.00,42.00,1.000
dish_1558031628,cantaloupe,31.28,92.00,Cantaloupe Melons,54.00,160.00,1.000
dish_1558031675,yam | bacon | cantaloupe,248.88,180.00,"Cantaloupe Melons, Bacon, Sweet Potato",373.00,303.00,0.500
dish_1558032156,bacon,140.66,26.00,Bacon,243.00,45.00,1.000
dish_1558109864,almonds,213.90,37.00,Almonds,164.00,28.40,1.000
dish_1558109907,grapes,43.47,63.00,Grapes,48.00,70.00,1.000
dish_1558109986,sausage,258.45,75.00,Fresh Pork Sausage,347.00,114.00,1.000
dish_1558110245,,29.07,51.00,Blackberries,13.00,30.00,
dish_1558110297,,29.07,51.00,"Blackberries, Lychee",92.00,160.00,0.000
dish_1558110335,bacon,37.87,7.00,Bacon,162.00,30.00,1.000
dish_1558110385,eggs,52.87,34.00,Scrambled Egg,424.00,200.00,1.000
dish_1558110436,yam,85.63,69.00,Sweet Potato,172.00,200.00,0.000
dish_1558110478,eggs | yam,205.44,161.00,"Bacon, Scrambled Egg, Raspberries and 2 more items",593.00,328.00,0.250
dish_1558113154,grapes,37.26,54.00,Grapes,52.00,75.00,1.000
dish_1558113204,almonds,179.21,31.00,Almonds,162.00,28.00,1.000
dish_1558113255,cantaloupe,30.60,90.00,Cantaloupe Melons,54.00,160.00,1.000
dish_1558113304,grapes | cantaloupe | almonds,247.07,175.00,"Red Seedless Grapes, Almonds, Cantaloupe Melons",272.00,263.00,1.000
dish_1558113430,,7.84,28.00,"Spinach, Carrots",21.00,63.00,0.000
dish_1558113477,almonds,289.05,50.00,Almonds,162.00,28.00,1.000
dish_1558113941,almonds,296.89,78.00,"Spinach, Carrots, Almonds",211.00,70.00,0.333
dish_1558114145,grapes,57.27,83.00,Grapes,52.00,75.00,1.000
dish_1558114209,cantaloupe,30.60,90.00,Cantaloupe Melons,54.00,160.00,1.000
dish_1558114441,sausage,258.45,75.00,Roasted Potato,730.00,490.00,0.000
dish_1558114484,bacon,151.48,28.00,Bacon,227.00,42.00,1.000
dish_1558114523,almonds,104.06,18.00,Almonds,98.00,17.00,1.000
dish_1558114569,grapes,26.91,39.00,Grapes,28.00,40.00,1.000
dish_1558114609,sausage | almonds | bacon,540.90,160.00,"Bacon, Fresh Pork Sausage, Grapes and 1 more items",776.00,235.00,0.750
dish_1558114937,,13.72,49.00,"Carrots, Spinach",11.00,40.00,0.000
dish_1558115011,almonds,115.62,20.00,Almonds,87.00,15.00,1.000
dish_1558115169,bacon,151.48,28.00,Bacon,233.00,43.00,1.000
dish_1558115241,potatoes,85.47,111.00,Roasted Potato,232.00,156.00,1.000
dish_1558115320,almonds,173.43,30.00,Almonds,202.00,35.00,1.000
dish_1558115448,grapes,64.86,94.00,Grapes,104.00,151.00,1.000
dish_1558115512,sausage,434.20,126.00,Fresh Pork Sausage,608.00,200.00,1.000
dish_1558115601,potatoes,85.47,111.00,Roasted Potato,232.00,156.00,1.000
dish_1558115641,grapes | sausage | potatoes,584.53,331.00,"Grapes, Fresh Pork Sausage, Roasted Potato",422.00,235.00,1.000
dish_1558115764,bacon,151.48,28.00,Bacon,433.00,80.00,1.000
dish_1558115825,grapes,42.78,62.00,Grapes,52.00,75.00,1.000
dish_1558115867,almonds,132.96,23.00,Almonds,121.00,21.00,1.000
dish_1558115915,sausage,203.31,59.00,Fresh Pork Sausage,684.00,225.00,1.000
dish_1558115960,potatoes,39.27,51.00,Roasted Potato,112.00,75.00,1.000
dish_1558116001,almonds | grapes | sausage | bacon | potatoes,569.81,223.00,"Almonds, Roasted Potato, Fresh Pork Sausage and 2 more items",824.00,311.00,1.000
dish_1558116090,cantaloupe,30.94,91.00,Cantaloupe Melons,54.00,160.00,1.000
dish_1558116146,grapes,76.59,111.00,Grapes,104.00,151.00,1.000
dish_1558116201,sausage,313.59,91.00,Fresh Pork Sausage,456.00,150.00,1.000
dish_1558116260,almonds,433.58,75.00,Almonds,809.00,140.00,1.000
dish_1558116298,almonds | grapes | sausage,854.69,368.00,"Cantaloupe Melons, Grapes, Almonds and 1 more items",623.00,356.00,0.750
dish_1558116399,,7.00,25.00,"Carrots, Spinach",17.00,55.00,0.000
dish_1558116436,bacon,91.97,17.00,Bacon,162.00,30.00,1.000
dish_1558116486,grapes,39.33,57.00,Grapes,52.00,76.00,1.000
dish_1558122583,potatoes,46.97,61.00,Roasted Potato,112.00,75.00,1.000
dish_1558372525,almonds,242.80,42.00,Almonds,202.00,35.00,1.000
dish_1558372650,grapes,57.27,83.00,Grapes,52.00,75.00,1.000
dish_1558372695,sausage,148.18,43.00,Roasted Potato,894.00,600.00,0.000
dish_1558372948,almonds,687.94,119.00,Almonds,809.00,140.00,1.000
dish_1558373008,sausage,251.56,73.00,Fresh Pork Sausage,255.00,84.00,1.000
dish_1558373284,sausage,389.40,113.00,Pork Sausage (Cooked),678.00,200.00,1.000
dish_1558373352,grapes,69.00,100.00,Grapes,104.00,151.00,1.000
dish_1558373405,cantaloupe,13.60,40.00,Cooked Carrots,43.00,80.00,0.000
dish_1558373449,almonds,416.23,72.00,Almonds,809.00,140.00,1.000
dish_1558373492,almonds | sausage | grapes,888.23,325.00,"Fresh Pork Sausage, Cheddar Cheese, Almonds and 1 more items",537.00,194.00,0.750
dish_1558373639,,5.60,20.00,"Spinach, Carrots",9.00,35.00,0.000
dish_1558373687,sausage,306.69,89.00,Fresh Pork Sausage,426.00,140.00,1.000
dish_1558375667,almonds,687.94,119.00,Almonds,809.00,140.00,1.000
dish_1558375732,grapes,45.54,66.00,Grapes,52.00,75.00,1.000
dish_1558375833,sausage,317.03,92.00,Fresh Pork Sausage,340.00,112.00,1.000
dish_1558375886,almonds | sausage,1050.51,277.00,"Grapes, Almonds, Fresh Pork Sausage",743.00,220.00,0.667
dish_1558376212,almonds,300.61,52.00,Almonds,410.00,71.00,1.000
dish_1558376306,sausage,372.17,108.00,Fresh Pork Sausage,608.00,200.00,1.000
dish_1558376364,grapes,48.99,71.00,Grapes,52.00,75.00,1.000
dish_1558376437,cantaloupe,13.26,39.00,Cantaloupe Melons,29.00,85.00,1.000
dish_1558376483,almonds | grapes | sausage,735.03,270.00,"Fresh Pork Sausage, Grapes, Cantaloupe Melons and 1 more items",503.00,273.30,0.750
dish_1558376734,sausage,206.76,60.00,Fresh Pork Sausage,1368.00,450.00,1.000
dish_1558376801,,4.20,15.00,Seaweed Salad,45.00,56.00,0.000
dish_1558376874,almonds,335.30,58.00,Almonds,410.00,71.00,1.000
dish_1558376938,grapes,51.06,74.00,Grapes,52.00,75.00,1.000
dish_1558377105,sausage,389.40,113.00,Fresh Pork Sausage,851.00,280.00,1.000
dish_1558378516,grapes,92.46,134.00,Grapes,104.00,151.00,1.000
dish_1558378553,almonds,393.11,68.00,Almonds,410.00,71.00,1.000
dish_1558378634,grapes | almonds | sausage,874.97,315.00,"Grapes, Fresh Pork Sausage, Almonds",558.00,210.00,1.000
dish_1558379128,grapes,36.57,53.00,Grapes,52.00,75.00,1.000
dish_1558379182,almonds,323.74,56.00,Almonds,410.00,71.00,1.000
dish_1558379273,sausage,227.44,66.00,Fresh Pork Sausage,1064.00,350.00,1.000
dish_1558379324,cantaloupe,16.32,48.00,"Sweet Potato (Without Skin, Cooked, Boiled)",152.00,200.00,0.000
dish_1558379391,sausage | almonds | grapes,604.06,223.00,"Cantaloupe Melons, Almonds, Grapes and 1 more items",531.00,273.00,0.750
dish_1558379639,sausage,385.95,112.00,Fresh Pork Sausage,456.00,150.00,1.000
dish_1558379712,almonds,687.94,119.00,Almonds,809.00,140.00,1.000
dish_1558380014,grapes,92.46,134.00,Grapes,104.00,151.00,1.000
dish_1558380058,almonds,208.12,36.00,Almonds,202.00,35.00,1.000
dish_1558380414,grapes,35.88,52.00,Grapes,52.00,75.00,1.000
dish_1558380464,almonds,277.49,48.00,Almonds,202.00,35.00,1.000
dish_1558380527,sausage,385.95,112.00,Fresh Pork Sausage,456.00,150.00,1.000
dish_1558380557,grapes | almonds | sausage,699.32,212.00,"Fresh Pork Sausage, Grapes, Almonds",368.00,134.40,1.000
dish_1558380804,,7.56,27.00,"Spinach, Carrots",20.00,61.20,0.000
dish_1558381032,almonds,115.62,20.00,Almonds,69.00,12.00,1.000
dish_1558381084,grapes,36.57,53.00,Grapes,34.00,50.00,1.000
dish_1558381143,sausage,182.64,53.00,Fresh Pork Sausage,365.00,120.00,1.000
dish_1558381206,grapes | almonds | sausage,342.39,153.00,"Carrots, Spinach, Red Seedless Grapes and 2 more items",363.00,159.00,0.600
dish_1558381665,broccoli,17.85,51.00,Broccoli,31.00,91.00,1.000
dish_1558381708,green beans,16.43,53.00,Green String Beans,31.00,100.00,1.000
dish_1558381742,,78.20,68.00,Olives,163.00,139.00,
dish_1558381819,tomatoes,22.10,65.00,Grape Tomatoes,32.00,180.00,1.000
dish_1558381840,chicken,113.85,69.00,Chicken,332.00,140.00,1.000
dish_1558381860,avocado,94.40,59.00,Avocados,160.00,100.00,1.000
dish_1558381943,spinach (raw),13.80,60.00,"Spinach, Feta Cheese",102.00,148.00,0.500
dish_1558382263,chicken | avocado | tomatoes | broccoli,356.63,425.00,"Olives, Avocados, Spinach and 4 more items",487.00,505.00,0.667
dish_1558457415,sweet potato,60.80,80.00,Crab Rangoon,344.00,120.00,0.000
dish_1558457468,cantaloupe,23.80,70.00,Cantaloupe Melons,54.00,160.00,1.000
dish_1558457530,cauliflower,16.00,64.00,Cauliflower,25.00,100.00,1.000
dish_1558457577,eggs,172.60,111.00,Scrambled Egg,481.00,227.00,1.000
dish_1558457665,cantaloupe | sweet potato | eggs | cauliflower,273.20,325.00,"Cantaloupe Melons, Cauliflower, Roasted Potato and 1 more items",466.00,540.00,1.000
dish_1558458438,spinach (raw),3.22,14.00,Spinach,7.00,30.00,1.000
dish_1558458496,grapes,53.13,77.00,Grapes,104.00,151.00,1.000
dish_1558458541,almonds,294.83,51.00,Almonds,202.00,35.00,1.000
dish_1558458584,grapes | almonds,351.18,142.00,"Spinach, Almonds, Grapes",221.00,133.00,0.667
dish_1558458737,white rice,41.60,32.00,White Rice,239.00,185.00,1.000
dish_1558458847,apple,74.36,143.00,Apples,95.00,182.00,1.000
dish_1558458903,almonds,115.62,20.00,Almonds,81.00,14.00,1.000
dish_1558459020,cherry tomatoes,10.98,61.00,Grape Tomatoes,15.00,85.00,1.000
dish_1558459059,grapes,28.98,42.00,Grapes,52.00,75.00,1.000
dish_1558459115,almonds | apple | white rice | grapes,271.54,298.00,"Grapes, Apples, Almonds and 2 more items",339.00,434.00,0.800
dish_1558459276,white rice,102.70,79.00,White Rice,239.00,185.00,1.000
dish_1558459395,almonds,208.12,36.00,Almonds,202.00,35.00,1.000
dish_1558459462,grapes,58.65,85.00,Grapes,52.00,75.00,1.000
dish_1558459528,cherry tomatoes,11.52,64.00,Grape Tomatoes,20.00,112.00,1.000
dish_1558459602,spinach (raw),2.07,9.00,Spinach,7.00,30.00,1.000
dish_1558459664,white rice | almonds | grapes,383.06,273.00,"Grape Tomatoes, Almonds, Red Seedless Grapes and 2 more items",370.00,308.30,0.600
dish_1558459945,apple,73.84,142.00,Apples,95.00,182.00,1.000
dish_1558459994,grapes,25.53,37.00,Grapes,24.00,35.00,1.000
dish_1558460061,grapes,40.71,59.00,Almonds,202.00,35.00,0.000
dish_1558460138,cherry tomatoes,10.08,56.00,Grape Tomatoes,15.00,85.00,1.000
dish_1558460205,spinach (raw),1.84,8.00,Spinach,7.00,30.00,1.000
dish_1558460908,apple | grapes | cherry tomatoes,152.00,302.00,"Apples, Grapes, Almonds and 2 more items",950.00,471.00,0.600
dish_1558461431,spinach (raw),1.15,5.00,Spinach,7.00,30.00,1.000
dish_1558461607,grapes,87.63,127.00,Grapes,104.00,151.00,1.000
dish_1558461692,almonds,231.24,40.00,Almonds,202.00,35.00,1.000
dish_1558461760,cherry tomatoes,10.98,61.00,Cherry Tomatoes,15.00,85.00,1.000
dish_1558461792,grapes | almonds,331.00,233.00,"Spinach, Red Seedless Grapes, Almonds and 1 more items",221.00,178.00,0.500
dish_1558462036,spinach (raw),2.99,13.00,Spinach,7.00,30.00,1.000
dish_1558462106,grapes,25.53,37.00,Grapes,24.00,35.00,1.000
dish_1558462228,white rice,22.10,17.00,White Rice,120.00,93.00,1.000
dish_1558462531,cherry tomatoes,12.96,72.00,Grape Tomatoes,15.00,84.00,1.000
dish_1558463113,white rice | grapes | cherry tomatoes,63.58,139.00,"Red Seedless Grapes, White Rice, Spinach and 1 more items",124.00,244.00,0.750
dish_1558463362,cherry tomatoes,20.88,116.00,Grape Tomatoes,36.00,200.00,1.000
dish_1558463429,grapes,42.09,61.00,Grapes,52.00,75.00,1.000
dish_1558463562,almonds,369.98,64.00,Almonds,809.00,140.00,1.000
dish_1558463690,grapes | almonds,432.95,241.00,"Grape Tomatoes, Almonds, Red Seedless Grapes",206.00,140.80,0.667
dish_1558468285,,12.32,44.00,Mixed Salad Greens,10.00,60.00,
dish_1558468401,avocado,75.20,47.00,Avocados,160.00,100.00,1.000
dish_1558468435,broccoli,28.00,80.00,Broccoli,31.00,91.00,1.000
dish_1558468494,squash,15.79,77.00,"Yellow Summer Squash, Zucchini",24.00,155.00,0.500
dish_1558468547,squash,6.97,34.00,Cabbage Kimchi,0.00,0.00,0.000
dish_1558468589,mushroom,12.10,55.00,Mushrooms,18.00,84.00,1.000
dish_1558468632,chicken,169.95,103.00,"Chicken Meat (Roasting, Roasted, Cooked)",234.00,140.00,1.000
dish_1558468731,avocado | chicken | broccoli | squash,320.33,440.00,"Broccoli, Sweet Potato, Mushrooms and 3 more items",320.00,340.00,0.429
dish_1558544427,eggs,160.16,103.00,"Red Hot Sauce, Scrambled Egg",481.00,232.00,0.500
dish_1558544482,,38.19,67.00,"Raspberries, Blackberries",61.00,124.00,
dish_1558544663,oatmeal,141.44,208.00,Oatmeal,143.00,230.00,1.000
dish_1558544870,eggs,198.35,170.00,"Scrambled Egg, Blackberries, Raspberries",458.00,272.00,1.000
dish_1558545738,apple,73.84,142.00,Apples,95.00,182.00,1.000
dish_1558546434,spinach (raw),2.53,11.00,Spinach,7.00,30.00,1.000
dish_1558546558,almonds,254.36,44.00,Almonds,202.00,35.00,1.000
dish_1558546663,almonds | apple,330.73,197.00,"Apples, Spinach, Almonds",264.00,240.00,0.667
dish_1558546918,white rice,70.20,54.00,White Rice,264.00,205.00,1.000
dish_1558547008,potatoes,73.92,96.00,Roasted Potato,232.00,156.00,1.000
dish_1558547068,spinach (raw),2.53,11.00,Spinach,7.00,30.00,1.000
dish_1558547124,almonds,144.53,25.00,Almonds,87.00,15.00,1.000
dish_1558547205,potatoes | almonds | white rice,291.17,186.00,"Almonds, Spinach, Roasted Potato and 1 more items",520.00,318.00,0.750
dish_1558548666,white rice,97.50,75.00,White Rice,264.00,205.00,1.000
dish_1558548958,spinach (raw),2.30,10.00,Spinach,7.00,30.00,1.000
dish_1558549008,cherry tomatoes,20.70,115.00,Grape Tomatoes,32.00,180.00,1.000
dish_1558549086,potatoes,73.15,95.00,Roasted Potato,232.00,156.00,1.000
dish_1558549150,grapes,45.54,66.00,Grapes,52.00,75.00,1.000
dish_1558549214,white rice | potatoes | cherry tomatoes | grapes,239.19,361.00,"White Rice, Grapes, Spinach and 2 more items",410.00,440.00,0.800
dish_1558549413,almonds,682.16,118.00,Almonds,164.00,28.30,1.000
dish_1558549605,white rice,97.50,75.00,White Rice,264.00,205.00,1.000
dish_1558549773,spinach (raw),2.30,10.00,Spinach,7.00,30.00,1.000
dish_1558549806,almonds | white rice,781.96,203.00,"Cooked Rice, Almonds, Spinach",1093.00,375.00,0.667
dish_1558550079,apple,73.84,142.00,Apples,95.00,182.00,1.000
dish_1558550127,almonds,127.18,22.00,Almonds,87.00,15.00,1.000
dish_1558550181,grapes,28.98,42.00,Grapes,24.00,35.00,1.000
dish_1558550218,almonds | grapes | apple,230.00,206.00,"Almonds, Grapes, Apples",291.00,260.00,1.000
dish_1558628339,bacon,70.33,13.00,Bacon,81.00,15.00,1.000
dish_1558628515,,31.92,56.00,"Raspberries, Blackberries",57.00,120.00,
dish_1558628711,yam | sweet potato,129.06,129.00,"Roasted Potato, Roasted Potato (Fat Added in Cooking)",261.00,175.00,0.333
dish_1558628760,yam | sweet potato | bacon,231.31,198.00,"Blackberries, Sweet Potato, Potato and 2 more items",357.00,270.00,0.667
dish_1558628888,eggs,111.96,72.00,Scrambled Egg,318.00,150.00,1.000
dish_1558628921,carrot,24.60,60.00,Cooked Carrots,42.00,78.00,1.000
dish_1558628956,garden salad,9.04,14.00,"Carrots, Spinach",19.00,60.00,0.000
dish_1558629013,,26.40,80.00,Strawberries,31.00,98.00,
dish_1558629041,eggs | carrot | garden salad,172.00,226.00,"Scrambled Egg, Strawberries, Carrots and 1 more items",480.00,365.00,0.500
dish_1558629398,tomatoes,21.76,64.00,"Carrots, Cherry Tomatoes",17.00,90.00,0.500
dish_1558629444,almonds,225.46,39.00,Almonds,173.00,30.00,1.000
dish_1558629488,cauliflower,16.00,64.00,Cauliflower,25.00,100.00,1.000
dish_1558629517,cauliflower | tomatoes | almonds,263.22,167.00,"Almonds, Cauliflower, Grape Tomatoes",851.00,332.00,1.000
dish_1558629578,cauliflower,22.50,90.00,Cauliflower,25.00,100.00,1.000
dish_1558629644,,4.20,15.00,Mixed Salad Greens,14.00,85.00,
dish_1558629677,apple,73.84,142.00,Apples,95.00,182.00,1.000
dish_1558629715,apple | cauliflower,100.54,247.00,"Mixed Salad Greens, Cauliflower, Apples",134.00,367.00,1.000
dish_1558629818,almonds,156.09,27.00,"Almonds, Carrots",88.00,18.00,0.500
dish_1558629878,apple,73.84,142.00,"Carrots, Apples",96.00,185.00,0.500
dish_1558630006,grapes,51.75,75.00,Grapes,52.00,75.00,1.000
dish_1558630038,cauliflower,12.75,51.00,"Carrots, Cooked Cauliflower",26.00,61.00,0.500
dish_1558630072,apple | almonds | grapes,294.43,295.00,"Almonds, Apples, Grapes and 1 more items",334.00,385.00,0.750
dish_1558630176,apple,73.84,142.00,"Apples, Carrots",97.00,187.00,0.500
dish_1558630207,almonds,670.60,116.00,Almonds,809.00,140.00,1.000
dish_1558630288,garden salad,7.11,11.00,Mixed Salad Greens,14.00,85.00,0.000
dish_1558630325,apple | almonds,751.54,269.00,"Mixed Salad Greens, Apples, Almonds",429.00,272.70,1.000
dish_1558630450,grapes,86.25,125.00,Grapes,52.00,75.00,1.000
dish_1558630488,cantaloupe,29.92,88.00,Cantaloupe Melons,51.00,150.00,1.000
dish_1558630600,apple,73.84,142.00,Apples,95.00,182.00,1.000
dish_1558630649,cantaloupe | grapes | apple,190.01,355.00,"Cantaloupe Melons, Apples, Grapes",174.00,337.00,1.000
dish_1558630737,cauliflower,22.25,89.00,Cauliflower,25.00,100.00,1.000
dish_1558630814,almonds,196.55,34.00,Almonds,162.00,28.00,1.000
dish_1558630867,apple,73.84,142.00,Apples,95.00,182.00,1.000
dish_1558630932,apple | cauliflower | almonds,292.64,265.00,"Cauliflower, Apples, Almonds",284.00,317.00,1.000
dish_1558631825,corn on the cob,118.83,112.00,Corn on the Cob,0.00,0.00,1.000
dish_1558631872,cherry tomatoes,16.02,89.00,Grape Tomatoes,32.00,180.00,1.000
dish_1558631904,apple,80.08,154.00,Apples,95.00,182.00,1.000
dish_1558631932,apple | corn on the cob | cherry tomatoes,214.93,355.00,"Apples, Grape Tomatoes, Corn on the Cob",126.00,352.00,1.000
dish_1558632080,corn on the cob,72.15,68.00,Corn on the Cob,0.00,0.00,1.000
dish_1558632130,cantaloupe,33.66,99.00,Cantaloupe Melons,54.00,160.00,1.000
dish_1558632198,garden salad,16.80,26.00,"Kernel Corn, Mixed Salad Greens",15.00,86.00,0.000
dish_1558632233,garden salad | corn on the cob | cantaloupe,122.60,193.00,"Cantaloupe Melons, Mixed Salad Greens, Corn",137.00,284.00,0.667
dish_1558632445,almonds,526.07,91.00,Almonds,410.00,71.00,1.000
dish_1558632475,corn on the cob,118.83,112.00,Corn on the Cob,0.00,0.00,1.000
dish_1558632799,corn on the cob,20.16,19.00,Corn,64.00,75.00,1.000
dish_1558632921,apple,80.60,155.00,"Apples, Kernel Corn",95.00,182.20,0.500
dish_1558632959,cherry tomatoes,16.02,89.00,Grape Tomatoes,27.00,150.00,1.000
dish_1558632990,cauliflower,25.25,101.00,Cauliflower,38.00,150.00,1.000
dish_1558633158,carrot,34.85,85.00,Cooked Carrots,69.00,128.00,1.000
dish_1558633221,corn on the cob | cherry tomatoes | apple | cauliflower | carrot,176.88,449.00,"Corn, Carrots, Grape Tomatoes and 2 more items",284.00,706.00,1.000
dish_1558635400,cauliflower,25.00,100.00,Cauliflower,25.00,100.00,1.000
dish_1558635489,corn on the cob,78.51,74.00,Corn on the Cob,0.00,0.00,1.000
dish_1558635523,white rice,55.90,43.00,White Rice,116.00,90.00,1.000
dish_1558635546,apple,60.84,117.00,Apples,95.00,182.00,1.000
dish_1558635618,corn on the cob | apple | white rice | cauliflower,220.25,334.00,"Cauliflower, White Rice, Corn and 1 more items",328.00,479.00,1.000
dish_1558635865,corn on the cob,20.16,19.00,Corn on the Cob,0.00,0.00,1.000
dish_1558635933,cantaloupe,33.32,98.00,Cantaloupe Melons,54.00,160.00,1.000
dish_1558635962,almonds,52.03,9.00,Almonds,162.00,28.00,1.000
dish_1558635994,grapes,93.84,136.00,Grapes,104.00,151.00,1.000
dish_1558636028,grapes | corn on the cob | cantaloupe,199.35,262.00,"Grapes, Corn, Cantaloupe Melons and 1 more items",386.00,416.00,0.750
dish_1558636388,cauliflower,24.00,96.00,Cauliflower,25.00,100.00,1.000
dish_1558636483,apple,80.08,154.00,Apples,95.00,182.00,1.000
dish_1558636514,cherry tomatoes,16.02,89.00,Grape Tomatoes,36.00,200.00,1.000
dish_1558636544,almonds,410.45,71.00,Almonds,164.00,28.30,1.000
dish_1558636582,apple | almonds,530.55,410.00,"Cauliflower, Almonds, Grape Tomatoes and 1 more items",323.00,342.00,0.500
dish_1558636763,apple,60.84,117.00,Apples,95.00,182.00,1.000
dish_1558636813,grapes,60.72,88.00,Grapes,69.00,100.00,1.000
dish_1558636868,almonds,46.25,8.00,Almonds,173.00,30.00,1.000
dish_1558636902,carrot,38.95,95.00,Cooked Carrots,69.00,128.00,1.000
dish_1558636928,cherry tomatoes,16.02,89.00,Grape Tomatoes,36.00,200.00,1.000
dish_1558636980,apple | grapes | carrot | cherry tomatoes,222.78,397.00,"Grapes, Grape Tomatoes, Carrots and 2 more items",283.00,402.00,0.800
dish_1558637214,grapes,11.04,16.00,Grapes,24.00,35.00,1.000
dish_1558637247,corn on the cob,117.77,111.00,Corn on the Cob,0.00,0.00,1.000
dish_1558637351,apple,80.08,154.00,Apples,95.00,182.00,1.000
dish_1558637393,almonds,739.97,128.00,Almonds,277.00,48.00,1.000
dish_1558637423,corn on the cob | apple | almonds,948.86,409.00,"Grapes, Corn, Almonds and 1 more items",455.00,413.00,0.750
dish_1558637698,cauliflower,12.25,49.00,Cauliflower,25.00,100.00,1.000
dish_1558637769,apple,80.08,154.00,Apples,95.00,182.00,1.000
dish_1558637865,corn on the cob,71.09,67.00,Corn,73.00,85.00,1.000
dish_1558637896,grapes,84.87,123.00,Grapes,52.00,75.00,1.000
dish_1558637932,corn on the cob | apple | grapes,248.29,393.00,"Grapes, Cauliflower, Apples and 1 more items",251.00,455.00,0.750
dish_1558638137,apple,60.84,117.00,Apples,95.00,182.00,1.000
dish_1558638163,carrot,40.59,99.00,Cooked Carrots,84.00,156.00,1.000
dish_1558638216,white rice,55.90,43.00,Cooked Rice,277.00,205.00,1.000
dish_1558638292,cantaloupe | apple | white rice | carrot,190.31,356.00,"Sweet Potato, Carrots, White Rice and 1 more items",338.00,445.50,0.600
dish_1558638844,apple,80.08,154.00,Apples,95.00,182.00,1.000
dish_1558638896,cherry tomatoes,22.68,126.00,Grape Tomatoes,32.00,180.00,1.000
dish_1558638924,cauliflower,6.25,25.00,Cauliflower,25.00,100.00,1.000
dish_1558638954,grapes,89.01,129.00,Grapes,104.00,151.00,1.000
dish_1558638983,corn on the cob,59.42,56.00,Corn on the Cob,0.00,0.00,1.000
dish_1558639012,cherry tomatoes | corn on the cob | apple | grapes,257.44,490.00,"Cauliflower, Grapes, Corn and 2 more items",274.00,555.00,0.800
dish_1558639089,grapes,19.32,28.00,Grapes,34.00,50.00,1.000
dish_1558639138,carrot,22.14,54.00,Glazed Carrots,175.00,140.00,1.000
dish_1558639167,apple,80.08,154.00,Apples,95.00,182.00,1.000
dish_1558639195,grapes | carrot | corn on the cob | apple,238.25,346.00,"Apples, Corn, Carrots and 1 more items",317.00,538.00,1.000
dish_1558639221,cauliflower,24.50,98.00,Cauliflower,50.00,200.00,1.000
dish_1558639266,corn on the cob,30.77,29.00,Corn on the Cob,0.00,0.00,1.000
dish_1558639306,carrot,40.59,99.00,Glazed Carrots,175.00,140.00,1.000
dish_1558639335,apple,60.32,116.00,Apples,95.00,182.00,1.000
dish_1558639362,cauliflower | apple | carrot | corn on the cob,156.18,342.00,"Corn, Apples, Cauliflower and 1 more items",224.00,440.00,1.000
dish_1558639412,cantaloupe,32.98,97.00,Cantaloupe Melons,51.00,150.00,1.000
dish_1558639440,apple,60.32,116.00,Apples,95.00,182.00,1.000
dish_1558639482,corn on the cob,30.77,29.00,Corn on the Cob,0.00,0.00,1.000
dish_1558639526,carrot,31.98,78.00,Cooked Carrots,69.00,128.00,1.000
dish_1558639555,cantaloupe | corn on the cob | carrot | apple,156.05,320.00,"Carrots, Apples, Corn and 1 more items",247.00,488.00,1.000
dish_1558639588,almonds,121.40,21.00,Almonds,162.00,28.00,1.000
dish_1558639630,corn on the cob,116.71,110.00,Corn,138.00,160.00,1.000
dish_1558639662,cherry tomatoes,16.02,89.00,Grape Tomatoes,31.00,170.00,1.000
dish_1558639673,cherry tomatoes,16.02,89.00,Grape Tomatoes,36.00,200.00,1.000
dish_1558639683,cherry tomatoes,16.02,89.00,Grape Tomatoes,25.00,140.00,1.000
dish_1558639752,corn on the cob | cherry tomatoes | almonds,254.13,220.00,"Grape Tomatoes, Almonds, Corn",236.00,171.30,1.000
dish_1558639787,cauliflower,24.75,99.00,Cauliflower,25.00,100.00,1.000
dish_1558639818,cantaloupe,20.06,59.00,Cantaloupe Melons,544.00,1600.00,1.000
dish_1558639849,carrot,23.37,57.00,Carrots,148.00,360.00,1.000
dish_1558639876,carrot | cantaloupe | cauliflower,68.18,215.00,"Cauliflower, Butternut Squash, Carrots",73.00,211.00,0.500
dish_1558639907,cherry tomatoes,10.44,58.00,Grape Tomatoes,18.00,100.00,1.000
dish_1558639949,cantaloupe,21.76,64.00,Cantaloupe Melons,119.00,350.00,1.000
dish_1558639979,almonds,520.29,90.00,Almonds,162.00,28.00,1.000
dish_1558640008,almonds,552.49,212.00,"Butternut Squash, Almonds, Grape Tomatoes",859.00,320.00,0.333
dish_1558640039,carrot,40.18,98.00,Cooked Carrots,84.00,156.00,1.000
dish_1558640074,apple,60.32,116.00,Apples,95.00,182.00,1.000
dish_1558640105,corn on the cob,77.45,73.00,Corn on the Cob,0.00,0.00,1.000
dish_1558640145,carrot | apple | corn on the cob,177.95,287.00,"Corn, Carrots, Apples",275.00,444.00,1.000
dish_1558640190,cantaloupe,19.72,58.00,Cantaloupe Melons,442.00,1300.00,1.000
dish_1558640238,cherry tomatoes,22.68,126.00,Grape Tomatoes,36.00,200.00,1.000
dish_1558640267,grapes,63.48,92.00,Grapes,104.00,151.00,1.000
dish_1558640294,cantaloupe | cherry tomatoes,42.40,184.00,"Cantaloupe Melons, Grape Tomatoes, Grapes",147.00,311.00,0.667
dish_1558640311,grapes | cantaloupe | cherry tomatoes,105.88,276.00,"Grape Tomatoes, Red Seedless Grapes, Grapes and 1 more items",146.00,365.00,0.400
dish_1558640373,cherry tomatoes | grapes | cantaloupe,105.88,276.00,"Grape Tomatoes, Grapes, Cantaloupe Melons",147.00,311.00,1.000
dish_1558640418,carrot,14.35,35.00,Cooked Carrots,69.00,128.00,1.000
dish_1558640450,apple,80.08,154.00,Apples,95.00,182.00,1.000
dish_1558640477,corn on the cob,59.42,56.00,Corn on the Cob,0.00,0.00,1.000
dish_1558640513,carrot | apple | corn on the cob,153.85,245.00,"Carrots, Corn, Apples",188.00,315.00,1.000
dish_1558640563,cherry tomatoes,4.14,23.00,Cherry Tomatoes,14.00,80.00,1.000
dish_1558640593,apple,60.32,116.00,Apples,95.00,182.00,1.000
dish_1558640604,apple,60.84,117.00,Apples,95.00,182.00,1.000
dish_1558640614,apple,60.32,116.00,Apples,95.00,182.00,1.000
dish_1558640671,cantaloupe,32.30,95.00,Cantaloupe Melons,54.00,160.00,1.000
dish_1558640705,apple | cantaloupe,96.76,234.00,"Cantaloupe Melons, Apples, Grape Tomatoes",139.00,352.00,0.667
dish_1558640748,cauliflower,14.50,58.00,Cauliflower,25.00,100.00,1.000
dish_1558640781,apple,80.08,154.00,Apples,95.00,182.00,1.000
dish_1558640808,carrot,10.66,26.00,Cooked Carrots,69.00,128.00,1.000
dish_1558640849,apple | cauliflower | carrot,105.24,238.00,"Cauliflower, Apples, Carrots",145.00,343.00,1.000
dish_1558640882,cantaloupe,32.30,95.00,Cantaloupe Melons,54.00,160.00,1.000
dish_1558640917,cauliflower,5.25,21.00,Cauliflower,25.00,100.00,1.000
dish_1558640941,carrot,21.73,53.00,Cooked Carrots,194.00,360.00,1.000
dish_1558640979,cantaloupe | cauliflower | carrot,59.28,169.00,"Sweet Potato, Cauliflower, Carrots",249.00,428.00,0.500
dish_1558641007,carrot,23.37,57.00,Cooked Carrots,43.00,80.00,1.000
dish_1558641037,apple,60.84,117.00,Apples,95.00,182.00,1.000
dish_1558641075,cherry tomatoes,12.42,69.00,Cherry Tomatoes,15.00,85.00,1.000
dish_1558641108,cherry tomatoes | apple | carrot,96.63,243.00,"Carrots, Grape Tomatoes, Apples",135.00,328.00,1.000
dish_1558641164,apple,80.08,154.00,Apples,95.00,182.00,1.000
dish_1558641200,carrot,3.28,8.00,Cooked Carrots,46.00,85.00,1.000
dish_1558641211,carrot,3.28,8.00,Cooked Carrots,46.00,85.00,1.000
dish_1558641253,corn on the cob,116.71,110.00,Corn on the Cob,0.00,0.00,1.000
dish_1558641287,cherry tomatoes,11.52,64.00,Cherry Tomatoes,29.00,160.00,1.000
dish_1558641320,apple | corn on the cob | cherry tomatoes,211.59,336.00,"Cherry Tomatoes, Carrots, Apples and 1 more items",205.00,352.00,0.750
dish_1558641358,cauliflower,24.25,97.00,Cauliflower,50.00,200.00,1.000
dish_1558641391,cantaloupe,19.72,58.00,Cantaloupe Melons,54.00,160.00,1.000
dish_1558641416,corn on the cob,59.42,56.00,Corn on the Cob,0.00,0.00,1.000
dish_1558641442,cauliflower | cantaloupe | corn on the cob,103.39,211.00,"Sweet Potato, Cauliflower, Corn",167.00,265.00,0.500
dish_1558641897,corn on the cob,116.71,110.00,Corn on the Cob,0.00,0.00,1.000
dish_1558641926,apple,80.08,154.00,Apples,95.00,182.00,1.000
dish_1558641954,cherry tomatoes,18.36,102.00,Grape Tomatoes,29.00,160.00,1.000
dish_1558641989,cauliflower,13.75,55.00,Cauliflower,27.00,107.00,1.000
dish_1558642021,apple | corn on the cob | cherry tomatoes | cauliflower,228.90,421.00,"Corn, Apples, Cauliflower and 1 more items",294.00,623.00,1.000
dish_1558642089,carrot,39.36,96.00,Cooked Carrots,69.00,128.00,1.000
dish_1558642420,carrot,38.95,95.00,Cooked Carrots,69.00,128.00,1.000
dish_1558642458,cauliflower,23.00,92.00,Cauliflower,25.00,100.00,1.000
dish_1558642490,carrot | cauliflower,61.95,187.00,"Cauliflower, Carrots",346.00,1000.00,1.000
dish_1558717604,apple,73.84,142.00,Apples,95.00,182.00,1.000
dish_1558717886,apple,73.84,142.00,Apples,95.00,182.00,1.000
dish_1558718009,cantaloupe,25.84,76.00,Carrots,41.00,100.00,0.000
dish_1558718051,cauliflower,24.25,97.00,Cauliflower,25.00,100.00,1.000
dish_1558718088,apple | corn on the cob | cantaloupe | cauliflower,219.42,405.00,"Cauliflower, Apples, Corn on the Cob and 1 more items",161.00,392.00,1.000
dish_1558718587,cauliflower,10.25,41.00,Cauliflower,25.00,100.00,1.000
dish_1558718610,corn on the cob,113.53,107.00,Corn,141.00,164.00,1.000
dish_1558718649,cantaloupe,25.84,76.00,Carrots,25.00,61.00,0.000
dish_1558718680,almonds,132.96,23.00,Almonds,164.00,28.30,1.000
dish_1558718906,corn on the cob | cantaloupe | almonds,282.58,247.00,"Cantaloupe Melons, Corn, Cauliflower and 1 more items",276.00,248.00,0.750
dish_1558718974,almonds,422.01,73.00,Almonds,162.00,28.00,1.000
dish_1558719040,cantaloupe,31.96,94.00,Cantaloupe Melons,54.00,160.00,1.000
dish_1558719066,apple,73.84,142.00,Apples,95.00,182.00,1.000
dish_1558719097,cherry tomatoes,19.26,107.00,Grape Tomatoes,18.00,100.00,1.000
dish_1558719145,cantaloupe | almonds | apple,547.07,416.00,"Cantaloupe Melons, Almonds, Grape Tomatoes and 1 more items",354.00,590.00,0.750
dish_1558719298,almonds,265.93,46.00,Almonds,202.00,35.00,1.000
dish_1558719336,cauliflower,24.25,97.00,Cauliflower,25.00,100.00,1.000
dish_1558719377,apple,73.84,142.00,Apples,95.00,182.00,1.000
dish_1558719401,corn on the cob,51.99,49.00,Corn on the Cob,0.00,0.00,1.000
dish_1558719514,almonds | apple | corn on the cob | cauliflower,433.29,430.00,"Apples, Almonds, Corn and 2 more items",361.00,472.30,0.800
dish_1558719570,apple,74.36,143.00,Apples,95.00,182.00,1.000
dish_1558719994,almonds,768.87,133.00,Almonds,410.00,71.00,1.000
dish_1558720097,carrot,30.34,74.00,Cooked Carrots,69.00,128.00,1.000
dish_1558720133,cauliflower,14.25,57.00,Cauliflower,27.00,107.00,1.000
dish_1558720236,apple | almonds,887.82,407.00,"Cauliflower, Apples, Cooked Carrots and 1 more items",312.00,340.00,0.500
dish_1558720289,cauliflower,20.00,80.00,Cauliflower,25.00,100.00,1.000
dish_1558720335,cantaloupe,15.64,46.00,Cantaloupe Melons,85.00,250.00,1.000
dish_1558720364,apple,73.84,142.00,Apples,95.00,182.00,1.000
dish_1558720396,corn on the cob,95.49,90.00,Corn on the Cob,0.00,0.00,1.000
dish_1558721272,carrot,29.52,72.00,Cooked Carrots,69.00,128.00,1.000
dish_1558721323,cantaloupe,31.62,93.00,Cantaloupe Melons,68.00,200.00,1.000
dish_1558721345,cauliflower,19.50,78.00,Cauliflower,25.00,100.00,1.000
dish_1558721380,cherry tomatoes,19.26,107.00,Grape Tomatoes,18.00,100.00,1.000
dish_1558721434,cherry tomatoes | carrot | cauliflower | cantaloupe,99.90,350.00,"Carrots, Cantaloupe Melons, Cherry Tomatoes and 1 more items",110.00,416.00,1.000
dish_1558721484,cherry tomatoes,11.16,62.00,Grape Tomatoes,14.00,80.00,1.000
dish_1558721533,cantaloupe,18.70,55.00,Cantaloupe Melons,92.00,272.00,1.000
dish_1558721559,carrot,37.72,92.00,Cooked Carrots,69.00,128.00,1.000
dish_1558721587,corn on the cob,95.49,90.00,Corn on the Cob,0.00,0.00,1.000
dish_1558721636,carrot | corn on the cob | cantaloupe | cherry tomatoes,163.07,299.00,"Cooked Carrots, Corn, Cantaloupe Melons and 1 more items",190.00,388.00,1.000
dish_1558721669,cauliflower,24.25,97.00,Cauliflower,27.00,107.00,1.000
dish_1558721700,cantaloupe,19.04,56.00,Cantaloupe Melons,54.00,160.00,1.000
dish_1558721726,apple,74.36,143.00,Apples,95.00,182.00,1.000
dish_1558721757,almonds,768.87,133.00,Almonds,809.00,140.00,1.000
dish_1558721827,apple | almonds,886.52,429.00,"Carrots, Cauliflower, Apples and 1 more items",296.00,321.30,0.500
dish_1558721904,apple,74.36,143.00,Apples,95.00,182.00,1.000
dish_1558721931,cauliflower,13.25,53.00,"Cauliflower, Corn",26.00,101.00,0.500
dish_1558721959,cherry tomatoes,11.16,62.00,Grape Tomatoes,15.00,85.00,1.000
dish_1558721980,cantaloupe,26.86,79.00,Cantaloupe Melons,29.00,85.00,1.000
dish_1558722068,almonds,179.21,31.00,Almonds,87.00,15.00,1.000
dish_1558722103,apple | cantaloupe | almonds,304.84,368.00,"Apples, Cauliflower, Carrots and 2 more items",309.00,406.00,0.333
dish_1558722125,almonds,497.17,86.00,Almonds,164.00,28.40,1.000
dish_1558722171,cauliflower,24.25,97.00,Cauliflower,25.00,100.00,1.000
dish_1558722207,apple,83.20,160.00,"Apples, Kernel Corn",95.00,182.30,0.500
dish_1558722247,almonds | apple,604.62,343.00,"Cauliflower, Apples, Almonds",284.00,317.00,0.667
dish_1558722322,carrot,37.72,92.00,Cooked Carrots,69.00,128.00,1.000
dish_1558722370,cauliflower,19.75,79.00,Cauliflower,25.00,100.00,1.000
dish_1558722398,apple,83.72,161.00,Apples,95.00,182.00,1.000
dish_1558722434,cherry tomatoes,8.46,47.00,Grape Tomatoes,14.00,80.00,1.000
dish_1558722473,cherry tomatoes | cauliflower | apple | carrot,149.65,379.00,"Cauliflower, Carrots, Grape Tomatoes and 1 more items",159.00,423.00,1.000
dish_1558722636,carrot,30.75,75.00,Cooked Carrots,84.00,156.00,1.000
dish_1558722665,cauliflower,15.00,60.00,Cauliflower,25.00,100.00,1.000
dish_1558722685,cantaloupe,25.84,76.00,Cantaloupe Melons,54.00,160.00,1.000
dish_1558722707,cherry tomatoes,19.26,107.00,Grape Tomatoes,20.00,112.00,1.000
dish_1558722748,corn on the cob,51.99,49.00,Corn on the Cob,0.00,0.00,1.000
dish_1558722780,cauliflower | carrot | corn on the cob | cantaloupe | cherry tomatoes,142.84,367.00,"Corn, Cherry Tomatoes, Carrots and 2 more items",163.00,443.00,1.000
dish_1558722842,cherry tomatoes,10.44,58.00,Grape Tomatoes,15.00,85.00,1.000
dish_1558722871,cauliflower,15.00,60.00,Cauliflower,12.00,50.00,1.000
dish_1558722883,cauliflower,15.00,60.00,Cooked Cauliflower,22.00,50.00,1.000
dish_1558722906,corn on the cob,95.49,90.00,Corn on the Cob,0.00,0.00,1.000
dish_1558722931,almonds,439.36,76.00,Almonds,202.00,35.00,1.000
dish_1558722968,almonds | corn on the cob,560.29,284.00,"Grape Tomatoes, Almonds, Cauliflower and 1 more items",262.00,283.00,0.500
dish_1558723047,cantaloupe,31.62,93.00,Carrots,33.00,80.00,0.000
dish_1558723073,cherry tomatoes,16.20,90.00,Grape Tomatoes,20.00,112.00,1.000
dish_1558723096,cauliflower,16.50,66.00,Cauliflower,25.00,100.00,1.000
dish_1558723123,corn on the cob,51.99,49.00,Corn on the Cob,0.00,0.00,1.000
dish_1558723414,corn on the cob,51.99,49.00,Corn on the Cob,0.00,0.00,1.000
dish_1558723449,apple,74.36,143.00,Apples,95.00,182.00,1.000
dish_1558723475,cantaloupe,22.78,67.00,Cantaloupe Melons,95.00,280.00,1.000
dish_1558723512,carrot,15.99,39.00,Baby Carrots,21.00,60.00,1.000
dish_1558723537,cauliflower,14.50,58.00,Cauliflower,25.00,100.00,1.000
dish_1558723568,cantaloupe | corn on the cob | carrot | cauliflower | apple,179.62,356.00,"Corn, Cantaloupe Melons, Carrots and 2 more items",345.00,717.00,1.000
dish_1558723639,cauliflower,10.25,41.00,Cauliflower,25.00,100.00,1.000
dish_1558723671,carrot,38.13,93.00,Cooked Carrots,69.00,128.00,1.000
dish_1558723695,corn on the cob,95.49,90.00,Corn on the Cob,0.00,0.00,1.000
dish_1558723719,almonds,231.24,40.00,Almonds,98.00,17.00,1.000
dish_1558723742,carrot | almonds | corn on the cob,375.11,264.00,"Almonds, Cauliflower, Carrots and 1 more items",290.00,281.00,0.750
dish_1558723777,apple,74.36,143.00,Apples,95.00,182.00,1.000
dish_1558723818,corn on the cob,113.53,107.00,Corn,139.00,162.00,1.000
dish_1558723847,almonds,554.98,96.00,Almonds,410.00,71.00,1.000
dish_1558723866,cauliflower,14.75,59.00,Cauliflower,25.00,100.00,1.000
dish_1558723894,almonds | corn on the cob | apple,757.61,405.00,"Corn, Almonds, Cauliflower and 1 more items",423.00,473.00,0.750
dish_1558723926,cherry tomatoes,19.26,107.00,Cherry Tomatoes,18.00,100.00,1.000
dish_1558723960,cauliflower,13.00,52.00,Cauliflower,25.00,100.00,1.000
dish_1558723982,almonds,294.83,51.00,Almonds,173.00,30.00,1.000
dish_1558724005,cantaloupe,31.62,93.00,Cantaloupe Melons,92.00,272.00,1.000
dish_1558724031,cherry tomatoes | cantaloupe | almonds,358.71,303.00,"Carrots, Cherry Tomatoes, Cauliflower and 1 more items",230.00,309.00,0.400
dish_1558724574,brussels sprouts,50.74,118.00,Brussels Sprouts,206.00,480.00,1.000
dish_1558724607,honeydew melons,54.72,152.00,Honeydew Melons,64.00,177.00,1.000
dish_1558724633,broccoli,32.90,94.00,Broccoli,102.00,300.00,1.000
dish_1558724658,brussels sprouts | honeydew melons | broccoli,138.36,364.00,"Broccoli, Cucumber, Brussels Sprouts",172.00,495.00,0.500
dish_1558724689,cauliflower,19.75,79.00,Cauliflower,25.00,100.00,1.000
dish_1558724723,broccoli,39.20,112.00,Broccoli,31.00,91.00,1.000
dish_1558724766,apple,83.72,161.00,Apples,95.00,182.00,1.000
dish_1558724799,cauliflower | apple | broccoli,142.67,352.00,"Broccoli, Cauliflower, Apples",153.00,380.00,1.000
dish_1558724853,brussels sprouts,50.74,118.00,Brussels Sprouts,38.00,88.00,1.000
dish_1558724891,apple,83.72,161.00,Apples,95.00,182.00,1.000
dish_1558724912,carrot,30.75,75.00,Cooked Carrots,84.00,156.00,1.000
dish_1558724932,almonds,416.23,72.00,Almonds,202.00,35.00,1.000
dish_1558724959,brussels sprouts | carrot | almonds | apple,581.44,426.00,"Almonds, Carrots, Apples and 1 more items",360.00,366.00,1.000
dish_1558724992,almonds,456.70,79.00,Almonds,202.00,35.00,1.000
dish_1558725049,brussels sprouts,43.00,100.00,Brussels Sprouts,52.00,120.00,1.000
dish_1558725085,honeydew melons,54.36,151.00,Honeydew Melons,64.00,177.00,1.000
dish_1558725112,almonds | brussels sprouts | honeydew melons,554.06,330.00,"Brussels Sprouts, Almonds, Honeydew Melons",285.00,257.00,1.000
dish_1558725193,almonds,763.09,132.00,Almonds,410.00,71.00,1.000
dish_1558725226,cauliflower,19.75,79.00,Cauliflower,25.00,100.00,1.000
dish_1558725253,broccoli,33.95,97.00,Broccoli,31.00,91.00,1.000
dish_1558725286,almonds,816.79,308.00,"Almonds, Broccoli, Cauliflower",867.00,338.00,0.333
dish_1558725353,brussels sprouts,40.42,94.00,Brussels Sprouts,206.00,480.00,1.000
dish_1558725403,almonds,289.05,50.00,Almonds,87.00,15.00,1.000
dish_1558725576,cauliflower,19.75,79.00,Cauliflower,25.00,100.00,1.000
dish_1558725621,brussels sprouts | almonds | cauliflower,349.22,223.00,"Almonds, Brussels Sprouts, Carrots and 1 more items",150.00,221.00,0.750
dish_1558725702,brussels sprouts,50.31,117.00,Herb Roasted Brussels Sprouts,78.00,88.00,1.000
dish_1558725734,carrot,30.75,75.00,Carrots,34.00,84.00,1.000
dish_1558725760,apple,83.72,161.00,Apples,95.00,182.00,1.000
dish_1558725786,corn on the cob,113.53,107.00,Corn on the Cob,0.00,0.00,1.000
dish_1558725829,brussels sprouts | carrot | corn on the cob | apple,278.31,460.00,"Corn, Carrots, Apples and 1 more items",293.00,523.00,1.000
dish_1559059924,bacon,108.20,20.00,Bacon,227.00,42.00,1.000
dish_1559059954,bacon,108.20,20.00,Bacon,227.00,42.00,1.000
dish_1559059992,sweet potato,71.44,94.00,Roasted Potato,112.00,75.00,1.000
dish_1559060055,,26.73,81.00,Strawberries,27.00,85.00,
dish_1559060106,bacon | sweet potato,206.37,195.00,"Strawberries, Roasted Potato, Bacon",366.00,201.00,1.000
dish_1559061675,watermelon,24.90,83.00,Watermelon,54.00,180.00,1.000
dish_1559061752,eggs,192.82,124.00,Scrambled Egg,424.00,200.00,1.000
dish_1559062005,turkey bacon,113.91,30.00,Turkey Bacon,160.00,42.00,1.000
dish_1559062051,sweet potato,56.24,74.00,Roasted Potato,112.00,75.00,1.000
dish_1559062082,watermelon | eggs | turkey bacon | sweet potato,387.87,311.00,"Potato, Scrambled Egg, Watermelon and 1 more items",686.00,467.00,1.000
dish_1559149615,bacon,124.43,23.00,Bacon,227.00,42.00,1.000
dish_1559149650,carrot,26.24,64.00,Cooked Carrots,69.00,128.00,1.000
dish_1559149688,eggs,281.45,181.00,Scrambled Egg,424.00,200.00,1.000
dish_1559149719,bacon | carrot | eggs,432.12,268.00,"Bacon, Scrambled Egg, Cooked Carrots",732.00,365.00,1.000
dish_1559157454,arugula,34.56,28.00,"Blueberries, Mixed Salad Greens",39.00,128.80,0.000
dish_1559157777,spinach (raw),2.53,11.00,Spinach,7.00,30.00,1.000
dish_1559157919,spinach (raw) | arugula,37.09,39.00,"Spinach, Walnuts, Arugula Lettuce and 1 more items",65.00,65.00,0.667
dish_1559158263,arugula,40.74,33.00,"Blueberries, Arugula Lettuce",30.00,63.80,1.000
dish_1559158354,broccoli,21.00,60.00,Broccoli,31.00,91.00,1.000
dish_1559158425,spinach (raw),2.99,13.00,Spinach,7.00,30.00,1.000
dish_1559172356,brown rice | salmon,313.10,176.00,Error: FatSecret API error: No food item detected,,,
dish_1559232986,bacon,189.35,35.00,Bacon,243.00,45.00,1.000
dish_1559233055,garden salad,25.19,39.00,"Spinach, Carrots, Cherry Tomatoes",15.00,60.00,0.000
dish_1559233102,scrambled eggs,183.52,124.00,Scrambled Egg,475.00,224.00,1.000
dish_1559233144,garden salad | scrambled eggs | bacon,398.06,198.00,"Carrots, Spinach, Bacon and 1 more items",726.00,327.00,0.400
dish_1559233445,pineapple,24.50,49.00,Pineapple,79.00,165.00,1.000
dish_1559233570,,16.83,51.00,Strawberries,20.00,64.00,
dish_1559233627,bacon,64.92,12.00,Bacon,162.00,30.00,1.000
dish_1559233715,sweet potato,83.60,110.00,Roasted Potato,232.00,156.00,1.000
dish_1559233756,bacon | sweet potato | pineapple,189.85,222.00,"Roasted Potato, Strawberries, Pineapple and 1 more items",284.00,295.00,1.000
dish_1559235639,,33.99,103.00,Strawberries,31.00,98.00,
dish_1559235690,eggs,172.60,111.00,Scrambled Egg,481.00,227.00,1.000
dish_1559235771,cream cheese | bagels,145.80,54.00,"Cream Cheese, Bagel",362.00,130.00,1.000
dish_1559235815,cream cheese | bagels | eggs,352.40,268.00,"Scrambled Egg, Strawberries, Cream Cheese and 1 more items",840.00,414.00,1.000
dish_1559238435,pears,115.54,202.00,Pears,103.00,178.00,1.000
dish_1559238481,,59.69,127.00,Oranges,62.00,131.00,
dish_1559238566,,62.13,109.00,"Strawberries, Blueberries",32.00,92.50,
dish_1559238608,pears,237.36,438.00,"Tangerine, Strawberries, Blueberries and 1 more items",189.00,387.50,0.500
dish_1559238993,,61.56,108.00,"Strawberries, Blueberries",27.00,81.00,
dish_1559239151,spinach (raw),9.20,40.00,"Spinach, Carrots",20.00,62.50,0.500
dish_1559239256,,60.16,128.00,Tangerines (Mandarin Oranges),47.00,88.00,0.000
dish_1559239369,spinach (raw),130.92,276.00,"Carrots, Cherry Tomatoes, Tangerines (Mandarin Oranges) and 3 more items",102.00,264.80,0.250
dish_1559239753,carrot,26.55,54.00,Glazed Carrots,175.00,140.00,1.000
dish_1559239912,,60.16,128.00,Oranges,62.00,131.00,
dish_1559239985,pears,116.12,203.00,Pears,103.00,178.00,1.000
dish_1559240089,carrot | pears,202.82,385.00,"Oranges, Baby Carrots, Pears",186.00,369.00,1.000
dish_1559240256,broccoli,18.90,54.00,Broccoli,31.00,91.00,1.000
dish_1559240382,carrot,20.65,42.00,Cooked Carrots,46.00,85.00,1.000
dish_1559240441,,19.47,59.00,Strawberries,19.00,60.00,
dish_1559240510,cauliflower | carrot | broccoli,73.52,213.00,"Carrots, Strawberries, Broccoli and 1 more items",109.00,339.00,1.000
dish_1559240875,pears,116.12,203.00,Organic Tomato Meatball Soup,38.00,66.00,0.000
dish_1559240908,,60.16,128.00,Oranges,62.00,131.00,
dish_1559240987,carrot,25.07,51.00,Cooked Carrots,69.00,128.00,1.000
dish_1559241099,carrot | pears,201.35,382.00,"Dried Carrot Chips, Mangos, Tangerines (Mandarin Oranges)",284.00,325.00,0.250
dish_1559242066,carrot,26.05,53.00,Cooked Carrots,69.00,128.00,1.000
dish_1559242155,pears,116.12,203.00,Pears,103.00,178.00,1.000
dish_1559242221,almonds,659.03,114.00,Almonds,809.00,140.00,1.000
dish_1559242568,pears,116.12,203.00,Guava,68.00,100.00,0.000
dish_1559243139,carrot,26.05,53.00,Cooked Carrots,69.00,128.00,1.000
dish_1559243704,pears,116.12,203.00,Guava,136.00,200.00,0.000
dish_1559243887,almonds,289.05,50.00,Almonds,202.00,35.00,1.000
dish_1559243974,almonds | pears,431.22,306.00,"Apples, Almonds, Baby Carrots",287.00,295.00,0.250
dish_1559244305,chickpeas,113.07,64.00,"Onions, Tomatoes, Cooked Dry Chickpeas (Fat Not Added in Cooking)",172.00,167.50,0.333
dish_1559244417,arugula,72.83,59.00,"Raw Whole Pine Nuts, Arugula Lettuce",41.00,44.60,0.500
dish_1559244546,brown rice | chicken,469.94,281.00,"White Rice, Chicken, Tomatoes and 1 more items",624.00,415.00,0.500
dish_1559244598,cookies,250.92,51.00,"White Rice, Beef Meatballs",125.00,63.00,0.000
dish_1559244649,chicken | chickpeas | cookies,906.76,455.00,"Chicken, Beef Meatballs, White Rice and 2 more items",727.00,395.00,0.333
dish_1559245589,carrot,25.56,52.00,Cooked Carrots,69.00,128.00,1.000
dish_1559245654,pears,115.54,202.00,"Plum, Carrots",34.00,76.00,0.000
dish_1559245697,pears | garden salad | carrot,163.72,289.00,"Pears, Spinach, Carrots",162.00,336.00,0.500
dish_1559245801,,60.99,107.00,"Blueberries, Strawberries",32.00,92.40,
dish_1559245848,,59.69,127.00,Tangerines (Mandarin Oranges),47.00,88.00,0.000
dish_1559245920,cauliflower,14.25,57.00,"Carrots, Cauliflower",27.00,105.00,0.500
dish_1559245979,pears,116.12,203.00,Pears,103.00,178.00,1.000
dish_1559246053,cauliflower | pears,251.05,494.00,"Tangerine, Strawberries, Pears and 3 more items",221.00,501.00,0.500
dish_1559319826,,45.03,79.00,"Blackberries, Raspberries, Strawberries",32.00,93.00,
dish_1559319860,bacon,70.33,13.00,Bacon,81.00,15.00,1.000
dish_1559319902,pineapple,8.50,17.00,Pineapple,77.00,160.00,1.000
dish_1559319971,sweet potato,72.96,96.00,Roasted Potato,232.00,156.00,1.000
dish_1559320019,sweet potato | bacon,196.82,205.00,"Raspberries, Strawberries, Bacon and 3 more items",386.00,288.00,0.667
dish_1559332418,salmon | brown rice,482.11,271.00,"Spinach, White Rice, Salmon",515.00,390.00,0.667
dish_1559332487,zucchini | chayote squash,19.11,98.00,"Yellow Summer Squash, Zucchini",19.00,120.00,1.000
dish_1559332795,cucumbers | lime | lettuce | cherry tomatoes | onions,39.37,39.00,"Walnuts, Spinach, Dried Cranberries and 1 more items",133.00,88.00,0.000
dish_1559332822,salmon | brown rice,540.59,408.00,"Salmon, White Rice, Feta Cheese and 2 more items",724.00,603.00,0.400
dish_1559578551,bacon,124.43,23.00,Bacon,81.00,15.00,1.000
dish_1559578579,bacon,142.58,78.00,"Bacon, Strawberries",189.00,114.00,1.000
dish_1559578599,bacon | sweet potato,229.98,193.00,"Strawberries, Roasted Potato, Bacon",485.00,278.00,1.000
dish_1559581236,eggs,296.93,212.00,"Scrambled Egg, Cucumber, Spinach and 1 more items",455.00,352.50,0.250
dish_1559581333,bacon | eggs,415.95,234.00,"Bacon, Scrambled Egg, Spinach and 2 more items",682.00,315.00,0.400
dish_1559581356,bacon | eggs,436.95,294.00,"Scrambled Egg, Spinach, Carrots and 3 more items",741.00,412.00,0.333
dish_1559581378,eggs | sausage | bacon,705.73,372.00,"Spinach, Broccoli, Bacon and 4 more items",1050.00,533.00,0.429
dish_1559585533,broccoli,12.95,37.00,Broccoli,29.00,85.00,1.000
dish_1559589873,mushroom,11.88,54.00,Cooked Mushrooms,41.00,85.00,1.000
dish_1559589902,mushroom,16.37,76.00,"Asparagus, Mushrooms",22.00,105.00,1.000
dish_1559589942,pizza,290.35,179.00,"Mushrooms, Asparagus, Tomatoes and 1 more items",718.00,385.00,0.333
dish_1559590005,pizza,360.83,241.00,"Tomatoes, Spinach, Cheese Pizza and 1 more items",569.00,275.00,0.250
dish_1559590031,pizza,402.75,269.00,"Spinach, Red Onions, Kale and 5 more items",1089.00,493.50,0.143
dish_1559590130,chicken,194.41,152.00,"Asparagus, Chicken, Bread Stuffing",410.00,273.40,0.500
dish_1559590157,chicken | caesar salad,230.49,234.00,"Salad Dressing, Croutons, Parmesan Cheese (Shredded) and 3 more items",569.00,358.40,0.200
dish_1559590202,caesar salad | chicken,316.73,311.00,"Croutons, Romaine Lettuce, Grilled Chicken and 2 more items",595.00,443.20,0.250
dish_1559593646,kale,55.39,37.00,"Red Bell Pepper, Walnuts, Kale",99.00,129.60,0.333
dish_1559593722,kale | arugula,140.56,106.00,"Arugula Lettuce, Bell Peppers, Kale and 1 more items",139.00,156.50,0.500
dish_1559593746,kale | squash | arugula,156.96,186.00,"Kale, Yellow Summer Squash, Mixed Salad Greens",64.00,215.00,0.667
dish_1559593794,quinoa | chicken thighs,450.56,380.00,"Chicken, Mixed Salad Greens, Kale and 1 more items",333.00,365.40,0.250
dish_1559667948,cream cheese | bagels,153.90,57.00,"Bagel, Cream Cheese",376.00,125.00,1.000
dish_1559667973,bagels | cream cheese | scrambled eggs,334.46,179.00,"Red Hot Sauce, Scrambled Egg, Cream Cheese and 1 more items",676.00,297.00,0.750
dish_1559667994,scrambled eggs | hash browns | bagels | cream cheese,445.30,213.00,"Scrambled Egg, Bagel, Hashed Brown Potatoes and 2 more items",778.00,327.00,0.500
dish_1559668016,scrambled eggs | hash browns | bagels | cream cheese | honeydew melons,469.06,279.00,"Bagel, Hashed Brown Potatoes, Cantaloupe Melons and 3 more items",720.00,425.00,0.571
dish_1559668238,hash browns,290.14,89.00,Hashed Brown Potatoes,239.00,114.00,0.000
dish_1559668272,scrambled eggs | hash browns,512.14,239.00,"Scrambled Egg, Hashed Brown Potatoes",739.00,350.00,0.333
dish_1559668314,scrambled eggs | garden salad | hash browns,551.55,300.00,"Mixed Salad Greens, Hashed Brown Potatoes, Scrambled Egg",609.00,366.00,0.250
dish_1559674074,pizza,140.98,53.00,"Pepperoni, Cheese Pizza",401.00,135.00,0.500
dish_1559674689,honeydew melons,63.72,177.00,Honeydew Melons,97.00,270.00,1.000
dish_1559674781,grapes | honeydew melons,81.66,203.00,"Honeydew Melons, Grapes (Red or Green, European Type Varieties Such As Thompson Seedless)",116.00,253.00,1.000
dish_1559674866,honeydew melons | grapes | caesar salad,125.66,303.00,"Honeydew Melons, Romaine Lettuce, Croutons and 2 more items",349.00,355.00,0.400
dish_1559675101,brussels sprouts,13.33,31.00,Brussels Sprouts,37.00,85.00,1.000
dish_1559675146,brussels sprouts | carrot,19.07,45.00,"Brussels Sprouts, Carrots",64.00,150.00,1.000
dish_1559675178,carrot | cherry tomatoes | brussels sprouts,28.97,100.00,"Carrots, Cherry Tomatoes, Brussels Sprouts",64.00,182.00,1.000
dish_1559675234,carrot | bell peppers | cherry tomatoes | brussels sprouts,36.97,120.00,"Green Bell Pepper, Brussels Sprouts, Grape Tomatoes and 1 more items",75.00,224.50,1.000
dish_1559675268,cherry tomatoes | carrot | bell peppers | brussels sprouts | cucumbers,39.37,144.00,"Cucumber, Brussels Sprouts, Cherry Tomatoes and 2 more items",85.00,310.00,1.000
dish_1559678083,cucumbers | carrot | garlic | cherry tomatoes,75.81,66.00,Mixed Salad Greens,14.00,85.00,0.000
dish_1559678104,broccoli,99.96,135.00,"Broccoli, Mixed Salad Greens",29.00,130.00,1.000
dish_1559678127,eggplant | broccoli,108.64,170.00,"Eggplant, Mixed Salad Greens, Carrots and 1 more items",65.00,243.00,0.667
dish_1559678146,beef | broccoli,348.58,284.00,"Mixed Salad Greens, Eggplant, Beef and 2 more items",347.00,310.00,0.500
dish_1559678330,spinach (raw),169.69,150.00,"Sun Dried Tomatoes, Spinach",129.00,65.00,0.500
dish_1559678367,broccoli | spinach (raw),192.44,215.00,"Spinach, Broccoli, Red Bell Pepper",48.00,158.50,0.667
dish_1559678405,beef,552.35,386.00,"Spinach, Steak, Broccoli",251.00,206.00,0.000
dish_1559678457,beef,624.24,465.00,"Steak, Broccoli, Lentils and 1 more items",607.00,335.00,0.000
dish_1559678629,ketchup | fish,89.38,80.00,"Fish, Lettuce",100.00,148.40,0.333
dish_1559678651,ketchup | fish | caesar salad,107.86,122.00,"Croutons, Caesar Salad Dressing, Chicken Breast and 1 more items",522.00,253.40,0.167
dish_1559700851,spinach (raw),61.09,54.00,"Carrots, Arugula Lettuce",18.00,60.00,0.000
dish_1559751458,yam,152.64,123.00,Roasted Potato (Fat Added in Cooking),298.00,200.00,0.000
dish_1559751552,yam,227.31,254.00,"Blackberries, Sweet Potato, Raspberries and 1 more items",210.00,305.00,0.000
dish_1559751710,,37.62,66.00,"Raspberries, Blackberries",78.00,161.00,
dish_1559751744,eggs,227.33,188.00,"Raspberries, Scrambled Egg, Blackberries",277.00,171.00,1.000
dish_1559751775,eggs | yam,309.24,254.00,"Raspberries, Scrambled Egg, Blackberries and 1 more items",544.00,372.00,0.333
dish_1559751801,yam | eggs | chicken apple sausage,451.64,343.00,"Sweet Potato, Scrambled Egg, Fresh Pork Sausage and 2 more items",1392.00,647.20,0.500
dish_1559838214,bacon,43.28,8.00,Bacon,54.00,10.00,1.000
dish_1559838279,bacon,103.70,114.00,"Raspberries, Blackberries, Strawberries and 1 more items",86.00,126.00,1.000
dish_1559838402,sweet potato | yam,222.76,233.00,"Raspberries, Apples, Bacon and 3 more items",214.00,217.00,0.250
dish_1559841023,chicken apple sausage,73.60,46.00,Beef Meatballs,170.00,84.00,0.000
dish_1559841061,chicken apple sausage,96.39,99.00,"Pork Sausage (Cooked), Blackberries",316.00,156.00,1.000
dish_1559841091,chicken apple sausage | sweet potato | yam,163.42,166.00,"Blackberries, Roasted Potato, Pork Sausage (Cooked)",651.00,297.00,0.667
dish_1559841127,scrambled eggs | yam | chicken apple sausage | sweet potato,339.54,285.00,"Blackberries, Roasted Potato, Scrambled Egg and 1 more items",759.00,403.70,0.750
dish_1559841163,scrambled eggs | yam | sweet potato | chicken apple sausage,357.04,335.00,"Blackberries, Scrambled Egg, Broccoli and 2 more items",852.00,513.00,0.600
dish_1559841571,cereal,18.80,5.00,Chocolate Flavored Rings Cereal (Presweetened),208.00,50.00,1.000
dish_1559841781,grapes,45.02,43.00,"Cereal, Grapes",90.00,65.00,0.500
dish_1559841808,grapes | mandarin oranges,73.11,96.00,"Cereal, Tangerine, Grapes",313.00,220.00,0.250
dish_1559841870,pears,114.97,201.00,Pears,103.00,178.00,1.000
dish_1559841891,grapes | pears,163.96,272.00,"Pears, Grapes",155.00,253.00,1.000
dish_1559841908,grapes | broccoli | pears,175.16,304.00,"Pears, Broccoli, Grapes",197.00,361.00,1.000
dish_1559841950,broccoli,11.20,32.00,Broccoli,29.00,85.00,1.000
dish_1559841979,broccoli | mandarin oranges,39.29,85.00,"Broccoli, Tangerines (Mandarin Oranges)",78.00,179.00,1.000
dish_1559842047,broccoli | pears | mandarin oranges,153.69,285.00,"Pears, Tangerines (Mandarin Oranges), Broccoli",181.00,357.00,1.000
dish_1559842274,almonds,306.39,53.00,Almonds,162.00,28.00,1.000
dish_1559842326,almonds | mandarin oranges,334.48,106.00,"Almonds, Tangerines (Mandarin Oranges)",209.00,116.00,1.000
dish_1559842374,almonds | mandarin oranges,345.33,137.00,"Broccoli, Almonds, Tangerines (Mandarin Oranges)",224.00,161.00,0.667
dish_1559842409,mandarin oranges | almonds,359.19,179.00,"Tangerines (Mandarin Oranges), Almonds, Strawberries and 1 more items",234.00,191.00,0.667
dish_1559843030,,25.41,77.00,Strawberries,32.00,100.00,
dish_1559843052,mandarin oranges,53.50,130.00,"Strawberries, Tangerine",78.00,184.00,0.000
dish_1559843185,mandarin oranges | broccoli,64.35,161.00,"Strawberries, Broccoli, Tangerines (Mandarin Oranges)",86.00,208.00,1.000
dish_1559843222,grapes | broccoli | mandarin oranges,111.27,229.00,"Broccoli, Strawberries, Grapes and 1 more items",138.00,284.00,1.000
dish_1559843335,,25.41,77.00,Strawberries,23.00,72.00,
dish_1559843492,broccoli,31.71,95.00,"Broccoli, Strawberries",39.00,120.00,1.000
dish_1559843690,potatoes | broccoli,61.74,134.00,"Strawberries, Broccoli, Roasted Potato",99.00,160.00,1.000
dish_1559843715,potatoes | pears,176.14,334.00,"Broccoli, Strawberries, Pears and 1 more items",270.00,407.00,0.667
dish_1559844030,,25.41,77.00,Strawberries,32.00,100.00,
dish_1559844063,pears,139.81,277.00,"Pears, Strawberries",134.00,274.00,1.000
dish_1559844090,pears | mandarin oranges,168.43,331.00,"Strawberries, Pears, Tangerines (Mandarin Oranges)",174.00,341.00,1.000
dish_1559844113,pears | mandarin oranges | almonds,312.96,356.00,"Tangerines (Mandarin Oranges), Pears, Strawberries and 1 more items",310.00,373.00,1.000
dish_1559844272,almonds,462.48,80.00,Almonds,202.00,35.00,1.000
dish_1559844323,grapes | almonds,518.37,161.00,"Almonds, Grapes",216.00,103.30,1.000
dish_1559844366,almonds | grapes,529.22,192.00,"Broccoli, Almonds, Grapes",247.00,195.30,0.667
dish_1559844458,grapes,55.89,81.00,Grapes,52.00,75.00,1.000
dish_1559844479,mandarin oranges | grapes,83.45,133.00,"Grapes, Tangerines (Mandarin Oranges)",99.00,163.00,1.000
dish_1559844490,grapes | mandarin oranges,108.36,180.00,"Tangerines (Mandarin Oranges), Strawberries, Grapes",119.00,225.00,1.000
dish_1559844506,mandarin oranges | grapes,98.96,180.00,"Strawberries, Grapes, Tangerine",135.00,248.00,0.333
dish_1559844611,grapes,55.89,81.00,Grapes,52.00,75.00,1.000
dish_1559844657,potatoes | grapes,122.11,167.00,"Roasted Potato, Grapes",164.00,150.00,1.000
dish_1559844683,broccoli | potatoes | grapes,132.96,198.00,"Broccoli, Roasted Potato, Grapes",318.00,333.00,1.000
dish_1559844928,potatoes,66.22,86.00,Roasted Potato,232.00,156.00,1.000
dish_1559844951,almonds | potatoes,274.34,122.00,"Almonds, Roasted Potato",386.00,178.00,1.000
dish_1559845018,almonds | mandarin oranges | potatoes,302.43,175.00,"Almonds, Roasted Potato, Tangerines (Mandarin Oranges)",441.00,272.00,1.000
dish_1559845046,potatoes | mandarin oranges | almonds,313.63,207.00,"Broccoli, Tangerines (Mandarin Oranges), Almonds and 1 more items",458.00,317.30,0.750
dish_1559845290,potatoes,66.22,86.00,Roasted Potato,232.00,156.00,1.000
dish_1559845370,potatoes | mandarin oranges,94.31,139.00,"Roasted Potato, Tangerines (Mandarin Oranges)",279.00,244.00,1.000
dish_1559845399,potatoes | mandarin oranges,107.18,178.00,"Tangerine, Strawberries, Roasted Potato",292.00,286.00,0.333
dish_1559845513,potatoes | pears | mandarin oranges,222.15,379.00,"Strawberries, Apples, Roasted Potato and 1 more items",388.00,471.00,0.500
dish_1559845745,pears | potatoes,208.14,322.00,"Pears, Roasted Potato",335.00,334.00,1.000
dish_1559845767,pears | mandarin oranges | potatoes,236.23,375.00,"Tangerine, Pears, Roasted Potato",382.00,422.00,0.500
dish_1559846034,broccoli,11.20,32.00,Broccoli,15.00,45.00,1.000
dish_1559846073,mandarin oranges | broccoli,39.29,85.00,"Broccoli, Tangerines (Mandarin Oranges)",78.00,179.00,1.000
dish_1559846099,mandarin oranges | almonds | broccoli,206.94,114.00,"Broccoli, Almonds, Tangerine",240.00,207.00,0.500
dish_1559846311,pears,114.97,201.00,Pears,103.00,178.00,1.000
dish_1559846334,pears | broccoli,126.17,233.00,"Pears, Broccoli",134.00,269.00,1.000
dish_1559846363,broccoli | pears | mandarin oranges,154.26,286.00,"Broccoli, Pears, Tangerine",181.00,357.00,0.500
dish_1559846450,pears,114.97,201.00,Pears,103.00,178.00,1.000
dish_1559846504,broccoli | pears,126.17,233.00,"Broccoli, Mango",166.00,298.00,0.333
dish_1559846528,pears | almonds,322.73,267.00,"Pears, Broccoli, Almonds",280.00,251.00,0.667
dish_1559846585,pears,114.97,201.00,Pears,103.00,178.00,1.000
dish_1559846688,arugula,82.83,73.00,"Sour Cream, Cooked Dry Chickpeas (Fat Not Added in Cooking), Beets and 1 more items",155.00,224.50,0.000
dish_1559846825,pizza,252.70,95.00,"Red Onions, Jalapeno Peppers, Cheese Pizza",560.00,225.00,0.333
dish_1559848857,mandarin oranges,28.09,53.00,Tangerines (Mandarin Oranges),47.00,88.00,1.000
dish_1559848882,mandarin oranges | pears,143.06,254.00,"Pears, Tangerine",150.00,266.00,0.333
dish_1559848929,pears | grapes | mandarin oranges,189.29,321.00,"Tangerine, Grapes, Guava",306.00,467.00,0.200
dish_1559849020,grapes,46.23,67.00,Grapes,104.00,151.00,1.000
dish_1559849053,grapes | almonds,381.53,125.00,"Almonds, Red Seedless Grapes",218.00,103.00,1.000
dish_1559849097,almonds | pears | grapes,495.93,325.00,"Grapes, Almonds, Pears",317.00,281.00,1.000
dish_1559849412,almonds,352.64,61.00,Almonds,164.00,28.30,1.000
dish_1559849466,pears | almonds,467.61,262.00,"Pears, Almonds",265.00,206.00,1.000
dish_1559849497,almonds | pears | grapes,521.43,340.00,"Almonds, Red Seedless Grapes, Pears",324.00,282.30,1.000
dish_1559849537,grapes | pears | mandarin oranges | almonds,549.52,393.00,"Almonds, Grapes, Tangerines (Mandarin Oranges) and 1 more items",298.00,247.00,0.600
dish_1559850283,almonds,271.71,47.00,Almonds,173.00,30.00,1.000
dish_1559850314,almonds,296.62,100.00,"Tangerines (Mandarin Oranges), Almonds",209.00,116.00,0.500
dish_1559850338,almonds,307.12,130.00,"Tangerines (Mandarin Oranges), Broccoli, Almonds",224.00,161.00,0.333
dish_1559925037,bacon,54.10,10.00,Bacon,81.00,15.00,1.000
dish_1559925083,yam | sweet potato | bacon,125.14,81.00,"Roasted Potato (Fat Added in Cooking), Bacon",386.00,180.00,0.667
dish_1559925174,,88.35,155.00,"Blueberries, Blackberries, Raspberries and 1 more items",44.00,128.00,
dish_1559932674,,58.28,124.00,Oranges,62.00,131.00,
dish_1559933793,brussels sprouts,56.68,111.00,Brussels Sprouts,38.00,88.00,1.000
dish_1559933818,brussels sprouts,115.07,154.00,"Mixed Salad Greens, Carrots, Brussels Sprouts",136.00,335.00,0.500
dish_1559933834,salmon | lentils | brussels sprouts | mayonnaise,775.03,458.00,"Salmon, Mixed Salad Greens, Brussels Sprouts",199.00,242.40,0.500
dish_1559934477,caesar salad,25.08,57.00,"Croutons, Salad Dressing, Chicken and 1 more items",240.00,153.00,0.000
dish_1559934645,caesar salad,24.64,56.00,"Croutons, Romaine Lettuce, Salad Dressing",189.00,125.00,0.000
dish_1559934679,chicken thighs | caesar salad,160.85,146.00,"Mixed Salad Greens, Cooked Rice, Spinach and 1 more items",350.00,283.00,0.250
dish_1559934708,chicken thighs | white rice | caesar salad,202.45,178.00,"Mixed Salad Greens, White Rice, Meat Loaf",426.00,355.00,0.250
dish_1560203400,pepperoni pizza,293.28,104.00,"Pepperoni, Cheese Pizza, Cheese",522.00,168.00,0.333
dish_1560203424,pepperoni pizza | brownies,451.75,138.00,"Brownie, 14"" Pepperoni Pizza",596.00,190.00,0.333
dish_1560270537,pineapple,24.00,48.00,Pineapple,40.00,82.50,1.000
dish_1560270585,pineapple | watermelon,43.80,114.00,"Watermelon, Pineapple",112.00,300.00,1.000
dish_1560270630,pineapple | watermelon | sweet potato,120.56,215.00,"Watermelon, Roasted Potato, Pineapple",419.00,650.00,1.000
dish_1560356314,spinach (raw),30.54,27.00,"Carrots, Spinach",25.00,88.00,0.500
dish_1560356337,yam,144.72,119.00,"Carrots, Spinach, Sweet Potato",189.00,255.00,0.000
dish_1560356355,bacon | yam,301.61,148.00,"Bacon, Spinach, Sweet Potato and 1 more items",414.00,278.00,0.200
dish_1560356523,bacon,497.72,92.00,Bacon,276.00,51.00,1.000
dish_1560356566,scrambled eggs | bacon,676.80,213.00,"Scrambled Egg, Bacon",473.00,156.00,1.000
dish_1560356627,scrambled eggs | bacon | sausage,980.05,301.00,"Scrambled Egg, Fresh Pork Sausage, Bacon",880.00,323.50,1.000
dish_1560357267,scrambled eggs,566.84,383.00,"Salsa Verde, Scrambled Egg",492.00,261.00,0.500
dish_1560357297,sausage | scrambled eggs,942.45,492.00,"Fresh Pork Sausage, Green Tomato Chile Sauce (Salsa Verde), Scrambled Egg",912.00,379.00,0.667
dish_1560357427,grapefruit juice,93.75,241.00,Orange Juice,112.00,248.40,1.000
dish_1560357792,waffles,145.15,50.00,Plain Waffle,434.00,140.00,1.000
dish_1560357832,waffles,181.35,82.00,"Mixed Salad Greens, Plain Waffle",223.00,104.00,1.000
dish_1560360030,scrambled eggs,193.88,131.00,Scrambled Egg,240.00,113.00,1.000
dish_1560360055,sausage | scrambled eggs,362.73,180.00,"Fresh Pork Sausage, Scrambled Egg",846.00,347.00,1.000
dish_1560360102,scrambled eggs | sausage,401.49,248.00,"Fresh Pork Sausage, Raspberries, Scrambled Egg and 1 more items",813.00,396.00,1.000
dish_1560360112,scrambled eggs | sausage,401.49,248.00,"Fresh Pork Sausage, Raspberries, Scrambled Egg and 1 more items",739.00,325.00,1.000
dish_1560360148,scrambled eggs | sausage | cream cheese | bagels,587.79,317.00,"Cream Cheese, Raspberries, Scrambled Egg and 3 more items",1067.00,431.00,1.000
dish_1560366389,arugula,46.91,38.00,"Cherry Tomatoes, Arugula Lettuce",7.00,30.00,0.500
dish_1560366410,arugula,58.74,96.00,"Asparagus, Tomatoes, Arugula Lettuce",45.00,233.00,0.500
dish_1560366438,eggplant | arugula,71.93,136.00,"Tomatoes, Arugula Lettuce, Asparagus and 1 more items",57.00,283.00,0.667
dish_1560366460,pork,330.74,255.00,"Cherry Tomatoes, Eggplant, Asparagus and 2 more items",198.00,324.40,0.250
dish_1560366963,cherry tomatoes,7.56,42.00,Grape Tomatoes,9.00,51.00,1.000
dish_1560366998,honeydew melons | cherry tomatoes,39.60,131.00,"Cantaloupe Melons, Honeydew Melons, Tomatoes",76.00,245.00,0.667
dish_1560367085,honeydew melons | tofu | cherry tomatoes,77.56,183.00,"Sweet Potato, Broccoli, Cucumber and 4 more items",250.00,274.00,0.286
dish_1560367116,tofu | honeydew melons | fish | cherry tomatoes,108.41,211.00,"Carrots, Broccoli, Cucumber and 4 more items",391.00,394.90,0.100
dish_1560367153,honeydew melons | tofu | fish | cherry tomatoes,117.18,254.00,"Asparagus, Broccoli, Sweet Potato and 4 more items",374.00,409.00,0.250
dish_1560367193,honeydew melons | cherry tomatoes | fish | mushroom | tofu,131.04,317.00,"Cucumber, Mushrooms, Fried Tofu and 4 more items",311.00,460.50,0.375
dish_1560367258,tofu | fish | mushroom | cherry tomatoes | honeydew melons,157.99,341.00,"Mushrooms, Fried Tofu, Arugula Lettuce and 5 more items",622.00,617.00,0.333
dish_1560367296,tofu | fish | mushroom | honeydew melons,184.38,362.00,"Sweet Potato, Mushrooms, Asparagus and 2 more items",177.00,303.00,0.143
dish_1560367333,fish | chicken | tofu | honeydew melons,291.63,427.00,"Asparagus, Mushrooms, Lettuce and 2 more items",504.00,429.00,0.143
dish_1560367676,pork | brown rice,430.62,198.00,"Broccoli, White Rice, Chicken",429.00,304.40,0.250
dish_1560367698,white rice | pork,556.72,295.00,"White Rice, Broccoli, Chicken",496.00,381.00,0.250
dish_1560367715,pork | croutons | white rice,597.53,305.00,"White Rice, Chicken, Fried Tofu and 1 more items",873.00,522.00,0.167
dish_1560367733,white rice | croutons | pork | potatoes,661.44,388.00,"Chicken, Roasted Potato, White Rice and 2 more items",804.00,521.00,0.286
dish_1560367904,fish | country rice,76.02,69.00,"Green Peas, Chicken Thigh",295.00,121.00,0.000
dish_1560367926,fish | pizza,408.52,194.00,"Chicken Meat (Roasting, Roasted, Cooked), Mozzarella Cheese, Pepperoni and 4 more items",686.00,320.40,0.143
dish_1560367952,fish | pizza,414.73,221.00,"Cheese Pizza, Spinach",345.00,180.00,0.333
dish_1560367980,pizza | fish,421.47,254.00,"Asparagus, Spinach, Cheese Pizza",363.00,270.00,0.333
dish_1560368019,pizza | fish,436.97,301.00,"Red Bell Pepper, Spinach, Jalapeno Peppers and 5 more items",570.00,379.00,0.125
dish_1560368110,cherry tomatoes,16.02,89.00,Grape Tomatoes,15.00,84.00,1.000
dish_1560368138,cherry tomatoes | mushroom,23.50,123.00,"Cooked Mushrooms, Grape Tomatoes",29.00,112.40,1.000
dish_1560368162,cherry tomatoes | mushroom | eggplant,41.64,178.00,"Cooked Eggplant, Cherry Tomatoes",71.00,184.00,0.667
dish_1560368395,honeydew melons,49.32,137.00,Honeydew Melons,64.00,177.00,1.000
dish_1560368464,honeydew melons | pork,349.45,275.00,"Chicken Breast, Honeydew Melons",249.00,197.00,0.333
dish_1560368506,fish | honeydew melons | pork | country rice,462.93,378.00,"Honeydew Melons, Chicken, Chicken",598.00,402.00,0.200
dish_1560368570,honeydew melons | pork | fish,555.93,452.00,"Cantaloupe Melons, Arugula Lettuce, Turkey and 1 more items",585.00,340.00,0.167
dish_1560368691,arugula,140.76,112.00,Arugula Lettuce,8.00,30.00,1.000
dish_1560368712,arugula,146.88,142.00,"Arugula Lettuce, Asparagus",24.00,108.00,1.000
dish_1560368738,eggplant | arugula,174.25,225.00,"Arugula Lettuce, Eggplant, Asparagus",36.00,165.00,1.000
dish_1560368764,tofu | eggplant,207.10,270.00,"Fried Tofu, Asparagus, Eggplant and 1 more items",320.00,315.00,0.667
dish_1560368815,eggplant | tofu | spinach (raw),400.34,442.00,"Eggplant, Green String Beans, Mixed Salad Greens and 1 more items",271.00,270.00,0.500
dish_1560368944,pork,143.54,66.00,"Green String Beans, Pork, White Rice",357.00,202.50,0.333
dish_1560368972,pork | white rice,196.84,107.00,"White Rice, Pork",350.00,178.00,1.000
dish_1560368990,white rice | pork,211.92,119.00,"White Rice, Arugula Lettuce, Pork",550.00,318.00,0.667
dish_1560369008,pork | white rice | caesar salad,223.80,146.00,"Arugula Lettuce, Mixed Salad Greens, Pork and 2 more items",464.00,390.00,0.400
dish_1560369080,spinach (raw),55.05,49.00,Mixed Salad Greens,5.00,30.00,0.000
dish_1560369102,spinach (raw),69.74,121.00,"Asparagus, Mixed Salad Greens",23.00,120.00,0.000
dish_1560369122,spinach (raw) | honeydew melons,92.06,183.00,"Asparagus, Cucumber, Lettuce",36.00,225.00,0.000
dish_1560369146,pork,474.83,359.00,"Chicken, Broccoli, Asparagus and 3 more items",430.00,468.40,0.000
dish_1560369255,pork,132.67,61.00,"Spinach, White Rice, Chicken",250.00,132.50,0.000
dish_1560369273,fish | pork | country rice,308.95,221.00,"Chicken, Turkey, White Rice",691.00,330.00,0.200
dish_1560369294,country rice | fish | pork,333.64,342.00,"Asparagus, Pork, White Rice",386.00,321.00,0.667
dish_1560369313,fish | white rice | country rice | pork,392.14,387.00,"Pork, White Rice, Asparagus",387.00,325.00,0.667
dish_1560369403,fish | white rice | pork | country rice,411.97,405.00,"Tomato Sauce, Fried Tofu, Pork and 2 more items",633.00,390.00,0.400
dish_1560369421,pork | fish | country rice | white rice,413.95,411.00,"Asparagus, Chicken, Eggplant and 2 more items",378.00,412.50,0.167
dish_1560370114,,7.96,39.00,Asparagus,18.00,90.00,
dish_1560370137,arugula,89.64,104.00,"Asparagus, Arugula Lettuce, Tomatoes",18.00,84.00,0.500
dish_1560370804,ice cream cones,25.13,6.00,Error: FatSecret API error: No food item detected,,,
dish_1560370833,frozen yogurt,177.00,99.00,Chocolate Puddings,348.00,250.00,0.000
dish_1560441247,bok choy,2.21,17.00,"Potato, Cooked Sauerkraut",42.00,99.40,0.000
dish_1560441270,bok choy | potatoes,24.54,46.00,"Cooked Green Cabbage, Roasted Potato",334.00,285.00,0.333
dish_1560441288,potatoes | bacon,165.20,72.00,"Roasted Potato, Onions, Bacon",416.00,204.00,0.667
dish_1560441311,bacon | quinoa | potatoes,190.40,93.00,"Roasted Potato, Bacon, Couscous and 1 more items",503.00,254.50,0.500
dish_1560441339,bacon | quinoa | potatoes | scrambled eggs,280.68,154.00,"Scrambled Egg, Couscous, Fried Potatoes and 1 more items",855.00,405.00,0.750
dish_1560441464,,28.50,50.00,"Blueberries, Strawberries",22.00,60.00,
dish_1560441487,cantaloupe,41.42,88.00,"Blueberries, Strawberries, Cantaloupe Melons",58.00,168.00,1.000
dish_1560441511,watermelon | cantaloupe,51.92,123.00,"Cantaloupe Melons, Strawberries, Blueberries",61.00,177.40,0.500
dish_1560441529,cantaloupe | watermelon | pineapple,66.42,152.00,"Watermelon, Pineapple, Cantaloupe Melons and 1 more items",376.00,1017.00,1.000
dish_1560442226,,83.79,147.00,"Strawberries, Blackberries, Blueberries",66.00,169.80,
dish_1560442258,bacon,289.37,185.00,"Blackberries, Strawberries, Blueberries and 1 more items",229.00,191.00,1.000
dish_1560442279,quinoa | bacon,333.77,222.00,"Blueberries, Bacon, Blackberries and 2 more items",315.00,262.00,0.500
dish_1560442303,scrambled eggs | quinoa | bacon,444.77,297.00,"Raspberries, Bacon, Scrambled Egg and 4 more items",580.00,413.60,0.500
dish_1560442374,grapefruit juice,90.64,233.00,Orange Juice,112.00,250.00,1.000
dish_1560442450,yogurt,87.76,149.00,Yogurt,243.00,245.00,1.000
dish_1560443437,,116.28,204.00,"Blueberries, Raspberries, Strawberries and 1 more items",79.00,185.00,
dish_1560443474,pineapple,172.78,317.00,"Raspberries, Blueberries, Blackberries and 2 more items",85.00,209.50,1.000
dish_1560443537,pineapple | grapes,237.64,411.00,"Raspberries, Blueberries, Pineapple and 3 more items",185.00,362.50,1.000
dish_1560443565,honeydew melons | pineapple | grapes,260.68,475.00,"Grapes, Raspberries, Strawberries and 4 more items",253.00,488.50,1.000
dish_1560443607,grapes | honeydew melons | egg whites | pineapple,380.80,706.00,"Pineapple, Grapes, Whipped Cream (Pressurized Container) and 4 more items",309.00,497.50,0.500
dish_1560444570,scrambled eggs,168.72,114.00,Scrambled Egg,424.00,200.00,1.000
dish_1560444592,scrambled eggs | yam,244.42,175.00,"Scrambled Egg, Roasted Potato (Fat Added in Cooking)",403.00,220.00,0.333
dish_1560444616,scrambled eggs | yam,265.87,240.00,"Sweet Potato, Strawberries, Scrambled Egg",585.00,399.00,0.333
dish_1560444637,bacon | yam | scrambled eggs,509.32,285.00,"Bacon, Scrambled Egg, Sweet Potato and 1 more items",772.00,405.00,0.500
dish_1560444701,watermelon,51.00,170.00,Watermelon,23.00,76.00,1.000
dish_1560444724,watermelon | honeydew melons,113.28,343.00,"Honeydew Melons, Watermelon",54.00,161.00,1.000
dish_1560444756,honeydew melons | pineapple | watermelon,150.78,418.00,"Honeydew Melons, Pineapple, Watermelon",150.00,411.50,1.000
dish_1560444785,bacon | watermelon | honeydew melons | pineapple,313.08,448.00,"Honeydew Melons, Watermelon, Bacon and 1 more items",559.00,329.50,1.000
dish_1560444815,honeydew melons | watermelon | scrambled eggs | bacon | pineapple,495.12,571.00,"Bacon, Scrambled Egg, Honeydew Melons and 2 more items",653.00,401.50,1.000
dish_1560444869,honeydew melons,14.04,39.00,Cucumber,10.00,84.00,0.000
dish_1560444892,honeydew melons | pineapple,39.54,90.00,"Honeydew Melons, Pineapple",64.00,150.00,1.000
dish_1560444914,honeydew melons | pineapple | watermelon,62.34,166.00,"Pineapple, Watermelon, Honeydew Melons",78.00,201.00,1.000
dish_1560444931,watermelon | honeydew melons | pineapple | scrambled eggs,112.66,200.00,"Pineapple, Honeydew Melons, Watermelon and 1 more items",286.00,236.00,1.000
dish_1560444948,watermelon | pineapple | scrambled eggs | honeydew melons,171.32,231.00,"Pineapple, Tomatoes, Scrambled Egg and 5 more items",583.00,599.00,0.500
dish_1560444967,honeydew melons | yam | scrambled eggs | pineapple | watermelon,197.38,252.00,"Scrambled Egg, Cooked Carrots, Cooked Spinach and 3 more items",362.00,410.00,0.571
dish_1560444985,honeydew melons | pineapple | watermelon | yam | scrambled eggs,198.94,264.00,"Watermelon, Scrambled Egg, Onions and 7 more items",415.00,529.70,0.364
dish_1560445004,watermelon | scrambled eggs | bacon | pineapple | yam,339.60,290.00,"Honeydew Melons, Scrambled Egg, Bacon and 3 more items",625.00,444.00,0.571
dish_1560445069,grapefruit juice,94.53,243.00,Orange Juice,112.00,250.00,1.000
dish_1560453132,spinach (raw),142.09,108.00,"Blueberries, Spinach, Carrots and 1 more items",140.00,143.70,0.333
dish_1560453150,spinach (raw) | green beans,152.32,141.00,"Carrots, Spinach, Blueberries and 2 more items",188.00,275.00,0.500
dish_1560453174,chicken | spinach (raw),329.72,256.00,"Carrots, Green String Beans, Chicken Drumstick and 2 more items",323.00,310.00,0.250
dish_1560453275,chicken,92.55,60.00,"Zucchini, Cooked Fish",97.00,100.00,0.000
dish_1560453294,kimchi | chicken,115.95,138.00,"Cabbage Kimchi, Tomatoes, Eggplant",16.00,70.00,0.250
dish_1560453328,kimchi | brown rice | chicken | salmon,340.11,264.00,"Zucchini, Cabbage Kimchi, Chicken and 1 more items",367.00,215.00,0.333
dish_1560453356,chicken | brown rice | salmon | kimchi | tomatoes,389.07,408.00,"Grape Tomatoes, Zucchini, Cabbage Kimchi and 1 more items",141.00,378.00,0.286
dish_1560453380,brown rice | green beans | tomatoes | chicken | kimchi | salmon,411.39,480.00,"Cabbage Kimchi, Fish, Green String Beans and 2 more items",160.00,393.00,0.375
dish_1560453412,salmon | tomatoes | chicken | wild rice,591.08,631.00,"Zucchini, Tomatoes, Cooked Rice and 3 more items",453.00,578.00,0.250
dish_1560454488,garlic | cucumbers | cherry tomatoes | carrot,48.24,42.00,"Mixed Salad Greens, Shrimp",45.00,58.00,0.000
dish_1560454513,green beans,54.44,62.00,"Tangerines (Mandarin Oranges), Mixed Salad Greens, Green String Beans",69.00,173.00,0.500
dish_1560454539,green beans | wild rice,122.27,119.00,"Tangerines (Mandarin Oranges), Brown Rice, Mixed Salad Greens and 1 more items",258.00,319.00,0.667
dish_1560454562,corn | fish | wild rice,318.82,299.00,"Tangerines (Mandarin Oranges), Green String Beans, Mixed Salad Greens and 2 more items",455.00,632.50,0.167
dish_1560454970,cherry tomatoes,9.90,55.00,Cherry Tomatoes,14.00,80.00,1.000
dish_1560455000,cherry tomatoes | cucumbers,12.80,84.00,"Grape Tomatoes, Carrots, Cucumber",26.00,169.00,0.667
dish_1560455030,cherry tomatoes | cucumbers | baby carrots,20.59,103.00,"Cucumber, Grape Tomatoes, Shredded Carrots",41.00,190.00,1.000
dish_1560455059,cherry tomatoes | baby carrots | celery | cucumbers,25.55,134.00,"Cucumber, Celery, Cherry Tomatoes and 1 more items",47.00,230.00,1.000
dish_1560455090,celery | chicken | cherry tomatoes | baby carrots,60.20,155.00,"Cucumber, Cherry Tomatoes, Celery and 2 more items",176.00,256.00,0.800
dish_1560455158,arugula,69.12,55.00,"Arugula Lettuce, Black Olives",31.00,45.00,1.000
dish_1560455179,honeydew melons,103.32,150.00,"Honeydew Melons, Black Olives, Arugula Lettuce",93.00,175.00,0.500
dish_1560455203,green beans | honeydew melons,115.10,188.00,"Arugula Lettuce, Green String Beans, Black Olives and 1 more items",100.00,255.00,0.667
dish_1560455224,honeydew melons | green beans | wild rice,181.74,244.00,"Cantaloupe Melons, Black Olives, Brown Rice and 2 more items",210.00,358.00,0.750
dish_1560455263,chicken | wild rice | honeydew melons,360.68,360.00,"Chicken, White Rice, Green String Beans and 3 more items",644.00,470.00,0.600
dish_1560455343,spinach (raw),53.94,41.00,Mixed Salad Greens,5.00,30.00,0.000
dish_1560455380,chard | spinach (raw),60.97,78.00,"Mixed Salad Greens, Carrots",16.00,65.00,0.000
dish_1560455399,fish | chard,138.50,149.00,"Mixed Salad Greens, Carrots, Salmon",261.00,237.80,0.000
dish_1560455421,corn on the cob | fish,180.94,189.00,"Corn on the Cob, Mixed Salad Greens, Fish",115.00,233.00,1.000
dish_1560455442,corn on the cob | pizza | fish,457.58,293.00,"Corn on the Cob, Mixed Salad Greens, Salmon and 1 more items",690.00,370.00,0.500
dish_1560456305,lettuce | pumpkin seeds | arugula | carrot,26.39,21.00,Arugula Lettuce,4.00,15.00,0.250
dish_1560456326,chicken,206.87,138.00,"Chicken Meat (Roasting, Roasted, Cooked), Arugula Lettuce",254.00,165.00,0.500
dish_1560456348,chicken,210.28,149.00,"Arugula Lettuce, Chicken, Green String Beans",375.00,215.00,0.333
dish_1560456370,chicken | white rice,258.38,186.00,"Chicken Meat (Roasting, Roasted, Cooked), Arugula Lettuce, White Rice and 1 more items",399.00,320.00,0.500
dish_1560456794,corn | fish,205.28,188.00,"Cooked Fish, Arugula Lettuce, Corn",131.00,131.20,0.667
dish_1560456814,fish | corn | wild rice,318.33,283.00,"Arugula Lettuce, Brown Rice, Fish and 1 more items",347.00,359.00,0.750
dish_1560456833,broccoli | fish | wild rice | corn,351.58,378.00,"Fish, Arugula Lettuce, Broccoli and 1 more items",343.00,409.00,0.600
dish_1560456853,broccoli | fish | corn | caesar salad | wild rice,405.70,501.00,"Parmesan Cheese (Shredded), Chicken, Broccoli and 4 more items",808.00,496.00,0.333
dish_1560526408,spinach (raw),67.10,51.00,"Blackberries, Mixed Salad Greens",25.00,110.00,0.000
dish_1560526447,spinach (raw),88.59,70.00,"Mixed Salad Greens, Carrots, Spinach",16.00,70.00,0.500
dish_1560526472,spinach (raw),113.67,114.00,"Mixed Salad Greens, Strawberries, Spinach and 1 more items",36.00,123.00,1.000
dish_1560526490,spinach (raw) | pineapple,141.67,170.00,"Pineapple, Strawberries, Mixed Salad Greens and 1 more items",64.00,185.00,1.000
dish_1560526514,potatoes | pineapple | spinach (raw),183.25,224.00,"Spinach, Pineapple, Roasted Potato and 2 more items",183.00,277.50,1.000
dish_1560526530,sausage | potatoes | pineapple,245.28,242.00,"Spinach, Boiled Potato (Fat Not Added in Cooking), Strawberries and 3 more items",354.00,356.50,0.750
dish_1560526552,sausage | pineapple | potatoes | scrambled eggs,359.24,319.00,"Pineapple, Roasted Potato, Mixed Salad Greens and 2 more items",595.00,432.50,0.750
dish_1560527070,potatoes,53.13,69.00,Roasted Potato,112.00,75.00,1.000
dish_1560527105,potatoes,92.73,104.00,"Roasted Potato, Carrots, Spinach",322.00,285.00,0.333
dish_1560527140,potatoes | bacon,276.67,138.00,"Bacon, Carrots, Spinach and 1 more items",325.00,172.00,0.500
dish_1560527168,potatoes | bacon,322.84,219.00,"Bacon, Carrots, Potato and 3 more items",362.00,268.00,0.500
dish_1560527191,bacon | potatoes | sausage,663.99,318.00,"Spinach, Bacon, Blueberries and 4 more items",898.00,436.00,0.600
dish_1560527225,potatoes | bacon | sausage | scrambled eggs,937.79,503.00,"Potato, Strawberries, Carrots and 4 more items",1318.00,625.00,0.667
dish_1560527745,yogurt,87.76,149.00,Yogurt,243.00,245.00,1.000
dish_1560527950,watermelon,23.10,77.00,Watermelon,86.00,286.00,1.000
dish_1560529804,watermelon,15.30,51.00,Watermelon,86.00,286.00,1.000
dish_1560529825,watermelon,52.92,117.00,"Blackberries, Watermelon, Raspberries",98.00,270.00,1.000
dish_1560529844,sweet potato | watermelon,91.68,168.00,"Watermelon, Raspberries, Fried Potatoes and 1 more items",179.00,270.00,1.000
dish_1560539314,fish | quinoa,165.74,158.00,"Breadcrumbs, Spinach, Fish",156.00,158.40,0.250
dish_1560539340,caesar salad | quinoa | fish,196.54,228.00,"Spinach, Croutons, Chicken and 1 more items",332.00,210.00,0.000
dish_1560539368,quinoa | carrot | caesar salad | fish,238.81,314.00,"Couscous, Carrots, Salad Dressing and 2 more items",388.00,620.00,0.167
dish_1560539396,fish | quinoa | caesar salad | carrot | roasted potatoes,384.04,417.00,"Croutons, Roasted Carrots, Roasted Potato and 2 more items",581.00,550.00,0.286
dish_1560541680,arugula,95.05,77.00,"Arugula Lettuce, Walnuts",97.00,34.00,0.500
dish_1560541706,arugula | cauliflower,110.80,140.00,"Arugula Lettuce, Walnuts, Broccoli",117.00,99.00,0.250
dish_1560541760,white rice | chicken,465.58,372.00,"Chicken, Arugula Lettuce, Tomato Sauce and 1 more items",315.00,215.00,0.200
dish_1560541793,carrot | chicken,509.83,462.00,"Walnuts, Broccoli, Chicken and 2 more items",417.00,385.40,0.400
dish_1560543465,caesar salad,33.88,77.00,"Olives, Salad Dressing, Croutons and 2 more items",136.00,135.00,0.000
dish_1560543505,tomatoes | caesar salad,66.18,172.00,"Romaine Lettuce, Olives, Caesar Salad Dressing and 2 more items",325.00,200.00,0.500
dish_1560543525,tomatoes | caesar salad,83.43,187.00,"Cherry Tomatoes, Romaine Lettuce, Croutons and 2 more items",211.00,230.00,0.250
dish_1560543557,tomatoes | caesar salad,87.87,191.00,"Cherry Tomatoes, Lettuce, Brown Rice and 3 more items",342.00,353.00,0.200
dish_1560543583,fish | tomatoes | quinoa | caesar salad,254.66,350.00,"Fish, Tomatoes, Olives and 4 more items",376.00,450.00,0.250
dish_1560543605,chicken | tomatoes | caesar salad | quinoa | fish,485.57,501.00,"Spinach, Croutons, Olives and 5 more items",802.00,535.00,0.091
dish_1560543625,chicken | roasted potatoes | caesar salad | fish | tomatoes,560.30,554.00,"Olives, Pork Backribs, Chicken and 5 more items",1208.00,766.70,0.375
dish_1560543682,roasted potatoes,121.26,86.00,Roasted Potato,112.00,75.00,1.000
dish_1560543704,roasted potatoes | cauliflower,140.01,161.00,"Broccoli, Roasted Potato",127.00,120.00,0.333
dish_1560543729,cauliflower | roasted potatoes | chicken,219.53,213.00,"Broccoli, Roasted Potato, Tomato Sauce and 1 more items",604.00,465.00,0.200
dish_1560543755,chicken | cauliflower | roasted potatoes | rice noodles,257.92,264.00,"Tomato Sauce, Roasted Potato, Chinese Cabbage Salad with Dressing and 1 more items",322.00,295.00,0.143
dish_1560787696,bacon,37.87,7.00,Bacon,81.00,15.00,1.000
dish_1560787754,bacon,72.64,68.00,"Raspberries, Blackberries, Bacon",90.00,35.50,1.000
dish_1560787781,yam,108.63,97.00,"Raspberries, Blackberries, Bacon and 1 more items",171.00,177.20,0.000
dish_1560787817,yam | bagels | cream cheese,292.23,165.00,"Blackberries, Cream Cheese, Bacon and 3 more items",464.00,241.00,0.400
dish_1560788338,yogurt,71.27,121.00,Yogurt,243.00,245.00,1.000
dish_1560788349,yogurt,78.93,134.00,"Strawberries, Yogurt",257.00,290.00,1.000
dish_1560788384,yogurt,111.20,242.00,"Yogurt, Strawberries, Blueberries",149.00,202.00,1.000
dish_1560798656,cheese pizza,287.17,108.00,Cheese Pizza,414.00,150.00,1.000
dish_1560798707,cheese pizza,298.02,139.00,"Broccoli, Cheese Pizza",346.00,165.00,0.500
dish_1560798744,cheese pizza | tofu,357.15,220.00,"Tempeh, Broccoli, Cheese Pizza",688.00,348.00,0.250
dish_1560798785,cheese pizza | tofu | cauliflower,379.65,310.00,"Cauliflower, Broccoli, Cheese Pizza and 1 more items",530.00,359.00,0.400
dish_1560798815,cheese pizza | tofu | cauliflower,404.96,341.00,"Kale, Cauliflower, Cheese Pizza and 2 more items",516.00,372.00,0.333
dish_1560798854,tofu | cheese pizza,455.51,372.00,"Broccoli, Kale, Spinach and 4 more items",542.00,367.00,0.125
dish_1560798928,tofu | cheese pizza,485.04,399.00,"Spinach, Cheese Pizza, Arugula Lettuce and 3 more items",534.00,325.00,0.143
dish_1560798960,tofu | cheese pizza,493.72,429.00,"Arugula Lettuce, Cheese Pizza, Tempeh and 4 more items",507.00,393.50,0.125
dish_1560799113,pizza,98.42,37.00,Cheese Pizza,331.00,120.00,1.000
dish_1560799277,pizza | broccoli,111.02,73.00,"Cheese Pizza, Broccoli",346.00,165.00,1.000
dish_1560799368,pork,108.40,53.00,"Pork Belly, White Rice, Onions",502.00,140.00,0.333
dish_1560799407,pork | carrot,220.90,122.00,"Dry Roasted Sunflower Seeds (with Salt Added), Pork Loin (Tenderloin), Dried Cranberries and 3 more items",255.00,223.00,0.400
dish_1560799558,pizza,196.84,74.00,"Tomatoes, Cheese Pizza",778.00,310.00,0.500
dish_1560799590,pizza,298.02,163.00,"Tomatoes, Cheese Pizza, Carrots and 2 more items",589.00,274.20,0.250
dish_1560799615,squash | pizza,332.75,283.00,"Cheese Pizza, Spinach, Dried Cranberries and 4 more items",694.00,491.00,0.333
dish_1560799647,pork | pizza,723.41,474.00,"Dried Cranberries, Cooked Summer Squash (Fat Added in Cooking), Pork and 8 more items",734.00,651.00,0.200
dish_1560800836,pepperoni pizza,479.40,170.00,"14"" Pepperoni Pizza",1035.00,375.00,1.000
dish_1560800918,kale,70.83,40.00,"Mixed Salad Greens, Walnuts, Beets",95.00,174.00,0.000
dish_1560800951,cauliflower | kale,102.83,168.00,"Mashed Cauliflower, Mixed Salad Greens, Beets",181.00,347.50,0.333
dish_1560800988,cauliflower | bulgur,314.87,230.00,"Green String Beans, Mixed Salad Greens, Beets and 2 more items",362.00,311.00,0.200
dish_1560801020,cauliflower | chicken breast | bulgur,346.34,250.00,"Beets, Buckwheat, Cauliflower and 3 more items",566.00,407.00,0.333
dish_1560801041,pork | chicken breast | cauliflower | bulgur,432.24,292.00,"Beets, Lettuce, Chicken and 2 more items",561.00,412.00,0.286
dish_1560801773,cauliflower,13.50,54.00,Cauliflower,27.00,107.00,1.000
dish_1560801797,squash | cauliflower,25.66,96.00,"Cauliflower, Yellow Summer Squash",49.00,250.00,1.000
dish_1560801829,pepperoni pizza | cauliflower,256.90,178.00,"Cheese Pizza, Pepperoni, Eggplant and 4 more items",499.00,318.00,0.286
dish_1560801859,pepperoni pizza | pork,428.70,262.00,"Mushrooms, Pork, Cooked Summer Squash (Fat Added in Cooking) and 3 more items",540.00,400.00,0.333
dish_1560801883,chicken breast | pepperoni pizza | pork,512.11,315.00,"Pepperoni, Fresh Pork Sausage, Cheese and 4 more items",706.00,380.00,0.429
dish_1560802006,kale,35.93,44.00,Kale,43.00,85.00,1.000
dish_1560802048,squash | kale,47.21,83.00,"Yellow Summer Squash, Kale",75.00,285.00,1.000
dish_1560802092,squash | chicken breast | kale,118.03,128.00,"Yellow Summer Squash, Kale, Spinach and 1 more items",306.00,384.00,0.400
dish_1560802149,chicken breast | pork,365.52,249.00,"Cooked Summer Squash (from Fresh), Zucchini, Pork and 3 more items",571.00,536.00,0.143
dish_1560802562,lemon juice | bulgur | kale | chickpeas,8.85,5.00,Arugula Lettuce,5.00,20.00,0.000
dish_1560802730,chicken breast,101.70,64.00,"Spinach, Cooked Salmon, Arugula Lettuce",130.00,135.00,0.000
dish_1560802764,chicken breast | squash,111.83,99.00,"Yellow Summer Squash, Spinach, Salmon",147.00,215.00,0.250
dish_1560802853,squash | white rice | chicken breast,136.53,118.00,"White Rice, Salmon, Yellow Summer Squash and 1 more items",264.00,297.00,0.400
dish_1560874548,,41.04,72.00,"Blueberries, Strawberries",37.00,108.40,
dish_1560874667,bacon,100.55,83.00,"Blueberries, Bacon, Strawberries",125.00,136.00,1.000
dish_1560874726,bacon | yam,177.49,145.00,"Bacon, Strawberries, Roasted Potato (Fat Added in Cooking) and 1 more items",353.00,248.00,0.333
dish_1560874751,bacon | bagels | cream cheese | yam,379.99,220.00,"Blueberries, Bagel, Sweet Potato and 3 more items",557.00,298.40,0.600
dish_1560887408,pizza,324.52,122.00,Cheese Pizza,331.00,120.00,1.000
dish_1560887435,pizza | kale,364.53,171.00,"Kale, Lasagna with Meat",369.00,285.00,0.333
dish_1560887457,pizza,389.26,246.00,"Kale, Lasagna with Meat, Fried Tofu and 2 more items",451.00,427.00,0.000
dish_1560887480,pizza | beef,668.08,374.00,"Tomatoes, Kale, Cheese Pizza and 4 more items",775.00,499.00,0.143
dish_1560888817,roasted potatoes,47.94,34.00,"Pears, Walnuts",275.00,352.00,0.000
dish_1560888849,chicken | roasted potatoes,168.96,107.00,"Potato, Walnuts, Chicken",422.00,245.00,0.667
dish_1560888893,roasted potatoes | chicken | white rice,213.16,141.00,"Walnuts, Potato, White Rice and 1 more items",535.00,341.00,0.750
dish_1560888930,white rice | chicken | roasted potatoes,224.93,151.00,"Pecans, White Rice, Chicken Meat (Roasting, Roasted, Cooked) and 2 more items",458.00,308.20,0.600
dish_1560889008,carrot,41.29,84.00,Cooked Carrots,42.00,78.00,1.000
dish_1560889032,carrot | chicken,246.87,208.00,"Spinach, Carrots, Lentils and 1 more items",406.00,211.00,0.500
dish_1560889061,carrot | chicken,402.51,281.00,"Carrots, Mixed Salad Greens, Chicken",232.00,181.00,1.000
dish_1560961012,cream cheese | bagels,191.70,71.00,"Bagel, Cream Cheese",427.00,145.00,1.000
dish_1560961059,cream cheese | bagels | sweet potato,268.46,172.00,"Roasted Potato, Bagel, Cream Cheese",861.00,355.00,1.000
dish_1560961107,bagels | cream cheese | sweet potato,352.82,320.00,"Blackberries, Plantains, Blueberries and 3 more items",510.00,357.00,0.500
dish_1560961179,scrambled eggs,153.92,104.00,Scrambled Egg,475.00,224.00,1.000
dish_1560961202,scrambled eggs | broccoli,171.07,153.00,"Scrambled Egg, Broccoli",455.00,291.00,1.000
dish_1560961261,broccoli | scrambled eggs,192.52,218.00,"Scrambled Egg, Broccoli, Strawberries",293.00,240.00,1.000
dish_1560961385,sweet potato | scrambled eggs | broccoli,249.52,293.00,"Broccoli, Scrambled Egg, Strawberries and 2 more items",862.00,512.00,0.750
dish_1560973936,arugula,75.24,44.00,"Raisins, Arugula Lettuce",50.00,35.00,0.500
dish_1560973958,pecans | lime | raisins | arugula,145.31,121.00,"Buckwheat, Arugula Lettuce",302.00,125.00,0.200
dish_1560973984,broccoli,171.21,195.00,"Broccoli, Arugula Lettuce, Cooked Lentils",199.00,210.00,0.333
dish_1560974009,chicken thighs | broccoli,482.98,409.00,"Fried Shrimp, Arugula Lettuce, Broccoli and 2 more items",597.00,303.80,0.167
dish_1560974707,spinach (raw) | black beans,55.03,60.00,"Tomatoes, Spinach, Garlic",33.00,156.00,0.250
dish_1560974769,white rice,3943.33,3051.00,"Rice Pilaf, Spinach, Cherry Tomatoes",134.00,140.00,0.333
dish_1560975346,chicken thighs,326.34,224.00,Chicken Stir Fry,247.00,220.00,1.000
dish_1560975491,caesar salad,37.84,86.00,"Salad Dressing, Lettuce",128.00,115.00,0.000
dish_1560975517,broccoli | caesar salad,42.39,99.00,"Broccoli, Salad Dressing, Lettuce",151.00,215.00,0.333
dish_1560975572,caesar salad,96.99,159.00,"Lettuce, Broccoli, Fried Tofu and 3 more items",361.00,441.00,0.000
dish_1560975601,chicken thighs | caesar salad,233.94,253.00,"Chicken, Salad Dressing, Broccoli and 5 more items",679.00,691.00,0.143
dish_1560975628,caesar salad | cheese pizza | chicken thighs,348.27,296.00,"Lettuce, Cheese Pizza, Chicken and 4 more items",750.00,649.00,0.250
dish_1560976044,,124.67,137.00,"Yellow Summer Squash, Spinach, Tomatoes and 1 more items",144.00,161.50,0.000
dish_1561049320,bacon,102.79,19.00,Bacon,243.00,45.00,1.000
dish_1561049373,scrambled eggs | bacon,290.75,146.00,"Scrambled Egg, Bacon",667.00,245.00,1.000
dish_1561049409,bacon | scrambled eggs,317.78,197.00,"Scrambled Egg, Raspberries, Bacon",515.00,220.70,1.000
dish_1561049435,cantaloupe | scrambled eggs | bacon,338.18,257.00,"Bacon, Fresh Pork Sausage, Scrambled Egg and 1 more items",675.00,298.00,0.750
dish_1561060448,cheese pizza,109.02,41.00,Cheese Pizza,331.00,120.00,1.000
dish_1561060477,pineapple | cheese pizza,141.02,105.00,"Pineapple, Cheese Pizza",371.00,202.50,1.000
dish_1561060503,pineapple | cheese pizza,145.31,138.00,"Chinese Cabbage (Bok-Choy, Pak-Choi), Pineapple, Cheese Pizza",380.00,272.50,0.667
dish_1561060531,brussels sprouts | cheese pizza | pineapple,162.08,177.00,"Cheese Pizza, Brussels Sprouts, Pineapple and 1 more items",348.00,238.50,0.750
dish_1561060558,pineapple | brussels sprouts | tofu | cheese pizza,194.20,221.00,"Chinese Cabbage (Bok-Choy, Pak-Choi), Brussels Sprouts, Pineapple and 2 more items",579.00,333.50,0.800
dish_1561060613,salmon | pineapple | cheese pizza | tofu | brussels sprouts,323.67,304.00,"Cheese Pizza, Pineapple, Fish and 4 more items",610.00,477.50,0.500
dish_1561060642,pasta | beef | tofu | pineapple | salmon | cheese pizza,468.41,387.00,"Cheese Pizza, Chinese Cabbage (Bok-Choy, Pak-Choi), Fish and 5 more items",790.00,514.50,0.400
dish_1561060703,pasta | pineapple | salmon | tofu | cheese pizza | beef,538.47,445.00,"Chinese Cabbage (Bok-Choy, Pak-Choi), Pineapple, Cheese Pizza and 6 more items",782.00,725.00,0.250
dish_1561060787,brussels sprouts,46.46,91.00,Herb Roasted Brussels Sprouts,75.00,85.00,1.000
dish_1561060925,brussels sprouts | tofu,93.91,156.00,"Fried Tofu, Green String Beans, Cabbage and 1 more items",134.00,186.00,0.500
dish_1561060976,salmon | tofu | brussels sprouts | brown rice,265.51,266.00,"Brussels Sprouts, White Rice, Green String Beans and 2 more items",381.00,354.00,0.800
dish_1561061123,tofu | salmon | bulgur | brussels sprouts,399.43,357.00,"Salmon, Arugula Lettuce, White Rice and 4 more items",671.00,799.00,0.375
dish_1561061593,kale,42.46,52.00,Kale,17.00,35.00,1.000
dish_1561061630,bulgur | kale,186.68,150.00,"Arugula Lettuce, Blackberries, Kale and 1 more items",46.00,105.00,0.333
dish_1561061658,brussels sprouts | kale | bulgur,226.00,227.00,"Blackberries, Raspberries, Kale and 2 more items",72.00,164.20,0.500
dish_1561061687,salmon | brown rice | brussels sprouts | bulgur,508.35,408.00,"Black Olives, Strawberries, Salmon and 3 more items",282.00,348.40,0.333
dish_1561062171,pasta | beef,101.14,58.00,"Beef Meatballs, Potato French Fries, Spinach",260.00,117.50,0.250
dish_1561062237,beef | pasta | salmon,182.26,110.00,"Arugula Lettuce, Salmon, Penne and 2 more items",438.00,285.00,0.333
dish_1561062286,beef | pasta | white rice | salmon,256.36,167.00,"Cooked Salmon, White Rice, Penne",473.00,344.00,0.400
dish_1561062320,white rice | salmon | beef | pasta,307.87,202.00,"Olives, Penne, Cooked Rice and 3 more items",324.00,289.00,0.143
dish_1561062555,apple | shallots | bulgur | lemon juice | arugula | garlic,47.09,32.00,"Goji Berry Powder, Black Olives, Arugula Lettuce",45.00,45.00,0.143
dish_1561062586,white rice,121.19,89.00,"White Rice, Goji Berry Powder, Arugula Lettuce and 1 more items",171.00,140.00,0.333
dish_1561134102,watermelon,24.30,81.00,Watermelon,46.00,152.00,1.000
dish_1561134128,watermelon,58.50,141.00,"Blueberries, Watermelon, Strawberries",67.00,214.50,1.000
dish_1561134156,watermelon | sweet potato,118.54,220.00,"Strawberries, Blueberries, Watermelon and 1 more items",555.00,415.00,0.333
dish_1561145732,orange with peel,19.70,67.00,Tangerine,47.00,88.00,0.000
dish_1561146758,bagels,232.50,93.00,Bagel,218.00,85.00,1.000
dish_1561146781,bagels | apple,300.10,223.00,"Apples, Bagel",352.00,282.00,1.000
dish_1561147944,arugula,42.37,34.00,"Walnuts, Mixed Salad Greens, Carrots",51.00,100.00,0.000
dish_1561147967,cheese pizza,177.98,85.00,"Cheese Pizza, Mixed Salad Greens",345.00,205.00,1.000
dish_1561147997,cheese pizza,185.18,133.00,"Mixed Salad Greens, Zucchini, Cheese Pizza",356.00,275.00,0.500
dish_1561148021,cheese pizza | ground turkey,361.77,216.00,"Mixed Salad Greens, Cheese Pizza, Zucchini and 2 more items",492.00,405.00,0.200
dish_1561148042,ground turkey | cheese pizza,370.76,245.00,"Mixed Salad Greens, Cheese Pizza, White Rice and 3 more items",650.00,475.00,0.167
dish_1561148303,cheese pizza,119.65,45.00,Cheese Pizza,193.00,70.00,1.000
dish_1561148336,cheese pizza,128.10,68.00,"Corn, Cucumber, Cheese Pizza and 1 more items",338.00,145.00,0.250
dish_1561148481,cheese pizza | ground turkey,281.28,140.00,"Mixed Salad Greens, Mushroom Risotto, Green Chili Peppers (Canned) and 2 more items",539.00,300.00,0.200
dish_1561392386,sausage,175.75,51.00,Beef Meatballs,242.00,120.00,0.000
dish_1561392410,sausage | broccoli,187.30,84.00,"Broccoli, Mustard, Beef Meatballs",259.00,205.90,0.333
dish_1561392430,sausage | broccoli,208.75,149.00,"Beef Meatballs, Strawberries, Scrambled Egg and 1 more items",272.00,222.00,0.250
dish_1561392459,sausage | scrambled eggs,395.23,275.00,"Strawberries, Broccoli, Scrambled Egg and 1 more items",745.00,456.00,0.250
dish_1561392512,,42.75,75.00,"Strawberries, Blueberries",37.00,108.00,
dish_1561392543,radishes | garlic | bell peppers | cucumbers,126.00,119.00,"Spinach, Blueberries, Carrots and 1 more items",42.00,128.00,0.000
dish_1561392570,broccoli,149.80,187.00,"Strawberries, Lettuce, Carrots and 2 more items",80.00,274.00,0.333
dish_1561392593,broccoli | scrambled eggs,354.04,325.00,"Spinach, Strawberries, Scrambled Egg and 2 more items",465.00,316.00,0.667
dish_1561392632,bacon | scrambled eggs,500.11,352.00,"Scrambled Egg, Broccoli, Spinach and 3 more items",652.00,407.50,0.500
dish_1561392710,watermelon,31.80,106.00,Watermelon,23.00,76.00,1.000
dish_1561392734,watermelon,84.24,198.00,"Blueberries, Strawberries, Watermelon",67.00,184.00,1.000
dish_1561393550,cottage cheese,172.48,176.00,Rice Pudding,335.00,250.00,0.000
dish_1561393619,cottage cheese,234.04,284.00,"Blueberries, Strawberries, Cottage Cheese",161.00,225.00,1.000
dish_1561393649,pineapple | cottage cheese,271.54,359.00,"Strawberries, Blueberries, Pineapple",88.00,198.50,0.500
dish_1561393715,broccoli,17.15,49.00,Broccoli,15.00,45.00,1.000
dish_1561393741,broccoli | scrambled eggs,188.83,165.00,"Broccoli, Scrambled Egg",271.00,204.00,1.000
dish_1561393764,broccoli | scrambled eggs | bacon,280.80,182.00,"Bacon, Broccoli, Scrambled Egg",436.00,239.00,1.000
dish_1561404438,cauliflower | garlic | lime,366.07,169.00,"Pork Loin (Tenderloin), Roasted Potato, Spinach",417.00,305.00,0.000
dish_1561404458,carrot,410.31,259.00,"Spinach, Roasted Potato, Steak and 1 more items",393.00,267.50,0.333
dish_1561404485,carrot,511.37,349.00,"Green Bell Pepper, Mixed Salad Greens, Roasted Potato and 2 more items",536.00,400.00,0.333
dish_1561404505,carrot | broccoli,543.92,442.00,"Carrots, Green Bell Pepper, Beef and 3 more items",501.00,514.00,0.400
dish_1561404924,kale,31.84,39.00,"Parmesan Cheese (Shredded), Kale",64.00,90.00,0.500
dish_1561404956,chicken | kale,97.60,82.00,"Baked or Fried Coated Chicken Breast with Skin, Kale",435.00,235.00,1.000
dish_1561405008,chicken | kale,156.43,134.00,"Carrots, Kale, Arugula Lettuce and 1 more items",254.00,205.00,0.500
dish_1561405034,chicken | kale,178.28,153.00,"Fish, Kale, Mixed Salad Greens and 1 more items",170.00,291.00,0.333
dish_1561405332,broccoli,18.55,53.00,Broccoli,29.00,85.00,1.000
dish_1561405356,broccoli | chicken | white rice,206.65,176.00,"Chicken, Arugula Lettuce, Broccoli",302.00,214.40,0.500
dish_1561405389,broccoli | chicken,265.98,223.00,"Red Bell Pepper, Chicken, Broccoli and 2 more items",463.00,295.50,0.400
dish_1561405411,broccoli | chicken,332.06,282.00,"Couscous, Arugula Lettuce, Chicken and 2 more items",526.00,333.80,0.500
dish_1561405836,cheese pizza,82.43,31.00,Cheese Pizza,295.00,107.00,1.000
dish_1561405864,cheese pizza | chicken,197.12,106.00,"Chicken, Cheese Pizza",532.00,205.00,1.000
dish_1561405887,cheese pizza | chicken | carrot,213.34,139.00,"Chicken, Carrots, Cheese Pizza",444.00,245.00,1.000
dish_1561405912,cheese pizza | chicken,270.88,196.00,"Mixed Salad Greens, Carrots, Cheese Pizza and 1 more items",584.00,457.00,0.667
dish_1561405934,cheese pizza | chicken | broccoli,287.33,243.00,"Carrots, Cheese Pizza, Broccoli and 2 more items",724.00,604.00,0.750
dish_1561406762,carrot,17.21,35.00,Cooked Carrots,46.00,85.00,1.000
dish_1561406789,white rice | carrot,184.91,164.00,"White Rice, Roasted Carrots",476.00,545.00,1.000
dish_1561406817,carrot | white rice,273.39,243.00,"White Rice, Couscous, Roasted Salted Cashew Nuts and 1 more items",553.00,552.00,0.667
dish_1561407208,chicken,44.35,29.00,Chicken Stir Fry,124.00,110.00,1.000
dish_1561407249,chicken,73.88,56.00,"Mixed Salad Greens, Chicken",147.00,141.00,1.000
dish_1561407283,chicken | carrot,88.63,86.00,"Mixed Salad Greens, Chicken, Cooked Carrots",249.00,195.00,1.000
dish_1561407312,chicken | carrot,127.83,121.00,"Cooked Carrots, Couscous, Mixed Salad Greens and 1 more items",292.00,334.00,1.000
dish_1561480391,,64.41,113.00,"Raspberries, Blackberries",59.00,120.00,
dish_1561480414,turkey bacon,125.16,129.00,"Raspberries, Blackberries, Bacon",89.00,80.00,1.000
dish_1561480439,turkey bacon | pineapple,155.16,189.00,"Pineapple, Raspberries, Blackberries and 1 more items",278.00,362.50,0.333
dish_1561480460,pineapple | scrambled eggs | turkey bacon,285.40,277.00,"Scrambled Egg, Raspberries, Sliced Ham  (Regular, Approx. 11% Fat) and 2 more items",602.00,437.00,0.500
dish_1561481577,bacon,200.17,37.00,Bacon,433.00,80.00,1.000
dish_1561481606,bacon | scrambled eggs,354.09,141.00,"Bacon, Scrambled Egg",843.00,292.00,1.000
dish_1561481634,scrambled eggs | bacon | yam,462.06,228.00,"Bacon, Scrambled Egg, Sweet Potato",796.00,395.00,0.500
dish_1561481673,honeydew melons | yam | bacon | scrambled eggs,496.62,324.00,"Sweet Potato, Cantaloupe Melons, Bacon and 1 more items",823.00,452.00,0.600
dish_1561491121,spinach (raw),31.46,28.00,"Spinach, Pears",30.00,70.00,0.500
dish_1561491154,fish,166.14,158.00,"Spinach, Pineapple, Chicken Meat (Roasting, Roasted, Cooked)",159.00,135.00,0.000
dish_1561491180,fish | wild rice,236.35,217.00,"Chicken Meat (Roasting, Roasted, Cooked), Yellow Rice, Spinach",314.00,289.00,0.250
dish_1561491210,wild rice | fish | cauliflower,251.10,276.00,"White Rice, Broccoli, Chicken and 1 more items",352.00,260.00,0.167
dish_1561492161,spinach (raw),48.31,43.00,Spinach,7.00,30.00,1.000
dish_1561492182,fried rice,250.17,171.00,"Spinach, Yellow Rice",172.00,204.00,0.500
dish_1561492204,fried rice | chicken | millet,488.64,334.00,"Salmon, Rice Pilaf, Spinach",403.00,328.00,0.200
dish_1561492228,chicken | fish | fried rice,648.18,488.00,"Fish, Yellow Rice, Spinach",243.00,289.00,0.500
dish_1561492519,banana with peel | wheat bread,271.32,206.00,"Bread, Bananas",187.00,150.00,1.000
dish_1561492628,caesar salad,13.64,31.00,"Caesar Salad Dressing, Croutons, Romaine Lettuce",301.00,140.00,0.333
dish_1561492665,caesar salad | fish,81.95,93.00,"Chicken, Croutons, Lettuce",411.00,226.40,0.000
dish_1561492687,fish | caesar salad | fried rice,105.61,108.00,"White Rice, Mixed Salad Greens, Chicken",344.00,270.00,0.250
dish_1561492703,caesar salad | fried rice | fish,113.13,134.00,"White Rice, Chicken, Lettuce and 1 more items",521.00,485.00,0.167
dish_1561493975,arugula,130.85,106.00,"Onions, Arugula Lettuce, Walnuts",114.00,82.00,0.333
dish_1561494001,squash | arugula,162.69,216.00,"Yellow Summer Squash, Arugula Lettuce, Onions",53.00,260.00,0.667
dish_1561494032,arugula | squash | cauliflower,185.44,307.00,"Arugula Lettuce, Potato, Broccoli and 1 more items",126.00,236.00,0.167
dish_1561567053,watermelon,26.10,87.00,Watermelon,54.00,180.00,1.000
dish_1561567086,watermelon | yam,142.75,181.00,"Roasted Potato (Fat Added in Cooking), Watermelon",321.00,276.00,0.333
dish_1561574215,lettuce,93.24,134.00,"Red Onions, Feta Cheese, Cherry Tomatoes and 1 more items",73.00,165.00,0.000
dish_1561574368,caesar salad,22.00,50.00,"Romaine Lettuce, Caesar Salad Dressing, Croutons",208.00,120.00,0.333
dish_1561574394,caesar salad | arugula,61.50,82.00,"Lettuce, Croutons, Salad Dressing and 1 more items",211.00,144.00,0.000
dish_1561574428,caesar salad | arugula | cauliflower,84.00,172.00,"Lettuce, Salad Dressing, Cauliflower and 2 more items",184.00,235.00,0.200
dish_1561574456,caesar salad | cheese pizza | cauliflower,203.66,217.00,"Cheese, Broccoli, Olives and 4 more items",407.00,348.40,0.333
dish_1561574479,beef | cauliflower | cheese pizza | caesar salad,363.61,293.00,"Mixed Salad Greens, Cheese Pizza, Cauliflower and 4 more items",902.00,538.40,0.333
dish_1561574600,eggplant,32.98,100.00,Cooked Eggplant (Fat Added in Cooking),53.00,82.00,1.000
dish_1561574623,eggplant | chicken,117.60,152.00,"Tempeh, Cooked Eggplant (Fat Added in Cooking)",180.00,148.00,0.333
dish_1561574783,arugula,29.63,24.00,Arugula Lettuce,5.00,20.00,1.000
dish_1561574815,arugula | lettuce,74.85,89.00,"Feta Cheese, Cucumber, Lettuce and 2 more items",130.00,319.00,0.167
dish_1561574848,chicken,182.26,155.00,"Vinaigrette Dressing, Cherry Tomatoes, Red Onions and 3 more items",322.00,300.00,0.250
dish_1561574974,eggplant,50.13,152.00,"Lettuce, Fried Batter Dipped Eggplant",124.00,107.00,0.500
dish_1561575033,chicken | eggplant,354.45,339.00,"Eggplant, Chicken, Tomato Sauce and 1 more items",555.00,342.40,0.500
dish_1561575068,eggplant | chicken,421.94,436.00,"Kalamata Olive, Mixed Salad Greens, Eggplant and 5 more items",679.00,457.40,0.333
dish_1561575170,cauliflower,42.75,171.00,Cauliflower,25.00,100.00,1.000
dish_1561575192,arugula | cauliflower,122.99,236.00,"Cauliflower, Arugula Lettuce",30.00,120.00,1.000
dish_1561575274,millet | beef,305.18,145.00,"Pork Loin (Tenderloin), White Rice",271.00,204.00,0.000
dish_1561575300,bell peppers | millet | beef,326.78,199.00,"White Rice, Green Bell Pepper, Pork Loin (Tenderloin)",277.00,269.00,0.200
dish_1561575327,roasted potatoes | beef,453.68,289.00,"Roasted Potato, Pork Loin (Tenderloin), Green Bell Pepper",443.00,374.00,0.250
dish_1561575347,roasted potatoes | pizza | beef,554.76,327.00,"Meat Loaf, Green Bell Pepper, Cheese Pizza and 2 more items",634.00,404.00,0.333
dish_1561575410,cauliflower,16.00,64.00,Cauliflower,12.00,50.00,1.000
dish_1561575445,eggplant | cauliflower,35.46,123.00,"Eggplant, Cauliflower",24.00,100.00,1.000
dish_1561575474,eggplant | roasted potatoes | cauliflower,120.06,183.00,"Eggplant, Potato, Cauliflower",102.00,175.00,1.000
dish_1561575506,roasted potatoes | beef,562.04,393.00,"Eggplant, Beef, Potato and 1 more items",506.00,359.40,0.500
dish_1561575613,arugula,86.41,70.00,"Olives, Walnuts, Mixed Salad Greens",106.00,87.00,0.000
dish_1561575661,beef,418.95,228.00,"Steak, White Rice, Olives and 2 more items",520.00,300.40,0.000
dish_1561575688,beef | roasted potatoes,607.89,362.00,"Brown Rice, Olives, Steak and 3 more items",698.00,394.00,0.250
dish_1561575908,cheese pizza,106.36,40.00,Lasagna with Meat,326.00,200.00,0.000
dish_1561575951,cheese pizza | beef,213.70,91.00,"Baked or Broiled Salmon, White Rice, Spinach and 2 more items",568.00,321.00,0.400
dish_1561575977,parmesan cheese | beef | cheese pizza,261.08,102.00,"Spinach, Lasagna with Meat, White Rice and 2 more items",712.00,400.00,0.333
dish_1561575996,parmesan cheese | beef | cheese pizza,290.98,128.00,"Lasagna with Meat, Beef, Olives and 3 more items",749.00,431.00,0.333
dish_1561576026,parmesan cheese | roasted potatoes | beef | cheese pizza,330.46,156.00,"Pineapple, Olives, White Rice and 1 more items",656.00,540.00,0.000
dish_1561576051,chicken | beef | roasted potatoes | parmesan cheese | cheese pizza,367.89,179.00,"Brown Rice, Salmon, Chicken and 2 more items",471.00,384.10,0.125
dish_1561576074,beef | cheese pizza | roasted potatoes | chicken | parmesan cheese,374.55,216.00,"Olives, Cherry Tomatoes, Chicken and 4 more items",882.00,645.00,0.222
dish_1561576212,roasted potatoes,145.23,103.00,Roasted Potato,232.00,156.00,1.000
dish_1561576257,roasted potatoes,180.88,134.00,"Kidney Beans, Roasted Potato",583.00,330.00,0.500
dish_1561576295,roasted potatoes,249.07,232.00,"Feta Cheese, Cucumber, Lettuce and 2 more items",414.00,343.00,0.200
dish_1561576320,chicken | roasted potatoes,494.80,383.00,"Roasted Potato, Kalamata Olives, Cucumber and 3 more items",691.00,378.00,0.167
dish_1561576449,cauliflower,77.00,308.00,Cauliflower,25.00,100.00,1.000
dish_1561576483,cauliflower | beef,209.60,371.00,"Pesto Sauce, Cauliflower, Beef Steak",332.00,250.00,0.667
dish_1561576590,squash,29.23,101.00,"Zucchini, Tomatoes, Potato and 4 more items",389.00,491.00,0.143
dish_1561576618,squash | eggplant,57.92,188.00,"Eggplant, Yellow Summer Squash, Tomatoes and 2 more items",61.00,321.00,0.400
dish_1561576652,cauliflower | squash | eggplant,91.42,322.00,"Cauliflower, Eggplant, Zucchini and 2 more items",57.00,245.00,0.333
dish_1561576680,cauliflower | chicken | squash | eggplant,307.86,455.00,"Mixed Salad Greens, Broccoli, Eggplant and 2 more items",76.00,340.00,0.333
dish_1561576707,eggplant | caesar salad | chicken | cauliflower | squash,324.14,492.00,"Broccoli, Eggplant, Zucchini and 3 more items",178.00,322.00,0.250
dish_1561576737,squash | eggplant | chicken | cauliflower,357.47,519.00,"Zucchini, Eggplant, Cauliflower and 2 more items",68.00,315.00,0.333
dish_1561576767,squash | eggplant | cauliflower | chicken | pineapple,408.47,621.00,"Quinoa, Bell Peppers, Eggplant and 5 more items",495.00,455.00,0.333
dish_1561576794,beef | chicken | pineapple | cauliflower,654.72,738.00,"Zucchini, Beef, Potato Salad and 5 more items",541.00,577.00,0.250
dish_1561576887,eggplant,15.50,47.00,"Organic Tomato Meatball Soup, Young Green Onions (Tops Only), Eggplant",51.00,118.50,0.333
dish_1561576916,eggplant | arugula,78.46,98.00,"Arugula Lettuce, Eggplant",17.00,70.00,1.000
dish_1561576954,chicken,345.34,262.00,"Mixed Salad Greens, Chicken Salad, Eggplant",324.00,360.00,0.500
dish_1561576978,chicken | beef,511.61,341.00,"Eggplant, Meat Loaf, Arugula Lettuce and 1 more items",367.00,280.00,0.200
dish_1561577083,cheese pizza,98.38,37.00,Cheese Pizza,331.00,120.00,1.000
dish_1561577119,tofu | cheese pizza,128.31,78.00,"Cheese Pizza, Fried Tofu",435.00,159.00,1.000
dish_1561577146,cheese pizza | tofu,154.24,99.00,"Broccoli, Cheese Pizza, Spinach and 1 more items",706.00,293.00,0.500
dish_1561577177,tofu | cheese pizza | roasted potatoes,234.61,156.00,"Roasted Potato, Cheese Pizza, Mixed Salad Greens and 1 more items",975.00,505.00,1.000
dish_1561577198,tofu | roasted potatoes | cheese pizza,240.54,174.00,"Cheese Pizza, Roasted Potato, Fried Tofu and 2 more items",1101.00,565.00,0.750
dish_1561577219,tofu | chicken | cheese pizza | roasted potatoes,308.89,216.00,"Mixed Salad Greens, Fried Tofu, Cheese Pizza and 3 more items",986.00,485.00,0.500
dish_1561577549,pizza,130.34,49.00,"Tomatoes, Cheese Pizza",334.00,135.00,0.500
dish_1561577573,beef | pizza,755.43,346.00,"Beef, Cheese Pizza",658.00,233.40,1.000
dish_1561577598,beef | pizza,813.45,393.00,"Cheese Pizza, Steak, Mixed Salad Greens",629.00,318.00,0.500
dish_1561577678,beef | millet,218.89,104.00,"Beef Tenderloin (Trimmed to 1/8"" Fat)",210.00,85.00,0.500
dish_1561577701,cauliflower | beef,258.64,263.00,"Beef, Cauliflower",270.00,185.00,1.000
dish_1561577731,mushroom | cauliflower | beef,274.26,334.00,"Cooked Mushrooms (Fat Added in Cooking), Cauliflower, Beef Tenderloin (Trimmed to 1/8"" Fat)",267.00,252.50,1.000
dish_1561577848,chicken,413.35,254.00,Chicken Salad,265.00,200.00,1.000
dish_1561577947,chicken,623.20,424.00,"Penne, Mixed Salad Greens, Chicken and 1 more items",403.00,292.40,0.333
dish_1561578156,eggplant,31.99,97.00,Cooked Eggplant,53.00,82.00,1.000
dish_1561578188,cauliflower | eggplant,57.99,201.00,"Cooked Eggplant, Mashed Cauliflower",215.00,322.00,1.000
dish_1561578226,eggplant | cauliflower,119.22,289.00,"Penne, Spinach, Eggplant and 2 more items",166.00,280.00,0.500
dish_1561578344,cheese pizza,144.26,86.00,"Tomatoes, Cheese Pizza, Olives and 2 more items",388.00,270.00,0.250
dish_1561578373,cheese pizza | caesar salad,164.50,132.00,"Tomatoes, Romaine Lettuce, Feta Cheese and 6 more items",490.00,302.00,0.143
dish_1561578394,cheese pizza | beef | caesar salad,276.04,185.00,"Salad Dressing, Cherry Tomatoes, Mixed Salad Greens and 6 more items",812.00,459.00,0.286
dish_1561578417,caesar salad | cheese pizza | beef,289.79,240.00,"Mixed Salad Greens, Feta Cheese, Croutons and 8 more items",810.00,529.00,0.111
dish_1561578441,caesar salad | roasted potatoes | beef | cheese pizza,387.08,309.00,"Potato, Feta Cheese, Steak and 7 more items",868.00,734.00,0.222
dish_1561578461,beef | roasted potatoes | cheese pizza | chicken,522.15,392.00,"Olives, Steak, Tomatoes and 8 more items",847.00,627.00,0.222
dish_1561578570,beef,136.80,65.00,"Pesto Sauce, Steak, Cilantro",293.00,101.00,0.000
dish_1561578603,roasted potatoes | beef,180.51,96.00,"Steak, Potato",317.00,185.00,0.500
dish_1561578623,roasted potatoes | beef | cauliflower,208.51,208.00,"Mashed Potato, Roasted Potato, Steak",572.00,395.00,0.333
dish_1561578676,cauliflower | roasted potatoes | beef,212.03,224.00,"Mashed Cauliflower, Steak, Scallops and 1 more items",586.00,455.10,0.200
dish_1561578775,cheese pizza,295.15,111.00,Cheese Pizza,789.00,286.00,1.000
dish_1561578800,cheese pizza,338.35,146.00,"Cheese Pizza, Arugula Lettuce, Olives",1052.00,405.00,0.500
dish_1561578839,cheese pizza | broccoli,362.15,214.00,"Arugula Lettuce, Broccoli, Cherry Tomatoes and 2 more items",819.00,435.00,0.500
dish_1561578865,pasta | broccoli | cheese pizza,417.19,246.00,"Broccoli, Cherry Tomatoes, Cheese Pizza and 4 more items",961.00,652.00,0.286
dish_1561579505,cauliflower,31.50,126.00,Cauliflower,25.00,100.00,1.000
dish_1561579576,cauliflower | eggplant,78.00,267.00,"Eggplant, Mashed Potato",125.00,187.00,0.333
dish_1561579617,eggplant | cauliflower | roasted potatoes,130.17,304.00,"Eggplant, Mashed Potato",125.00,187.00,0.667
dish_1561579673,cauliflower | roasted potatoes | eggplant | chicken,221.30,360.00,"Cauliflower, Chicken Salad, Eggplant and 1 more items",361.00,417.50,1.000
dish_1561579706,eggplant | beef | roasted potatoes | chicken | cauliflower,284.44,390.00,"Chicken, Potato, Eggplant and 2 more items",623.00,460.00,1.000
dish_1561579824,beef,185.21,88.00,Steak,213.00,85.00,0.000
dish_1561579845,beef | chicken,307.26,163.00,"Tomato Sauce, Steak, Fish",290.00,185.00,0.000
dish_1561579867,beef | chicken,369.36,217.00,"Tzatziki, Pita Bread, Olives and 1 more items",502.00,265.00,0.250
dish_1561579902,chicken | beef,406.40,247.00,"Chicken Breast, Tomato Sauce, Steak and 2 more items",424.00,255.00,0.200
dish_1561579933,chicken | beef,447.45,306.00,"Cooked Fish, Mixed Salad Greens, Olives and 2 more items",392.00,336.00,0.000
dish_1561580278,caesar salad,23.32,53.00,"Lettuce, Mixed Salad Greens, Vinaigrette Dressing and 1 more items",86.00,140.00,0.000
dish_1561580322,caesar salad,44.25,76.00,"Mixed Salad Greens, Quinoa",360.00,177.50,0.000
dish_1561580370,pasta | caesar salad,126.80,124.00,"Croutons, Penne, Quinoa and 1 more items",399.00,169.80,0.000
dish_1561580406,caesar salad | chicken | pasta,203.28,171.00,"Penne, Spinach, Vinaigrette Dressing and 1 more items",434.00,327.00,0.000
dish_1561580431,chicken | beef | caesar salad | pasta,258.00,197.00,"Salad Dressing, Potato, Meat and 3 more items",721.00,334.80,0.000
dish_1561580552,cauliflower,22.25,89.00,Mashed Potato,105.00,105.00,0.000
dish_1561580608,cauliflower,20.25,81.00,Mashed Potato,105.00,105.00,0.000
dish_1561580628,cauliflower | lettuce,72.43,156.00,"Sesame Seeds, Mixed Salad Greens, Cauliflower",38.00,131.40,0.333
dish_1561580659,beef | millet,754.35,480.00,"Beef Steak, Mashed Cauliflower, Mixed Salad Greens and 1 more items",492.00,377.00,0.250
dish_1561654326,granola,59.79,46.00,"Mixed Salad Greens, Raspberries",9.00,41.00,0.000
dish_1561654346,brussels sprouts,79.20,84.00,"Raspberries, Brussels Sprouts, Mixed Salad Greens",66.00,170.00,1.000
dish_1561654374,scrambled eggs,326.36,251.00,"Raspberries, Scrambled Egg, Mixed Salad Greens and 1 more items",560.00,436.00,0.500
dish_1561654392,bacon | scrambled eggs,494.07,282.00,"Scrambled Egg, Mixed Salad Greens, Bacon",672.00,275.00,1.000
dish_1561654707,scrambled eggs,199.80,135.00,"Scrambled Egg, Ketchup",440.00,217.00,0.500
dish_1561654732,sweet potato | scrambled eggs,242.36,191.00,"Scrambled Egg, Roasted Potato",536.00,275.00,1.000
dish_1561654756,scrambled eggs | sweet potato | brussels sprouts,256.98,225.00,"Scrambled Egg, Roasted Potato, Brussels Sprouts",555.00,320.00,1.000
dish_1561661324,caesar salad,33.00,75.00,"Croutons, Caesar Salad Dressing, Romaine Lettuce",213.00,135.00,0.333
dish_1561661347,green beans | caesar salad,50.67,132.00,"Mixed Salad Greens, Green String Beans",45.00,185.00,0.500
dish_1561661377,green beans | chicken | caesar salad,306.33,294.00,"Cooked Green String Beans (Fat Added in Cooking), Cooked Fish, Mixed Salad Greens",256.00,360.00,0.250
dish_1561661449,white rice | pork,237.08,115.00,Grilled Fish,93.00,85.00,0.000
dish_1561661479,pork | white rice,242.18,166.00,"Cucumber, Pork",236.00,135.00,0.333
dish_1561661500,pork | white rice,374.78,268.00,"White Rice, Pork, Cucumber",475.00,320.00,0.667
dish_1561661552,pork | broccoli | white rice,394.73,325.00,"Broccoli, White Rice, Zucchini and 1 more items",524.00,421.00,0.500
dish_1561661806,pork,183.48,89.00,"Pork, Scallions or Spring Onions, White Rice",352.00,185.00,0.333
dish_1561661850,pizza | pork,648.98,264.00,"White Rice, Cheese Pizza, Mushrooms",1186.00,575.00,0.250
dish_1561661972,green beans,12.09,39.00,Green String Beans,17.00,55.00,1.000
dish_1561662022,green beans | millet,159.69,166.00,"Carrots, Cherry Tomatoes, Spinach and 1 more items",41.00,150.00,0.200
dish_1561662054,pork,419.44,292.00,"Beef, White Rice, Spinach and 3 more items",413.00,325.00,0.000
dish_1561662160,lemon juice | onions | apple | millet,41.84,36.00,"Beef, Red Bell Pepper, Asparagus and 2 more items",119.00,186.30,0.000
dish_1561662190,brown rice,117.32,104.00,"Tomatoes, Brown Rice, Lettuce",126.00,212.00,0.333
dish_1561662216,brown rice | pork,300.79,193.00,"Chicken, Brown Rice, Tomatoes and 1 more items",350.00,345.00,0.200
dish_1561662358,corn on the cob,96.55,91.00,Corn on the Cob,0.00,0.00,1.000
dish_1561662458,corn on the cob,124.82,119.00,"Corn on the Cob, Carrots, Cherry Tomatoes and 1 more items",20.00,91.00,0.250
dish_1561662501,corn on the cob | tofu,158.40,165.00,"Corn, Cherry Tomatoes, Spinach and 1 more items",702.00,491.00,0.500
dish_1561662532,tofu | corn on the cob,166.46,191.00,"Zucchini, Corn, Green String Beans and 3 more items",374.00,360.00,0.333
dish_1561662562,pork | tofu | corn on the cob,368.49,289.00,"Corn, Spinach, Pork and 3 more items",791.00,505.00,0.500
dish_1561662814,lemon juice | onions | apple | millet,23.24,20.00,"Quinoa, Mushrooms, Spinach and 1 more items",189.00,128.50,0.000
dish_1561662842,chicken | brown rice,263.13,172.00,"Kale, Fried Tofu, Quinoa and 2 more items",505.00,258.40,0.000
dish_1561662869,chicken | corn on the cob,284.35,192.00,"Corn, Carrots, Quinoa and 2 more items",711.00,331.00,0.167
dish_1561662926,corn on the cob | chicken,288.34,213.00,"Carrots, Tomatoes, Quinoa and 3 more items",608.00,298.50,0.143
dish_1561662948,corn on the cob | chicken,293.61,230.00,"Green String Beans, Carrots, Corn and 5 more items",731.00,502.50,0.111
dish_1561663035,cheese pizza,263.24,99.00,"Cheese Pizza, Tomato Sauce, Bacon and 1 more items",529.00,197.40,0.250
dish_1561663068,cheese pizza,332.89,168.00,"Spinach, Cherry Tomatoes, Cheese Pizza and 2 more items",366.00,235.00,0.200
dish_1561663541,brown rice,124.32,112.00,White Rice,264.00,205.00,1.000
dish_1561663580,chicken | brown rice,432.06,307.00,"Chicken, White Rice",738.00,405.00,1.000
dish_1561663606,brown rice | corn on the cob | chicken,474.50,347.00,"Chicken, Corn, White Rice",900.00,505.00,1.000
dish_1561663786,corn on the cob,46.68,44.00,Corn on the Cob,0.00,0.00,1.000
dish_1561663817,corn on the cob,95.50,86.00,"Mixed Salad Greens, Celery, Corn and 1 more items",51.00,121.50,0.333
dish_1561663855,corn on the cob | chicken,179.14,139.00,"Chicken Drumstick, Mixed Salad Greens, Corn and 1 more items",292.00,195.00,0.667
dish_1561663891,pork | chicken | corn on the cob,247.17,172.00,"Roasted Light Turkey Meat, Corn, Roasted Broiled or Baked Chicken Leg and 2 more items",504.00,335.00,0.400
dish_1561663914,chicken | corn on the cob | pork,257.40,205.00,"Green String Beans, Corn, Roasted Broiled or Baked Chicken Leg and 2 more items",530.00,310.00,0.750
dish_1561663990,chicken,181.49,115.00,Green Bean Casserole,151.00,150.00,0.000
dish_1561664013,chicken | pork,280.44,163.00,"Green Bean Casserole, Pork Roasts (Top Loin, Boneless)",277.00,198.50,0.333
dish_1561664042,chicken | pork,285.04,209.00,"Cucumber, Pork, Green Bean Casserole",450.00,435.00,0.250
dish_1561664061,chicken | green beans | pork,303.64,269.00,"Chicken, Beef, Cucumber and 1 more items",307.00,247.00,0.400
dish_1561664977,green beans,14.57,47.00,Green String Beans,17.00,55.00,1.000
dish_1561665024,green beans,100.57,121.00,"Walnuts, Green String Beans, Greens",139.00,154.00,0.500
dish_1561665065,chicken,387.80,303.00,"Raisins, Green String Beans, Mixed Salad Greens and 1 more items",548.00,350.00,0.333
dish_1561665378,corn on the cob,74.27,70.00,Corn,69.00,80.00,1.000
dish_1561665422,corn on the cob | chicken,571.39,385.00,"Lettuce, Corn, Fried Battered Fish and 1 more items",614.00,410.00,0.200
dish_1561665452,chicken | corn on the cob,624.85,431.00,"Mixed Salad Greens, Yellow Summer Squash, Quinoa and 1 more items",427.00,228.00,0.000
dish_1561665626,corn on the cob,51.99,49.00,Corn on the Cob,0.00,0.00,1.000
dish_1561665671,corn on the cob | pizza,158.39,89.00,"Corn on the Cob, Cheese Pizza",331.00,120.00,1.000
dish_1561665706,chickpeas | corn on the cob | pizza,386.35,228.00,"Corn, Chickpea Salad, Summer Squash Casserole with Cheese Sauce",405.00,364.00,0.500
dish_1561665747,chickpeas | pizza | corn on the cob,486.30,314.00,"Stuffed Pepper with Rice and Meat, Corn, Green String Beans and 1 more items",528.00,462.00,0.400
dish_1561666619,grapes,35.88,52.00,Grapes,52.00,75.00,1.000
dish_1561666640,cantaloupe | grapes,48.80,90.00,"Grapes, Cantaloupe Melons",79.00,155.00,1.000
dish_1561666761,cheese pizza,114.34,43.00,Cheese Pizza,193.00,70.00,1.000
dish_1561666794,cheese pizza | caesar salad,138.10,97.00,"Cheese Pizza, Salad Dressing, Romaine Lettuce",306.00,180.00,0.333
dish_1561666821,caesar salad | cheese pizza,211.79,170.00,"Spinach, Lettuce, Tomatoes and 4 more items",424.00,290.00,0.143
dish_1561666849,cheese pizza | corn on the cob | caesar salad,347.59,298.00,"Salad Dressing, Spinach, Cheese Pizza and 5 more items",567.00,455.00,0.250
dish_1561666875,corn on the cob | caesar salad | cheese pizza | chicken,443.86,359.00,"Carrots, Chicken, Spinach and 5 more items",792.00,540.00,0.333
dish_1561666897,chicken | pork | corn on the cob | cheese pizza,532.51,402.00,"Corn, Cheese Pizza, Spinach and 6 more items",587.00,470.00,0.333
dish_1561666923,corn on the cob | cheese pizza | chicken | pork,539.64,425.00,"Tomatoes, Cucumber, Cheese Pizza and 8 more items",914.00,611.00,0.400
dish_1561667207,pork | white rice,249.44,121.00,"Pork, White Rice",356.00,183.00,1.000
dish_1561667238,caesar salad | white rice | pork,268.80,165.00,"White Rice, Caesar Salad Dressing, Pork and 2 more items",590.00,310.00,0.600
dish_1561667430,white rice | sugar | pork,342.21,166.00,"Loin Pork Roast (Lean and Fat Eaten), White Rice",339.00,185.00,0.667
dish_1561736715,scrambled eggs,161.32,109.00,Scrambled Egg,424.00,200.00,1.000
dish_1561736736,scrambled eggs | bacon,356.08,145.00,"Bacon, Scrambled Egg",667.00,245.00,1.000
dish_1561737176,sausage,403.18,117.00,Cocktail,100.00,70.00,0.000
dish_1561737200,egg whites | sausage,478.58,262.00,"Scrambled Egg, Fresh Pork Sausage",739.00,312.00,1.000
dish_1561737223,sausage | broccoli | egg whites,503.78,334.00,"Fresh Pork Sausage, Broccoli, Mashed Cauliflower",613.00,405.00,0.500
dish_1561737248,sausage | egg whites | hash browns,699.38,394.00,"Fresh Pork Sausage, Mashed Potato, Broccoli and 1 more items",810.00,505.00,0.167
dish_1561737271,sausage | hash browns | pineapple | egg whites,762.38,520.00,"Broccoli, White Rice, Fresh Pork Sausage and 2 more items",751.00,553.00,0.286
dish_1561737293,sausage | pineapple | egg whites | hash browns,801.82,636.00,"Fresh Pork Sausage, Pineapple, White Rice and 3 more items",630.00,523.50,0.250
dish_1561737776,bagels | cream cheese,375.30,139.00,"Bagel, Cream Cheese",435.00,154.00,1.000
dish_1561737839,,210.90,370.00,Grapes,104.00,151.00,0.000
dish_1561739160,,34.77,61.00,"Mulberries, Raspberries, Blackberries",13.00,29.00,
dish_1561739188,sweet potato,97.09,143.00,"Roasted Potato (Fat Added in Cooking), Raspberries, Blackberries",308.00,221.00,1.000
dish_1561739212,egg whites | sweet potato,134.01,214.00,"Mozzarella Cheese, Blueberries, Blackberries and 2 more items",499.00,232.00,0.333
dish_1561739238,egg whites | hash browns | sweet potato,274.19,257.00,"Blackberries, Sweet Potato, Blueberries and 3 more items",465.00,342.00,0.200
dish_1561739265,sweet potato | hash browns | broccoli | egg whites,292.04,308.00,"Broccoli, Olives, Blackberries and 4 more items",611.00,488.00,0.333
dish_1561739576,sweet potato,63.84,84.00,Sweet Potato,86.00,100.00,1.000
dish_1561739623,broccoli | sweet potato,156.24,348.00,"Strawberries, Sweet Potato, Broccoli",134.00,241.00,1.000
dish_1561739649,sweet potato | broccoli,208.23,388.00,"Lettuce, Sweet Potato, Broccoli",245.00,465.00,0.667
dish_1561739719,sweet potato | broccoli,350.16,637.00,"Raspberries, Blueberries, Strawberries and 4 more items",194.00,435.00,0.667
dish_1561739760,broccoli | cantaloupe | sweet potato,452.16,937.00,"Blackberries, Blueberries, Broccoli and 6 more items",292.00,687.00,0.500
dish_1561739805,broccoli | sweet potato | scrambled eggs | cantaloupe,696.36,1102.00,"Mixed Salad Greens, Honeydew Melons, Sweet Potato and 5 more items",694.00,723.00,0.600
dish_1561739930,sweet potato,60.04,79.00,Roasted Potato (Fat Added in Cooking),149.00,100.00,1.000
dish_1561739954,sweet potato | scrambled eggs,276.12,225.00,"Roasted Potato (Fat Added in Cooking), Scrambled Egg",624.00,324.00,1.000
dish_1561739973,broccoli | scrambled eggs | sweet potato,295.37,280.00,"Sweet Potato, Broccoli, Scrambled Egg",598.00,418.00,1.000
dish_1561740321,bell peppers | garlic | cucumbers | radishes,52.98,28.00,"Spinach, Carrots",13.00,45.00,0.000
dish_1561740353,bell peppers | garlic | cucumbers | radishes,75.42,96.00,"Strawberries, Spinach, Carrots",23.00,80.00,0.000
dish_1561740385,broccoli,99.37,139.00,"Spinach, Strawberries, Broccoli",41.00,135.00,0.500
dish_1561740411,scrambled eggs,333.21,297.00,"Red Bell Pepper, Scrambled Egg, Spinach and 1 more items",549.00,499.00,0.250
dish_1561741063,cottage cheese,132.30,135.00,Cottage Cheese,233.00,226.00,1.000
dish_1561741090,cottage cheese | cantaloupe,161.54,221.00,"Cantaloupe Melons, White Rice",171.00,251.00,0.333
dish_1561741139,bacon,108.20,20.00,Bacon,54.00,10.00,1.000
dish_1561741174,scrambled eggs | bacon,245.84,113.00,"Scrambled Egg, Bacon",575.00,228.00,1.000
dish_1561746876,salmon | brown rice,149.44,84.00,Salmon,219.00,150.00,0.500
dish_1561746912,brown rice | salmon,264.10,210.00,"Salmon, Berry Cobbler, Brussels Sprouts",486.00,359.00,0.250
dish_1561746970,tatsoi | salmon,303.64,363.00,"Roasted Red Pepper, Couscous, Spinach and 1 more items",286.00,300.90,0.333
dish_1561747075,tortilla | chicken thighs | cheese,646.59,301.00,Chicken or Turkey Cacciatore,478.00,250.00,0.333
dish_1561748274,tortilla | chicken thighs | cheese,558.51,260.00,Chicken Casserole,205.00,220.00,0.333
dish_1561748862,brown rice | salmon,154.77,87.00,"Salmon, Sesame Seeds",132.00,86.40,0.333
dish_1561748950,honeydew melons | brown rice | salmon,197.25,205.00,"Salmon, Honeydew Melons",155.00,170.00,0.667
dish_1561749016,salmon | brown rice | honeydew melons,280.12,272.00,"Mixed Salad Greens, Honeydew Melons, Salmon",244.00,375.40,0.667
dish_1561749061,salmon | honeydew melons,302.86,360.00,"Bean Sprouts, Cherry Tomatoes, Mixed Salad Greens and 2 more items",202.00,313.40,0.200
dish_1561749348,brown rice | salmon,165.45,93.00,"White Rice, Cooked Fish",224.00,185.00,0.333
dish_1561749392,chicken thighs | cheese | salmon | tortilla,416.78,210.00,"White Rice, Fish, Cooked Vegetable Type Stew (Including Potatoes, Carrots, Onions and Celery)",265.00,311.80,0.000
dish_1561749664,brown rice | salmon,288.20,162.00,"Salmon, White Rice",254.00,175.00,1.000
dish_1561749711,salmon | brown rice,300.08,228.00,"Cherry Tomatoes, Salmon",273.00,310.00,0.333
dish_1561749750,broccoli | brown rice | salmon,330.53,315.00,"Broccoli, Salmon, Cherry Tomatoes and 1 more items",314.00,408.00,0.400
dish_1561749778,broccoli | salmon | brown rice,334.53,340.00,"Salmon, Broccoli, Cherry Tomatoes and 2 more items",315.00,416.00,0.333
dish_1561749818,brown rice | salmon | broccoli,340.03,395.00,"Red Onions, Cucumber, Cherry Tomatoes and 3 more items",325.00,498.00,0.286
dish_1561749857,brown rice | salmon | broccoli | brussels sprouts,366.58,447.00,"Radish, Cherry Tomatoes, Brussels Sprouts and 4 more items",309.00,584.40,0.375
dish_1561749908,brown rice | brussels sprouts | broccoli | salmon,377.26,472.00,"Brussels Sprouts, Radish, Broccoli and 5 more items",332.00,649.40,0.333
dish_1561751897,brown rice | salmon,354.02,199.00,"Arugula Lettuce, White Rice, Salmon",308.00,225.00,0.667
dish_1561751958,brown rice | salmon,381.23,293.00,"Yellow Summer Squash, Salmon, Brown Rice and 3 more items",299.00,345.30,0.333
dish_1561752035,brown rice | salmon,454.94,374.00,"Brussels Sprouts, Buckwheat, Salmon and 2 more items",474.00,283.40,0.167
dish_1561752449,tortilla | chicken thighs | cheese,287.85,134.00,Potato Pancake,189.00,100.00,0.000
dish_1561752481,tortilla | cheese | chicken thighs,297.98,169.00,"Wheat Flour Fritter, Zucchini",471.00,250.00,0.000
dish_1561752509,tortilla | chicken thighs | cheese,321.48,224.00,"Wheat Flour Fritter, Zucchini, Potato",515.00,375.00,0.000
dish_1561752535,tortilla | chicken thighs | caesar salad | cheese,358.00,307.00,"Sweet Potato, Wheat Flour Fritter, Mixed Salad Greens and 1 more items",657.00,535.00,0.000
dish_1561752563,cheese | caesar salad | chicken thighs | tortilla,373.51,367.00,"Wheat Flour Fritter, Cucumber, Sweet Potato and 5 more items",625.00,530.00,0.091
dish_1561752680,cheese pizza,465.32,175.00,Cheese Pizza,789.00,286.00,1.000
dish_1561752970,tortilla | chicken thighs | cheese,642.29,299.00,Potato Pancake,283.00,150.00,0.000
dish_1561752996,cheese | salmon | chicken thighs | tortilla,848.66,415.00,"Meat Loaf, Lasagna with Meat",632.00,350.00,0.000
dish_1561753021,cheese | caesar salad | chicken thighs | salmon | tortilla,918.18,573.00,"Salmon, Mixed Salad Greens, Lasagna with Meat",546.00,420.00,0.167
dish_1561753075,salmon | chicken thighs | caesar salad | cheese | tortilla,945.67,668.00,"Caesar Salad with Romaine, Potato Pancake, Salmon and 1 more items",562.00,380.00,0.286
dish_1561753168,brown rice | salmon,245.50,138.00,Cooked Fish,159.00,141.70,0.000
dish_1561753203,brown rice | salmon | squash,265.47,207.00,"Zucchini, Salmon",134.00,145.00,0.250
dish_1561753238,brown rice | salmon | tatsoi,298.03,333.00,"Mixed Salad Greens, Zucchini, Cherry Tomatoes and 1 more items",319.00,335.00,0.200
dish_1561753275,brown rice | pineapple | salmon,330.03,397.00,"Cooked Salmon, Pineapple, Zucchini and 2 more items",231.00,396.90,0.400
dish_1561753371,chicken thighs | cheese | tortilla,221.26,103.00,"Tortilla Corn Chips, Pulled Chicken",212.00,125.00,0.667
dish_1561753400,cheese | salmon | tortilla | chicken thighs,354.68,178.00,"Pulled Pork, Salmon",313.00,198.00,0.200
dish_1561753432,salmon | cheese | chicken thighs | tortilla,380.32,238.00,"Potato, Arugula Lettuce, Pulled Pork and 1 more items",584.00,495.00,0.143
dish_1561753477,salmon | cheese | chicken thighs | tortilla,432.27,280.00,"Arugula Lettuce, Sweet Potato, Salmon and 1 more items",446.00,346.80,0.143
dish_1561753589,brown rice | salmon,138.76,78.00,"Cooked Salmon, Arugula Lettuce",118.00,87.00,0.333
dish_1561753623,squash | salmon | brown rice,159.31,149.00,"Salmon, Zucchini",177.00,183.40,0.250
dish_1561753649,brown rice | squash | salmon,164.01,196.00,"Zucchini, Salmon",186.00,237.40,0.250
dish_1562007739,caesar salad,28.60,65.00,"Salad Dressing, Romaine Lettuce, Croutons",171.00,121.00,0.000
dish_1562007763,quinoa | caesar salad,290.70,298.00,"Mixed Salad Greens, Chicken",488.00,285.00,0.000
dish_1562007789,caesar salad | quinoa,302.95,322.00,"Chicken, Brussels Sprouts, Mixed Salad Greens",393.00,326.80,0.000
dish_1562007817,quinoa | caesar salad | pork,444.12,391.00,"Caesar Salad with Romaine, Chicken, Brussels Sprouts and 1 more items",734.00,350.00,0.167
dish_1562007842,caesar salad | quinoa | pork,492.28,434.00,"Mixed Salad Greens, Chicken, Couscous and 2 more items",659.00,395.50,0.000
dish_1562007866,caesar salad | quinoa | pork,497.86,465.00,"Couscous, Cherry Tomatoes, Chicken and 3 more items",840.00,472.30,0.143
dish_1562007904,quinoa | pork | caesar salad,525.46,489.00,"Olives, Chicken, Steak and 4 more items",589.00,471.10,0.000
dish_1562008394,cucumbers,2.40,24.00,Cucumber,10.00,84.00,1.000
dish_1562008429,pork,94.47,69.00,"Cucumber, Beef",89.00,88.40,0.000
dish_1562008476,brussels sprouts | pork,120.51,120.00,"Zucchini, Brussels Sprouts, Fried Tofu",407.00,445.00,0.250
dish_1562008517,quinoa | pork | brussels sprouts,401.73,370.00,"Chicken, Cucumber, Brussels Sprouts",299.00,247.40,0.200
dish_1562008549,brussels sprouts | pork | quinoa,417.13,405.00,"Chicken, Lettuce, Cucumber and 1 more items",430.00,277.10,0.167
dish_1562008695,cauliflower,18.00,72.00,Cauliflower,38.00,150.00,1.000
dish_1562008738,arugula | cauliflower,64.07,109.00,"Cauliflower, Blackberries, Lettuce",28.00,145.00,0.333
dish_1562008780,cauliflower,180.85,195.00,"Lettuce, Cauliflower",32.00,190.00,0.500
dish_1562008813,quinoa | cauliflower,214.59,225.00,"Cauliflower, Mixed Salad Greens, Chicken Wing Meat (Broilers or Fryers, Roasted, Cooked)",95.00,169.00,0.333
dish_1562008842,quinoa | pork | cauliflower,355.76,294.00,"Cauliflower, Broccoli, Chicken Wing and 2 more items",344.00,320.00,0.143
dish_1562008936,caesar salad,57.64,131.00,Caesar Salad with Romaine,145.00,85.00,1.000
dish_1562008979,pork | caesar salad,382.94,290.00,"Stir Fried Vegetables, Caesar Salad with Romaine",258.00,235.00,0.333
dish_1562009006,pork | pizza | caesar salad,470.72,323.00,"Chicken Stir Fry, Mixed Salad Greens, Cheese Pizza",446.00,360.00,0.250
dish_1562009098,tofu,70.08,96.00,"Fried Tofu, Mixed Vegetables (Frozen), White Rice",315.00,207.00,0.333
dish_1562009120,brussels sprouts | tofu,95.61,146.00,"White Rice, Brussels Sprouts, Fried Tofu",475.00,480.00,0.667
dish_1562009148,tofu | pork | brussels sprouts,226.55,210.00,"Brussels Sprouts, Kale, White Rice and 1 more items",406.00,290.00,0.400
dish_1562009182,brussels sprouts | tofu | pork,306.23,274.00,"Chicken, Kale, White Rice and 1 more items",382.00,306.00,0.167
dish_1562009314,brussels sprouts,99.57,195.00,Brussels Sprouts,38.00,88.00,1.000
dish_1562009810,brown rice,119.88,108.00,Brown Rice,215.00,195.00,1.000
dish_1562009894,brown rice,244.81,200.00,"Carrots, Lettuce, Brown Rice (Long-Grain, Cooked) and 2 more items",294.00,399.00,0.200
dish_1562009934,quinoa | brown rice,434.91,369.00,"Carrots, Feta Cheese, Brussels Sprouts and 3 more items",602.00,534.00,0.143
dish_1562010048,pork,407.13,199.00,"Sesame Seeds, Carrots, Cabbage and 2 more items",249.00,190.40,0.000
dish_1562010085,brussels sprouts | pork,440.32,264.00,"Brussels Sprouts, Pork, Coleslaw",301.00,220.00,0.667
dish_1562010130,pork | chickpeas,638.19,376.00,"Brussels Sprouts, Chicken, Kale",322.00,224.40,0.000
dish_1562010266,pork,581.03,284.00,"Cabbage, White Rice, Pork",444.00,248.40,0.333
dish_1562010293,pork | caesar salad,633.83,404.00,"Salad Dressing, White Rice, Pork and 2 more items",628.00,445.00,0.200
dish_1562010315,caesar salad | pork,671.11,477.00,"Lettuce, Brussels Sprouts, White Rice and 1 more items",522.00,697.00,0.000
dish_1562010369,pork,141.17,69.00,"Cabbage, Pork",235.00,105.00,0.500
dish_1562010394,pork,188.61,116.00,"Mixed Salad Greens, Chicken Schnitzel",258.00,120.00,0.000
dish_1562010418,pork | brussels sprouts,209.55,157.00,"Brussels Sprouts, Meat Loaf, Mixed Salad Greens",347.00,485.00,0.333
dish_1562010440,pork | brussels sprouts,247.63,191.00,"Brussels Sprouts, Couscous, Mixed Salad Greens",274.00,442.00,0.500
dish_1562010821,pork,274.15,134.00,"Mushrooms, Cabbage, Barley",377.00,229.00,0.000
dish_1562010865,pork,376.24,216.00,"Goji Berry Powder, Cheese, Blackberries and 1 more items",178.00,142.00,0.000
dish_1562010891,pineapple | pork,438.74,341.00,"Goji Berry Powder, Blackberries, Pineapple and 1 more items",126.00,259.80,0.250
dish_1562010929,pork | pineapple,457.27,405.00,"Blackberries, Arugula Lettuce, Pineapple",115.00,257.00,0.333
dish_1562011727,pork,372.35,182.00,"Coleslaw, Fried Tofu, Lentils",576.00,246.00,0.000
dish_1562011765,brussels sprouts | pork,423.92,283.00,"Cabbage, Brussels Sprouts, Pork",279.00,218.00,0.667
dish_1562011794,pork | brussels sprouts,514.64,364.00,"Couscous, Pork, Brussels Sprouts",424.00,286.50,1.000
dish_1562012048,quinoa,278.97,248.00,Chicken,269.00,113.40,0.000
dish_1562012076,quinoa | white rice,525.97,438.00,"Chicken, White Rice",738.00,405.00,0.333
dish_1562085132,bacon,91.97,17.00,Bacon,162.00,30.00,1.000
dish_1562085163,scrambled eggs | bacon,279.93,144.00,"Scrambled Egg, Bacon",716.00,270.50,1.000
dish_1562085185,bacon | hash browns | scrambled eggs,550.51,227.00,"Scrambled Egg, Bacon, Hashed Brown Potatoes",1268.00,466.00,0.500
dish_1562085604,,241.11,423.00,"Pineapple, Raspberries, Blueberries and 1 more items",98.00,216.40,0.000
dish_1562085672,bread,122.08,46.00,Bread,80.00,30.00,1.000
dish_1562086037,,68.97,121.00,"Blackberries, Raspberries",63.00,125.00,
dish_1562086067,yam,178.18,209.00,"Roasted Potato (Fat Added in Cooking), Blackberries, Raspberries",345.00,298.50,0.000
dish_1562086116,scrambled eggs | yam,290.66,285.00,"Roasted Potato (Fat Added in Cooking), Raspberries, Blackberries and 1 more items",417.00,270.00,0.333
dish_1562086501,scrambled eggs,195.36,132.00,Scrambled Egg,424.00,200.00,1.000
dish_1562086564,fruit salad | scrambled eggs,286.81,287.00,"Lettuce, Whipped Cream (Pressurized Container), Scrambled Egg and 5 more items",576.00,430.60,0.143
dish_1562086595,fruit salad | scrambled eggs | yogurt,308.60,324.00,"Scrambled Egg, Cantaloupe Melons, Pineapple and 8 more items",703.00,627.60,0.222
dish_1562086702,bacon,178.53,33.00,Bacon,243.00,45.00,1.000
dish_1562086740,scrambled eggs | bacon,447.89,215.00,"Scrambled Egg, Bacon",402.00,143.00,1.000
dish_1562094621,green beans,10.54,34.00,Edamame Beans Sea Salt,173.00,50.00,1.000
dish_1562094694,green beans,134.60,142.00,"Tomatoes, Green String Beans, Lettuce",57.00,325.00,0.333
dish_1562094730,chicken thighs,428.19,336.00,"Sapphire Smoothie, Couscous, Mixed Salad Greens and 2 more items",523.00,417.00,0.333
dish_1562094877,quinoa | chicken thighs,234.58,155.00,Baked or Fried Coated Chicken Breast with Skin,392.00,150.00,0.500
dish_1562094931,chicken thighs | white beans | fish,376.75,282.00,Chicken,593.00,250.00,0.333
dish_1562095283,spinach (raw),229.52,197.00,"Spinach, Sun-Dried Tomatoes",91.00,90.00,0.500
dish_1562095340,pizza,718.96,381.00,"Cheese Pizza, Sun Dried Tomato Risotto, Arugula Lettuce",1096.00,435.00,0.333
dish_1562096343,cucumbers,6.20,62.00,Cucumber,10.00,85.00,1.000
dish_1562096372,chicken thighs | quinoa,346.71,287.00,"Roasted Broiled or Baked Chicken Breast (Skin Not Eaten), Cucumber",285.00,220.10,0.333
dish_1562096401,chicken thighs | green beans | quinoa,366.86,352.00,"Green String Beans, Cucumber, Chicken Meat (Roasting, Roasted, Cooked)",327.00,370.10,0.500
dish_1562096512,beets | artichokes | garlic,30.34,25.00,Kale,43.00,85.00,0.000
dish_1562096542,green beans,38.09,50.00,"Kale, Green String Beans",27.00,75.00,0.500
dish_1562096584,quinoa | green beans,94.99,90.00,"Couscous, Kale, Green String Beans",127.00,174.00,0.333
dish_1562096608,fish | quinoa,176.71,163.00,"Kale, Couscous, Green String Beans and 1 more items",223.00,305.00,0.250
dish_1562096633,chicken thighs | quinoa | fish,288.70,237.00,"Chicken, Couscous, Green String Beans and 1 more items",558.00,419.50,0.200
dish_1562096907,white beans | fish,297.78,266.00,"Arugula Lettuce, Cooked Dry White Beans (Fat Added in Cooking), Fish and 1 more items",231.00,175.00,0.500
dish_1562096933,white beans | fish,312.66,314.00,"Cooked Pinto, Calico or Red Beans (Fat Not Added in Cooking), Arugula Lettuce, Fish and 1 more items",252.00,150.00,0.500
dish_1562096973,white beans | fish,349.00,350.00,"Fish, Cauliflower, Lettuce and 3 more items",116.00,295.00,0.333
dish_1562097001,white beans | pizza | fish,529.88,418.00,"Fish, Mixed Salad Greens, Green String Beans and 1 more items",431.00,340.00,1.000
dish_1562097624,,77.59,68.00,Cooked Rice,61.00,45.00,0.000
dish_1562097653,beets | onions | lettuce | carrot | arugula,116.17,102.00,"Arugula Lettuce, Brown Rice (Medium-Grain, Cooked), Cheese",166.00,134.00,0.143
dish_1562097673,white beans | fish,345.66,307.00,"Cooked Dry White Beans (Fat Added in Cooking), Arugula Lettuce, Mixed Grain Bread (Includes Whole Grain and 7 Grain) and 1 more items",572.00,346.00,0.500
dish_1562099053,cheese pizza,98.38,37.00,Cheese Pizza,97.00,35.00,1.000
dish_1562099076,cheese pizza | carrot,110.18,61.00,"Plain Pancakes, Cooked Carrots",202.00,150.00,0.333
dish_1562099134,chicken thighs | cheese pizza,271.64,188.00,"Cheese Pizza, Mixed Salad Greens, Baked or Fried Coated Chicken Breast with Skin and 1 more items",801.00,432.00,0.667
dish_1562099157,cheese pizza | chicken thighs,277.53,207.00,"Roasted Potato (Fat Added in Cooking), Chicken Meat (Roasting, Roasted, Cooked), Green String Beans and 2 more items",759.00,505.00,0.500
dish_1562168365,pineapple,70.00,140.00,Pineapple,79.00,165.00,1.000
dish_1562168399,pineapple,128.71,243.00,"Strawberries, Blueberries, Pineapple",133.00,275.00,1.000
dish_1562168427,egg whites | pineapple,193.71,368.00,"Cottage Cheese, Pineapple, Strawberries and 1 more items",252.00,398.00,0.333
dish_1562168450,pineapple | egg whites | roasted potatoes,282.54,431.00,"Pineapple, Scrambled Egg, Blueberries and 2 more items",501.00,479.00,1.000
dish_1562168471,brussels sprouts | roasted potatoes | egg whites | pineapple,312.67,490.00,"Blueberries, Roasted Potato, Brussels Sprouts and 3 more items",430.00,435.00,0.600
dish_1562168648,granola,41.59,32.00,Lettuce,12.00,85.00,0.000
dish_1562168673,honeydew melons,56.35,73.00,"Green String Beans, Lettuce, Granny Smith Apples",51.00,170.00,0.000
dish_1562168696,honeydew melons,95.11,141.00,"Honeydew Melons, Strawberries, Blueberries and 1 more items",99.00,321.00,0.500
dish_1562168800,roasted potatoes | honeydew melons,237.52,242.00,"Strawberries, Lettuce, Blueberries and 2 more items",322.00,445.00,0.667
dish_1562169729,brussels sprouts,25.53,50.00,"Brussels Sprouts, Cooked Pinto, Calico or Red Beans (Fat Not Added in Cooking)",27.00,61.00,0.500
dish_1562169762,scrambled eggs | brussels sprouts,262.33,210.00,"Brussels Sprouts, Scrambled Egg",461.00,285.00,1.000
dish_1562169818,scrambled eggs | granola | brussels sprouts,346.82,275.00,"Lettuce, Scrambled Egg, Dried Cranberries and 1 more items",516.00,384.00,0.500
dish_1562169840,sausage | granola | scrambled eggs,739.66,389.00,"Brussels Sprouts, Scrambled Egg, Lettuce and 1 more items",853.00,482.00,0.400
dish_1562170163,pineapple,53.50,107.00,Pineapple,54.00,112.00,1.000
dish_1562170236,watermelon | pineapple,169.36,333.00,"Pineapple, Raspberries, Watermelon and 2 more items",190.00,520.00,1.000
dish_1562170331,watermelon | roasted potatoes | pineapple,263.83,400.00,"Raspberries, Strawberries, Roasted Potato and 3 more items",327.00,405.00,1.000
dish_1562170356,turkey bacon | pineapple | roasted potatoes,385.33,432.00,"Watermelon, Pineapple, Roasted Potato and 4 more items",357.00,297.50,0.750
dish_1562172561,egg whites,150.80,290.00,Cottage Cheese,233.00,226.00,0.000
dish_1562172600,egg whites | roasted potatoes,263.60,370.00,"Roasted Potato, Scrambled Egg",587.00,299.00,1.000
dish_1562172643,egg whites | roasted potatoes | bacon,734.27,457.00,"Bacon, Scrambled Egg, Roasted Potato",961.00,370.00,1.000
dish_1562173111,chia seeds,792.18,163.00,"Peach, Chia Pudding",236.00,350.00,0.500
dish_1562173175,milk | chia seeds | greek yogurt,165.37,163.00,"Chia Pudding, Pears",199.00,225.80,0.250
dish_1562173200,pineapple | milk | chia seeds | greek yogurt,213.37,259.00,"Chia Pudding, Pineapple",206.00,285.00,0.500
dish_1562173247,chilaquiles,290.55,149.00,Scrambled Egg,481.00,227.00,0.000
dish_1562173267,chilaquiles | bacon,409.57,171.00,"Scrambled Egg, Bacon",568.00,243.00,0.333
dish_1562173381,sausage,389.40,113.00,Sausage Patty,633.00,225.00,1.000
dish_1562173411,bacon | sausage,638.26,159.00,"Bacon, Sausage Patty",528.00,148.00,1.000
dish_1562173742,bacon,81.15,15.00,Bacon,81.00,15.00,1.000
dish_1562180025,bacon | chicken | flour,798.91,256.00,"Coleslaw, Bacon, Baked or Fried Coated Chicken Breast with Skin",674.00,251.00,0.500
dish_1562180089,flour | chicken | bacon,851.30,437.00,"Coleslaw, Butternut Squash, Baked or Fried Coated Chicken Breast with Skin and 2 more items",689.00,366.20,0.333
dish_1562180157,bacon | chicken | flour,1009.18,557.00,"Bacon, Strawberries, Mixed Salad Greens and 2 more items",750.00,405.00,0.500
dish_1562181217,chicken | flour,546.48,199.00,"Coleslaw, Baked or Fried Coated Chicken Breast with Skin",461.00,250.00,0.333
dish_1562181247,bacon | flour | chicken,660.09,220.00,"Coleslaw, Bacon, Baked or Fried Coated Chicken Breast with Skin",526.00,257.80,0.500
dish_1562181285,flour | chicken | bacon,796.92,324.00,"Spinach Salad, Baked or Fried Coated Chicken Breast with Skin, Coleslaw and 1 more items",771.00,355.00,0.400
dish_1562183065,mushroom,16.50,75.00,Mushrooms,22.00,100.00,1.000
dish_1562183096,mushroom | arugula,41.19,95.00,"Mushrooms, Arugula Lettuce",24.00,110.00,1.000
dish_1562183125,mushroom | spinach (raw),88.55,131.00,"Spinach, Mushrooms, Strawberries and 1 more items",34.00,150.00,0.667
dish_1562183151,mushroom | green beans,108.39,195.00,"Broccoli, Spinach, Mushrooms and 3 more items",79.00,284.00,0.333
dish_1562183175,roasted potatoes | green beans | mushroom,290.28,324.00,"Arugula Lettuce, Carrots, Mushrooms and 4 more items",642.00,843.50,0.429
dish_1562183201,pizza | roasted potatoes,558.94,425.00,"Mushrooms, Green String Beans, Potato and 3 more items",910.00,663.00,0.333
dish_1562184604,,211.38,78.00,Roast Beef,227.00,85.00,0.000
dish_1562184628,bacon,444.01,121.00,"Roast Beef, Bacon",460.00,128.00,0.500
dish_1562184663,bacon | fish,600.54,271.00,"Beef, Feta Cheese, Bacon and 1 more items",813.00,258.00,0.200
dish_1562184705,bacon | fish,635.19,376.00,"Broccoli, Green String Beans, Berry Cobbler and 3 more items",1070.00,466.00,0.143
dish_1562602589,sausage,365.28,106.00,"Fresh Pork Sausage, Cheese",554.00,178.00,0.500
dish_1562602627,hash browns | sausage,577.18,171.00,"Fresh Pork Sausage, Hashed Brown Potatoes",921.00,338.00,0.333
dish_1562602657,hash browns | sausage,610.37,236.00,"Broccoli, Pork Sausage (Cooked), Hashed Brown Potatoes",946.00,404.00,0.250
dish_1562602687,sausage | hash browns | scrambled eggs,721.37,311.00,"Brussels Sprouts, Pork Sausage (Cooked), Scrambled Egg and 1 more items",853.00,411.00,0.400
dish_1562602803,chia seeds | greek yogurt | milk,121.74,120.00,"Tapioca Puddings, Blackberries",165.00,144.00,0.000
dish_1562602832,greek yogurt | chia seeds | milk,144.18,188.00,"Blueberries, Strawberries, Chia Pudding and 1 more items",191.00,245.00,0.333
dish_1562602860,milk | chia seeds | greek yogurt | watermelon,165.18,258.00,"Blackberries, Chia Pudding, Blueberries and 2 more items",213.00,348.00,0.500
dish_1562602888,watermelon | egg whites | greek yogurt | chia seeds | milk,209.38,343.00,"Strawberries, Cottage Cheese, Blackberries and 3 more items",337.00,518.00,0.333
dish_1562602918,chia seeds | milk | greek yogurt | sweet potato | watermelon | egg whites,265.62,417.00,"Cottage Cheese, Fried Potatoes, Blackberries and 4 more items",272.00,324.00,0.429
dish_1562602945,greek yogurt | milk | watermelon | sweet potato | egg whites | chia seeds,308.37,492.00,"Raspberries, Cottage Cheese, Blackberries and 4 more items",379.00,418.50,0.250
dish_1562603536,bacon,75.74,14.00,Bacon,162.00,30.00,1.000
dish_1562603569,bacon | sweet potato,121.68,62.00,"Bacon, Roasted Potato",289.00,115.00,1.000
dish_1562603598,bacon | sweet potato,175.26,156.00,"Bacon, Blueberries, Strawberries and 3 more items",926.00,296.00,0.333
dish_1562603626,sweet potato | bacon | pineapple,201.76,209.00,"Bacon, Strawberries, Blueberries and 4 more items",684.00,411.00,0.500
dish_1562603813,hash browns,475.96,146.00,Hashed Brown Potatoes,237.00,113.00,0.000
dish_1562603842,hash browns | granola,594.25,237.00,"Lettuce, Hashed Brown Potatoes",251.00,199.00,0.000
dish_1562603867,hash browns | sausage | granola,1049.12,369.00,"Lettuce, Hashed Brown Potatoes, Fresh Pork Sausage",692.00,355.00,0.200
dish_1562603895,hash browns | scrambled eggs | granola | sausage,1268.16,517.00,"Mixed Salad Greens, Fresh Pork Sausage, Scrambled Egg and 1 more items",1334.00,622.00,0.400
dish_1562605315,scrambled eggs,217.56,147.00,Scrambled Egg,424.00,200.00,1.000
dish_1562605352,brussels sprouts | scrambled eggs,242.07,195.00,"Scrambled Egg, Brussels Sprouts",512.00,309.00,1.000
dish_1562605384,brussels sprouts | scrambled eggs | sweet potato,306.19,262.00,"Roasted Potato, Scrambled Egg, Brussels Sprouts",555.00,319.00,1.000
dish_1562605411,watermelon | brussels sprouts | scrambled eggs | sweet potato,336.49,363.00,"Brussels Sprouts, Tomatoes, Scrambled Egg and 1 more items",571.00,410.00,0.600
dish_1562611522,cheese pizza,132.95,50.00,Cheese Pizza,207.00,75.00,1.000
dish_1562611580,pepperoni pizza,141.00,50.00,"Pepperoni, Cheese, Cheese Pizza and 1 more items",389.00,163.00,0.250
dish_1562611620,pepperoni pizza,199.85,76.00,"Beef, Cheese Pizza",475.00,170.00,0.500
dish_1562611649,pepperoni pizza,278.49,146.00,"Mixed Salad Greens, Cheese Pizza, Beef",365.00,210.00,0.500
dish_1562611680,pepperoni pizza | caesar salad,326.89,256.00,"Cheese Pizza, Chicken Salad, Steak and 1 more items",711.00,355.00,0.667
dish_1562611824,chickpeas,192.57,109.00,"Mixed Salad Greens, Cherry Tomatoes",8.00,45.00,0.000
dish_1562611853,broccoli | chickpeas,267.21,243.00,"Mixed Salad Greens, Broccoli, Cherry Tomatoes",38.00,131.00,0.333
dish_1562611878,chickpeas | broccoli,286.89,311.00,"Broccoli, Mixed Salad Greens, Yellow Summer Squash and 1 more items",54.00,231.00,0.250
dish_1562613010,cod,90.27,128.00,"Grilled Cheese Sandwich, Mixed Salad Greens",304.00,144.00,0.000
dish_1562613045,corn | cod,166.11,207.00,"Corn, Lettuce, Fried Tofu",317.00,270.00,0.250
dish_1562613285,figs | apple | arugula | lemon juice | goat cheese,111.74,84.00,"Sun Dried Tomatoes, Pine Nuts, Carrots and 1 more items",77.00,45.00,0.125
dish_1562613340,apple | arugula | onions | lemon juice | garlic | cilantro | pineapple | white rice | kale | jalapenos | goat cheese | figs,349.39,189.00,"Steak, Carrots, Arugula Lettuce and 1 more items",346.00,182.00,0.154
dish_1562613376,garlic | kale | jalapenos | arugula | figs | goat cheese | cilantro | onions | lemon juice | squash | apple | white rice | pineapple,371.96,267.00,"Yellow Summer Squash, Arugula Lettuce, Steak",234.00,205.00,0.154
dish_1562613403,squash | jalapenos | lemon juice | cilantro | pineapple | white rice | apple | kale | arugula | broccoli | onions | goat cheese | garlic | figs,398.70,315.00,"Broccoli, Beef, Yellow Summer Squash and 1 more items",281.00,250.00,0.200
dish_1562613867,bulgur | shallots | arugula | lemon juice | apple | garlic,83.89,57.00,Arugula Lettuce,22.00,90.00,0.167
dish_1562613898,broccoli,120.64,162.00,"Arugula Lettuce, Broccoli",41.00,131.00,0.500
dish_1562613918,broccoli | squash,133.66,207.00,"Yellow Summer Squash, Arugula Lettuce, Broccoli",55.00,221.00,0.667
dish_1562613974,chicken thighs | broccoli,416.20,375.00,"Arugula Lettuce, Brown Rice, Chicken and 2 more items",445.00,492.00,0.400
dish_1562614088,broccoli,23.45,67.00,Broccoli,15.00,45.00,1.000
dish_1562614121,broccoli | spinach (raw),123.49,155.00,"Broccoli, Spinach",22.00,75.00,1.000
dish_1562614158,broccoli,453.93,301.00,"Beef, Spinach, Broccoli and 1 more items",409.00,304.00,0.250
dish_1562614895,broccoli,51.80,148.00,Broccoli,31.00,91.00,1.000
dish_1562614952,broccoli | chicken thighs,548.11,403.00,"Chicken, Broccoli, Beef",477.00,261.00,0.667
dish_1562614980,chicken thighs | broccoli,566.15,485.00,"Beef, Mushrooms, Broccoli and 1 more items",492.00,331.00,0.500
dish_1562615070,squash,14.47,50.00,"Cooked Rice, Cooked Eggplant (Fat Added in Cooking), Roasted Butternut Squash Ravioli",312.00,195.00,0.333
dish_1562615103,squash,94.29,110.00,"Arugula Lettuce, Yellow Summer Squash, Olives and 3 more items",266.00,291.00,0.200
dish_1562615128,apple | white rice | squash | garlic | goat cheese | pineapple | kale | jalapenos | lemon juice | onions | arugula | cilantro | figs,397.57,244.00,"Roasted Butternut Squash Ravioli, Cooked Dry Chickpeas (Fat Not Added in Cooking), Spinach and 3 more items",470.00,232.00,0.118
dish_1562615153,chicken thighs,468.20,286.00,"Beef, Tomatoes, Yellow Summer Squash and 2 more items",494.00,455.00,0.250
dish_1562615283,pineapple | white rice | lemon juice | jalapenos | kale | onions | garlic | cilantro,176.54,78.00,Beef,245.00,85.00,0.000
dish_1562615324,roasted potatoes,258.32,136.00,"Beef, Sweet Potato",331.00,185.00,0.500
dish_1562615360,roasted potatoes,331.48,191.00,"Spinach, Beef, Sweet Potato and 1 more items",386.00,222.00,0.250
dish_1562615388,roasted potatoes | broccoli,360.18,273.00,"Beets, Broccoli, Pecans and 2 more items",336.00,298.00,0.200
dish_1562617370,pepperoni pizza,155.10,55.00,Cheese Pizza,295.00,107.00,1.000
dish_1562617395,caesar salad | pepperoni pizza,185.90,125.00,"Caesar Salad with Romaine, Cheese Pizza",476.00,205.00,1.000
dish_1562617416,broccoli | pepperoni pizza | caesar salad,200.95,168.00,"Caesar Salad with Romaine, Cheese Pizza, Broccoli",383.00,251.00,1.000
dish_1562617446,broccoli | roasted potatoes | caesar salad | pepperoni pizza,291.19,232.00,"Roasted Potato, Cheese Pizza, Broccoli and 1 more items",294.00,245.00,0.600
dish_1562617470,pepperoni pizza | roasted potatoes | chicken thighs | caesar salad,440.87,321.00,"Lettuce, Roasted Potato, Broccoli and 2 more items",536.00,361.00,0.500
dish_1562617492,roasted potatoes | caesar salad | pepperoni pizza | chicken thighs,558.56,373.00,"Chicken, Cheese Pizza, Broccoli and 3 more items",1266.00,630.00,0.667
dish_1562617703,frozen yogurt,179.63,110.00,Ice Cream,302.00,150.00,0.000
dish_1562617939,chickpeas,234.97,133.00,"Cooked Dry Chickpeas (Fat Not Added in Cooking), Lettuce",88.00,127.50,0.500
dish_1562618000,chicken thighs | chickpeas,685.99,448.00,"Arugula Lettuce, Spinach, White Rice and 2 more items",373.00,326.00,0.167
dish_1562686492,chicken apple sausage,160.00,100.00,Fresh Pork Sausage,608.00,200.00,1.000
dish_1562686520,chicken apple sausage | scrambled eggs,346.48,226.00,"Scrambled Egg, Pork Sausage Patty or Link",763.00,300.00,1.000
dish_1562686548,scrambled eggs | yam | chicken apple sausage,413.49,280.00,"Sweet Potato, Potato, Scrambled Egg",1583.00,1324.00,0.250
dish_1562686577,chicken apple sausage | scrambled eggs | yam,556.56,531.00,"Blueberries, Raspberries, Pineapple and 5 more items",1142.00,645.60,0.400
dish_1562686664,,119.13,209.00,"Blueberries, Strawberries",74.00,174.00,
dish_1562687246,bell peppers,115.42,61.00,"Spinach, Carrots, Cherry Tomatoes",15.00,60.00,0.000
dish_1562687274,garlic | bell peppers | cucumbers | radishes,161.02,141.00,"Strawberries, Carrots, Cherry Tomatoes and 2 more items",58.00,192.80,0.000
dish_1562687299,honeydew melons,180.82,196.00,"Blueberries, Honeydew Melons, Carrots and 3 more items",109.00,316.20,0.250
dish_1562687527,chicken apple sausage | honeydew melons,203.22,210.00,"Cherry Tomatoes, Strawberries, Croutons and 4 more items",112.00,318.30,0.167
dish_1562687554,waffles | chicken apple sausage,409.33,281.00,"Plain Waffle, Granny Smith Apples, Fresh Pork Sausage and 5 more items",433.00,332.00,0.333
dish_1562688382,chicken apple sausage,113.60,71.00,Roasted Potato,373.00,250.00,0.000
dish_1562688482,roasted potatoes | chicken apple sausage | grapes,193.46,169.00,"Grapes, Beef Meatballs, Potato",253.00,189.00,0.500
dish_1562688524,chicken apple sausage | grapes | roasted potatoes | watermelon,215.36,242.00,"Grapes, Roasted Potato, Watermelon",186.00,225.00,0.750
dish_1562688552,grapes | roasted potatoes | watermelon | chicken apple sausage,235.82,304.00,"Cantaloupe Melons, Grapes, Watermelon and 1 more items",200.00,451.00,0.400
dish_1562689519,cottage cheese,169.54,173.00,Cottage Cheese,233.00,226.00,1.000
dish_1562689548,pineapple | cottage cheese,216.54,267.00,"Rice Pudding, Pineapple",362.00,322.50,0.333
dish_1562689601,broccoli,20.61,37.00,Broccoli,29.00,85.00,1.000
dish_1562689645,bacon | scrambled eggs,302.43,169.00,"Scrambled Egg, Broccoli, Bacon",601.00,275.00,0.667
dish_1562690047,onions | lime | lettuce | cucumbers | cherry tomatoes,68.64,68.00,"Spinach, Cucumber, Tomatoes and 1 more items",16.00,70.00,0.286
dish_1562690074,bacon,263.40,104.00,"Carrots, Bacon, Cherry Tomatoes and 2 more items",130.00,114.00,0.200
dish_1562690112,chicken apple sausage | bacon,428.20,207.00,"Pork Sausage (Cooked), Bacon, Tomatoes and 3 more items",974.00,345.00,0.333
dish_1562690144,chicken apple sausage | scrambled eggs | bacon,645.76,354.00,"Tomatoes, Fresh Pork Sausage, Scrambled Egg and 4 more items",1148.00,505.00,0.429
dish_1562690886,broccoli,20.61,37.00,Broccoli,29.00,85.00,1.000
dish_1562690917,broccoli,69.06,122.00,"Blueberries, Strawberries, Cooked Broccoli (Fat Added in Cooking)",93.00,195.00,1.000
dish_1562690950,pineapple | broccoli,109.06,202.00,"Strawberries, Bananas, Blueberries and 2 more items",123.00,272.50,0.667
dish_1562691000,pineapple | scrambled eggs,326.62,349.00,"Broccoli, Blueberries, Scrambled Egg and 2 more items",792.00,527.30,0.667
dish_1562691032,pineapple | scrambled eggs | roasted potatoes,419.68,415.00,"Strawberries, Blueberries, Pineapple and 3 more items",592.00,415.00,0.750
dish_1562691064,fried rice | pineapple | scrambled eggs | roasted potatoes,555.30,501.00,"Broccoli, Strawberries, Pineapple and 4 more items",771.00,531.50,0.500
dish_1562691383,yam,86.87,70.00,Sweet Potato,86.00,100.00,0.000
dish_1562691409,yam | scrambled eggs,225.99,164.00,"Scrambled Egg, Sweet Potato",510.00,300.00,0.333
dish_1562691441,broccoli | scrambled eggs | yam,263.87,232.00,"Sweet Potato, Scrambled Egg, Broccoli",525.00,345.00,0.500
dish_1562691466,broccoli | yam | chicken apple sausage | scrambled eggs,319.87,267.00,"Scrambled Egg, Sweet Potato, Broccoli and 1 more items",921.00,472.00,0.600
dish_1562691538,egg whites,49.92,96.00,"Ricotta Cheese, Broccoli, Butter and 1 more items",295.00,243.50,0.000
dish_1562691566,broccoli | egg whites,100.61,187.00,"Butter, Cauliflower, Broccoli",68.00,144.50,0.250
dish_1562691613,egg whites | broccoli | yam | sweet potato,213.67,300.00,"Sweet Potato, Cod, Broccoli",296.00,276.00,0.400
dish_1562691674,sweet potato | broccoli | egg whites | yam | greek yogurt | chicken apple sausage | milk,376.98,435.00,"Cauliflower, Sweet Potato, Fresh Pork Sausage and 2 more items",560.00,461.00,0.333
dish_1562691705,yam | egg whites | milk | greek yogurt | sweet potato | watermelon | broccoli | chicken apple sausage,412.68,554.00,"Tomato Sauce, Broccoli, Mushrooms and 3 more items",167.00,367.00,0.273
dish_1562691737,broccoli | egg whites | yam | chicken apple sausage | sweet potato | watermelon | pineapple,485.68,700.00,"Watermelon, Sweet Potato, Pineapple and 2 more items",565.00,524.50,0.500
dish_1562698100,squash,24.02,83.00,Guava,204.00,300.00,0.000
dish_1562698132,lentils | squash | fish,128.10,178.00,"Zucchini, Onions, Chicken and 2 more items",334.00,432.90,0.000
dish_1562698209,millet | beef,284.13,135.00,Steak,427.00,170.00,0.000
dish_1562698239,beef | white rice,407.63,230.00,"Pork Chop, White Rice",739.00,385.00,0.333
dish_1562698276,broccoli | white rice | beef,434.58,307.00,"Pork, Broccoli, White Rice",500.00,361.00,0.500
dish_1562699570,brown rice,24.42,22.00,Brown Rice,50.00,45.00,1.000
dish_1562699612,brown rice | quinoa,98.39,74.00,Brown Rice,215.00,195.00,0.500
dish_1562699652,brown rice | quinoa,132.18,103.00,"Spinach, Brown Rice",135.00,170.00,0.333
dish_1562699699,quinoa | beef | brown rice,372.11,217.00,"Brown Rice, Spinach, Beef",549.00,338.40,0.500
dish_1562700496,cauliflower,31.00,124.00,Cauliflower,12.00,50.00,1.000
dish_1562700568,fish | cauliflower | lentils,246.86,318.00,"Soybeans (Mature Seeds, Steamed, Cooked), Cooked Fish, Cauliflower and 4 more items",353.00,430.00,0.250
dish_1562700593,cauliflower | fish | lentils | beef,385.77,384.00,"Cauliflower, Arugula Lettuce, White Rice and 2 more items",308.00,265.00,0.143
dish_1562700685,mushroom,24.20,110.00,"Cooked Mushrooms, Raw Whole Pine Nuts",60.00,87.80,0.500
dish_1562700718,mushroom | beef | millet,329.38,255.00,"Cooked Mushrooms, Steak, Green Bell Pepper",303.00,315.00,0.250
dish_1562700760,beef | cauliflower | mushroom,370.13,418.00,"Beef, Cauliflower, Mashed Potato and 1 more items",407.00,329.00,0.750
dish_1562700885,cauliflower,29.25,117.00,Cauliflower,12.00,50.00,1.000
dish_1562700906,squash | cauliflower,59.64,222.00,"Yellow Summer Squash, Zucchini, Cauliflower and 1 more items",47.00,230.00,0.500
dish_1562700931,squash | cauliflower,164.23,312.00,"Yellow Summer Squash, Salad Dressing, Arugula Lettuce and 2 more items",91.00,190.00,0.500
dish_1562700957,fish | squash | cauliflower | lentils,286.93,424.00,"Cauliflower, Lettuce, Chicken and 2 more items",456.00,445.00,0.286
dish_1562701956,cherry tomatoes,6.84,38.00,Cherry Tomatoes,18.00,100.00,1.000
dish_1562702007,cherry tomatoes | squash,24.78,100.00,"Zucchini, Cherry Tomatoes, Carrots",45.00,250.00,0.250
dish_1562702044,squash | cherry tomatoes | cauliflower,44.03,177.00,"Cauliflower, Cherry Tomatoes, Zucchini",74.00,360.00,0.500
dish_1562702091,cherry tomatoes | cauliflower | squash,86.53,214.00,"Pineapple, Cauliflower, Zucchini and 3 more items",64.00,267.00,0.286
dish_1562702132,fish | squash | lentils | cauliflower,245.39,359.00,"Tuna Salad, Pineapple, Mixed Salad Greens and 3 more items",261.00,304.00,0.125
dish_1562702355,lettuce,68.88,99.00,"Lettuce, Raw Whole Pine Nuts, Olives and 1 more items",152.00,147.60,0.333
dish_1562702379,lettuce | cauliflower,100.88,227.00,"Feta Cheese, Cauliflower, Olives and 1 more items",92.00,214.00,0.667
dish_1562702412,cauliflower | quinoa,183.39,285.00,"Berry Cobbler, Cauliflower, Mixed Salad Greens and 1 more items",302.00,249.00,0.250
dish_1562702441,cauliflower | quinoa | watermelon,209.19,371.00,"Mixed Salad Greens, Feta Cheese, Watermelon and 2 more items",466.00,334.00,0.400
dish_1562702469,quinoa | cauliflower | beef,541.73,529.00,"Beef, Onions, Tomatoes and 3 more items",568.00,700.40,0.286
dish_1562702813,lettuce,41.05,59.00,"Olives, Lettuce, Onions",47.00,125.00,0.500
dish_1562702853,beef,272.57,169.00,"Lettuce, Olives, Braised Beef",122.00,200.00,0.500
dish_1562702892,fish | beef | lentils,457.71,338.00,"Onions, Cheese, Lettuce and 2 more items",445.00,360.00,0.000
dish_1562703345,pizza,154.28,58.00,"Mozzarella Cheese, Green Bell Pepper, Pizza Dough and 2 more items",569.00,240.60,0.200
dish_1562703382,pizza,203.87,145.00,"Blackberries, Cheese Pizza, Raspberries",324.00,200.00,1.000
dish_1562703408,pizza | beef,311.21,196.00,"Blackberries, Cheese Pizza, Beef and 1 more items",526.00,248.00,1.000
dish_1562703447,beef | pizza,384.43,259.00,"Meatless Spinach Quiche, Mixed Salad Greens",349.00,225.00,0.000
dish_1562704528,cheese pizza,148.90,56.00,Cheese Pizza,331.00,120.00,1.000
dish_1562704564,cheese pizza | beef,292.02,124.00,"Cheese Pizza, Beef",452.00,160.00,1.000
dish_1562704616,squash | beef | cheese pizza,317.78,213.00,"Zucchini, Cheese Pizza, Beef",551.00,262.00,0.500
dish_1562704640,beef | squash | cheese pizza,333.28,275.00,"Mashed Potato, Zucchini, Cheese Pizza and 1 more items",572.00,360.00,0.400
dish_1562704665,cheese pizza | caesar salad | beef,387.84,399.00,"Zucchini, Steak, Mashed Cauliflower and 2 more items",644.00,397.00,0.400
dish_1562774099,granola,51.99,40.00,Mixed Salad Greens,14.00,85.00,0.000
dish_1562774129,granola,73.08,77.00,"Blueberries, Mixed Salad Greens, Strawberries",28.00,86.00,0.000
dish_1562774159,cantaloupe,90.76,129.00,"Blueberries, Cantaloupe Melons, Spinach and 1 more items",80.00,225.00,0.500
dish_1562774180,cantaloupe | roasted potatoes,164.08,181.00,"Mixed Salad Greens, Strawberries, Roasted Potato and 2 more items",333.00,489.00,1.000
dish_1562774206,scrambled eggs | roasted potatoes | cantaloupe,298.76,272.00,"Blueberries, Strawberries, Potato and 3 more items",772.00,727.50,1.000
dish_1562774346,cheese | scrambled eggs,422.65,264.00,"Carrots, Ketchup, Scrambled Egg",450.00,243.00,0.250
dish_1562774475,sausage | roasted potatoes,320.96,128.00,"Roasted Potato, Pork Sausage (Cooked)",437.00,185.00,1.000
dish_1562774504,sausage | roasted potatoes,335.36,176.00,"Fresh Pork Sausage, Roasted Potato, Watermelon",482.00,325.00,0.667
dish_1562774531,sausage | roasted potatoes,379.82,254.00,"Roasted Potato, Pork Sausage (Cooked), Blueberries and 2 more items",359.00,297.80,0.667
dish_1562774980,oatmeal,136.68,201.00,"Oatmeal, Goji Berry Powder",182.00,240.00,0.500
dish_1562775047,oatmeal,284.88,461.00,"Strawberries, Blueberries, Oatmeal and 1 more items",239.00,473.80,1.000
dish_1562775110,honeydew melons,101.52,282.00,"Honeydew Melons, Watermelon",54.00,161.00,0.500
dish_1562775212,oatmeal,92.48,136.00,Oatmeal,149.00,240.00,1.000
dish_1562775241,oatmeal,140.36,220.00,"Blueberries, Strawberries, Oatmeal",199.00,372.50,1.000
dish_1562775275,cantaloupe | oatmeal,173.68,318.00,"Blueberries, Strawberries, Cantaloupe Melons and 1 more items",240.00,480.00,1.000
dish_1562775356,scrambled eggs,177.60,120.00,Scrambled Egg,424.00,200.00,1.000
dish_1562775373,bacon | scrambled eggs,329.08,148.00,"Bacon, Scrambled Egg",667.00,245.00,1.000
dish_1562775456,sweet potato,50.16,66.00,Croutons,116.00,25.00,0.000
dish_1562775488,egg whites | sweet potato,91.24,145.00,"Feta Cheese, Croutons",314.00,100.00,0.000
dish_1562775510,egg whites | sweet potato | brussels sprouts,114.22,190.00,"Cod, Brussels Sprouts, Fried Tofu",555.00,295.00,0.200
dish_1562775549,egg whites | brussels sprouts | sweet potato | cottage cheese,174.98,252.00,"Brussels Sprouts, Cod, Cottage Cheese and 2 more items",796.00,456.60,0.333
dish_1562775574,egg whites | brussels sprouts | sweet potato | cottage cheese | pineapple,242.48,387.00,"Pineapple, Roasted Potato, Mozzarella Cheese and 2 more items",495.00,453.00,0.667
dish_1562776428,brussels sprouts,33.70,66.00,Brussels Sprouts,38.00,88.00,1.000
dish_1562776465,sweet potato | brussels sprouts,173.43,212.00,"Herb Roasted Brussels Sprouts, Roasted Potato",310.00,244.00,1.000
dish_1562776497,brussels sprouts | sweet potato | scrambled eggs,291.83,292.00,"Roasted Potato, Scrambled Egg, Brussels Sprouts",600.00,425.00,1.000
dish_1562777000,scrambled eggs,195.36,132.00,Scrambled Egg,424.00,200.00,1.000
dish_1562777037,brussels sprouts | scrambled eggs,215.27,171.00,"Scrambled Egg, Brussels Sprouts",355.00,235.00,1.000
dish_1562777068,brussels sprouts | scrambled eggs,236.72,236.00,"Strawberries, Scrambled Egg, Blueberries and 1 more items",592.00,515.00,1.000
dish_1562777099,sweet potato | scrambled eggs | brussels sprouts,303.72,306.00,"Strawberries, Roasted Potato, Scrambled Egg and 2 more items",575.00,377.00,1.000
dish_1562777566,toast,263.00,84.00,"Bread, Strawberries, Jam Preserves",159.00,134.00,0.000
dish_1562783605,,75.60,270.00,"Red Cabbage, Carrots, Lettuce",65.00,305.00,0.000
dish_1562783691,grilled chicken,421.69,423.00,"Lettuce, Carrots, Fried Tofu and 3 more items",500.00,390.00,0.000
dish_1562784242,pizza,85.12,32.00,Cheese Pizza,276.00,100.00,1.000
dish_1562784266,corn on the cob | pizza,131.80,76.00,"Cheese Pizza, Corn",319.00,150.00,1.000
dish_1562784307,pizza | eggplant | corn on the cob,158.52,157.00,"Cheese Pizza, Corn, Eggplant",399.00,220.00,1.000
dish_1562784347,pizza | corn on the cob | eggplant | bulgur,315.99,264.00,"Feta Cheese, Cheese Pizza, Spinach and 4 more items",465.00,319.00,0.375
dish_1562784388,corn on the cob | pilaf | pizza | bulgur,465.64,358.00,"Feta Cheese, Corn, Bulgur and 5 more items",568.00,535.00,0.333
dish_1562785132,fish | country rice,211.54,192.00,"Lentils, Tomato Sauce, Fried Sweetpotato and 1 more items",781.00,383.00,0.000
dish_1562785159,caesar salad | country rice | fish,265.66,315.00,"Croutons, Sweet Potato, Parmesan Cheese (Shredded) and 2 more items",676.00,430.00,0.000
dish_1562785184,caesar salad | country rice | eggplant | fish,290.40,390.00,"Eggplant, Tomato Sauce, Fried Tofu and 1 more items",386.00,323.00,0.167
dish_1562785328,bulgur,133.92,91.00,Mixed Salad Greens,10.00,60.00,0.000
dish_1562785369,bulgur | pork,440.58,232.00,"Broccoli, Roasted Light Turkey Meat (Skin Not Eaten), Mixed Salad Greens",160.00,214.00,0.000
dish_1562786103,frozen yogurt,93.08,57.00,Penne,184.00,117.00,0.000
dish_1562787745,garlic | bulgur | shallots | lemon juice | arugula | apple,85.36,58.00,"Cauliflower, Radish, Arugula Lettuce",14.00,62.00,0.125
dish_1562787783,pilaf,114.01,76.00,"Bulgur, Cauliflower, Mixed Salad Greens and 1 more items",103.00,231.00,0.000
dish_1562787817,pilaf | pork,348.90,184.00,"Radish, Couscous, Arugula Lettuce and 2 more items",260.00,247.90,0.200
dish_1562787848,pilaf | pork | corn on the cob,416.80,248.00,"Cauliflower, Corn on the Cob, Bulgur and 4 more items",307.00,342.80,0.250
dish_1562787956,caesar salad,26.84,61.00,"Salad Dressing, Romaine Lettuce",148.00,130.00,0.000
dish_1562787983,caesar salad | cantaloupe,56.76,149.00,"Salad Dressing, Lettuce, Cantaloupe Melons",157.00,200.00,0.333
dish_1562788010,caesar salad | eggplant | cantaloupe,67.64,182.00,"Eggplant, Cantaloupe Melons, Lettuce",78.00,295.00,0.500
dish_1562788032,caesar salad | cantaloupe | pork | eggplant,137.24,214.00,"Eggplant, Cantaloupe Melons, Chicken Breast and 1 more items",298.00,408.00,0.333
dish_1562788506,corn on the cob,114.59,108.00,Corn on the Cob,0.00,0.00,1.000
dish_1562788536,pilaf | corn on the cob,245.13,190.00,"Spinach, Carrots, Pineapple and 2 more items",208.00,249.20,0.167
dish_1562788568,pilaf | corn on the cob | fish,289.20,230.00,"Carrots, Lettuce, Brown Rice and 3 more items",407.00,415.00,0.125
dish_1562788601,fish | corn on the cob | pork | pilaf,413.17,287.00,"Spinach, Corn, Brown Rice and 2 more items",386.00,295.00,0.125
dish_1562788732,fish,57.29,52.00,Green Bean Casserole,151.00,150.00,0.000
dish_1562788760,pork | fish,331.32,178.00,"Green Bean Casserole, Pork Loin (Tenderloin)",267.00,235.00,0.333
dish_1562788794,white rice | pork | fish,465.22,281.00,"Loin Pork Roast (Lean and Fat Eaten), Green Bean Casserole, White Rice",557.00,361.40,0.500
dish_1562788816,pork | corn on the cob | fish | white rice,506.60,320.00,"White Rice, Green Bean Casserole, Turkey Light Meat (Cooked, Roasted) and 1 more items",622.00,470.00,0.333
dish_1562788845,white rice | corn on the cob | fish | pork,529.48,372.00,"White Rice, Mixed Salad Greens, Corn and 1 more items",420.00,407.50,0.750
dish_1562789207,cheese pizza,146.24,55.00,Cheese Pizza,276.00,100.00,1.000
dish_1562789240,cheese pizza | pork,361.56,154.00,"Chicken Breast, Cheese Pizza",624.00,270.00,0.333
dish_1562789268,pork | corn on the cob | cheese pizza,569.51,350.00,"Chicken, Corn, Cheese Pizza",926.00,577.00,0.500
dish_1562789301,caesar salad | corn on the cob | cheese pizza | pork,606.91,435.00,"Corn, Cheese Pizza, Mixed Salad Greens and 1 more items",660.00,618.00,0.400
dish_1562789328,tofu | corn on the cob | pork | caesar salad | cheese pizza,656.55,503.00,"Cheese Pizza, Mixed Salad Greens, Corn and 4 more items",997.00,852.50,0.375
dish_1562790170,arugula,103.69,84.00,"Radish, Arugula Lettuce, Tomatoes and 1 more items",143.00,260.00,0.250
dish_1562790224,walnuts,312.75,116.00,"Walnuts, Arugula Lettuce",188.00,48.00,0.500
dish_1562790259,walnuts | grilled chicken,518.59,207.00,"Chicken, Arugula Lettuce, Walnuts",392.00,133.40,0.667
dish_1562790295,walnuts | grilled chicken,538.71,268.00,"Arugula Lettuce, Chicken, Walnuts and 1 more items",269.00,148.00,0.500
dish_1562790321,walnuts | pizza | grilled chicken,767.47,354.00,"Cheese Pizza, Eggplant, Walnuts and 2 more items",450.00,227.00,0.600
dish_1562790775,bell peppers | cucumbers | garlic | radishes,75.69,40.00,"Feta Cheese, Spinach, Carrots",27.00,42.00,0.000
dish_1562790824,country rice | fish,437.07,368.00,"Spinach, Scrambled Egg Sandwich",431.00,230.00,0.000
dish_1562790855,fish | pork | country rice,739.38,507.00,"Scrambled Egg, Spinach, Pork Loin (Tenderloin)",401.00,256.40,0.200
dish_1562859116,scrambled eggs,145.04,98.00,Scrambled Egg,254.00,120.00,1.000
dish_1562860045,scrambled eggs | bacon,280.29,123.00,"Scrambled Egg, Bacon",580.00,168.00,1.000
dish_1562860073,scrambled eggs | bacon,357.81,259.00,"Blueberries, Scrambled Egg, Strawberries and 1 more items",860.00,365.00,1.000
dish_1562860700,pineapple,23.50,47.00,Pineapple,40.00,82.50,1.000
dish_1562860723,pineapple,87.91,160.00,"Blueberries, Pineapple, Strawberries",89.00,201.30,1.000
dish_1562861103,bell peppers,94.61,50.00,"Carrots, Spinach",30.00,85.00,0.000
dish_1562861125,egg whites,190.81,235.00,"Carrots, Spinach, Mozzarella Cheese",371.00,198.00,0.000
dish_1562861174,egg whites | bacon,401.80,274.00,"Spinach, Bacon, Mashed Potato and 1 more items",471.00,311.20,0.200
dish_1562862493,scrambled eggs,198.32,134.00,Scrambled Egg,424.00,200.00,1.000
dish_1562862550,cream cheese | scrambled eggs | bagels,364.52,257.00,"English Muffin, Cream Cheese, Strawberries and 1 more items",568.00,320.00,0.500
dish_1562871297,cheese pizza,124.97,47.00,Cheese Pizza,331.00,120.00,1.000
dish_1562871363,white rice | cheese pizza,245.87,140.00,"White Rice, Cheese Pizza",595.00,325.00,1.000
dish_1562871408,cheese pizza | squash | white rice,271.34,228.00,"White Rice, Cheese Pizza, Zucchini and 1 more items",624.00,510.00,0.750
dish_1562871448,white rice | squash | cheese pizza | brussels sprouts,295.85,276.00,"Yellow Summer Squash, White Rice, Brussels Sprouts and 1 more items",630.00,469.00,1.000
dish_1562871488,white rice | mushroom | squash | brussels sprouts | cheese pizza,321.59,393.00,"Cheese Pizza, White Rice, Mushrooms and 2 more items",633.00,533.00,0.667
dish_1562871537,white rice | grilled chicken | cheese pizza,685.77,554.00,"Chicken, Cheese Pizza, Brussels Sprouts and 3 more items",732.00,548.00,0.500
dish_1562871731,bok choy,17.03,131.00,"Chinese Cabbage (Bok-Choy, Pak-Choi)",11.00,85.00,1.000
dish_1562872150,mushroom,7.48,34.00,Mushrooms,18.00,80.00,1.000
dish_1562872182,mushroom | bok choy,41.54,296.00,"Mushrooms, Chinese Cabbage (Bok-Choy, Pak-Choi)",30.00,170.00,1.000
dish_1562872223,chicken | bok choy,306.86,468.00,"Mushrooms, Chicken, Chinese Cabbage (Bok-Choy, Pak-Choi) and 1 more items",771.00,535.00,0.500
dish_1562872365,bok choy,9.88,76.00,"Chinese Cabbage (Bok-Choy, Pak-Choi)",11.00,85.00,1.000
dish_1562872396,chicken | bok choy,179.56,186.00,"Chinese Cabbage (Bok-Choy, Pak-Choi), Bread Stuffing, Chicken",496.00,319.00,0.667
dish_1562872432,chicken,259.08,257.00,"Chicken, Couscous, Tomatoes and 1 more items",532.00,449.00,0.333
dish_1562872470,fish | chicken,286.38,282.00,"Chinese Cabbage (Bok-Choy, Pak-Choi), Beef, Tomatoes and 2 more items",486.00,418.00,0.200
dish_1562872498,chicken,306.26,320.00,"Chinese Cabbage (Bok-Choy, Pak-Choi), Chicken, Couscous and 3 more items",649.00,529.00,0.200
dish_1562872662,corn | fish,133.22,122.00,"Brown Rice (Medium-Grain, Cooked), Greens, Cooked Fish",209.00,190.00,0.333
dish_1562872746,fish | corn | arugula,242.36,203.00,"Ancient Grain Mix, Mixed Salad Greens, Tangerine",170.00,240.00,0.000
dish_1562872914,fish | corn,135.40,124.00,"Crunchy Golden Fish Sticks, Tomatoes, Pickles",214.00,253.00,0.250
dish_1562872945,corn | fish,258.60,234.00,"Potato Salad, Eggplant Parmesan",402.00,263.50,0.000
dish_1562872981,corn | fish,268.32,288.00,"Potato Salad, Cherry Tomatoes, Eggplant Parmesan",515.00,485.00,0.000
dish_1562873002,fish | corn,278.26,307.00,"Green String Beans, Cherry Tomatoes, Potato Salad and 1 more items",499.00,460.10,0.000
dish_1562873028,fish | corn,280.34,320.00,"Potato Salad, Cherry Tomatoes, Green String Beans and 2 more items",271.00,465.00,0.167
dish_1562873155,green beans,41.34,79.00,Green String Beans,31.00,100.00,1.000
dish_1562873187,green beans | bok choy,64.22,255.00,"Green String Beans, Chinese Cabbage (Bok-Choy, Pak-Choi)",26.00,135.00,1.000
dish_1562873224,fish | corn | green beans | bok choy,261.86,436.00,"Green String Beans, Chinese Cabbage (Bok-Choy, Pak-Choi), Cooked Garlic and 1 more items",339.00,275.00,0.600
dish_1562873264,fish | country rice,503.60,595.00,"Brown Rice, Fried Battered Fish, Green String Beans and 1 more items",431.00,348.00,0.500
dish_1562873416,caesar salad,52.36,119.00,"Lettuce, Tomatoes",22.00,139.00,0.000
dish_1562873495,caesar salad | cheese pizza,140.11,152.00,"Mixed Salad Greens, Lasagna with Meat",299.00,260.00,0.000
dish_1562873544,fish | cheese pizza | caesar salad,193.61,201.00,"Fish, Lettuce, Tomatoes and 2 more items",358.00,314.00,0.400
dish_1562873790,lettuce | lime | onions | cucumbers | cherry tomatoes,75.71,75.00,Mixed Salad Greens,10.00,60.00,0.000
dish_1562873814,green beans,106.58,134.00,"Mixed Salad Greens, Green String Beans",45.00,159.00,1.000
dish_1562873838,chicken,427.44,342.00,"Mixed Salad Greens, Green String Beans, Chicken Meat (Roasting, Roasted, Cooked)",354.00,280.00,0.500
dish_1562874049,cheese pizza,412.14,155.00,"Sour Dough Roll, Tomato Sauce, Mozzarella Cheese and 1 more items",1474.00,550.00,0.250
dish_1562874203,sour cream | corn | fish,362.52,332.00,"Corn, Quinoa, Fried Tofu and 1 more items",649.00,271.50,0.167
dish_1562874250,fish | corn | sour cream,394.44,393.00,"Corn, Green String Beans, Fried Tofu and 1 more items",383.00,230.00,0.167
dish_1562874282,corn | caesar salad | sour cream | fish,427.88,469.00,"Croutons, Tomatoes, Fried Tofu and 5 more items",1131.00,590.00,0.091
dish_1562875159,pizza,260.68,98.00,"Cheese, Sour Dough Roll, Basil and 3 more items",748.00,290.50,0.167
dish_1562875211,pizza | caesar salad,282.24,147.00,"Caesar Salad with Romaine, Cheese Pizza",918.00,365.00,1.000
dish_1562875241,chicken | pizza,479.69,275.00,"Mixed Salad Greens, Baked or Fried Coated Chicken Breast with Skin, Cheese Pizza",867.00,405.00,1.000
dish_1562875273,pizza | chicken,495.91,306.00,"Baked or Fried Coated Chicken Breast with Skin, Cheese Pizza, Green String Beans and 1 more items",882.00,455.00,0.667
dish_1562875320,chicken | country rice | pizza,603.86,377.00,"Cheese Pizza, Chicken, Green String Beans and 2 more items",908.00,535.00,0.750
dish_1562875833,corn | fish,156.15,143.00,Plain French Toast,366.00,150.00,0.000
dish_1562875870,fish | corn,256.95,233.00,"Tomatoes, Couscous, Fish",166.00,179.00,0.333
dish_1562875898,bok choy | corn | fish,271.12,342.00,"Couscous, Chinese Cabbage (Bok-Choy, Pak-Choi), Cherry Tomatoes",198.00,337.00,0.250
dish_1562875940,country rice | fish,386.67,418.00,"Chinese Cabbage (Bok-Choy, Pak-Choi), Brown Rice, Couscous and 1 more items",321.00,374.00,0.250
dish_1562876494,chicken,40.11,26.00,"Couscous, Chicken, Green String Beans",253.00,142.50,0.500
dish_1562876531,chicken | caesar salad,66.07,85.00,"Romaine Lettuce, Salad Dressing, Chicken and 1 more items",175.00,133.40,0.250
dish_1562876618,cheese pizza,114.34,43.00,Cheese Pizza,193.00,70.00,1.000
dish_1562876645,chicken | cheese pizza,220.77,112.00,"Cheese Pizza, Baked or Fried Coated Chicken Breast with Skin",723.00,270.00,1.000
dish_1562876674,cheese pizza | chicken | country rice,289.19,157.00,"White Rice, Baked or Fried Coated Chicken Breast with Skin, Cheese Pizza",715.00,320.00,1.000
dish_1562876709,chicken | cheese pizza | country rice,304.37,186.00,"Cheese Pizza, White Rice, Green String Beans and 1 more items",812.00,400.00,0.750
dish_1562876732,cheese pizza | caesar salad | country rice | chicken,350.57,291.00,"Cheese Pizza, Romaine Lettuce, Chicken Leg and 3 more items",802.00,490.00,0.500
dish_1562876756,cheese pizza | caesar salad | chicken | country rice,354.60,322.00,"Rice Pilaf, Green String Beans, Apples and 3 more items",746.00,515.00,0.500
dish_1562945131,broccoli,37.32,67.00,"Strawberries, Broccoli, Pineapple and 1 more items",142.00,361.30,0.500
dish_1562945186,broccoli | greek yogurt | chia seeds | milk,191.53,219.00,"Raspberries, Broccoli, Blueberries and 3 more items",462.00,418.00,0.167
dish_1562945332,chia seeds | broccoli | greek yogurt | egg whites | milk,246.65,325.00,"Bananas, Cottage Cheese, Ground Meat and 1 more items",615.00,490.00,0.143
dish_1562945393,chia seeds | broccoli | greek yogurt | egg whites | sweet potato | milk,319.39,401.00,"Scrambled Egg, Ground Beef, Roasted Potato and 2 more items",933.00,507.00,0.375
dish_1562945445,sweet potato | broccoli | greek yogurt | egg whites | milk | chia seeds | grapes,362.17,463.00,"Cottage Cheese, Ground Beef, Blueberries and 5 more items",569.00,456.40,0.300
dish_1562945499,broccoli | greek yogurt | sweet potato | grapes | chia seeds | milk | egg whites,454.51,625.00,"Blackberries, Raspberries, Strawberries and 6 more items",556.00,590.00,0.200
dish_1562945779,granola,37.70,29.00,Lettuce,12.00,85.00,0.000
dish_1562945803,honeydew melons,50.30,64.00,"Mixed Salad Greens, Cantaloupe Melons",34.00,115.00,1.000
dish_1562945823,honeydew melons | cantaloupe,62.20,99.00,"Mixed Salad Greens, Honeydew Melons, Cantaloupe Melons",65.00,200.00,1.000
dish_1562945851,cantaloupe | honeydew melons,91.27,150.00,"Honeydew Melons, Strawberries, Mixed Salad Greens and 2 more items",97.00,268.00,1.000
dish_1562945879,succotash | cantaloupe | honeydew melons,174.43,234.00,"Blueberries, Corn & Black Bean Salad, Strawberries and 3 more items",207.00,359.00,0.500
dish_1562945900,honeydew melons | succotash | roasted potatoes,240.70,281.00,"Corn, Mixed Salad Greens, Potato and 5 more items",372.00,414.00,0.333
dish_1562946006,sausage | scrambled eggs,535.98,224.00,"Fresh Pork Sausage, Scrambled Egg",901.00,364.00,1.000
dish_1562946075,sausage | scrambled eggs,557.88,297.00,"Fresh Pork Sausage, Watermelon, Scrambled Egg",924.00,440.00,0.667
dish_1562946106,sausage | scrambled eggs,578.96,359.00,"Fresh Pork Sausage, Watermelon, Cantaloupe Melons and 1 more items",778.00,456.00,0.500
dish_1562947020,scrambled eggs | cheese,533.12,333.00,Scrambled Egg,424.00,200.00,0.500
dish_1562947376,pineapple,36.50,73.00,Pineapple,40.00,82.50,1.000
dish_1562947409,pineapple,103.19,190.00,"Strawberries, Pineapple, Blueberries",75.00,175.70,1.000
dish_1562947436,sausage | pineapple,282.38,242.00,"Strawberries, Fresh Pork Sausage, Blueberries and 1 more items",416.00,290.50,1.000
dish_1562947469,roasted potatoes | pineapple | sausage,392.36,320.00,"Strawberries, Fresh Pork Sausage, Pineapple and 1 more items",322.00,267.50,0.667
dish_1562947503,sausage | roasted potatoes | egg whites | pineapple,438.12,408.00,"Pineapple, Fresh Pork Sausage, Blueberries and 2 more items",409.00,311.00,0.400
dish_1562947598,cantaloupe,87.72,258.00,Cantaloupe Melons,54.00,160.00,1.000
dish_1562947885,grapes,215.97,313.00,Grapes,104.00,151.00,1.000
dish_1562949162,bacon,64.92,12.00,Bacon,151.00,28.00,1.000
dish_1562949205,cantaloupe | bacon,80.22,57.00,"Bacon, Cantaloupe Melons",116.00,101.00,1.000
dish_1562949242,bacon | cantaloupe | sweet potato,139.56,119.00,"Bacon, Cantaloupe Melons, Roasted Potato",228.00,176.00,1.000
dish_1562949467,bok choy,24.66,72.00,"Chinese Cabbage (Bok-Choy, Pak-Choi)",6.00,45.00,1.000
dish_1562949494,bok choy,68.55,149.00,"Leek, Raspberries, Blackberries",47.00,87.00,0.000
dish_1562949541,turkey bacon | scrambled eggs,494.23,374.00,"Blackberries, Scrambled Egg, Fresh Pork Sausage and 2 more items",954.00,484.00,0.250
dish_1562950018,roasted potatoes,200.22,142.00,Roasted Potato,112.00,75.00,1.000
dish_1562950057,scrambled eggs | roasted potatoes,320.10,223.00,"Scrambled Egg, Roasted Potato",654.00,344.00,1.000
dish_1562950091,roasted potatoes | scrambled eggs | sausage,550.98,290.00,"Boiled Potato (without Peel, Fat Not Added in Cooking), Scrambled Egg, Fresh Pork Sausage",617.00,317.50,1.000
dish_1562950895,sweet potato,137.82,144.00,Roasted Potato,232.00,156.00,1.000
dish_1562950934,sweet potato | egg whites,304.22,464.00,"Roasted Potato, Scrambled Egg",650.00,340.20,1.000
dish_1562956486,tofu,103.66,142.00,"Fried Tofu, Cherry Tomatoes, Mushrooms",354.00,270.00,0.333
dish_1562956510,pork | tofu,221.17,199.00,"Mushrooms, Fried Tofu, Pork and 1 more items",575.00,306.00,0.500
dish_1562958445,,24.15,21.00,Date,338.00,120.00,0.000
dish_1562958563,chicken salad,130.84,68.00,"Olives, Chicken Salad",116.00,92.00,1.000
dish_1562958603,chicken salad | chickpeas,171.84,93.00,"Chicken Salad, Cooked Dry Chickpeas (Fat Not Added in Cooking), Olives",329.00,222.00,1.000
dish_1562958629,chicken salad | chickpeas | artichokes,208.97,172.00,"Cooked Dry Chickpeas (Fat Not Added in Cooking), Olives, Cooked Artichoke (from Fresh) and 1 more items",579.00,589.50,1.000
dish_1562958721,carrot | cabbage | rice noodles,125.72,167.00,"Carrots, Lettuce, Radish and 1 more items",32.00,154.50,0.400
dish_1562958775,rice noodles,227.18,251.00,"Radish, Cabbage, Carrots and 1 more items",42.00,122.00,0.000
dish_1562958809,rice noodles | pork,511.67,389.00,"Radish, Cabbage, Pork and 3 more items",392.00,346.70,0.333
dish_1562958998,quinoa | fish,109.09,104.00,"Chicken Schnitzel, Tomato Sauce, Arugula Lettuce",370.00,163.00,0.000
dish_1562959024,quinoa | pizza | fish,319.23,183.00,"Cheese Pizza, Arugula Lettuce, Chicken Schnitzel",1147.00,405.00,0.200
dish_1562959059,pizza | fish | roasted potatoes,365.76,216.00,"Cheese Pizza, Potato, Baked or Fried Coated Chicken Breast with Skin",1040.00,450.00,0.500
dish_1562959103,parsnips | roasted potatoes | pizza | fish,395.01,255.00,"Baked or Fried Coated Chicken Breast with Skin, Cheese Pizza, Mushrooms and 1 more items",1103.00,550.00,0.333
dish_1562959129,fish | pizza | parsnips | roasted potatoes,412.87,293.00,"Potato, Cheese Pizza, Fish and 2 more items",839.00,568.00,0.500
dish_1562959190,fish | roasted potatoes | pizza | parsnips,518.80,378.00,"Baked Breaded or Battered Fish, Mixed Salad Greens, Cheese Pizza and 4 more items",1049.00,625.00,0.429
dish_1562959295,radishes,3.04,19.00,Radish,5.00,30.00,0.000
dish_1562959344,radishes | cucumbers,5.54,44.00,"Radish, Cucumber",9.00,60.00,0.333
dish_1562959379,radishes | arugula,57.07,85.00,"Cucumber, Radish, Arugula Lettuce and 1 more items",48.00,79.00,0.200
dish_1562959485,arugula,45.24,36.00,Arugula Lettuce,2.00,10.00,1.000
dish_1562959517,spinach (raw) | arugula | chard | cherry tomatoes | pumpkin seeds | carrot | lettuce | figs | cucumbers,91.14,74.00,Mixed Salad Greens,14.00,85.00,0.000
dish_1562959547,fish,165.62,145.00,"Arugula Lettuce, Zucchini, Chicken",217.00,175.00,0.000
dish_1562959570,fish | pork,311.99,216.00,"Potato, Chicken, Arugula Lettuce",424.00,315.00,0.000
dish_1562959599,roasted potatoes | pork | fish,403.64,281.00,"Roasted Potato, Fish, Broccoli and 1 more items",389.00,350.00,0.400
dish_1562959700,pork | white rice | sugar,315.41,153.00,Pork Stir Fry,127.00,110.00,0.333
dish_1562959732,pork | parsnips | sugar | white rice,374.66,232.00,"Potato, Pork Stir Fry",309.00,275.00,0.200
dish_1562959766,sugar | rice noodles | pork | parsnips,431.13,307.00,"Noodles, Cabbage, Carrots and 2 more items",523.00,375.00,0.286
dish_1562959799,pork | parsnips | rice noodles | sugar,498.77,363.00,"Noodles, Potato, Fried Tofu and 2 more items",528.00,314.00,0.125
dish_1562960437,roasted potatoes,97.29,69.00,Roasted Potato,298.00,200.00,1.000
dish_1562960472,roasted potatoes | caesar salad,139.97,166.00,"Caesar Salad Dressing, Croutons, Romaine Lettuce",236.00,140.00,0.250
dish_1562960520,pork | caesar salad | roasted potatoes,422.40,303.00,"Croutons, Chicken, Romaine Lettuce and 1 more items",531.00,245.00,0.167
dish_1562961588,pizza,178.22,67.00,"Tempeh, Cheese Pizza",372.00,150.00,0.500
dish_1562961609,pizza | pork,423.54,186.00,"White Rice, Spinach, Fried Tofu and 1 more items",707.00,325.00,0.200
dish_1562961650,pork | pizza | fish,555.71,312.00,"Fried Tofu, Spinach, White Rice and 1 more items",693.00,320.00,0.167
dish_1562963006,quinoa | fish,259.10,247.00,Chicken Stir Fry,247.00,220.00,0.000
dish_1562963033,quinoa | fish | roasted potatoes,356.39,316.00,"Tomatoes, Lettuce, Roasted Potato and 1 more items",488.00,447.00,0.400
dish_1562963059,fish | quinoa | roasted potatoes,369.53,389.00,"Chicken Stew with Potatoes and Vegetables in Tomato-Based Sauce, Potato, Cherry Tomatoes",483.00,620.00,0.200
dish_1562963084,quinoa | roasted potatoes | fish,375.13,424.00,"Radish, Potato, Cherry Tomatoes and 1 more items",769.00,819.40,0.400
dish_1562963109,fish | quinoa | roasted potatoes,381.53,488.00,"Cheeseburger Casserole, Radish, Cucumber and 2 more items",683.00,587.00,0.143
dish_1562963153,fish | quinoa | roasted potatoes,386.48,521.00,"Cherry Tomatoes, Radish, Lettuce and 3 more items",457.00,720.00,0.125
dish_1562963246,cheese pizza,324.40,122.00,Cheese Pizza,789.00,286.00,1.000
dish_1562963289,caesar salad | cheese pizza,349.92,180.00,"Cheese Pizza, Mixed Salad Greens",406.00,227.00,0.500
dish_1562963325,sugar | pork | cheese pizza,760.16,379.00,"Cheese Pizza, Mixed Salad Greens, White Rice and 1 more items",900.00,473.00,0.200
dish_1562963484,arugula,100.54,80.00,"Cucumber, Cherry Tomatoes, Feta Cheese and 1 more items",62.00,164.00,0.250
dish_1562963517,fish | quinoa,552.65,511.00,"Chicken, Arugula Lettuce, Cucumber and 2 more items",400.00,402.00,0.000
dish_1562963583,pizza,138.32,52.00,Cheese Pizza,331.00,120.00,1.000
dish_1562963612,pizza | caesar salad,184.08,156.00,"Cheese Pizza, Mixed Salad Greens",345.00,205.00,0.500
dish_1562963648,caesar salad | pizza | rice noodles,252.59,247.00,"Cheese Pizza, Mixed Salad Greens, Spaghetti",565.00,345.00,0.250
dish_1562963676,roasted potatoes | caesar salad | pizza | rice noodles,397.82,350.00,"Lettuce, Croutons, Potato and 2 more items",940.00,659.00,0.286
dish_1562963704,roasted potatoes | caesar salad | pork | rice noodles | pizza,663.76,479.00,"Potato, Cheese Pizza, Lettuce and 3 more items",1071.00,630.00,0.286
dish_1563205877,chicken apple sausage,56.00,35.00,Pork Sausage Patty or Link,773.00,228.00,1.000
dish_1563205903,chicken apple sausage | egg whites,101.24,122.00,"Sausage Pizza (Regular Slice), Scrambled Egg",345.00,155.00,1.000
dish_1563205927,egg whites | yam | sweet potato | chicken apple sausage,160.27,181.00,"Cauliflower, Fresh Pork Sausage, Sweet Potato",263.00,250.00,0.400
dish_1563205953,yam | sweet potato | egg whites | pineapple | chicken apple sausage,218.77,298.00,"Scrambled Egg, Pineapple, Sausage Patty and 1 more items",862.00,525.20,0.500
dish_1563205982,egg whites | yam | chicken apple sausage | sweet potato | pineapple,316.24,469.00,"Strawberries, Scrambled Egg, Pineapple and 3 more items",651.00,447.50,0.600
dish_1563206409,scrambled eggs | cheese,443.46,277.00,"Cheddar Cheese, Scrambled Egg",538.00,228.30,1.000
dish_1563206562,yam | sweet potato,98.21,68.00,Roasted Potato (Fat Added in Cooking),298.00,200.00,0.500
dish_1563206582,yam | egg whites | sweet potato,229.25,320.00,"Roasted Potato (Fat Added in Cooking), Mashed Potato",583.00,500.00,0.250
dish_1563206601,sweet potato | turkey bacon | egg whites | yam,293.80,337.00,"Mashed Potato, Bacon, Roasted Carrots",306.00,298.00,0.400
dish_1563207277,yam | sweet potato,153.09,106.00,Roasted Potato (Fat Added in Cooking),149.00,100.00,0.500
dish_1563207301,yam | egg whites | sweet potato,187.93,173.00,"Mashed Potato, Roasted Potato (Fat Added in Cooking)",403.00,305.00,0.250
dish_1563207332,scrambled eggs | yam | egg whites | sweet potato,288.57,241.00,"Sweet Potato, Scrambled Egg, Cottage Cheese",521.00,423.00,0.500
dish_1563207364,scrambled eggs | yam | grapes | egg whites | sweet potato,309.27,271.00,"Scrambled Egg, Pineapple, Grapes and 2 more items",542.00,375.50,0.500
dish_1563207389,pineapple | sweet potato | scrambled eggs | egg whites | grapes | yam,337.27,327.00,"Mozzarella Cheese, Sweet Potato, Grapes and 2 more items",569.00,401.50,0.667
dish_1563207406,scrambled eggs | pineapple | egg whites | yam | watermelon | sweet potato | grapes,372.07,443.00,"Cottage Cheese, Roasted Potato (Fat Added in Cooking), Watermelon and 3 more items",766.00,698.50,0.714
dish_1563208094,yam | sweet potato,160.31,111.00,Sweet Potato,172.00,200.00,0.500
dish_1563208129,yam | sweet potato | scrambled eggs,426.71,291.00,"Roasted Potato (Fat Added in Cooking), Scrambled Egg",624.00,324.00,0.667
dish_1563208412,chicken apple sausage,62.40,39.00,Falafel,583.00,175.00,0.000
dish_1563208439,chicken apple sausage,92.61,96.00,"Plain Pancakes, Raspberries",382.00,263.00,0.000
dish_1563208459,yam | sweet potato | chicken apple sausage,186.49,161.00,"Raspberries, Roasted Potato (Fat Added in Cooking), Sausage Patty",969.00,442.50,0.667
dish_1563216381,broccoli,34.65,99.00,Broccoli,29.00,85.00,1.000
dish_1563216412,white rice | broccoli,172.45,205.00,"Broccoli, White Rice",295.00,296.00,1.000
dish_1563216440,chicken breast | white rice | broccoli,403.79,352.00,"White Rice, Broccoli, Spinach and 1 more items",718.00,441.00,0.750
dish_1563216625,chicken breast,171.54,109.00,Chicken Schnitzel,356.00,120.00,1.000
dish_1563216659,chicken breast | squash,190.06,173.00,"Chicken (Breaded and Fried), Zucchini",458.00,225.00,0.333
dish_1563216689,squash | broccoli | chicken breast,235.21,302.00,"Yellow Summer Squash, Broccoli, Chicken (Breaded and Fried)",401.00,301.00,1.000
dish_1563216717,squash | chicken breast | broccoli,246.01,332.00,"Apples, Breaded Chicken Patty, Fillet or Tenders, Broccoli and 1 more items",426.00,331.00,0.400
dish_1563217736,broccoli,23.45,67.00,Broccoli,15.00,45.00,1.000
dish_1563217774,mangos | arugula | broccoli | tomatoes,96.14,265.00,"Zucchini, Lettuce, Broccoli and 2 more items",87.00,321.00,0.286
dish_1563217804,white rice | pork,492.93,459.00,"Lettuce, Yellow Summer Squash, Tomatoes and 4 more items",300.00,465.00,0.125
dish_1563217895,arugula,26.80,73.00,"Peach, Cucumber, Mixed Salad Greens and 1 more items",57.00,117.50,0.000
dish_1563217939,white rice | pork,227.24,171.00,"Chicken, Mixed Salad Greens, White Rice and 2 more items",367.00,350.00,0.200
dish_1563217968,white rice | broccoli | pork,252.79,244.00,"Mixed Salad Greens, Apples, Pork and 2 more items",430.00,353.50,0.750
dish_1563217993,pork | squash | broccoli,279.71,337.00,"Apples, White Rice, Broccoli and 3 more items",502.00,434.00,0.143
dish_1563218031,broccoli | pork | chicken breast,419.77,426.00,"Sweet Potato, Peach, Broccoli and 4 more items",799.00,605.00,0.286
dish_1563218201,grilled chicken,352.87,156.00,"Chicken Meat (Roasting, Roasted, Cooked)",234.00,140.00,1.000
dish_1563218408,pepperoni pizza,245.34,87.00,"Cheese Pizza, Pepperoni, Mozzarella Cheese",524.00,180.00,0.333
dish_1563218959,white rice | pork,267.94,131.00,"Pork, White Rice, Zucchini",372.00,252.50,0.667
dish_1563218987,pepperoni pizza | pork,383.56,172.00,"14"" Pepperoni Pizza, White Rice, Meat and 1 more items",616.00,320.00,0.250
dish_1563219009,pepperoni pizza | pork,388.36,202.00,"Cheese Pizza, White Rice, Pork and 3 more items",712.00,415.00,0.333
dish_1563219035,pepperoni pizza | pork,410.21,221.00,"Pulled Pork, 14"" Pepperoni Pizza, Celery and 3 more items",696.00,420.00,0.400
dish_1563219056,pepperoni pizza | pork,416.87,258.00,"Pepperoni, Celery, Cheese Pizza and 5 more items",701.00,670.00,0.143
dish_1563220058,pepperoni pizza,146.64,52.00,"Tomato Sauce, Pepperoni, Pizza Dough and 2 more items",517.00,300.00,0.200
dish_1563220087,broccoli | pepperoni pizza,162.74,98.00,"14"" Pepperoni Pizza, Broccoli",346.00,165.00,1.000
dish_1563220109,pepperoni pizza | squash | broccoli,184.74,174.00,"Broccoli, Cheese Pizza, Yellow Summer Squash",362.00,265.00,1.000
dish_1563220143,pepperoni pizza | chicken breast,425.51,327.00,"Baked or Fried Coated Chicken Breast with Skin, Cheese Pizza, Broccoli and 1 more items",794.00,510.00,0.500
dish_1563220171,brown rice | chicken breast | pepperoni pizza,465.47,363.00,"Yellow Summer Squash, Chicken (Breaded and Fried), White Rice and 2 more items",987.00,560.00,0.600
dish_1563220767,pork | white rice,265.89,130.00,"Chicken Meat (Roasting, Roasted, Cooked)",142.00,85.00,0.000
dish_1563220802,white rice | pork | broccoli,308.59,252.00,"Broccoli, Chicken",232.00,176.00,0.250
dish_1563220987,pork | white rice,224.99,110.00,"Spinach, Pork",233.00,99.00,0.333
dish_1563221025,white rice | pork | chicken breast,245.45,123.00,"Spinach, Pork, Toasted White Bread",306.00,125.00,0.200
dish_1563221054,chicken breast | pork,298.88,170.00,"Bread, Spinach, Lettuce and 2 more items",314.00,190.00,0.167
dish_1563221086,chicken breast | pork | broccoli,328.28,254.00,"Pork, Broccoli, Spinach",268.00,206.00,0.500
dish_1563221157,broccoli | black beans | pork,418.15,352.00,"Pork, Broccoli, Spinach and 1 more items",295.00,291.00,0.400
dish_1563221495,pepperoni pizza | chicken breast,365.27,164.00,"Chicken Casserole, Cheese Pizza",471.00,270.00,1.000
dish_1563221519,chicken breast | pepperoni pizza,379.97,206.00,"Broccoli, Chicken Casserole, 14"" Pepperoni Pizza",464.00,310.00,0.667
dish_1563221562,chicken breast | pepperoni pizza,395.60,260.00,"Chicken Casserole, Butternut Squash, Broccoli and 1 more items",489.00,380.00,0.500
dish_1563221602,pepperoni pizza | chicken breast,447.89,306.00,"Spinach Salad, Butternut Squash, Carrots and 3 more items",548.00,459.00,0.333
dish_1563221640,pepperoni pizza | chicken breast,469.19,364.00,"Mixed Salad Greens, Chicken, Cheese Pizza and 2 more items",593.00,481.00,0.500
dish_1563222745,pepperoni pizza,135.36,48.00,"Mozzarella Cheese, Pepperoni, Cheese Pizza",486.00,163.00,0.333
dish_1563222775,pork | pepperoni pizza,190.58,75.00,"14"" Pepperoni Pizza, Chicken",410.00,156.70,0.333
dish_1563222800,chicken breast | pork | pepperoni pizza,302.32,146.00,"Cheese Pizza, Chicken",734.00,290.00,0.667
dish_1563222830,broccoli | chicken breast | pork | pepperoni pizza,325.07,211.00,"Broccoli, Cheese Pizza, Pork and 1 more items",893.00,426.00,1.000
dish_1563222850,pork | broccoli | pepperoni pizza | brown rice | chicken breast,348.38,232.00,"Cheese Pizza, Pork, Buckwheat and 2 more items",993.00,453.10,0.667
dish_1563294408,pineapple,41.50,83.00,Pineapple,79.00,165.00,1.000
dish_1563294441,pineapple | watermelon,65.20,162.00,"Pineapple, Watermelon",63.00,158.50,1.000
dish_1563294465,pineapple | watermelon | grapes,116.95,237.00,"Grapes, Watermelon, Pineapple",115.00,234.50,1.000
dish_1563294491,pineapple | grapes | watermelon,146.98,328.00,"Blueberries, Strawberries, Pineapple and 2 more items",113.00,269.00,1.000
dish_1563294522,sweet potato | yam | watermelon | pineapple | grapes,250.97,400.00,"Roasted Potato (Fat Added in Cooking), Grapes, Pineapple and 3 more items",236.00,372.50,0.800
dish_1563294547,yam | sweet potato | grapes | watermelon | hash browns | pineapple,430.27,455.00,"Grapes, Sweet Potato, Hashed Brown Potatoes and 3 more items",281.00,330.50,0.429
dish_1563294575,hash browns | grapes | sweet potato | egg whites | yam | pineapple,485.91,562.00,"White Rice, Roasted Potato (Fat Added in Cooking), Grapes and 4 more items",592.00,608.50,0.375
dish_1563294987,bacon,97.38,18.00,Bacon,54.00,10.00,1.000
dish_1563295016,bacon | pineapple,127.88,79.00,"Bacon, Pineapple",283.00,129.00,1.000
dish_1563295044,yam | sweet potato | pineapple | bacon,241.98,158.00,"Bacon, Roasted Potato (Fat Added in Cooking), Roasted Potato and 1 more items",544.00,302.50,0.600
dish_1563295292,bacon,119.02,22.00,Bacon,81.00,15.00,1.000
dish_1563295334,bacon | scrambled eggs,228.54,96.00,"Bacon, Scrambled Egg",667.00,245.00,1.000
dish_1563295360,bacon | scrambled eggs | broccoli,275.89,181.00,"Broccoli, Scrambled Egg, Bacon",725.00,312.50,1.000
dish_1563295400,broccoli | yam | sweet potato | scrambled eggs | bacon,402.98,269.00,"Broccoli, Bacon, Scrambled Egg and 2 more items",861.00,427.00,0.667
dish_1563302315,mushroom,13.86,63.00,Cooked Mushrooms,38.00,80.00,1.000
dish_1563302345,mushroom | chicken,265.86,215.00,"Berry Cobbler, Bread Stuffing, Mushrooms",273.00,220.00,0.250
dish_1563302391,roasted potatoes | chicken,401.22,311.00,"Chicken, Roasted Potato, Mushrooms",596.00,375.00,0.667
dish_1563302420,chicken | roasted potatoes | carrot,435.63,381.00,"Mushrooms, Carrots, Chicken and 1 more items",907.00,750.00,0.750
dish_1563302447,chicken | carrot | roasted potatoes,561.42,440.00,"Carrots, Cooked Mushrooms, Mixed Salad Greens and 2 more items",322.00,325.00,0.750
dish_1563303298,chicken,170.76,103.00,Baked or Fried Coated Chicken Breast with Skin,392.00,150.00,1.000
dish_1563303350,chicken | carrot,202.22,167.00,"Carrots, Chicken",348.00,171.80,1.000
dish_1563303386,roasted potatoes | chicken | carrot,274.13,218.00,"Pecans, Roasted Potato, Carrots and 1 more items",439.00,329.40,0.750
dish_1563304261,kale,30.21,37.00,"Fried Tofu, Kale",119.00,113.00,0.500
dish_1563304301,kale | roasted potatoes,190.95,151.00,"Roasted Potato, Kale",275.00,241.00,1.000
dish_1563304333,chicken | roasted potatoes,451.24,308.00,"Chicken, Roasted Potato, Kale",543.00,354.00,0.667
dish_1563304369,roasted potatoes | chicken,457.17,326.00,"Kale, Chicken, Roasted Potato",559.00,361.00,0.667
dish_1563304881,chicken,739.41,446.00,"Chicken Meat (Roasting, Roasted, Cooked), Dill",285.00,171.50,0.500
dish_1563304925,beef | chicken,874.46,508.00,"Beef, Chicken, Dill",825.00,335.00,0.667
dish_1563304958,beef | tofu | chicken,951.84,614.00,"Fried Tofu, Greens, Chicken",1021.00,450.00,0.667
dish_1563305005,beef | chicken | tofu,1003.95,720.00,"Fried Tofu, Carrots, Beef and 1 more items",970.00,479.00,0.750
dish_1563305047,tofu | beef | chicken,1032.31,806.00,"Eggplant, Carrots, Dill and 2 more items",923.00,525.70,0.333
dish_1563305083,chicken | beef | tofu,1234.86,901.00,"Arugula Lettuce, Onions, Chicken and 3 more items",793.00,537.00,0.125
dish_1563305321,carrot,32.94,67.00,Cooked Carrots,46.00,85.00,1.000
dish_1563305354,beef | white rice | carrot,340.07,208.00,"Carrots, Beef Stir Fry",279.00,281.00,0.667
dish_1563305401,carrot | quinoa | beef,483.22,332.00,"Carrots, Red Bell Pepper, Beef and 1 more items",296.00,249.00,0.400
dish_1563305513,cheese pizza,606.25,228.00,Cheese Pizza,2318.00,840.00,1.000
dish_1563305653,mushroom,25.74,117.00,Cooked Mushrooms,75.00,156.00,1.000
dish_1563305689,mushroom | cucumbers,30.14,161.00,"Cucumber, Mushrooms",29.00,170.00,1.000
dish_1563305722,mushroom | chicken,434.66,405.00,"Cucumber, Mushrooms, Chicken",499.00,350.00,0.667
dish_1563305837,kale,11.43,14.00,"Kale, Garlic",26.00,41.00,0.500
dish_1563305883,spinach (raw) | kale,83.05,77.00,"Basil, Cherry Tomatoes, Kale",22.00,56.00,0.250
dish_1563305913,mushroom | spinach (raw) | kale,89.65,107.00,"Spinach, Lettuce, Tomatoes and 1 more items",55.00,295.00,0.400
dish_1563305948,chicken,207.36,178.00,"Mushrooms, Spinach, Tomatoes and 2 more items",282.00,370.00,0.200
dish_1563305982,roasted potatoes | chicken,273.63,225.00,"Chicken Meat (Roasting, Roasted, Cooked), Lettuce, Roasted Potato and 3 more items",520.00,490.00,0.333
dish_1563306039,chicken | roasted potatoes | beef,493.64,326.00,"Spinach, Chicken, Roasted Potato and 3 more items",423.00,412.00,0.286
dish_1563306392,chicken,477.47,288.00,"Spinach, Chicken Meat (Roasting, Roasted, Cooked), Tomatoes",277.00,215.00,0.333
dish_1563307488,beef | white rice,538.04,247.00,Beef Stir Fry,254.00,220.00,0.500
dish_1563307519,beef | white rice | carrot,574.12,335.00,"Beef Stir Fry, Cooked Carrots",323.00,348.00,0.667
dish_1563307575,carrot | beef,671.08,419.00,"Beef Stir Fry, Spinach, Carrots",271.00,310.00,0.667
dish_1563308323,carrot,27.06,66.00,Cooked Carrots,43.00,80.00,1.000
dish_1563308353,carrot | eggplant,51.47,140.00,"Eggplant, Carrots",23.00,75.00,1.000
dish_1563308386,carrot | eggplant | roasted potatoes,155.81,214.00,"Cooked Eggplant (Fat Added in Cooking), Roasted Potato, Cooked Carrots",365.00,383.00,1.000
dish_1563308428,carrot | beef | roasted potatoes,406.31,329.00,"Cooked Mushrooms, Boiled Potato (without Peel, Fat Not Added in Cooking), Cooked Carrots and 1 more items",422.00,377.00,0.750
dish_1563309189,,37.95,33.00,Olives,47.00,40.00,
dish_1563309237,bell peppers,49.55,62.00,"Black Olives, Red Bell Pepper, Green Bell Pepper",68.00,151.00,1.000
dish_1563309285,bell peppers | lettuce,59.45,128.00,"Black Olives, Bell Peppers, Red Bell Pepper and 2 more items",53.00,176.00,0.667
dish_1563309315,chicken,613.18,462.00,"Chicken, Lettuce, Olives and 1 more items",630.00,414.00,0.333
dish_1563309353,chicken,625.24,529.00,"Olives, Bell Peppers, Chicken and 3 more items",806.00,648.00,0.200
dish_1563309398,chicken,655.99,604.00,"Fried Tofu, Red Bell Pepper, Chicken and 3 more items",856.00,597.50,0.167
dish_1563389042,carrot,30.48,62.00,"Carrots, Broccoli",33.00,86.00,0.500
dish_1563389079,broccoli | carrot,50.43,119.00,"Yellow Summer Squash, Parsnips, Broccoli and 1 more items",80.00,231.00,0.500
dish_1563389114,carrot | broccoli | arugula,86.53,148.00,"Arugula Lettuce, Yellow Summer Squash, Carrots and 1 more items",59.00,216.00,0.750
dish_1563389153,carrot | bulgur | broccoli,346.45,224.00,"Seven Grain Salad, Broccoli, Yellow Summer Squash and 2 more items",59.00,216.00,0.333
dish_1563389199,broccoli | bulgur | tofu | carrot,390.25,284.00,"Cooked Summer Squash (Fat Added in Cooking), Ancient Grain Mix, Cooked Broccoli and 2 more items",331.00,423.00,0.286
dish_1563389413,broccoli,34.65,99.00,"Zucchini, Broccoli",33.00,106.00,0.500
dish_1563389446,spinach (raw) | broccoli,117.79,173.00,"Zucchini, Mixed Salad Greens, Broccoli and 2 more items",40.00,138.00,0.200
dish_1563389548,grilled chicken,438.83,194.00,"Chicken Meat (Roasting, Roasted, Cooked)",234.00,140.00,1.000
dish_1563389600,grilled chicken,451.43,264.00,"Chicken, Cherry Tomatoes",351.00,305.00,0.500
dish_1563389626,grilled chicken | carrot,498.62,360.00,"Tomatoes, Onions, Carrots",96.00,301.00,0.250
dish_1563389693,carrot | grilled chicken,500.22,383.00,"Parmesan Cheese (Shredded), Carrots",168.00,156.00,0.333
dish_1563389719,carrot | grilled chicken | onions,529.82,457.00,"Parmesan Cheese (Shredded), Carrots, Red Onions",202.00,236.00,0.500
dish_1563389742,onions | grilled chicken | carrot | bell peppers,569.42,556.00,"Red Onions, Jicama, Red Bell Pepper and 2 more items",76.00,214.20,0.600
dish_1563389786,carrot | grilled chicken | bell peppers,640.14,564.00,"Green Bell Pepper, Red Onions, Cabbage and 1 more items",79.00,273.00,0.200
dish_1563391333,squash,23.44,81.00,"Bell Peppers, Zucchini, Yellow Summer Squash and 1 more items",126.00,175.00,0.250
dish_1563391375,squash | fish,84.28,139.00,"Noodles, Bell Peppers, Zucchini and 1 more items",212.00,258.50,0.200
dish_1563391413,fish | chicken thighs | squash,227.06,237.00,"Zucchini, Yellow Summer Squash, Chicken and 2 more items",363.00,374.00,0.333
dish_1563391647,arugula,27.39,22.00,"Raw Whole Pine Nuts, Tomatoes, Black Olives and 1 more items",35.00,53.50,0.000
dish_1563391681,fish | quinoa,154.32,143.00,"Chicken Salad, Mixed Salad Greens",156.00,155.00,0.000
dish_1563391708,fish | pizza | quinoa,319.24,205.00,"Firm Tofu (with Calcium Sulfate), Cheese Pizza, Mixed Salad Greens",451.00,265.00,0.250
dish_1563391922,broccoli | squash | zucchini,24.44,104.00,"Broccoli, Yellow Summer Squash, Zucchini",32.00,155.00,1.000
dish_1563391959,quinoa | fish,245.77,315.00,"Broccoli, White Rice, Fried Battered Fish and 1 more items",454.00,370.00,0.200
dish_1563391989,chicken thighs | fish | quinoa,462.85,464.00,"Broccoli, White Rice, Zucchini and 1 more items",268.00,366.90,0.167
dish_1563392128,quinoa | fish,169.93,162.00,"Cilantro, Chicken, Hot Chili Pepper and 1 more items",446.00,288.00,0.000
dish_1563393148,broccoli | squash | zucchini,27.73,118.00,"Bell Peppers, Red Sweet Pepper, Broccoli",46.00,145.00,0.250
dish_1563393182,zucchini | broccoli | squash | cucumbers,35.23,193.00,"Carrots, Broccoli, Cucumber",62.00,202.00,0.400
dish_1563393217,zucchini | broccoli | squash | onions | cucumbers,49.23,228.00,"Cucumber, Tomatoes, Broccoli and 1 more items",93.00,344.00,0.500
dish_1563393244,broccoli | cucumbers | onions | squash | radishes | zucchini,57.55,280.00,"Red Onions, Radish, Cucumber and 1 more items",56.00,225.00,0.429
dish_1563393341,broccoli | squash | zucchini,27.96,119.00,"Red Bell Pepper, Broccoli, Bell Peppers and 1 more items",62.00,212.00,0.500
dish_1563393366,squash | broccoli | fish | zucchini,89.85,178.00,"Egg, Red Bell Pepper, Bell Peppers and 2 more items",209.00,312.00,0.333
dish_1563393403,broccoli | zucchini | squash | fish,103.15,216.00,"Zucchini, Fried Tofu, Bell Peppers and 1 more items",280.00,259.00,0.333
dish_1563395341,cheese pizza,143.59,54.00,Cheese Pizza,221.00,80.00,1.000
dish_1563395374,cheese pizza | carrot,158.33,84.00,"Sweet Potato, Cheese Pizza",400.00,200.00,0.333
dish_1563395415,carrot | broccoli | cheese pizza,182.54,187.00,"Zucchini, Broccoli, Cheese Pizza and 1 more items",369.00,250.00,0.750
dish_1563395449,carrot | broccoli | cheese pizza,214.64,222.00,"Zucchini, Carrots, Cheese Pizza and 3 more items",394.00,302.00,0.500
dish_1563395480,chicken thighs | cheese pizza,370.52,329.00,"Broccoli, Carrots, Cheese Pizza and 3 more items",458.00,340.00,0.333
dish_1563395510,chicken thighs | cheese pizza | fish,415.63,372.00,"Broccoli, Spinach, Carrots and 4 more items",523.00,441.00,0.429
dish_1563464389,bacon,91.97,17.00,Bacon,162.00,30.00,1.000
dish_1563464429,bacon,140.99,103.00,"Bacon, Blueberries, Strawberries",267.00,123.00,1.000
dish_1563464457,watermelon | bacon,158.99,163.00,"Blueberries, Bacon, Watermelon",287.00,158.50,1.000
dish_1563464480,bacon | watermelon | roasted potatoes,229.49,213.00,"Bacon, Blueberries, Fried Potatoes and 1 more items",385.00,240.00,1.000
dish_1563464543,bacon | roasted potatoes | scrambled eggs,386.37,319.00,"Fresh Pork Sausage, Blueberries, Watermelon and 2 more items",849.00,494.80,0.400
dish_1563464627,cream cheese | bagels,310.50,115.00,"Bagel, Cream Cheese",285.00,100.00,1.000
dish_1563464651,cream cheese | bagels,312.00,130.00,"Cream Cheese, Cucumber, Bagel",498.00,240.00,0.667
dish_1563464670,cream cheese | bagels | mozzarella cheese,384.18,156.00,"Bagel, Cream Cheese, Cucumber and 1 more items",335.00,164.00,0.750
dish_1563465805,roasted potatoes,32.43,23.00,Roasted Potato,224.00,150.00,1.000
dish_1563465847,roasted potatoes | scrambled eggs,267.75,182.00,"Fried Potatoes, Scrambled Egg",518.00,275.00,1.000
dish_1563466280,bacon,357.06,66.00,Pork Country Style Ribs,486.00,340.00,0.000
dish_1563468199,pineapple,53.50,107.00,"Watermelon, Pineapple",87.00,193.00,0.500
dish_1563468240,pineapple | watermelon,93.10,239.00,"Watermelon, Pineapple",63.00,158.50,1.000
dish_1563468269,watermelon | pineapple,129.01,302.00,"Pineapple, Blackberries, Watermelon and 1 more items",98.00,232.00,1.000
dish_1563468299,cottage cheese | pineapple | watermelon,210.35,385.00,"Blackberries, Pineapple, Raspberries and 2 more items",152.00,281.00,1.000
dish_1563468327,yam | sweet potato | cottage cheese | pineapple | watermelon,351.89,483.00,"Blackberries, Cottage Cheese, Roasted Potato (Fat Added in Cooking) and 4 more items",712.00,835.00,0.667
dish_1563468362,cottage cheese | pineapple | watermelon | sweet potato | yam | egg whites,411.69,598.00,"Raspberries, Blackberries, Tomatoes and 3 more items",321.00,519.50,0.429
dish_1563475788,pineapple,39.00,78.00,Pineapple,67.00,140.00,1.000
dish_1563475826,honeydew melons | pineapple,74.28,176.00,"Pineapple, Honeydew Melons",71.00,167.50,1.000
dish_1563475874,pineapple | honeydew melons | cauliflower,93.03,251.00,"Honeydew Melons, Pineapple, Cauliflower",83.00,217.50,1.000
dish_1563475921,pineapple | cauliflower | honeydew melons | brown rice | salmon,244.34,348.00,"White Rice, Spinach, Cauliflower and 3 more items",382.00,458.90,0.833
dish_1563475953,pasta | salmon | pineapple | beef | honeydew melons,427.45,453.00,"Cauliflower, Spinach, Brown Rice and 3 more items",315.00,392.50,0.100
dish_1563476267,brownies,237.71,51.00,"Fried Tofu, Beef, Noodles and Vegetables (Mixture)",462.00,250.00,0.000
dish_1563476323,salmon | brown rice | brownies,686.97,339.00,"Brownie, Penne, White Rice and 1 more items",626.00,352.00,0.400
dish_1563476408,salmon | pasta | brownies | beef,990.40,513.00,"Salmon, Penne, Fried Tofu and 4 more items",730.00,409.00,0.100
dish_1563476463,brownies | beef | salmon | pasta | cheese pizza,1067.51,542.00,"Cheese Pizza, Yellow Summer Squash, Penne and 5 more items",862.00,463.50,0.182
dish_1563476551,salmon | brownies | cheese pizza | beef | pasta,1116.39,750.00,"Fried Tofu, Cauliflower, Salmon and 7 more items",1020.00,680.00,0.154
dish_1563476577,beef | pasta | cheese pizza | salmon | brownies,1238.03,857.00,"Spinach, Penne, Penne and 6 more items",1096.00,654.50,0.200
dish_1563476646,pasta | beef,380.16,218.00,"Penne, Beef",378.00,170.00,0.333
dish_1563477659,brussels sprouts,26.55,52.00,Brussels Sprouts,86.00,200.00,1.000
dish_1563477701,brussels sprouts | brown rice | salmon,179.42,150.00,"Spinach, Fish, Cooked Rice and 1 more items",244.00,273.00,0.400
dish_1563477736,salmon | brown rice | brussels sprouts,277.05,234.00,"Fish, Mixed Salad Greens, Brussels Sprouts and 1 more items",237.00,317.00,0.500
dish_1563478751,pasta | beef,950.40,545.00,"Spinach, Fresh Pork Sausage, Penne",398.00,200.00,0.000
dish_1563479526,apple | arugula | lemon juice | goat cheese | figs,67.84,51.00,"Kale, Yellow Summer Squash, Spinach",24.00,97.00,0.000
dish_1563479568,brussels sprouts,83.67,82.00,"Brussels Sprouts, Spinach, Yellow Summer Squash",90.00,255.00,0.333
dish_1563479596,broccoli | cauliflower | brussels sprouts,104.37,151.00,"Spinach, Cauliflower, Brussels Sprouts and 2 more items",67.00,202.50,0.600
dish_1563479625,brussels sprouts | salmon | broccoli,202.65,214.00,"Brussels Sprouts, Salmon, Butternut Squash and 3 more items",189.00,281.00,0.500
dish_1563479655,beef | salmon | pasta,321.23,282.00,"Salmon, Spinach, Penne and 4 more items",292.00,328.00,0.111
dish_1563480476,salmon | brown rice,517.90,332.00,Salmon Finishing Sauce,1500.00,300.00,0.500
dish_1563480505,salmon | brown rice | pasta | beef,767.27,475.00,"Beef, Penne, Basil and 1 more items",594.00,315.80,0.333
dish_1563480534,brown rice | beef | pasta | salmon,797.57,576.00,"Penne, Cauliflower, Salmon and 3 more items",573.00,393.00,0.250
dish_1563480608,beef | brown rice | pasta | salmon,886.95,650.00,"White Rice, Salmon, Spinach and 2 more items",329.00,338.40,0.286
dish_1563481030,figs | spinach (raw),155.81,129.00,"Radish, Broccoli, Spinach and 1 more items",37.00,117.00,0.200
dish_1563481061,pasta | beef | figs,541.20,350.00,"Cooked Mushrooms (Fat Added in Cooking), Carrots, Spinach and 3 more items",472.00,400.00,0.125
dish_1563550584,egg whites,75.40,145.00,Scrambled Egg,424.00,200.00,1.000
dish_1563550614,sweet potato | egg whites,132.82,205.00,"Cottage Cheese, Roasted Potato",345.00,301.00,0.333
dish_1563550950,scrambled eggs,183.17,93.00,"Bacon, Scrambled Egg, Cheddar Cheese",322.00,124.00,0.333
dish_1563550976,scrambled eggs | roasted potatoes,284.69,165.00,"Bacon, Scrambled Egg, Fried Potatoes and 1 more items",310.00,149.00,0.500
dish_1563551006,scrambled eggs | roasted potatoes | country rice,357.67,213.00,"Fried Rice, Cheddar Cheese, Fried Potatoes and 2 more items",760.00,390.00,0.600
dish_1563551105,cream cheese | bagels,194.40,72.00,"Bagel, Cream Cheese",323.00,115.00,1.000
dish_1563551134,bagels | cream cheese | egg whites,246.92,173.00,"Cream Cheese, Scrambled Egg, Bagel",668.00,258.50,1.000
dish_1563551164,bagels | sweet potato | egg whites | cream cheese,339.76,270.00,"Cream Cheese, Eggplant, Egg and 1 more items",408.00,210.00,0.600
dish_1563551194,sweet potato | egg whites | bagels | greek yogurt | chia seeds | milk | cream cheese,471.64,400.00,"Cottage Cheese, Bananas, Cream Cheese and 3 more items",413.00,456.00,0.083
dish_1563551220,cream cheese | greek yogurt | milk | chia seeds | bagels | egg whites | sweet potato,561.70,558.00,"Strawberries, Pineapple, Bananas and 4 more items",560.00,577.00,0.200
dish_1563551360,scrambled eggs,322.64,218.00,Scrambled Egg,424.00,200.00,1.000
dish_1563551397,brussels sprouts | scrambled eggs,365.53,302.00,"Brussels Sprouts, Scrambled Egg",512.00,309.00,1.000
dish_1563552016,syrup | waffles,493.59,174.00,"Plain Waffle, Maple Syrup",267.00,89.00,1.000
dish_1563553735,granola,114.39,88.00,"Strawberries, Blackberries, Mixed Salad Greens",26.00,95.00,0.000
dish_1563553756,granola | bacon,309.15,124.00,"Blackberries, Bacon, Lettuce and 1 more items",278.00,195.00,0.333
dish_1563553780,granola | bacon | almonds,557.73,167.00,"Blackberries, Lettuce, Raspberries and 2 more items",243.00,140.00,0.500
dish_1563555072,scrambled eggs,165.76,112.00,Scrambled Egg,475.00,224.00,1.000
dish_1563555100,cantaloupe | scrambled eggs,190.92,186.00,"Scrambled Egg, Cantaloupe Melons",453.00,285.00,1.000
dish_1563555160,scrambled eggs | sweet potato | cantaloupe | brussels sprouts,268.83,287.00,"Brussels Sprouts, Scrambled Egg, Roasted Potato and 1 more items",429.00,319.00,0.750
dish_1563555510,scrambled eggs,193.88,131.00,Scrambled Egg,424.00,200.00,1.000
dish_1563555543,scrambled eggs | pineapple,268.38,280.00,"Scrambled Egg, Pineapple",554.00,389.00,1.000
dish_1563555563,scrambled eggs | pineapple | bacon,398.22,304.00,"Scrambled Egg, Pineapple, Bacon",508.00,272.50,1.000
dish_1563555605,scrambled eggs | pineapple | roasted potatoes | bacon,537.81,403.00,"Fried Potatoes, Bacon, Pineapple and 1 more items",928.00,544.50,1.000
dish_1563563240,,48.30,42.00,Date,200.00,71.00,0.000
dish_1563563264,grilled chicken,322.00,163.00,"Kidney Beans, Chicken",482.00,185.00,0.500
dish_1563563289,grilled chicken,331.90,218.00,"Cherry Tomatoes, Chicken, Olives",239.00,190.00,0.500
dish_1563563317,grilled chicken,345.84,252.00,"Chicken Meat (Roasting, Roasted, Cooked), Shredded Carrots, Cherry Tomatoes",255.00,205.00,0.333
dish_1563563348,grilled chicken,362.64,294.00,"Bell Peppers, Tomatoes, Chicken and 1 more items",261.00,317.00,0.250
dish_1563563378,grilled chicken | onions,385.44,351.00,"Carrots, Fried Tofu, Red Onions and 2 more items",409.00,360.00,0.167
dish_1563563467,bok choy,40.75,119.00,"Chinese Cabbage (Bok-Choy, Pak-Choi)",11.00,85.00,1.000
dish_1563563492,pizza | bok choy,192.37,176.00,"Chinese Cabbage (Bok-Choy, Pak-Choi), Cheese Pizza",342.00,205.00,1.000
dish_1563563527,fish | pizza,322.91,302.00,"Chinese Cabbage (Bok-Choy, Pak-Choi), Cheese Pizza, Chicken and 2 more items",482.00,286.00,0.167
dish_1563564676,kale,50.62,62.00,"Parmesan Cheese (Shredded), Kale",101.00,99.00,0.500
dish_1563564707,kale | corn on the cob,143.99,150.00,"Parmesan Cheese, Kale, Corn",149.00,190.00,0.667
dish_1563564760,ground turkey | kale | corn on the cob,341.85,243.00,"Kale, Corn, Bread Stuffing",232.00,215.00,0.500
dish_1563564797,ground turkey | kale | corn on the cob | fish,411.26,310.00,"Bread, Fish, Berry Cobbler and 2 more items",322.00,298.00,0.500
dish_1563564828,fish | corn on the cob | ground turkey | kale,452.21,355.00,"Eggplant with Cheese and Tomato Sauce, Quinoa, Kale and 2 more items",939.00,590.00,0.286
dish_1563565289,corn on the cob,93.37,88.00,Corn on the Cob,0.00,0.00,1.000
dish_1563565323,corn on the cob | ground turkey,229.53,152.00,"Corn, Basil, Bread Stuffing",341.00,278.00,0.250
dish_1563565354,fish | corn on the cob | ground turkey,272.32,193.00,"Tuna Salad, Lettuce, Corn",323.00,220.00,0.200
dish_1563565415,corn on the cob | fish | ground turkey,303.48,284.00,"Corn, Fish, Cooked Greens (Fat Added in Cooking) and 1 more items",300.00,375.00,0.400
dish_1563565454,fish | ground turkey | corn on the cob,350.79,322.00,"Blackberries, Corn, Cooked Spinach and 1 more items",234.00,291.00,0.200
dish_1563565508,ground turkey | kale | fish | corn on the cob,403.86,387.00,"Chicken, Kale, Corn and 1 more items",330.00,330.00,0.333
dish_1563565683,fish,65.74,63.00,Cooked Fish,95.00,85.00,1.000
dish_1563565720,mushroom | fish,84.66,149.00,"Plain Crepe, Mushrooms",156.00,160.00,0.333
dish_1563565761,mushroom | fish,88.66,159.00,"Red Onions, Mushrooms, Fish and 1 more items",105.00,200.00,0.500
dish_1563565805,mushroom | fish | bok choy,157.49,360.00,"Chinese Cabbage (Bok-Choy, Pak-Choi), Mushrooms, Fish",97.00,240.00,1.000
dish_1563566626,,62.10,54.00,Olives,58.00,50.00,
dish_1563566674,,100.89,88.00,"Buckwheat Groats (Cooked, Roasted), Kidney Beans",190.00,88.80,0.000
dish_1563566725,wild rice,241.31,206.00,"Kidney Beans, Carrots, Onions and 2 more items",478.00,208.00,0.000
dish_1563566810,figs | wild rice,392.29,331.00,"Spinach, Brown Rice, Olives and 4 more items",437.00,764.00,0.143
dish_1563566909,wild rice,222.53,187.00,"Onions, Carrots, Brown Rice and 2 more items",604.00,332.50,0.200
dish_1563566939,wild rice,286.03,238.00,"Raspberries, Carrots, Fried Tofu and 5 more items",429.00,332.00,0.167
dish_1563566965,wild rice | chickpeas,370.83,286.00,"Tomatoes, Carrots, Kale and 5 more items",502.00,427.00,0.250
dish_1563567319,fish,398.63,382.00,"Pineapple, Berries, Cantaloupe Melons and 1 more items",209.00,339.60,0.333
dish_1563567372,fish | pizza,951.91,590.00,"Fish, Honeydew Melons, Cantaloupe Melons and 4 more items",593.00,530.90,0.286
dish_1563567599,arugula,194.23,156.00,"Arugula Lettuce, Blueberries, Raspberries and 1 more items",54.00,42.00,0.500
dish_1563567626,corn on the cob | arugula,291.84,248.00,"Raspberries, Blueberries, Corn and 2 more items",152.00,170.80,0.667
dish_1563567663,fish | arugula | corn on the cob,514.11,461.00,"Buckwheat, Corn, Seaweed and 3 more items",178.00,141.00,0.400
dish_1563567722,fish | corn on the cob,645.32,576.00,"Arugula Lettuce, Fish, Raspberries and 4 more items",252.00,245.00,0.400
dish_1563567978,fish,118.96,114.00,"Sesame Seeds, Cooked Fish, Mixed Vegetables (Frozen) and 1 more items",211.00,164.40,0.250
dish_1563568003,fish,126.15,135.00,"Cooked Fish, Chinese Cabbage (Bok-Choy, Pak-Choi)",101.00,130.00,0.500
dish_1563568025,fish | corn on the cob,244.99,247.00,"Corn on the Cob, Asparagus, Cucumber and 1 more items",85.00,165.00,0.667
dish_1563568118,fish,139.83,134.00,Cooked Fish,168.00,150.00,1.000
dish_1563568148,bok choy | fish,171.00,225.00,"Chinese Cabbage (Bok-Choy, Pak-Choi), Baked or Broiled Fish",200.00,235.00,1.000
dish_1563568263,cheese pizza,119.65,45.00,Cheese Pizza,331.00,120.00,1.000
dish_1563568292,corn on the cob | cheese pizza,276.68,193.00,"Corn, Meatless Quesadilla with Cheese",362.00,165.00,1.000
dish_1563568319,ground turkey | corn on the cob | cheese pizza,604.32,347.00,"Vegetable Tempura, White Rice, Corn and 1 more items",573.00,335.00,0.400
dish_1563568338,corn on the cob | ground turkey | cheese pizza,631.71,371.00,"Quinoa, Cheese, Bread and 3 more items",618.00,313.80,0.286
dish_1563568357,cheese pizza | ground turkey | chickpeas | corn on the cob,767.74,448.00,"Cooked Dry Chickpeas (Fat Not Added in Cooking), Cheese Pizza, Bread and 6 more items",1387.00,885.00,0.300
dish_1563811412,egg whites,112.84,217.00,"Tomato Sauce, Mashed Potato",422.00,580.00,0.000
dish_1563811439,cantaloupe | egg whites,137.32,289.00,"Cottage Cheese, Cantaloupe Melons, Soup",362.00,621.00,0.250
dish_1563811463,egg whites | sweet potato | cantaloupe,220.59,376.00,"Cantaloupe Melons, Roasted Potato, Cauliflower and 1 more items",243.00,500.00,0.400
dish_1563811490,sausage | cantaloupe | sweet potato | egg whites,268.83,390.00,"Stew, Cantaloupe Melons, Cauliflower and 2 more items",418.00,538.00,0.500
dish_1563811515,egg whites | sausage | sweet potato | cantaloupe | salsa,298.12,491.00,"Fresh Pork Sausage, Mashed Potato, Roasted Potato and 2 more items",465.00,400.00,0.500
dish_1563811611,scrambled eggs,195.36,132.00,Scrambled Egg,424.00,200.00,1.000
dish_1563811639,scrambled eggs,217.14,198.00,"Strawberries, Scrambled Egg",494.00,284.00,1.000
dish_1563811662,scrambled eggs | brussels sprouts,245.73,254.00,"Brussels Sprouts, Strawberries, Scrambled Egg",520.00,348.00,1.000
dish_1563811686,scrambled eggs | sweet potato | brussels sprouts,319.43,331.00,"Herb Roasted Brussels Sprouts, Roasted Potato, Strawberries and 1 more items",621.00,390.00,1.000
dish_1563812508,egg whites,112.84,217.00,Feta Cheese,396.00,150.00,0.000
dish_1563812535,turkey bacon | egg whites,298.89,266.00,"Bacon, Scrambled Egg",710.00,267.50,1.000
dish_1563812570,egg whites | turkey bacon,369.08,320.00,"Scrambled Egg, Mixed Salad Greens, Bacon",732.00,354.00,1.000
dish_1563812615,turkey bacon | brussels sprouts | egg whites,402.78,386.00,"Mashed Cauliflower, Brussels Sprouts, Bacon and 1 more items",449.00,445.00,0.500
dish_1563813221,brussels sprouts,19.40,38.00,Brussels Sprouts,17.00,40.00,1.000
dish_1563813308,brussels sprouts | bacon,224.98,76.00,"Pineapple, Fresh Pork Sausage, Bacon and 1 more items",547.00,255.50,0.500
dish_1563813395,bacon | pineapple | sausage,371.86,193.00,"Brussels Sprouts, Bacon, Fresh Pork Sausage and 1 more items",475.00,291.00,0.750
dish_1563813436,pineapple | sausage | sweet potato | bacon,418.76,242.00,"Potato, Pineapple, Brussels Sprouts and 2 more items",537.00,330.50,0.800
dish_1563813501,sausage | pineapple | bacon | scrambled eggs | sweet potato,694.12,414.00,"Cheddar Cheese, Fresh Pork Sausage, Bacon and 4 more items",1413.00,589.80,0.714
dish_1563813806,egg whites,81.12,156.00,Scrambled Egg,240.00,113.00,1.000
dish_1563813833,sausage | egg whites,256.87,207.00,"Fresh Pork Sausage, Scrambled Egg",703.00,299.00,1.000
dish_1563820775,zucchini | broccoli | squash,38.07,162.00,"Yellow Summer Squash, Zucchini",34.00,214.00,0.667
dish_1563820806,chicken | squash | broccoli,207.81,273.00,"Broccoli, Zucchini, Yellow Summer Squash and 1 more items",147.00,379.00,0.400
dish_1563820834,chicken | broccoli | pizza,308.89,311.00,"Cheese Pizza, Chicken, Zucchini and 2 more items",545.00,451.00,0.600
dish_1563822546,caesar salad,38.72,88.00,"Croutons, Caesar Salad Dressing, Romaine Lettuce and 1 more items",234.00,140.00,0.250
dish_1563822597,broccoli | caesar salad | squash | zucchini,59.40,176.00,"Croutons, Romaine Lettuce, Zucchini and 2 more items",102.00,246.80,0.286
dish_1563822636,caesar salad,237.02,258.00,"Romaine Lettuce, Yellow Summer Squash, Parmesan Cheese (Shredded) and 3 more items",308.00,335.00,0.000
dish_1563822663,caesar salad,303.10,317.00,"Parmesan Cheese (Shredded), Zucchini, Lettuce and 4 more items",419.00,420.00,0.000
dish_1563823292,lime | cauliflower | garlic,450.55,208.00,"Tempeh, Spinach, Potato and 1 more items",427.00,358.00,0.167
dish_1563823359,chicken,641.70,333.00,"Cauliflower, Potato, Arugula Lettuce and 4 more items",694.00,493.40,0.167
dish_1563823390,chicken,670.17,372.00,"Chicken, Tomatoes, Cauliflower and 3 more items",359.00,300.00,0.167
dish_1563823423,chicken,700.53,441.00,"Vinaigrette Dressing, Zucchini, Broccoli and 6 more items",980.00,911.00,0.143
dish_1563823814,turnips,25.59,85.00,Roasted Potato,112.00,75.00,0.000
dish_1563823894,tatsoi,368.34,400.00,"Potato, Red Bell Pepper, Kale and 2 more items",541.00,370.00,0.000
dish_1563824065,zucchini | broccoli | squash,15.51,66.00,"Zucchini, Yellow Summer Squash",32.00,200.00,0.667
dish_1563824092,broccoli | zucchini | squash | turnips,36.28,135.00,"Turnip, Zucchini, Yellow Summer Squash",46.00,233.00,0.750
dish_1563824130,broccoli | turnips,111.32,202.00,"Couscous, Yellow Summer Squash, Turnip and 1 more items",215.00,637.50,0.250
dish_1563824155,garlic | turnips | broccoli | zucchini | squash | lime | cauliflower,455.73,361.00,"Zucchini, Potato, Couscous and 4 more items",631.00,540.00,0.333
dish_1563824250,onions,17.20,43.00,Red Onions,23.00,55.00,1.000
dish_1563824279,onions,58.60,79.00,"Kalamata Olive, Red Onions",111.00,105.00,0.500
dish_1563824304,bell peppers | onions,75.80,122.00,"Red Onions, Green Bell Pepper, Red Bell Pepper",108.00,405.00,1.000
dish_1563824339,onions | cherry tomatoes | bell peppers,85.34,175.00,"Green Bell Pepper, Red Onions, Cherry Tomatoes and 2 more items",160.00,563.00,1.000
dish_1563824377,grilled chicken,454.05,338.00,"Onions, Chicken, Tomatoes and 1 more items",346.00,485.90,0.250
dish_1563824406,grilled chicken,474.14,387.00,"Chicken, Green Bell Pepper, Tomatoes and 2 more items",335.00,393.40,0.200
dish_1563826223,lime | cauliflower | garlic,301.09,139.00,Pork Loin (Tenderloin),116.00,85.00,0.000
dish_1563826272,pepperoni pizza,645.13,261.00,"Cheese Pizza, Pepperoni, Steak and 1 more items",1234.00,450.00,0.333
dish_1563826306,brownies | pepperoni pizza,882.84,312.00,"14"" Pepperoni Pizza, Steak, Brownie",1281.00,450.00,0.333
dish_1563827060,cheese pizza,146.24,55.00,Cheese Pizza,392.00,142.00,1.000
dish_1563827086,cheese pizza | caesar salad,199.04,175.00,"Mixed Salad Greens, Cheese Pizza",221.00,160.00,0.500
dish_1563827110,pineapple | caesar salad | cheese pizza,220.04,217.00,Error: FatSecret throttled: User is performing too many actions: 'image-recognition',,,
dish_1563827132,cheese pizza | caesar salad | pineapple,240.02,302.00,"Zucchini, Cheese Pizza, Yellow Summer Squash and 1 more items",241.00,288.00,0.200
dish_1563827162,cheese pizza | caesar salad | pineapple | chicken,319.54,354.00,Error: FatSecret throttled: User is performing too many actions: 'image-recognition',,,
dish_1563827188,cheese pizza | caesar salad | pineapple | chicken,369.36,377.00,Error: FatSecret throttled: User is performing too many actions: 'image-recognition',,,
dish_1563827425,caesar salad,60.72,138.00,Error: FatSecret throttled: User is performing too many actions: 'image-recognition',,,
dish_1563827454,zucchini | caesar salad | squash | broccoli,86.57,248.00,"Lettuce, Yellow Summer Squash, Zucchini",36.00,237.00,0.400
dish_1563827482,caesar salad,894.52,621.00,"Bell Peppers, Lettuce, Cauliflower and 3 more items",343.00,440.90,0.000
dish_1563897047,egg whites,66.04,127.00,Error: FatSecret throttled: User is performing too many actions: 'image-recognition',,,
dish_1563897087,broccoli | egg whites,102.44,231.00,"Cauliflower, Broccoli",43.00,141.00,0.333
dish_1563897338,cantaloupe,29.92,88.00,Error: FatSecret throttled: User is performing too many actions: 'image-recognition',,,
dish_1563897369,cantaloupe | sweet potato,117.01,179.00,Error: FatSecret throttled: User is performing too many actions: 'image-recognition',,,
dish_1563897395,cantaloupe | sweet potato | broccoli,135.91,233.00,Error: FatSecret throttled: User is performing too many actions: 'image-recognition',,,
dish_1563897439,cantaloupe | broccoli | egg whites | sweet potato,315.31,578.00,Error: FatSecret throttled: User is performing too many actions: 'image-recognition',,,
dish_1563897492,cantaloupe | broccoli | salsa | egg whites | sweet potato,339.67,662.00,Error: FatSecret throttled: User is performing too many actions: 'image-recognition',,,
dish_1563897794,,57.57,101.00,"Strawberries, Blueberries",36.00,108.50,
dish_1563897837,watermelon,118.47,304.00,"Blueberries, Strawberries, Watermelon",70.00,209.00,1.000
dish_1563897870,oatmeal,169.32,249.00,Oatmeal,145.00,234.00,1.000
dish_1563897938,bacon,54.10,10.00,Bacon,81.00,15.00,1.000
dish_1563897981,scrambled eggs | bacon,243.54,138.00,"Bacon, Scrambled Egg",478.00,210.00,1.000
dish_1563898019,bacon | chia seeds | greek yogurt | scrambled eggs | milk,343.98,237.00,"Bacon, Scrambled Egg, Chia Pudding",663.00,365.00,0.600
dish_1563898084,bacon | milk | greek yogurt | scrambled eggs | pineapple | chia seeds,419.49,384.00,"Chia Pudding, Blueberries, Bacon and 2 more items",643.00,401.30,0.667
dish_1563898107,greek yogurt | bacon | pineapple | milk | chia seeds | scrambled eggs,440.69,424.00,"Pineapple, Scrambled Egg, Blueberries and 3 more items",652.00,427.40,0.667
dish_1563898688,broccoli,32.55,93.00,Broccoli,31.00,91.00,1.000
dish_1563898722,broccoli | scrambled eggs,343.35,303.00,"Broccoli, Scrambled Egg",455.00,291.00,1.000
dish_1563898786,broccoli | scrambled eggs,420.93,344.00,"Broccoli, Scrambled Egg, Carrots and 1 more items",526.00,376.20,0.500
dish_1563898813,broccoli | scrambled eggs | bacon,626.51,382.00,"Broccoli, Spinach, Scrambled Egg and 1 more items",549.00,337.00,0.750
dish_1563898880,scrambled eggs | bacon | broccoli,643.62,441.00,"Broccoli, Scrambled Egg, Spinach and 2 more items",714.00,400.00,0.600
dish_1563900120,sweet potato,46.90,49.00,Roasted Potato,127.00,85.00,1.000
dish_1563900150,sweet potato | scrambled eggs,202.30,154.00,"Scrambled Egg, Roasted Potato",587.00,299.00,1.000
dish_1563900172,scrambled eggs | cantaloupe | sweet potato,236.64,255.00,"Scrambled Egg, Cantaloupe Melons, Roasted Potato",641.00,459.00,1.000
dish_1563900205,sweet potato | broccoli | scrambled eggs | cantaloupe,262.26,301.00,"Broccoli, Scrambled Egg, Cantaloupe Melons",560.00,475.00,0.750
dish_1563908923,caesar salad,49.28,112.00,"Romaine Lettuce, Caesar Salad Dressing, Parmesan Cheese (Shredded) and 1 more items",242.00,142.00,0.250
dish_1563908957,caesar salad | green beans,73.87,159.00,"Croutons, Caesar Salad Dressing, Parmesan Cheese (Shredded) and 2 more items",390.00,254.00,0.400
dish_1563908996,caesar salad | chicken | millet | green beans,269.92,293.00,"Romaine Lettuce, Croutons, Parmesan Cheese (Shredded) and 3 more items",864.00,410.00,0.429
dish_1563909469,spinach (raw),72.40,64.00,"Lemon, Spinach, Onions",10.00,40.00,0.333
dish_1563909507,spinach (raw) | green beans,117.93,151.00,"Onions, Green String Beans, Spinach",58.00,183.00,0.667
dish_1563909550,green beans | fried rice,310.32,273.00,"Rice Pilaf, Spinach, Cooked Green String Beans (Fat Added in Cooking)",312.00,340.00,0.667
dish_1563909580,fried rice | cheese pizza,544.31,361.00,"White Rice, Spinach, Green String Beans and 1 more items",506.00,375.00,0.500
dish_1563909951,spinach (raw) | green beans,180.60,188.00,"Onions, Green String Beans, Hard-Boiled Egg and 1 more items",65.00,115.00,0.500
dish_1563909982,chicken | spinach (raw) | millet,370.79,318.00,"Spinach, Green String Beans, Chicken Drumstick",286.00,230.00,0.500
dish_1563910106,spinach (raw),101.46,84.00,Cooked Chard,32.00,85.00,0.000
dish_1563910137,green beans,131.28,141.00,"Cooked Collards, Green String Beans",51.00,135.00,0.500
dish_1563910171,salmon | brown rice,571.18,423.00,"Green String Beans, Chicken, Chard and 1 more items",464.00,361.00,0.200
dish_1563910276,salmon | brown rice,375.94,241.00,Chicken Schnitzel,891.00,300.00,0.000
dish_1563910530,salmon | brown rice,333.83,214.00,Chicken Casserole,186.00,200.00,0.000
dish_1563910639,brown rice | salmon,697.29,447.00,"Chicken, White Rice, Spinach",536.00,333.40,0.250
dish_1563910676,brown rice | salmon,757.96,501.00,"Spinach, White Rice, Fish",366.00,348.40,0.250
dish_1563910708,salmon | brown rice,786.21,555.00,"Green String Beans, Fish, White Rice and 1 more items",352.00,363.00,0.200
dish_1563911156,millet | chicken,140.45,96.00,Baked or Fried Coated Chicken Breast with Skin,392.00,150.00,0.500
dish_1563911185,green beans | millet | chicken,159.81,133.00,"Green String Beans, Roasted Broiled or Baked Chicken Breast",293.00,196.70,0.667
dish_1563911215,millet | chicken | green beans | fried rice,218.16,170.00,"Chicken Meat (Roasting, Roasted, Cooked), White Rice, Green String Beans",394.00,300.00,0.750
dish_1563911255,fried rice | quinoa | millet | chicken,293.19,235.00,"Chinese Cabbage (Bok-Choy, Pak-Choi), Green String Beans, Spinach and 2 more items",527.00,423.00,0.286
dish_1563913588,cheese pizza,180.81,68.00,Cheese Pizza,392.00,142.00,1.000
dish_1563913627,cheese pizza,230.33,109.00,"Cheese Pizza, Mixed Salad Greens",803.00,371.00,1.000
dish_1563913675,cheese pizza | caesar salad,282.69,228.00,"Lettuce, Cheese Pizza, Salad Dressing",917.00,401.00,0.333
dish_1563913709,fried rice | caesar salad | cheese pizza,337.89,263.00,"Yellow Rice, Cheese Pizza, Salad Dressing and 2 more items",736.00,429.00,0.500
dish_1563913741,cheese pizza | fried rice | caesar salad,353.06,292.00,"Green String Beans, Cheese Pizza, White Rice and 1 more items",712.00,440.00,0.500
dish_1563984140,egg whites,245.44,472.00,Scrambled Egg,475.00,224.00,1.000
dish_1563984167,egg whites | cantaloupe,291.68,608.00,"Cantaloupe Melons, Mozzarella Cheese (Whole Milk)",368.00,198.00,0.333
dish_1563984199,egg whites | cantaloupe | pineapple,322.68,670.00,"Cantaloupe Melons, Mozzarella Cheese (Whole Milk), Pineapple",408.00,280.50,0.500
dish_1563984242,sweet potato | egg whites | pineapple | cantaloupe,402.12,753.00,"Eggplant, Cantaloupe Melons, Pineapple and 1 more items",106.00,317.50,0.333
dish_1563984296,egg whites | salsa | cantaloupe | sweet potato | pineapple,436.34,871.00,"Cantaloupe Melons, Pineapple, Cauliflower and 2 more items",129.00,380.00,0.250
dish_1563984701,chicken apple sausage,275.20,172.00,Smoked Pork Sausage,681.00,175.00,1.000
dish_1563984729,scrambled eggs | chicken apple sausage,495.72,321.00,"Scrambled Egg, Fresh Pork Sausage",682.00,285.00,1.000
dish_1563984771,granola | chicken apple sausage | scrambled eggs,582.81,388.00,"Scrambled Egg, Mixed Salad Greens, Fresh Pork Sausage",672.00,310.00,0.667
dish_1563984835,granola | scrambled eggs | chicken apple sausage,603.98,461.00,"Mixed Salad Greens, Salsa, Scrambled Egg and 1 more items",778.00,404.00,0.500
dish_1563986093,scrambled eggs,239.03,215.00,"Scrambled Egg, Blackberries, Strawberries and 1 more items",449.00,274.00,1.000
dish_1563996251,cauliflower,39.50,158.00,Cauliflower,25.00,100.00,1.000
dish_1563996279,carrot | cauliflower,98.49,278.00,"Carrots, Cauliflower",77.00,228.00,1.000
dish_1563996308,carrot | cream | chicken | cauliflower,718.51,659.00,"Chicken, Cauliflower, Carrots and 1 more items",332.00,311.40,0.600
dish_1563996441,arugula,80.24,65.00,Arugula Lettuce,10.00,40.00,1.000
dish_1563996464,arugula | cauliflower,100.49,146.00,"Cauliflower, Arugula Lettuce",30.00,120.00,1.000
dish_1563996485,arugula | roasted potatoes | cauliflower,178.04,201.00,"Arugula Lettuce, Cauliflower, Roasted Potato",129.00,145.00,1.000
dish_1563996509,cauliflower | chicken | roasted potatoes,365.18,316.00,"Arugula Lettuce, Chicken Breast, Roasted Potato and 1 more items",243.00,195.00,0.750
dish_1563996596,caesar salad,39.60,90.00,"Parmesan Cheese (Shredded), Caesar Salad Dressing, Romaine Lettuce and 1 more items",364.00,169.00,0.250
dish_1563996625,brown rice | caesar salad,342.70,215.00,"Beef, Lettuce, White Rice",383.00,268.00,0.250
dish_1563996656,carrot | brown rice | caesar salad,376.62,284.00,"Roasted Carrots, Lettuce, Rice Pilaf",203.00,275.00,0.500
dish_1563997327,spinach (raw),157.88,120.00,"Spinach, Carrots, Blueberries and 3 more items",163.00,202.00,0.200
dish_1563997386,spinach (raw) | carrot,215.88,238.00,"Carrots, Apples, Spinach",93.00,223.00,0.667
dish_1563997418,carrot,608.70,400.00,"Beef, Carrots, Spinach and 1 more items",382.00,318.00,0.250
dish_1563998210,chicken,148.09,91.00,Chicken Salad,146.00,110.00,1.000
dish_1563998244,roasted potatoes | chicken,259.48,170.00,"Chicken Meat (Roasting, Roasted, Cooked), Roasted Potato",254.00,160.00,1.000
dish_1563998279,chicken | roasted potatoes,565.01,296.00,"Roasted Potato, Mashed Potato, Roast Beef",444.00,265.00,0.333
dish_1563998323,roasted potatoes | chicken | cauliflower,634.51,574.00,"Cauliflower, Steak, Roasted Potato and 2 more items",726.00,465.00,0.500
dish_1563998513,chicken | cookies | roasted potatoes | cauliflower,757.51,599.00,"Steak, Roasted Potato, Beef Meatballs and 2 more items",595.00,323.00,0.600
dish_1564000202,cheese pizza,396.19,149.00,Cheese Pizza,1104.00,400.00,1.000
dish_1564000417,cheese pizza,340.35,128.00,Cheese Pizza,773.00,280.00,1.000
dish_1564000459,cheese pizza | chicken,485.19,217.00,"Chicken Salad, Cheese Pizza",481.00,233.00,1.000
dish_1564000490,caesar salad | cheese pizza | chicken,532.71,325.00,"Cheese Pizza, Chicken, Romaine Lettuce and 2 more items",662.00,312.00,0.400
dish_1564000536,chickpeas | cheese pizza | chicken | caesar salad,659.91,397.00,"Cucumber, Feta Cheese, Tomatoes and 4 more items",652.00,429.00,0.250
dish_1564073641,sweet potato,49.77,52.00,Roasted Potato (Fat Added in Cooking),149.00,100.00,1.000
dish_1564073677,scrambled eggs | sweet potato,108.97,92.00,"Scrambled Egg, Roasted Potato (Fat Added in Cooking)",387.00,212.50,1.000
dish_1564073716,scrambled eggs | sweet potato | egg whites,214.53,295.00,"Egg White, Sweet Potato, Scrambled Egg",452.00,456.00,1.000
dish_1564073860,bacon,492.31,91.00,Bacon,552.00,102.00,1.000
dish_1564082212,pork | chicken,707.94,425.00,"White Rice, Baked or Fried Coated Chicken Breast with Skin, Eggplant",1340.00,700.00,0.250
dish_1564082323,caesar salad | pork | chicken,748.86,518.00,"Baked or Fried Coated Chicken Breast with Skin, Mixed Salad Greens, Eggplant and 1 more items",945.00,565.00,0.200
dish_1564082462,pesto | pork | pasta | chicken,905.35,609.00,"Macaroni or Pasta Salad, White Rice, Lettuce and 3 more items",1799.00,948.00,0.250
dish_1564083480,grilled chicken,259.70,133.00,"Olives, Chicken",248.00,125.00,1.000
dish_1564083508,grilled chicken | cherry tomatoes,276.26,225.00,"Chicken Meat (Roasting, Roasted, Cooked), Cherry Tomatoes, Kidney Beans",282.00,200.00,0.667
dish_1564083534,cherry tomatoes | grilled chicken | bell peppers,309.06,307.00,"Cherry Tomatoes, Chicken, Black Olives and 2 more items",279.00,386.00,1.000
dish_1564086602,cheese pizza,130.29,49.00,Cheese Pizza,207.00,75.00,1.000
dish_1564086624,cheese pizza | corn on the cob,217.29,131.00,"Cheese Pizza, Corn",417.00,220.00,1.000
dish_1564086658,cheese pizza | corn on the cob | caesar salad,260.85,230.00,"Cheese Pizza, Corn, Mixed Salad Greens",448.00,354.00,0.667
dish_1564086709,cheese pizza | caesar salad | pasta | corn on the cob,393.27,307.00,"Cheese Pizza, Pesto Sauce, Corn and 2 more items",591.00,366.00,0.286
dish_1564086748,chicken | pasta | corn on the cob | cheese pizza | caesar salad,443.77,339.00,"Lettuce, Penne, Pesto Sauce and 3 more items",913.00,555.00,0.375
dish_1564086778,pork | cheese pizza | chicken | pasta | corn on the cob | caesar salad,645.80,437.00,"Macaroni or Pasta Salad, Pork, Beef Meatballs and 3 more items",984.00,550.00,0.571
dish_1564159520,bacon,227.22,42.00,Bacon,162.00,30.00,1.000
dish_1564159588,turkey bacon | sausage | bacon,477.15,113.00,Bacon,433.00,80.00,0.333
dish_1564159636,sausage | turkey bacon | bacon,487.87,134.00,"Bacon, Fresh Pork Sausage, Brussels Sprouts",1002.00,445.00,0.500
dish_1564160043,bagels,245.00,98.00,Bagel,218.00,85.00,1.000
dish_1564160161,bagels,242.50,97.00,Bagel,257.00,100.00,1.000
dish_1564168695,pepperoni,385.01,78.00,"Cheese, Pizza Crust, Pepperoni and 1 more items",1172.00,376.00,0.250
dish_1564168739,pepperoni | sandwiches,585.30,164.00,"Whole Wheat Bread, 14"" Pepperoni Pizza",707.00,260.00,0.333
dish_1564169197,sandwiches,116.45,50.00,Bread,93.00,35.00,0.000
dish_1564169254,sandwiches | watermelon,161.75,201.00,"Watermelon, Bread",134.00,210.00,0.333
dish_1564169298,tatsoi | sandwiches | watermelon,187.08,299.00,"Spinach, Zucchini, Tomatoes and 2 more items",123.00,218.50,0.143
dish_1564169340,watermelon | sandwiches | chicken thighs | tortilla | cheese,657.52,518.00,"Bread, Cucumber Salad with Vinegar, Watermelon and 1 more items",305.00,321.00,0.333
dish_1564169644,cheese pizza,433.42,163.00,Cheese Pizza,1104.00,400.00,1.000
dish_1564169878,tortilla | chicken thighs | cheese,732.51,341.00,"Pulled Chicken, Tomato Sauce",224.00,266.00,0.250
dish_1564169932,cheese | chicken thighs | tortilla,766.63,473.00,"Pulled Chicken, Cucumber, Tomatoes and 1 more items",196.00,270.00,0.167
dish_1564169958,tortilla | chicken thighs | cheese,787.78,563.00,"Zucchini, Tomatoes, Cucumber and 2 more items",204.00,320.00,0.143
dish_1564170010,tortilla | cheese | salmon | chicken thighs,1264.55,831.00,"Zucchini, Fish, Pulled Chicken and 1 more items",284.00,370.00,0.167
dish_1564170071,onions,14.00,35.00,"Red Onions, Wheat Flour Fritter",367.00,150.00,0.500
dish_1564170098,onions,50.80,67.00,"Kalamata Olive, Red Onions, Egg Omelet or Scrambled Egg with Vegetables",236.00,175.00,0.333
dish_1564170141,onions | cherry tomatoes,62.68,133.00,"Wheat Flour Fritter, Tomatoes, Red Onions and 1 more items",420.00,305.00,0.667
dish_1564170173,bell peppers | onions | cherry tomatoes,79.88,176.00,"Potato Pancake, Black Olives, Green Bell Pepper and 3 more items",256.00,303.80,0.750
dish_1564170283,cheese | chicken thighs | tortilla,646.59,301.00,Chicken Stew with Potatoes and Vegetables in Tomato-Based Sauce,139.00,200.00,0.333
dish_1564170474,zucchini | squash | broccoli,39.48,168.00,Zucchini,20.00,124.00,0.333
dish_1564170542,salmon | brown rice,523.37,440.00,"White Rice, Salmon, Zucchini",311.00,335.00,0.667
dish_1564170836,salmon | brown rice,240.16,135.00,"Lettuce, Chicken Meat (Roasting, Roasted, Cooked)",251.00,160.00,0.000
dish_1564170880,salmon | brown rice,348.56,230.00,"Lettuce, Brown Rice, Brussels Sprouts and 1 more items",314.00,308.40,0.500
dish_1564170923,kale | salmon | brown rice,378.82,319.00,"Salmon, Kale, Brown Rice",277.00,270.00,1.000
dish_1564170967,salmon | kale | brown rice,400.20,410.00,"Salmon, Kale, Mixed Salad Greens and 3 more items",357.00,447.90,0.333
dish_1564171888,brown rice | salmon,345.13,194.00,"Chicken Meat (Roasting, Roasted, Cooked)",142.00,85.00,0.000
dish_1564171935,salmon | brown rice,476.34,309.00,"Green String Beans, Farro, Cranberries and 2 more items",434.00,341.90,0.500
dish_1564171970,brown rice | salmon,498.82,396.00,"White Rice, Salmon, Seven Grain Salad and 1 more items",319.00,288.00,0.667
dish_1564171996,brown rice | salmon,519.50,484.00,"Zucchini, Wheat Bread (Includes Wheat Berry), White Rice and 2 more items",863.00,608.40,0.500
dish_1564427406,grilled chicken,305.37,135.00,"Chicken Meat (Roasting, Roasted, Cooked)",234.00,140.00,1.000
dish_1564427430,grilled chicken,345.62,170.00,"Chicken, Olives",259.00,135.00,1.000
dish_1564427455,grilled chicken,354.26,218.00,"Chicken, Kalamata Olive, Cherry Tomatoes",324.00,225.00,0.333
dish_1564428102,arugula,133.22,107.00,"Raw Whole Pine Nuts, Arugula Lettuce",36.00,24.60,0.500
dish_1564428144,arugula | quinoa,205.21,171.00,"Black Olives, Cheese, Arugula Lettuce and 1 more items",312.00,197.60,0.250
dish_1564428181,quinoa | pork,510.05,320.00,"Chicken, Arugula Lettuce, Olives and 1 more items",539.00,363.40,0.000
dish_1564428404,pears,113.75,104.00,"Lettuce, Salad Dressing, Carrots and 1 more items",87.00,115.00,0.000
dish_1564428444,cauliflower,157.00,277.00,"Cauliflower, Carrots, Lettuce",48.00,213.00,0.333
dish_1564428475,cauliflower | quinoa,261.62,370.00,"Carrots, Cooked Cauliflower, Mixed Salad Greens and 1 more items",179.00,250.00,0.250
dish_1564428515,pork | quinoa | cauliflower,484.62,479.00,"Carrots, Cauliflower, Chicken Meat (Roasting, Roasted, Cooked) and 1 more items",451.00,387.00,0.200
dish_1564429184,tempeh,389.66,202.00,"Green String Beans, Fried Tofu, White Rice",469.00,244.00,0.000
dish_1564429235,chickpeas | tempeh,479.76,253.00,"White Rice, Green String Beans, Fried Tofu and 3 more items",574.00,415.00,0.143
dish_1564429270,chickpeas | tempeh,605.51,354.00,"Blackberries, Lettuce, White Rice and 4 more items",497.00,388.50,0.143
dish_1564429702,cauliflower,39.50,158.00,Cauliflower,25.00,100.00,1.000
dish_1564429744,cauliflower | quinoa,282.48,374.00,"Cauliflower, Chicken",309.00,220.00,0.333
dish_1564429808,cauliflower | pork | quinoa,380.68,422.00,"Pulled Pork, Chicken, Cauliflower",319.00,241.00,0.500
dish_1564429843,cauliflower | quinoa | pork,395.73,474.00,"Yellow Summer Squash, Chicken, Cauliflower",240.00,275.00,0.200
dish_1564429894,quinoa | pork | cauliflower,498.77,566.00,"Chicken, Pork, Cauliflower and 2 more items",560.00,400.00,0.400
dish_1564432094,pepperoni pizza,177.66,63.00,"14"" Pepperoni Pizza",221.00,80.00,1.000
dish_1564432128,pepperoni pizza,217.03,102.00,"Cheese Pizza, Mixed Salad Greens",309.00,192.00,1.000
dish_1564432165,pepperoni pizza | pineapple,246.03,160.00,"Mixed Salad Greens, Pineapple, 14"" Pepperoni Pizza",275.00,247.50,1.000
dish_1564432191,pepperoni pizza | cauliflower | pineapple,261.03,220.00,"Cheese Pizza, Mixed Salad Greens, Pineapple and 1 more items",398.00,345.00,1.000
dish_1564432238,pepperoni pizza | pineapple | pork,455.39,315.00,"Pineapple, Coleslaw, Mixed Salad Greens and 3 more items",580.00,478.50,0.333
dish_1564502063,bacon,497.72,92.00,Bacon,541.00,100.00,1.000
dish_1564503184,bacon,97.38,18.00,Bacon,81.00,15.00,1.000
dish_1564503219,bacon | egg whites,213.86,242.00,"Scrambled Egg, Bacon",527.00,235.50,1.000
dish_1564514906,white beans | fish,199.27,178.00,"Carrots, Fish, Cooked Pinto, Calico or Red Beans (Fat Not Added in Cooking) and 1 more items",148.00,204.00,0.500
dish_1564514953,white beans | fish | carrot,249.90,281.00,"Chicken Casserole, Roasted Carrots",242.00,285.00,0.250
dish_1564514997,carrot | fish | white beans,381.11,396.00,"Cooked Lentils, Green Bean Casserole, Cooked Carrots",484.00,389.50,0.500
dish_1564515049,carrot | white beans | broccoli | fish,431.64,611.00,"Wheat Bread (Includes Wheat Berry), Zucchini, Cheeseburger Casserole and 1 more items",921.00,550.00,0.143
dish_1564516366,,31.05,27.00,Olives,42.00,36.00,
dish_1564516397,cherry tomatoes,36.81,59.00,"Cherry Tomatoes, Olives",70.00,203.00,1.000
dish_1564516429,fish | white beans,178.98,186.00,"Cannellini Beans, Cherry Tomatoes, Fish and Vegetables in Tomato-Based Sauce (Mixture) and 1 more items",142.00,235.00,0.667
dish_1564516454,fish | chicken breast | white beans,311.14,266.00,"Olives, Cooked Spinach, Chicken and 2 more items",412.00,425.00,0.400
dish_1564516483,carrot | white beans | chicken breast | fish,364.23,374.00,"Organic Baked Teriyaki Tofu, Cannellini Beans, Kalamata Olive and 4 more items",525.00,444.40,0.375
dish_1564516732,carrot,26.55,54.00,Roasted Carrots,46.00,70.00,1.000
dish_1564516760,chicken thighs | quinoa,442.73,329.00,"Roasted Carrots, Roasted Potato, Baked or Fried Coated Chicken Breast with Skin",998.00,500.00,0.250
dish_1564518454,cheese pizza,164.86,62.00,Cheese Pizza,331.00,120.00,1.000
dish_1564518488,cheese pizza | chicken thighs,248.09,117.00,"Chicken Drumstick, Cheese Pizza",566.00,230.00,1.000
dish_1564518512,cheese pizza | chicken thighs | carrot,270.71,163.00,"Carrots, Chicken Drumstick, Cheese Pizza",653.00,335.00,1.000
dish_1564518542,carrot | chicken thighs | cheese pizza,342.38,234.00,"Mixed Salad Greens, Cherry Tomatoes, Roasted Broiled or Baked Chicken Leg and 2 more items",698.00,430.00,0.750
dish_1564518586,carrot | cheese pizza | chicken thighs,361.41,315.00,"Zucchini, Mixed Salad Greens, Carrots and 2 more items",560.00,416.00,0.750
dish_1564518850,frozen yogurt,194.33,119.00,Chocolate Puddings,348.00,250.00,0.000
dish_1564588483,sausage,175.75,51.00,"Scrambled Egg, Fresh Pork Sausage",290.00,100.00,0.500
dish_1564588533,sausage | egg whites,236.07,167.00,"Scrambled Egg, Beef Meatballs",596.00,285.00,0.333
dish_1564588567,sausage | scrambled eggs | egg whites,450.67,312.00,"Fresh Pork Sausage, Scrambled Egg, Cauliflower",556.00,263.00,0.667
dish_1564588688,sausage,148.18,43.00,Fresh Pork Sausage,304.00,100.00,1.000
dish_1564588719,chilaquiles | sausage,222.28,81.00,"Hashed Brown Potatoes, Fried Egg, Fresh Pork Sausage",559.00,225.00,0.250
dish_1564588820,egg whites,81.12,156.00,"Black Pepper, Paneer",422.00,140.60,0.000
dish_1564588859,egg whites | greek yogurt | milk | chia seeds,183.59,257.00,"Peach, Blueberries, Cottage Cheese and 1 more items",451.00,503.00,0.167
dish_1564588889,egg whites | greek yogurt | chia seeds | milk,234.49,346.00,"Blueberries, Chia Pudding, Cottage Cheese and 1 more items",462.00,525.00,0.167
dish_1564588919,milk | greek yogurt | egg whites | sweet potato | chia seeds,335.94,452.00,"Cottage Cheese, Blueberries, Fried Potatoes and 1 more items",379.00,382.00,0.333
dish_1564589025,sweet potato,48.81,51.00,Roasted Potato,179.00,120.00,1.000
dish_1564589072,sweet potato | chilaquiles,419.31,241.00,"Cheese, Potato, Scrambled Egg and 1 more items",1188.00,612.00,0.200
dish_1564589308,roasted potatoes,227.01,161.00,Roasted Potato,232.00,156.00,1.000
dish_1564589366,egg whites | roasted potatoes,324.25,348.00,"Scrambled Egg, Roasted Potato",654.00,344.00,1.000
dish_1564590115,sweet potato,115.81,121.00,Roasted Potato,112.00,75.00,1.000
dish_1564590146,watermelon | sweet potato,141.01,205.00,"Watermelon, Roasted Potato",255.00,232.00,1.000
dish_1564590190,sweet potato | watermelon,194.02,298.00,"Strawberries, Watermelon, Blueberries and 1 more items",361.00,549.00,1.000
dish_1564590226,watermelon | sweet potato | cantaloupe,220.54,376.00,"Roasted Potato, Watermelon, Cantaloupe Melons and 2 more items",478.00,908.00,1.000
dish_1564590254,pineapple | watermelon | cantaloupe | sweet potato,248.54,432.00,"Pineapple, Roasted Potato, Watermelon and 4 more items",591.00,546.50,0.800
dish_1564590288,pineapple | watermelon | egg whites | cantaloupe | sweet potato,464.86,848.00,"Cantaloupe Melons, Blueberries, Strawberries and 4 more items",888.00,552.10,0.667
dish_1564590352,pineapple | cantaloupe | salsa | watermelon | sweet potato | egg whites,497.92,962.00,Error: FatSecret API error: An unknown error occurred: 'Please try again later',,,
dish_1564601470,turnips,15.84,73.00,Jicama,38.00,100.00,0.000
dish_1564601528,turnips | roasted potatoes,142.74,163.00,"Roasted Potato, Jicama",300.00,350.00,0.333
dish_1564601569,turnips | roasted potatoes | brussels sprouts,208.10,291.00,"Jicama, Roasted Potato, Brussels Sprouts",188.00,270.00,0.500
dish_1564601600,chicken | brussels sprouts | roasted potatoes,600.80,434.00,"Brussels Sprouts, Coleslaw, Roasted Potato and 2 more items",554.00,350.00,0.600
dish_1564601638,chicken | roasted potatoes | fish | brussels sprouts,712.46,541.00,"Roasted Potato, Cooked Japanese Radish (Daikon) (Fat Not Added in Cooking), Chicken Meat (Roasting, Roasted, Cooked) and 3 more items",930.00,705.00,0.429
dish_1564605293,cheese pizza,404.17,152.00,Cheese Pizza,828.00,300.00,1.000
dish_1564605328,cheese pizza,541.24,349.00,"Lettuce, Cucumber, Olives and 3 more items",930.00,515.00,0.200
dish_1564675060,watermelon,23.10,77.00,Watermelon,84.00,280.00,1.000
dish_1564675118,watermelon | sweet potato,177.19,238.00,"Watermelon, Roasted Potato",255.00,232.00,1.000
dish_1564675157,grapes | watermelon | sweet potato,208.93,284.00,"Cottage Cheese, Grapes, Roasted Potato and 1 more items",322.00,285.00,0.750
dish_1564675193,grapes | egg whites | sweet potato,478.81,803.00,"Watermelon, Roasted Potato, Grapes and 1 more items",907.00,520.50,0.750
dish_1564675240,grapes | egg whites | sweet potato,502.88,886.00,"Roasted Potato, Grapes, Watermelon and 2 more items",302.00,397.00,0.333
dish_1564675380,turkey bacon,87.33,23.00,Bacon,108.00,20.00,1.000
dish_1564675411,egg whites | turkey bacon,235.53,308.00,"Mashed Potato, Beef or Meat Gravy, Bacon",832.00,352.00,0.250
dish_1564685144,green beans,26.16,50.00,Green String Beans,17.00,55.00,1.000
dish_1564685183,green beans,127.11,150.00,"Green String Beans, Red Onions, Carrots and 1 more items",26.00,95.00,0.333
dish_1564685229,green beans | cherry tomatoes | bell peppers | lime | ketchup | spinach (raw) | millet | onions | lettuce | cucumbers,591.44,347.00,"Red Onions, Sweet Red Peppers, Green String Beans and 3 more items",51.00,199.00,0.167
dish_1564685360,millet,304.05,129.00,Steak Teriyaki with Sauce (Mixture),279.00,150.00,0.000
dish_1564685406,bell peppers | cherry tomatoes | ketchup | spinach (raw) | onions | lime | lettuce | cucumbers | millet,367.65,192.00,"Mixed Salad Greens, Steak, Couscous",392.00,282.40,0.000
dish_1564685450,pizza,623.01,288.00,"Mixed Salad Greens, Steak, Cheese Pizza",594.00,305.40,1.000
dish_1564685482,pizza | brownies,851.40,337.00,"Steak, Mixed Salad Greens, Cheese Pizza and 1 more items",810.00,362.40,0.333
dish_1564686657,cheese pizza,279.19,105.00,"Fresh Pork Sausage, Red Onions, Cheese Pizza",603.00,234.00,0.333
dish_1564686702,cheese pizza,307.94,130.00,"Cheese Pizza, Olives",593.00,235.00,1.000
dish_1564686740,cheese pizza,399.80,221.00,"Mixed Salad Greens, Cucumber, Olives and 2 more items",614.00,358.00,0.333
dish_1564686791,chicken breast | cheese pizza,601.35,343.00,"Chicken Meat (Roasting, Roasted, Cooked), Cheese Pizza, Olives and 1 more items",835.00,455.00,1.000
dish_1564686832,brownies | chicken breast | cheese pizza,829.74,392.00,"Chicken Meat (Roasting, Roasted, Cooked), Olives, Mixed Salad Greens and 3 more items",852.00,521.00,0.400
dish_1564686855,brownies | chicken breast | cheese pizza,1030.16,435.00,"Mixed Salad Greens, Cheese Pizza, Tempeh and 2 more items",1157.00,555.00,0.500
dish_1564686966,ketchup | millet | bell peppers | spinach (raw) | onions,153.20,65.00,Steak,213.00,85.00,0.000
dish_1564687013,fish | ketchup | white rice,330.84,224.00,"Steak, Eggplant Parmesan",437.00,225.00,0.000
dish_1564687046,white rice | green beans | ketchup | fish,374.79,308.00,"Fish with Tomato-Based Sauce (Mixture), Steak, Green String Beans",385.00,310.00,0.500
dish_1564687090,fish | white rice | ketchup | green beans,498.02,416.00,"Cooked Lentils, Green String Beans, Baked or Broiled Fish and 1 more items",518.00,335.00,0.400
dish_1564688969,cheese pizza,239.31,90.00,Cheese Pizza,552.00,200.00,1.000
dish_1564689078,spinach (raw),72.36,55.00,"Spinach, Blueberries",6.00,20.00,1.000
dish_1564689108,chickpeas | arugula,203.66,159.00,"Cooked Dry Chickpeas (Fat Not Added in Cooking), Apples, Spinach and 1 more items",205.00,177.50,0.250
dish_1564689138,chickpeas,268.27,223.00,"Apples, Cooked Dry Chickpeas (Fat Not Added in Cooking), Lettuce and 3 more items",214.00,322.00,0.167
dish_1564689168,tofu | chickpeas,352.95,339.00,"Cucumber, Red Onions, Spinach and 5 more items",757.00,407.50,0.250
dish_1564689219,chickpeas | lentils | tofu,506.85,474.00,"Cooked Dry Chickpeas (Fat Not Added in Cooking), Spinach, Cucumber and 4 more items",863.00,417.00,0.429
dish_1564690038,lentils,92.34,81.00,Chicken Stir Fry,96.00,85.00,0.000
dish_1564690085,lentils | chickpeas,170.62,143.00,"Cooked Dry Chickpeas (Fat Not Added in Cooking), Broccoli, Arugula Lettuce and 1 more items",188.00,202.50,0.200
dish_1564690138,lentils | green beans | chickpeas,190.50,181.00,"Green String Beans, Mushrooms, Arugula Lettuce and 1 more items",182.00,217.00,0.400
dish_1564690167,lentils | chickpeas,251.78,207.00,"Cooked Dry Chickpeas (Fat Not Added in Cooking), Green String Beans, Meat Loaf and 1 more items",272.00,218.00,0.200
dish_1564690194,white rice | fish | ketchup | lentils,500.92,430.00,"Kale, Cooked Dry Chickpeas (Fat Not Added in Cooking), Green String Beans and 2 more items",413.00,387.50,0.286
dish_1564691380,green beans | corn on the cob,96.26,111.00,"Green String Beans, Corn",155.00,215.00,1.000
dish_1564691420,corn on the cob | green beans,212.35,226.00,"Corn, Green String Beans, Lettuce and 2 more items",99.00,285.00,0.400
dish_1564691450,corn on the cob,542.33,366.00,"Green String Beans, Mixed Salad Greens, Corn and 1 more items",436.00,455.00,0.333
dish_1564761388,egg whites,54.60,105.00,Scrambled Egg,475.00,224.00,1.000
dish_1564761426,egg whites | fried rice,207.57,202.00,"White Rice, Cottage Cheese, Corn and 1 more items",382.00,365.00,0.200
dish_1564761457,fried rice | turkey bacon | egg whites,287.31,223.00,"Fried Rice, Bacon, Scrambled Egg",845.00,408.00,1.000
dish_1564761488,turkey bacon | egg whites | fried rice | honeydew melons,327.99,336.00,"Honeydew Melons, Bacon, Scrambled Egg and 1 more items",870.00,490.00,1.000
dish_1564773826,cherry tomatoes,10.08,56.00,"Chicken, Grape Tomatoes, Broccoli",231.00,214.00,0.333
dish_1564773847,salmon | mayonnaise | lentils,238.03,161.00,"Grape Tomatoes, Cooked Salmon",138.00,197.00,0.250
dish_1564773876,salmon | lentils | broccoli | mayonnaise,258.33,219.00,"Grape Tomatoes, Broccoli, Cooked Fish",141.00,261.00,0.167
dish_1564773903,salmon | pineapple | mayonnaise | broccoli,316.83,336.00,"Broccoli, Cooked Fish, Grape Tomatoes and 1 more items",261.00,510.00,0.333
dish_1564773942,salmon | chicken breast | mayonnaise | pineapple,491.94,442.00,"Broccoli, Cherry Tomatoes, Cooked Fish and 2 more items",420.00,668.00,0.286
dish_1564773976,chicken breast | mayonnaise | salmon | pineapple,516.09,463.00,"Salmon, Grape Tomatoes, Chicken and 3 more items",648.00,759.40,0.500
dish_1564774773,broccoli,50.14,90.00,Broccoli,31.00,91.00,1.000
dish_1564774805,mayonnaise | salmon | lentils,621.09,353.00,"Broccoli, Fried Tofu",261.00,176.00,0.000
dish_1564775147,salmon | mayonnaise | lentils,327.81,151.00,Cooked Fish,190.00,170.00,0.000
dish_1564775182,salmon | lentils | mayonnaise | broccoli,398.00,277.00,"Broccoli, Salmon",206.00,233.00,0.500
dish_1564775216,salmon | mayonnaise | broccoli | beef,530.60,340.00,"Pork Loin (Tenderloin), Broccoli",185.00,204.00,0.200
dish_1564777933,cheese pizza,103.70,39.00,Cheese Pizza,207.00,75.00,1.000
dish_1564777960,cheese pizza | beef,331.01,147.00,"Pork Loin (Tenderloin), Cheese Pizza",447.00,205.00,0.333
dish_1564777986,cheese pizza | broccoli | beef,372.23,221.00,"Pork Loin (Tenderloin), Broccoli, Cheese Pizza",478.00,296.00,0.500
dish_1564778030,cheese pizza | broccoli | beef,504.42,283.00,"Cheese Pizza, Broccoli, Mixed Salad Greens and 1 more items",606.00,381.00,0.500
dish_1564778057,rice noodles | beef | cheese pizza,575.19,377.00,"Carrots, Cabbage, Cheese Pizza and 4 more items",783.00,513.00,0.125
dish_1565020755,bacon,43.28,8.00,Bacon,81.00,15.00,1.000
dish_1565020796,egg whites,90.60,99.00,"Scrambled Egg, Bacon",562.00,240.00,0.500
dish_1565020822,egg whites | sweet potato,180.56,193.00,"Cottage Cheese, Sweet Potato, Bacon",353.00,241.00,0.250
dish_1565020867,egg whites | sweet potato,255.80,325.00,"Ricotta Cheese, Bacon, Raspberries and 2 more items",408.00,329.00,0.250
dish_1565020895,egg whites | milk | greek yogurt | sweet potato,348.13,416.00,"Sweet Potato, Grapes, Chia Pudding and 4 more items",575.00,456.00,0.125
dish_1565020926,sweet potato | grapes | greek yogurt | egg whites | milk,398.50,489.00,"Blackberries, Grapes, Mango and 4 more items",494.00,507.00,0.111
dish_1565021054,tofu | waffles,263.75,144.00,"Broccoli, Plain Waffle, Scrambled Egg",899.00,348.00,0.250
dish_1565021104,waffles | tofu | egg whites,291.31,197.00,"Cottage Cheese, Scrambled Egg, Plain Waffle",949.00,379.00,0.500
dish_1565021141,waffles | egg whites | sausage | tofu,467.05,248.00,"Scrambled Egg, Plain Waffle, Fresh Pork Sausage and 2 more items",726.00,328.00,0.500
dish_1565021185,waffles | egg whites | sausage | tofu,481.50,296.00,"Roasted Potato, Cottage Cheese, Scrambled Egg and 2 more items",1616.00,698.00,0.500
dish_1565021220,egg whites | sweet potato | waffles | tofu | sausage,543.71,361.00,"Plain Waffle, Sweet Potato, Fresh Pork Sausage and 2 more items",982.00,419.00,0.667
dish_1565021599,egg whites,206.96,398.00,"Feta Cheese, Roasted Potato (Fat Added in Cooking)",545.00,250.00,0.000
dish_1565021640,egg whites | sweet potato,304.58,500.00,"Cantaloupe Melons, Scrambled Egg, Roasted Potato (Fat Added in Cooking)",682.00,494.00,0.667
dish_1565021675,sweet potato | egg whites | honeydew melons,331.58,575.00,"Sweet Potato, Cantaloupe Melons, Feta Cheese",511.00,335.00,0.500
dish_1565021714,egg whites | honeydew melons | sweet potato,381.17,662.00,"Strawberries, Scrambled Egg, Blueberries and 4 more items",404.00,386.00,0.600
dish_1565021965,egg whites,92.04,177.00,Cottage Cheese,233.00,226.00,0.000
dish_1565022027,sweet potato | egg whites,178.18,267.00,"Cottage Cheese, Roasted Potato (Fat Added in Cooking)",382.00,326.00,0.333
dish_1565022062,egg whites | sweet potato,234.61,366.00,"Blackberries, Cottage Cheese, Roasted Potato (Fat Added in Cooking) and 1 more items",398.00,361.00,0.333
dish_1565023128,granola,41.59,32.00,Mixed Salad Greens,14.00,85.00,0.000
dish_1565023157,scrambled eggs,379.03,260.00,"Mixed Salad Greens, Scrambled Egg",478.00,239.00,1.000
dish_1565023182,scrambled eggs | bacon,638.71,308.00,"Bacon, Scrambled Egg, Mixed Salad Greens",671.00,328.00,1.000
dish_1565024675,turkey bacon,129.10,34.00,"Turkey Bacon, Mustard",117.00,32.90,1.000
dish_1565024707,turkey bacon | scrambled eggs,299.30,149.00,"Scrambled Egg, Turkey Bacon, Red Hot Sauce",355.00,145.50,0.667
dish_1565024741,turkey bacon | scrambled eggs | roasted potatoes,359.93,192.00,"Bacon, Potato, Scrambled Egg and 1 more items",646.00,323.00,0.750
dish_1565030350,lettuce | lime | cucumbers | onions | cherry tomatoes,62.59,62.00,"Arugula Lettuce, Carrots",18.00,60.00,0.167
dish_1565030391,white rice | beef,609.33,313.00,"Carrots, White Rice, Broccoli and 2 more items",399.00,291.00,0.200
dish_1565031283,beef | white rice,252.68,116.00,"White Rice, Tomato Sauce, Spinach and 1 more items",261.00,178.50,0.200
dish_1565031338,beef | white rice | caesar salad,296.24,215.00,"Parmesan Cheese (Shredded), Romaine Lettuce, Croutons and 2 more items",536.00,324.00,0.143
dish_1565031376,beef | cauliflower | caesar salad,319.49,308.00,"Cauliflower, Romaine Lettuce, White Rice",186.00,300.00,0.200
dish_1565032680,figs | arugula,280.28,208.00,"Spinach, Cantaloupe Melons",61.00,190.00,0.000
dish_1565032714,figs | squash | arugula,315.59,330.00,"Cantaloupe Melons, Spinach, Yellow Summer Squash",69.00,320.00,0.200
dish_1565032748,beef | arugula | figs,544.31,435.00,"Mixed Salad Greens, Cooked Eggplant (Fat Added in Cooking), Cantaloupe Melons and 3 more items",453.00,400.00,0.000
dish_1565033085,,15.40,55.00,Mixed Salad Greens,10.00,60.00,
dish_1565033110,broccoli,47.60,147.00,"Mixed Salad Greens, Broccoli",45.00,176.00,1.000
dish_1565033139,broccoli,193.65,274.00,"Lettuce, Kidney Beans, Broccoli",351.00,268.50,0.333
dish_1565033189,chicken | broccoli,578.10,507.00,"Broccoli, Kidney Beans, Chicken and 1 more items",670.00,404.50,0.500
dish_1565033220,chicken,908.60,578.00,"Fried Tofu, Broccoli, Lettuce and 2 more items",697.00,383.50,0.000
dish_1565033265,chicken,1324.08,625.00,"Fried Tofu, Lettuce, Salad Dressing and 2 more items",699.00,384.00,0.000
dish_1565034234,cauliflower,43.75,175.00,Cauliflower,25.00,100.00,1.000
dish_1565034281,roasted potatoes | cauliflower,228.46,306.00,"Cauliflower, Eggplant",36.00,146.00,0.333
dish_1565034330,cauliflower | beef | roasted potatoes,614.02,483.00,"Eggplant, Spinach, White Rice and 1 more items",169.00,265.00,0.167
dish_1565034605,lettuce | lime | cucumbers | onions | cherry tomatoes,52.49,52.00,"Carrots, Mixed Salad Greens",27.00,116.20,0.000
dish_1565034635,arugula,124.09,110.00,"Dried Cranberries, Mixed Salad Greens, Walnuts",82.00,99.20,0.000
dish_1565034661,cheese pizza,219.81,146.00,"Mixed Salad Greens, Lasagna with Meat",422.00,335.00,0.000
dish_1565034681,cheese pizza | pizza,323.55,185.00,"Mixed Salad Greens, Fried Tofu",475.00,255.00,0.000
dish_1565035715,onions,15.60,39.00,Red Onions,23.00,55.00,1.000
dish_1565035746,onions | cauliflower,43.10,149.00,"Red Onions, Cauliflower",59.00,180.00,1.000
dish_1565035774,onions | cauliflower | bell peppers,57.50,185.00,"Green Bell Pepper, Cauliflower, Red Onions",74.00,254.00,1.000
dish_1565035802,onions | cherry tomatoes | cauliflower | bell peppers,69.20,250.00,"Green Bell Pepper, Red Onions, Grape Tomatoes and 1 more items",94.00,363.50,1.000
dish_1565035830,chicken breast | cauliflower,340.13,414.00,"Grape Tomatoes, Green Bell Pepper, Chicken and 2 more items",397.00,452.50,0.400
dish_1565035858,chicken breast | watermelon | cauliflower,375.23,531.00,"Chicken, Cherry Tomatoes, Green Bell Pepper and 3 more items",412.00,448.50,0.500
dish_1565036788,cheese pizza,186.13,70.00,Cheese Pizza,221.00,80.00,1.000
dish_1565036821,beef | cheese pizza,325.54,134.00,"Beef, Cheese Pizza",452.00,160.00,1.000
dish_1565036890,roasted potatoes | beef | cheese pizza | chicken thighs,520.86,260.00,"Eggplant, Beef, Cheese Pizza and 1 more items",663.00,297.00,0.600
dish_1565036922,chicken thighs | roasted potatoes | cheese pizza | beef,539.86,336.00,"Egg Roll with Beef and/or Pork, Chicken, Eggplant and 2 more items",516.00,346.00,0.500
dish_1565036953,chicken thighs | caesar salad | beef | roasted potatoes | cheese pizza,586.94,443.00,"Cauliflower, Cheese Pizza, Roasted Potato and 3 more items",705.00,426.00,0.571
dish_1565107066,scrambled eggs,127.28,86.00,Scrambled Egg,240.00,113.00,1.000
dish_1565107092,scrambled eggs | egg whites,313.44,444.00,"Scrambled Egg, Cottage Cheese",474.00,339.50,0.500
dish_1565107119,sweet potato | scrambled eggs | egg whites,426.37,562.00,"Cottage Cheese, Potato, Scrambled Egg",551.00,414.00,0.667
dish_1565107143,watermelon | egg whites | scrambled eggs | sweet potato,454.27,655.00,"Scrambled Egg, Plain French Toast, Boiled Egg and 1 more items",835.00,613.00,0.400
dish_1565107171,sweet potato | scrambled eggs | egg whites | watermelon | grapes,501.88,724.00,"Plain French Toast, Watermelon, Boiled Egg and 2 more items",811.00,504.00,0.500
dish_1565107211,sweet potato | scrambled eggs | egg whites | watermelon | grapes,523.63,799.00,"Grapes, Scrambled Egg, Cottage Cheese and 3 more items",566.00,516.00,0.667
dish_1565109606,sweet potato,89.96,94.00,Roasted Potato,112.00,75.00,1.000
dish_1565109637,sweet potato | egg whites,172.64,253.00,"Scrambled Egg, Roasted Potato",425.00,247.00,1.000
dish_1565109659,sweet potato | bacon | egg whites,226.74,263.00,"Bacon, Fried Potatoes, Scrambled Egg",652.00,329.00,1.000
dish_1565117429,cheese pizza,390.87,147.00,"Taco, Cheese Pizza",1251.00,475.00,0.500
dish_1565117463,caesar salad | cheese pizza,435.31,248.00,"Cheese Pizza, Mixed Salad Greens",1049.00,460.00,0.500
dish_1565117892,tuna,132.60,102.00,"Tuna Salad, Red Bell Pepper, Carrots and 1 more items",387.00,228.30,0.250
dish_1565117934,chicken breast | tuna,352.32,235.00,"Tuna Salad, Chicken, Bell Peppers",602.00,359.00,0.667
dish_1565117962,chicken breast | bell peppers | tuna,379.92,304.00,"Chicken, Tuna Salad, Bell Peppers",559.00,327.00,1.000
dish_1565117990,tuna | chicken breast | cheese pizza,582.00,380.00,"Chicken, Bell Peppers, Tuna Salad and 2 more items",778.00,403.00,0.600
dish_1565118029,chicken breast | cheese pizza | tuna,595.14,453.00,"Pineapple, Carrots, Cherry Tomatoes and 3 more items",845.00,618.00,0.286
dish_1565118067,chicken breast | tuna | cheese pizza,623.43,522.00,"Tomatoes, Cheese Pizza, Chicken and 3 more items",994.00,575.00,0.500
dish_1565118096,chicken breast | tuna | cheese pizza | pineapple,656.43,588.00,"Chicken, Tuna Salad, Pineapple and 3 more items",949.00,515.00,0.667
dish_1565118700,chard | kale,16.66,49.00,"Beets, Beet Greens",49.00,140.00,0.000
dish_1565118729,beef | millet,435.49,248.00,"Roast Beef, Cooked Broccoli (Fat Added in Cooking)",250.00,128.00,0.333
dish_1565118782,beef | millet,557.52,353.00,"Arugula Lettuce, Cooked Beets (from Fresh), Roast Beef and 2 more items",371.00,269.00,0.200
dish_1565118999,lettuce | feta cheese,200.39,288.00,"Cucumber, Kalamata Olive, Feta Cheese and 3 more items",141.00,334.00,0.333
dish_1565119418,cheese pizza,324.40,122.00,Cheese Pizza,1035.00,375.00,1.000
dish_1565119439,beef | cheese pizza,465.41,189.00,"Cheese Pizza, Meat",1279.00,460.00,0.500
dish_1565119464,cheese pizza | beef,504.07,223.00,"Spinach, Sun-Dried Tomatoes, Pork and 1 more items",1311.00,505.00,0.200
dish_1565119493,beef | cheese pizza,529.14,280.00,"Cheese Pizza, Pork, Salad Dressing and 4 more items",969.00,605.00,0.143
dish_1565119642,kale | chard,26.52,78.00,"Beets, Kale",61.00,127.50,0.333
dish_1565119669,kale | zucchini | chard | chayote squash,55.97,229.00,"Kale, Beets, Yellow Summer Squash and 1 more items",100.00,299.00,0.600
dish_1565119698,zucchini | kale | beef | chayote squash,222.24,308.00,"Kale, Beets, Yellow Summer Squash and 1 more items",358.00,460.00,0.600
dish_1565119739,beef,396.80,461.00,"Zucchini, Couscous, Yellow Summer Squash and 2 more items",486.00,482.00,0.250
dish_1565123783,cheese pizza,93.06,35.00,Cheese Pizza,207.00,75.00,1.000
dish_1565123816,beef | cheese pizza,250.92,110.00,"Cheese Pizza, Roast Beef",558.00,205.00,1.000
dish_1565123845,cheese pizza | beef,268.66,201.00,"Zucchini, Roast Beef, Cheese Pizza",445.00,230.00,0.667
dish_1565123881,caesar salad | cheese pizza | beef,406.82,515.00,"Salad Dressing, Cheese Pizza, Romaine Lettuce and 3 more items",673.00,495.00,0.143
dish_1565194684,egg whites,196.56,378.00,"Cheese Curds, Roasted Potato (Fat Added in Cooking), Grapes and 1 more items",574.00,280.50,0.000
dish_1565194752,sweet potato | egg whites,322.89,510.00,"Onions, Sweet Potato, Scrambled Egg",576.00,359.00,0.667
dish_1565194781,sweet potato | carrot | egg whites,351.41,568.00,"Cottage Cheese, Roasted Potato (Fat Added in Cooking)",382.00,326.00,0.250
dish_1565194823,sweet potato | carrot | egg whites | grapes,386.60,619.00,"Grapes, Cottage Cheese, Sweet Potato",345.00,363.50,0.400
dish_1565194852,watermelon | egg whites | sweet potato | grapes | carrot,428.60,759.00,"Sweet Potato, Cottage Cheese, Grapes and 1 more items",367.00,458.50,0.500
dish_1565194906,grapes | watermelon | salsa | carrot | egg whites | sweet potato,451.80,839.00,"Grapes, Watermelon, Cottage Cheese and 3 more items",533.00,499.50,0.333
dish_1565195362,sweet potato,98.58,103.00,Roasted Potato (Fat Added in Cooking),298.00,200.00,1.000
dish_1565195398,chicken apple sausage | sweet potato,135.38,126.00,"Cooked Mushrooms, Roasted Potato (Fat Added in Cooking)",168.00,140.00,0.333
dish_1565195436,chicken apple sausage | sweet potato | bacon,340.96,164.00,"Sweet Potato, Mushrooms, Beef Meatballs and 1 more items",461.00,255.00,0.400
dish_1565195493,sweet potato | chicken apple sausage | bacon | egg whites,407.00,291.00,"Scrambled Egg, Cooked Mushrooms, Roasted Potato (Fat Added in Cooking) and 1 more items",639.00,291.00,0.600
dish_1565196260,egg whites,74.36,143.00,Mozzarella Cheese,341.00,113.00,0.000
dish_1565203015,chicken | brown rice,663.94,397.00,"Bell Peppers, Chicken Stir Fry, Zucchini",276.00,354.00,0.250
dish_1565203094,chicken | pizza,898.02,485.00,"Chicken Stir Fry, Cheese Pizza",501.00,300.00,1.000
dish_1565204855,brussels sprouts,53.61,105.00,Herb Roasted Brussels Sprouts,75.00,85.00,1.000
dish_1565204891,brussels sprouts | chicken thighs | white rice,302.89,314.00,"White Rice, Brussels Sprouts, Zucchini and 2 more items",445.00,376.40,0.600
dish_1565204931,chicken thighs | white rice | caesar salad | brussels sprouts,391.33,515.00,"Brussels Sprouts, Yellow Summer Squash, Mixed Salad Greens",73.00,300.00,0.200
dish_1565207631,white rice,64.41,54.00,"Young Green Onions (Tops Only), Baked or Fried Coated Chicken Breast with Skin",266.00,120.00,0.000
dish_1565207662,white rice | fish | country rice,145.94,128.00,"Green String Beans, Chicken Meat (Roasting, Roasted, Cooked)",337.00,210.00,0.000
dish_1565207694,white rice | country rice | fish | broccoli,173.79,178.00,"Chicken, Broccoli, Green String Beans",611.00,305.00,0.200
dish_1565207727,broccoli | white rice | fish | pizza | country rice,314.77,231.00,"Broccoli, White Rice, Green String Beans and 2 more items",684.00,375.00,0.500
dish_1565207815,brussels sprouts,40.85,80.00,"2 Egg Cheese Omelette, Brussels Sprouts",75.00,175.00,0.500
dish_1565207865,brussels sprouts,112.96,129.00,"Brussels Sprouts, Arugula Lettuce, Beets and 1 more items",51.00,149.00,0.250
dish_1565207896,brussels sprouts | tofu,298.38,383.00,"Cauliflower, Brown Rice, Brussels Sprouts and 4 more items",760.00,622.50,0.286
dish_1565208562,caesar salad,40.48,92.00,"Croutons, Romaine Lettuce, Parmesan Cheese (Shredded) and 1 more items",359.00,154.00,0.250
dish_1565208611,brussels sprouts | caesar salad,73.67,157.00,"Brussels Sprouts, Parmesan Cheese (Shredded), Romaine Lettuce and 1 more items",153.00,190.00,0.200
dish_1565208637,chicken thighs | white rice | caesar salad | brussels sprouts,250.19,305.00,"Croutons, Cheese, Chicken and 1 more items",549.00,250.00,0.333
dish_1565209922,white rice | chicken thighs,201.57,169.00,Egg Omelet or Scrambled Egg with Vegetables,110.00,85.00,0.000
dish_1565209963,chicken thighs | white rice | brussels sprouts,244.46,253.00,"Brussels Sprouts, Chicken",220.00,129.00,0.667
dish_1565210009,white rice | chicken thighs | brussels sprouts,263.82,290.00,"Pulled Pork, Brussels Sprouts, Green String Beans",331.00,310.00,0.200
dish_1565210037,brussels sprouts | white rice | pineapple | chicken thighs,291.82,346.00,"Broccoli, Pulled Pork, Green String Beans and 1 more items",474.00,440.00,0.000
dish_1565210073,brussels sprouts | white rice | pineapple | chicken thighs | caesar salad,364.42,511.00,"Green String Beans, Chicken, Potato and 2 more items",331.00,339.00,0.286
dish_1565369938,bacon,167.71,31.00,Bacon,233.00,43.00,1.000
dish_1565369971,green beans | bacon,221.60,134.00,"Green String Beans, Bacon",264.00,143.00,1.000
dish_1565370004,bacon | scrambled eggs | green beans,570.88,370.00,"Scrambled Egg, Bacon, Green String Beans",601.00,280.00,1.000
dish_1565378680,,92.42,81.00,"Couscous, Spinach, Fried Tofu",132.00,101.90,0.000
dish_1565378731,carrot,154.36,207.00,"Couscous, Carrots",227.00,285.50,1.000
dish_1565378770,pork | carrot,319.28,287.00,"Cooked Lentils, Cooked Carrots, Pork",626.00,411.00,0.667
dish_1565379251,carrot,32.94,67.00,Cooked Carrots,43.00,80.00,1.000
dish_1565379320,pork | sugar | white rice | carrot,404.01,247.00,"Sweet Potato, Stir Fried Vegetables, Pork",498.00,420.00,0.167
dish_1565379377,sugar | caesar salad | carrot | pork,470.01,397.00,"Roasted Potato (Fat Added in Cooking), Mixed Salad Greens, Chicken Fried Rice",570.00,435.00,0.000
dish_1565379788,carrot,49.65,101.00,Carrots,148.00,360.00,1.000
dish_1565379827,carrot | rice noodles,150.53,235.00,"Chow Mein or Chop Suey, Glazed Carrots",359.00,285.00,0.333
dish_1565379868,pork | rice noodles | sugar | carrot,560.77,434.00,"Chow Mein or Chop Suey, Roasted Carrots, Chicken Stir Fry",530.00,524.00,0.167
dish_1565382733,pepperoni pizza,287.64,102.00,Cheese Pizza,331.00,120.00,1.000
dish_1565382762,pepperoni pizza,305.83,139.00,"Date, 14"" Pepperoni Pizza",1055.00,380.00,0.500
dish_1565382803,roasted potatoes | pepperoni pizza,359.41,177.00,"Roasted Potato, Bell Peppers, Cheese Pizza",987.00,630.00,0.667
dish_1565382833,tofu | pepperoni pizza | roasted potatoes,396.64,228.00,"Eggplant, 14"" Pepperoni Pizza, Bell Peppers and 1 more items",702.00,366.00,0.400
dish_1565382856,pepperoni pizza | tofu | rice noodles | roasted potatoes,446.33,294.00,"Fried Tofu, Noodles, Cooked Vegetables and 1 more items",1359.00,625.00,0.600
dish_1565382886,tofu | roasted potatoes | caesar salad | rice noodles | pepperoni pizza,470.09,348.00,"Cheese Pizza, Eggplant, Fried Tofu and 6 more items",1555.00,885.50,0.273
dish_1565382969,spinach (raw),13.11,57.00,"Spinach, Noodles, Carrots",250.00,275.00,0.333
dish_1565382995,spinach (raw) | cucumbers,23.21,158.00,"Noodles, Spinach, Cucumber",239.00,270.00,0.667
dish_1565383026,spinach (raw) | cucumbers,171.56,287.00,"Cucumber, Noodles, Olives and 1 more items",327.00,345.00,0.667
dish_1565383062,chicken,362.96,403.00,"Chicken, Cucumber, Noodles and 2 more items",468.00,375.00,0.200
dish_1565383097,chicken | parmesan cheese,479.25,430.00,"Olives, Cucumber, Chicken and 3 more items",555.00,438.00,0.400
dish_1565383128,parmesan cheese | chicken,600.28,456.00,"Salad Dressing, Noodles, Olives and 4 more items",541.00,360.00,0.400
dish_1565383159,parmesan cheese | chicken,706.36,468.00,"Chicken, Spinach, Noodles and 4 more items",614.00,397.00,0.400
dish_1565627751,sweet potato,68.91,72.00,Roasted Potato (Fat Added in Cooking),104.00,70.00,1.000
dish_1565627800,sweet potato | egg whites,167.19,261.00,"Roasted Potato (Fat Added in Cooking), Mozzarella Cheese",321.00,157.00,0.333
dish_1565637123,pasta salad,229.71,114.00,"Penne, Mixed Salad Greens, Green Peas and 1 more items",154.00,206.00,0.000
dish_1565637162,pasta salad | pork,581.51,286.00,"Meat, Mixed Salad Greens, White Rice and 1 more items",585.00,411.00,0.000
dish_1565637504,pineapple,28.00,56.00,Pineapple,40.00,82.50,1.000
dish_1565637548,pineapple | quinoa,93.44,102.00,"Hot Chili Pepper, Pineapple, Quinoa (Cooked)",176.00,184.00,0.667
dish_1565637578,pineapple | quinoa | chicken breast,197.30,168.00,"Breaded Chicken Patty, Fillet or Tenders, Onions, Tomatoes and 2 more items",611.00,387.50,0.333
dish_1565637608,pork | quinoa | chicken breast | pineapple,422.29,278.00,"Fried Tofu, Pineapple, Zucchini and 1 more items",330.00,280.00,0.143
dish_1565638287,pork | white rice,357.93,175.00,"Beef, Noodles and Vegetables in Gravy (Including Carrots, Broccoli, and/or Dark-Green Leafy, Mixture), Pork, White Rice",455.00,230.90,0.667
dish_1565638323,pork | brown rice,467.82,274.00,"Tomatoes, Spinach, Pork and 2 more items",525.00,302.00,0.400
dish_1565638365,pork | brown rice,612.35,389.00,"Pork, Carrots, Tomatoes and 4 more items",571.00,340.00,0.333
dish_1565638478,green beans,47.62,91.00,Asparagus,27.00,136.00,0.000
dish_1565638515,pork | green beans,198.97,165.00,"Asparagus, Chicken",231.00,235.00,0.000
dish_1565638550,pork | chicken breast | green beans,277.66,215.00,"Chicken, Cooked Artichoke (from Fresh), Asparagus and 1 more items",280.00,247.50,0.250
dish_1565638599,green beans | pork | chicken breast | quinoa,368.70,279.00,"Brown Rice, Asparagus, Chicken Schnitzel",558.00,385.00,0.200
dish_1565640195,bell peppers,21.60,54.00,Bell Peppers,19.00,74.00,1.000
dish_1565640227,bell peppers | pepperoni pizza,334.62,165.00,"Cheese Pizza, Bell Peppers",808.00,360.00,1.000
dish_1565640272,bell peppers | pepperoni pizza | cherry tomatoes,377.82,405.00,"Olives, 14"" Pepperoni Pizza, Asparagus and 2 more items",618.00,440.00,1.000
dish_1565640365,cherry tomatoes | chicken breast | pepperoni pizza,720.89,623.00,"Olives, Cherry Tomatoes, Cheese Pizza and 3 more items",870.00,668.00,0.750
dish_1565640427,brownies,195.76,42.00,"Cheese Pizza, Fried Tofu, Basil",412.00,150.50,0.000
dish_1565640528,arugula | mangos | tomatoes,38.55,105.00,"Mango, Tomatoes, Lettuce",26.00,112.00,0.500
dish_1565640549,tomatoes | arugula | mangos,45.48,139.00,"Tomatoes, Spinach, Lettuce and 2 more items",57.00,240.00,0.400
dish_1565640576,white rice | pork,307.29,267.00,"Tomatoes, Lettuce, Spinach and 5 more items",439.00,530.00,0.286
dish_1565640601,chicken breast | pork,411.15,333.00,"Asparagus, Mangos, Spinach and 5 more items",436.00,504.00,0.125
dish_1565640772,chicken,241.17,191.00,"Mixed Salad Greens, Fried Tofu",355.00,211.00,0.000
dish_1565640812,black beans | chicken,297.93,234.00,"Fried Tofu, Mixed Salad Greens, Black Beans",533.00,231.00,0.333
dish_1565640842,chicken | black beans,307.43,329.00,"Chicken, Black Beans, Cucumber and 1 more items",359.00,208.00,0.667
dish_1565640868,black beans | chicken,395.98,406.00,"Grapes, Cucumber, Chicken and 1 more items",277.00,350.00,0.200
dish_1565640894,chicken | black beans | parmesan cheese,464.89,422.00,"Red Seedless Grapes, Lettuce, Croutons and 2 more items",130.00,320.00,0.143
dish_1565640914,black beans | parmesan cheese | chicken,774.29,457.00,"Grapes, Parmesan Cheese (Shredded), Lettuce and 2 more items",204.00,294.00,0.143
dish_1565641844,cheese pizza,244.63,92.00,Cheese Pizza,331.00,120.00,1.000
dish_1565641885,cheese pizza,254.22,139.00,"Asparagus, Cheese Pizza",351.00,220.00,1.000
dish_1565641915,cheese pizza | quinoa,326.76,190.00,"Cheese Pizza, Buckwheat, Asparagus and 2 more items",702.00,343.00,0.200
dish_1565641943,cheese pizza | quinoa | chicken breast,510.89,307.00,"Asparagus, Buckwheat, Cheese Pizza and 1 more items",923.00,405.00,0.500
dish_1565711083,bacon,178.53,33.00,Bacon,227.00,42.00,1.000
dish_1565711115,bacon | egg whites,321.53,308.00,"Scrambled Egg, Bacon",280.00,107.00,1.000
dish_1565711154,bacon | granola | egg whites,421.62,385.00,"Scrambled Egg, Bacon, Mixed Salad Greens",576.00,325.00,0.667
dish_1565711183,bacon | granola | egg whites | brussels sprouts,460.42,461.00,"Mashed Cauliflower, Mixed Salad Greens, Bacon and 1 more items",435.00,457.00,0.400
dish_1565711270,cantaloupe,31.62,93.00,Cantaloupe Melons,29.00,85.00,1.000
dish_1565711296,cantaloupe | grapes,43.35,110.00,"Cantaloupe Melons, Red Seedless Grapes",55.00,120.00,1.000
dish_1565711326,yam | cantaloupe | sweet potato,296.09,285.00,"Cantaloupe Melons, Roasted Potato, Grapes",304.00,348.00,0.500
dish_1565711358,yam | cantaloupe | sweet potato | egg whites,490.05,658.00,"Cottage Cheese, Roasted Potato, Grapes and 1 more items",563.00,611.00,0.333
dish_1565711453,scrambled eggs,198.32,134.00,Scrambled Egg,240.00,113.00,1.000
dish_1565711498,brussels sprouts | scrambled eggs,246.83,229.00,"Brussels Sprouts, Scrambled Egg",512.00,309.00,1.000
dish_1565711527,brussels sprouts | scrambled eggs | hash browns,484.81,302.00,"Scrambled Egg, Brussels Sprouts, Hashed Brown Potatoes",827.00,459.00,0.500
dish_1565711570,brussels sprouts | scrambled eggs | hash browns | bacon,603.83,324.00,"Hashed Brown Potatoes, Brussels Sprouts, Bacon and 1 more items",782.00,367.00,0.600
dish_1565721800,zucchini | chayote squash,33.35,171.00,"Zucchini, Yellow Summer Squash",37.00,230.00,1.000
dish_1565721828,zucchini | chayote squash | roasted potatoes,129.23,239.00,"Roasted Potato, Zucchini, Yellow Summer Squash",129.00,183.00,1.000
dish_1565721855,chicken | roasted potatoes,479.03,450.00,"Chicken, Yellow Summer Squash, Zucchini and 2 more items",576.00,396.10,0.500
dish_1565724050,arugula,84.72,72.00,"Onions, Arugula Lettuce",22.00,68.00,0.500
dish_1565724087,chicken | arugula,230.61,160.00,"Chicken, Mixed Salad Greens",215.00,170.00,0.500
dish_1565724196,broccoli,45.68,82.00,Broccoli,31.00,91.00,1.000
dish_1565724235,chicken | broccoli,256.23,209.00,"Chicken, Berry Cobbler, Broccoli",460.00,273.50,0.667
dish_1565724269,pizza | chicken | broccoli,527.55,311.00,"Cheese Pizza, Broccoli, Chicken and 1 more items",1029.00,454.40,0.750
dish_1565724509,chayote squash | zucchini,30.81,158.00,"Zucchini, Yellow Summer Squash",24.00,150.00,1.000
dish_1565724552,zucchini | broccoli | chayote squash,108.80,298.00,"Yellow Summer Squash, Pecans, Broccoli",63.00,183.60,0.500
dish_1565724588,broccoli | roasted potatoes | chayote squash,266.72,410.00,"Broccoli, Potato, Yellow Summer Squash",225.00,354.00,1.000
dish_1565724620,broccoli | roasted potatoes | chicken,473.95,535.00,"Roasted Potato, Chicken Meat (Roasting, Roasted, Cooked), Broccoli and 1 more items",474.00,451.00,0.750
dish_1565725009,,50.60,44.00,Olives,58.00,50.00,
dish_1565725047,carrot,77.66,110.00,Carrots,45.00,110.00,1.000
dish_1565725071,carrot | bell peppers,109.66,190.00,"Carrots, Raisins, Bell Peppers",120.00,241.00,0.667
dish_1565725095,cherry tomatoes | carrot | bell peppers,121.72,257.00,"Carrots, Cherry Tomatoes, Bell Peppers",67.00,274.50,1.000
dish_1565725123,bell peppers | carrot | chicken,430.27,444.00,"Carrots, Cherry Tomatoes, Chicken and 1 more items",596.00,500.20,0.750
dish_1565725156,carrot | bell peppers | chicken,452.67,500.00,"Red Onions, Tomatoes, Chicken and 1 more items",390.00,364.00,0.400
dish_1565725188,bell peppers | chicken | parmesan cheese,543.12,521.00,"Carrots, Red Onions, Parmesan Cheese (Shredded) and 1 more items",475.00,291.20,0.167
dish_1565725244,parmesan cheese | chicken | bell peppers | caesar dressing,573.55,590.00,"Cherry Tomatoes, Chicken, Red Onions and 2 more items",522.00,408.00,0.286
dish_1565726812,broccoli,36.21,65.00,Broccoli,15.00,45.00,1.000
dish_1565726848,broccoli | arugula,102.11,121.00,"Broccoli, Mixed Salad Greens",20.00,75.00,0.500
dish_1565726887,roasted potatoes | arugula | broccoli,174.02,172.00,"Arugula Lettuce, Broccoli, Kale and 1 more items",157.00,203.00,0.750
dish_1565726915,roasted potatoes | squash | broccoli,196.88,251.00,"Zucchini, Broccoli, Potato and 3 more items",167.00,307.00,0.600
dish_1565726949,roasted potatoes | beef,451.55,372.00,"Zucchini, Asparagus, Roasted Potato and 4 more items",399.00,350.00,0.333
dish_1565727738,,2.52,9.00,Mixed Salad Greens,10.00,56.00,
dish_1565727765,broccoli,26.32,77.00,"Broccoli, Mixed Salad Greens",45.00,176.00,1.000
dish_1565727791,broccoli | parmesan cheese,121.07,99.00,"Broccoli, Lettuce, Parmesan Cheese (Shredded)",72.00,236.00,0.667
dish_1565727821,parmesan cheese | chicken | broccoli,281.12,196.00,"Chicken Meat (Roasting, Roasted, Cooked), Broccoli, Parmesan Cheese (Shredded) and 1 more items",179.00,226.00,1.000
dish_1565727851,broccoli | parmesan cheese | chicken,406.47,305.00,"Chicken, Kidney Beans, Broccoli and 1 more items",661.00,345.00,0.400
dish_1565727875,parmesan cheese | black beans | chicken,485.67,365.00,"Kidney Beans, Black Beans, Fried Tofu and 2 more items",951.00,429.00,0.143
dish_1565727921,black beans | chicken | parmesan cheese,768.55,397.00,"Fried Tofu, Kidney Beans, Broccoli and 2 more items",840.00,388.00,0.143
dish_1565728388,cheese pizza,124.97,47.00,Cheese Pizza,295.00,107.00,1.000
dish_1565728415,cheese pizza | beef,194.43,80.00,"Cheese Pizza, Artichoke Hearts in Oil",308.00,160.00,0.333
dish_1565728453,beef | cheese pizza | chicken,293.90,140.00,"Chicken, Cheese Pizza",563.00,225.00,0.667
dish_1565728494,roasted potatoes | chicken | beef | cheese pizza,326.33,163.00,"Potato, Chicken, Cheese Pizza",726.00,317.00,0.750
dish_1565728562,beef | chicken | roasted potatoes | cheese pizza | squash,354.98,262.00,"Cheese Pizza, Chicken, Yellow Summer Squash",699.00,345.00,0.600
dish_1565728591,squash | beef | chicken | cheese pizza | roasted potatoes | broccoli,388.41,322.00,"Broccoli, Meat, Chicken and 2 more items",904.00,508.00,0.667
dish_1565728634,chicken | beef | roasted potatoes | cheese pizza | pineapple,436.41,418.00,"Chicken, Broccoli, Zucchini and 3 more items",837.00,482.50,0.571
dish_1565728684,cheese pizza | beef | chicken | roasted potatoes | pineapple,493.30,464.00,"Turkey Light Meat (Cooked, Roasted), Pineapple, Cheese Pizza and 5 more items",796.00,528.50,0.333
dish_1565797645,watermelon,21.00,70.00,Watermelon,23.00,76.00,1.000
dish_1565797671,watermelon,39.24,102.00,"Watermelon, Blueberries, Strawberries",53.00,153.00,1.000
dish_1565797699,granola | watermelon,128.93,171.00,"Mixed Salad Greens, Blackberries, Watermelon and 2 more items",63.00,208.00,0.500
dish_1565797723,scrambled eggs | granola | watermelon,202.93,221.00,"Strawberries, Scrambled Egg, Watermelon and 3 more items",271.00,281.60,0.667
dish_1565798531,cherry tomatoes | lettuce | lime | onions | cucumbers,61.58,61.00,"Tomatoes, Carrots, Spinach and 1 more items",38.00,134.00,0.286
dish_1565798558,broccoli,88.32,109.00,"Tomatoes, Broccoli, Carrots and 2 more items",68.00,220.00,0.200
dish_1565798591,egg whites | broccoli,148.12,224.00,"Tomatoes, Carrots, Spinach and 3 more items",94.00,325.00,0.143
dish_1565798617,egg whites | broccoli,197.71,311.00,"Strawberries, Carrots, Broccoli and 4 more items",99.00,319.00,0.167
dish_1565799507,sweet potato,74.65,78.00,"White Rice, Blueberries, Strawberries and 1 more items",242.00,218.80,0.500
dish_1565799565,sweet potato | egg whites,240.01,396.00,"Sweet Potato, Scrambled Egg",510.00,300.00,1.000
dish_1565799597,egg whites | watermelon | sweet potato,258.31,457.00,"Cottage Cheese, Watermelon, Roasted Potato (Fat Added in Cooking)",405.00,402.00,0.500
dish_1565799617,egg whites | watermelon | sweet potato,294.22,520.00,"Watermelon, Cottage Cheese, Sweet Potato (Without Skin, Cooked, Boiled) and 1 more items",357.00,445.80,0.500
dish_1565799663,salsa | watermelon | egg whites | sweet potato,314.81,591.00,"Scrambled Egg, Blueberries, Watermelon and 3 more items",632.00,514.00,1.000
dish_1565808943,cherry tomatoes,13.32,74.00,Cherry Tomatoes,18.00,100.00,1.000
dish_1565808975,cherry tomatoes | onions,35.72,130.00,"Red Onions, Cherry Tomatoes",50.00,175.00,1.000
dish_1565809033,bell peppers | onions | tuna,341.42,433.00,"Tuna, Red Bell Pepper, Red Onions and 1 more items",203.00,277.50,1.000
dish_1565809080,onions | tuna | carrot | bell peppers,362.74,485.00,"Red Onions, Shredded Carrots, Tuna and 1 more items",208.00,281.50,1.000
dish_1565809120,bell peppers | onions | tuna | carrot,365.63,502.00,"Tuna, Celery, Bell Peppers and 2 more items",146.00,252.50,0.800
dish_1565810146,arugula,36.45,29.00,Arugula Lettuce,5.00,20.00,1.000
dish_1565810205,tofu,126.97,153.00,"Arugula Lettuce, Brown Rice, Yellow Summer Squash and 2 more items",166.00,368.00,0.000
dish_1565810237,tofu | chicken thighs,349.87,306.00,"Arugula Lettuce, Cabbage Kimchi, Fried Rice",316.00,205.00,0.000
dish_1565810969,spinach (raw),4.60,20.00,Spinach,21.00,90.00,1.000
dish_1565811000,chicken,342.85,225.00,"Spinach, Chicken",346.00,200.00,0.500
dish_1565811025,chicken | broccoli,361.05,277.00,"Broccoli, Chicken, Spinach",377.00,291.00,0.667
dish_1565811061,chicken | carrot,380.32,324.00,"Carrots, Broccoli, Spinach and 1 more items",266.00,286.00,0.500
dish_1565811091,chicken | goat cheese,504.40,371.00,"Spinach, Broccoli, Carrots and 1 more items",393.00,290.00,0.000
dish_1565811139,goat cheese | chicken,902.20,416.00,"Carrots, Spinach, Broccoli and 1 more items",418.00,367.00,0.000
dish_1565811287,bok choy,16.51,127.00,"Chinese Cabbage (Bok-Choy, Pak-Choi)",11.00,85.00,1.000
dish_1565811335,bok choy,121.48,219.00,"Lentils, Yellow Summer Squash, Chinese Cabbage (Bok-Choy, Pak-Choi)",718.00,333.00,0.333
dish_1565811390,salmon | bok choy,205.09,266.00,"Lentils, Chinese Cabbage (Bok-Choy, Pak-Choi), Chicken Meat (Roasting, Roasted, Cooked) and 1 more items",521.00,321.00,0.200
dish_1565811423,salmon | bok choy | chicken thighs,240.06,290.00,"Chinese Cabbage (Bok-Choy, Pak-Choi), Lentils, Salmon",484.00,269.00,0.500
dish_1565811529,spinach (raw),116.84,104.00,"Radish, Red Onions, Mixed Salad Greens and 1 more items",22.00,110.00,0.000
dish_1565811588,chicken thighs,348.48,263.00,"Red Onions, Carrots, Mixed Salad Greens and 2 more items",257.00,325.00,0.250
dish_1565812116,arugula,44.44,36.00,"Arugula Lettuce, Walnuts",97.00,34.00,0.500
dish_1565812146,arugula | pineapple,72.94,93.00,"Pineapple, Arugula Lettuce, Pistachio Nuts",84.00,109.50,0.667
dish_1565812186,chicken thighs | pineapple,324.98,266.00,"Pineapple, Arugula Lettuce, Chicken",314.00,215.90,0.667
dish_1565813386,tofu,113.88,156.00,"Fried Tofu, Kale, Brown Rice and 1 more items",603.00,296.00,0.250
dish_1565813414,tofu,139.72,179.00,"Fried Tofu, Arugula Lettuce, Radish and 1 more items",472.00,285.00,0.250
dish_1565813446,tofu,202.68,230.00,"Brown Rice, Fried Tofu, Radish and 1 more items",466.00,260.00,0.250
dish_1565884692,egg whites,212.16,408.00,"Watermelon, Mozzarella Cheese (Whole Milk)",425.00,399.00,0.000
dish_1565884738,watermelon | egg whites,228.66,463.00,"Watermelon, Mozzarella Cheese (Whole Milk)",362.00,189.00,0.333
dish_1565884766,waffles | egg whites,469.61,546.00,"Watermelon, Plain Waffle, Scrambled Egg",610.00,336.00,0.667
dish_1565884833,egg whites | waffles | salsa,497.74,643.00,"Plain Waffle, Paneer, Watermelon and 1 more items",449.00,212.20,0.400
dish_1565894858,cookies,132.84,27.00,Cookie,136.00,28.00,0.000
dish_1565894889,cheese pizza | cookies,257.81,74.00,"Cheese Pizza, Chocolate Chip Cookie",478.00,150.00,0.333
dish_1565894910,pizza | cheese pizza | cookies,537.11,179.00,"Chocolate Chip Cookie, Cheese Pizza",920.00,310.00,0.250
dish_1565895808,green beans,51.80,99.00,Green String Beans,31.00,100.00,1.000
dish_1565895879,kale | chard | green beans,96.68,231.00,"Kale, Green String Beans, Sesame Seeds",73.00,163.00,0.500
dish_1565895966,kale | green beans | chard | beef,214.54,287.00,"Kale, Beef Steak, Green String Beans",333.00,248.00,0.750
dish_1565896039,kale | quinoa | green beans | beef,352.53,384.00,"Couscous, Green String Beans, Kale and 1 more items",292.00,330.00,0.400
dish_1565896662,chard | kale,19.38,57.00,Cooked Chard,15.00,40.00,0.500
dish_1565896701,chard | kale | lime | garlic | cauliflower,294.47,184.00,"Swiss Chard, Beef Stew",242.00,286.00,0.167
dish_1565896745,arugula | garlic | walnuts | cauliflower | chard | kale | lime,368.54,244.00,"Arugula Lettuce, Radish, Beef Stew and 1 more items",244.00,293.00,0.222
dish_1565897569,cauliflower | garlic | lime,324.91,150.00,"Spinach, Quinoa, Tomatoes and 1 more items",509.00,253.50,0.000
dish_1565897617,green beans,356.83,211.00,"Ground Meat, Green String Beans, Spinach",332.00,228.00,0.500
dish_1565897680,blue cheese | walnuts,770.45,405.00,"Tomatoes, Cooked Rice, Green String Beans and 1 more items",170.00,278.00,0.000
dish_1565898128,salmon | brown rice,209.03,134.00,"Baked or Broiled Cod, White Rice",299.00,240.00,0.333
dish_1565898158,salmon | green beans | brown rice,240.43,194.00,"Brown Rice, Fish, Green String Beans",222.00,268.40,0.500
dish_1565898193,brown rice | green beans | salmon,291.91,268.00,"White Rice, Green String Beans, Mixed Salad Greens and 1 more items",277.00,297.40,0.500
dish_1565898230,beef | salmon,780.20,500.00,"Green String Beans, Mixed Salad Greens, White Rice and 2 more items",418.00,393.40,0.000
dish_1565898331,salmon | brown rice,155.99,100.00,"Spinach, Mushrooms, White Rice",132.00,146.00,0.250
dish_1565898361,beef | salmon,370.67,202.00,"Carrots, Steak, Cherry Tomatoes and 3 more items",433.00,376.00,0.000
dish_1565898402,salmon | beef,384.80,229.00,"Spinach, Beef, Cherry Tomatoes and 4 more items",462.00,414.00,0.143
dish_1565898432,salmon | beef,450.22,282.00,"Arugula Lettuce, Green String Beans, Brown Rice and 5 more items",548.00,520.00,0.000
dish_1565898489,,46.00,40.00,"Green String Beans, Olives, Mayonnaise and 2 more items",208.00,250.00,0.000
dish_1565898511,cherry tomatoes,57.16,102.00,"Cooked Fish, Cherry Tomatoes, Green String Beans and 1 more items",214.00,380.00,0.333
dish_1565898544,cherry tomatoes | salmon | brown rice,181.95,182.00,"Cherry Tomatoes, Fish, Olives and 1 more items",196.00,327.00,0.200
dish_1565898590,salmon | cherry tomatoes | carrot | brown rice,212.70,257.00,"Green String Beans, Shredded Carrots, Fish and 2 more items",193.00,388.00,0.333
dish_1565898659,tuna | salmon | carrot,576.70,537.00,"Carrots, Cherry Tomatoes, Tuna Salad and 2 more items",471.00,399.00,0.333
dish_1565898723,tuna | salmon | carrot,603.39,588.00,"Carrots, Tuna Salad, Boiled Egg and 3 more items",505.00,461.00,0.333
dish_1565898758,tuna | carrot | salmon,612.99,612.00,"Green String Beans, Cherry Tomatoes, Tuna Salad and 5 more items",576.00,594.00,0.222
dish_1565972363,egg whites,289.64,557.00,Feta Cheese,396.00,150.00,0.000
dish_1565972384,sweet potato | egg whites,432.24,706.00,"Roasted Potato, Mozzarella Cheese",573.00,269.00,0.333
dish_1565972429,egg whites | sweet potato | salsa,468.49,831.00,"Fried Potatoes, Tomato Sauce, Yam (with Salt, Drained, Cooked, Boiled)",725.00,630.00,0.200
dish_1565972591,chicken apple sausage,195.20,122.00,"Fresh Pork Sausage, Scrambled Egg",336.00,115.00,0.500
dish_1565972628,chicken apple sausage | scrambled eggs,545.96,359.00,"Scrambled Egg, Fresh Pork Sausage",682.00,285.00,1.000
dish_1565972674,scrambled eggs | chicken apple sausage,613.59,426.00,"Carrots, Fresh Pork Sausage, Scrambled Egg and 1 more items",701.00,345.00,0.500
dish_1565972715,scrambled eggs | chicken apple sausage,657.55,510.00,"Spinach, Green String Beans, Carrots and 2 more items",759.00,399.00,0.400
dish_1565974375,bacon,459.85,85.00,Bacon,552.00,102.00,1.000
dish_1565974409,chicken apple sausage | bacon,688.65,228.00,"Pork Sausage (Cooked), Bacon",841.00,197.50,1.000
dish_1565981769,carrot,23.10,47.00,Roasted Potato (Fat Added in Cooking),224.00,150.00,0.000
dish_1565981802,carrot | tofu,99.75,152.00,"Green String Beans, Fried Tofu, Carrots",374.00,212.00,0.667
dish_1565981848,carrot | tofu | fish,147.41,198.00,"Fish, Fried Tofu, Berry Cobbler and 3 more items",514.00,310.30,0.500
dish_1565981898,fish | tofu | arugula | carrot,260.98,290.00,"Fried Tofu, Beets, Arugula Lettuce and 2 more items",475.00,292.00,0.500
dish_1565984245,carrot,38.34,78.00,"Cooked Carrots, Olives",44.00,75.00,1.000
dish_1565984299,carrot | cauliflower,93.34,298.00,"Cooked Cauliflower, Cooked Carrots",86.00,178.00,1.000
dish_1565984345,cauliflower | ground turkey | carrot,210.36,353.00,"Carrots, Meat Loaf, Cauliflower",225.00,253.00,0.500
dish_1565984434,quinoa | ground turkey | cauliflower | carrot,319.89,430.00,"Cauliflower, Buckwheat, Roasted Carrots and 1 more items",625.00,455.00,0.333
dish_1565986702,fish,211.34,204.00,"Fish, Spinach, Berry Cobbler",183.00,160.00,0.333
dish_1565986733,ground turkey | fish,387.93,287.00,"Spinach, Lentils, Cheese Filled Chiles ellenos ((Stuffed Chili Peppers)",584.00,235.00,0.000
dish_1565987015,spinach (raw),14.72,64.00,Spinach,21.00,90.00,1.000
dish_1565987054,spinach (raw) | chicken,260.57,213.00,"Spinach, Fried Tofu, Soybeans (Mature Seeds, Steamed, Cooked)",380.00,252.50,0.250
dish_1565987081,spinach (raw) | chicken,268.07,288.00,"Spinach, Chicken, Cucumber",221.00,195.00,0.667
dish_1565987116,chicken,393.42,397.00,"Kalamata Olives, Chicken, Cucumber and 1 more items",277.00,223.00,0.250
dish_1565987142,parmesan cheese | chicken,518.32,426.00,"Chicken, Kalamata Olive, Cucumber and 2 more items",436.00,265.00,0.400
dish_1565987201,parmesan cheese | caesar dressing | chicken,560.66,522.00,"Salad Dressing, Cucumber, Parmesan Cheese (Shredded) and 3 more items",447.00,289.00,0.400
dish_1565987269,cheese pizza,119.65,45.00,Cheese Pizza,331.00,120.00,1.000
dish_1565987298,ground turkey | cheese pizza,211.14,88.00,"Meat Loaf, Cheese Pizza",468.00,192.00,0.333
dish_1566316496,bell peppers,121.10,64.00,"Carrots, Spinach, Tomatoes",27.00,110.00,0.000
dish_1566316525,bacon,223.89,83.00,"Bacon, Spinach, Carrots",105.00,74.00,0.333
dish_1566316558,scrambled eggs | bacon,490.29,263.00,"Spinach, Bacon, Tomatoes and 2 more items",555.00,300.00,0.400
dish_1566316587,bacon | scrambled eggs | hash browns,646.77,311.00,"Carrots, Tomatoes, Scrambled Egg and 3 more items",705.00,377.00,0.286
dish_1566316612,hash browns | bacon | scrambled eggs,665.24,367.00,"Scrambled Egg, Hashed Brown Potatoes, Spinach Salad and 4 more items",849.00,450.00,0.250
dish_1566316681,sweet potato,116.76,122.00,Croutons,163.00,35.00,0.000
dish_1566316726,egg whites | sweet potato,409.52,685.00,"Roasted Potato, Scrambled Egg",587.00,299.00,1.000
dish_1566316757,sweet potato | egg whites | salsa,448.38,819.00,"Fried Potatoes, Scrambled Egg, Salsa Verde",580.00,333.00,1.000
dish_1566317711,oatmeal,123.76,182.00,"Raspberries, Oatmeal, Blackberries",206.00,364.50,1.000
dish_1566317742,oatmeal,154.72,254.00,"Raspberries, Blackberries, Oatmeal",208.00,368.50,1.000
dish_1566317775,oatmeal,237.40,410.00,Raspberries,64.00,123.00,0.000
dish_1566317801,brown sugar | oatmeal,275.40,420.00,"Raspberries, Brown Sugar",139.00,143.00,0.500
dish_1566328724,chicken,275.55,167.00,Chicken,332.00,140.00,1.000
dish_1566328745,chicken,282.03,203.00,"Chicken Meat (Roasting, Roasted, Cooked), Cherry Tomatoes",249.00,225.00,0.500
dish_1566328776,chicken | pizza,901.81,436.00,"Red Onions, Pineapple, Mozzarella Cheese and 5 more items",1194.00,678.00,0.250
dish_1566328805,pizza | chicken,927.81,488.00,"Cherry Tomatoes, Chicken, Pineapple and 5 more items",1882.00,973.50,0.250
dish_1566328831,pizza | chicken,941.61,500.00,"Pizza Crust, Red Onions, Olives and 6 more items",1356.00,728.50,0.250
dish_1566328894,cheese pizza,236.65,89.00,Cheese Pizza,552.00,200.00,1.000
dish_1566328929,beef | cheese pizza,396.61,165.00,"Cheese Pizza, Steak",489.00,185.00,0.500
dish_1566328961,cheese pizza | millet | beef | chicken,605.82,308.00,"Cheese Pizza, Steak, Chicken Meat (Roasting, Roasted, Cooked)",1246.00,506.00,0.500
dish_1566328988,beef | fried rice | chicken | cheese pizza,747.75,398.00,"White Rice, Chicken, Cheese Pizza and 1 more items",1460.00,655.00,1.000
dish_1566329021,beef | cheese pizza | chicken | fried rice,792.68,486.00,"Chicken, Beef, Cheese Pizza and 2 more items",1206.00,630.00,0.800
dish_1566329049,beef | chicken | cheese pizza | fried rice,814.93,575.00,"Beef, Cheese Pizza, Cauliflower and 3 more items",1239.00,770.00,0.667
dish_1566329203,cauliflower,94.25,377.00,Cauliflower,50.00,200.00,1.000
dish_1566329234,cauliflower | beef,262.63,457.00,"Roast Beef, Cauliflower",265.00,235.00,1.000
dish_1566329257,tofu | beef | cauliflower,321.03,537.00,"Cauliflower, Meat Loaf, Fried Tofu",567.00,370.00,0.500
dish_1566330399,millet | beef,265.19,126.00,"Lettuce, Tuna Salad",313.00,172.00,0.000
dish_1566330428,beef | millet | cauliflower,290.69,228.00,"Spinach, Beef, Cauliflower",271.00,188.00,0.500
dish_1566330466,beef | fried rice | cauliflower,377.43,283.00,"White Rice, Spinach, Roast Beef and 1 more items",557.00,365.00,0.750
dish_1566331801,chicken | millet,296.99,203.00,"Cheese Pizza, Tomato Sauce, Mushrooms",286.00,135.00,0.000
dish_1566331828,chicken | millet | brussels sprouts,349.58,306.00,"Chicken Parmesan, Brussels Sprouts",259.00,194.00,0.667
dish_1566331868,brussels sprouts | millet | chicken | fried rice,453.67,372.00,"White Rice, Chicken Parmesan, Brussels Sprouts",522.00,420.00,0.750
dish_1566331914,chicken | fried rice | brussels sprouts | millet,589.50,481.00,"Brussels Sprouts, Chicken, White Rice and 1 more items",464.00,390.00,0.750
dish_1566332040,spinach (raw),14.95,65.00,Spinach,28.00,120.00,1.000
dish_1566332085,spinach (raw) | cucumbers,24.75,163.00,"Cucumber, Spinach",40.00,224.00,1.000
dish_1566332116,spinach (raw) | cucumbers,153.55,275.00,"Spinach, Kidney Beans, Cucumber",334.00,252.50,0.667
dish_1566332154,chicken,401.05,425.00,"Cucumber, Chicken Meat (Roasting, Roasted, Cooked), Red Seedless Grapes and 1 more items",266.00,299.00,0.250
dish_1566332193,avocado | chicken,527.45,504.00,"Spinach, Avocados, Chicken and 1 more items",516.00,320.00,0.667
dish_1566332268,chicken | avocado | caesar dressing,567.58,595.00,"Black Olives, Spinach, Avocados and 3 more items",647.00,319.00,0.333
dish_1566333118,cheese pizza,239.31,90.00,Cheese Pizza,773.00,280.00,1.000
dish_1566333167,beef | cheese pizza,344.54,140.00,"Chicken, Cheese Pizza",990.00,371.00,0.333
dish_1566333194,cheese pizza | beef | chicken,461.59,220.00,"Cheese Pizza, Chicken, Chicken",1081.00,410.00,0.667
dish_1566333228,beef | caesar salad | chicken | cheese pizza,498.55,304.00,"Meat Loaf, Mixed Salad Greens, Chicken and 1 more items",1075.00,510.00,0.400
dish_1566333255,caesar salad | cheese pizza | chicken | beef,515.55,372.00,"Cauliflower, Cheese Pizza, Chicken and 2 more items",1287.00,635.00,0.333
dish_1566333291,caesar salad | brussels sprouts | beef | chicken | cheese pizza,549.76,439.00,"Cauliflower, Meat Loaf, Brussels Sprouts and 3 more items",1411.00,785.00,0.429
dish_1566333324,cheese pizza | caesar salad | chicken | beef | fried rice,608.10,476.00,"Vinaigrette Dressing, Brussels Sprouts, Chicken and 5 more items",1658.00,988.00,0.333
dish_1566402041,egg whites,231.92,446.00,Cauliflower,50.00,200.00,0.000
dish_1566402095,sweet potato | yam | egg whites,421.12,577.00,"Cottage Cheese, Sweet Potato",319.00,326.00,0.250
dish_1566402123,egg whites | watermelon | yam | sweet potato,445.12,657.00,"Cottage Cheese, Watermelon, Roasted Potato (Fat Added in Cooking)",405.00,402.00,0.400
dish_1566402160,egg whites | watermelon | yam | sweet potato,458.72,697.00,"Cottage Cheese, Roasted Potato (Fat Added in Cooking), Watermelon and 1 more items",434.00,487.00,0.333
dish_1566402197,egg whites | yam | sweet potato,480.95,736.00,"Sweet Potato, Strawberries, Cottage Cheese and 3 more items",362.00,452.00,0.167
dish_1566402232,salsa | egg whites | yam | sweet potato,511.40,841.00,"Salsa Verde, Cauliflower, Strawberries and 4 more items",163.00,349.00,0.286
dish_1566413321,spinach (raw),14.03,61.00,Spinach,21.00,90.00,1.000
dish_1566413356,spinach (raw) | chicken,183.98,164.00,"Chicken, Spinach",215.00,145.00,1.000
dish_1566413388,chicken | spinach (raw) | broccoli,207.43,231.00,"Chicken, Broccoli, Spinach",253.00,266.00,1.000
dish_1566413419,chicken | avocado | broccoli,285.83,280.00,"Broccoli, Avocados, Chicken and 1 more items",413.00,366.00,0.750
dish_1566413445,chicken | avocado | broccoli,377.83,360.00,"Kidney Beans, Chicken, Spinach and 2 more items",604.00,359.00,0.600
dish_1566413469,chicken | avocado | parmesan cheese | broccoli,459.66,379.00,"Spinach, Grapes, Broccoli and 2 more items",315.00,341.00,0.500
dish_1566413510,parmesan cheese | chicken | avocado,751.38,412.00,"Broccoli, Spinach, Parmesan Cheese (Shredded) and 2 more items",314.00,212.00,0.333
dish_1566414225,quinoa,125.18,88.00,"Bell Peppers, Red Bell Pepper, Quinoa and 2 more items",767.00,452.00,0.250
dish_1566414291,roasted potatoes | quinoa,345.14,244.00,"Couscous, Red Onions, Red Bell Pepper and 3 more items",378.00,474.00,0.167
dish_1566414342,chicken | quinoa | roasted potatoes,846.37,552.00,"Tomatoes, Chicken Casserole, Couscous and 3 more items",574.00,623.00,0.333
dish_1566414412,quinoa | chicken | roasted potatoes,920.12,658.00,"Couscous, Chicken Salad, Red Onions and 4 more items",614.00,579.00,0.333
dish_1566414611,chicken,105.60,64.00,"Wasabi Paste in Tubes, Chicken Meat (Roasting, Roasted, Cooked)",157.00,90.00,0.500
dish_1566414642,roasted potatoes | chicken,219.81,145.00,"Roasted Potato, Chicken",328.00,170.00,1.000
dish_1566414686,roasted potatoes | chicken,646.18,407.00,"Chicken, Mixed Salad Greens, Potato",423.00,370.00,1.000
dish_1566414723,chicken | fish | roasted potatoes,728.81,482.00,"Scrambled Egg, Chicken, Roasted Potato",1394.00,760.00,0.500
dish_1566414754,roasted potatoes | fish | chicken,755.50,533.00,"Green String Beans, Chicken, Potato",393.00,305.00,0.500
dish_1566414780,chicken | fish | caesar salad | roasted potatoes,807.42,651.00,"Green String Beans, Fried Tofu, Mixed Salad Greens and 2 more items",717.00,565.00,0.333
dish_1566414891,arugula | roasted potatoes,213.99,163.00,"Arugula Lettuce, Walnuts, Yellow Tomatoes and 2 more items",325.00,287.00,0.500
dish_1566414924,roasted potatoes | arugula | green beans,247.48,227.00,"Walnuts, Arugula Lettuce, Roasted Potato and 2 more items",359.00,274.00,0.750
dish_1566415520,green beans,74.82,143.00,Green String Beans,31.00,100.00,1.000
dish_1566415558,fish | green beans,169.10,234.00,"Green String Beans, Chicken Meat (Roasting, Roasted, Cooked)",176.00,195.00,0.333
dish_1566415591,broccoli | green beans | fish,214.78,316.00,"Cooked Fish, Green String Beans, Mushrooms and 1 more items",153.00,275.00,0.750
dish_1566416299,green beans,45.00,86.00,Green String Beans,31.00,100.00,1.000
dish_1566416339,eggplant | green beans,77.98,186.00,"Eggplant, Green String Beans",43.00,150.00,1.000
dish_1566416388,roasted potatoes | eggplant | green beans,259.87,315.00,"Green String Beans, Cooked Eggplant (Fat Added in Cooking), Roasted Potato",242.00,270.00,1.000
dish_1566416421,green beans | fish | roasted potatoes | eggplant,313.74,367.00,"Green String Beans, Fish, Roasted Potato and 1 more items",246.00,310.00,1.000
dish_1566416455,eggplant | green beans | chicken | fish | roasted potatoes,372.33,403.00,"Fish, Eggplant, Roasted Potato and 1 more items",283.00,348.20,0.800
dish_1566416701,chicken,198.54,122.00,"Cabbage, Spinach, Chicken",209.00,120.00,0.333
dish_1566417398,celery root | cherry tomatoes,56.89,46.00,"Chicken Stir Fry, Mixed Salad Greens",252.00,250.00,0.000
dish_1566417442,eggplant,93.83,158.00,"Chicken Meat (Roasting, Roasted, Cooked), Mixed Salad Greens, Cooked Eggplant",293.00,257.00,0.500
dish_1566417475,roasted potatoes | eggplant,150.23,198.00,"Mixed Salad Greens, Eggplant, Roasted Potato",398.00,362.00,1.000
dish_1566417516,eggplant | fish | roasted potatoes,385.40,425.00,"Scrambled Egg, Mixed Salad Greens, Roasted Potato and 1 more items",361.00,277.00,0.500
dish_1566419510,cheese pizza,273.88,103.00,Cheese Pizza,1035.00,375.00,1.000
dish_1566419546,caesar salad | cheese pizza,306.44,177.00,"Mixed Salad Greens, Cheese Pizza",842.00,385.00,0.500
dish_1566419577,caesar salad | cheese pizza,323.70,210.00,"Cheese Pizza, Lettuce, Green String Beans",1063.00,510.00,0.250
dish_1566419603,caesar salad | roasted potatoes | cheese pizza,382.92,252.00,"Mixed Salad Greens, Roasted Potato, Cheese Pizza and 1 more items",1254.00,671.00,0.500
dish_1566419635,roasted potatoes | caesar salad | cheese pizza | chicken,605.87,389.00,"Cheese Pizza, Roasted Potato, Caesar Salad with Romaine and 2 more items",1369.00,623.40,0.800
dish_1566488905,sweet potato,82.31,86.00,"Cantaloupe Melons, Roasted Potato",286.00,316.00,0.500
dish_1566488928,cantaloupe | sweet potato,103.05,147.00,"Roasted Potato, Sweet Potato (Without Skin, Cooked, Boiled)",188.00,175.00,0.333
dish_1566488956,egg whites | sweet potato | cantaloupe,280.89,489.00,"Scrambled Egg, Roasted Potato, Cantaloupe Melons",395.00,280.00,1.000
dish_1566488981,cantaloupe | sweet potato | egg whites,279.33,486.00,"Cantaloupe Melons, Scrambled Egg, Roasted Potato",353.00,260.00,1.000
dish_1566499564,,42.55,37.00,Olives,56.00,48.00,
dish_1566499633,spinach (raw),161.39,139.00,"Tomatoes, Kalamata Olive, Spinach and 4 more items",227.00,240.00,0.143
dish_1566499686,pork | sugar,674.71,388.00,"Tomatoes, Spinach, Beef and 4 more items",523.00,428.00,0.000
dish_1566500963,spinach (raw),5.75,25.00,Spinach,21.00,90.00,1.000
dish_1566500988,spinach (raw) | carrot,21.33,63.00,"Spinach, Carrots",39.00,120.00,1.000
dish_1566501012,carrot,132.88,160.00,"Carrots, Olives, Spinach",95.00,165.00,0.500
dish_1566501041,carrot | parmesan cheese,279.32,194.00,"Carrots, Shaved Parmesan Cheese, Spinach and 1 more items",185.00,193.00,0.667
dish_1566501067,parmesan cheese | chicken,464.12,306.00,"Grapes, Chicken, Spinach and 2 more items",527.00,335.20,0.400
dish_1566501126,parmesan cheese | chicken | avocado,564.92,369.00,"Parmesan Cheese (Shredded), Spinach, Avocados and 3 more items",806.00,404.20,0.500
dish_1566501153,parmesan cheese | chicken | avocado,1006.92,419.00,"Chicken, Carrots, Spinach and 3 more items",806.00,405.50,0.500
dish_1566501258,onions,12.00,30.00,Red Onions,32.00,75.00,1.000
dish_1566501293,onions,41.90,56.00,"Kalamata Olive, Red Onions",164.00,125.00,0.500
dish_1566501324,onions | carrot,65.27,113.00,"Carrots, Olives",87.00,158.00,0.500
dish_1566501352,cherry tomatoes | onions | carrot,75.53,170.00,"Shredded Carrots, Cherry Tomatoes, Onions",66.00,223.00,1.000
dish_1566501382,tuna | carrot,283.53,330.00,"Tuna, Carrots, Cherry Tomatoes",197.00,249.00,0.667
dish_1566501447,tuna | carrot,286.76,349.00,"Olives, Cherry Tomatoes, Carrots and 2 more items",217.00,285.00,0.500
dish_1566501473,carrot | almonds | tuna,413.94,371.00,"Carrots, Cherry Tomatoes, Tuna and 2 more items",196.00,169.00,0.600
dish_1566501575,brownies,251.69,54.00,"Tomatoes, Raisins, Tuna and 1 more items",137.00,220.00,0.000
dish_1566501594,brownies,508.05,109.00,"Tuna, Brownie, Cherry Tomatoes and 1 more items",492.00,266.00,0.000
dish_1566502000,bok choy,63.01,184.00,"Chinese Cabbage (Bok-Choy, Pak-Choi)",11.00,85.00,1.000
dish_1566502033,corn on the cob | bok choy,136.22,253.00,"Corn, Chinese Cabbage (Bok-Choy, Pak-Choi)",140.00,235.00,1.000
dish_1566502061,pork | corn on the cob | bok choy,408.34,385.00,"White Rice, Pork, Corn and 1 more items",376.00,305.00,0.750
dish_1566502271,caesar salad | chicken,296.82,359.00,"Cornbread (Home Recipe), Red Onions, Spinach and 4 more items",560.00,320.00,0.125
dish_1566502315,pork | caesar salad | chicken,577.18,495.00,"Chicken, Romaine Lettuce, Red Onions and 5 more items",700.00,474.00,0.222
dish_1566502437,spinach (raw),74.56,64.00,"Broccoli, Corn, Spinach",50.00,96.00,0.333
dish_1566502472,spinach (raw) | corn on the cob,132.92,119.00,"Spinach, Corn",53.00,105.00,1.000
dish_1566502505,pork | corn on the cob | sugar,454.52,275.00,"White Rice, Spinach, Pork and 2 more items",468.00,317.00,0.333
dish_1566502537,corn on the cob | pork | chicken | sugar,517.64,315.00,"Spinach, Corn, Broccoli and 3 more items",513.00,342.00,0.286
dish_1566502573,chicken | pork | sugar | corn on the cob | chickpeas,821.51,487.00,"Corn, Chicken, Spinach and 1 more items",811.00,457.50,0.500
dish_1566587102,chicken | millet,213.60,146.00,Chicken Parmesan,240.00,150.00,0.500
dish_1566587143,chicken | avocado | millet,354.40,234.00,"Avocados, Green Bean Casserole",362.00,300.00,0.250
dish_1566587182,avocado | chicken,531.26,377.00,"Spinach, Avocados, Bell Peppers and 2 more items",570.00,452.50,0.167
dish_1566587689,salmon | kale | brown rice | chard,196.85,270.00,"Swiss Chard, Salmon",131.00,121.00,0.500
dish_1566587714,salmon | chicken | chard | kale | millet,347.54,373.00,"Baked or Broiled Salmon, Swiss Chard, Chicken (Breaded and Fried)",746.00,321.00,0.600
dish_1566587958,brown rice | salmon,398.50,224.00,"Salmon, Scallions or Spring Onions",366.00,253.00,0.333
dish_1566588016,salmon | brown rice | carrot,472.23,374.00,"Salmon, Roasted Carrots",332.00,298.00,0.667
dish_1566588066,carrot | pineapple | brown rice | salmon,566.23,562.00,"Tomatoes, Salmon, Pineapple",261.00,368.40,0.400
dish_1566589933,tofu,89.06,122.00,"Coleslaw, Fried Tofu",185.00,102.00,0.500
dish_1566589967,millet | chicken | tofu,381.66,322.00,"Smoked Pork Sausage, Wheat Flour Fritter",1225.00,300.00,0.000
dish_1566590007,pizza | tofu | chicken,740.76,457.00,"Tomatoes, Tofu Salad, Onions and 2 more items",414.00,332.00,0.167
dish_1566590056,tofu | chicken | pizza,815.65,519.00,"Chicken Salad, Spinach, Baked or Fried Coated Chicken Breast with Skin and 1 more items",801.00,383.50,0.400
dish_1566590536,carrot,25.07,51.00,Roasted Carrots,56.00,85.00,1.000
dish_1566590566,carrot | salmon | brown rice,186.96,142.00,"Chicken Meat (Roasting, Roasted, Cooked), Roasted Carrots",198.00,170.00,0.250
dish_1566590946,brown rice | salmon,405.61,228.00,"Cooked Vegetables, Salmon, Red Bell Pepper and 2 more items",381.00,400.90,0.167
dish_1566590987,chicken | salmon | brown rice,639.91,370.00,"Sweet Red Peppers, Scallions or Spring Onions, Cooked Vegetables and 3 more items",785.00,525.00,0.143
dish_1566591048,chicken salad | chicken | salmon,876.20,481.00,"Olives, Salmon, Scallions or Spring Onions and 3 more items",723.00,478.00,0.200
dish_1566591080,salmon | chicken | chicken salad,909.63,549.00,"Roasted Potato, Salmon, Roasted Carrots and 2 more items",692.00,475.00,0.200
dish_1566592456,caesar salad,55.44,126.00,"Caesar Salad Dressing, Romaine Lettuce, Croutons",306.00,155.00,0.333
dish_1566835603,sweet potato,63.17,66.00,"Mashed Potato, Sweet Potato",178.00,188.50,1.000
dish_1566835641,sweet potato | egg whites,312.77,546.00,"Scrambled Egg, Sweet Potato",340.00,220.00,1.000
dish_1566835701,egg whites | salsa | sweet potato,370.19,744.00,"Sweet Potato, Salsa Verde, Cottage Cheese",331.00,361.00,0.500
dish_1566838286,pineapple,72.50,145.00,Pineapple,40.00,82.50,1.000
dish_1566838317,watermelon | pineapple,114.20,284.00,"Pineapple, Watermelon",63.00,158.50,1.000
dish_1566838351,watermelon | pineapple,190.01,417.00,"Raspberries, Pineapple, Blackberries and 1 more items",97.00,230.70,1.000
dish_1566838378,scrambled eggs | watermelon | pineapple,286.21,482.00,"Raspberries, Pineapple, Watermelon and 2 more items",337.00,343.50,1.000
dish_1566838407,pineapple | scrambled eggs | sweet potato | watermelon,358.95,558.00,"Watermelon, Blackberries, Pineapple and 3 more items",420.00,438.70,1.000
dish_1566844766,caesar salad,72.16,164.00,"Croutons, Romaine Lettuce, Caesar Salad Dressing",248.00,245.00,0.333
dish_1566844803,caesar salad | pepperoni pizza,249.82,227.00,"Pepperoni, Croutons, Cheese Pizza and 3 more items",931.00,503.00,0.167
dish_1566844850,pork | pepperoni pizza | caesar salad,491.24,345.00,"Caesar Salad Dressing, Croutons, Beef and 3 more items",1173.00,455.00,0.286
dish_1566846997,pork,343.71,168.00,"Pork, Vegetable Stew Type Soup with Potatoes",110.00,200.00,1.000
dish_1566847043,squash | pork,434.88,483.00,"Zucchini, Pork",327.00,237.40,0.333
dish_1566847431,quinoa,101.24,90.00,"Chicken, Arugula Lettuce",203.00,87.50,0.000
dish_1566847454,pork | quinoa,346.75,210.00,"Chicken, Arugula Lettuce",201.00,87.00,0.000
dish_1566847483,pork | quinoa,476.23,314.00,"Pork, Mixed Salad Greens",244.00,170.00,0.500
dish_1566849208,,19.60,70.00,Mixed Salad Greens,10.00,60.00,
dish_1566849233,avocado,94.80,117.00,"Avocados, Mixed Salad Greens",122.00,130.00,1.000
dish_1566849269,avocado | parmesan cheese,249.85,153.00,"Lettuce, Parmesan Cheese (Shredded)",130.00,128.00,0.333
dish_1566849295,avocado | parmesan cheese,348.75,239.00,"Mixed Salad Greens, Shaved Parmesan Cheese, Kalamata Olive",183.00,99.00,0.333
dish_1566849327,parmesan cheese | avocado | chicken,551.70,362.00,"Avocados, Cooked Pinto, Calico or Red Beans (Fat Not Added in Cooking), Lettuce and 1 more items",549.00,429.00,0.400
dish_1566849387,parmesan cheese | caesar salad | chicken | avocado,619.90,517.00,"Salad Dressing, Mixed Salad Greens, Olives and 1 more items",286.00,152.50,0.000
dish_1566849862,,77.05,67.00,Date,200.00,71.00,0.000
dish_1566849895,carrot,112.31,153.00,Carrots,52.00,128.00,1.000
dish_1566849923,cherry tomatoes | carrot,127.97,240.00,"Cherry Tomatoes, Carrots",83.00,298.00,1.000
dish_1566849955,onions | cherry tomatoes | carrot,147.17,288.00,"Shredded Carrots, Cherry Tomatoes, Red Onions",110.00,378.00,1.000
dish_1566849987,carrot | chicken,562.97,540.00,"Tomatoes, Carrots, Red Onions and 1 more items",382.00,309.00,0.500
dish_1566850031,carrot | chicken | caesar dressing,616.77,662.00,"Cherry Tomatoes, Carrots, Vinaigrette Dressing and 2 more items",463.00,325.00,0.400
dish_1566850099,onions | cucumbers | lettuce | lime | cherry tomatoes,113.06,112.00,"Mixed Salad Greens, Broccoli, Carrots",25.00,90.00,0.000
dish_1566850142,pork,464.95,284.00,"Pulled Pork, Coleslaw, Broccoli and 1 more items",311.00,340.00,0.333
dish_1566851115,spinach (raw),81.55,70.00,"Cherry Tomatoes, Chicken Osaka, Spinach",17.00,52.50,0.333
dish_1566851155,quinoa,295.28,260.00,"Spinach, Grilled Chicken",363.00,180.00,0.000
dish_1566851198,quinoa | pork,463.05,342.00,"Chicken, Spinach",276.00,143.40,0.000
dish_1566851222,pizza | quinoa | pork,550.83,375.00,"Cheese Pizza, Spinach, Chicken Meat (Roasting, Roasted, Cooked)",543.00,331.00,0.200
dish_1566851549,cheese pizza,226.01,85.00,Cheese Pizza,331.00,120.00,1.000
dish_1566851584,caesar salad | cheese pizza,286.29,222.00,"Caesar Salad Dressing, Romaine Lettuce, Cheese Pizza and 2 more items",666.00,282.00,0.400
dish_1566851616,caesar salad | cheese pizza,300.78,248.00,"Cheese Pizza, Parmesan Cheese (Shredded), Romaine Lettuce and 3 more items",674.00,363.00,0.333
dish_1566851677,quinoa | caesar salad | cheese pizza,354.77,296.00,"Romaine Lettuce, Parmesan Cheese (Shredded), Broccoli and 3 more items",614.00,344.00,0.125
dish_1566851704,quinoa | pork | cheese pizza | caesar salad,461.16,348.00,"Caesar Salad with Romaine, Broccoli, Chicken and 1 more items",692.00,335.00,0.333
dish_1566920304,egg whites,296.40,570.00,Cheese Curds,600.00,150.00,0.000
dish_1566920339,egg whites | sweet potato,449.53,730.00,"Cheese Curds, Sweet Potato",686.00,250.00,0.333
dish_1566920365,salsa | sweet potato | egg whites,490.42,871.00,"Poutine (Small), Sweet Potato",1173.00,475.00,0.250
dish_1566922978,scrambled eggs,124.32,84.00,Scrambled Egg,244.00,115.00,1.000
dish_1566923004,scrambled eggs | pineapple,158.82,153.00,"Pineapple, Scrambled Egg",280.00,195.50,1.000
dish_1566923030,hash browns | scrambled eggs | pineapple,396.80,226.00,"Scrambled Egg, Hashed Brown Potatoes, Pineapple",438.00,270.50,0.500
dish_1566923060,bacon | scrambled eggs | pineapple | hash browns,515.82,248.00,"Hashed Brown Potatoes, Pineapple, Bacon and 1 more items",585.00,289.00,0.600
dish_1566931116,cauliflower,35.50,142.00,Cauliflower,25.00,100.00,1.000
dish_1566931140,cauliflower | avocado,126.70,199.00,"Cauliflower, Avocados",105.00,150.00,1.000
dish_1566931179,avocado | cauliflower,204.37,263.00,"Feta Cheese, Cauliflower, Pomegranate and 2 more items",225.00,241.00,0.400
dish_1566931217,fish | avocado | white beans | cauliflower,333.11,378.00,"Cooked Salmon, Roasted Cauliflower, Avocados and 3 more items",495.00,409.00,0.429
dish_1566931482,,25.48,91.00,Mixed Salad Greens,10.00,60.00,
dish_1566931519,,130.13,182.00,"Olives, Lettuce",105.00,213.00,0.000
dish_1566931548,broccoli,154.98,253.00,"Broccoli, Mixed Salad Greens, Kidney Beans",191.00,196.00,0.500
dish_1566931586,chicken | broccoli,379.38,389.00,"Chicken, Broccoli, Lettuce",315.00,318.00,0.667
dish_1566931620,avocado | chicken | broccoli,494.58,461.00,"Avocados, Chicken, Mixed Salad Greens and 1 more items",338.00,260.00,1.000
dish_1566931650,chicken | avocado | parmesan cheese,610.87,488.00,"Broccoli, Chicken, Lettuce and 2 more items",389.00,328.00,0.600
dish_1566931674,chicken | avocado | parmesan cheese,990.99,531.00,"Chicken Meat (Roasting, Roasted, Cooked), Mixed Salad Greens, Radish and 3 more items",322.00,263.00,0.600
dish_1566933180,chicken thighs,161.45,96.00,Baked or Fried Coated Chicken Drumstick with Skin,405.00,150.00,1.000
dish_1566933226,chicken thighs,245.45,171.00,"Roasted Broiled or Baked Chicken Leg, Couscous",439.00,235.00,1.000
dish_1566933401,bok choy,27.05,79.00,Lettuce,5.00,35.00,0.000
dish_1566933454,bok choy | arugula | chickpeas,121.74,154.00,"Tomatoes, Mustard Greens",39.00,166.00,0.000
dish_1566933498,chickpeas | chicken thighs,318.48,284.00,"Chicken Meat (Roasting, Roasted, Cooked), Lettuce",212.00,205.00,0.333
dish_1566934057,bok choy,66.09,193.00,"Chinese Cabbage (Bok-Choy, Pak-Choi)",11.00,85.00,1.000
dish_1566934085,cauliflower | bok choy,82.59,259.00,"Cauliflower, Chinese Cabbage (Bok-Choy, Pak-Choi)",38.00,192.00,1.000
dish_1566934120,bok choy | salmon | cauliflower,183.99,316.00,"Chinese Cabbage (Bok-Choy, Pak-Choi), Cauliflower, Salmon",160.00,270.00,1.000
dish_1566934152,bok choy | chicken thighs | cauliflower | salmon,305.07,396.00,"Salmon, Chinese Cabbage (Bok-Choy, Pak-Choi), Cauliflower and 1 more items",395.00,380.00,1.000
dish_1566934366,cheese pizza,87.75,33.00,Cheese Pizza,276.00,100.00,1.000
dish_1566934401,white beans | fish | cheese pizza,435.90,344.00,"Cheese Pizza, Cooked Artichoke (from Fresh), Cooked Pinto, Calico or Red Beans (Fat Not Added in Cooking) and 1 more items",430.00,277.50,0.400
dish_1566934430,fish | cookies | white beans | cheese pizza,519.54,361.00,"Cookie, Cooked Dry White Beans (Fat Added in Cooking), Salmon and 2 more items",673.00,352.00,0.286
dish_1566934455,cookies | fish | white beans | cheese pizza,528.04,395.00,"Cheese Pizza, Cooked Pinto, Calico or Red Beans (Fat Not Added in Cooking), Cookie and 3 more items",560.00,313.00,0.250
dish_1566934487,fish | white beans | cookies | cheese pizza,553.04,468.00,"Salmon, Cookie, Potato and 3 more items",688.00,480.00,0.111
dish_1566936266,chicken thighs | quinoa,220.96,146.00,Baked or Fried Coated Chicken Breast with Skin,392.00,150.00,0.500
dish_1566936297,fish | chicken thighs | white beans,355.29,266.00,"Yellow Summer Squash, Salmon, Baked or Fried Coated Chicken Breast with Skin",532.00,335.00,0.200
dish_1566936323,chicken thighs | white beans | fish,368.29,318.00,"Baked or Fried Coated Chicken Breast with Skin, Cauliflower, Salmon",501.00,275.00,0.200
dish_1566936352,white beans | fish | chicken thighs,424.29,368.00,"Couscous, Cauliflower, Baked or Fried Coated Chicken Breast with Skin and 1 more items",594.00,359.00,0.200
dish_1566937992,cheese pizza,276.54,104.00,Cheese Pizza,789.00,286.00,1.000
dish_1566938026,cheese pizza | chicken thighs,450.58,219.00,"Baked or Fried Coated Chicken Breast with Skin, Cheese Pizza",806.00,300.00,1.000
dish_1566938059,cheese pizza | chicken thighs,463.25,256.00,"Chicken, Chinese Cabbage (Bok-Choy, Pak-Choi), Cheese Pizza",682.00,307.00,0.667
dish_1566938088,chicken thighs | cauliflower | cheese pizza,494.50,381.00,"Chicken Drumstick, Cheese Pizza, Cauliflower and 1 more items",953.00,555.00,0.750
dish_1567007719,cantaloupe,14.28,42.00,Cantaloupe Melons,95.00,280.00,1.000
dish_1567007751,cantaloupe,39.93,87.00,"Blueberries, Cantaloupe Melons, Strawberries",49.00,140.00,1.000
dish_1567007783,cantaloupe,50.00,106.00,"Blackberries, Blueberries, Strawberries and 2 more items",66.00,186.50,1.000
dish_1567007814,pineapple | cantaloupe,73.00,152.00,"Raspberries, Blueberries, Strawberries and 3 more items",71.00,179.50,1.000
dish_1567007848,watermelon | cantaloupe | pineapple,100.30,243.00,"Cantaloupe Melons, Strawberries, Raspberries and 4 more items",103.00,261.70,1.000
dish_1567019993,brussels sprouts,28.08,55.00,Brussels Sprouts,37.00,85.00,1.000
dish_1567020054,brussels sprouts | fish,122.00,145.00,"Brussels Sprouts, Fried Tofu",249.00,129.00,0.333
dish_1567020091,fish | arugula | brussels sprouts,236.81,238.00,"Kale, Fried Tofu, Almonds and 1 more items",332.00,221.00,0.167
dish_1567020340,broccoli,93.59,168.00,Broccoli,61.00,180.00,1.000
dish_1567020366,brussels sprouts | broccoli,111.46,203.00,"Broccoli, Brussels Sprouts",115.00,302.00,1.000
dish_1567020394,fish | broccoli | brussels sprouts,176.16,265.00,"Tempeh, Brussels Sprouts, Broccoli",277.00,388.00,0.500
dish_1567020417,fish | chicken | broccoli,313.76,348.00,"Chicken Salad, Broccoli, Brussels Sprouts",396.00,490.00,0.500
dish_1567021799,arugula,93.82,76.00,Mixed Salad Greens,8.00,45.00,0.000
dish_1567021831,fish | arugula,252.44,228.00,"Fried Tofu, Mixed Salad Greens",240.00,145.00,0.000
dish_1567021864,fish | pizza,342.88,262.00,"Fried Battered Fish, Cheese Pizza, Arugula Lettuce",370.00,185.00,0.667
dish_1567022147,cherry tomatoes | bell peppers,34.92,128.00,"Green Bell Pepper, Red Bell Pepper, Cherry Tomatoes",65.00,282.00,1.000
dish_1567022180,bell peppers | carrot | cherry tomatoes,48.86,162.00,"Onions, Carrots, Bell Peppers",68.00,194.00,0.500
dish_1567022212,bell peppers | carrot | cherry tomatoes,89.11,197.00,"Onions, Olives, Carrots and 1 more items",132.00,283.00,0.500
dish_1567022251,onions | cherry tomatoes | carrot | bell peppers,111.91,254.00,"Onions, Bell Peppers, Carrots",102.00,258.50,0.750
dish_1567022296,onions | bell peppers | chicken,425.41,444.00,"Red Onions, Chicken Meat (Roasting, Roasted, Cooked), Carrots",421.00,331.20,0.500
dish_1567022338,chicken | parmesan cheese,507.24,463.00,"Carrots, 3 Cheese Mexicana Shredded Cheese, Red Onions and 1 more items",578.00,252.00,0.500
dish_1567022383,chicken | parmesan cheese,527.09,508.00,"Red Bell Pepper, Peanut Sauce, Red Onions and 2 more items",590.00,265.50,0.167
dish_1567023110,,46.00,40.00,Kalamata Olive,132.00,50.00,0.000
dish_1567023132,kimchi,59.20,84.00,"Olives, Cabbage Kimchi",58.00,50.00,1.000
dish_1567023161,chicken | kimchi,141.70,134.00,"Fried Tofu, Kalamata Olive, Cabbage Kimchi",457.00,170.00,0.250
dish_1567023184,chicken | kimchi | kale,191.51,195.00,"Fried Tofu, Cabbage Kimchi, Olives and 1 more items",417.00,229.00,0.500
dish_1567023262,,72.32,64.00,"Tomatoes, Zucchini, Lettuce and 2 more items",123.00,233.40,0.000
dish_1567023296,garlic | pecans | chard | arugula,107.18,92.00,"Cucumber, Arugula Lettuce, Feta Cheese",45.00,62.00,0.167
dish_1567023335,garlic | pecans | almonds | arugula | chard | carrot,138.34,117.00,"Feta Cheese, Raisins, Cucumber and 2 more items",116.00,126.00,0.000
dish_1567023375,tofu,248.57,268.00,"Mixed Salad Greens, Feta Cheese, Broccoli and 3 more items",423.00,374.00,0.200
dish_1567024066,cheese pizza,228.67,86.00,Cheese Pizza,773.00,280.00,1.000
dish_1567024112,cheese pizza | chicken thighs,274.08,116.00,"Cheese Pizza, Chicken",730.00,275.00,1.000
dish_1567024135,cheese pizza | chicken thighs | roasted potatoes,317.79,147.00,"Roasted Potato, Chicken, Cheese Pizza",977.00,435.00,1.000
dish_1567024187,cheese pizza | chicken thighs | roasted potatoes,334.95,235.00,"Potato, Zucchini, Chicken and 1 more items",851.00,484.00,0.750
dish_1567024224,chicken thighs | cheese pizza | cauliflower | roasted potatoes,354.95,315.00,"Potato, Cauliflower, Chicken and 2 more items",841.00,569.00,0.800
dish_1567024252,chicken thighs | roasted potatoes | cheese pizza,512.02,454.00,"Red Onions, Cheese Pizza, Cherry Tomatoes and 4 more items",634.00,414.00,0.125
dish_1567106594,cherry tomatoes,15.84,88.00,Cherry Tomatoes,29.00,160.00,1.000
dish_1567106620,bell peppers | cherry tomatoes,39.04,146.00,"Bell Peppers, Cherry Tomatoes",39.00,177.00,1.000
dish_1567106646,cherry tomatoes | bell peppers | onions,61.04,201.00,"Cherry Tomatoes, Carrots, Green Bell Pepper and 2 more items",58.00,186.30,0.750
dish_1567106668,onions | cherry tomatoes | carrot | bell peppers,80.31,248.00,"Green Bell Pepper, Red Onions, Carrots",101.00,282.00,0.750
dish_1567106693,onions | chicken | bell peppers | carrot,359.16,417.00,"Carrots, Celery, Onions and 1 more items",392.00,310.00,0.600
dish_1567106794,walnuts | lettuce | garlic | blue cheese,102.34,48.00,"Mixed Salad Greens, Cherry Tomatoes, Bean Sprouts",22.00,90.00,0.000
dish_1567106825,beef,220.20,104.00,"Onions, Bean Sprouts, Mixed Salad Greens and 3 more items",286.00,178.00,0.200
dish_1567106870,pizza | beef,504.82,211.00,"Roast Beef, Mixed Salad Greens, Cheese Pizza and 2 more items",503.00,266.00,0.500
dish_1567107049,brownies,107.20,23.00,Truffles,34.00,7.00,0.000
dish_1567107839,ketchup | fish | white rice,174.28,156.00,"Greens, Fish, Fried Dough Bread",314.00,187.50,0.250
dish_1567107989,chickpeas | arugula,140.14,111.00,"Arugula Lettuce, Avocados, Radish",60.00,85.00,0.250
dish_1567108037,chickpeas | beef,674.73,365.00,"Radish, Arugula Lettuce, Beef",250.00,107.00,0.250
dish_1567110519,lettuce | lime | onions | cucumbers | cherry tomatoes,100.94,100.00,"Carrots, Lettuce",25.00,117.50,0.167
dish_1567110556,green beans,127.11,150.00,"Green String Beans, Carrots, Lettuce and 1 more items",43.00,180.00,0.250
dish_1567110631,green beans,252.61,260.00,"Couscous, Mixed Salad Greens, Fried Tofu and 2 more items",205.00,284.50,0.333
dish_1567110665,fish | white rice | ketchup,556.49,532.00,"Cilantro, Green String Beans, Barley (Cooked) and 4 more items",244.00,413.00,0.125
dish_1567110756,pizza,111.72,42.00,"Cheese Pizza, Apples",362.00,180.00,0.500
dish_1567110783,pizza | beef,465.31,210.00,"Yellow Summer Squash, Cheese Pizza, Pork",510.00,213.00,0.250
dish_1567110811,pizza | beef,537.99,282.00,"Pork Loin (Tenderloin), Yellow Summer Squash, Mixed Salad Greens and 2 more items",508.00,382.00,0.200
dish_1567525637,bell peppers,153.26,81.00,"Spinach, Carrots",11.00,40.00,0.000
dish_1567525712,bacon | hash browns,510.54,184.00,"Scrambled Egg, Spinach, Bacon and 2 more items",287.00,151.00,0.167
dish_1567525744,bacon | scrambled eggs | hash browns,679.26,298.00,"Carrots, Spinach, Fried Rice and 2 more items",766.00,415.00,0.333
dish_1567526738,egg whites,225.16,433.00,"Roasted Potato (Fat Added in Cooking), Cottage Cheese",382.00,326.00,0.000
dish_1567526785,egg whites | sweet potato | yam,378.25,539.00,"Scrambled Egg, Roasted Potato (Fat Added in Cooking)",861.00,436.00,0.667
dish_1567526814,egg whites | watermelon | yam | sweet potato,408.25,639.00,"Sweet Potato, Cottage Cheese, Watermelon",342.00,402.00,0.400
dish_1567526845,egg whites | watermelon | yam | sweet potato,448.15,709.00,"Cottage Cheese, Watermelon, Strawberries and 2 more items",439.00,493.80,0.400
dish_1567526888,sweet potato | salsa | egg whites | watermelon | yam,479.18,816.00,"Cottage Cheese, Strawberries, Salsa Verde and 3 more items",387.00,527.00,0.500
dish_1567537185,beef | white rice,402.98,185.00,"Broccoli, Beef, White Rice",382.00,210.00,0.667
dish_1567537212,beef | white rice,432.51,238.00,"Broccoli, White Rice, Beef",373.00,216.40,0.667
dish_1567537252,white rice | beef | carrot,464.46,303.00,"Broccoli, Carrots, White Rice and 1 more items",399.00,310.40,0.500
dish_1567537280,cheese pizza | beef,733.02,404.00,"Carrots, Cheese Pizza, Broccoli and 2 more items",1113.00,684.40,0.400
dish_1567537352,lettuce,50.79,73.00,"Mixed Salad Greens, Tomatoes",8.00,45.00,0.000
dish_1567537422,broccoli | cantaloupe,109.32,203.00,"Mixed Salad Greens, Broccoli, Cantaloupe Melons and 1 more items",71.00,283.00,0.667
dish_1567537457,white rice | cantaloupe | chicken thighs | broccoli,297.77,361.00,"Mixed Salad Greens, Tomatoes, Firm Tofu (with Calcium Sulfate) and 2 more items",254.00,458.00,0.333
dish_1567538263,arugula | chickpeas,70.70,56.00,"Carrots, Arugula Lettuce",6.00,22.00,0.333
dish_1567538303,white rice | beef,617.45,307.00,"White Rice, Mixed Salad Greens, Beef and 1 more items",474.00,320.00,0.667
dish_1567542778,cheese pizza,260.58,98.00,Cheese Pizza,773.00,280.00,1.000
dish_1567542813,white rice | cheese pizza,316.64,145.00,"Egg Roll with Beef and/or Pork, Cheese Pizza",507.00,220.00,0.333
dish_1567542843,beef | white rice | cheese pizza,471.30,216.00,"Egg Roll with Beef and/or Pork, Steak, Cheese Pizza",694.00,290.00,0.667
dish_1567542876,white rice | cheese pizza | beef,495.81,260.00,"Broccoli, Cheese Pizza, Beef and 1 more items",721.00,368.00,0.400
dish_1567542914,white rice | cheese pizza | beef,514.00,297.00,"Beef, Broccoli, Vegetable Spring Roll and 2 more items",669.00,419.00,0.333
dish_1567542953,beef | white rice | pineapple | cheese pizza,542.50,354.00,"Vegetable Spring Roll, Beef, Broccoli and 3 more items",719.00,472.50,0.429
dish_1567542986,cheese pizza | pineapple | beef | caesar salad | white rice,605.86,498.00,"Meat, Cheese Pizza, Sweet Potato and 3 more items",694.00,504.50,0.286
dish_1567612954,sweet potato,148.35,155.00,Roasted Potato (Fat Added in Cooking),149.00,100.00,1.000
dish_1567612986,egg whites | sweet potato,340.23,524.00,"Scrambled Egg, Roasted Potato (Fat Added in Cooking)",630.00,327.00,1.000
dish_1567613019,sweet potato | watermelon | egg whites,376.53,645.00,"Sweet Potato, Tomatoes, Scrambled Egg",577.00,415.00,0.500
dish_1567613057,egg whites | watermelon | sweet potato | salsa,406.69,749.00,"Tomatoes, Salsa Verde, Sweet Potato and 1 more items",230.00,338.00,0.333
dish_1567625294,avocado,51.20,32.00,Avocados,96.00,60.00,1.000
dish_1567625343,chard | avocado | kale,65.48,74.00,"Avocados, Swiss Chard",127.00,111.00,0.667
dish_1567625392,bulgur | avocado,208.23,171.00,"Arugula Lettuce, Avocados, Beet Greens and 1 more items",96.00,160.00,0.200
dish_1567625434,avocado | bulgur | chicken,581.25,396.00,"Tomatoes, Avocados, White Rice and 3 more items",301.00,280.00,0.125
dish_1567628069,garlic | arugula | lemon juice | bulgur | shallots | apple,107.43,73.00,"Salad Dressing, Arugula Lettuce",63.00,35.00,0.167
dish_1567628099,kale,127.49,132.00,Mixed Salad Greens,14.00,85.00,0.000
dish_1567628157,fish | country rice,373.19,355.00,"Arugula Lettuce, Lentils, Cauliflower and 1 more items",374.00,195.00,0.000
dish_1567628193,quinoa | country rice | fish,492.68,439.00,"Fish, Mixed Salad Greens, Cauliflower and 1 more items",413.00,312.00,0.200
dish_1567629081,cheese pizza,239.31,90.00,Cheese Pizza,789.00,286.00,1.000
dish_1567629106,caesar salad | cheese pizza,292.55,211.00,"Salad Dressing, Cheese Pizza, Lettuce",917.00,401.00,0.333
dish_1567785130,granola,76.69,59.00,"Carrots, Spinach",20.00,62.50,0.000
dish_1567785165,sausage,273.11,116.00,"Carrots, Fresh Pork Sausage, Spinach",290.00,176.00,0.333
dish_1567785223,sausage | scrambled eggs,487.71,261.00,"Carrots, Fresh Pork Sausage, Scrambled Egg and 1 more items",889.00,385.00,0.500
dish_1567785622,,30.78,54.00,"Blueberries, Strawberries",45.00,112.00,
dish_1567785654,pineapple,51.78,96.00,"Blueberries, Pineapple, Strawberries",81.00,190.00,1.000
dish_1567785709,pineapple,131.25,138.00,"Strawberries, Blueberries, Pineapple and 3 more items",108.00,262.50,0.250
dish_1567785739,sweet potato | pineapple,168.58,177.00,"Spinach, Blueberries, Strawberries and 3 more items",217.00,330.00,0.500
dish_1567785778,pineapple | greek yogurt | milk | chia seeds | sweet potato,303.51,310.00,"Mixed Salad Greens, Pineapple, Oatmeal and 3 more items",308.00,511.30,0.333
dish_1567789154,sausage,382.51,111.00,"Green Bell Pepper, Fresh Pork Sausage",267.00,122.50,0.500
dish_1567789190,sausage,507.39,177.00,"Carrots, Spinach, Fresh Pork Sausage and 1 more items",279.00,170.00,0.250
dish_1567789230,sausage | scrambled eggs,689.43,300.00,"Pork Sausage (Cooked), Carrots, Scrambled Egg and 1 more items",731.00,345.00,0.500
dish_1567789256,scrambled eggs | bacon | sausage,792.22,319.00,"Pork Sausage (Cooked), Bacon, Scrambled Egg and 3 more items",770.00,369.00,0.500
dish_1567801468,caesar salad,86.24,196.00,"Salad Dressing, Croutons, Lettuce and 1 more items",269.00,205.50,0.000
dish_1567801520,white rice | sugar | caesar salad | pork,919.10,600.00,"Chicken Stir Fry, Coleslaw",228.00,235.00,0.000
dish_1567801716,cheese pizza,101.04,38.00,Cheese Pizza,207.00,75.00,1.000
dish_1567801748,cheese pizza | pork,169.07,71.00,"Eggplant, Cheese Pizza",231.00,120.00,0.333
dish_1567801791,cheese pizza | roasted potatoes | pork,225.47,111.00,"Cheese Pizza, Roasted Potato, Beef Stew",555.00,300.00,0.500
dish_1567801830,caesar salad | cheese pizza | roasted potatoes | pork,265.07,201.00,"Mixed Salad Greens, Cheese Pizza, Roasted Potato",588.00,385.00,0.500
dish_1568044496,watermelon,35.40,118.00,"Watermelon, Wonton (Meat Filled Fried Won Ton)",311.00,360.00,0.500
dish_1568044528,sweet potato | watermelon,145.46,233.00,"Roasted Potato (Fat Added in Cooking), Watermelon",821.00,2340.00,1.000
dish_1568044581,sweet potato | egg whites | watermelon,386.22,696.00,"Watermelon, Roasted Potato (Fat Added in Cooking), Scrambled Egg",648.00,550.00,1.000
dish_1568044634,salsa | sweet potato | egg whites | watermelon,413.19,789.00,"Scrambled Egg, Watermelon, Sweet Potato and 1 more items",601.00,437.00,1.000
dish_1568047932,broccoli,30.64,55.00,Broccoli,31.00,91.00,1.000
dish_1568047973,broccoli | scrambled eggs,295.56,234.00,"Broccoli, Scrambled Egg",439.00,245.00,1.000
dish_1568048018,turkey bacon | scrambled eggs,496.80,287.00,"Veggie Sausage & Tomato, Broccoli, Scrambled Egg",227.00,145.00,0.250
dish_1568048053,chicken apple sausage | turkey bacon | scrambled eggs,607.20,356.00,"Scrambled Egg, Fresh Pork Sausage, Broccoli and 1 more items",1021.00,503.00,0.750
dish_1568055963,,36.80,32.00,"Red Onions, Kalamata Olive, Carrots",167.00,135.00,0.000
dish_1568055986,onions,54.40,76.00,"Kalamata Olive, Red Onions",157.00,110.00,0.500
dish_1568056019,cherry tomatoes | onions,64.30,131.00,"Grape Tomatoes, Kalamata Olive, Red Onions",138.00,185.00,0.667
dish_1568056046,carrot | cherry tomatoes | onions,88.08,189.00,"Carrots, Cherry Tomatoes, Red Onions",52.00,170.00,1.000
dish_1568056217,chicken,480.78,427.00,"Chicken, Onions, Carrots and 1 more items",382.00,310.00,0.250
dish_1568056258,chicken | caesar dressing,506.36,485.00,"Chicken, Cherry Tomatoes, Red Onions and 2 more items",699.00,425.00,0.200
dish_1568060414,mangos | arugula | tomatoes,53.60,146.00,"Cucumber, Corn, Bell Peppers and 2 more items",56.00,249.50,0.143
dish_1568060461,white rice | pork,376.76,304.00,"Bell Peppers, Meat, Tomatoes and 5 more items",464.00,533.00,0.125
dish_1568060501,fried rice | pork,548.66,413.00,"Tomatoes, Broccoli, Onions and 6 more items",411.00,415.50,0.222
dish_1568060542,pork | fried rice,583.38,481.00,"Onions, Broccoli, Cucumber and 7 more items",500.00,602.50,0.100
dish_1568060616,,17.08,61.00,Mixed Salad Greens,10.00,60.00,
dish_1568060646,onions,31.48,97.00,"Lettuce, Red Onions",54.00,220.00,0.500
dish_1568060697,onions | avocado,133.88,161.00,"Mixed Salad Greens, Red Onions, Avocados",85.00,155.00,1.000
dish_1568060722,avocado | chicken,460.58,359.00,"Red Onions, Avocados, Lettuce and 1 more items",462.00,322.00,0.200
dish_1568060746,avocado | chicken,778.82,395.00,"Avocados, Mixed Salad Greens, Red Onions and 1 more items",392.00,248.00,0.667
dish_1568061097,cheese pizza,146.24,55.00,Cheese Pizza,331.00,120.00,1.000
dish_1568061145,cheese pizza | squash,187.05,196.00,"Yellow Summer Squash, Zucchini, Cheese Pizza",319.00,262.00,0.667
dish_1568061174,pineapple | squash | cheese pizza,232.55,287.00,"Zucchini, Pineapple, Cheese Pizza",271.00,227.50,0.500
dish_1568061202,brussels sprouts | squash | pineapple | cheese pizza,256.55,334.00,"Cheese Pizza, Zucchini, Pineapple and 1 more items",276.00,262.50,0.600
dish_1568061234,cheese pizza | brussels sprouts | squash | pineapple | quinoa,290.69,358.00,"Buckwheat, Pineapple, Cheese Pizza and 2 more items",723.00,566.00,0.429
dish_1568061272,quinoa | chicken breast | cheese pizza | pineapple | squash | brussels sprouts,380.39,415.00,"Buckwheat, Chicken Breast, Brussels Sprouts and 3 more items",883.00,617.00,0.714
dish_1568061320,squash | pork | cheese pizza | pineapple | quinoa | chicken breast,535.84,491.00,"Brussels Sprouts, Zucchini, Beef and 4 more items",954.00,510.50,0.300
dish_1568305198,turkey bacon,311.35,82.00,Bacon,454.00,84.00,1.000
dish_1568305225,turkey bacon,428.67,144.00,"Bologna, Spinach, Carrots",543.00,230.00,0.000
dish_1568305257,turkey bacon | scrambled eggs,837.15,420.00,"Scrambled Egg, Veggie Sausage & Tomato, Carrots and 1 more items",723.00,376.00,0.200
dish_1568313487,,13.72,49.00,Mixed Salad Greens,10.00,60.00,
dish_1568313527,avocado,48.92,71.00,"Mixed Salad Greens, Avocados",82.00,105.00,1.000
dish_1568313575,mushroom | avocado,57.94,112.00,"Mushrooms, Avocados, Lettuce",126.00,296.00,0.667
dish_1568313640,onions | mushroom | avocado,71.14,145.00,"Avocados, Red Onions, Mixed Salad Greens",104.00,200.00,0.667
dish_1568313676,avocado | chicken | onions,184.99,214.00,"Mixed Salad Greens, Red Onions, Fried Tofu and 1 more items",311.00,215.00,0.500
dish_1568314823,avocado,144.00,90.00,Avocados,160.00,100.00,1.000
dish_1568314857,beef | avocado,295.54,162.00,"Beef, Zucchini",256.00,155.00,0.333
dish_1568314907,beef | avocado | salmon,481.17,281.00,"Sardines, Beef, Zucchini",444.00,250.00,0.200
dish_1568314951,avocado | salmon | beef,496.13,325.00,"Sardines, Cherry Tomatoes, Beef and 1 more items",506.00,301.00,0.400
dish_1568315001,salmon | beef | avocado,504.71,364.00,"Cooked Fish, Avocados, Beef and 2 more items",467.00,390.00,0.333
dish_1568315040,avocado | quinoa | salmon | beef,555.92,400.00,"Avocados, Tomatoes, Fish and 3 more items",514.00,434.00,0.286
dish_1568315088,avocado | salmon | quinoa | beef,582.37,423.00,"Beef, Mushrooms, Avocados and 3 more items",646.00,433.00,0.286
dish_1568315132,quinoa | beef | salmon | avocado,591.27,440.00,"Beef, Avocados, Couscous and 5 more items",652.00,478.00,0.222
dish_1568315177,quinoa | avocado | salmon | beef,637.81,497.00,"Couscous, Kale, Avocados and 4 more items",594.00,514.00,0.250
dish_1568315988,tofu,50.37,69.00,"Onions, Carrots, Fried Tofu and 1 more items",342.00,136.00,0.250
dish_1568316041,arugula | tofu,149.13,149.00,"Radish, Carrots, Arugula Lettuce and 2 more items",418.00,175.00,0.400
dish_1568316085,beef | tofu,378.54,258.00,"Fried Tofu, Radish, Beef and 2 more items",332.00,153.00,0.400
dish_1568318286,,32.20,115.00,Mixed Salad Greens,14.00,85.00,
dish_1568318316,,525.42,297.00,"Lettuce, Steak",298.00,213.00,0.000
dish_1568318361,broccoli,540.82,341.00,"Lettuce, Broccoli, Steak",328.00,317.00,0.500
dish_1568318408,chicken,907.12,563.00,"Broccoli, Fried Tofu, Lettuce",360.00,305.00,0.000
dish_1568318480,chicken,1119.28,587.00,"Broccoli, Fried Tofu, Lettuce",368.00,256.00,0.000
dish_1568319725,bell peppers,111.64,59.00,Spinach,7.00,30.00,0.000
dish_1568319769,pizza,356.36,151.00,"The Original Flatbread, Sweet Red Peppers, Zucchini and 1 more items",205.00,267.50,0.000
dish_1568319838,pizza | salmon,607.51,312.00,"The Original Flatbread, Fish, Zucchini and 2 more items",231.00,273.50,0.000
dish_1568319899,pizza | salmon,627.66,377.00,"Green String Beans, Spinach, The Original Flatbread and 3 more items",249.00,345.00,0.000
dish_1568320296,cheese pizza,226.01,85.00,Cheese Pizza,392.00,142.00,1.000
dish_1568320338,cheese pizza | beef,390.18,163.00,"Cheese Pizza, Roast Beef",779.00,285.00,1.000
dish_1568320383,beef | quinoa | cheese pizza,437.12,196.00,"Tomatoes, Couscous, Cheese Pizza and 1 more items",1149.00,578.00,0.500
dish_1568320427,cheese pizza | beef | quinoa,450.76,240.00,"Cheese Pizza, Beef, Tomatoes and 2 more items",769.00,489.00,0.400
dish_1568320470,beef | quinoa | cheese pizza,521.04,341.00,"Mixed Salad Greens, Couscous, Beef and 4 more items",821.00,474.00,0.333
dish_1568400935,,11.76,42.00,Mixed Salad Greens,10.00,60.00,
dish_1568400967,broccoli,36.61,113.00,"Spinach, Mixed Salad Greens, Broccoli",52.00,206.00,0.500
dish_1568401018,chicken,587.71,447.00,"Broccoli, Fried Tofu, Spinach",363.00,201.00,0.000
dish_1568401064,chicken | avocado,787.71,572.00,"Broccoli, Tuna Salad, Fried Tofu and 3 more items",923.00,631.00,0.143
dish_1568401090,avocado | chicken,1158.99,614.00,"Spinach, Broccoli, Chicken and 3 more items",628.00,419.40,0.333
dish_1568401167,tuna salad,426.36,228.00,"Carrots, Tuna Salad",358.00,280.00,0.500
dish_1568401199,tuna salad | squash,459.64,343.00,"Tuna Salad, Mashed Potato made with Milk and Fat (from Fresh)",447.00,330.00,0.333
dish_1568401233,carrot | tuna salad,490.39,418.00,"Carrots, Tuna Salad, Sweet Potato",497.00,435.00,0.667
dish_1568401261,carrot | avocado | tuna salad,530.39,443.00,"Avocados, Shredded Carrots, Sweet Potato and 1 more items",575.00,465.00,0.750
dish_1568401302,fried rice | avocado | tuna salad,716.48,561.00,"Carrots, Avocados, Tuna Salad and 2 more items",736.00,875.00,0.600
dish_1568404850,fried rice,157.70,100.00,"Chicken, Tomatoes, Broccoli and 1 more items",502.00,458.00,0.250
dish_1568404889,fried rice | rice noodles,247.29,219.00,"Coleslaw, Fried Rice",395.00,285.00,0.333
dish_1568405183,spinach (raw),72.40,64.00,Spinach,7.00,30.00,1.000
dish_1568405214,kale | spinach (raw),144.26,152.00,"Croutons, Spinach, Kale",166.00,140.00,0.667
dish_1568405273,salmon | kale | brown rice,386.20,288.00,"Tomatoes, Spinach, Kale and 1 more items",272.00,240.00,0.167
dish_1568405306,kale | salmon | brown rice | tofu,421.24,336.00,"White Rice, Berry Cobbler, Fried Tofu and 3 more items",696.00,425.00,0.429
dish_1568405405,spinach (raw),83.72,74.00,"Onions, Spinach, Tomatoes",14.00,55.00,0.333
dish_1568405430,rice noodles | spinach (raw),119.10,121.00,"Spinach, Cabbage Kimchi",7.00,30.00,0.333
dish_1568405466,rice noodles | pineapple | spinach (raw),153.10,189.00,"Pineapple, Coleslaw, Spinach",95.00,182.50,0.500
dish_1568405499,brown rice | salmon | pineapple,562.27,419.00,"Coleslaw, Salmon, Spinach and 1 more items",244.00,270.90,0.400
dish_1568649312,,44.46,78.00,"Raspberries, Blackberries",30.00,60.00,
dish_1568649354,broccoli,72.87,129.00,"Blackberries, Raspberries, Broccoli",62.00,157.00,1.000
dish_1568649387,sweet potato | broccoli | yam,163.86,192.00,"Broccoli, Blackberries, Raspberries and 1 more items",195.00,211.00,0.667
dish_1568649430,yam | sweet potato | scrambled eggs,363.66,327.00,"Sweet Potato, Blackberries, Scrambled Egg and 2 more items",609.00,444.00,0.500
dish_1568660810,pepperoni pizza,132.54,47.00,"Cheese Pizza, Cheese, Pizza Sauce and 2 more items",579.00,280.00,0.200
dish_1568664931,spinach (raw),67.88,60.00,"Carrots, Mixed Salad Greens",18.00,95.00,0.000
dish_1568664972,chicken | millet,303.42,221.00,"Mixed Salad Greens, Chicken",283.00,198.40,0.500
dish_1568665012,brussels sprouts | millet | chicken,327.42,268.00,"Brussels Sprouts, Mixed Salad Greens, Chicken",234.00,214.00,0.667
dish_1568665052,brussels sprouts | millet | chicken,345.65,331.00,"Chicken, Mixed Salad Greens, Zucchini",293.00,263.40,0.250
dish_1568665935,cheese pizza,154.22,58.00,Cheese Pizza,207.00,75.00,1.000
dish_1568665970,cheese pizza | caesar salad,202.18,167.00,"Cheese Pizza, Caesar Salad with Romaine",476.00,205.00,1.000
dish_1568666000,cheese pizza | caesar salad,209.93,197.00,"Croutons, Kale, Cucumber and 2 more items",514.00,347.00,0.167
dish_1568666032,caesar salad | cheese pizza | chicken,243.58,220.00,"Romaine Lettuce, Kale, Croutons and 3 more items",790.00,385.00,0.333
dish_1568666061,caesar salad | chicken | brussels sprouts | cheese pizza,260.43,253.00,"Cheese Pizza, Brussels Sprouts, Chicken and 1 more items",577.00,482.00,0.750
dish_1568666089,cheese pizza | caesar salad | brussels sprouts | chicken,276.42,335.00,"Romaine Lettuce, Zucchini, Brussels Sprouts and 3 more items",477.00,401.00,0.429
dish_1568666184,lettuce,28.50,190.00,Lettuce,20.00,140.00,1.000
dish_1568666230,lettuce | broccoli,55.80,268.00,"Broccoli, Lettuce",73.00,265.00,1.000
dish_1568666263,lettuce | broccoli | artichokes,93.40,348.00,"Lettuce, Artichoke Hearts in Oil, Broccoli",153.00,270.00,1.000
dish_1568666303,artichokes | chicken | lettuce | broccoli,443.20,560.00,"Lettuce, Broccoli, Chicken",375.00,316.00,0.750
dish_1568666329,artichokes | chicken,743.76,594.00,"Lettuce, Broccoli, Chicken",375.00,316.00,0.250
dish_1568666357,chicken | artichokes,751.68,603.00,"Lettuce, Broccoli, Chicken",311.00,289.00,0.250
