dish_id,true_ingredients,true_calories,true_weight,ai_description,ai_calories,ai_weight,ingredient_jaccard
dish_1556573514,,6.44,23.00,"A very small serving of mixed green salad with thin strips of red onion, served on a large white plate.",15.00,40.00,0.000
dish_1556572657,,41.40,36.00,A small snack portion of 11 individual Kalamata olives arranged on a square white plate.,85.00,45.00,0.000
dish_1556575014,,71.30,62.00,A serving of 18 pitted dark kalamata olives on a white square plate.,140.00,45.00,0.000
dish_1556575083,brussels sprouts,27.52,64.00,A small portion of 6 roasted Brussels sprouts served on a white square plate.,35.00,95.00,1.000
dish_1556575124,celery,4.48,28.00,A very small portion of raw chopped celery on a white plate.,3.00,20.00,1.000
dish_1556575327,brussels sprouts,103.30,152.00,"A light snack plate consisting of five roasted brussels sprouts, approximately eighteen kalamata olives, and a small portion of chopped raw celery.",170.00,160.00,0.333
dish_1556575386,brussels sprouts,103.30,152.00,"A light plate consisting of roasted brussels sprouts, a portion of kalamata olives, and a small amount of chopped celery.",180.00,195.00,0.333
dish_1556575273,brussels sprouts,103.30,152.00,"A plate containing a serving of roasted Brussels sprouts, a portion of Kalamata olives, and some chopped fresh celery.",220.00,210.00,0.333
dish_1556575446,brussels sprouts,103.30,152.00,"A light meal consisting of cooked brussels sprouts, a portion of kalamata olives, and chopped celery.",130.00,185.00,0.333
dish_1557853154,,18.81,57.00,A small snack consisting of a few strawberry halves and two blueberries on a white plate.,28.00,80.00,
dish_1556575499,brussels sprouts,103.30,152.00,"A light snack plate consisting of roasted brussels sprouts, pitted kalamata olives, and sliced raw celery.",175.00,185.00,0.333
dish_1556575558,brussels sprouts,103.30,151.00,"A light snack consisting of approximately 5 brussels sprouts, 15 kalamata olives, and a small portion of chopped celery.",150.00,170.00,0.333
dish_1557853229,eggs,195.93,126.00,A serving of scrambled eggs on a small plate.,160.00,130.00,1.000
dish_1557853314,yam,115.41,93.00,A small portion of roasted sweet potato cubes served on a white paper plate.,95.00,110.00,0.000
dish_1557861605,fish,35.10,39.00,"A single, small rectangular portion of pan-seared mackerel served on a white disposable plate.",115.00,55.00,0.000
dish_1557853429,eggs | yam,330.15,276.00,"A breakfast plate containing scrambled eggs, roasted sweet potato chunks, and a small serving of sliced strawberries.",345.00,330.00,0.333
dish_1557861697,eggplant,13.14,53.00,A small portion of cooked eggplant served on a disposable plate.,45.00,55.00,1.000
dish_1557861795,caesar salad,13.64,31.00,"A very small leftover portion of a Caesar-style salad consisting of a few pieces of lettuce, one piece of a crouton, and some dressing.",65.00,37.00,0.000
dish_1557862696,cauliflower,19.25,77.00,A small portion of steamed or boiled cauliflower florets on a white plate.,25.00,100.00,1.000
dish_1557861837,eggplant | caesar salad | fish,61.88,123.00,"A light meal consisting of a small portion of Caesar-style salad, roasted eggplant cubes, and a small piece of grilled fillet.",290.00,205.00,0.500
dish_1557862345,chicken,103.95,63.00,A small serving of diced cooked chicken breast on a small plate.,145.00,90.00,1.000
dish_1557862738,,319.78,118.00,A small serving of several bite-sized pieces of cooked steak served on a small paper plate.,285.00,130.00,
dish_1557862829,spinach (raw),5.52,24.00,A small serving of raw baby spinach leaves in a white bowl.,5.00,20.00,1.000
dish_1557862783,chicken,442.98,258.00,"A meal consisting of steak, mashed potatoes, and diced grilled chicken served on a white paper plate.",530.00,360.00,0.500
dish_1557863012,cucumbers,3.10,31.00,A small snack consisting of a few thin slices of raw cucumber on a small paper plate.,5.00,35.00,1.000
dish_1557863056,avocado,75.20,47.00,Three slices of fresh avocado on a small white plate.,115.00,70.00,1.000
dish_1557863104,,46.00,40.00,A small portion of approximately 14 black olives.,55.00,40.00,
dish_1557936555,eggs,149.28,96.00,A small portion of scrambled eggs served on a square white plate.,95.00,70.00,1.000
dish_1557863170,avocado,129.82,142.00,"A light salad consisting of fresh spinach, sliced cucumber, chunks of avocado, and whole kalamata olives on a disposable plate.",148.00,155.00,0.250
dish_1557936599,broccoli,22.05,63.00,A very small serving of broccoli florets on a white plate.,25.00,75.00,1.000
dish_1557936645,,11.88,36.00,A very small serving of sliced fresh strawberries served on a large white square plate.,15.00,45.00,
dish_1557937037,,25.97,49.00,A small serving of 13 fresh raspberries on a square white plate.,16.00,30.00,
dish_1557937079,bacon,146.07,27.00,A single strip of cooked bacon on a white square plate.,85.00,16.00,1.000
dish_1557937335,yam,47.16,38.00,A very small portion consisting of five roasted sweet potato cubes served on a white square plate.,45.00,50.00,0.000
dish_1557937157,broccoli | eggs | bacon,355.25,271.00,"A breakfast plate containing scrambled eggs, two strips of bacon, a small portion of broccoli, and a mix of fresh raspberries and strawberry slices.",295.00,275.00,1.000
dish_1557937427,eggs,26.43,17.00,A very small serving of scrambled eggs served on a large white plate.,55.00,40.00,1.000
dish_1557937574,,5.59,13.00,A very small portion consisting of only three individual blackberries placed on a large white plate.,5.00,12.00,
dish_1557937615,,6.93,21.00,A very small portion consisting of two small pieces of sliced strawberry on a large white square plate.,5.00,15.00,
dish_1558026623,honeydew melons,29.88,83.00,A small serving of fresh honeydew melon chunks on a square white plate.,25.00,70.00,1.000
dish_1557937758,yam | eggs,106.78,128.00,"A light meal consisting of a few cubes of roasted sweet potato, a small portion of scrambled eggs, and a mix of fresh berries including blackberries, raspberries, and sliced strawberries.",130.00,185.00,0.333
dish_1557937715,,20.67,39.00,A small serving of fresh raspberries on a square plate.,25.00,48.00,
dish_1558026684,cantaloupe,24.14,71.00,A small snack portion consisting of seven diced pieces of cantaloupe melon served on a square white plate.,28.00,80.00,1.000
dish_1558026714,bacon,129.84,24.00,Two cooked strips of bacon served on a white square plate.,90.00,20.00,1.000
dish_1558027057,yam,80.67,65.00,A small portion of roasted sweet potato cubes served on a square white plate.,52.00,60.00,0.000
dish_1558027164,bacon,162.30,30.00,"Two strips of cooked, pan-fried bacon served on a white square plate.",130.00,25.00,1.000
dish_1558026756,honeydew melons | cantaloupe | bacon,183.86,178.00,A light meal consisting of two strips of cooked bacon served alongside a small portion of diced cantaloupe and honeydew melon.,145.00,190.00,0.500
dish_1558028007,potatoes,54.67,71.00,A small portion consisting of five roasted potato chunks on a white square plate.,85.00,105.00,1.000
dish_1558028057,bacon,151.48,28.00,Two strips of cooked bacon served on a white square plate.,130.00,25.00,1.000
dish_1558028492,cantaloupe,20.74,61.00,A small serving of fresh cantaloupe melon cubes served on a white square plate.,28.00,80.00,1.000
dish_1558028690,honeydew melons,23.76,66.00,A small portion of freshly cut honeydew melon cubes on a white plate.,25.00,70.00,1.000
dish_1558029148,honeydew melons,38.88,108.00,A serving of roughly chopped honeydew melon pieces on a square white plate.,35.00,100.00,1.000
dish_1558029278,bacon,146.07,27.00,Two strips of cooked bacon placed on a white square plate.,90.00,16.00,1.000
dish_1558029230,potatoes,88.55,115.00,A small serving of roasted potato wedges on a white plate.,145.00,130.00,1.000
dish_1558029324,potatoes | bacon | honeydew melons,273.50,250.00,"A breakfast plate containing roasted potato chunks, two strips of cooked bacon, and a serving of cubed honeydew melon.",335.00,265.00,1.000
dish_1558029518,yam,137.75,111.00,A small serving of roasted sweet potato cubes served on a white square plate.,145.00,160.00,0.000
dish_1558029686,bacon,119.02,22.00,Two strips of cooked bacon served on a white square plate.,90.00,20.00,1.000
dish_1558029842,cantaloupe,22.78,67.00,A small snack portion consisting of several bite-sized pieces of fresh cantaloupe melon served on a square plate.,25.00,75.00,1.000
dish_1558029923,bacon | yam | cantaloupe,279.55,200.00,"A plate containing roasted sweet potato cubes, fresh cantaloupe melon chunks, and two strips of cooked bacon.",340.00,320.00,0.500
dish_1558030182,potatoes,67.76,88.00,A small serving of six roasted potato chunks on a white plate.,85.00,110.00,1.000
dish_1558030289,honeydew melons,38.52,107.00,A small portion of cubed honeydew melon served on a white square plate.,32.00,90.00,1.000
dish_1558030383,bacon,140.66,26.00,A single strip of cooked bacon on a white square plate.,90.00,15.00,1.000
dish_1558030435,honeydew melons | potatoes | bacon,246.94,221.00,"A breakfast plate containing roasted potato wedges, cubed honeydew melon, and two strips of bacon.",310.00,265.00,1.000
dish_1558030832,yam,89.35,72.00,A small portion of roasted sweet potato cubes served on a white square plate.,85.00,100.00,0.000
dish_1558030971,honeydew melons,17.64,49.00,A small portion consisting of five cubes of fresh honeydew melon served on a white square plate.,15.00,45.00,1.000
dish_1558030910,bacon,81.15,15.00,Two strips of cooked bacon served on a white plate.,85.00,16.00,1.000
dish_1558031237,cantaloupe,31.62,93.00,A small portion of cubed cantaloupe melon on a square plate.,25.00,75.00,1.000
dish_1558031133,yam,136.51,110.00,A small serving of roasted sweet potato cubes served on a white square plate.,115.00,130.00,0.000
dish_1558031302,potatoes,56.98,74.00,A small portion of six roasted potato wedges served on a white square plate.,85.00,110.00,1.000
dish_1558031526,yam,76.94,62.00,A small serving of seven chunks of roasted sweet potato centered on a white plate.,85.00,95.00,0.000
dish_1558031566,bacon,140.66,26.00,Two strips of pan-cooked bacon on a white square plate.,130.00,25.00,1.000
dish_1558031628,cantaloupe,31.28,92.00,A serving of cubed cantaloupe melon served on a white square plate.,52.00,150.00,1.000
dish_1558032156,bacon,140.66,26.00,Two strips of cooked bacon served on a square white plate.,90.00,25.00,1.000
dish_1558031675,yam | bacon | cantaloupe,248.88,180.00,"A breakfast or light meal consisting of cantaloupe cubes, roasted sweet potato chunks, and two strips of cooked bacon served on a plate.",265.00,235.00,0.500
dish_1558109864,almonds,213.90,37.00,A small portion of raw almonds served on a white square plate.,165.00,28.00,1.000
dish_1558109907,grapes,43.47,63.00,A small portion of 12 red grapes on a white plate.,42.00,60.00,1.000
dish_1558109986,sausage,258.45,75.00,A small plate containing 8 slices of browned sausage.,280.00,95.00,1.000
dish_1558110245,,29.07,51.00,A small snack portion consisting of 3 raspberries and 5 blackberries on a small white plate.,27.00,60.00,
dish_1558110335,bacon,37.87,7.00,A small portion consisting of two pieces of cooked bacon on a small disposable plate.,85.00,16.00,1.000
dish_1558110297,,29.07,51.00,A small portion of fresh raspberries and blackberries in a paper bowl.,35.00,65.00,
dish_1558110385,eggs,52.87,34.00,A small portion of scrambled eggs served on a paper plate.,85.00,60.00,1.000
dish_1558110436,yam,85.63,69.00,"A small portion of cooked, cut sweet potato on a paper plate.",95.00,110.00,0.000
dish_1558113154,grapes,37.26,54.00,A small serving of eleven individual red grapes on a white plate.,35.00,50.00,1.000
dish_1558113255,cantaloupe,30.60,90.00,A small serving of fresh cantaloupe chunks in a white bowl.,25.00,75.00,1.000
dish_1558110478,eggs | yam,205.44,161.00,"A breakfast plate containing roasted sweet potato cubes, one strip of bacon, a portion of scrambled eggs, and a small mix of fresh raspberries and blackberries.",325.00,280.00,0.250
dish_1558113204,almonds,179.21,31.00,A small portion of raw whole almonds in a bowl.,115.00,20.00,1.000
dish_1558113304,grapes | cantaloupe | almonds,247.07,175.00,"A plate containing roughly 100g of cantaloupe chunks, 75g of red grapes, and 28g of raw almonds.",245.00,203.00,1.000
dish_1558113477,almonds,289.05,50.00,A small portion of raw whole almonds in a small white bowl.,255.00,45.00,1.000
dish_1558113430,,7.84,28.00,"A very small portion of raw spinach leaves with a few shreds of carrot, appearing to be a side or light snack in a small bowl.",7.00,25.00,0.000
dish_1558113941,almonds,296.89,78.00,A side dish consisting of a small portion of whole raw almonds and a light spinach and carrot salad.,275.00,100.00,0.500
dish_1558114145,grapes,57.27,83.00,"A small serving of 14 fresh grapes (13 red, 1 green) served on a white plate.",52.00,76.00,1.000
dish_1558114209,cantaloupe,30.60,90.00,A small snack portion of fresh cantaloupe melon pieces served on a disposable plate.,35.00,100.00,1.000
dish_1558114441,sausage,258.45,75.00,A serving of sliced cooked sausage pieces on a small white plate.,280.00,95.00,1.000
dish_1558114484,bacon,151.48,28.00,A small portion consisting of three strips of pan-fried bacon served on a disposable plate.,135.00,30.00,1.000
dish_1558114523,almonds,104.06,18.00,A small snack portion consisting of exactly 12 whole raw almonds on a small plate.,82.00,14.00,1.000
dish_1558114569,grapes,26.91,39.00,A small snack consisting of six red grapes and one green grape on a white plate.,30.00,42.00,1.000
dish_1558114937,,13.72,49.00,"A small bowl of raw baby spinach with a light garnish of shredded carrots, likely a side salad portion.",7.00,25.00,0.000
dish_1558114609,sausage | almonds | bacon,540.90,160.00,"A plate containing pan-fried bacon strips, sliced chorizo sausage, a small portion of mixed red and green grapes, and a handful of almonds.",565.00,170.00,0.750
dish_1558115011,almonds,115.62,20.00,A small portion of 14 raw almonds served on a disposable plate.,115.00,19.00,1.000
dish_1558115169,bacon,151.48,28.00,Two strips of cooked bacon served on a small white paper plate.,130.00,24.00,1.000
dish_1558115241,potatoes,85.47,111.00,A small serving of approximately 8-9 chunks of roasted potato in a small white bowl.,95.00,110.00,1.000
dish_1558115320,almonds,173.43,30.00,A small portion of 20 raw almonds in a disposable bowl.,140.00,24.00,1.000
dish_1558115448,grapes,64.86,94.00,A small portion of 16 fresh red and green grapes served in a bowl.,52.00,75.00,1.000
dish_1558115512,sausage,434.20,126.00,A small white bowl containing roughly 120 grams of sliced cooked sausage links.,360.00,120.00,1.000
dish_1558115601,potatoes,85.47,111.00,A small portion of roasted potato chunks served on a disposable plate.,95.00,115.00,1.000
dish_1558115641,grapes | sausage | potatoes,584.53,331.00,"A meal consisting of sliced smoked sausage, roasted potato chunks, and a small serving of red grapes on a red plate.",585.00,360.00,1.000
dish_1558115764,bacon,151.48,28.00,A small portion consisting of three strips of cooked bacon on a small plate.,135.00,27.00,1.000
dish_1558115825,grapes,42.78,62.00,A small serving of 11 assorted red and green grapes on a small paper plate.,35.00,50.00,1.000
dish_1558115867,almonds,132.96,23.00,A small portion of 14 raw almonds in a white bowl.,136.00,23.00,1.000
dish_1558115960,potatoes,39.27,51.00,A small serving consisting of four roasted potato chunks on a white bowl.,55.00,65.00,1.000
dish_1558115915,sausage,203.31,59.00,Five slices of cooked sausage served on a small disposable plate.,165.00,75.00,1.000
dish_1558116090,cantaloupe,30.94,91.00,A small snack portion of fresh cantaloupe melon chunks served in a white paper bowl.,32.00,95.00,1.000
dish_1558116001,almonds | grapes | sausage | bacon | potatoes,569.81,223.00,"A varied plate consisting of bacon, sliced sausage, roasted potato chunks, a handful of almonds, and a mix of red and green grapes.",510.00,230.00,1.000
dish_1558116146,grapes,76.59,111.00,A small white bowl containing approximately 20 mixed red and green grapes.,65.00,100.00,1.000
dish_1558116260,almonds,433.58,75.00,A small bowl filled with roasted or raw almonds.,255.00,44.00,1.000
dish_1558116201,sausage,313.59,91.00,"A small plate containing several slices of cooked, brown-colored sausage.",240.00,85.00,1.000
dish_1558116298,almonds | grapes | sausage,854.69,368.00,"A plate containing sliced cooked sausage, mixed grapes, a portion of whole almonds, and cubed cantaloupe.",665.00,325.00,0.750
dish_1558116399,,7.00,25.00,A small portion of raw baby spinach and a few shreds of carrot lightly coated in a creamy dressing.,77.00,40.00,0.000
dish_1558116436,bacon,91.97,17.00,A small portion of cooked bacon on a white paper plate.,85.00,15.00,1.000
dish_1558116486,grapes,39.33,57.00,A small snack portion of 11 grapes on a white plate.,35.00,55.00,1.000
dish_1558372525,almonds,242.80,42.00,A small white plate containing a portion of raw almonds.,255.00,44.00,1.000
dish_1558372650,grapes,57.27,83.00,A small portion of 14 mixed red and green grapes in a white bowl.,55.00,80.00,1.000
dish_1558372695,sausage,148.18,43.00,"Five small, seared sausage medallions served on a white paper plate.",280.00,110.00,1.000
dish_1558122583,potatoes,46.97,61.00,A small serving of four roasted potato chunks on a white plate.,85.00,105.00,1.000
dish_1558372948,almonds,687.94,119.00,A small white bowl filled with a serving of raw almonds.,520.00,90.00,1.000
dish_1558373284,sausage,389.40,113.00,A small white plate containing about 160 grams of sliced smoked sausage pieces.,420.00,160.00,1.000
dish_1558373008,sausage,251.56,73.00,"A small serving of sliced, pan-seared or grilled sausage on a white paper plate.",280.00,85.00,1.000
dish_1558373352,grapes,69.00,100.00,A small portion of assorted red and green grapes served on a small white paper plate.,52.00,75.00,1.000
dish_1558373449,almonds,416.23,72.00,A small bowl filled with approximately 48 grams of raw almonds.,280.00,48.00,1.000
dish_1558373405,cantaloupe,13.60,40.00,A small portion of fresh cantaloupe melon chunks served on a disposable plate.,28.00,80.00,1.000
dish_1558373639,,5.60,20.00,"A small portion of cooked, wilted spinach with a few shreds of carrot, served on a paper plate.",20.00,70.00,0.000
dish_1558373492,almonds | sausage | grapes,888.23,325.00,"A snack plate containing almonds, sliced sausage, a mix of red and green grapes, and a few small cubes of cantaloupe.",580.00,290.00,0.750
dish_1558373687,sausage,306.69,89.00,A small serving of approximately 7 slices of pre-cooked brown sausage served on a small paper plate.,280.00,100.00,1.000
dish_1558375732,grapes,45.54,66.00,A small snack portion of 13 red grapes on a white plate.,35.00,50.00,1.000
dish_1558375667,almonds,687.94,119.00,A small white bowl filled with approximately 85 raw almonds.,480.00,85.00,1.000
dish_1558375833,sausage,317.03,92.00,A serving of sliced pan-cooked sausage served on a small paper plate.,280.00,110.00,1.000
dish_1558376212,almonds,300.61,52.00,A small portion of raw almonds served in a white bowl.,235.00,40.00,1.000
dish_1558375886,almonds | sausage,1050.51,277.00,"A plate containing sliced sausage, a small handful of red grapes, and a significant portion of raw almonds.",715.00,235.00,0.667
dish_1558376306,sausage,372.17,108.00,A small plate containing roughly 10-12 slices of cooked sausage.,280.00,115.00,1.000
dish_1558376364,grapes,48.99,71.00,A small portion of assorted red and green grapes on a plate.,30.00,42.00,1.000
dish_1558376734,sausage,206.76,60.00,A small portion consisting of several sliced pieces of cooked sausage on a white paper plate.,240.00,90.00,1.000
dish_1558376437,cantaloupe,13.26,39.00,A small serving of approximately five chunks of fresh cantaloupe on a white paper plate.,15.00,45.00,1.000
dish_1558376483,almonds | grapes | sausage,735.03,270.00,"A plate containing a mix of raw almonds, sliced savory sausage, red and green grapes, and cantaloupe melon chunks.",610.00,275.00,0.750
dish_1558376801,,4.20,15.00,"A very small portion of sautéed leafy greens, likely spinach, mixed with a few shreds of carrot, served on a white disposable plate.",25.00,40.00,0.000
dish_1558376874,almonds,335.30,58.00,A small portion of raw whole almonds in a small disposable paper bowl.,255.00,44.00,1.000
dish_1558376938,grapes,51.06,74.00,A small serving of 14 red grapes on a white paper plate.,48.00,75.00,1.000
dish_1558378516,grapes,92.46,134.00,A small bowl filled with a handful of fresh red and green grapes.,95.00,140.00,1.000
dish_1558377105,sausage,389.40,113.00,"A small white bowl containing approximately 110 grams of sliced, pan-seared or grilled smoked sausage.",280.00,110.00,1.000
dish_1558378553,almonds,393.11,68.00,A small white bowl containing a portion of raw almonds.,250.00,43.00,1.000
dish_1558379128,grapes,36.57,53.00,A small portion of nine red grapes served on a white paper plate.,34.00,50.00,1.000
dish_1558378634,grapes | almonds | sausage,874.97,315.00,"A plate consisting of sliced sausage, mixed red and green grapes, and a portion of whole almonds.",675.00,305.00,1.000
dish_1558379182,almonds,323.74,56.00,A small bowl filled with a portion of raw almonds.,250.00,43.00,1.000
dish_1558379273,sausage,227.44,66.00,A small portion of sliced cooked sausage served on a paper plate.,280.00,90.00,1.000
dish_1558379324,cantaloupe,16.32,48.00,A small snack portion consisting of seven diced cubes of cantaloupe melon served in a white disposable bowl.,25.00,75.00,1.000
dish_1558379639,sausage,385.95,112.00,"A small white bowl containing approximately 12-13 thick slices of cooked, likely smoked or kielbasa-style sausage.",360.00,130.00,1.000
dish_1558379391,sausage | almonds | grapes,604.06,223.00,"A plate containing sliced sausage, cantaloupe chunks, red grapes, and a portion of whole raw almonds.",530.00,265.00,0.750
dish_1558379712,almonds,687.94,119.00,A small bowl filled with a portion of raw almonds.,490.00,85.00,1.000
dish_1558380014,grapes,92.46,134.00,A small white bowl containing a serving of fresh red and green grapes.,95.00,140.00,1.000
dish_1558380058,almonds,208.12,36.00,A small white bowl containing a portion of whole raw almonds.,165.00,28.00,1.000
dish_1558380414,grapes,35.88,52.00,A small serving of 10 red grapes in a paper bowl.,30.00,45.00,1.000
dish_1558380464,almonds,277.49,48.00,A small white bowl containing a serving of raw almonds.,200.00,35.00,1.000
dish_1558380527,sausage,385.95,112.00,"A bowl containing approximately 12-14 thick slices of cooked, smoked sausage.",360.00,130.00,1.000
dish_1558380804,,7.56,27.00,A small portion of sautéed dark leafy greens (likely spinach) mixed with shredded carrots served on a small plate.,45.00,75.00,0.000
dish_1558380557,grapes | almonds | sausage,699.32,212.00,"A plate containing a snack-sized portion of sliced chorizo sausage, a handful of almonds, and a few grapes.",585.00,210.00,1.000
dish_1558381032,almonds,115.62,20.00,A small portion of 14 whole almonds in a bowl.,95.00,17.00,1.000
dish_1558381084,grapes,36.57,53.00,A small serving of nine fresh grapes on a white paper plate.,25.00,40.00,1.000
dish_1558381143,sausage,182.64,53.00,A small portion of five circular slices of cooked sausage served on a small plate.,280.00,90.00,1.000
dish_1558381665,broccoli,17.85,51.00,A small portion of plain steamed broccoli florets served on a white disposable plate.,25.00,75.00,1.000
dish_1558381708,green beans,16.43,53.00,"A serving of green beans on a small plate, appearing to be sautéed or stir-fried.",95.00,130.00,1.000
dish_1558381206,grapes | almonds | sausage,342.39,153.00,"A small plate containing a sampling of almonds, assorted grapes, sliced sausage, and a small portion of sautéed spinach and carrots.",330.00,205.00,0.750
dish_1558381742,,78.20,68.00,A small portion of 15 whole dark kalamata olives served on a white plate.,115.00,60.00,0.000
dish_1558381819,tomatoes,22.10,65.00,A small portion of 9 raw grape tomatoes served on a white paper bowl.,25.00,135.00,1.000
dish_1558381860,avocado,94.40,59.00,Three slices of fresh avocado served on a small white plate.,115.00,70.00,1.000
dish_1558381840,chicken,113.85,69.00,A small serving of diced cooked chicken breast served in a white paper bowl.,115.00,70.00,1.000
dish_1558381943,spinach (raw),13.80,60.00,A small portion of raw baby spinach served on a red plate.,7.00,30.00,1.000
dish_1558457415,sweet potato,60.80,80.00,A small serving of roasted potato chunks on a white paper plate.,115.00,95.00,1.000
dish_1558457468,cantaloupe,23.80,70.00,A small serving of fresh cantaloupe chunks on a white paper plate.,25.00,75.00,1.000
dish_1558457530,cauliflower,16.00,64.00,A small serving of roasted cauliflower florets on a disposable paper plate.,55.00,75.00,1.000
dish_1558382263,chicken | avocado | tomatoes | broccoli,356.63,425.00,"A nutrient-dense salad featuring a base of spinach, topped with grilled chicken breast, half an avocado, cherry tomatoes, broccoli, green beans, and a few kalamata olives.",405.00,470.00,0.571
dish_1558457577,eggs,172.60,111.00,A small portion of scrambled eggs mixed with shredded cheese in a disposable paper bowl.,160.00,95.00,1.000
dish_1558458438,spinach (raw),3.22,14.00,"A small portion of raw, plain fresh spinach leaves on a small paper plate.",5.00,20.00,1.000
dish_1558458496,grapes,53.13,77.00,A small serving of 15 whole grapes served on a white paper plate.,52.00,75.00,1.000
dish_1558457665,cantaloupe | sweet potato | eggs | cauliflower,273.20,325.00,"A plate featuring a variety of roasted vegetables, a few pieces of fresh cantaloupe, and scrambled eggs topped with a small amount of sauce.",325.00,350.00,1.000
dish_1558458541,almonds,294.83,51.00,A small bowl containing a single serving of raw almonds.,165.00,28.00,1.000
dish_1558458584,grapes | almonds,351.18,142.00,"A light snack plate consisting of fresh red grapes, raw almonds, and fresh spinach leaves.",283.00,130.00,0.667
dish_1558458847,apple,74.36,143.00,A single medium-sized apple centered on a disposable paper plate.,95.00,182.00,1.000
dish_1558458737,white rice,41.60,32.00,A small serving of cooked white rice on a disposable paper plate.,110.00,90.00,1.000
dish_1558458903,almonds,115.62,20.00,A small portion of 13 almonds in a small white disposable bowl.,95.00,16.00,1.000
dish_1558459020,cherry tomatoes,10.98,61.00,Five fresh grape tomatoes on a white paper plate.,25.00,100.00,1.000
dish_1558459059,grapes,28.98,42.00,A small snack consisting of 6 individual red seedless grapes on a small plate.,25.00,35.00,1.000
dish_1558459276,white rice,102.70,79.00,A single bowl of plain white rice.,130.00,100.00,1.000
dish_1558459395,almonds,208.12,36.00,A small serving of raw almonds in a white bowl.,165.00,28.00,1.000
dish_1558459115,almonds | apple | white rice | grapes,271.54,298.00,"A plate containing a medium apple, a small portion of steamed white rice, a handful of almonds, cherry tomatoes, and a few grapes.",320.00,408.00,0.800
dish_1558459462,grapes,58.65,85.00,A small serving of 14 fresh grapes consisting of 13 red grapes and 1 green grape served on a small white plate.,46.00,65.00,1.000
dish_1558459528,cherry tomatoes,11.52,64.00,A small portion consisting of six fresh grape tomatoes on a paper plate.,18.00,90.00,1.000
dish_1558459602,spinach (raw),2.07,9.00,"A very small serving of raw, loose spinach leaves on a white paper plate.",5.00,20.00,1.000
dish_1558459945,apple,73.84,142.00,A single medium-sized apple placed on a small white paper plate.,95.00,180.00,1.000
dish_1558459664,white rice | almonds | grapes,383.06,273.00,"A light meal plate consisting of white rice, whole almonds, fresh red grapes, cherry tomatoes, and a small portion of raw baby spinach.",475.00,400.00,0.600
dish_1558459994,grapes,25.53,37.00,A small snack portion consisting of seven red grapes served on a small paper plate.,30.00,43.00,1.000
dish_1558460061,grapes,40.71,59.00,A small portion of raw whole almonds in a small disposable bowl.,275.00,47.00,0.000
dish_1558460138,cherry tomatoes,10.08,56.00,Five raw grape tomatoes served on a small disposable plate.,15.00,90.00,1.000
dish_1558460205,spinach (raw),1.84,8.00,A very small portion of raw baby spinach leaves on a paper plate.,3.00,15.00,1.000
dish_1558461431,spinach (raw),1.15,5.00,A very small portion of raw baby spinach leaves on a white paper plate.,2.00,10.00,1.000
dish_1558460908,apple | grapes | cherry tomatoes,152.00,302.00,"A light snack plate consisting of almonds, a whole apple, a small portion of raw spinach, a few grape tomatoes, and a few red grapes.",360.00,345.00,0.333
dish_1558461607,grapes,87.63,127.00,A small portion of red grapes served in a disposable paper bowl.,55.00,80.00,1.000
dish_1558461692,almonds,231.24,40.00,A small portion of raw or dry-roasted almonds served on a small white plate.,165.00,28.00,1.000
dish_1558461760,cherry tomatoes,10.98,61.00,Five fresh grape tomatoes on a white disposable plate.,25.00,100.00,1.000
dish_1558461792,grapes | almonds,331.00,233.00,"A light snack platter consisting of raw almonds, red grapes, cherry tomatoes, and a few leaves of raw baby spinach.",352.00,270.00,0.500
dish_1558462036,spinach (raw),2.99,13.00,"A small portion of raw, loose-leaf fresh spinach served in a small white bowl.",5.00,20.00,1.000
dish_1558462106,grapes,25.53,37.00,A small portion of 6 red grapes served on a white plate.,24.00,35.00,1.000
dish_1558462228,white rice,22.10,17.00,A very small portion of plain white rice served on a paper plate.,40.00,30.00,1.000
dish_1558462531,cherry tomatoes,12.96,72.00,Six raw grape tomatoes served on a small white plate.,28.00,100.00,1.000
dish_1558463362,cherry tomatoes,20.88,116.00,A small portion of 11 raw grape tomatoes served in a disposable paper bowl.,25.00,135.00,1.000
dish_1558463429,grapes,42.09,61.00,A small serving of 11 red grapes on a small plate.,35.00,50.00,1.000
dish_1558463113,white rice | grapes | cherry tomatoes,63.58,139.00,"A light, composed meal consisting of fresh spinach, six grape tomatoes, a small portion of cooked white rice, and seven red grapes.",85.00,150.00,0.400
dish_1558463562,almonds,369.98,64.00,A small portion of raw almonds served in a white paper bowl.,255.00,44.00,1.000
dish_1558463690,grapes | almonds,432.95,241.00,"A light snack plate consisting of raw almonds, raw grape tomatoes, and red grapes.",360.00,295.00,0.667
dish_1558468401,avocado,75.20,47.00,Two wedges of fresh avocado on a square plate.,130.00,80.00,1.000
dish_1558468285,,12.32,44.00,A small portion of mixed salad greens lightly dressed with vinaigrette on a red plate.,40.00,50.00,0.000
dish_1558468435,broccoli,28.00,80.00,A small portion of steamed broccoli florets on a white square plate.,25.00,75.00,1.000
dish_1558468494,squash,15.79,77.00,A small serving of sautéed sliced yellow squash and zucchini.,45.00,80.00,1.000
dish_1558468547,squash,6.97,34.00,A small serving of kimchi served on a white square plate.,15.00,60.00,0.000
dish_1558468589,mushroom,12.10,55.00,A small plate of approximately 13 cooked button mushrooms.,55.00,130.00,1.000
dish_1558468632,chicken,169.95,103.00,A serving of approximately 100 grams of diced cooked chicken breast served on a white square plate.,165.00,100.00,1.000
dish_1558544427,eggs,160.16,103.00,"A serving of scrambled eggs with some visible orange hue, likely from cheese or mild paprika.",210.00,150.00,1.000
dish_1558468731,avocado | chicken | broccoli | squash,320.33,440.00,"A mixed garden salad bowl containing leafy greens, avocado slices, broccoli florets, mushrooms, and small pieces of cooked chicken.",260.00,305.00,0.600
dish_1558544482,,38.19,67.00,A small snack plate containing 9 blackberries and 6 raspberries with some residue on the plate.,30.00,66.00,
dish_1558544663,oatmeal,141.44,208.00,A single bowl of cooked oatmeal.,165.00,240.00,1.000
dish_1558545738,apple,73.84,142.00,"A single, fresh, whole red apple centered on a white plate.",95.00,182.00,1.000
dish_1558544870,eggs,198.35,170.00,A breakfast plate containing a serving of scrambled eggs with melted cheese and a small mixed side of fresh raspberries and blackberries.,285.00,225.00,1.000
dish_1558546558,almonds,254.36,44.00,A small portion of raw almonds on a square white plate.,165.00,28.00,1.000
dish_1558546434,spinach (raw),2.53,11.00,"A very small portion of raw, fresh spinach leaves on a white square plate.",2.00,10.00,1.000
dish_1558546918,white rice,70.20,54.00,A small portion of cooked white rice served on a white square plate.,130.00,100.00,1.000
dish_1558546663,almonds | apple,330.73,197.00,"A light snack consisting of fresh raw spinach, a portion of raw almonds, and a whole small apple.",290.00,205.00,0.667
dish_1558547068,spinach (raw),2.53,11.00,"A small portion of raw, loose spinach leaves served on a white square plate.",3.00,13.00,1.000
dish_1558547008,potatoes,73.92,96.00,A small portion of roasted potato chunks on a white plate.,115.00,130.00,1.000
dish_1558547124,almonds,144.53,25.00,A small serving of 18 whole raw almonds on a square plate.,115.00,20.00,1.000
dish_1558548666,white rice,97.50,75.00,A single serving of plain white rice centered on a white square plate.,145.00,115.00,1.000
dish_1558548958,spinach (raw),2.30,10.00,A small portion of raw spinach leaves on a white square plate.,5.00,20.00,1.000
dish_1558547205,potatoes | almonds | white rice,291.17,186.00,"A plate containing white rice, raw spinach leaves, roasted potato wedges, and a serving of almonds.",415.00,268.00,0.750
dish_1558549008,cherry tomatoes,20.70,115.00,A serving of 10 raw grape tomatoes on a white square plate.,25.00,135.00,1.000
dish_1558549086,potatoes,73.15,95.00,A small portion of roasted potato chunks served on a white square plate.,145.00,175.00,1.000
dish_1558549150,grapes,45.54,66.00,A small portion of 12 fresh grapes on a white square plate.,33.00,49.00,1.000
dish_1558549214,white rice | potatoes | cherry tomatoes | grapes,239.19,361.00,"A plate containing a portion of white rice, roasted potato wedges, fresh red grapes, raw grape tomatoes, and a small handful of raw spinach.",320.00,400.00,0.800
dish_1558549413,almonds,682.16,118.00,A single serving bowl containing approximately 48 grams of raw almonds.,280.00,48.00,1.000
dish_1558549773,spinach (raw),2.30,10.00,A very small serving of raw baby spinach leaves on a white square plate.,5.00,20.00,1.000
dish_1558549605,white rice,97.50,75.00,A small portion of cooked white rice served on a square plate.,130.00,100.00,1.000
dish_1558550079,apple,73.84,142.00,A single red apple sitting on a white square plate.,95.00,182.00,1.000
dish_1558549806,almonds | white rice,781.96,203.00,"A light meal consisting of a significant portion of raw almonds, a smaller portion of cooked white rice, and a small amount of fresh baby spinach leaves.",495.00,180.00,0.667
dish_1558550127,almonds,127.18,22.00,A small portion of 16 raw whole almonds placed on a white square plate.,95.00,16.00,1.000
dish_1558550181,grapes,28.98,42.00,A small snack portion consisting of 6 red grapes on a white plate.,21.00,30.00,1.000
dish_1558550218,almonds | grapes | apple,230.00,206.00,"A light snack consisting of a single small apple, seven red grapes, and approximately 20 grams of almonds.",230.00,230.00,1.000
dish_1558628515,,31.92,56.00,A small snack plate containing a mix of fresh raspberries and blackberries.,35.00,60.00,
dish_1558628339,bacon,70.33,13.00,"A single strip of cooked, crispy bacon on a white plate.",45.00,10.00,1.000
dish_1558628711,yam | sweet potato,129.06,129.00,A small serving of roasted sweet potato cubes served on a square white plate.,85.00,100.00,0.500
dish_1558628760,yam | sweet potato | bacon,231.31,198.00,"A plate containing a slice of bacon, assorted chunks of roasted white and sweet potatoes, and a small handful of fresh raspberries and blackberries.",265.00,195.00,0.667
dish_1558628921,carrot,24.60,60.00,"A small portion of sliced carrots on a white plate, likely cooked or glazed.",28.00,70.00,1.000
dish_1558628888,eggs,111.96,72.00,A modest serving of scrambled eggs served on a square white plate.,115.00,80.00,1.000
dish_1558628956,garden salad,9.04,14.00,A very small portion of raw baby spinach with a few shreds of carrot on a large plate.,7.00,25.00,0.000
dish_1558629013,,26.40,80.00,A small serving consisting of several sliced strawberries on a white plate.,28.00,90.00,
dish_1558629398,tomatoes,21.76,64.00,A very light snack consisting of five grape tomatoes and a single small scrap of shredded carrot on a white square plate.,26.00,92.00,0.500
dish_1558629444,almonds,225.46,39.00,A small portion of raw or dry-roasted almonds on a square white plate.,160.00,28.00,1.000
dish_1558629488,cauliflower,16.00,64.00,A small portion of raw cauliflower florets served on a white square plate.,20.00,80.00,1.000
dish_1558629041,eggs | carrot | garden salad,172.00,226.00,"A breakfast or light meal consisting of scrambled eggs, fresh strawberries, raw spinach, and sautéed or roasted sliced carrots.",230.00,350.00,0.500
dish_1558629578,cauliflower,22.50,90.00,A small serving of raw cauliflower florets on a white plate.,28.00,110.00,1.000
dish_1558629517,cauliflower | tomatoes | almonds,263.22,167.00,"A light snack plate consisting of a handful of raw almonds, a few pieces of raw cauliflower, and five cherry tomatoes.",235.00,179.00,1.000
dish_1558629677,apple,73.84,142.00,A single red apple centered on a white square plate.,95.00,185.00,1.000
dish_1558629644,,4.20,15.00,A very small serving of mixed salad leaves on a white square plate.,5.00,20.00,
dish_1558629878,apple,73.84,142.00,A single red apple centered on a white square plate.,95.00,185.00,1.000
dish_1558629818,almonds,156.09,27.00,A small serving of approximately 18 raw almonds on a white square plate.,115.00,20.00,1.000
dish_1558630006,grapes,51.75,75.00,A small snack portion consisting of 11 red grapes and 1 green grape on a white plate.,40.00,59.00,1.000
dish_1558629715,apple | cauliflower,100.54,247.00,"A plate consisting of a whole fresh apple, a small portion of raw cauliflower florets, and a small handful of mixed baby salad greens.",100.00,230.00,1.000
dish_1558630038,cauliflower,12.75,51.00,A very small portion of a few raw cauliflower florets and a tiny piece of carrot on a white plate.,19.00,72.00,0.500
dish_1558630176,apple,73.84,142.00,A single medium red apple resting on a square white plate.,95.00,182.00,1.000
dish_1558630072,apple | almonds | grapes,294.43,295.00,"A light snack plate consisting of raw cauliflower, fresh red grapes, raw almonds, and one whole small apple.",304.00,298.00,0.750
dish_1558630207,almonds,670.60,116.00,A pile of raw almonds served on a small white plate.,375.00,65.00,1.000
dish_1558630288,garden salad,7.11,11.00,"A very small serving of raw mixed salad greens centered on a white square plate, with light remnants of dressing residue visible on the plate surface.",5.00,20.00,0.000
dish_1558630450,grapes,86.25,125.00,A small serving of fresh red grapes on a white plate.,52.00,75.00,1.000
dish_1558630488,cantaloupe,29.92,88.00,A small serving of fresh cantaloupe chunks on a white plate.,32.00,95.00,1.000
dish_1558630325,apple | almonds,751.54,269.00,"A light snack consisting of a generous portion of raw almonds, a small fresh apple, and a small portion of mixed salad greens.",560.00,255.00,1.000
dish_1558630600,apple,73.84,142.00,A single whole red apple on a square white plate,80.00,150.00,1.000
dish_1558630737,cauliflower,22.25,89.00,"A small serving of raw, plain cauliflower florets on a white square plate.",25.00,100.00,1.000
dish_1558630814,almonds,196.55,34.00,A small portion of raw whole almonds in a square white dish.,165.00,28.00,1.000
dish_1558630649,cantaloupe | grapes | apple,190.01,355.00,"A light fruit plate consisting of red grapes, chopped cantaloupe, and a whole apple.",169.00,345.00,1.000
dish_1558630867,apple,73.84,142.00,A single fresh red apple on a square white plate,95.00,182.00,1.000
dish_1558631825,corn on the cob,118.83,112.00,Two small cross-cut slices of corn on the cob served on a white plate.,50.00,60.00,1.000
dish_1558631872,cherry tomatoes,16.02,89.00,A plate containing 10 raw grape tomatoes.,30.00,100.00,1.000
dish_1558630932,apple | cauliflower | almonds,292.64,265.00,"A light snack plate consisting of a small raw apple, approximately an ounce of almonds, and several raw cauliflower florets.",255.00,238.00,1.000
dish_1558631904,apple,80.08,154.00,A single medium red apple placed on a square white ceramic plate.,95.00,182.00,1.000
dish_1558632080,corn on the cob,72.15,68.00,"A single, thin slice of corn on the cob served on a white square plate.",25.00,30.00,1.000
dish_1558632130,cantaloupe,33.66,99.00,A serving of cubed cantaloupe melon served on a square white plate.,52.00,150.00,1.000
dish_1558631932,apple | corn on the cob | cherry tomatoes,214.93,355.00,"A plate containing a small apple, ten grape tomatoes, and two thin cross-cut slices of corn on the cob.",190.00,350.00,1.000
dish_1558632198,garden salad,16.80,26.00,A very small serving of mixed salad leaves with a couple of stray corn kernels on a square plate.,7.00,23.00,0.000
dish_1558632445,almonds,526.07,91.00,A serving of approximately 50-55 whole raw almonds arranged on a small square white plate.,360.00,62.00,1.000
dish_1558632475,corn on the cob,118.83,112.00,Two small cross-section slices of corn on the cob served on a white square plate.,85.00,90.00,1.000
dish_1558632233,garden salad | corn on the cob | cantaloupe,122.60,193.00,"A light meal consisting of a small portion of mixed greens, cubed cantaloupe, and a single slice of corn on the cob served on a red plate.",70.00,155.00,0.667
dish_1558632799,corn on the cob,20.16,19.00,A single thin slice of corn on the cob served on a white square plate.,25.00,30.00,1.000
dish_1558632921,apple,80.60,155.00,A single medium-sized apple and one individual corn kernel on a square white plate.,96.00,180.50,0.500
dish_1558632990,cauliflower,25.25,101.00,"A serving of plain, raw or lightly steamed cauliflower florets on a white plate.",28.00,110.00,1.000
dish_1558632959,cherry tomatoes,16.02,89.00,A serving of 11 raw grape tomatoes on a white square plate.,30.00,110.00,1.000
dish_1558633158,carrot,34.85,85.00,A small portion of sliced carrots served on a white square plate.,45.00,115.00,1.000
dish_1558635400,cauliflower,25.00,100.00,A small portion of raw cauliflower florets served on a square plate.,25.00,100.00,1.000
dish_1558635523,white rice,55.90,43.00,A small portion of steamed white rice served on a white square plate.,75.00,60.00,1.000
dish_1558635489,corn on the cob,78.51,74.00,"Two small, thin slices of sweet corn on a square plate.",85.00,90.00,1.000
dish_1558633221,corn on the cob | cherry tomatoes | apple | cauliflower | carrot,176.88,449.00,"A mix of raw vegetables (cauliflower, grape tomatoes), an apple, and small portions of cooked carrots and corn on the cob on a red plate.",190.00,515.00,1.000
dish_1558635546,apple,60.84,117.00,A single medium-sized red apple centered on a white square plate.,95.00,182.00,1.000
dish_1558635865,corn on the cob,20.16,19.00,A single slice of yellow corn on the cob placed on a large white square plate.,25.00,30.00,1.000
dish_1558635933,cantaloupe,33.32,98.00,A small serving of fresh cantaloupe melon chunks served on a white square plate.,28.00,80.00,1.000
dish_1558635618,corn on the cob | apple | white rice | cauliflower,220.25,334.00,"A light vegetarian meal consisting of small portions of corn, white rice, raw cauliflower, and a whole apple on a red plate.",255.00,370.00,1.000
dish_1558635962,almonds,52.03,9.00,A small portion of raw almonds served in a square white plate.,164.00,28.00,1.000
dish_1558635994,grapes,93.84,136.00,A plate containing a small serving of 22 mixed red and green grapes.,61.00,88.00,1.000
dish_1558636028,grapes | corn on the cob | cantaloupe,199.35,262.00,"A snack plate consisting of red grapes, cantaloupe chunks, a handful of raw almonds, and a single slice of corn on the cob.",295.00,288.00,0.750
dish_1558636388,cauliflower,24.00,96.00,A small portion of raw cauliflower florets served on a white square plate.,15.00,60.00,1.000
dish_1558636483,apple,80.08,154.00,A single medium-sized whole red apple sitting in the center of a white square plate.,95.00,182.00,1.000
dish_1558636514,cherry tomatoes,16.02,89.00,A serving of 11 raw grape tomatoes on a white plate.,30.00,165.00,1.000
dish_1558636544,almonds,410.45,71.00,A small serving of approximately 40 raw almonds on a plate.,235.00,40.00,1.000
dish_1558636763,apple,60.84,117.00,"A single, whole medium-sized red apple placed in the center of a white square plate.",95.00,182.00,1.000
dish_1558636582,apple | almonds,530.55,410.00,"A light snack plate consisting of raw almonds, cherry tomatoes, a whole apple, and fresh cauliflower florets.",490.00,450.00,0.500
dish_1558636813,grapes,60.72,88.00,A small serving of 15 red and green grapes on a white plate.,48.00,75.00,1.000
dish_1558636868,almonds,46.25,8.00,A small serving of approximately 23 whole raw almonds on a white square plate.,135.00,23.00,1.000
dish_1558636902,carrot,38.95,95.00,"A small serving of sliced, likely cooked or blanched, carrots on a square plate.",35.00,90.00,1.000
dish_1558636928,cherry tomatoes,16.02,89.00,A serving of 10 raw grape tomatoes on a white plate.,30.00,100.00,1.000
dish_1558637214,grapes,11.04,16.00,A small portion of 7 red grapes served on a square white plate.,25.00,40.00,1.000
dish_1558636980,apple | grapes | carrot | cherry tomatoes,222.78,397.00,"A healthy snack plate containing a whole apple, a serving of grapes, cherry tomatoes, sliced carrots, and a portion of raw almonds.",335.00,493.00,0.800
dish_1558637351,apple,80.08,154.00,A single medium-sized whole red apple served on a square white plate.,95.00,185.00,1.000
dish_1558637247,corn on the cob,117.77,111.00,Two small cross-section slices of sweet corn on a white plate.,85.00,90.00,1.000
dish_1558637393,almonds,739.97,128.00,A small white plate containing a portion of approximately 50-55 whole raw almonds.,360.00,63.00,1.000
dish_1558637698,cauliflower,12.25,49.00,A small serving of raw cauliflower florets on a white square plate.,25.00,100.00,1.000
dish_1558637769,apple,80.08,154.00,A single medium-sized red apple placed in the center of a white square plate.,95.00,185.00,1.000
dish_1558637423,corn on the cob | apple | almonds,948.86,409.00,"A snack plate containing a significant portion of raw almonds, two small slices of corn on the cob, a handful of red grapes, and one small fresh apple.",620.00,345.00,0.750
dish_1558637865,corn on the cob,71.09,67.00,"A single, thin slice of yellow corn on the cob on a square plate.",25.00,35.00,1.000
dish_1558637896,grapes,84.87,123.00,A small serving of 18 red grapes placed on a square plate.,52.00,75.00,1.000
dish_1558638137,apple,60.84,117.00,A single medium-sized apple placed on a white square plate.,95.00,180.00,1.000
dish_1558637932,corn on the cob | apple | grapes,248.29,393.00,"A light snack plate consisting of a whole red apple, a small portion of raw cauliflower florets, a single slice of corn on the cob, and about 20 red grapes.",180.00,330.00,0.750
dish_1558638216,white rice,55.90,43.00,A small portion of plain white rice served on a white square plate.,160.00,125.00,1.000
dish_1558638163,carrot,40.59,99.00,"A small portion of sliced carrots on a plate, likely cooked or glazed.",35.00,90.00,1.000
dish_1558638844,apple,80.08,154.00,A single red apple sitting on a white square plate.,80.00,150.00,1.000
dish_1558638292,cantaloupe | apple | white rice | carrot,190.31,356.00,"A balanced plate consisting of a whole apple, steamed white rice, sliced cooked carrots, and chunks of fresh cantaloupe.",340.00,560.00,1.000
dish_1558638924,cauliflower,6.25,25.00,A small serving of raw cauliflower florets on a white square plate.,15.00,60.00,1.000
dish_1558638896,cherry tomatoes,22.68,126.00,A small portion of nine raw grape tomatoes served on a white square plate.,25.00,135.00,1.000
dish_1558638954,grapes,89.01,129.00,A small serving consisting of 24 whole red and green grapes on a white plate.,48.00,72.00,1.000
dish_1558638983,corn on the cob,59.42,56.00,"A single, thin slice of cooked corn on the cob served on a square white plate.",25.00,35.00,1.000
dish_1558639089,grapes,19.32,28.00,"A small snack consisting of 11 individual grapes (10 red, 1 green) served on a square white plate.",33.00,50.00,1.000
dish_1558639138,carrot,22.14,54.00,A small portion of sliced carrots served on a white plate.,25.00,60.00,1.000
dish_1558639167,apple,80.08,154.00,A single fresh red apple on a square white plate,95.00,182.00,1.000
dish_1558639012,cherry tomatoes | corn on the cob | apple | grapes,257.44,490.00,"A light vegetarian meal consisting of a medium apple, a selection of red grapes, grape tomatoes, a small serving of raw cauliflower, and a thin slice of corn on the cob.",240.00,505.00,0.800
dish_1558639266,corn on the cob,30.77,29.00,"A single, small slice of corn on the cob served on a white plate.",25.00,30.00,1.000
dish_1558639195,grapes | carrot | corn on the cob | apple,238.25,346.00,"A plate containing a whole apple, two slices of corn on the cob, a serving of sliced cooked carrots, and about ten red grapes.",250.00,410.00,1.000
dish_1558639221,cauliflower,24.50,98.00,"A small portion of raw, cut cauliflower florets served on a white square plate.",25.00,100.00,1.000
dish_1558639306,carrot,40.59,99.00,"A small portion of sliced, likely steamed or lightly sautéed carrots served on a square white plate.",35.00,90.00,1.000
dish_1558639335,apple,60.32,116.00,"A single, whole red apple sitting on a white square plate.",95.00,182.00,1.000
dish_1558639412,cantaloupe,32.98,97.00,A small serving of fresh cantaloupe melon chunks served on a square white plate.,52.00,150.00,1.000
dish_1558639440,apple,60.32,116.00,A single medium-sized red apple centered on a white square plate.,95.00,182.00,1.000
dish_1558639362,cauliflower | apple | carrot | corn on the cob,156.18,342.00,"A light vegetarian meal consisting of raw cauliflower, sliced carrots, a small slice of corn on the cob, and a whole apple.",170.00,420.00,1.000
dish_1558639526,carrot,31.98,78.00,A small portion of sliced carrots served on a square white plate.,32.00,80.00,1.000
dish_1558639482,corn on the cob,30.77,29.00,A single thin slice of corn on the cob served on a square plate.,25.00,30.00,1.000
dish_1558639555,cantaloupe | corn on the cob | carrot | apple,156.05,320.00,"A plate containing a whole apple, a small slice of corn on the cob, several chunks of cantaloupe, and sliced cooked carrots.",200.00,440.00,1.000
dish_1558639588,almonds,121.40,21.00,A small portion of raw almonds served on a square white plate.,160.00,28.00,1.000
dish_1558639662,cherry tomatoes,16.02,89.00,A serving of 11 fresh grape tomatoes on a white square plate.,25.00,135.00,1.000
dish_1558639630,corn on the cob,116.71,110.00,Two small slices of yellow corn on the cob served on a square white plate.,85.00,75.00,1.000
dish_1558639673,cherry tomatoes,16.02,89.00,A small serving of 10 raw grape tomatoes on a white plate.,25.00,135.00,1.000
dish_1558639683,cherry tomatoes,16.02,89.00,A serving of 10 raw grape tomatoes on a white square plate.,25.00,130.00,1.000
dish_1558639787,cauliflower,24.75,99.00,A small portion of raw cauliflower florets scattered on a white square plate.,18.00,70.00,1.000
dish_1558639818,cantaloupe,20.06,59.00,"A small serving of fresh, cubed cantaloupe melon pieces on a white plate.",30.00,90.00,1.000
dish_1558639752,corn on the cob | cherry tomatoes | almonds,254.13,220.00,"A plate containing a handful of raw almonds, 10 whole cherry tomatoes, and two small slices of corn on the cob.",285.00,260.00,1.000
dish_1558639849,carrot,23.37,57.00,A small portion of sliced carrots served on a white square plate.,25.00,60.00,1.000
dish_1558639876,carrot | cantaloupe | cauliflower,68.18,215.00,"A light plate consisting of fresh raw carrot slices, cantaloupe chunks, and raw cauliflower florets.",70.00,215.00,1.000
dish_1558639907,cherry tomatoes,10.44,58.00,A serving of seven fresh grape tomatoes on a white square plate.,28.00,105.00,1.000
dish_1558639949,cantaloupe,21.76,64.00,A small serving of fresh cantaloupe melon cubes on a square white plate.,25.00,75.00,1.000
dish_1558639979,almonds,520.29,90.00,A serving of roughly 50-55 whole raw almonds on a square white plate.,360.00,63.00,1.000
dish_1558640039,carrot,40.18,98.00,"A small serving of sliced, cooked carrots on a white plate.",35.00,90.00,1.000
dish_1558640074,apple,60.32,116.00,"A single, fresh, red apple placed in the center of a square white plate.",95.00,182.00,1.000
dish_1558640008,almonds,552.49,212.00,"A plate containing a portion of whole raw almonds, six cherry tomatoes, and five small slices of cantaloupe melon.",315.00,190.00,0.333
dish_1558640105,corn on the cob,77.45,73.00,Two small cross-cut slices of corn on the cob served on a square plate.,50.00,60.00,1.000
dish_1558640190,cantaloupe,19.72,58.00,A small serving of fresh cantaloupe chunks on a white square plate.,30.00,90.00,1.000
dish_1558640238,cherry tomatoes,22.68,126.00,A small portion consisting of 10 raw grape tomatoes on a white square plate.,25.00,135.00,1.000
dish_1558640145,carrot | apple | corn on the cob,177.95,287.00,"A light, plant-based meal consisting of a whole fresh apple, sliced raw carrots, and two cross-section pieces of cooked corn on the cob served on a light blue plate.",220.00,415.00,1.000
dish_1558640267,grapes,63.48,92.00,A small serving of approximately 22 individual red grapes on a white plate.,55.00,80.00,1.000
dish_1558640418,carrot,14.35,35.00,"A small serving of raw, sliced carrot rounds on a square white plate.",25.00,60.00,1.000
dish_1558640294,cantaloupe | cherry tomatoes,42.40,184.00,"A light plate consisting of red grapes, grape tomatoes, and bite-sized pieces of fresh cantaloupe.",143.00,375.00,0.667
dish_1558640311,grapes | cantaloupe | cherry tomatoes,105.88,276.00,"A light snack plate consisting of raw red grapes, grape tomatoes, and bite-sized chunks of cantaloupe melon.",150.00,343.00,1.000
dish_1558640373,cherry tomatoes | grapes | cantaloupe,105.88,276.00,"A light snack plate consisting of assorted fresh fruit and vegetables including red grapes, grape tomatoes, and cantaloupe chunks.",149.00,380.00,1.000
dish_1558640477,corn on the cob,59.42,56.00,A single cross-sectional slice of cooked sweet corn on the cob served on a large white square plate.,45.00,55.00,1.000
dish_1558640450,apple,80.08,154.00,"A single, whole medium-sized red apple sitting on a square white plate.",95.00,182.00,1.000
dish_1558640563,cherry tomatoes,4.14,23.00,Four fresh cherry tomatoes on a white square plate.,20.00,70.00,1.000
dish_1558640513,carrot | apple | corn on the cob,153.85,245.00,"A plate containing a whole apple, a small segment of corn on the cob, and sliced raw carrots.",145.00,295.00,1.000
dish_1558640604,apple,60.84,117.00,"A single, whole medium red apple on a square white plate.",95.00,182.00,1.000
dish_1558640593,apple,60.32,116.00,"A single, fresh, whole red apple centered on a square white plate.",95.00,185.00,1.000
dish_1558640614,apple,60.32,116.00,"A single, whole red apple centered on a square white plate.",95.00,182.00,1.000
dish_1558640671,cantaloupe,32.30,95.00,A small snack portion consisting of approximately 9 bite-sized chunks of cantaloupe melon.,25.00,75.00,1.000
dish_1558640781,apple,80.08,154.00,A single medium-sized red apple centered on a white square plate.,95.00,180.00,1.000
dish_1558640748,cauliflower,14.50,58.00,A small portion of raw cauliflower florets served on a white square plate.,25.00,100.00,1.000
dish_1558640705,apple | cantaloupe,96.76,234.00,"A light snack consisting of fresh cantaloupe chunks, a whole small apple, and a few grape tomatoes.",130.00,320.00,0.667
dish_1558640808,carrot,10.66,26.00,A small portion of sliced raw carrots served on a white square plate.,25.00,60.00,1.000
dish_1558640882,cantaloupe,32.30,95.00,A light snack consisting of several pieces of fresh cut cantaloupe melon on a square plate.,28.00,80.00,1.000
dish_1558640849,apple | cauliflower | carrot,105.24,238.00,"A light, healthy meal consisting of raw cauliflower florets, sliced carrots, and a small whole apple served on a plate.",130.00,315.00,1.000
dish_1558640917,cauliflower,5.25,21.00,A small portion of raw cauliflower florets on a white square plate.,10.00,40.00,1.000
dish_1558640941,carrot,21.73,53.00,"A small serving of cooked, sliced carrots on a plate.",30.00,75.00,1.000
dish_1558640979,cantaloupe | cauliflower | carrot,59.28,169.00,"A light meal consisting of a small portion of raw cauliflower, cooked sliced carrots, and fresh cantaloupe melon cubes.",70.00,210.00,1.000
dish_1558641007,carrot,23.37,57.00,"A small serving of cooked, sliced carrots on a plate.",25.00,60.00,1.000
dish_1558641037,apple,60.84,117.00,A single fresh red apple sitting on a white plate.,95.00,182.00,1.000
dish_1558641075,cherry tomatoes,12.42,69.00,Five fresh grape tomatoes arranged on a white plate.,25.00,135.00,1.000
dish_1558641164,apple,80.08,154.00,A single medium-sized red apple resting on a white square plate.,95.00,182.00,1.000
dish_1558641200,carrot,3.28,8.00,A small portion of sliced raw carrots served on a white square plate.,25.00,60.00,1.000
dish_1558641108,cherry tomatoes | apple | carrot,96.63,243.00,"A light snack consisting of one whole red apple, a small portion of sliced carrots, and 5 grape tomatoes on a plate.",120.00,305.00,1.000
dish_1558641211,carrot,3.28,8.00,A small portion of sliced carrots served on a white square plate.,25.00,60.00,1.000
dish_1558641253,corn on the cob,116.71,110.00,Two small cross-cut slices of yellow sweet corn served on a white square plate.,85.00,90.00,1.000
dish_1558641287,cherry tomatoes,11.52,64.00,A small serving of nine fresh grape tomatoes centered on a white square plate.,25.00,135.00,1.000
dish_1558641358,cauliflower,24.25,97.00,A small serving of raw cauliflower florets arranged on a white plate.,25.00,100.00,1.000
dish_1558641320,apple | corn on the cob | cherry tomatoes,211.59,336.00,"A light, healthy meal consisting of a whole apple, sliced carrots, two small slices of corn, and several fresh grape tomatoes.",180.00,405.00,0.750
dish_1558641391,cantaloupe,19.72,58.00,A small snack portion consisting of several cubed pieces of fresh cantaloupe melon served on a square plate.,35.00,100.00,1.000
dish_1558641897,corn on the cob,116.71,110.00,Two small slices of corn on the cob on a plate.,80.00,90.00,1.000
dish_1558641442,cauliflower | cantaloupe | corn on the cob,103.39,211.00,"A small snack plate consisting of raw cauliflower florets, one slice of corn on the cob, and several cubes of cantaloupe melon.",85.00,210.00,1.000
dish_1558641926,apple,80.08,154.00,A single whole red apple centered on a square white plate.,95.00,182.00,1.000
dish_1558641954,cherry tomatoes,18.36,102.00,A small portion consisting of 8 raw grape tomatoes on a white square plate.,25.00,130.00,1.000
dish_1558641989,cauliflower,13.75,55.00,A small portion of raw cauliflower florets served on a white square plate.,25.00,100.00,1.000
dish_1558642021,apple | corn on the cob | cherry tomatoes | cauliflower,228.90,421.00,"A light, healthy snack plate consisting of one whole apple, eight cherry tomatoes, several cauliflower florets, and two thin slices of corn on the cob.",205.00,480.00,1.000
dish_1558642089,carrot,39.36,96.00,A small portion of sliced carrots served on a white square plate.,25.00,60.00,1.000
dish_1558642420,carrot,38.95,95.00,A small portion of sliced cooked carrots on a white square plate.,30.00,75.00,1.000
dish_1558642458,cauliflower,23.00,92.00,A small portion of raw cauliflower florets served on a square white plate.,25.00,100.00,1.000
dish_1558642490,carrot | cauliflower,61.95,187.00,A light meal consisting of sliced cooked carrots and cauliflower florets served on a light blue plate.,65.00,190.00,1.000
dish_1558717604,apple,73.84,142.00,A single medium-sized apple centered on a white square plate.,95.00,180.00,1.000
dish_1558717886,apple,73.84,142.00,"A single, whole red apple centered on a white square dinner plate.",95.00,180.00,1.000
dish_1558641416,corn on the cob,59.42,56.00,A single thin slice of corn on the cob served on a white square plate.,25.00,30.00,1.000
dish_1558718009,cantaloupe,25.84,76.00,A small portion of diced cantaloupe on a square white plate.,28.00,80.00,1.000
dish_1558718587,cauliflower,10.25,41.00,A small portion of raw cauliflower florets on a plate.,25.00,95.00,1.000
dish_1558718051,cauliflower,24.25,97.00,A small portion of raw cauliflower florets with one thin sliver of red bell pepper on a white plate.,26.00,103.00,0.500
dish_1558718088,apple | corn on the cob | cantaloupe | cauliflower,219.42,405.00,"A plate containing a raw apple, raw cauliflower florets, cooked sweet potato chunks, and two cross-sections of corn on the cob.",205.00,390.00,0.600
dish_1558718610,corn on the cob,113.53,107.00,Two small cross-section slices of corn on the cob served on a white square plate.,85.00,90.00,1.000
dish_1558718649,cantaloupe,25.84,76.00,A small snack portion consisting of several bite-sized pieces of fresh cantaloupe melon.,28.00,80.00,1.000
dish_1558718680,almonds,132.96,23.00,A small portion of raw whole almonds on a square white plate.,165.00,28.00,1.000
dish_1558718906,corn on the cob | cantaloupe | almonds,282.58,247.00,"A plate containing a variety of raw whole foods including almonds, raw cauliflower florets, slices of corn on the cob, and chunks of cantaloupe.",345.00,260.00,0.750
dish_1558718974,almonds,422.01,73.00,A small white plate containing a portion of approximately 40 raw almonds.,280.00,48.00,1.000
dish_1558719040,cantaloupe,31.96,94.00,A small serving of fresh cantaloupe melon chunks on a white plate.,32.00,95.00,1.000
dish_1558719066,apple,73.84,142.00,A single whole fresh red apple served on a white square plate.,95.00,182.00,1.000
dish_1558719097,cherry tomatoes,19.26,107.00,A serving of 8 raw grape tomatoes on a white plate.,28.00,150.00,1.000
dish_1558719298,almonds,265.93,46.00,A small portion of raw or dry-roasted almonds served on a white square plate.,200.00,35.00,1.000
dish_1558719145,cantaloupe | almonds | apple,547.07,416.00,"A light snack plate consisting of a whole apple, cantaloupe slices, fresh grape tomatoes, and a portion of whole almonds.",425.00,417.00,0.750
dish_1558719377,apple,73.84,142.00,A single medium-sized red apple centered on a white square plate.,95.00,182.00,1.000
dish_1558719336,cauliflower,24.25,97.00,A small portion of raw cauliflower florets placed on a square white plate.,25.00,100.00,1.000
dish_1558719401,corn on the cob,51.99,49.00,A single thin cross-section slice of corn on the cob served on a square plate.,25.00,30.00,1.000
dish_1558719514,almonds | apple | corn on the cob | cauliflower,433.29,430.00,"A plate containing a variety of whole, raw plant-based foods: almonds, a whole apple, grape tomatoes, a segment of corn on the cob, and cauliflower florets.",385.00,410.00,0.800
dish_1558719570,apple,74.36,143.00,"A single, whole medium-sized red apple centered on a white square plate.",95.00,180.00,1.000
dish_1558719994,almonds,768.87,133.00,A plate containing a portion of whole raw or roasted almonds.,360.00,60.00,1.000
dish_1558720097,carrot,30.34,74.00,A small portion of sliced cooked carrots served on a white square plate.,35.00,90.00,1.000
dish_1558720133,cauliflower,14.25,57.00,A small portion of raw cauliflower florets on a white plate.,15.00,60.00,1.000
dish_1558720289,cauliflower,20.00,80.00,"A small portion of raw, cut cauliflower florets on a white square plate.",15.00,60.00,1.000
dish_1558720236,apple | almonds,887.82,407.00,"A platter featuring a variety of raw snacks including sliced carrots, cauliflower florets, a large portion of almonds, and a whole apple.",655.00,390.00,0.500
dish_1558720335,cantaloupe,15.64,46.00,A small snack portion consisting of five pieces of fresh cantaloupe melon served on a white square plate.,14.00,40.00,1.000
dish_1558720364,apple,73.84,142.00,A single medium-sized red apple sitting in the center of a white square plate.,95.00,180.00,1.000
dish_1558720396,corn on the cob,95.49,90.00,Two small cross-section slices of corn on the cob on a white square plate.,55.00,60.00,1.000
dish_1558721272,carrot,29.52,72.00,A small portion of sliced orange carrots served on a white square plate.,25.00,60.00,1.000
dish_1558721323,cantaloupe,31.62,93.00,A small portion of freshly cut cantaloupe melon pieces served on a square white plate.,25.00,75.00,1.000
dish_1558721345,cauliflower,19.50,78.00,A small portion of raw cauliflower florets served on a white plate.,20.00,80.00,1.000
dish_1558721380,cherry tomatoes,19.26,107.00,"A plate containing 9 fresh, raw grape tomatoes.",25.00,135.00,1.000
dish_1558721484,cherry tomatoes,11.16,62.00,Four individual grape tomatoes placed on a square white plate.,20.00,60.00,1.000
dish_1558721533,cantaloupe,18.70,55.00,"A light snack consisting of seven small, fresh-cut pieces of cantaloupe melon served on a white square plate.",25.00,75.00,1.000
dish_1558721434,cherry tomatoes | carrot | cauliflower | cantaloupe,99.90,350.00,"A plate containing a mix of fresh and lightly cooked vegetables and fruit including cauliflower, grape tomatoes, sliced carrots, and cantaloupe.",110.00,370.00,1.000
dish_1558721559,carrot,37.72,92.00,A small portion of sliced carrots served on a white square plate.,35.00,90.00,1.000
dish_1558721587,corn on the cob,95.49,90.00,Two small pieces of sweet corn on the cob served on a square white plate.,55.00,60.00,1.000
dish_1558721669,cauliflower,24.25,97.00,A small serving of raw cauliflower florets arranged on a white plate.,25.00,100.00,1.000
dish_1558721636,carrot | corn on the cob | cantaloupe | cherry tomatoes,163.07,299.00,"A plate featuring raw sliced carrots, two cross-section pieces of corn on the cob, four cherry tomatoes, and several pieces of cubed cantaloupe.",127.00,295.00,1.000
dish_1558721700,cantaloupe,19.04,56.00,A small serving of fresh cantaloupe melon chunks on a white square plate.,28.00,80.00,1.000
dish_1558721726,apple,74.36,143.00,"A single, whole red apple centered on a white square plate.",95.00,182.00,1.000
dish_1558721757,almonds,768.87,133.00,A small white square plate containing a single-layer pile of approximately 42 raw whole almonds.,275.00,47.00,1.000
dish_1558721904,apple,74.36,143.00,A single medium-sized red apple placed on a white square plate.,95.00,180.00,1.000
dish_1558721827,apple | almonds,886.52,429.00,"A light snack platter featuring a large portion of raw almonds, a whole small apple, raw cantaloupe pieces, and raw cauliflower florets.",610.00,395.00,0.500
dish_1558721931,cauliflower,13.25,53.00,A very small serving consisting of four small cauliflower florets and one single corn kernel on a large square plate.,15.50,60.20,0.500
dish_1558721959,cherry tomatoes,11.16,62.00,A small portion of 5 raw grape tomatoes on a white square plate.,25.00,90.00,1.000
dish_1558721980,cantaloupe,26.86,79.00,A small snack portion of freshly cut cantaloupe melon served on a square white plate.,25.00,75.00,1.000
dish_1558722068,almonds,179.21,31.00,A small portion of raw almonds on a square white plate.,115.00,20.00,1.000
dish_1558722171,cauliflower,24.25,97.00,A small portion of raw cauliflower florets served on a square white plate.,20.00,75.00,1.000
dish_1558722125,almonds,497.17,86.00,A small white square plate containing a single layer of approximately 40 raw whole almonds.,285.00,48.00,1.000
dish_1558722103,apple | cantaloupe | almonds,304.84,368.00,"A healthy snack plate containing a small apple, raw almonds, cauliflower florets, cherry tomatoes, and sliced cantaloupe.",295.00,388.00,0.600
dish_1558722207,apple,83.20,160.00,"A single red apple centered on a white square plate with a small, unidentifiable yellow condiment drop nearby.",100.00,185.00,0.500
dish_1558722322,carrot,37.72,92.00,A small portion of sliced cooked carrots on a square plate.,38.00,95.00,1.000
dish_1558722370,cauliflower,19.75,79.00,"A serving of raw, plain cauliflower florets on a white plate.",18.00,70.00,1.000
dish_1558722247,almonds | apple,604.62,343.00,"A plate containing a portion of raw almonds, a few pieces of raw cauliflower, and a whole red apple.",375.00,268.00,0.667
dish_1558722398,apple,83.72,161.00,A single red apple centered on a white square plate.,95.00,182.00,1.000
dish_1558722434,cherry tomatoes,8.46,47.00,Four raw grape tomatoes on a white square plate.,16.00,80.00,1.000
dish_1558722665,cauliflower,15.00,60.00,A very small portion of raw cauliflower florets scattered on a white square plate.,15.00,60.00,1.000
dish_1558722473,cherry tomatoes | cauliflower | apple | carrot,149.65,379.00,"A plate of assorted raw vegetables including cauliflower, cherry tomatoes, sliced carrots, and a whole apple.",140.00,390.00,1.000
dish_1558722636,carrot,30.75,75.00,A small serving of approximately 90 grams of sliced carrots in a white square plate.,35.00,90.00,1.000
dish_1558722685,cantaloupe,25.84,76.00,A light snack consisting of approximately 80 grams of cubed cantaloupe on a square plate.,28.00,80.00,1.000
dish_1558722707,cherry tomatoes,19.26,107.00,A plate containing eight raw grape tomatoes.,28.50,150.00,1.000
dish_1558722748,corn on the cob,51.99,49.00,A single thin slice of corn on the cob centered on a white plate.,30.00,35.00,1.000
dish_1558722842,cherry tomatoes,10.44,58.00,A small portion of five raw grape tomatoes on a white plate.,25.00,130.00,1.000
dish_1558722871,cauliflower,15.00,60.00,A very small serving of approximately four raw or lightly steamed cauliflower florets placed centrally on a white square plate.,10.00,40.00,1.000
dish_1558722883,cauliflower,15.00,60.00,A small portion consisting of a few raw cauliflower florets placed on a large square plate.,11.00,45.00,1.000
dish_1558722780,cauliflower | carrot | corn on the cob | cantaloupe | cherry tomatoes,142.84,367.00,"A colorful vegetable and fruit platter containing cantaloupe, cauliflower, grape tomatoes, a small slice of corn, and carrot slices.",120.00,335.00,1.000
dish_1558722906,corn on the cob,95.49,90.00,Two small cross-section slices of cooked sweet corn on the cob served on a square white plate.,50.00,60.00,1.000
dish_1558722931,almonds,439.36,76.00,A small portion of raw whole almonds in a square white bowl.,240.00,40.00,1.000
dish_1558723047,cantaloupe,31.62,93.00,A small portion of cut cantaloupe melon served on a square plate.,25.00,75.00,1.000
dish_1558722968,almonds | corn on the cob,560.29,284.00,"A plate containing a portion of raw almonds, raw cauliflower florets, five grape tomatoes, and two small cross-section slices of corn on the cob.",340.00,255.00,0.500
dish_1558723073,cherry tomatoes,16.20,90.00,A serving of 9 raw grape tomatoes on a white square plate.,25.00,135.00,1.000
dish_1558723096,cauliflower,16.50,66.00,A small serving of raw or plain steamed cauliflower florets on a white plate.,15.00,60.00,1.000
dish_1558723123,corn on the cob,51.99,49.00,A single small slice of corn on the cob centered on a white plate.,25.00,30.00,1.000
dish_1558723414,corn on the cob,51.99,49.00,A single thin slice of corn on the cob served on a large white plate.,25.00,30.00,1.000
dish_1558723475,cantaloupe,22.78,67.00,A small serving of fresh cantaloupe chunks on a white square plate.,25.00,75.00,1.000
dish_1558723449,apple,74.36,143.00,A single medium-sized whole red apple placed on a white square plate.,95.00,182.00,1.000
dish_1558723512,carrot,15.99,39.00,A small portion of raw carrot slices on a white plate.,25.00,60.00,1.000
dish_1558723537,cauliflower,14.50,58.00,A small portion of raw cauliflower consisting of four individual florets on a white square plate.,10.00,40.00,1.000
dish_1558723639,cauliflower,10.25,41.00,A small portion of raw cauliflower florets scattered on a white plate.,15.00,60.00,1.000
dish_1558723695,corn on the cob,95.49,90.00,Two small circular slices of corn on the cob served on a square white plate.,85.00,90.00,1.000
dish_1558723568,cantaloupe | corn on the cob | carrot | cauliflower | apple,179.62,356.00,"A light snack plate consisting of a whole fresh apple, a small portion of cantaloupe cubes, a few raw cauliflower florets, a single small corn-on-the-cob slice, and several carrot slices.",183.00,392.00,1.000
dish_1558723671,carrot,38.13,93.00,A small serving of fresh sliced raw carrots on a square white plate.,25.00,60.00,1.000
dish_1558723719,almonds,231.24,40.00,A small serving of 15 whole/partial almonds on a white square plate.,115.00,19.00,1.000
dish_1558723777,apple,74.36,143.00,A single medium-sized red apple on a square white plate,95.00,185.00,1.000
dish_1558723818,corn on the cob,113.53,107.00,"Two small, round slices of cooked corn on the cob served on a square white plate.",85.00,75.00,1.000
dish_1558723742,carrot | almonds | corn on the cob,375.11,264.00,"A light, healthy snack plate consisting of raw vegetables (carrots, cauliflower, corn on the cob) and raw almonds.",225.00,203.00,0.750
dish_1558723847,almonds,554.98,96.00,A serving of approximately 50-55 raw or dry-roasted almonds on a square white plate.,395.00,68.00,1.000
dish_1558723926,cherry tomatoes,19.26,107.00,A serving of 8 raw grape tomatoes on a white plate.,25.00,130.00,1.000
dish_1558723866,cauliflower,14.75,59.00,A very small portion consisting of three raw cauliflower florets served on a large white plate.,8.00,30.00,1.000
dish_1558723960,cauliflower,13.00,52.00,A very small portion consisting of two raw cauliflower florets on a white plate.,8.00,30.00,1.000
dish_1558723894,almonds | corn on the cob | apple,757.61,405.00,"A plate containing a variety of whole food snacks, including a large portion of almonds, one apple, two slices of corn on the cob, and three small cauliflower florets.",675.00,360.00,0.750
dish_1558723982,almonds,294.83,51.00,A small serving of raw almonds on a square white plate.,165.00,28.00,1.000
dish_1558724005,cantaloupe,31.62,93.00,A small serving consisting of nine bite-sized pieces of cantaloupe melon arranged on a white plate.,28.00,80.00,1.000
dish_1558724031,cherry tomatoes | cantaloupe | almonds,358.71,303.00,"A plate containing a healthy snack mix consisting of grape tomatoes, raw cauliflower florets, a small portion of almonds, and diced cantaloupe.",250.00,245.00,0.750
dish_1558724574,brussels sprouts,50.74,118.00,A plate containing 12 roasted Brussels sprouts.,55.00,120.00,1.000
dish_1558724607,honeydew melons,54.72,152.00,A small portion of cubed honeydew melon served on a square white plate.,25.00,75.00,1.000
dish_1558724633,broccoli,32.90,94.00,A small portion of steamed or raw broccoli florets arranged on a white plate.,25.00,75.00,1.000
dish_1558724689,cauliflower,19.75,79.00,A small portion of raw or lightly steamed cauliflower florets served on a white square plate.,25.00,100.00,1.000
dish_1558724658,brussels sprouts | honeydew melons | broccoli,138.36,364.00,"A plate containing roasted Brussels sprouts, steamed broccoli florets, and cubes of fresh honeydew melon.",117.00,330.00,1.000
dish_1558724766,apple,83.72,161.00,A single medium-sized red apple sitting on a square white plate.,95.00,182.00,1.000
dish_1558724723,broccoli,39.20,112.00,A small portion of raw broccoli florets served on a white square plate.,25.00,75.00,1.000
dish_1558724799,cauliflower | apple | broccoli,142.67,352.00,"A light, healthy snack plate consisting of raw cauliflower florets, broccoli florets, and a whole fresh apple.",137.00,330.00,1.000
dish_1558724853,brussels sprouts,50.74,118.00,A small portion of roasted Brussels sprouts on a square white plate.,45.00,110.00,1.000
dish_1558724891,apple,83.72,161.00,A single fresh red apple centered on a white square plate.,95.00,180.00,1.000
dish_1558724912,carrot,30.75,75.00,A small portion of sliced orange carrots arranged on a square white plate.,35.00,90.00,1.000
dish_1558724932,almonds,416.23,72.00,A small portion of raw whole almonds on a white plate.,165.00,28.00,1.000
dish_1558724992,almonds,456.70,79.00,A small serving of raw almonds on a plate.,280.00,48.00,1.000
dish_1558725049,brussels sprouts,43.00,100.00,"A serving of roasted brussels sprouts on a white plate, totaling 12 individual pieces.",42.00,110.00,1.000
dish_1558724959,brussels sprouts | carrot | almonds | apple,581.44,426.00,"A healthy snack plate containing a whole apple, a handful of almonds, steamed Brussels sprouts, and sliced raw carrots.",375.00,425.00,1.000
dish_1558725085,honeydew melons,54.36,151.00,A small snack portion of fresh honeydew melon cubes served on a square white plate.,30.00,90.00,1.000
dish_1558725193,almonds,763.09,132.00,A serving of raw almonds on a white square plate.,360.00,63.00,1.000
dish_1558725112,almonds | brussels sprouts | honeydew melons,554.06,330.00,"A plate containing a portion of almonds, roasted Brussels sprouts, and cubed honeydew melon.",370.00,275.00,1.000
dish_1558725226,cauliflower,19.75,79.00,A small serving of raw cauliflower florets served on a white square plate.,15.00,60.00,1.000
dish_1558725253,broccoli,33.95,97.00,A small serving of cooked broccoli florets on a white square plate.,25.00,75.00,1.000
dish_1558725353,brussels sprouts,40.42,94.00,A small serving of roasted Brussels sprouts on a square white plate.,55.00,115.00,1.000
dish_1558725286,almonds,816.79,308.00,A light meal consisting of a substantial portion of raw almonds alongside raw broccoli and cauliflower florets.,545.00,295.00,0.333
dish_1558725403,almonds,289.05,50.00,A small portion of 20 whole raw almonds served on a square white plate.,115.00,20.00,1.000
dish_1558725576,cauliflower,19.75,79.00,A small portion of steamed or blanched cauliflower florets on a white plate.,20.00,80.00,1.000
dish_1558725702,brussels sprouts,50.31,117.00,A small portion of roasted Brussels sprouts served on a square plate.,55.00,130.00,1.000
dish_1558725734,carrot,30.75,75.00,A small serving of sliced carrots on a square plate.,35.00,90.00,1.000
dish_1558725621,brussels sprouts | almonds | cauliflower,349.22,223.00,"A balanced plate consisting of raw almonds, raw cauliflower florets, roasted Brussels sprouts, and cooked sliced carrots.",360.00,390.00,0.750
dish_1558725760,apple,83.72,161.00,A single whole red apple on a square white plate,95.00,180.00,1.000
dish_1558725786,corn on the cob,113.53,107.00,"Two small, round slices of corn on the cob on a white plate.",50.00,45.00,1.000
dish_1559059924,bacon,108.20,20.00,A simple meal consisting of two strips of cooked bacon served on a square white plate.,90.00,20.00,1.000
dish_1558725829,brussels sprouts | carrot | corn on the cob | apple,278.31,460.00,"A plant-based meal consisting of roasted brussels sprouts, a whole red apple, steamed carrot slices, and two pieces of corn on the cob.",290.00,555.00,1.000
dish_1559059954,bacon,108.20,20.00,Two strips of cooked bacon served on a square white plate.,85.00,16.00,1.000
dish_1559059992,sweet potato,71.44,94.00,A small portion consisting of approximately 70 grams of roasted potato cubes on a square white plate.,95.00,70.00,1.000
dish_1559060055,,26.73,81.00,A small serving of fresh strawberries on a white square plate.,28.00,90.00,
dish_1559061675,watermelon,24.90,83.00,A small serving of 6 cubed pieces of fresh watermelon on a white plate.,25.00,85.00,1.000
dish_1559061752,eggs,192.82,124.00,A serving of scrambled eggs topped with a small amount of hot sauce on a square plate.,170.00,125.00,0.500
dish_1559060106,bacon | sweet potato,206.37,195.00,"A breakfast plate containing two strips of bacon, a portion of roasted potatoes, and fresh strawberries.",225.00,200.00,1.000
dish_1559062005,turkey bacon,113.91,30.00,A plate containing two strips of cooked turkey bacon.,75.00,25.00,1.000
dish_1559062051,sweet potato,56.24,74.00,A small serving of roasted potato chunks on a plate.,85.00,95.00,1.000
dish_1559149615,bacon,124.43,23.00,Two pieces of crispy cooked bacon served on a white square plate.,130.00,25.00,1.000
dish_1559149650,carrot,26.24,64.00,"A small serving of sliced, cooked carrots on a square white plate.",40.00,100.00,1.000
dish_1559062082,watermelon | eggs | turkey bacon | sweet potato,387.87,311.00,"A breakfast plate consisting of scrambled eggs, roasted potato chunks, two strips of bacon, and cubed watermelon.",470.00,380.00,1.000
dish_1559149688,eggs,281.45,181.00,A single serving of scrambled eggs served on a square plate.,210.00,150.00,1.000
dish_1559157454,arugula,34.56,28.00,A very small serving of mixed salad greens with a few blueberries on a large square white plate.,9.00,28.00,0.000
dish_1559157777,spinach (raw),2.53,11.00,"A small serving of fresh, raw spinach leaves on a white plate.",5.00,20.00,1.000
dish_1559149719,bacon | carrot | eggs,432.12,268.00,"A breakfast plate containing scrambled eggs, several slices of cooked, glazed carrot rounds, and a few strips of crispy bacon.",410.00,270.00,1.000
dish_1559157919,spinach (raw) | arugula,37.09,39.00,A light side salad containing a pile of fresh baby spinach and a portion of dressed arugula with a few blueberries and walnut pieces.,50.00,55.00,1.000
dish_1559158425,spinach (raw),2.99,13.00,A very small serving of raw spinach leaves on a white square plate.,3.00,13.00,1.000
dish_1559158354,broccoli,21.00,60.00,A very small portion consisting of five broccoli florets served on a large white square plate.,28.00,80.00,1.000
dish_1559158263,arugula,40.74,33.00,A very small side salad consisting primarily of raw arugula leaves and a few scattered blueberries on a large square plate.,10.00,30.00,1.000
dish_1559172356,brown rice | salmon,313.10,176.00,The provided image does not contain any food items; it shows a smartphone mounted on a wooden board with some wiring.,0.00,,0.000
dish_1559233102,scrambled eggs,183.52,124.00,A modest portion of scrambled eggs served on a white square plate.,160.00,115.00,1.000
dish_1559232986,bacon,189.35,35.00,A serving of three strips of pan-cooked bacon on a white square plate.,135.00,30.00,1.000
dish_1559233055,garden salad,25.19,39.00,"A very light side salad consisting of a few spinach leaves, a small amount of shredded carrots, two grape tomatoes, and a light dressing.",45.00,50.00,0.000
dish_1559233144,garden salad | scrambled eggs | bacon,398.06,198.00,"A breakfast plate containing a portion of scrambled eggs, three strips of bacon, and a small side of fresh baby spinach with grated carrots.",290.00,170.00,0.500
dish_1559233445,pineapple,24.50,49.00,A very small serving consisting of two bite-sized chunks of fresh pineapple placed on a large white plate.,25.00,50.00,1.000
dish_1559233570,,16.83,51.00,A small portion consisting of three strawberry slices on a white plate.,15.00,45.00,
dish_1559233627,bacon,64.92,12.00,A single slice of cooked bacon on a white square plate.,45.00,10.00,1.000
dish_1559233715,sweet potato,83.60,110.00,A small portion of roasted or baked potato chunks served on a white square plate.,95.00,110.00,1.000
dish_1559235639,,33.99,103.00,A small serving of fresh sliced strawberries on a white square plate.,25.00,75.00,
dish_1559233756,bacon | sweet potato | pineapple,189.85,222.00,"A small, light breakfast plate consisting of a slice of bacon, several roasted potato chunks, and small portions of fresh fruit (strawberries and pineapple).",165.00,170.00,1.000
dish_1559235690,eggs,172.60,111.00,A serving of seasoned scrambled eggs on a square white plate.,160.00,115.00,1.000
dish_1559235771,cream cheese | bagels,145.80,54.00,A single bagel half with a thin layer of cream cheese on a white plate.,230.00,80.00,1.000
dish_1559238481,,59.69,127.00,A single small clementine or mandarin orange on a white plate,35.00,75.00,0.000
dish_1559238435,pears,115.54,202.00,A single raw green pear sitting on a square white plate.,95.00,170.00,1.000
dish_1559235815,cream cheese | bagels | eggs,352.40,268.00,"A breakfast plate containing scrambled eggs, one half of a bagel spread with cream cheese, and several fresh strawberry halves.",460.00,285.00,0.667
dish_1559238566,,62.13,109.00,A small snack plate consisting of cut strawberries and a few individual blueberries.,29.00,85.00,
dish_1559238993,,61.56,108.00,A small snack consisting of sliced fresh strawberries and a few whole blueberries on a white plate.,30.00,85.00,
dish_1559238608,pears,237.36,438.00,"A healthy fruit plate featuring a whole pear, a small mandarin orange, several halved strawberries, and a small scattered handful of fresh blueberries.",175.00,375.00,0.500
dish_1559239151,spinach (raw),9.20,40.00,A very small portion of raw baby spinach and a few shreds of carrot with a light coating of dressing or oil.,30.00,21.00,0.500
dish_1559239256,,60.16,128.00,A single mandarin orange on a white plate.,50.00,105.00,0.000
dish_1559239753,carrot,26.55,54.00,A small portion of roasted or glazed carrots on a white plate.,45.00,100.00,1.000
dish_1559239369,spinach (raw),130.92,276.00,"A light snack plate consisting of fresh baby spinach with a few shredded carrots, fresh sliced strawberries, a few blueberries, one cherry tomato, and one whole clementine.",88.00,225.00,0.250
dish_1559239912,,60.16,128.00,A single whole fresh orange placed in the center of a white square plate.,62.00,130.00,
dish_1559239985,pears,116.12,203.00,A single whole pear centered on a white plate,95.00,170.00,1.000
dish_1559240089,carrot | pears,202.82,385.00,"A simple meal consisting of a portion of sliced cooked carrots, one whole clementine, and one whole green pear served on a light blue plate.",165.00,360.00,0.667
dish_1559240256,broccoli,18.90,54.00,A sparse serving of raw broccoli florets on a white plate.,18.00,55.00,1.000
dish_1559240382,carrot,20.65,42.00,A small portion of cooked carrot chunks served on a white square plate.,32.00,80.00,1.000
dish_1559240441,,19.47,59.00,A light snack consisting of a few halved fresh strawberries on a square white plate.,16.00,50.00,
dish_1559240908,,60.16,128.00,A single whole mandarin orange served on a white square plate.,47.00,100.00,0.000
dish_1559240875,pears,116.12,203.00,"A single, fresh, whole green pear placed on a square white plate.",95.00,170.00,1.000
dish_1559240987,carrot,25.07,51.00,A small portion of sliced carrots on a white plate.,25.00,60.00,1.000
dish_1559240510,cauliflower | carrot | broccoli,73.52,213.00,"A plate containing a variety of raw or lightly cooked vegetables (cauliflower, broccoli, carrots) and fresh strawberries.",105.00,330.00,1.000
dish_1559242066,carrot,26.05,53.00,"A small serving of cooked baby carrots, likely glazed or roasted, served on a square plate.",55.00,130.00,1.000
dish_1559242155,pears,116.12,203.00,A single fresh green pear on a white plate,105.00,180.00,1.000
dish_1559241099,carrot | pears,201.35,382.00,"A plate containing a whole orange, a whole pear, and a small pile of sliced raw carrots.",177.00,360.00,1.000
dish_1559242221,almonds,659.03,114.00,A serving of approximately 50-55 whole almonds on a square white plate.,360.00,63.00,1.000
dish_1559242568,pears,116.12,203.00,A single whole fresh pear centered on a white square plate.,95.00,170.00,1.000
dish_1559243704,pears,116.12,203.00,"A single, fresh, whole pear placed on a square white plate.",95.00,170.00,1.000
dish_1559243139,carrot,26.05,53.00,A small portion of sliced cooked carrots on a square white plate.,40.00,110.00,1.000
dish_1559243887,almonds,289.05,50.00,A small portion of raw almonds served on a white square plate.,160.00,28.00,1.000
dish_1559244305,chickpeas,113.07,64.00,A small portion of chickpeas mixed with a small amount of sautéed onions and diced tomatoes on a square plate.,105.00,80.00,0.500
dish_1559243974,almonds | pears,431.22,306.00,"A plate containing one small pear, a handful of raw almonds, and sliced cooked or raw carrots.",390.00,263.00,0.667
dish_1559244417,arugula,72.83,59.00,"A small portion of arugula salad with a few visible chickpeas, likely dressed lightly.",35.00,55.00,0.500
dish_1559244598,cookies,250.92,51.00,A single oatmeal chocolate chip cookie placed on a white square plate.,160.00,40.00,0.000
dish_1559245589,carrot,25.56,52.00,A small portion of roasted baby carrots on a square white plate.,95.00,130.00,1.000
dish_1559244546,brown rice | chicken,469.94,281.00,A meal consisting of two chicken thighs served with a small portion of sautéed spinach and a light scattering of brown rice.,465.00,260.00,0.667
dish_1559244649,chicken | chickpeas | cookies,906.76,455.00,"A balanced meal featuring roasted chicken, a side of fresh leafy greens, a chickpea salad mixture, a portion of brown rice mixed with greens, and two small patties.",625.00,475.00,0.333
dish_1559245654,pears,115.54,202.00,A single whole pear sitting on a white plate with a few scattered carrot shavings.,97.00,175.00,0.500
dish_1559245697,pears | garden salad | carrot,163.72,289.00,"A light meal consisting of fresh spinach, cooked sliced carrots, and a whole pear.",125.00,265.00,0.500
dish_1559245801,,60.99,107.00,A small snack plate containing cut strawberries and a few individual blueberries.,30.00,85.00,
dish_1559245848,,59.69,127.00,A single mandarin orange on a white plate with some minor food residue.,50.00,105.00,0.000
dish_1559245920,cauliflower,14.25,57.00,"A very small, sparse serving of raw cauliflower florets with a few tiny fragments of shredded carrot on a white plate.",26.00,103.00,0.500
dish_1559245979,pears,116.12,203.00,A single whole fresh pear served on a plate with minor food residue.,95.00,170.00,1.000
dish_1559319826,,45.03,79.00,"A light snack consisting of a small portion of mixed fresh berries, including strawberries, raspberries, and a single blackberry on a white plate.",35.00,100.00,
dish_1559246053,cauliflower | pears,251.05,494.00,"A light, healthy snack plate consisting of raw cauliflower florets, sliced strawberries, a few blueberries, a mandarin orange, and a whole pear.",190.00,475.00,0.667
dish_1559319860,bacon,70.33,13.00,A single strip of cooked bacon on a white square plate.,45.00,15.00,1.000
dish_1559319902,pineapple,8.50,17.00,"A plate containing two small pieces of pineapple, with residue suggesting something else may have been on the plate previously.",14.00,30.00,1.000
dish_1559319971,sweet potato,72.96,96.00,A small serving of roasted potato chunks on a white plate.,115.00,130.00,1.000
dish_1559320019,sweet potato | bacon,196.82,205.00,"A breakfast plate containing roasted potato chunks, a serving of bacon, and a small mix of fresh fruit including strawberries, raspberries, pineapple, and a blackberry.",265.00,219.00,0.667
dish_1559332418,salmon | brown rice,482.11,271.00,A plate containing two portions of cooked salmon over a base of brown rice mixed with spinach and red peppers.,460.00,280.00,1.000
dish_1559332487,zucchini | chayote squash,19.11,98.00,A plate containing a small serving of chopped yellow and green summer squash.,30.00,190.00,1.000
dish_1559332795,cucumbers | lime | lettuce | cherry tomatoes | onions,39.37,39.00,"A small portion of spinach salad topped with a few goat cheese crumbles, toasted pine nuts, and a light dressing.",70.00,38.00,0.000
dish_1559578551,bacon,124.43,23.00,A single strip of cooked bacon served on a small square white plate.,45.00,10.00,1.000
dish_1559578579,bacon,142.58,78.00,A simple meal consisting of a single strip of cooked bacon and a small serving of sliced strawberries.,145.00,80.00,1.000
dish_1559332822,salmon | brown rice,540.59,408.00,"A plate containing pan-seared salmon pieces, a side of seasoned brown rice, sautéed summer squash, and a small dressed side salad.",535.00,360.00,0.667
dish_1559581236,eggs,296.93,212.00,A plate containing a portion of scrambled eggs and a small side salad of spinach and shredded carrots.,185.00,160.00,0.500
dish_1559578599,bacon | sweet potato,229.98,193.00,"A light meal consisting of a few strips of bacon, some roasted potato chunks, and sliced fresh strawberries.",275.00,185.00,1.000
dish_1559581333,bacon | eggs,415.95,234.00,"A breakfast plate consisting of scrambled eggs, one strip of bacon, and a small side of dressed green salad with shredded carrots.",290.00,170.00,1.000
dish_1559581356,bacon | eggs,436.95,294.00,"A breakfast plate containing scrambled eggs, two strips of bacon, steamed broccoli, and a small side of dressed leafy greens with carrots.",415.00,315.00,0.500
dish_1559585533,broccoli,12.95,37.00,A small portion of three broccoli florets centered on a square white plate.,25.00,75.00,1.000
dish_1559581378,eggs | sausage | bacon,705.73,372.00,"A breakfast or brunch plate featuring scrambled eggs, sliced sausage, two strips of bacon, and a side of steamed broccoli and salad greens.",600.00,350.00,0.750
dish_1559589873,mushroom,11.88,54.00,A small portion of sautéed mushrooms on a large white plate.,55.00,60.00,1.000
dish_1559589902,mushroom,16.37,76.00,A very light portion consisting of two cooked asparagus spears and a small serving of approximately five sautéed mushrooms on a large white plate.,43.00,75.00,0.500
dish_1559589942,pizza,290.35,179.00,"A light meal consisting of two small pieces of pizza-like baked items, two asparagus spears, and a small portion of sautéed mushrooms.",405.00,235.00,0.250
dish_1559590005,pizza,360.83,241.00,Two small slices of pizza served with a side salad of mixed greens and a few sautéed mushrooms.,480.00,210.00,0.500
dish_1559590130,chicken,194.41,152.00,A light meal consisting of diced cooked chicken breast and a small portion of steamed asparagus.,130.00,135.00,0.500
dish_1559590031,pizza,402.75,269.00,A meal consisting of two modest slices of meat lasagna accompanied by a side of fresh mixed greens including spinach and kale.,405.00,210.00,0.000
dish_1559593722,kale | arugula,140.56,106.00,"A light portion of mixed green salad, including curly kale and other salad greens, lightly dressed and served on a white square plate.",95.00,85.00,0.000
dish_1559593646,kale,55.39,37.00,A very small portion of leafy green salad with a few lentils and bell pepper pieces.,62.00,55.00,0.000
dish_1559590157,chicken | caesar salad,230.49,234.00,"A plate containing diced cooked chicken, a portion of steamed green asparagus, and a small Caesar salad with dressing, croutons, and shaved parmesan.",320.00,255.00,0.667
dish_1559590202,caesar salad | chicken,316.73,311.00,"A balanced meal consisting of diced chicken breast, cooked couscous with vegetables, steamed asparagus, and a small cabbage salad with croutons.",460.00,370.00,0.200
dish_1559593746,kale | squash | arugula,156.96,186.00,A light meal consisting of a mixed leafy green salad and a small portion of roasted yellow squash or zucchini.,125.00,130.00,0.333
dish_1559667948,cream cheese | bagels,153.90,57.00,"A single bagel half with a thin layer of spread, likely cream cheese.",210.00,75.00,0.500
dish_1559667973,bagels | cream cheese | scrambled eggs,334.46,179.00,A breakfast plate containing a half-bagel topped with cream cheese and a side of scrambled eggs with hot sauce.,420.00,185.00,0.667
dish_1559593794,quinoa | chicken thighs,450.56,380.00,"A balanced meal consisting of a portion of roasted chicken, roasted squash cubes, and a side of mixed leafy greens with bell peppers.",395.00,370.00,0.333
dish_1559667994,scrambled eggs | hash browns | bagels | cream cheese,445.30,213.00,"A breakfast meal consisting of a half bagel with cream cheese, scrambled eggs with hot sauce, and a side of hash browns.",700.00,285.00,0.750
dish_1559668238,hash browns,290.14,89.00,A small portion of shredded potato hash browns served on a white plate.,160.00,95.00,1.000
dish_1559668272,scrambled eggs | hash browns,512.14,239.00,A breakfast plate consisting of scrambled eggs and pan-fried hash brown potatoes.,390.00,250.00,1.000
dish_1559668016,scrambled eggs | hash browns | bagels | cream cheese | honeydew melons,469.06,279.00,"A breakfast plate consisting of scrambled eggs with hot sauce, crispy hash browns, half a bagel topped with cream cheese, and a small serving of honeydew melon.",800.00,420.00,0.800
dish_1559668314,scrambled eggs | garden salad | hash browns,551.55,300.00,"A breakfast plate containing scrambled eggs, shredded hash browns, and a side of mixed greens with raspberries.",415.00,310.00,0.667
dish_1559674689,honeydew melons,63.72,177.00,A small serving of fresh honeydew melon chunks on a white square plate.,55.00,150.00,1.000
dish_1559674074,pizza,140.98,53.00,A single rectangular slice of pepperoni pizza on a white square plate.,165.00,70.00,1.000
dish_1559675101,brussels sprouts,13.33,31.00,A very small portion consisting of only three cooked brussels sprouts on a white plate.,25.00,45.00,1.000
dish_1559674781,grapes | honeydew melons,81.66,203.00,A small snack plate containing several cubes of honeydew melon and a few green grapes.,70.00,175.00,1.000
dish_1559674866,honeydew melons | grapes | caesar salad,125.66,303.00,A light meal consisting of a small portion of Caesar salad alongside several chunks of honeydew melon and a few green grapes.,230.00,265.00,1.000
dish_1559675146,brussels sprouts | carrot,19.07,45.00,A very small portion consisting of a handful of shredded raw carrots and three roasted Brussels sprouts on a square white plate.,45.00,95.00,1.000
dish_1559678083,cucumbers | carrot | garlic | cherry tomatoes,75.81,66.00,A very small serving of mixed salad greens served on a large white plate.,15.00,40.00,0.000
dish_1559675268,cherry tomatoes | carrot | bell peppers | brussels sprouts | cucumbers,39.37,144.00,"A light vegetarian salad plate consisting of raw vegetables including shredded carrots, cucumber slices, cherry tomatoes, and bell pepper, accompanied by a few roasted Brussels sprouts.",70.00,245.00,1.000
dish_1559675178,carrot | cherry tomatoes | brussels sprouts,28.97,100.00,"A light side dish consisting of raw shredded carrots, three cherry tomatoes, and a small portion of roasted brussels sprouts.",52.00,145.00,1.000
dish_1559675234,carrot | bell peppers | cherry tomatoes | brussels sprouts,36.97,120.00,"A light side dish consisting of raw shredded carrots, sliced green bell pepper, roasted Brussels sprouts, and cherry tomatoes.",61.00,190.00,1.000
dish_1559678104,broccoli,99.96,135.00,A light plate containing a small serving of mixed salad greens and steamed broccoli florets.,40.00,115.00,1.000
dish_1559678127,eggplant | broccoli,108.64,170.00,"A light meal consisting of a mixed green salad, a small serving of roasted eggplant, and a portion of steamed broccoli.",95.00,170.00,1.000
dish_1559678330,spinach (raw),169.69,150.00,A very small portion of raw spinach with a few pieces of sun-dried tomatoes on a large white square plate.,18.00,25.00,0.500
dish_1559678146,beef | broccoli,348.58,284.00,"A plate featuring sliced beef steak served with steamed broccoli, a mixed green side salad, and a small portion of roasted eggplant.",390.00,400.00,0.667
dish_1559678367,broccoli | spinach (raw),192.44,215.00,"A light side dish consisting of steamed broccoli, raw spinach, and some small pieces of red bell pepper, likely dressed with a small amount of oil.",75.00,115.00,0.667
dish_1559678405,beef,552.35,386.00,"A meal consisting of a serving of pan-seared beef topped with a grain or lentil mixture, accompanied by a generous portion of steamed broccoli and a fresh baby spinach salad.",400.00,330.00,0.250
dish_1559678457,beef,624.24,465.00,"A balanced meal consisting of sliced steak, a serving of cooked whole grains, steamed broccoli, and a light spinach salad.",455.00,370.00,0.000
dish_1559678629,ketchup | fish,89.38,80.00,A very small portion of cooked white fish served with a tiny amount of green garnish on a large white plate.,100.00,100.00,0.333
dish_1559751458,yam,152.64,123.00,A small serving of roasted sweet potato cubes served on a white square plate.,145.00,160.00,0.000
dish_1559678651,ketchup | fish | caesar salad,107.86,122.00,A light meal featuring a small portion of grilled white fish accompanied by a small side salad with croutons and a light dressing.,210.00,135.00,0.200
dish_1559700851,spinach (raw),61.09,54.00,A small portion of mixed salad greens with a few shreds of carrot on a large white plate.,15.00,40.00,1.000
dish_1559751710,,37.62,66.00,A small snack plate consisting of fresh raspberries and blackberries.,45.00,85.00,
dish_1559751552,yam,227.31,254.00,"A light, plant-based meal consisting of roasted sweet potato chunks and a side of fresh mixed berries.",200.00,290.00,0.000
dish_1559751775,eggs | yam,309.24,254.00,"A breakfast plate containing scrambled eggs, roasted sweet potato chunks, and a small serving of mixed blackberries and raspberries.",260.00,235.00,0.333
dish_1559751744,eggs,227.33,188.00,A plate containing a portion of scrambled eggs served with a small side of fresh blackberries and raspberries.,197.00,175.00,1.000
dish_1559838214,bacon,43.28,8.00,A single strip of cooked bacon on a white square plate.,45.00,10.00,1.000
dish_1559751801,yam | eggs | chicken apple sausage,451.64,343.00,"A breakfast plate featuring three small sausages, a serving of scrambled eggs, roasted sweet potato chunks, and a small side of fresh raspberries and blackberries.",745.00,460.00,0.500
dish_1559838402,sweet potato | yam,222.76,233.00,"A breakfast plate containing roasted root vegetable cubes, a small side of fresh berries, and a single strip of cooked bacon.",275.00,230.00,0.333
dish_1559838279,bacon,103.70,114.00,"A small serving of mixed fresh berries (strawberries, raspberries, blackberry) accompanied by a single slice of cooked bacon.",88.00,120.00,1.000
dish_1559841023,chicken apple sausage,73.60,46.00,Three pieces of cooked sausage served on a square white plate.,165.00,75.00,1.000
dish_1559841061,chicken apple sausage,96.39,99.00,A small snack plate consisting of eight fresh blackberries and three pieces of cooked sausage.,165.00,115.00,1.000
dish_1559841127,scrambled eggs | yam | chicken apple sausage | sweet potato,339.54,285.00,"A breakfast plate containing scrambled eggs, diced roasted potatoes, two pieces of breakfast sausage, and a small portion of fresh blackberries.",370.00,275.00,0.750
dish_1559841091,chicken apple sausage | sweet potato | yam,163.42,166.00,"A light meal consisting of small portion of roasted cubed potatoes, a few sliced pork sausages, and a small serving of fresh blackberries.",240.00,185.00,0.667
dish_1559841571,cereal,18.80,5.00,A very small portion of oat cereal hoops served dry on a white square plate.,35.00,10.00,1.000
dish_1559841163,scrambled eggs | yam | sweet potato | chicken apple sausage,357.04,335.00,"A breakfast plate containing scrambled eggs, roasted broccoli, three small breakfast sausage links, a small portion of roasted potatoes, and a serving of fresh blackberries.",465.00,435.00,0.600
dish_1559841781,grapes,45.02,43.00,A small snack portion consisting of a handful of red grapes and a small amount of toasted oat cereal rings served on a white plate.,65.00,50.00,0.500
dish_1559841808,grapes | mandarin oranges,73.11,96.00,"A small snack plate containing 7 red grapes, a small handful of toasted oat cereal loops, and one small mandarin orange.",100.00,125.00,0.667
dish_1559841870,pears,114.97,201.00,A single raw pear on a white square plate.,95.00,170.00,1.000
dish_1559841891,grapes | pears,163.96,272.00,A simple snack consisting of 15 red grapes and one whole pear served on a plate.,147.00,250.00,1.000
dish_1559841950,broccoli,11.20,32.00,A very small serving consisting of two or three small steamed broccoli florets placed on a large white plate.,15.00,45.00,1.000
dish_1559841908,grapes | broccoli | pears,175.16,304.00,"A light, healthy snack consisting of a medium pear, a small portion of broccoli, and a handful of red grapes.",185.00,335.00,1.000
dish_1559841979,broccoli | mandarin oranges,39.29,85.00,"A simple, light meal consisting of a single small mandarin orange and a small portion of broccoli florets on a white plate.",65.00,155.00,1.000
dish_1559842274,almonds,306.39,53.00,A small portion of raw whole almonds in a square white bowl.,205.00,35.00,1.000
dish_1559842047,broccoli | pears | mandarin oranges,153.69,285.00,"A plate containing a whole pear, a small clementine, and three steamed broccoli florets.",155.00,315.00,1.000
dish_1559842326,almonds | mandarin oranges,334.48,106.00,A snack consisting of a small mandarin orange and a portion of raw almonds.,280.00,120.00,1.000
dish_1559842374,almonds | mandarin oranges,345.33,137.00,"A light snack consisting of a serving of almonds, a few pieces of steamed broccoli, and a single clementine.",310.00,188.00,0.250
dish_1559843030,,25.41,77.00,A small serving of fresh sliced strawberries on a white plate.,25.00,75.00,
dish_1559842409,mandarin oranges | almonds,359.19,179.00,"A plate containing a portion of steamed broccoli, one mandarin orange, a handful of almonds, and a few strawberry halves.",330.00,247.00,0.667
dish_1559843052,mandarin oranges,53.50,130.00,A light snack consisting of one whole mandarin orange and approximately 80 grams of sliced fresh strawberries on a square white plate.,65.00,160.00,1.000
dish_1559843185,mandarin oranges | broccoli,64.35,161.00,"A simple plant-based snack plate consisting of a whole mandarin orange, a small portion of broccoli florets, and sliced fresh strawberries.",85.00,215.00,1.000
dish_1559843335,,25.41,77.00,A small portion of sliced strawberries served on a white square plate.,25.00,75.00,
dish_1559843492,broccoli,31.71,95.00,A very light snack consisting of a small amount of broccoli florets and a few slices of fresh strawberries on a white plate.,35.00,105.00,1.000
dish_1559843222,grapes | broccoli | mandarin oranges,111.27,229.00,"A plate containing a mix of raw fruits and vegetables, including a mandarin orange, broccoli florets, sliced strawberries, and red grapes.",150.00,305.00,1.000
dish_1559843690,potatoes | broccoli,61.74,134.00,"A light meal consisting of a small portion of steamed broccoli, sliced fresh strawberries, and a few pieces of roasted potato.",90.00,145.00,1.000
dish_1559843715,potatoes | pears,176.14,334.00,"A light meal consisting of a whole pear, sliced strawberries, a single broccoli floret, and a small portion of roasted potatoes on a square white plate.",180.00,320.00,0.667
dish_1559844030,,25.41,77.00,A small serving of sliced strawberries on a white plate.,28.00,90.00,
dish_1559844063,pears,139.81,277.00,A plate containing one whole pear and several sliced strawberries.,123.00,255.00,1.000
dish_1559844272,almonds,462.48,80.00,A small portion of raw whole almonds served on a square white plate.,240.00,42.00,1.000
dish_1559844090,pears | mandarin oranges,168.43,331.00,"A plate containing a whole pear, a small portion of sliced strawberries, and a single mandarin orange.",167.00,355.00,1.000
dish_1559844323,grapes | almonds,518.37,161.00,A plate containing approximately 40 raw almonds and 15 red grapes.,310.00,119.00,1.000
dish_1559844113,pears | mandarin oranges | almonds,312.96,356.00,"A plate containing one whole pear, one small mandarin orange, a handful of raw almonds, and several sliced strawberries.",290.00,359.00,1.000
dish_1559844458,grapes,55.89,81.00,A small portion of approximately 15 red grapes on a white plate.,51.00,75.00,1.000
dish_1559844366,almonds | grapes,529.22,192.00,"A plate containing a large portion of raw almonds, a small cluster of red grapes, and three broccoli florets.",460.00,205.00,0.667
dish_1559844479,mandarin oranges | grapes,83.45,133.00,A light snack consisting of one mandarin orange and a small cluster of about 15 red grapes on a white plate.,85.00,170.00,1.000
dish_1559844490,grapes | mandarin oranges,108.36,180.00,"A light snack consisting of fresh fruit: sliced strawberries, one whole mandarin orange, and a serving of red grapes.",125.00,230.00,1.000
dish_1559844506,mandarin oranges | grapes,98.96,180.00,"A fruit plate consisting of sliced strawberries, one mandarin orange, and a handful of red grapes.",111.00,205.00,1.000
dish_1559844611,grapes,55.89,81.00,A small portion of 15 fresh red grapes served in a white bowl.,52.00,75.00,1.000
dish_1559844657,potatoes | grapes,122.11,167.00,A small snack plate consisting of approximately 130 grams of roasted potato chunks and about 130 grams of fresh red grapes.,180.00,260.00,1.000
dish_1559844683,broccoli | potatoes | grapes,132.96,198.00,"A light meal consisting of steamed broccoli, roasted potato chunks, and a serving of red grapes.",240.00,315.00,1.000
dish_1559844928,potatoes,66.22,86.00,A small serving of roasted potato chunks on a square plate.,115.00,100.00,1.000
dish_1559844951,almonds | potatoes,274.34,122.00,A small snack plate containing a portion of whole almonds and roasted potato cubes.,310.00,135.00,1.000
dish_1559845018,almonds | mandarin oranges | potatoes,302.43,175.00,"A light meal consisting of a portion of raw almonds, roasted potato chunks, and a whole mandarin orange.",450.00,253.00,1.000
dish_1559845290,potatoes,66.22,86.00,A small serving of oven-roasted potato chunks placed on a large white square plate.,95.00,75.00,1.000
dish_1559845046,potatoes | mandarin oranges | almonds,313.63,207.00,"A plate containing a serving of raw almonds, roasted potato chunks, steamed broccoli, and one whole clementine.",420.00,330.00,0.750
dish_1559845370,potatoes | mandarin oranges,94.31,139.00,A plate containing a single whole mandarin orange and a small serving of roasted potato wedges.,200.00,220.00,1.000
dish_1559845399,potatoes | mandarin oranges,107.18,178.00,"A light meal consisting of a mandarin orange, several roasted potato wedges, and a few strawberry slices on a square plate.",215.00,260.00,1.000
dish_1559845745,pears | potatoes,208.14,322.00,A simple meal consisting of one whole pear and a portion of roasted potato cubes on a white plate.,255.00,310.00,1.000
dish_1559846034,broccoli,11.20,32.00,A very small portion of steamed broccoli florets served on a large white plate.,14.00,40.00,1.000
dish_1559845767,pears | mandarin oranges | potatoes,236.23,375.00,"A simple meal consisting of one tangerine, one whole pear, and a portion of cubed roasted potatoes.",285.00,360.00,0.500
dish_1559845513,potatoes | pears | mandarin oranges,222.15,379.00,"A fruit-forward plate containing a pear, a mandarin orange, sliced strawberries, and a side of roasted potato chunks.",280.00,395.00,1.000
dish_1559846073,mandarin oranges | broccoli,39.29,85.00,A light snack consisting of a single small mandarin orange and a small serving of steamed broccoli.,55.00,125.00,1.000
dish_1559846099,mandarin oranges | almonds | broccoli,206.94,114.00,"A light snack plate consisting of a single mandarin orange, a small handful of raw almonds, and a few steamed broccoli florets.",220.00,158.00,1.000
dish_1559846311,pears,114.97,201.00,A single raw pear on a white plate.,95.00,170.00,1.000
dish_1559846334,pears | broccoli,126.17,233.00,A light snack consisting of a few broccoli florets and a whole pear on a white plate.,110.00,235.00,1.000
dish_1559846450,pears,114.97,201.00,A single raw pear sitting on a white square plate.,95.00,170.00,1.000
dish_1559846363,broccoli | pears | mandarin oranges,154.26,286.00,A simple meal consisting of a small portion of broccoli and two pieces of fresh fruit: a pear and a clementine.,135.00,295.00,0.500
dish_1559846504,broccoli | pears,126.17,233.00,"A light, healthy snack consisting of a few florets of steamed broccoli and a whole pear served on a square white plate.",110.00,235.00,1.000
dish_1559846528,pears | almonds,322.73,267.00,"A plate containing a handful of almonds, a few pieces of raw broccoli, and a single whole pear.",262.00,218.00,0.667
dish_1559846585,pears,114.97,201.00,A single raw pear on a white square plate.,95.00,170.00,1.000
dish_1559846688,arugula,82.83,73.00,"A very small, light serving of salad with mixed greens, some roasted vegetable cubes, a small dollop of a creamy topping, and a slice of radish.",76.00,65.00,0.000
dish_1559846825,pizza,252.70,95.00,"Two small rectangular slices of thin-crust pizza with toppings including red onion, jalapeño, and meat on a large white plate.",240.00,90.00,1.000
dish_1559848857,mandarin oranges,28.09,53.00,A single mandarin orange resting on a large white square plate.,40.00,80.00,1.000
dish_1559848882,mandarin oranges | pears,143.06,254.00,A plate containing one whole mandarin orange and one whole pear.,130.00,250.00,1.000
dish_1559849020,grapes,46.23,67.00,A small serving of 13 fresh red grapes on a white plate.,52.00,75.00,1.000
dish_1559848929,pears | grapes | mandarin oranges,189.29,321.00,"A fruit plate consisting of red grapes, a mandarin orange, and a pear.",177.00,325.00,1.000
dish_1559849053,grapes | almonds,381.53,125.00,A plate containing a portion of raw almonds and red grapes,258.00,105.00,1.000
dish_1559849097,almonds | pears | grapes,495.93,325.00,"A plate containing a fresh pear, a small cluster of red grapes, and a portion of whole almonds.",343.00,255.00,1.000
dish_1559849412,almonds,352.64,61.00,A small serving of approximately 30-35 raw almonds on a white plate.,205.00,35.00,1.000
dish_1559849466,pears | almonds,467.61,262.00,A simple snack consisting of a handful of raw almonds and one small green pear.,270.00,192.00,1.000
dish_1559849497,almonds | pears | grapes,521.43,340.00,"A light snack consisting of a pile of raw almonds, a cluster of red grapes, and one whole fresh pear.",440.00,320.00,1.000
dish_1559849537,grapes | pears | mandarin oranges | almonds,549.52,393.00,"A plate containing a healthy snack assortment of almonds, a pear, a mandarin orange, and a small serving of red grapes.",490.00,365.00,1.000
dish_1559850283,almonds,271.71,47.00,A small snack portion consisting of approximately 23 raw almonds on a square white plate.,165.00,28.00,1.000
dish_1559850314,almonds,296.62,100.00,A light snack consisting of one mandarin orange and a small handful of roughly 22 almonds on a square white plate.,205.00,108.00,0.500
dish_1559850338,almonds,307.12,130.00,"A snack-sized plate consisting of approximately 36 raw almonds, 3 small broccoli florets, and one small clementine or orange.",280.00,165.00,0.333
dish_1559925083,yam | sweet potato | bacon,125.14,81.00,A modest meal consisting of roasted sweet potato cubes and one strip of cooked bacon.,180.00,135.00,0.667
dish_1559925037,bacon,54.10,10.00,A single strip of cooked bacon resting on a white square plate.,45.00,10.00,1.000
dish_1559932674,,58.28,124.00,A single medium-sized orange placed on a large white square plate.,62.00,130.00,
dish_1559925174,,88.35,155.00,"A small serving of fresh mixed berries consisting mainly of sliced strawberries with a few blueberries, a raspberry, and a blackberry.",48.80,137.00,
dish_1559933793,brussels sprouts,56.68,111.00,A small serving of nine roasted Brussels sprouts on a white square plate.,55.00,130.00,1.000
dish_1559933818,brussels sprouts,115.07,154.00,A side serving of roasted Brussels sprouts accompanied by a small portion of mixed greens salad.,120.00,190.00,1.000
dish_1559933834,salmon | lentils | brussels sprouts | mayonnaise,775.03,458.00,"A meal consisting of cooked salmon pieces seasoned with pepper, roasted brussels sprouts, and a small side of mixed salad greens.",420.00,300.00,0.500
dish_1559934477,caesar salad,25.08,57.00,"A very small serving of Caesar salad, consisting of a few pieces of romaine lettuce, three croutons, and dressing.",95.00,63.00,0.333
dish_1559934679,chicken thighs | caesar salad,160.85,146.00,"A plate featuring a small portion of caesar salad and a piece of breaded, cooked chicken breast garnished with a few spinach leaves.",350.00,195.00,1.000
dish_1559934645,caesar salad,24.64,56.00,"A small portion of Caesar salad on a large plate, appearing to be the remnants of a meal.",105.00,64.00,0.250
dish_1560203400,pepperoni pizza,293.28,104.00,A single rectangular slice of pepperoni pizza on a white square plate.,240.00,95.00,1.000
dish_1559934708,chicken thighs | white rice | caesar salad,202.45,178.00,"A meal consisting of a breaded chicken portion, a scoop of white rice, and a creamy vegetable salad.",530.00,305.00,0.500
dish_1560270537,pineapple,24.00,48.00,A very small portion consisting of four individual chunks of pineapple on a white plate.,25.00,50.00,1.000
dish_1560203424,pepperoni pizza | brownies,451.75,138.00,A light meal consisting of one square slice of pepperoni pizza and one small chocolate brownie square on a white plate.,440.00,150.00,0.333
dish_1560270585,pineapple | watermelon,43.80,114.00,A light snack consisting of a few small chunks of fresh watermelon and pineapple served on a white square plate.,45.00,125.00,1.000
dish_1560270630,pineapple | watermelon | sweet potato,120.56,215.00,"A plate containing cubed watermelon, pineapple, and seared protein chunks (likely tofu or tempeh).",225.00,280.00,0.500
dish_1560356337,yam,144.72,119.00,A light meal consisting of roasted sweet potato cubes served with a fresh spinach and shredded carrot salad.,155.00,190.00,0.000
dish_1560356314,spinach (raw),30.54,27.00,A very light side salad consisting of a small handful of spinach leaves topped with shredded carrots and lightly dressed with oil or vinaigrette.,50.00,40.00,0.500
dish_1560356523,bacon,497.72,92.00,Two strips of cooked bacon served on a white plate.,135.00,30.00,1.000
dish_1560356355,bacon | yam,301.61,148.00,"A plate containing roasted sweet potato cubes, a small side of fresh spinach with shredded carrots, and a serving of pan-fried bacon.",280.00,190.00,0.250
dish_1560356566,scrambled eggs | bacon,676.80,213.00,A simple breakfast plate consisting of a small portion of scrambled eggs and two strips of pan-fried bacon.,270.00,135.00,1.000
dish_1560356627,scrambled eggs | bacon | sausage,980.05,301.00,"A breakfast plate containing a serving of scrambled eggs, two strips of bacon, and several sliced pieces of breakfast sausage.",380.00,175.00,1.000
dish_1560357267,scrambled eggs,566.84,383.00,A plate of scrambled eggs topped with a generous amount of salsa verde.,305.00,250.00,0.500
dish_1560357297,sausage | scrambled eggs,942.45,492.00,A plate of scrambled eggs topped with slices of browned sausage and a small amount of green sauce.,560.00,315.00,1.000
dish_1560357427,grapefruit juice,93.75,241.00,"A single glass of orange-colored fruit juice, likely orange juice, served in a clear glass.",110.00,240.00,1.000
dish_1560357792,waffles,145.15,50.00,"A single waffle, broken into segments, served on a square white plate.",240.00,85.00,1.000
dish_1560360030,scrambled eggs,193.88,131.00,A serving of scrambled eggs on a white plate.,145.00,100.00,1.000
dish_1560357832,waffles,181.35,82.00,A plate containing a portion of a waffle served alongside a small mixed green salad garnished with a blackberry.,265.00,110.00,1.000
dish_1560360055,sausage | scrambled eggs,362.73,180.00,A breakfast plate consisting of a portion of scrambled eggs mixed with shredded cheese and four slices of breakfast sausage.,520.00,250.00,1.000
dish_1560360102,scrambled eggs | sausage,401.49,248.00,"A breakfast plate containing scrambled eggs with melted cheese, three thick slices of cooked sausage, and a small mix of fresh raspberries and blackberries.",480.00,280.00,1.000
dish_1560360112,scrambled eggs | sausage,401.49,248.00,"A breakfast plate containing scrambled eggs, sliced breakfast sausage, and a small side of fresh raspberries and blackberries.",395.00,295.00,1.000
dish_1560366389,arugula,46.91,38.00,A very small portion of dressed arugula salad with a single piece of tomato on a large white plate.,46.00,30.00,0.500
dish_1560360148,scrambled eggs | sausage | cream cheese | bagels,587.79,317.00,"A breakfast plate containing half a bagel with cream cheese, scrambled eggs with cheese, a few slices of breakfast sausage, and a small serving of mixed raspberries and blackberries.",710.00,340.00,0.750
dish_1560366410,arugula,58.74,96.00,"A light meal consisting of a small serving of dressed arugula with a piece of cherry tomato, alongside 6 cooked asparagus spears.",55.00,125.00,0.500
dish_1560366438,eggplant | arugula,71.93,136.00,"A light plant-based meal consisting of a small serving of dressed arugula, several chunks of roasted eggplant, and 6 grilled asparagus spears.",80.00,170.00,0.667
dish_1560366963,cherry tomatoes,7.56,42.00,Three small grape tomatoes on a large white plate.,15.00,45.00,1.000
dish_1560366998,honeydew melons | cherry tomatoes,39.60,131.00,"A light snack consisting of a few small chunks of cantaloupe and honeydew melon, along with three grape tomatoes on a white plate.",43.00,155.00,1.000
dish_1560366460,pork,330.74,255.00,"A light meal featuring roasted pork loin, a small portion of roasted eggplant, steamed asparagus, and a side of arugula salad.",310.00,270.00,0.250
dish_1560367085,honeydew melons | tofu | cherry tomatoes,77.56,183.00,"A small plate consisting of a few grape tomatoes, a small serving of stir-fried vegetables with what appears to be tofu, and several pieces of fresh melon.",100.00,185.00,0.500
dish_1560367116,tofu | honeydew melons | fish | cherry tomatoes,108.41,211.00,"A light meal consisting of a small portion of stir-fried vegetables with tofu and some brown rice, accompanied by three raw grape tomatoes.",185.00,210.00,0.333
dish_1560367153,honeydew melons | tofu | fish | cherry tomatoes,117.18,254.00,"A light meal consisting of a small portion of sautéed asparagus, a mixed vegetable stir-fry, and three fresh grape tomatoes.",120.00,205.00,0.167
dish_1560367193,honeydew melons | cherry tomatoes | fish | mushroom | tofu,131.04,317.00,"A plate featuring three spears of cooked asparagus, three grape tomatoes, a small pile of sautéed mushrooms, and a mixture of roasted root vegetables and a cubed plant-based protein or starch.",150.00,220.00,0.286
dish_1560367258,tofu | fish | mushroom | cherry tomatoes | honeydew melons,157.99,341.00,"A mixed plate consisting of sautéed mushrooms, asparagus, pan-seared tofu, and small amounts of cooked vegetables.",185.00,240.00,0.286
dish_1560367296,tofu | fish | mushroom | honeydew melons,184.38,362.00,"A light meal consisting of a small portion of grilled asparagus, sautéed mushrooms, a small side of mixed greens, a few small pieces of plant-based protein, and a piece of pineapple.",185.00,235.00,0.400
dish_1560367676,pork | brown rice,430.62,198.00,A modest serving of grilled chicken breast accompanied by broccoli florets and a small amount of white rice on a large plate.,205.00,205.00,0.250
dish_1560367333,fish | chicken | tofu | honeydew melons,291.63,427.00,"A mixed plate consisting of sautéed mushrooms, cooked asparagus, diced protein (likely chicken or tofu), and a small side salad.",220.00,300.00,0.400
dish_1560367698,white rice | pork,556.72,295.00,"A plate consisting of a portion of white rice, several thin slices of cooked chicken, and steamed broccoli, likely prepared with a small amount of oil.",445.00,400.00,0.250
dish_1560367904,fish | country rice,76.02,69.00,"A very small portion consisting of a single piece of cooked, glazed chicken served on a large white plate.",55.00,30.00,0.000
dish_1560367715,pork | croutons | white rice,597.53,305.00,"A meal consisting of white rice, sliced grilled chicken, broccoli florets, and a few small cubes of tofu, likely stir-fried or pan-seared.",380.00,335.00,0.167
dish_1560367733,white rice | croutons | pork | potatoes,661.44,388.00,"A plate consisting of white rice, sliced roasted chicken breast, steamed broccoli, and roasted potato wedges, with a few scattered croutons.",640.00,485.00,0.500
dish_1560367926,fish | pizza,408.52,194.00,"A plate containing one medium slice of vegetable pizza and a small, irregular portion of cooked chicken.",390.00,165.00,0.333
dish_1560367952,fish | pizza,414.73,221.00,"A chicken parmesan-style breaded chicken breast topped with melted mozzarella and tomato sauce, partially covered by a large pile of fresh raw spinach.",395.00,210.00,0.000
dish_1560367980,pizza | fish,421.47,254.00,"A meal consisting of a salad of raw spinach, steamed asparagus, and two slices of thin-crust pizza.",520.00,280.00,0.333
dish_1560368110,cherry tomatoes,16.02,89.00,A small portion of six fresh grape tomatoes on a white square plate.,28.00,105.00,1.000
dish_1560368019,pizza | fish,436.97,301.00,"A mixed plate containing two slices of vegetable pizza, sauteed eggplant, fresh spinach, asparagus, and a few small pieces of chicken.",620.00,390.00,0.200
dish_1560368162,cherry tomatoes | mushroom | eggplant,41.64,178.00,A simple meal consisting of a portion of cooked eggplant and five whole grape tomatoes.,65.00,185.00,0.667
dish_1560368138,cherry tomatoes | mushroom,23.50,123.00,"A small light meal consisting of 5 raw grape tomatoes and a portion of cooked, likely sautéed, sliced mushrooms.",55.00,150.00,1.000
dish_1560368395,honeydew melons,49.32,137.00,A small serving of chopped honeydew melon cubes on a large white square plate.,25.00,70.00,1.000
dish_1560368464,honeydew melons | pork,349.45,275.00,A modest meal consisting of a few slices of cooked chicken breast alongside a portion of chopped honeydew melon.,140.00,145.00,0.333
dish_1560368506,fish | honeydew melons | pork | country rice,462.93,378.00,"A balanced meal consisting of lean pork loin, sautéed eggplant, and steamed zucchini chunks on a white plate.",290.00,300.00,0.167
dish_1560368691,arugula,140.76,112.00,"A light side salad consisting primarily of arugula, scattered with small walnut pieces and a light coating of vinaigrette.",75.00,31.00,0.500
dish_1560368570,honeydew melons | pork | fish,555.93,452.00,"A plate containing a portion of crusted white fish, sliced roasted pork loin, a side of mixed greens salad, and a few small pieces of cooked potato.",425.00,295.00,0.500
dish_1560368712,arugula,146.88,142.00,A light side dish consisting of a small portion of arugula salad with two cooked asparagus spears on top.,23.00,65.00,0.500
dish_1560368738,eggplant | arugula,174.25,225.00,"A light meal consisting of a small serving of roasted eggplant, two asparagus spears, and a bed of dressed arugula.",90.00,160.00,0.667
dish_1560368764,tofu | eggplant,207.10,270.00,"A light vegetarian meal consisting of roasted eggplant, steamed asparagus, firm tofu cubes, and an arugula salad base.",145.00,265.00,0.667
dish_1560368815,eggplant | tofu | spinach (raw),400.34,442.00,"A light salad plate containing mixed leafy greens, three cubes of plain tofu, a portion of roasted eggplant, and green beans.",120.00,260.00,0.500
dish_1560368944,pork,143.54,66.00,A very small portion of cooked pork loin with a small serving of rice and a few greens on a large plate.,150.00,85.00,0.500
dish_1560368972,pork | white rice,196.84,107.00,A small portion of plain white rice and a small piece of cooked pork loin on a white plate.,195.00,125.00,1.000
dish_1560368990,white rice | pork,211.92,119.00,"A light meal consisting of a small portion of white rice, a portion of cooked chicken, and a side of fresh arugula.",220.00,155.00,0.250
dish_1560369008,pork | white rice | caesar salad,223.80,146.00,"A plate containing roasted pork, a portion of steamed white rice, and a side of mixed greens with some roasted vegetable components.",435.00,265.00,0.500
dish_1560369080,spinach (raw),55.05,49.00,A very small serving of raw mixed salad greens placed on a large white plate.,5.00,20.00,0.000
dish_1560369102,spinach (raw),69.74,121.00,"A small, light portion of cooked asparagus and a handful of mixed salad greens.",25.00,115.00,0.000
dish_1560369122,spinach (raw) | honeydew melons,92.06,183.00,"A light meal consisting of a small portion of steamed asparagus, a modest side of mixed baby greens, and a few pieces of diced honeydew melon.",50.00,170.00,0.500
dish_1560369146,pork,474.83,359.00,"A light meal consisting of sliced chicken breast, a small portion of brown rice, roasted asparagus, and a side of mixed leafy greens with cucumber.",200.00,225.00,0.000
dish_1560369255,pork,132.67,61.00,Mostly empty plate with small remnants of sliced chicken breast and a few scattered grains of rice and beans.,135.00,80.00,0.000
dish_1560369273,fish | pork | country rice,308.95,221.00,"A light plate consisting of three pieces of seared white fish, two slices of cooked chicken breast, and a very small amount of scattered brown rice and nuts.",300.00,205.00,0.500
dish_1560369294,country rice | fish | pork,333.64,342.00,"A plate featuring pan-seared pork loin medallions, a small serving of pan-fried tempeh, and several roasted asparagus spears.",425.00,300.00,0.250
dish_1560369313,fish | white rice | country rice | pork,392.14,387.00,"A light meal consisting of a small portion of white rice, several asparagus spears, and a portion of pan-seared white fish.",265.00,235.00,0.500
dish_1560369403,fish | white rice | pork | country rice,411.97,405.00,"A composed plate consisting of a portion of white rice, several spears of asparagus, a small piece of plain roasted chicken breast, and a piece of protein covered in a flavorful glaze or sauce.",455.00,340.00,0.500
dish_1560369421,pork | fish | country rice | white rice,413.95,411.00,"A balanced meal consisting of white rice, grilled asparagus, two pieces of pan-seared white fish, and two small slices of cooked chicken.",555.00,355.00,0.500
dish_1560370114,,7.96,39.00,A very small serving of 5 cooked asparagus spears on a large white plate.,15.00,45.00,0.000
dish_1560370804,ice cream cones,25.13,6.00,"An empty, standard-sized sugar ice cream cone placed on a white square plate.",25.00,7.00,1.000
dish_1560370833,frozen yogurt,177.00,99.00,A single chocolate-topped cupcake centered on a white plate.,280.00,70.00,0.000
dish_1560370137,arugula,89.64,104.00,"A light salad consisting mainly of arugula and spinach greens dressed in vinaigrette, accompanied by a few spears of asparagus and a single red bean.",105.00,90.00,0.333
dish_1560441247,bok choy,2.21,17.00,A very small portion of cooked bok choy served on a large white plate.,5.00,20.00,1.000
dish_1560441270,bok choy | potatoes,24.54,46.00,"A very small portion consisting of three pieces of roasted potato and a small amount of cooked, sautéed greens.",110.00,100.00,0.333
dish_1560441288,potatoes | bacon,165.20,72.00,"A very small, light breakfast consisting of a few strips of bacon, a handful of roasted potato chunks, and a small portion of sautéed onions.",225.00,105.00,0.667
dish_1560441311,bacon | quinoa | potatoes,190.40,93.00,"A plate containing two strips of cooked bacon, a few roasted potato wedges, a small portion of sauteed cabbage, and a scoop of seasoned grain or crumb-based side dish.",330.00,160.00,0.750
dish_1560441464,,28.50,50.00,A very light snack consisting of a few sliced strawberries and a handful of blueberries served on a square plate.,25.00,72.00,
dish_1560441339,bacon | quinoa | potatoes | scrambled eggs,280.68,154.00,"A breakfast or brunch plate containing scrambled eggs, two strips of bacon, a few roasted potato chunks, a small amount of sautéed vegetables, and a portion of cooked grains.",405.00,245.00,0.800
dish_1560441487,cantaloupe,41.42,88.00,"A small snack plate containing a few pieces of sliced strawberries, cantaloupe cubes, and five whole blueberries.",40.00,115.00,1.000
dish_1560441511,watermelon | cantaloupe,51.92,123.00,"A small plate of assorted fresh fruit consisting of sliced strawberries, cubed cantaloupe, and a few blueberries.",54.00,165.00,0.500
dish_1560441529,cantaloupe | watermelon | pineapple,66.42,152.00,"A small snack plate consisting of assorted bite-sized pieces of fresh fruit including watermelon, cantaloupe, pineapple, strawberries, and a few blueberries.",52.00,155.00,1.000
dish_1560442226,,83.79,147.00,"A small snack plate consisting of a mix of fresh strawberries, blueberries, and blackberries.",52.00,145.00,
dish_1560442258,bacon,289.37,185.00,A plate containing two strips of cooked bacon accompanied by a portion of mixed fresh berries.,155.00,155.00,1.000
dish_1560442279,quinoa | bacon,333.77,222.00,"A plate containing a serving of cooked quinoa, two slices of crispy bacon, and a selection of fresh strawberries, blueberries, and blackberries.",300.00,265.00,1.000
dish_1560442374,grapefruit juice,90.64,233.00,A glass of orange juice.,110.00,240.00,1.000
dish_1560442450,yogurt,87.76,149.00,"A single bowl containing a portion of thick, white creamy substance, most likely Greek yogurt.",140.00,230.00,1.000
dish_1560442303,scrambled eggs | quinoa | bacon,444.77,297.00,"A breakfast plate containing scrambled eggs, a savory meat scramble, two strips of bacon, and a generous portion of mixed berries.",485.00,355.00,0.500
dish_1560443437,,116.28,204.00,"A small snack plate containing a mixed variety of fresh berries including strawberries, raspberries, blueberries, and blackberries.",70.00,175.00,
dish_1560443474,pineapple,172.78,317.00,"A fruit salad containing pineapple chunks, raspberries, sliced strawberries, blueberries, and blackberries.",114.00,240.00,1.000
dish_1560443537,pineapple | grapes,237.64,411.00,"A plate of mixed fresh fruit salad consisting of pineapple, raspberries, grapes, blueberries, blackberries, and strawberries, with a very small amount of feta cheese.",175.00,280.00,0.667
dish_1560443565,honeydew melons | pineapple | grapes,260.68,475.00,"A fruit salad mixture consisting of pineapple, honeydew, raspberries, grapes, blackberries, and blueberries served on a square white plate.",160.00,310.00,1.000
dish_1560443607,grapes | honeydew melons | egg whites | pineapple,380.80,706.00,A light snack consisting of a variety of fresh cut fruits and broken chunks of fresh mozzarella cheese served on a square plate.,325.00,320.00,0.200
dish_1560444570,scrambled eggs,168.72,114.00,A small portion of scrambled eggs served on a square white plate.,140.00,100.00,1.000
dish_1560444592,scrambled eggs | yam,244.42,175.00,A breakfast plate containing scrambled eggs and a small serving of roasted sweet potato chunks.,225.00,175.00,0.333
dish_1560444616,scrambled eggs | yam,265.87,240.00,"A breakfast plate containing scrambled eggs, several fresh strawberry slices, and a small portion of roasted sweet potato cubes.",225.00,240.00,0.333
dish_1560444701,watermelon,51.00,170.00,A small serving of diced watermelon pieces arranged on a large white plate.,32.00,105.00,1.000
dish_1560444637,bacon | yam | scrambled eggs,509.32,285.00,"A breakfast plate featuring scrambled eggs, two strips of bacon, roasted sweet potato cubes, and a few strawberry slices.",415.00,260.00,0.500
dish_1560444724,watermelon | honeydew melons,113.28,343.00,"A small portion of cut fruit, consisting of approximately 100 grams of honeydew melon and 100 grams of watermelon cubes served on a white plate.",65.00,200.00,1.000
dish_1560444756,honeydew melons | pineapple | watermelon,150.78,418.00,"A plate containing a small selection of mixed fruit, including cubed watermelon, honeydew melon, and pineapple.",90.00,245.00,1.000
dish_1560444785,bacon | watermelon | honeydew melons | pineapple,313.08,448.00,"A light breakfast consisting of a fruit salad mix (watermelon, honeydew, and pineapple) and two slices of crispy cooked bacon.",225.00,290.00,1.000
dish_1560444815,honeydew melons | watermelon | scrambled eggs | bacon | pineapple,495.12,571.00,"A breakfast plate containing scrambled eggs, three strips of cooked bacon, and a selection of diced fresh fruit including watermelon, honeydew melon, and pineapple.",415.00,415.00,0.600
dish_1560444869,honeydew melons,14.04,39.00,A very small portion of three cubed pieces of cantaloupe on a large white square plate.,14.00,40.00,0.000
dish_1560444892,honeydew melons | pineapple,39.54,90.00,A very small portion of fruit consisting of a few chunks of fresh pineapple and honeydew melon on a large square white plate.,46.00,106.00,1.000
dish_1560444914,honeydew melons | pineapple | watermelon,62.34,166.00,"A small serving of fresh fruit consisting of diced watermelon, pineapple, and honeydew melon on a large square white plate.",60.00,170.00,1.000
dish_1560444931,watermelon | honeydew melons | pineapple | scrambled eggs,112.66,200.00,"A light meal consisting of a small portion of scrambled eggs accompanied by fresh pineapple, watermelon, and honeydew melon cubes.",180.00,315.00,1.000
dish_1560444948,watermelon | pineapple | scrambled eggs | honeydew melons,171.32,231.00,"A light meal consisting of a small portion of scrambled eggs, a mix of fresh fruit (watermelon, pineapple, honeydew), and a small side of spinach salad.",170.00,295.00,0.800
dish_1560444967,honeydew melons | yam | scrambled eggs | pineapple | watermelon,197.38,252.00,"A light meal consisting of a small portion of scrambled eggs, roasted sweet potatoes, a sautéed vegetable medley, and a variety of cubed melon and pineapple fruit.",280.00,465.00,0.571
dish_1560445069,grapefruit juice,94.53,243.00,A single glass containing approximately 200ml of orange juice.,85.00,200.00,1.000
dish_1560444985,honeydew melons | pineapple | watermelon | yam | scrambled eggs,198.94,264.00,"A breakfast or light lunch plate consisting of a portion of scrambled eggs, a selection of fresh fruit (pineapple, watermelon, honeydew), and a small side of mixed sautéed vegetables.",250.00,370.00,0.667
dish_1560445004,watermelon | scrambled eggs | bacon | pineapple | yam,339.60,290.00,"A breakfast or brunch plate consisting of bacon, scrambled eggs, a side of roasted vegetables, and a variety of fresh fruit (watermelon, pineapple, and honeydew).",400.00,475.00,0.571
dish_1560453132,spinach (raw),142.09,108.00,"A light side salad featuring mixed greens, shredded carrots, a few blueberries, and pumpkin seeds with a light dressing coating.",84.00,55.00,0.000
dish_1560453150,spinach (raw) | green beans,152.32,141.00,"A light meal consisting of cooked green beans, a mixed green side salad with shredded carrots and seeds, and a few scattered blueberries.",130.00,155.00,0.333
dish_1560453174,chicken | spinach (raw),329.72,256.00,"A plate containing a single roasted chicken drumstick, a side of green beans, and a small mixed salad with greens, carrots, blueberries, and seeds.",245.00,255.00,0.250
dish_1560453275,chicken,92.55,60.00,A very small portion of pan-seared fish and a single slice of zucchini on a large white plate.,60.00,45.00,0.000
dish_1560453294,kimchi | chicken,115.95,138.00,"A small snack plate consisting of a portion of kimchi, a piece of grilled fish, and a single cherry tomato.",70.00,125.00,0.250
dish_1560453328,kimchi | brown rice | chicken | salmon,340.11,264.00,"A plate containing a portion of pan-seared fish, a side of kimchi, one cherry tomato, and a small piece of cooked zucchini.",190.00,230.00,0.143
dish_1560453356,chicken | brown rice | salmon | kimchi | tomatoes,389.07,408.00,"A meal consisting of grilled chicken breast, a generous serving of fresh grape tomatoes, a side of kimchi, and a piece of grilled eggplant.",260.00,370.00,0.500
dish_1560453380,brown rice | green beans | tomatoes | chicken | kimchi | salmon,411.39,480.00,"A plate consisting of pan-seared white fish, a side of stir-fried green beans, a serving of kimchi, and a large portion of fresh cherry tomatoes.",235.00,410.00,0.429
dish_1560453412,salmon | tomatoes | chicken | wild rice,591.08,631.00,"A balanced meal consisting of grilled chicken topped with a mixture of brown rice and halved cherry tomatoes, accompanied by a side of sautéed green beans.",405.00,365.00,0.400
dish_1560454488,garlic | cucumbers | cherry tomatoes | carrot,48.24,42.00,A very light portion of mixed greens salad with a few mandarin orange segments.,20.00,40.00,0.000
dish_1560454539,green beans | wild rice,122.27,119.00,"A light meal consisting of brown rice, a small portion of green beans, a side of mixed leafy greens, and a single segment of mandarin orange.",175.00,215.00,0.667
dish_1560454513,green beans,54.44,62.00,"A light meal consisting of a small portion of cooked green beans, a few fresh mixed salad leaves, and a single segment of mandarin orange.",25.00,75.00,0.500
dish_1560454970,cherry tomatoes,9.90,55.00,Four whole cherry tomatoes on a large white plate.,16.00,80.00,1.000
dish_1560454562,corn | fish | wild rice,318.82,299.00,"A balanced meal consisting of a piece of salmon topped with a creamy sauce, a serving of mixed grain rice, a small side of steamed green beans, and a light mixed greens salad with a slice of mandarin orange.",475.00,320.00,0.167
dish_1560455000,cherry tomatoes | cucumbers,12.80,84.00,"A very light serving of raw vegetable salad consisting of cucumber slices, four grape tomatoes, and a few shreds of carrot.",27.00,130.00,0.667
dish_1560455030,cherry tomatoes | cucumbers | baby carrots,20.59,103.00,"A light side salad consisting of small portions of shredded carrots, sliced cucumber, and four grape tomatoes served on a large white plate.",29.00,130.00,1.000
dish_1560455059,cherry tomatoes | baby carrots | celery | cucumbers,25.55,134.00,"A light vegetable side plate consisting of shredded raw carrots, sliced cucumber, chopped celery, and a few grape tomatoes.",45.00,175.00,1.000
dish_1560455158,arugula,69.12,55.00,A very sparse salad consisting primarily of a small portion of arugula with a few scattered black beans on a large white plate.,15.00,35.00,0.500
dish_1560455090,celery | chicken | cherry tomatoes | baby carrots,60.20,155.00,"A light salad plate consisting of shredded carrots, cherry tomatoes, sliced cucumbers, chopped celery, and a small amount of diced chicken.",88.00,250.00,0.800
dish_1560455179,honeydew melons,103.32,150.00,A light meal consisting of a small serving of chopped melon and a side of arugula salad mixed with black beans.,90.00,165.00,0.500
dish_1560455203,green beans | honeydew melons,115.10,188.00,"A light meal featuring a small portion of melon cubes, an arugula and black bean salad, and sautéed green beans.",120.00,270.00,0.667
dish_1560455343,spinach (raw),53.94,41.00,A very small serving of mixed raw salad greens on a large white plate.,10.00,40.00,0.000
dish_1560455224,honeydew melons | green beans | wild rice,181.74,244.00,"A light meal featuring a portion of cubed honeydew melon, a mixed arugula salad with black beans, and a small serving of brown rice mixed with green beans.",175.00,250.00,1.000
dish_1560455263,chicken | wild rice | honeydew melons,360.68,360.00,"A balanced meal consisting of roasted chicken pieces, a side of green beans and wild rice, an arugula salad, and a serving of melon chunks.",335.00,340.00,0.750
dish_1560455380,chard | spinach (raw),60.97,78.00,"A light side portion of mixed greens salad, including spinach, red leaf lettuce, and a trace amount of shredded carrots.",25.00,40.00,0.000
dish_1560455399,fish | chard,138.50,149.00,A light meal consisting of a small piece of grilled salmon served with a side of mixed salad greens.,180.00,125.00,0.000
dish_1560455442,corn on the cob | pizza | fish,457.58,293.00,"A plate featuring a small portion of grilled salmon, two pieces of flatbread or pizza, a small corn segment, and a mixed green salad.",470.00,250.00,0.500
dish_1560456305,lettuce | pumpkin seeds | arugula | carrot,26.39,21.00,A very small portion of raw arugula on a large square white plate.,5.00,20.00,0.250
dish_1560455421,corn on the cob | fish,180.94,189.00,"A light meal consisting of a small piece of grilled salmon, a portion of dressed mixed green salad, and a single small slice of corn on the cob.",250.00,180.00,0.333
dish_1560456326,chicken,206.87,138.00,A simple meal consisting of a single roasted chicken thigh and a small portion of fresh arugula served on a large white plate.,295.00,140.00,0.500
dish_1560456348,chicken,210.28,149.00,"A light meal consisting of a single roasted chicken leg quarter, a small portion of cooked green beans, and a small side of fresh arugula.",265.00,195.00,0.333
dish_1560456370,chicken | white rice,258.38,186.00,"A plate containing a roasted chicken thigh, a small portion of white rice, a side of green beans, and a small serving of fresh arugula.",350.00,235.00,0.500
dish_1560456794,corn | fish,205.28,188.00,A small serving consisting of pieces of cooked white fish topped with arugula and a few kernels of corn on a large plate.,110.00,100.00,1.000
dish_1560456814,fish | corn | wild rice,318.33,283.00,A plate containing a portion of brown rice mixed with corn alongside pieces of cooked white fish topped with arugula.,325.00,290.00,0.667
dish_1560456833,broccoli | fish | wild rice | corn,351.58,378.00,"A healthy meal consisting of a portion of cooked brown rice with corn, steamed broccoli, and pan-seared white fish garnished with fresh greens.",400.00,425.00,0.750
dish_1560526408,spinach (raw),67.10,51.00,A very small serving of dressed mixed greens centered on a large white square plate.,45.00,40.00,0.000
dish_1560456853,broccoli | fish | corn | caesar salad | wild rice,405.70,501.00,"A balanced meal consisting of a small side salad, steamed broccoli, a portion of brown rice, and a piece of cooked white fish with herbs.",495.00,415.00,0.800
dish_1560526447,spinach (raw),88.59,70.00,"A small portion of mixed greens including some snow peas and possibly some dark salad leaves, appearing to be lightly dressed.",85.00,75.00,0.000
dish_1560526472,spinach (raw),113.67,114.00,"A light side salad featuring mixed greens, sugar snap peas, and fresh berries, dressed with a light coating of oil or vinaigrette.",55.00,115.00,0.000
dish_1560526490,spinach (raw) | pineapple,141.67,170.00,"A light side salad featuring mixed greens, baby spinach, fresh pineapple chunks, and sliced strawberries on a white plate.",50.00,135.00,1.000
dish_1560526514,potatoes | pineapple | spinach (raw),183.25,224.00,"A plate containing a mixed green salad with vinaigrette, fresh pineapple, roasted potato chunks, and sliced strawberries.",220.00,205.00,0.667
dish_1560526530,sausage | potatoes | pineapple,245.28,242.00,"A light meal consisting of a small side salad with greens and snap peas, a fruit mix of pineapple and strawberries, roasted potato chunks, and one piece of sliced sausage.",250.00,285.00,1.000
dish_1560526552,sausage | pineapple | potatoes | scrambled eggs,359.24,319.00,"A breakfast plate containing scrambled eggs with a sauce, roasted potato cubes, and a mixed fruit and green leaf salad.",315.00,295.00,0.400
dish_1560527070,potatoes,53.13,69.00,A small portion of roasted or pan-fried potato chunks on a large plate.,85.00,105.00,1.000
dish_1560527105,potatoes,92.73,104.00,A light side dish consisting of four small roasted potato chunks alongside a serving of sautéed spinach garnished with shredded carrots.,140.00,160.00,0.500
dish_1560527140,potatoes | bacon,276.67,138.00,"A light meal consisting of three strips of crispy bacon, a small portion of roasted potato chunks, and a small side salad of spinach and carrots.",240.00,155.00,0.667
dish_1560527168,potatoes | bacon,322.84,219.00,"A breakfast or light meal plate consisting of two strips of bacon, roasted potato chunks, a green salad with shredded carrots, and a small portion of mixed berries.",315.00,240.00,0.667
dish_1560527191,bacon | potatoes | sausage,663.99,318.00,"A breakfast or brunch plate featuring bacon, sliced sausage, roasted potatoes, and a small side of fresh greens with strawberries and blueberries.",470.00,285.00,0.750
dish_1560527745,yogurt,87.76,149.00,A single serving of plain Greek yogurt in a bowl.,160.00,250.00,1.000
dish_1560527950,watermelon,23.10,77.00,"A small snack portion of raw watermelon, cut into small cubes.",25.00,85.00,1.000
dish_1560527225,potatoes | bacon | sausage | scrambled eggs,937.79,503.00,"A breakfast plate consisting of scrambled eggs, two strips of bacon, three sausage links, roasted potatoes, a small side of spinach salad, and sliced strawberries.",765.00,460.00,0.800
dish_1560529804,watermelon,15.30,51.00,A small serving of four watermelon cubes on a large white plate.,25.00,85.00,1.000
dish_1560529825,watermelon,52.92,117.00,"A small snack plate consisting of a handful of fresh fruit, specifically watermelon chunks, blackberries, and raspberries.",52.00,160.00,1.000
dish_1560539314,fish | quinoa,165.74,158.00,A small portion of breaded white fish served on a bed of fresh spinach leaves.,150.00,95.00,0.333
dish_1560529844,sweet potato | watermelon,91.68,168.00,"A light plate consisting of small cubes of roasted sweet potato, chunks of watermelon, and a handful of mixed blackberries and raspberries.",100.00,190.00,1.000
dish_1560539340,caesar salad | quinoa | fish,196.54,228.00,A light meal consisting of a small portion of couscous accompanied by leafy greens and topped with shaved cheese.,205.00,170.00,0.000
dish_1560541680,arugula,95.05,77.00,"A small serving of arugula salad with chopped walnuts, likely dressed with an oil-based vinaigrette.",105.00,41.00,0.500
dish_1560539368,quinoa | carrot | caesar salad | fish,238.81,314.00,"A light meal consisting of sliced roasted carrots, a green salad with dressing, and a small portion of couscous mixed with the greens.",335.00,300.00,0.200
dish_1560539396,fish | quinoa | caesar salad | carrot | roasted potatoes,384.04,417.00,"A dinner plate consisting of roasted potato chunks, sliced glazed carrots, and a side salad with dressing and parmesan.",430.00,300.00,0.600
dish_1560541706,arugula | cauliflower,110.80,140.00,A light side salad featuring arugula and romanesco broccoli with a dressing and small crumbles of cheese.,145.00,140.00,0.250
dish_1560541760,white rice | chicken,465.58,372.00,"A plate consisting of two pieces of glazed chicken breast, a serving of arugula salad with small additions of feta and nuts, and a side of Romanesco broccoli.",430.00,290.00,0.250
dish_1560541793,carrot | chicken,509.83,462.00,"A balanced meal consisting of a glazed chicken breast, a fresh arugula salad topped with walnuts and feta, a side of sliced cooked carrots, and a small portion of romanesco broccoli.",485.00,360.00,0.500
dish_1560543465,caesar salad,33.88,77.00,"A small remaining portion of a Caesar salad with lettuce, croutons, and dressing on a large white plate.",130.00,68.00,0.250
dish_1560543505,tomatoes | caesar salad,66.18,172.00,A small portion of Caesar salad accompanied by four fresh grape tomatoes on a large white plate.,115.00,125.00,1.000
dish_1560543525,tomatoes | caesar salad,83.43,187.00,A light side portion of Caesar salad accompanied by a few grape tomatoes and kalamata olives.,155.00,170.00,0.667
dish_1560543557,tomatoes | caesar salad,87.87,191.00,"A light meal consisting of a small portion of dressed Caesar salad, a side of cooked brown rice, four cherry tomatoes, and several black olives.",250.00,250.00,0.667
dish_1560543583,fish | tomatoes | quinoa | caesar salad,254.66,350.00,"A plate featuring a Caesar salad, a portion of brown rice with mixed greens and a breaded item, 4 grape tomatoes, and 5 black olives.",375.00,350.00,0.400
dish_1560543682,roasted potatoes,121.26,86.00,A very small portion of approximately seven roasted potato chunks on a large plate.,55.00,70.00,1.000
dish_1560543605,chicken | tomatoes | caesar salad | quinoa | fish,485.57,501.00,"A diverse meal plate containing a BBQ glazed chicken drumstick, a side of brown rice, a quinoa-based vegetable salad, a small portion of Caesar salad, cherry tomatoes, and black olives.",585.00,435.00,0.667
dish_1560543625,chicken | roasted potatoes | caesar salad | fish | tomatoes,560.30,554.00,"A varied plate containing a glazed chicken piece, a small portion of seasoned brown rice with spinach, roasted potato wedges, a side of Caesar salad, and a garnish of grape tomatoes and kalamata olives.",615.00,470.00,0.571
dish_1560543704,roasted potatoes | cauliflower,140.01,161.00,A very small serving consisting of approximately six small chunks of roasted potatoes and two small florets of romanesco broccoli on a large white plate.,110.00,115.00,0.333
dish_1560787696,bacon,37.87,7.00,A single strip of cooked bacon served on a white plate.,45.00,10.00,1.000
dish_1560543729,cauliflower | roasted potatoes | chicken,219.53,213.00,"A small, modest portion consisting of roasted potato chunks, a single small piece of glazed meat, and a few small florets of romanesco broccoli.",270.00,205.00,0.200
dish_1560543755,chicken | cauliflower | roasted potatoes | rice noodles,257.92,264.00,"A plate containing roasted potatoes, a small serving of cabbage salad, pieces of romanesco broccoli, and a small, glazed protein portion.",285.00,285.00,0.143
dish_1560787754,bacon,72.64,68.00,"A very small portion consisting of a single strip of cooked bacon, a few raspberries, and a few blackberries.",78.00,77.00,1.000
dish_1560788338,yogurt,71.27,121.00,A single serving of plain Greek yogurt in a white bowl.,95.00,160.00,1.000
dish_1560787781,yam,108.63,97.00,"A light meal consisting of one slice of bacon, a small handful of mixed berries (raspberries and blackberries), and a small portion of roasted sweet potato cubes.",111.00,112.00,0.000
dish_1560787817,yam | bagels | cream cheese,292.23,165.00,"A light breakfast plate featuring half a bagel with cream cheese, one strip of bacon, a small serving of roasted sweet potato, and a mix of fresh berries.",370.00,175.00,0.200
dish_1560788349,yogurt,78.93,134.00,A small bowl containing plain Greek yogurt topped with three strawberry halves.,70.00,130.00,1.000
dish_1560788384,yogurt,111.20,242.00,A small bowl containing Greek yogurt topped with sliced fresh strawberries and two blueberries.,107.00,179.00,1.000
dish_1560798656,cheese pizza,287.17,108.00,A single rectangular slice of cheese pizza served on a white square plate.,240.00,95.00,1.000
dish_1560798744,cheese pizza | tofu,357.15,220.00,"A meal consisting of a slice of cheese pizza, four small strips of tempeh, and a few broccoli florets.",455.00,240.00,0.250
dish_1560798707,cheese pizza,298.02,139.00,A light meal consisting of two rectangular pieces of cheese pizza and a small side of steamed broccoli.,395.00,175.00,0.500
dish_1560798785,cheese pizza | tofu | cauliflower,379.65,310.00,"A meal consisting of a slice of rectangular cheese pizza, four small breaded tempeh strips, and a side of roasted or steamed cauliflower and broccoli florets.",580.00,330.00,0.400
dish_1560798815,cheese pizza | tofu | cauliflower,404.96,341.00,"A balanced meal consisting of a square slice of cheese pizza, several pieces of pan-fried tempeh, and a side of mixed green vegetables (kale/broccoli) and cauliflower.",450.00,305.00,0.400
dish_1560798928,tofu | cheese pizza,485.04,399.00,"A plate featuring a slice of cheese pizza, a small portion of pan-cooked tempeh, and a side of mixed raw greens and a small amount of steamed or roasted broccoli.",415.00,250.00,0.250
dish_1560798854,tofu | cheese pizza,455.51,372.00,"A balanced meal consisting of one slice of cheese pizza, several small pieces of pan-seared tempeh, a small pile of mixed raw greens (kale and spinach), and a portion of steamed cauliflower and broccoli florets.",520.00,310.00,0.200
dish_1560799113,pizza,98.42,37.00,A single small wedge of thin-crust pepperoni pizza served on a large white plate.,85.00,35.00,1.000
dish_1560798960,tofu | cheese pizza,493.72,429.00,"A meal plate featuring a square slice of cheese pizza, several small pieces of cooked tempeh, a serving of steamed broccoli, some roasted squash, and a large side of mixed greens.",530.00,335.00,0.200
dish_1560799277,pizza | broccoli,111.02,73.00,A very small portion consisting of a single small slice of pepperoni pizza and two broccoli florets on a white plate.,155.00,100.00,1.000
dish_1560799368,pork,108.40,53.00,A very small portion of three small pieces of roasted pork belly on a large white plate.,210.00,65.00,1.000
dish_1560799558,pizza,196.84,74.00,Two small rectangular slices of thin-crust pizza topped with sliced tomatoes on a large white plate.,280.00,130.00,1.000
dish_1560799407,pork | carrot,220.90,122.00,"A small serving of salad containing spinach, grilled chicken pieces, dried cranberries, shredded carrots, and sunflower seeds, likely lightly dressed.",250.00,115.00,0.200
dish_1560799590,pizza,298.02,163.00,"A light meal consisting of two small slices of thin-crust pizza topped with tomato, accompanied by a small portion of spinach salad with shredded carrots and dried cranberries.",335.00,170.00,0.500
dish_1560799615,squash | pizza,332.75,283.00,"A plate containing a spinach salad, a side of roasted butternut squash, and two small slices of thin-crust pizza topped with fresh tomato slices.",415.00,285.00,0.667
dish_1560800836,pepperoni pizza,479.40,170.00,Two pieces of pepperoni pizza on a white square plate.,480.00,180.00,1.000
dish_1560799647,pork | pizza,723.41,474.00,"A balanced meal consisting of a spinach-based salad, roasted butternut squash, a mix of pulled pork with rice and zucchini, and a piece of roasted tomato with flatbread.",670.00,500.00,0.200
dish_1560800918,kale,70.83,40.00,A very small serving of mixed baby greens with tiny amounts of red bell pepper and a light coating of salad dressing.,37.00,30.00,0.000
dish_1560800951,cauliflower | kale,102.83,168.00,A light meal consisting of a portion of steamed cauliflower and a small mixed green salad with pieces of red pepper.,55.00,190.00,0.500
dish_1560800988,cauliflower | bulgur,314.87,230.00,"A light meal consisting of steamed cauliflower, cooked buckwheat, and a small serving of mixed greens with what appears to be sliced beets.",150.00,270.00,0.250
dish_1560801020,cauliflower | chicken breast | bulgur,346.34,250.00,"A plate containing a mix of steamed cauliflower, a small portion of cooked bulgur wheat, fresh leafy salad greens, and a few small pieces of cooked chicken.",175.00,280.00,1.000
dish_1560801773,cauliflower,13.50,54.00,A very small portion consisting of two raw cauliflower florets on a white plate.,10.50,42.00,1.000
dish_1560801041,pork | chicken breast | cauliflower | bulgur,432.24,292.00,"A light meal consisting of steamed cauliflower, cooked bulgur wheat, mixed greens, roasted chicken pieces, and a piece of roasted beet.",250.00,335.00,0.600
dish_1560801797,squash | cauliflower,25.66,96.00,A very light portion consisting of a few small pieces of roasted squash and two cauliflower florets.,60.00,115.00,1.000
dish_1560801829,pepperoni pizza | cauliflower,256.90,178.00,"A meal consisting of two small pieces of pepperoni pizza, a few small chunks of roasted squash, and two cauliflower florets.",440.00,245.00,0.667
dish_1560802006,kale,35.93,44.00,A small portion of chopped kale salad with thin shavings of hard cheese on a large square white plate.,85.00,70.00,1.000
dish_1560801859,pepperoni pizza | pork,428.70,262.00,"A varied meal consisting of a slice of pepperoni pizza, roasted pumpkin, cauliflower florets, and small pieces of cooked pork.",450.00,270.00,0.500
dish_1560801883,chicken breast | pepperoni pizza | pork,512.11,315.00,"A mixed plate consisting of a piece of breaded chicken, roasted squash, steamed cauliflower, a slice of pepperoni pizza, and a small serving of roast pork.",665.00,375.00,0.600
dish_1560802048,squash | kale,47.21,83.00,A light meal consisting of a small serving of roasted pumpkin cubes alongside a small side of dressed kale salad topped with shaved parmesan cheese.,130.00,135.00,0.333
dish_1560802092,squash | chicken breast | kale,118.03,128.00,"A light meal consisting of small portions of breaded chicken, a kale salad with parmesan, and roasted kabocha squash on a large square plate.",230.00,205.00,1.000
dish_1560802149,chicken breast | pork,365.52,249.00,"A balanced meal consisting of grilled pork, breaded chicken, roasted squash, sautéed zucchini, and a kale salad.",470.00,355.00,0.400
dish_1560802562,lemon juice | bulgur | kale | chickpeas,8.85,5.00,"A very small, sparse portion of arugula lightly dressed with a vinaigrette.",28.00,15.00,0.000
dish_1560802730,chicken breast,101.70,64.00,A light meal consisting of a small portion of seared salmon accompanied by a side of mixed leafy greens dressed with vinaigrette.,190.00,105.00,0.000
dish_1560802764,chicken breast | squash,111.83,99.00,"A light meal consisting of a small portion of pan-seared salmon, a side of roasted butternut squash, and a small serving of mixed salad greens.",255.00,175.00,0.333
dish_1560874548,,41.04,72.00,A small snack portion of fresh strawberries and a few blueberries served on a large white square plate.,30.00,90.00,
dish_1560802853,squash | white rice | chicken breast,136.53,118.00,"A light meal featuring a small piece of salmon, a portion of roasted butternut squash, a small serving of white rice, and a mixed greens salad.",225.00,195.00,0.500
dish_1560874667,bacon,100.55,83.00,"A very small portion consisting of one slice of crispy bacon, six pieces of strawberries, and six blueberries on a large square white plate.",120.00,115.00,1.000
dish_1560874726,bacon | yam,177.49,145.00,"A light meal consisting of a small portion of roasted sweet potato cubes, one strip of bacon, and a small assortment of fresh strawberries and blueberries.",183.00,180.00,0.333
dish_1560887408,pizza,324.52,122.00,A single slice of pizza resting on a large white plate.,180.00,75.00,1.000
dish_1560874751,bacon | bagels | cream cheese | yam,379.99,220.00,"A breakfast plate containing half an English muffin with cream cheese, a small portion of roasted sweet potato cubes, one strip of bacon, and a small serving of strawberries and blueberries.",310.00,230.00,0.400
dish_1560887435,pizza | kale,364.53,171.00,"A plate containing a portion of baked pasta with tomato sauce and cheese, served alongside a side of sauteed leafy green kale with croutons.",365.00,205.00,0.333
dish_1560888817,roasted potatoes,47.94,34.00,A very small portion consisting of two small chunks of roasted potato and a single pecan nut on a large plate.,55.00,43.00,0.500
dish_1560887457,pizza,389.26,246.00,"A light meal consisting of a small portion of pizza, a side of sautéed eggplant, and a portion of creamy kale.",365.00,240.00,0.333
dish_1560887480,pizza | beef,668.08,374.00,"A varied plate consisting of steak slices, pieces of cheese pizza, roasted eggplant, a small portion of kale, and roasted broccoli and peppers.",455.00,300.00,0.200
dish_1560888849,chicken | roasted potatoes,168.96,107.00,"A light meal consisting of a small piece of white fish, two chunks of roasted potato, a single pecan, and a few scattered lentils.",205.00,158.00,0.200
dish_1560888893,roasted potatoes | chicken | white rice,213.16,141.00,"A light meal consisting of a white fish fillet, a small serving of white rice, two pieces of roasted potato, and one pecan half.",290.00,233.00,0.400
dish_1560889008,carrot,41.29,84.00,A small portion of raw sliced carrots served on a white plate.,25.00,60.00,1.000
dish_1560888930,white rice | chicken | roasted potatoes,224.93,151.00,"A plate containing roasted chicken with lentils, a small portion of white rice, two pieces of roasted potato, a handful of arugula, and a single pecan.",355.00,253.00,0.600
dish_1560889061,carrot | chicken,402.51,281.00,"A light meal consisting of a small portion of cooked chicken breast, a side of mixed leafy greens, and sliced cooked carrots.",130.00,165.00,1.000
dish_1560889032,carrot | chicken,246.87,208.00,"A light meal consisting of a small portion of plain chicken, sliced cooked carrots, and a sparse amount of cooked wheat berries.",190.00,195.00,1.000
dish_1560961059,cream cheese | bagels | sweet potato,268.46,172.00,"A light meal consisting of a single toasted bagel half topped with cream cheese, accompanied by a small portion of roasted vegetable chunks.",295.00,165.00,0.250
dish_1560961012,cream cheese | bagels,191.70,71.00,A single bagel half topped with a layer of cream cheese served on a white plate.,350.00,120.00,1.000
dish_1560961179,scrambled eggs,153.92,104.00,A small serving of scrambled eggs on a white plate.,140.00,100.00,1.000
dish_1560961107,bagels | cream cheese | sweet potato,352.82,320.00,"A light meal consisting of a bagel topped with cream cheese, accompanied by roasted sweet potato chunks and a side of mixed berries.",460.00,305.00,0.667
dish_1560961202,scrambled eggs | broccoli,171.07,153.00,A light meal consisting of a small portion of scrambled eggs with broccoli florets on a white square plate.,170.00,180.00,1.000
dish_1560961261,broccoli | scrambled eggs,192.52,218.00,"A breakfast plate containing scrambled eggs, steamed broccoli, and sliced fresh strawberries.",200.00,275.00,1.000
dish_1560961385,sweet potato | scrambled eggs | broccoli,249.52,293.00,"A breakfast plate consisting of scrambled eggs, roasted potato chunks, sautéed broccoli, and sliced fresh strawberries.",290.00,340.00,1.000
dish_1560973936,arugula,75.24,44.00,"A very small portion of green arugula salad on a large white square plate, appearing to be lightly dressed.",25.00,40.00,1.000
dish_1560973958,pecans | lime | raisins | arugula,145.31,121.00,A side salad featuring arugula dressed with a vinaigrette and a small portion of cooked farro.,110.00,85.00,0.200
dish_1560974707,spinach (raw) | black beans,55.03,60.00,"A very small, light serving of dressed baby spinach on a large plate.",35.00,40.00,0.500
dish_1560973984,broccoli,171.21,195.00,"A small salad consisting of steamed broccoli, fresh arugula, and a small portion of farro, lightly dressed.",115.00,180.00,0.333
dish_1560974009,chicken thighs | broccoli,482.98,409.00,"A plate containing a portion of General Tso's chicken over a small amount of brown rice, accompanied by steamed broccoli and a side of fresh leafy greens.",585.00,375.00,0.667
dish_1560974769,white rice,3943.33,3051.00,A light meal consisting of a small portion of rice pilaf served alongside sautéed spinach with cherry tomatoes.,155.00,160.00,0.500
dish_1560975346,chicken thighs,326.34,224.00,"A bowl containing a reddish, tomato-based stew with visible chickpeas and shredded vegetables.",280.00,250.00,0.000
dish_1560975491,caesar salad,37.84,86.00,A small portion of Caesar salad consisting of chopped romaine lettuce mixed with dressing and cheese on a large square plate.,115.00,75.00,1.000
dish_1560975517,broccoli | caesar salad,42.39,99.00,A light meal consisting of a small portion of dressed romaine lettuce salad accompanied by a few steamed broccoli florets on a white plate.,100.00,120.00,1.000
dish_1560975572,caesar salad,96.99,159.00,"A plate containing a portion of Caesar salad, a small piece of steamed broccoli, and a modest serving of brown rice mixed with vegetables and tofu cubes.",270.00,270.00,0.333
dish_1560975601,chicken thighs | caesar salad,233.94,253.00,"A plate featuring a portion of Caesar salad, chicken in a tomato-based sauce, steamed broccoli, and a small portion of mixed rice with vegetables.",485.00,340.00,0.500
dish_1560975628,caesar salad | cheese pizza | chicken thighs,348.27,296.00,"A varied plate consisting of a side salad, a small slice of cheese pizza, breaded chicken pieces, steamed broccoli, and a small portion of seasoned brown rice with vegetables.",780.00,475.00,0.600
dish_1560976044,,124.67,137.00,"A small serving of farro tossed with sautéed summer squash, spinach, and a few cherry tomatoes.",130.00,125.00,0.000
dish_1561049320,bacon,102.79,19.00,Two strips of cooked bacon served on a white square plate.,90.00,20.00,1.000
dish_1561049373,scrambled eggs | bacon,290.75,146.00,A simple breakfast plate consisting of scrambled eggs and two strips of cooked bacon.,300.00,155.00,1.000
dish_1561049409,bacon | scrambled eggs,317.78,197.00,"A breakfast plate containing scrambled eggs, two strips of cooked bacon, and a small serving of fresh raspberries.",250.00,165.00,1.000
dish_1561049435,cantaloupe | scrambled eggs | bacon,338.18,257.00,"A breakfast plate containing scrambled eggs, two strips of cooked bacon, a small serving of cubed cantaloupe, and a handful of fresh raspberries.",365.00,275.00,1.000
dish_1561060448,cheese pizza,109.02,41.00,A single slice of pepperoni or plain cheese pizza on a large white plate.,240.00,95.00,1.000
dish_1561060477,pineapple | cheese pizza,141.02,105.00,A light snack consisting of a small portion of a baked pasta dish and a few chunks of fresh pineapple served on a large white plate.,240.00,170.00,0.333
dish_1561060503,pineapple | cheese pizza,145.31,138.00,A small portion of lasagna accompanied by a few pineapple chunks and a small amount of steamed bok choy on a large square plate.,225.00,200.00,0.250
dish_1561060531,brussels sprouts | cheese pizza | pineapple,162.08,177.00,"A plate containing a small serving of lasagna, fresh pineapple chunks, roasted brussels sprouts, and steamed bok choy.",385.00,320.00,0.400
dish_1561060558,pineapple | brussels sprouts | tofu | cheese pizza,194.20,221.00,"A varied plate containing a small baked cheesy item, tofu with stir-fried vegetables, sautéed brussels sprouts, pineapple chunks, and blanched bok choy.",310.00,260.00,0.800
dish_1561060613,salmon | pineapple | cheese pizza | tofu | brussels sprouts,323.67,304.00,"A plate containing a variety of small portions including pineapple, bok choy, brussels sprouts, a cheesy pasta dish, tofu cubes, and a piece of baked fish.",455.00,395.00,0.375
dish_1561060642,pasta | beef | tofu | pineapple | salmon | cheese pizza,468.41,387.00,"A varied plate containing small portions of multiple dishes, including pineapple, cooked vegetables, pasta, tofu, and baked fish.",675.00,505.00,0.444
dish_1561060703,pasta | pineapple | salmon | tofu | cheese pizza | beef,538.47,445.00,"A diverse sample plate featuring various items including pasta, tofu, fish with cheese, brussels sprouts, salad, and pineapple.",595.00,535.00,0.444
dish_1561060787,brussels sprouts,46.46,91.00,A small portion of roasted Brussels sprouts on a large square white plate.,55.00,85.00,1.000
dish_1561060976,salmon | tofu | brussels sprouts | brown rice,265.51,266.00,"A plate consisting of roasted Brussels sprouts, a small portion of salmon and rice, and a mixed green bean and vegetable salad.",370.00,330.00,0.400
dish_1561060925,brussels sprouts | tofu,93.91,156.00,"A plate featuring roasted Brussels sprouts and a mixed salad consisting of green beans, lentils, and small pieces of tofu.",225.00,250.00,1.000
dish_1561061123,tofu | salmon | bulgur | brussels sprouts,399.43,357.00,"A varied lunch plate containing roasted Brussels sprouts, a salmon-rice mixture, a mixed green salad with garnishes, and a small portion of tofu and green bean stir-fry.",400.00,335.00,0.750
dish_1561061593,kale,42.46,52.00,"A small portion of chopped leafy greens, likely kale, lightly coated in a dressing with what appears to be a few slivers of almond or cheese.",85.00,65.00,1.000
dish_1561061658,brussels sprouts | kale | bulgur,226.00,227.00,"A light meal featuring a mixed green salad with berries, roasted Brussels sprouts, and a kale salad topped with parmesan cheese.",190.00,205.00,0.667
dish_1561061630,bulgur | kale,186.68,150.00,"A split-plate meal consisting of a light mixed green salad with blueberries and strawberries on one side, and a dressed massaged kale salad with shaved toppings on the other.",85.00,100.00,0.500
dish_1561062171,pasta | beef,101.14,58.00,A very small portion of penne pasta tossed in a sauce with a few small pieces of meat and a single leaf of cooked spinach on a large plate.,192.00,100.00,0.250
dish_1561061687,salmon | brown rice | brussels sprouts | bulgur,508.35,408.00,"A plate featuring baked salmon, a green salad with blueberries, roasted Brussels sprouts, and a side of creamy kale.",515.00,370.00,0.400
dish_1561062237,beef | pasta | salmon,182.26,110.00,"A very small, leftover portion consisting of a few penne pasta with sauce/meat and a small spoonful of risotto, garnished with a single rocket leaf.",195.00,115.00,0.250
dish_1561062286,beef | pasta | white rice | salmon,256.36,167.00,"A small sampler-sized portion consisting of white rice, pasta with sauce, and a small piece of salmon with greens.",345.00,220.00,0.750
dish_1561062555,apple | shallots | bulgur | lemon juice | arugula | garlic,47.09,32.00,A very small portion of green salad with a few olives and dried berries on a large plate.,30.00,33.00,0.143
dish_1561062320,white rice | salmon | beef | pasta,307.87,202.00,"A varied plate consisting of a side salad, white rice, pasta with a meat-based sauce, a small portion of salmon with rice, and a single black olive.",360.00,240.00,0.400
dish_1561134102,watermelon,24.30,81.00,A small serving of diced raw watermelon on a plate.,25.00,80.00,1.000
dish_1561062586,white rice,121.19,89.00,"A very small, light serving consisting of about 70 grams of white rice alongside a small handful of dressed arugula salad with a few berries.",100.00,110.00,0.500
dish_1561134128,watermelon,58.50,141.00,"A small plate consisting of cut watermelon chunks, sliced strawberries, and a few whole blueberries.",52.00,170.00,1.000
dish_1561146758,bagels,232.50,93.00,A single plain bagel on a white square plate.,250.00,100.00,1.000
dish_1561145732,orange with peel,19.70,67.00,A single mandarin orange on a white square plate.,40.00,85.00,0.000
dish_1561134156,watermelon | sweet potato,118.54,220.00,"A plate containing roasted potato chunks served alongside a small fresh fruit salad of watermelon, strawberries, and a few blueberries.",129.00,215.00,1.000
dish_1561146781,bagels | apple,300.10,223.00,A simple meal consisting of a plain bagel and a whole apple on a square white plate.,330.00,250.00,1.000
dish_1561147944,arugula,42.37,34.00,A very small portion of mixed greens salad on a large square white plate.,10.00,40.00,0.000
dish_1561147967,cheese pizza,177.98,85.00,A small serving of lasagna with a side of mixed leafy greens.,265.00,150.00,0.000
dish_1561147997,cheese pizza,185.18,133.00,"A light meal featuring a small serving of lasagna, a side of mixed greens, and a few pieces of cooked zucchini.",320.00,230.00,0.000
dish_1561148021,cheese pizza | ground turkey,361.77,216.00,"A plate containing a portion of stuffed meatloaf, a cheesy tomato casserole, a mixed salad, and a few pieces of steamed zucchini.",445.00,310.00,0.000
dish_1561148303,cheese pizza,119.65,45.00,A single piece of cheese pizza served on a large white plate.,240.00,95.00,1.000
dish_1561148042,ground turkey | cheese pizza,370.76,245.00,"A varied meal featuring a portion of stuffed meat/rice, a slice of baked cheese-topped casserole, roasted zucchini, green beans, and a small mixed salad.",490.00,355.00,0.200
dish_1561148336,cheese pizza,128.10,68.00,A modest meal consisting of a single slice of cheese pizza and a very small portion of arugula salad with a single cucumber slice.,265.00,120.00,0.500
dish_1561392386,sausage,175.75,51.00,A light meal consisting of several small pork breakfast sausages and a tiny fragment of what appears to be scrambled egg on a white plate.,295.00,100.00,0.500
dish_1561148481,cheese pizza | ground turkey,281.28,140.00,"A light meal consisting of a slice of pizza, a small serving of a mushroom-based grain side, and a small side salad.",435.00,260.00,0.250
dish_1561392410,sausage | broccoli,187.30,84.00,"A small, light meal consisting of a few broccoli florets, several slices of cooked sausage, and a minimal amount of loose scrambled egg on a white plate.",195.00,145.00,0.667
dish_1561392459,sausage | scrambled eggs,395.23,275.00,"A breakfast plate containing scrambled eggs, several slices of breakfast sausage, a small portion of broccoli, and a few strawberries.",445.00,345.00,0.667
dish_1561392430,sausage | broccoli,208.75,149.00,"A light meal consisting of a few strawberries, some broccoli florets, several small breakfast sausage links, and a small spoonful of scrambled eggs.",260.00,265.00,0.667
dish_1561392512,,42.75,75.00,A very small serving consisting of 6 sliced strawberry pieces and 6 individual blueberries on a large plate.,30.00,90.00,
dish_1561392543,radishes | garlic | bell peppers | cucumbers,126.00,119.00,A light snack or side dish consisting of a small portion of mixed greens with carrots and a fruit serving of sliced strawberries and a few blueberries.,80.00,160.00,0.000
dish_1561392570,broccoli,149.80,187.00,"A light meal consisting of cooked leafy greens with shredded carrots, a small portion of broccoli, and fresh fruit (strawberries and blueberries).",100.00,205.00,1.000
dish_1561392710,watermelon,31.80,106.00,"A small serving of fresh, cubed watermelon pieces on a white square plate.",25.00,85.00,1.000
dish_1561392593,broccoli | scrambled eggs,354.04,325.00,"A balanced meal consisting of scrambled eggs with a side of steamed broccoli, a small spinach salad, and fresh mixed berries.",215.00,310.00,0.667
dish_1561392632,bacon | scrambled eggs,500.11,352.00,"A breakfast plate containing scrambled eggs, a strip of bacon, steamed broccoli, a small spinach and carrot salad, and fresh strawberries and blueberries.",305.00,315.00,0.500
dish_1561393550,cottage cheese,172.48,176.00,A small portion of plain cottage cheese in a white bowl.,95.00,100.00,1.000
dish_1561392734,watermelon,84.24,198.00,"A small serving of fresh fruit consisting of cubed watermelon, sliced strawberries, and fresh blueberries on a white plate.",57.00,160.00,1.000
dish_1561393649,pineapple | cottage cheese,271.54,359.00,"A small bowl containing a mixture of fresh pineapple chunks, sliced strawberries, and a few blueberries.",80.00,185.00,0.500
dish_1561393715,broccoli,17.15,49.00,A small portion of roasted broccoli florets served on a large plate.,45.00,70.00,1.000
dish_1561393619,cottage cheese,234.04,284.00,"A small bowl containing fresh strawberries and blueberries served over a base layer of dairy, likely yogurt or cottage cheese.",100.00,175.00,1.000
dish_1561393741,broccoli | scrambled eggs,188.83,165.00,A light meal consisting of a small serving of roasted broccoli and a portion of scrambled eggs on a square white plate.,175.00,170.00,1.000
dish_1561404438,cauliflower | garlic | lime,366.07,169.00,"A small, light meal consisting of sliced steak pieces, a few chunks of roasted potato, and some sautéed spinach.",265.00,155.00,0.000
dish_1561393764,broccoli | scrambled eggs | bacon,280.80,182.00,"A breakfast plate containing a small serving of scrambled eggs, two strips of cooked bacon, and a portion of cooked broccoli.",260.00,200.00,1.000
dish_1561404485,carrot,511.37,349.00,"A plate featuring sliced beef, roasted carrot slices, a small portion of potatoes with greens, and a side of mixed leafy greens with red onion.",460.00,420.00,0.250
dish_1561404458,carrot,410.31,259.00,"A plate containing roasted potatoes, sliced carrots, and small pieces of seared steak, all appearing to be lightly sautéed together with some spinach.",360.00,330.00,0.250
dish_1561404924,kale,31.84,39.00,"A very small serving of cooked leafy greens, likely kale, with visible shavings of parmesan cheese on a large white dinner plate.",65.00,55.00,1.000
dish_1561404505,carrot | broccoli,543.92,442.00,"A plate featuring sliced steak, roasted potatoes, roasted carrots, steamed broccoli, and a small side of dressed green salad.",545.00,500.00,0.667
dish_1561404956,chicken | kale,97.60,82.00,A modest portion of cooked chicken paired with a small side of sautéed kale topped with shaved parmesan cheese.,145.00,110.00,1.000
dish_1561405008,chicken | kale,156.43,134.00,"A small, composed plate containing a portion of pan-seared chicken, a side of leafy green salad, and a portion of creamed kale with parmesan.",225.00,195.00,1.000
dish_1561405332,broccoli,18.55,53.00,A very small serving consisting of three individual broccoli florets on a large white square plate.,25.00,75.00,1.000
dish_1561405034,chicken | kale,178.28,153.00,"A plate containing a small serving of roasted chicken, 7 kalamata olives, a small portion of a green salad, and a serving of kale salad with parmesan cheese.",290.00,195.00,0.667
dish_1561405356,broccoli | chicken | white rice,206.65,176.00,"A very light, small portion of pan-seared chicken served with two small broccoli florets and a few arugula leaves.",132.00,130.00,0.500
dish_1561405836,cheese pizza,82.43,31.00,A single small slice of cheese pizza served on a large white plate.,115.00,40.00,1.000
dish_1561405389,broccoli | chicken,265.98,223.00,"A light meal consisting of a small portion of pan-seared chicken, one broccoli floret, and a small side salad of arugula with chickpeas and peppers.",220.00,205.00,0.667
dish_1561405411,broccoli | chicken,332.06,282.00,"A balanced meal consisting of grilled chicken served over couscous, accompanied by a small portion of steamed broccoli and a fresh arugula salad containing chickpeas and red peppers.",335.00,245.00,0.667
dish_1561405864,cheese pizza | chicken,197.12,106.00,A light meal consisting of a single small rectangular slice of pizza and a small portion of cooked chicken pieces.,350.00,130.00,1.000
dish_1561405912,cheese pizza | chicken,270.88,196.00,"A varied meal consisting of a small slice of cheese pizza, roasted chicken, a side salad with edamame, and roasted carrots.",355.00,255.00,0.500
dish_1561405934,cheese pizza | chicken | broccoli,287.33,243.00,"A varied meal consisting of a single small slice of pizza, a portion of green vegetables, a small amount of chicken, and a few roasted carrots.",340.00,225.00,0.750
dish_1561405887,cheese pizza | chicken | carrot,213.34,139.00,"A light meal consisting of a single slice of cheese pizza, a small portion of roasted chicken pieces, and a few slices of cooked carrots.",345.00,190.00,1.000
dish_1561406762,carrot,17.21,35.00,A small portion of cooked or glazed carrot slices on a white square plate.,28.00,70.00,1.000
dish_1561406789,white rice | carrot,184.91,164.00,A plate containing a side of white rice and a small portion of roasted or glazed carrot slices.,230.00,220.00,1.000
dish_1561407208,chicken,44.35,29.00,"A single small piece of a breaded pork chop, consisting mostly of the bone and a small amount of meat remaining on a large white plate.",50.00,25.00,0.000
dish_1561406817,carrot | white rice,273.39,243.00,"A meal consisting of a serving of plain white rice, a portion of spiced couscous with cashews and raisins, and a few pieces of roasted carrots.",445.00,320.00,0.667
dish_1561407249,chicken,73.88,56.00,A very small portion meal consisting of a sparse mixed green salad and a single small piece of cooked chicken on a large white square plate.,130.00,75.00,1.000
dish_1561480391,,64.41,113.00,A small snack plate containing a mix of fresh raspberries and blackberries.,40.00,80.00,
dish_1561407283,chicken | carrot,88.63,86.00,"A light meal consisting of a small portion of cooked carrots, a small side salad with dressing, and a piece of breaded chicken.",225.00,175.00,1.000
dish_1561407312,chicken | carrot,127.83,121.00,"A light meal consisting of a small portion of couscous, sliced boiled carrots, mixed greens with some dressing, and a small piece of cooked meat.",255.00,235.00,0.500
dish_1561480414,turkey bacon,125.16,129.00,A light snack consisting of a single strip of cooked bacon served alongside a small handful of fresh raspberries and blackberries.,90.00,100.00,1.000
dish_1561480439,turkey bacon | pineapple,155.16,189.00,"A small plate consisting of a mix of fresh raspberries, blackberries, pineapple chunks, and a single strip of cooked bacon.",130.00,165.00,1.000
dish_1561481577,bacon,200.17,37.00,Two strips of cooked bacon served on a white plate,130.00,25.00,1.000
dish_1561481606,bacon | scrambled eggs,354.09,141.00,A breakfast plate containing scrambled eggs and three strips of cooked bacon.,290.00,135.00,1.000
dish_1561480460,pineapple | scrambled eggs | turkey bacon,285.40,277.00,"A breakfast plate containing scrambled eggs, a mix of fresh raspberries and blackberries, fresh pineapple chunks, and two slices of breakfast meat.",325.00,290.00,0.500
dish_1561481634,scrambled eggs | bacon | yam,462.06,228.00,"A breakfast plate containing scrambled eggs, two strips of bacon, and roasted sweet potato cubes.",480.00,285.00,0.500
dish_1561481673,honeydew melons | yam | bacon | scrambled eggs,496.62,324.00,"A breakfast plate containing scrambled eggs, two strips of bacon, roasted sweet potato chunks, and cubed honeydew melon.",415.00,340.00,0.600
dish_1561491121,spinach (raw),31.46,28.00,A very small portion of cooked spinach with a few thin slices of fresh pear on a large square white plate.,35.00,60.00,0.500
dish_1561491154,fish,166.14,158.00,A small portion of pan-seared or baked white fish served with sautéed spinach on a square plate.,145.00,145.00,0.500
dish_1561491180,fish | wild rice,236.35,217.00,"A balanced meal consisting of a portion of yellow rice, two small fillets of cooked chicken breast, and a side of sautéed spinach.",340.00,270.00,0.250
dish_1561491210,wild rice | fish | cauliflower,251.10,276.00,"A balanced meal consisting of yellow rice, a portion of white fish, romanesco broccoli, and sautéed spinach.",295.00,270.00,0.400
dish_1561492161,spinach (raw),48.31,43.00,"A small portion of cooked green leafy vegetables, likely spinach, prepared with some form of cooking fat.",45.00,40.00,1.000
dish_1561492182,fried rice,250.17,171.00,A simple meal consisting of a portion of yellow fried rice alongside a side of sautéed spinach on a white plate.,340.00,255.00,0.500
dish_1561492519,banana with peel | wheat bread,271.32,206.00,"A simple meal consisting of a single slice of dark, likely whole wheat bread and a whole medium-small banana.",185.00,135.00,1.000
dish_1561492204,fried rice | chicken | millet,488.64,334.00,"A meal consisting of yellow fried rice, a serving of dark leafy greens (spinach), and a piece of topped/crusted fish.",520.00,350.00,0.200
dish_1561492228,chicken | fish | fried rice,648.18,488.00,"A plate consisting of a portion of yellow rice, a piece of breaded fish, and a side of spinach, appearing to be lightly oiled.",530.00,330.00,0.500
dish_1561492628,caesar salad,13.64,31.00,"A very small portion of food consisting of a few lettuce leaves, a bite-sized piece of scrambled egg, and a small amount of cooked vegetables on a large white square plate.",55.00,60.00,0.000
dish_1561492665,caesar salad | fish,81.95,93.00,A small portion of glazed chicken served with a light serving of mixed greens.,205.00,145.00,0.000
dish_1561492687,fish | caesar salad | fried rice,105.61,108.00,"A light meal consisting of a small portion of glazed chicken, yellow rice, and a simple green salad on a white plate.",275.00,175.00,0.250
dish_1561493975,arugula,130.85,106.00,"A light side salad featuring arugula, small pieces of fresh mozzarella, and a few walnut pieces, likely tossed in a light dressing.",135.00,52.00,0.333
dish_1561492703,caesar salad | fried rice | fish,113.13,134.00,"A mixed plate containing a small portion of glazed chicken, yellow rice, a roasted potato chunk, and a small side salad.",305.00,195.00,0.200
dish_1561494001,squash | arugula,162.69,216.00,A light meal featuring roasted vegetable chunks alongside a leafy green salad topped with nuts and what appears to be bits of cheese.,225.00,185.00,1.000
dish_1561494032,arugula | squash | cauliflower,185.44,307.00,"A plate consisting of roasted root vegetables, romanesco broccoli, and a green salad with dressing.",165.00,250.00,0.500
dish_1561567053,watermelon,26.10,87.00,A small serving of fresh watermelon cut into cubes served on a white square plate.,25.00,85.00,1.000
dish_1561567086,watermelon | yam,142.75,181.00,A plate consisting of small cubed portions of roasted sweet potato and fresh watermelon.,155.00,280.00,0.333
dish_1561574368,caesar salad,22.00,50.00,"A very small portion of Caesar salad consisting mainly of romaine lettuce with dressing, parmesan, and some croutons, served on a large white square plate.",85.00,60.00,1.000
dish_1561574394,caesar salad | arugula,61.50,82.00,A plate featuring two small portions of salad: a Caesar salad mix and a light mixed greens salad with blueberries.,120.00,70.00,0.500
dish_1561574215,lettuce,93.24,134.00,"A light side salad containing mixed greens, a few cherry tomatoes, red onion slices, and a dusting of feta cheese with a light vinaigrette dressing.",95.00,100.00,0.000
dish_1561574428,caesar salad | arugula | cauliflower,84.00,172.00,"A light meal consisting of a small portion of Caesar salad, a few florets of steamed broccoli and cauliflower, and a side of mixed greens with a few blueberries.",170.00,205.00,0.667
dish_1561574600,eggplant,32.98,100.00,A serving of roasted eggplant cubes on a white square plate.,55.00,130.00,1.000
dish_1561574456,caesar salad | cheese pizza | cauliflower,203.66,217.00,"A varied meal consisting of one slice of cheese pizza, a small Caesar salad, a portion of steamed broccoli and cauliflower, and a side of mixed greens with blueberries.",455.00,315.00,1.000
dish_1561574623,eggplant | chicken,117.60,152.00,A simple meal consisting of chopped roasted eggplant and sliced grilled chicken breast on a square white plate.,230.00,220.00,1.000
dish_1561574479,beef | cauliflower | cheese pizza | caesar salad,363.61,293.00,"A mixed plate containing a piece of pizza, a small herb-crusted pork chop, a serving of steamed broccoli and cauliflower, and a side of dressed green salad.",575.00,360.00,0.600
dish_1561574783,arugula,29.63,24.00,A very small serving of fresh arugula leaves on a square white plate.,5.00,20.00,1.000
dish_1561574974,eggplant,50.13,152.00,A small portion of sautéed eggplant cubes centered on a large white plate.,55.00,70.00,1.000
dish_1561574848,chicken,182.26,155.00,"A small salad with a few slices of grilled chicken, cherry tomatoes, olives, feta cheese, and a creamy mustard dressing.",205.00,147.00,0.333
dish_1561574815,arugula | lettuce,74.85,89.00,"A small portion of green salad with mixed lettuce, cherry tomatoes, thin slices of red onion, and a light dusting of feta cheese, dressed with a vinaigrette.",86.00,90.00,0.000
dish_1561575033,chicken | eggplant,354.45,339.00,"A small composed salad containing roasted eggplant, chunks of cooked chicken breast, and cooked whole grains like farro, lightly tossed in a creamy dressing.",330.00,235.00,0.667
dish_1561575192,arugula | cauliflower,122.99,236.00,A side plate consisting of steamed cauliflower florets and a small serving of dressed mixed greens.,65.00,200.00,0.500
dish_1561575068,eggplant | chicken,421.94,436.00,"A light salad composed of grilled chicken, mixed greens, lentils, kalamata olives, cherry tomatoes, and crumbled feta, tossed with a light vinaigrette.",380.00,265.00,0.167
dish_1561575170,cauliflower,42.75,171.00,"A small serving of cooked cauliflower on a white plate, garnished with a few leaves of arugula.",36.00,145.00,0.500
dish_1561575274,millet | beef,305.18,145.00,A plate containing three small portions of meat topped with a small amount of herbed rice.,340.00,170.00,0.000
dish_1561575300,bell peppers | millet | beef,326.78,199.00,"A meal consisting of three small pan-seared pork medallions topped with an herb and garlic mixture, accompanied by raw or lightly sautéed sliced green bell peppers.",345.00,235.00,0.200
dish_1561575327,roasted potatoes | beef,453.68,289.00,"A dinner plate containing two slices of herb and rice-stuffed pork tenderloin, a side of roasted potato chunks, and a small portion of raw sliced green bell peppers.",510.00,320.00,0.250
dish_1561575347,roasted potatoes | pizza | beef,554.76,327.00,"A mixed plate containing roasted potatoes, a meat and rice mixture, fresh green bell pepper strips, and a single slice of pizza.",790.00,410.00,0.400
dish_1561575410,cauliflower,16.00,64.00,A very small portion of cooked cauliflower florets served on a large white plate.,10.00,40.00,1.000
dish_1561575445,eggplant | cauliflower,35.46,123.00,A light meal consisting of a small portion of cooked cauliflower and pan-seared eggplant cubes with a few slivers of raw carrot on a white square plate.,72.00,155.00,0.667
dish_1561575474,eggplant | roasted potatoes | cauliflower,120.06,183.00,"A very small serving of roasted eggplant, cauliflower, and potato on a large white square plate.",102.00,150.00,0.750
dish_1561575506,roasted potatoes | beef,562.04,393.00,A plate containing a portion of sliced medium-rare steak accompanied by roasted potato chunks and a mixture of roasted cauliflower and eggplant.,485.00,305.00,0.333
dish_1561575613,arugula,86.41,70.00,"A light side salad consisting of mixed greens, a small number of walnut halves, and two blueberries served on a large white square plate.",70.00,56.00,0.000
dish_1561575661,beef,418.95,228.00,"A plate featuring sliced grilled beef topped with a small amount of seasoned brown rice, served alongside a mixed green salad containing a few walnuts and black olives.",455.00,230.00,0.333
dish_1561575908,cheese pizza,106.36,40.00,A single small rectangular slice of cheese pizza on a large white plate.,160.00,65.00,1.000
dish_1561575688,beef | roasted potatoes,607.89,362.00,"A plated meal featuring sliced steak topped with grains, a side of roasted potatoes, and a mixed green salad garnished with walnuts and blueberries.",530.00,300.00,0.333
dish_1561575951,cheese pizza | beef,213.70,91.00,"A small serving of baked salmon topped with melted cheese, accompanied by a side of rice mixed with dark leafy greens.",425.00,195.00,0.333
dish_1561575996,parmesan cheese | beef | cheese pizza,290.98,128.00,"A varied meal consisting of a small baked cheesy pasta square, a small side of meat with rice and greens, several Kalamata olives, and parmesan shavings.",695.00,280.00,0.167
dish_1561575977,parmesan cheese | beef | cheese pizza,261.08,102.00,"A varied plate consisting of a piece of baked lasagna, a small side of rice with mixed meat, shaved parmesan cheese, and a small portion of cooked greens.",530.00,270.00,0.167
dish_1561576026,parmesan cheese | roasted potatoes | beef | cheese pizza,330.46,156.00,"A varied plate consisting of a small portion of a baked cheese dish, seasoned rice with meat, roasted potatoes, olives, and shaved parmesan cheese.",625.00,345.00,0.500
dish_1561576051,chicken | beef | roasted potatoes | parmesan cheese | cheese pizza,367.89,179.00,"A varied meal consisting of baked cheesy chicken, brown rice with greens, roasted potatoes, and kalamata olives, garnished with parmesan shavings.",485.00,290.00,0.429
dish_1561576212,roasted potatoes,145.23,103.00,A very small portion of roasted potato cubes served on a large white square plate.,85.00,75.00,1.000
dish_1561576257,roasted potatoes,180.88,134.00,A light portion consisting of approximately 7 pieces of roasted potato and a small amount of kidney beans with a few stray pieces of greens.,125.00,110.00,0.500
dish_1561576295,roasted potatoes,249.07,232.00,"A plate containing a mixed salad with dressing, a handful of kalamata olives, and a small serving of roasted potato cubes.",280.00,185.00,0.333
dish_1561576074,beef | cheese pizza | roasted potatoes | chicken | parmesan cheese,374.55,216.00,"A varied Mediterranean-style plate consisting of seasoned rice with meat, roasted potatoes, a small piece of cheese-topped protein/flatbread, fresh cherry tomatoes, and kalamata olives.",545.00,360.00,0.250
dish_1561576449,cauliflower,77.00,308.00,A serving of steamed cauliflower florets on a white plate.,40.00,160.00,1.000
dish_1561576320,chicken | roasted potatoes,494.80,383.00,"A composed meal plate consisting of roasted potato chunks, kalamata olives, a creamy chicken and grain salad, and a side of mixed leafy greens with a light dressing.",450.00,270.00,0.667
dish_1561576590,squash,29.23,101.00,A small portion of roasted vegetables with a small amount of quinoa on a large white plate.,80.00,105.00,0.500
dish_1561576483,cauliflower | beef,209.60,371.00,A plate consisting of a portion of plain steamed cauliflower florets accompanied by a small serving of sliced beef topped with a green herb-based sauce.,195.00,280.00,0.333
dish_1561576618,squash | eggplant,57.92,188.00,"A small portion of assorted roasted vegetables, including eggplant, yellow squash, zucchini, broccoli, and a single piece of roasted potato, lightly seasoned.",115.00,160.00,0.500
dish_1561576652,cauliflower | squash | eggplant,91.42,322.00,"A small portion of roasted vegetable medley consisting of eggplant, zucchini, yellow squash, and broccoli alongside some cauliflower florets.",125.00,270.00,0.250
dish_1561576680,cauliflower | chicken | squash | eggplant,307.86,455.00,"A plate containing roasted cauliflower, mixed sauteed vegetables, and a creamy grain-based chicken salad.",330.00,330.00,0.750
dish_1561576707,eggplant | caesar salad | chicken | cauliflower | squash,324.14,492.00,"A varied meal featuring a mix of roasted vegetables, cauliflower, and a creamy salad containing chicken and grains.",480.00,430.00,0.286
dish_1561576737,squash | eggplant | chicken | cauliflower,357.47,519.00,"A varied meal featuring steamed cauliflower, a sautéed vegetable mix of eggplant and zucchini, a portion of creamy chicken salad, and a side of fresh mixed greens.",405.00,430.00,0.600
dish_1561576767,squash | eggplant | cauliflower | chicken | pineapple,408.47,621.00,"A composed meal plate consisting of roasted vegetables (cauliflower, zucchini, eggplant), a creamy chicken and lentil salad, fresh mixed greens, and a side of fresh fruit.",385.00,470.00,0.800
dish_1561576887,eggplant,15.50,47.00,A very small portion of sautéed or roasted eggplant cubes served on a large white square plate.,45.00,60.00,1.000
dish_1561576794,beef | chicken | pineapple | cauliflower,654.72,738.00,"A varied plate consisting of sliced lean beef, roasted cauliflower, roasted mixed vegetables (eggplant/zucchini), a creamy grain-based vegetable side, and a green salad with mango.",575.00,490.00,0.286
dish_1561576916,eggplant | arugula,78.46,98.00,A light meal consisting of a small portion of mixed greens and a small side of roasted eggplant chunks.,60.00,90.00,1.000
dish_1561576954,chicken,345.34,262.00,"A plate containing a portion of creamy chicken salad, a serving of fresh leafy greens, and a small side of roasted eggplant.",305.00,230.00,0.500
dish_1561577083,cheese pizza,98.38,37.00,A single small rectangular piece of cheese pizza served on a large white plate.,140.00,55.00,1.000
dish_1561576978,chicken | beef,511.61,341.00,"A plate featuring a portion of creamy chicken salad, a side of fresh mixed greens, a small amount of roasted eggplant, and a slice of grilled meat.",485.00,330.00,0.333
dish_1561577119,tofu | cheese pizza,128.31,78.00,A small snack consisting of five bite-sized cubes of firm tofu and a single small rectangular slice of cheese pizza.,180.00,115.00,1.000
dish_1561577146,cheese pizza | tofu,154.24,99.00,"A light meal consisting of a single small slice of cheese pizza, a small portion of tofu cubes, and a small side of dressed mixed greens.",265.00,180.00,0.667
dish_1561577177,tofu | cheese pizza | roasted potatoes,234.61,156.00,"A small, light meal consisting of four cubes of plain firm tofu, a small portion of roasted potatoes, a small green side salad, and a single square of a baked, cheese-topped casserole.",370.00,290.00,0.500
dish_1561577198,tofu | roasted potatoes | cheese pizza,240.54,174.00,"A plate containing a variety of small portions: tofu cubes, mixed greens, roasted potato chunks, a small rectangular slice of pizza, and roasted eggplant pieces.",385.00,295.00,0.600
dish_1561577219,tofu | chicken | cheese pizza | roasted potatoes,308.89,216.00,"A varied sampler-style plate featuring tofu, a small lasagna square, roasted potatoes and eggplant, a small salad, and a scoop of buckwheat.",420.00,290.00,0.250
dish_1561577573,beef | pizza,755.43,346.00,A meal consisting of roughly 170g of sliced seasoned beef steak and a rectangular slice of tomato focaccia bread.,500.00,225.00,0.333
dish_1561577549,pizza,130.34,49.00,"A single small, rectangular strip of pizza topped with a slice of fresh tomato, served on a large white plate.",115.00,65.00,1.000
dish_1561577598,beef | pizza,813.45,393.00,"A meal consisting of sliced grilled steak, a small portion of mixed greens, and a single piece of tomato bruschetta.",530.00,255.00,0.000
dish_1561577678,beef | millet,218.89,104.00,A small serving of several cooked pork loin medallions on a white plate.,145.00,95.00,0.000
dish_1561577701,cauliflower | beef,258.64,263.00,A simple meal consisting of a portion of steamed cauliflower and sliced pork loin on a white plate.,275.00,240.00,0.333
dish_1561577731,mushroom | cauliflower | beef,274.26,334.00,"A plate containing sliced cooked beef, steamed cauliflower florets, and mushrooms in a creamy sauce.",290.00,280.00,1.000
dish_1561577848,chicken,413.35,254.00,"A small portion of sliced chicken breast tossed in a creamy, potentially grain-based salad dressing on a white square plate.",320.00,170.00,0.500
dish_1561577947,chicken,623.20,424.00,"A plate containing sliced chicken breast topped with a creamy lentil sauce, served alongside a mixed green salad containing a few penne pasta noodles and cherry tomatoes.",425.00,305.00,0.333
dish_1561578156,eggplant,31.99,97.00,A small portion of roasted or sautéed eggplant cubes served on a square white plate.,55.00,75.00,1.000
dish_1561578188,cauliflower | eggplant,57.99,201.00,A light meal consisting of a small portion of roasted eggplant cubes and steamed cauliflower on a white plate.,65.00,150.00,1.000
dish_1561578226,eggplant | cauliflower,119.22,289.00,"A plate containing roasted eggplant, steamed cauliflower, and a side salad of spinach, kalamata olives, and a few penne pasta noodles.",220.00,320.00,0.667
dish_1561578344,cheese pizza,144.26,86.00,A light meal consisting of a single small piece of cheesy flatbread or pizza accompanied by a small side portion of mixed green salad.,165.00,95.00,1.000
dish_1561578373,cheese pizza | caesar salad,164.50,132.00,"A light meal consisting of a single slice of cheese pizza, a small portion of Caesar salad, and a small portion of mixed greens salad.",470.00,250.00,1.000
dish_1561578394,cheese pizza | beef | caesar salad,276.04,185.00,"A plate containing a slice of cheese pizza, a small portion of Caesar salad, a small mixed green salad, and two pieces of grilled meat.",590.00,275.00,0.667
dish_1561578417,caesar salad | cheese pizza | beef,289.79,240.00,"A mixed plate consisting of a single slice of cheese pizza, two small servings of different salads, a small portion of sliced steak, and some cooked cauliflower.",600.00,380.00,0.500
dish_1561578570,beef,136.80,65.00,A very small portion of seared beef topped with chimichurri or herb sauce served on a large plate.,95.00,60.00,1.000
dish_1561578441,caesar salad | roasted potatoes | beef | cheese pizza,387.08,309.00,"A varied plate consisting of a single slice of pizza, two types of small salads (Caesar and mixed greens), a portion of steak, roasted potatoes, and steamed cauliflower.",845.00,500.00,0.600
dish_1561578461,beef | roasted potatoes | cheese pizza | chicken,522.15,392.00,"A diverse platter consisting of a small slice of pizza, two types of salad (Caesar and mixed greens), a creamy side dish, medium-rare steak, roasted potatoes, and cauliflower.",985.00,485.00,0.286
dish_1561578603,roasted potatoes | beef,180.51,96.00,A very small serving consisting of one thin slice of seared steak topped with herbs and two small chunks of roasted potato.,200.00,100.00,0.333
dish_1561578623,roasted potatoes | beef | cauliflower,208.51,208.00,"A small, light meal consisting of a piece of steak topped with chimichurri, a portion of steamed cauliflower, and two small roasted potatoes.",205.00,200.00,1.000
dish_1561578775,cheese pizza,295.15,111.00,Three small rectangular portions of cheese pizza on a large white plate.,280.00,95.00,1.000
dish_1561578676,cauliflower | roasted potatoes | beef,212.03,224.00,"A small plate consisting of a portion of steak topped with chimichurri, a serving of mashed potatoes, some roasted potato chunks, and sautéed mushrooms.",420.00,300.00,0.167
dish_1561578800,cheese pizza,338.35,146.00,A light meal consisting of a single piece of thin-crust cheese pizza served with a small side of arugula and two black olives.,305.00,140.00,0.500
dish_1561578839,cheese pizza | broccoli,362.15,214.00,A plate featuring a single slice of cheese pizza accompanied by a side of dressed arugula and roasted broccoli with cherry tomatoes.,375.00,230.00,0.667
dish_1561579505,cauliflower,31.50,126.00,A very small portion of cooked cauliflower florets centered on a large white plate.,25.00,100.00,1.000
dish_1561578865,pasta | broccoli | cheese pizza,417.19,246.00,"A varied plate consisting of thin-crust pizza squares, a side of mixed greens, a small serving of pasta with vegetables, and roasted broccoli with cherry tomatoes.",360.00,250.00,1.000
dish_1561579576,cauliflower | eggplant,78.00,267.00,A simple meal consisting of a small portion of sautéed eggplant cubes and steamed cauliflower florets.,110.00,190.00,1.000
dish_1561579617,eggplant | cauliflower | roasted potatoes,130.17,304.00,"A plate containing roasted eggplant, a small portion of steamed cauliflower, and a few pieces of roasted potato.",250.00,340.00,1.000
dish_1561579673,cauliflower | roasted potatoes | eggplant | chicken,221.30,360.00,"A balanced meal consisting of roasted eggplant, small chicken strips, steamed cauliflower florets, and a single roasted potato chunk.",260.00,340.00,1.000
dish_1561579706,eggplant | beef | roasted potatoes | chicken | cauliflower,284.44,390.00,"A balanced meal consisting of sautéed eggplant, steamed cauliflower, roasted potato chunks, a small serving of chicken strips, and an herbed meat patty.",365.00,410.00,0.667
dish_1561579824,beef,185.21,88.00,"A very small, single portion of cooked beef on a large white plate.",115.00,60.00,1.000
dish_1561579845,beef | chicken,307.26,163.00,A very small tasting-sized portion containing one piece of seared beef and one piece of breaded chicken with a cream sauce garnish on a large white plate.,210.00,105.00,1.000
dish_1561579867,beef | chicken,369.36,217.00,"A small-portion plate consisting of a thin beef medallion, a small serving of red kidney beans, and a breaded chicken strip topped with a white cream sauce.",290.00,175.00,0.667
dish_1561579902,chicken | beef,406.40,247.00,"A plate containing mixed salad greens, a small piece of grilled beef, a portion of kalamata olives, and a piece of breaded chicken topped with a creamy sauce.",405.00,220.00,0.667
dish_1561579933,chicken | beef,447.45,306.00,"A plate featuring mixed greens with vinaigrette, a portion of pitted Kalamata olives, a small piece of seared steak, and a chicken slice topped with a creamy sauce.",480.00,265.00,0.250
dish_1561580278,caesar salad,23.32,53.00,"A small portion of Caesar salad with dressing, parmesan cheese, and some crouton crumbs on a square white plate.",85.00,60.00,1.000
dish_1561580322,caesar salad,44.25,76.00,A small portion of a mixed greens salad with a light topping of quinoa and a few roasted mushroom pieces on a white plate.,70.00,90.00,0.000
dish_1561580370,pasta | caesar salad,126.80,124.00,"A small salad base containing mixed greens, a small portion of cooked penne, a scattering of quinoa, and a few croutons, all lightly coated in a creamy dressing.",295.00,132.00,0.250
dish_1561580431,chicken | beef | caesar salad | pasta,258.00,197.00,"A mixed plate consisting of penne pasta, small steak pieces, raw spinach, and a creamy sauce with a quinoa-like garnish.",485.00,200.00,0.333
dish_1561580406,caesar salad | chicken | pasta,203.28,171.00,"A mixed salad bowl containing penne pasta, quinoa, roasted vegetables, and a creamy dressing.",325.00,175.00,0.200
dish_1561580552,cauliflower,22.25,89.00,"A very small, single-serving portion of mashed potatoes on a white square plate.",45.00,55.00,0.000
dish_1561580608,cauliflower,20.25,81.00,A small portion of cooked cauliflower on a large white dinner plate.,25.00,100.00,1.000
dish_1561654326,granola,59.79,46.00,A very small serving of mixed salad greens with two raspberries on a large plate.,13.00,35.00,0.000
dish_1561580628,cauliflower | lettuce,72.43,156.00,A light meal consisting of a small portion of mixed greens with dressing and a side of mashed cauliflower or potato.,140.00,115.00,0.333
dish_1561580659,beef | millet,754.35,480.00,"A plate featuring steak strips topped with brown rice, served alongside a small green salad and a side of mashed potatoes.",345.00,250.00,0.000
dish_1561654346,brussels sprouts,79.20,84.00,"A very small portion consisting of a small salad of mixed greens, a few raspberries, and four roasted Brussels sprouts on a large white plate.",65.00,110.00,1.000
dish_1561654707,scrambled eggs,199.80,135.00,A serving of scrambled eggs on a square white plate.,140.00,100.00,1.000
dish_1561654374,scrambled eggs,326.36,251.00,"A light meal consisting of a portion of scrambled eggs, a small serving of roasted brussels sprouts, and a side of mixed leafy greens topped with a few fresh raspberries.",285.00,245.00,0.500
dish_1561654392,bacon | scrambled eggs,494.07,282.00,"A breakfast plate consisting of a generous serving of scrambled eggs, three strips of bacon, and a small side of mixed salad greens.",310.00,210.00,1.000
dish_1561654732,sweet potato | scrambled eggs,242.36,191.00,A breakfast plate containing a serving of scrambled eggs and a few pieces of roasted potatoes.,245.00,180.00,1.000
dish_1561661324,caesar salad,33.00,75.00,"A small serving of Caesar salad consisting of chopped romaine lettuce, light dressing, and parmesan shavings.",80.00,60.00,0.333
dish_1561654756,scrambled eggs | sweet potato | brussels sprouts,256.98,225.00,"A breakfast plate consisting of scrambled eggs, a few roasted Brussels sprouts, and a small portion of roasted potatoes.",355.00,255.00,1.000
dish_1561661347,green beans | caesar salad,50.67,132.00,A light meal consisting of a serving of sautéed green beans and a portion of Caesar salad.,205.00,175.00,1.000
dish_1561661377,green beans | chicken | caesar salad,306.33,294.00,"A dinner plate consisting of a breaded fish fillet, a side of green beans, and a small portion of Caesar salad.",430.00,270.00,0.500
dish_1561661449,white rice | pork,237.08,115.00,A small portion of sliced Chinese-style BBQ pork (char siu) on a white plate.,115.00,60.00,0.500
dish_1561661479,pork | white rice,242.18,166.00,A small serving of grilled pork slices accompanied by a few slices of fresh cucumber.,153.00,115.00,0.333
dish_1561661500,pork | white rice,374.78,268.00,"A plate containing a portion of white rice, several pieces of grilled sliced pork, and a few cucumber slices.",310.00,255.00,0.667
dish_1561661806,pork,183.48,89.00,A small portion of char siu pork with a modest serving of fried rice.,300.00,160.00,0.500
dish_1561661552,pork | broccoli | white rice,394.73,325.00,"A plate containing a portion of white rice, steamed broccoli, sliced fresh cucumber, and grilled chicken strips.",340.00,325.00,0.400
dish_1561661972,green beans,12.09,39.00,A small serving of cooked long green beans on a white square plate.,45.00,60.00,1.000
dish_1561661850,pizza | pork,648.98,264.00,A plate containing three slices of cheese pizza accompanied by a small portion of teriyaki chicken and white rice.,730.00,320.00,0.250
dish_1561662160,lemon juice | onions | apple | millet,41.84,36.00,"A very small serving of a green salad with red bell pepper, lightly dressed.",33.00,30.00,0.000
dish_1561662054,pork,419.44,292.00,"A balanced meal consisting of grilled pork strips served with a side of white rice, fresh spinach and carrot salad, and sautéed green beans.",370.00,265.00,0.250
dish_1561662022,green beans | millet,159.69,166.00,"A light side salad consisting of raw spinach, a few shreds of carrots, two grape tomatoes, and a portion of cooked green beans, with a light oil-based coating.",74.00,110.00,0.200
dish_1561662190,brown rice,117.32,104.00,A very small portion of brown rice served with a small amount of mixed salad greens and a light dressing.,90.00,66.00,0.500
dish_1561662358,corn on the cob,96.55,91.00,Two circular cross-sections of yellow sweet corn on the cob served on a white square plate.,85.00,95.00,1.000
dish_1561662458,corn on the cob,124.82,119.00,A light side dish consisting of two slices of corn on the cob and a small portion of spinach and tomato salad.,100.00,115.00,0.500
dish_1561662216,brown rice | pork,300.79,193.00,"A small, light meal consisting of a modest portion of brown rice, some sliced seared protein, and a small side of mixed leafy greens.",150.00,115.00,1.000
dish_1561662501,corn on the cob | tofu,158.40,165.00,"A light meal featuring several small cubes of pan-seared tofu, two slices of corn on the cob, and a small side salad with mixed greens and cherry tomatoes.",190.00,200.00,0.667
dish_1561662532,tofu | corn on the cob,166.46,191.00,"A light, balanced meal consisting of sauteed green beans and zucchini, tofu cubes, two slices of corn on the cob, and a small side of spinach with cherry tomatoes.",200.00,265.00,0.500
dish_1561662814,lemon juice | onions | apple | millet,23.24,20.00,"A very small portion consisting of sautéed leafy greens, a single piece of roasted carrot, and a small amount of quinoa on a large square plate.",33.00,52.00,0.000
dish_1561662562,pork | tofu | corn on the cob,368.49,289.00,"A varied meal consisting of pan-seared meat slices, two small corn slices, some tofu cubes, sautéed vegetables, and a small side of greens with cherry tomatoes.",475.00,325.00,0.600
dish_1561662842,chicken | brown rice,263.13,172.00,A light meal featuring a small portion of breaded chicken served alongside a side of greens mixed with cooked grains.,345.00,155.00,0.333
dish_1561662869,chicken | corn on the cob,284.35,192.00,"A light meal featuring a piece of breaded chicken, a small portion of sautéed greens, and a slice of corn on the cob.",315.00,200.00,0.667
dish_1561663035,cheese pizza,263.24,99.00,"A single slice of pizza topped with cheese and bacon bits, placed on a large white plate.",210.00,75.00,1.000
dish_1561662926,corn on the cob | chicken,288.34,213.00,"A plate featuring a small portion of breaded chicken, accompanied by a small side of mixed salad with quinoa, a single slice of corn, and one roasted carrot.",240.00,190.00,0.500
dish_1561662948,corn on the cob | chicken,293.61,230.00,"A light, composed meal consisting of breaded tofu, a small mixed salad, green beans, a slice of corn, and a small serving of quinoa.",275.00,235.00,0.200
dish_1561663580,chicken | brown rice,432.06,307.00,A simple meal consisting of a small portion of seasoned white rice and two pieces of cooked bone-in chicken.,355.00,210.00,1.000
dish_1561663068,cheese pizza,332.89,168.00,A meal consisting of one slice of pizza and a light green side salad.,305.00,185.00,0.500
dish_1561663541,brown rice,124.32,112.00,A small serving of cooked brown rice with a savory sauce on a white plate.,160.00,130.00,1.000
dish_1561663606,brown rice | corn on the cob | chicken,474.50,347.00,"A light meal consisting of chicken leg and thigh, a small portion of browned rice, and two slices of corn.",495.00,325.00,1.000
dish_1561663786,corn on the cob,46.68,44.00,A single thin slice of corn on the cob on a large white plate.,25.00,35.00,1.000
dish_1561663817,corn on the cob,95.50,86.00,"A very small serving of mixed salad greens, a few thin slices of red bell pepper, and a single small cross-section of corn on the cob.",35.00,65.00,0.500
dish_1561663855,corn on the cob | chicken,179.14,139.00,"A light meal consisting of a single chicken drumstick, a small portion of mixed greens with red peppers, and a thin slice of corn on the cob.",190.00,145.00,0.667
dish_1561663891,pork | chicken | corn on the cob,247.17,172.00,"A light meal consisting of a small roast chicken drumstick, two slices of roast meat, a small side of mixed salad with peppers, and a single cross-section slice of corn on the cob.",230.00,215.00,0.400
dish_1561663990,chicken,181.49,115.00,"A single small, partially eaten portion of a savory baked or fried vegetable dish on a large white plate.",145.00,65.00,0.000
dish_1561663914,chicken | corn on the cob | pork,257.40,205.00,"A balanced meal consisting of a fried chicken drumstick, two thin slices of roasted meat, a mixed leafy green salad, green beans, and a small slice of corn on the cob.",340.00,305.00,0.500
dish_1561664013,chicken | pork,280.44,163.00,A plate containing a small serving of sliced pork loin and a portion of bread stuffing.,275.00,135.00,0.333
dish_1561664042,chicken | pork,285.04,209.00,"A plate containing a small portion of sliced cucumber, pan-seared pork loin, and a scoop of savory bread stuffing.",320.00,245.00,0.250
dish_1561664977,green beans,14.57,47.00,A small portion of stir-fried yardlong beans served on a large white square plate.,45.00,80.00,1.000
dish_1561664061,chicken | green beans | pork,303.64,269.00,"A plate consisting of a slice of savory casserole, a small portion of grilled meat, sautéed green beans, and sliced raw cucumbers.",395.00,310.00,0.400
dish_1561665024,green beans,100.57,121.00,"A light side dish consisting of cooked dark leafy greens and long green beans, garnished with a few golden raisins.",65.00,93.00,0.500
dish_1561665065,chicken,387.80,303.00,"A meal consisting of two breaded chicken portions, a serving of leafy greens with raisins, and a small side of long green beans.",345.00,265.00,0.333
dish_1561665378,corn on the cob,74.27,70.00,Two small cross-section slices of yellow sweet corn served on a large white plate.,50.00,60.00,1.000
dish_1561665422,corn on the cob | chicken,571.39,385.00,"A light meal consisting of a small serving of breaded chicken, two small slices of corn, and a piece of wilted green vegetable.",335.00,165.00,0.667
dish_1561665452,chicken | corn on the cob,624.85,431.00,A light meal featuring a piece of breaded white fish served alongside a small portion of mixed salad greens with quinoa and a slice of corn.,385.00,235.00,0.250
dish_1561665626,corn on the cob,51.99,49.00,A single small segment of boiled corn on the cob served on a large white plate.,45.00,50.00,1.000
dish_1561665671,corn on the cob | pizza,158.39,89.00,A very small portion consisting of a piece of vegetable pastry and a small segment of corn on the cob on a large white square plate.,155.00,75.00,0.333
dish_1561665706,chickpeas | corn on the cob | pizza,386.35,228.00,"A light meal consisting of a small portion of chickpea salad, one segment of corn on the cob, and a small wedge of a vegetable-topped pastry.",265.00,205.00,0.500
dish_1561666619,grapes,35.88,52.00,A small portion of 13 red grapes served on a white square plate.,35.00,50.00,1.000
dish_1561665747,chickpeas | pizza | corn on the cob,486.30,314.00,"A vegetable-heavy meal consisting of sautéed long beans, a chickpea salad with mixed vegetables, a small slice of corn on the cob, and a stuffed squash or zucchini slice.",290.00,310.00,0.400
dish_1561666640,cantaloupe | grapes,48.80,90.00,A light snack consisting of approximately 11 small red grapes and 8 cubes of fresh cantaloupe melon served on a square plate.,64.00,135.00,1.000
dish_1561666761,cheese pizza,114.34,43.00,A single piece of cheese pizza served on a large white plate.,165.00,55.00,1.000
dish_1561666794,cheese pizza | caesar salad,138.10,97.00,A light meal consisting of a small portion of Caesar salad and a single thin-crust cheese pizza slice.,245.00,115.00,1.000
dish_1561666821,caesar salad | cheese pizza,211.79,170.00,A light meal consisting of a small slice of cheese pizza and two small side salads: one Caesar style and one spinach-based salad.,335.00,185.00,0.667
dish_1561666849,cheese pizza | corn on the cob | caesar salad,347.59,298.00,"A plate containing a portion of cheese pizza, two small segments of corn on the cob, a serving of Caesar salad, and a serving of mixed green salad.",385.00,260.00,1.000
dish_1561666875,corn on the cob | caesar salad | cheese pizza | chicken,443.86,359.00,"A plate containing a slice of cheese pizza, a small chicken drumstick, two slices of corn on the cob, a portion of caesar salad, and a portion of mixed green salad.",455.00,280.00,1.000
dish_1561666897,chicken | pork | corn on the cob | cheese pizza,532.51,402.00,"A varied meal consisting of a slice of pizza, roasted chicken pieces, two corn segments, and two small servings of different salads (Caesar and mixed greens).",645.00,405.00,0.600
dish_1561667207,pork | white rice,249.44,121.00,A modest serving of white rice topped with several slices of pan-seared pork served on a white square plate.,355.00,200.00,1.000
dish_1561666923,corn on the cob | cheese pizza | chicken | pork,539.64,425.00,"A varied plate containing a slice of cheese pizza, grilled chicken pieces, Caesar salad, mixed greens, corn on the cob, and green beans.",710.00,435.00,0.500
dish_1561667238,caesar salad | white rice | pork,268.80,165.00,A meal consisting of sliced roasted pork topped with white rice and a side of caesar salad with croutons.,530.00,265.00,1.000
dish_1561667430,white rice | sugar | pork,342.21,166.00,"A plate containing sliced grilled pork, likely a glazed variety, with a very small portion of white rice incorporated.",330.00,170.00,0.667
dish_1561736715,scrambled eggs,161.32,109.00,A small portion of scrambled eggs served on a white square plate.,140.00,100.00,1.000
dish_1561736736,scrambled eggs | bacon,356.08,145.00,A breakfast plate containing scrambled eggs topped with two full strips of bacon and a small fragment of a third strip.,295.00,145.00,1.000
dish_1561737176,sausage,403.18,117.00,Seven slices of cooked sausage served on a white square plate.,240.00,90.00,1.000
dish_1561737200,egg whites | sausage,478.58,262.00,A simple meal consisting of a small portion of scrambled egg whites alongside several sliced sausage links.,290.00,175.00,1.000
dish_1561737223,sausage | broccoli | egg whites,503.78,334.00,"A plate containing a serving of scrambled egg whites, roasted broccoli, and several sections of sliced smoked sausage links.",360.00,305.00,1.000
dish_1561737248,sausage | egg whites | hash browns,699.38,394.00,"A breakfast plate consisting of sliced sausages, egg whites, shredded hash browns, and roasted broccoli florets.",470.00,325.00,0.750
dish_1561737271,sausage | hash browns | pineapple | egg whites,762.38,520.00,"A breakfast plate containing scrambled egg whites, pan-fried hash browns, fresh pineapple chunks, sliced breakfast sausages, and roasted broccoli.",500.00,420.00,0.800
dish_1561737293,sausage | pineapple | egg whites | hash browns,801.82,636.00,"A varied breakfast plate featuring cantaloupe, pineapple, roasted broccoli, shredded hash browns, sausage links, and scrambled eggs.",605.00,590.00,0.667
dish_1561737776,bagels | cream cheese,375.30,139.00,Two halves of a small toasted bagel topped with a layer of herb cream cheese on a square white plate.,360.00,130.00,0.500
dish_1561737839,,210.90,370.00,A bowl filled with red grapes.,255.00,380.00,0.000
dish_1561739160,,34.77,61.00,"A small, sparse snack consisting of 3 blackberries and 6 raspberries on a large plate.",13.00,23.00,
dish_1561739188,sweet potato,97.09,143.00,A small snack plate consisting of roasted sweet potato cubes and a handful of mixed fresh berries (blackberries and raspberries).,81.00,120.00,1.000
dish_1561739212,egg whites | sweet potato,134.01,214.00,"A light snack plate consisting of chunks of fresh mozzarella, roasted sweet potato cubes, and a small serving of fresh raspberries and blackberries.",215.00,145.00,0.333
dish_1561739238,egg whites | hash browns | sweet potato,274.19,257.00,"A small snack plate containing chunks of fresh mozzarella cheese, shredded coconut, roasted sweet potato cubes, and a handful of mixed blackberries and raspberries.",270.00,167.00,0.200
dish_1561739576,sweet potato,63.84,84.00,A small serving of roasted sweet potato cubes on a large white plate.,85.00,75.00,1.000
dish_1561739623,broccoli | sweet potato,156.24,348.00,"A side-dish portion consisting of roasted broccoli, sweet potato cubes, and a single strawberry.",169.00,272.00,1.000
dish_1561739265,sweet potato | hash browns | broccoli | egg whites,292.04,308.00,"A mixed plate containing a small portion of fresh mozzarella, white rice, roasted broccoli, roasted sweet potato cubes, and fresh raspberries and blackberries.",320.00,265.00,0.333
dish_1561739649,sweet potato | broccoli,208.23,388.00,"A light vegetarian meal consisting of roasted broccoli, roasted sweet potato cubes, a small portion of salad greens, and a single strawberry.",165.00,267.00,1.000
dish_1561739719,sweet potato | broccoli,350.16,637.00,"A plate consisting of a berry and mixed greens salad, steamed broccoli, and roasted sweet potato pieces.",200.00,370.00,1.000
dish_1561739805,broccoli | sweet potato | scrambled eggs | cantaloupe,696.36,1102.00,"A breakfast or brunch plate featuring a mix of scrambled eggs, fresh fruit salad, roasted sweet potatoes, and a small side of greens with broccoli.",345.00,480.00,1.000
dish_1561739760,broccoli | cantaloupe | sweet potato,452.16,937.00,"A fresh composed salad featuring cantaloupe, roasted sweet potato, broccoli, and mixed berries served on a bed of greens.",205.00,405.00,1.000
dish_1561739930,sweet potato,60.04,79.00,A small serving of roasted sweet potato cubes served on a white square plate.,85.00,95.00,1.000
dish_1561739954,sweet potato | scrambled eggs,276.12,225.00,"A breakfast plate consisting of a portion of scrambled eggs with orange garnish and a side of roasted, cubed sweet potatoes.",390.00,270.00,1.000
dish_1561740321,bell peppers | garlic | cucumbers | radishes,52.98,28.00,"A very small serving of cooked leafy greens, likely spinach, with a few strands of shredded carrots.",30.00,100.00,0.000
dish_1561740353,bell peppers | garlic | cucumbers | radishes,75.42,96.00,"A light snack consisting of sliced fresh strawberries and a small portion of cooked, wilted spinach with tiny carrot shreds.",55.00,125.00,0.000
dish_1561739973,broccoli | scrambled eggs | sweet potato,295.37,280.00,"A balanced meal consisting of scrambled eggs with visible cheese, a side of roasted sweet potato, and steamed broccoli.",435.00,320.00,1.000
dish_1561740385,broccoli,99.37,139.00,"A light meal consisting of sliced fresh strawberries, raw spinach leaves, and a small portion of cooked broccoli.",70.00,170.00,0.500
dish_1561741063,cottage cheese,132.30,135.00,A single serving bowl containing approximately 175 grams of cottage cheese.,145.00,175.00,1.000
dish_1561740411,scrambled eggs,333.21,297.00,"A plate containing scrambled eggs with a side of sautéed spinach, broccoli, and red bell pepper slices.",270.00,310.00,0.250
dish_1561741090,cottage cheese | cantaloupe,161.54,221.00,A bowl containing cantaloupe melon chunks served over a base of cottage cheese.,147.00,250.00,1.000
dish_1561741139,bacon,108.20,20.00,A single strip of cooked bacon on a large white plate.,85.00,15.00,1.000
dish_1561741174,scrambled eggs | bacon,245.84,113.00,A simple breakfast plate consisting of a portion of scrambled eggs and two strips of bacon.,250.00,140.00,1.000
dish_1561746876,salmon | brown rice,149.44,84.00,A single small piece of pan-seared salmon fillet served on a large white plate.,115.00,60.00,0.500
dish_1561746970,tatsoi | salmon,303.64,363.00,A balanced meal consisting of a piece of pan-seared salmon served alongside pearl couscous with Brussels sprouts and a side of mixed greens with roasted red peppers.,480.00,290.00,0.333
dish_1561747075,tortilla | chicken thighs | cheese,646.59,301.00,"A serving of chicken pieces coated in a thick, savory tomato-based sauce served on a square plate.",380.00,220.00,0.333
dish_1561746912,brown rice | salmon,264.10,210.00,A small portion of pan-seared salmon served with a side of couscous and a few roasted Brussels sprouts.,330.00,175.00,0.333
dish_1561748274,tortilla | chicken thighs | cheese,558.51,260.00,"A single serving of a baked, cheesy vegetable casserole on a square plate.",380.00,220.00,0.000
dish_1561748862,brown rice | salmon,154.77,87.00,A very small portion of cooked salmon with a few scattered grains of white rice on a large white plate.,160.00,80.00,1.000
dish_1561748950,honeydew melons | brown rice | salmon,197.25,205.00,"A simple meal consisting of a small, seasoned salmon fillet and a serving of cubed honeydew melon.",180.00,185.00,0.667
dish_1561749016,salmon | brown rice | honeydew melons,280.12,272.00,"A balanced meal consisting of a piece of grilled salmon, a side of fresh honeydew melon cubes, and a small portion of mixed greens.",195.00,225.00,0.667
dish_1561749061,salmon | honeydew melons,302.86,360.00,"A plate containing a pan-seared salmon fillet, a side salad with mixed greens, and several pieces of fresh honeydew melon.",410.00,340.00,1.000
dish_1561749392,chicken thighs | cheese | salmon | tortilla,416.78,210.00,"A modest serving featuring a piece of seared fish, a portion of tomato-based vegetable stew, and a small amount of rice.",245.00,165.00,0.000
dish_1561749348,brown rice | salmon,165.45,93.00,A very small portion consisting of a single piece of seared fish with a tiny amount of rice and a single arugula leaf garnish on a large white plate.,171.00,97.00,0.250
dish_1561749664,brown rice | salmon,288.20,162.00,A plate with a small portion of cooked salmon and a few stray grains of rice.,245.00,117.00,1.000
dish_1561749711,salmon | brown rice,300.08,228.00,A light meal consisting of a cooked piece of salmon and a small serving of fresh grape tomatoes.,305.00,220.00,0.333
dish_1561749778,broccoli | salmon | brown rice,334.53,340.00,"A healthy meal consisting of a portion of cooked salmon accompanied by steamed broccoli, a serving of cherry tomatoes, thin radish slices, and a small garnish of raw red onion.",360.00,380.00,0.333
dish_1561749750,broccoli | brown rice | salmon,330.53,315.00,"A healthy meal consisting of a piece of pan-seared salmon served with sautéed broccoli, raw cherry tomatoes, and thin slivers of raw red onion.",365.00,330.00,0.400
dish_1561749857,brown rice | salmon | broccoli | brussels sprouts,366.58,447.00,"A balanced meal consisting of a small portion of salmon, a small piece of steak, steamed broccoli, a few roasted Brussels sprouts, and a side of fresh cucumber, radish, and tomato salad.",355.00,440.00,0.600
dish_1561749818,brown rice | salmon | broccoli,340.03,395.00,"A healthy plate consisting of two portions of salmon, steamed or roasted broccoli, and a mixed vegetable salad including cucumber, cherry tomatoes, and radishes.",365.00,410.00,0.333
dish_1561751897,brown rice | salmon,354.02,199.00,A light meal consisting of a small piece of seared salmon topped with a small amount of brown rice and a few leaves of arugula.,212.00,125.00,0.667
dish_1561751958,brown rice | salmon,381.23,293.00,"A light meal consisting of grilled salmon, a mixture of sauteed yellow squash and zucchini, a small portion of brown rice, and a few leaves of arugula on a white plate.",370.00,275.00,0.500
dish_1561749908,brown rice | brussels sprouts | broccoli | salmon,377.26,472.00,"A balanced meal consisting of grilled salmon served with a variety of cooked vegetables, including broccoli, Brussels sprouts, and roasted root vegetables, accompanied by a fresh side salad of cucumbers, celery, radishes, and cherry tomatoes.",295.00,400.00,0.375
dish_1561752035,brown rice | salmon,454.94,374.00,"A plate containing a pan-seared salmon fillet topped with a grain, raisin, and vegetable salad, accompanied by roasted summer squash and garnished with fresh arugula.",480.00,310.00,0.200
dish_1561752449,tortilla | chicken thighs | cheese,287.85,134.00,A single small piece of savory Korean-style kimchi pancake served on a large white plate.,145.00,75.00,0.000
dish_1561752481,tortilla | cheese | chicken thighs,297.98,169.00,A light meal consisting of a single fried vegetable fritter accompanied by a small portion of sliced yellow squash.,155.00,115.00,0.000
dish_1561752509,tortilla | chicken thighs | cheese,321.48,224.00,A light meal consisting of a single vegetable fritter accompanied by a few pieces of roasted potato and slices of summer squash.,225.00,195.00,0.000
dish_1561752535,tortilla | chicken thighs | caesar salad | cheese,358.00,307.00,"A plate containing roasted vegetable chunks, a creamy cabbage-based side, and a pan-seared vegetable patty.",370.00,350.00,0.000
dish_1561752680,cheese pizza,465.32,175.00,Two slices of cheese pizza on a square plate.,520.00,220.00,1.000
dish_1561752970,tortilla | chicken thighs | cheese,642.29,299.00,A single portion of baked lasagna with tomato-based meat sauce and melted cheese served on a large white square plate.,380.00,220.00,0.000
dish_1561752563,cheese | caesar salad | chicken thighs | tortilla,373.51,367.00,"A varied plate consisting of a savory vegetable fritter, roasted potatoes, roasted yellow squash, a small portion of Caesar salad, and a side of mixed greens with cucumber.",440.00,380.00,0.125
dish_1561752996,cheese | salmon | chicken thighs | tortilla,848.66,415.00,A meal consisting of a small baked salmon fillet and a portion of baked pasta covered in tomato sauce and melted cheese.,545.00,270.00,0.500
dish_1561753168,brown rice | salmon,245.50,138.00,"A single, small portion of pan-seared fish on a large white plate.",140.00,75.00,0.000
dish_1561753021,cheese | caesar salad | chicken thighs | salmon | tortilla,918.18,573.00,"A plate containing a portion of Caesar salad, baked pasta with tomato sauce and cheese, and a piece of cooked salmon.",740.00,355.00,0.600
dish_1561753075,salmon | chicken thighs | caesar salad | cheese | tortilla,945.67,668.00,"A balanced meal consisting of a small portion of lasagna, a side of Caesar salad, roasted summer squashes, and a piece of baked salmon.",805.00,465.00,0.286
dish_1561753203,brown rice | salmon | squash,265.47,207.00,A light meal consisting of a small portion of pan-seared salmon accompanied by a few pieces of sautéed yellow squash and zucchini on a large white plate.,195.00,155.00,0.667
dish_1561753238,brown rice | salmon | tatsoi,298.03,333.00,A balanced plate featuring a seared salmon fillet served alongside sautéed summer squash and a mixed green salad with shredded cheese and cherry tomatoes.,380.00,285.00,0.200
dish_1561753275,brown rice | pineapple | salmon,330.03,397.00,"A plate containing a piece of pan-seared or grilled salmon, a small portion of sautéed summer squash and zucchini, a few pieces of fresh pineapple, and a mixed leafy green salad with cherry tomatoes.",395.00,400.00,0.400
dish_1561753371,chicken thighs | cheese | tortilla,221.26,103.00,"A small portion of shredded chicken or meat cooked in a red sauce, served on a large white plate.",115.00,70.00,0.333
dish_1561753400,cheese | salmon | tortilla | chicken thighs,354.68,178.00,A small meal consisting of a piece of salmon with skin and a side of pan-fried vegetables or vegetable fritters on a large white plate.,210.00,135.00,0.200
dish_1561753589,brown rice | salmon,138.76,78.00,A very small portion of cooked salmon with a single piece of arugula on a large white plate.,115.50,57.00,0.333
dish_1561753432,salmon | cheese | chicken thighs | tortilla,380.32,238.00,"A plate containing a piece of pan-seared salmon, roasted potato chunks, a small amount of greens, and an additional thin, savory protein slice.",405.00,225.00,0.143
dish_1561753477,salmon | cheese | chicken thighs | tortilla,432.27,280.00,"A balanced meal consisting of a small salmon fillet, a portion of shredded chicken in sauce, roasted sweet potato cubes, and a side salad of arugula with shaved parmesan.",415.00,275.00,0.600
dish_1561753623,squash | salmon | brown rice,159.31,149.00,A light meal featuring a small portion of cooked salmon accompanied by a few pieces of cooked zucchini and a lemon wedge.,195.00,165.00,0.200
dish_1561753649,brown rice | squash | salmon,164.01,196.00,A light meal featuring a small portion of pan-seared salmon served alongside sautéed zucchini and a few small pieces of potato.,260.00,210.00,0.200
dish_1562007739,caesar salad,28.60,65.00,A small portion of Caesar salad on a large plate.,145.00,85.00,1.000
dish_1562007763,quinoa | caesar salad,290.70,298.00,A plate containing two portions of seasoned baked chicken breast and a small side of Caesar salad.,420.00,220.00,0.333
dish_1562007789,caesar salad | quinoa,302.95,322.00,"A plate consisting of two pieces of herb-crusted chicken, a side of caesar salad, and a small portion of roasted brussels sprouts.",620.00,325.00,0.250
dish_1562007842,caesar salad | quinoa | pork,492.28,434.00,"A balanced meal consisting of a roasted chicken breast, a portion of Caesar salad, and a side of couscous with small roasted vegetable pieces.",630.00,330.00,0.200
dish_1562007817,quinoa | caesar salad | pork,444.12,391.00,"A plate containing a piece of herb-crusted chicken, a smaller portion of browned meat (likely pork or dark chicken), a side of Caesar salad, and a few roasted Brussels sprouts.",675.00,370.00,0.400
dish_1562007866,caesar salad | quinoa | pork,497.86,465.00,"A plate containing roasted chicken, caesar salad, couscous with a bit of squash or puree, cherry tomatoes, and sautéed mushrooms.",605.00,400.00,0.167
dish_1562008394,cucumbers,2.40,24.00,A very small portion consisting of a few thin half-slices of fresh cucumber on a large white plate.,5.00,35.00,1.000
dish_1562008429,pork,94.47,69.00,A very small portion of food consisting of a few pieces of cooked chicken and three small cucumber slices on a large plate.,50.00,55.00,0.000
dish_1562007904,quinoa | pork | caesar salad,525.46,489.00,"A balanced plate containing roasted chicken, a side Caesar salad, couscous, a few cherry tomatoes, black olives, and a small serving of sauteed mushrooms or meat.",660.00,445.00,0.167
dish_1562008476,brussels sprouts | pork,120.51,120.00,"A light meal consisting of cooked brussels sprouts, a small piece of chicken, and three thin slices of cucumber.",130.00,200.00,0.250
dish_1562008517,quinoa | pork | brussels sprouts,401.73,370.00,"A plate containing a roasted chicken thigh, a small portion of roasted Brussels sprouts, a few thin slices of cucumber, and a small serving of what appears to be grains or stuffing.",430.00,270.00,0.167
dish_1562008549,brussels sprouts | pork | quinoa,417.13,405.00,"A plate containing a roasted chicken thigh, a side of sautéed brussels sprouts, a small creamy green salad, and two slices of cucumber.",415.00,290.00,0.200
dish_1562008695,cauliflower,18.00,72.00,A very small portion of raw cauliflower florets on a white plate.,10.00,40.00,1.000
dish_1562008738,arugula | cauliflower,64.07,109.00,"A small, light salad consisting of a modest portion of mixed leafy greens and a few cauliflower florets on a white plate.",15.00,60.00,0.500
dish_1562008780,cauliflower,180.85,195.00,A light side dish consisting of a small portion of mixed greens salad and several pieces of fresh cauliflower.,50.00,130.00,1.000
dish_1562008936,caesar salad,57.64,131.00,"A very small serving of Caesar salad consisting primarily of dressed romaine lettuce, scattered on a large white plate.",85.00,65.00,1.000
dish_1562008813,quinoa | cauliflower,214.59,225.00,"A light meal featuring a single roasted chicken wing, a small portion of mixed greens with visible broccoli pieces, and two raw cauliflower florets.",140.00,175.00,0.333
dish_1562008842,quinoa | pork | cauliflower,355.76,294.00,"A light meal consisting of a roasted chicken wing, a small serving of mixed salad greens with broccoli and roasted sprouts, and a few cauliflower florets.",270.00,230.00,0.250
dish_1562008979,pork | caesar salad,382.94,290.00,A plate featuring a portion of cooked seasoned chicken alongside a Caesar-style green salad and a small side of mixed grains and cabbage.,295.00,195.00,0.250
dish_1562009098,tofu,70.08,96.00,"A small portion of stir-fried rice with bits of tempeh and mixed vegetables, likely cooked with oil.",145.00,135.00,0.000
dish_1562009006,pork | pizza | caesar salad,470.72,323.00,"A mixed plate containing a small portion of breaded chicken with grains and slaw, a side of Caesar salad, and a single small slice of pepperoni pizza.",680.00,310.00,0.500
dish_1562009120,brussels sprouts | tofu,95.61,146.00,"A modest plate containing roasted Brussels sprouts, a small portion of rice with vegetables, and a single piece of fried tofu or tempeh.",200.00,220.00,0.667
dish_1562009148,tofu | pork | brussels sprouts,226.55,210.00,"A light, somewhat scattered meal consisting of roasted brussels sprouts, a small amount of mixed brown rice, sautéed greens, and small pieces of cooked protein.",270.00,265.00,0.167
dish_1562009314,brussels sprouts,99.57,195.00,A serving of roasted Brussels sprouts on a white plate. They appear to be lightly charred from roasting.,145.00,250.00,1.000
dish_1562009182,brussels sprouts | tofu | pork,306.23,274.00,"A balanced meal consisting of roasted Brussels sprouts, a mixed green salad with seeds, and a small portion of seasoned brown rice with peppers and protein pieces.",285.00,280.00,0.250
dish_1562009810,brown rice,119.88,108.00,A small serving of cooked brown rice with visible small pieces of carrots on a large plate.,145.00,115.00,1.000
dish_1562010048,pork,407.13,199.00,"A small, leftover portion of stir-fried chicken with some mixed vegetables on a large white square plate.",115.00,75.00,0.000
dish_1562009894,brown rice,244.81,200.00,A simple meal consisting of a side of brown rice and a mixed green salad with shredded carrots and a sprinkle of cheese.,205.00,185.00,1.000
dish_1562009934,quinoa | brown rice,434.91,369.00,"A plate containing roasted chicken (a thigh and a drumstick), a portion of brown rice, and a mixed green salad with roasted Brussels sprouts and light crumbled cheese.",580.00,335.00,0.250
dish_1562010085,brussels sprouts | pork,440.32,264.00,A modest plate containing roasted Brussels sprouts and a seared protein dish with some mixed sautéed vegetables.,220.00,195.00,0.667
dish_1562010266,pork,581.03,284.00,A modest portion of stir-fried pork combined with cooked grains and some shredded vegetable slaw served on a square plate.,285.00,160.00,1.000
dish_1562010130,pork | chickpeas,638.19,376.00,"A meal consisting of roasted chicken, roasted Brussels sprouts, and a side of dark leafy greens salad.",375.00,320.00,0.000
dish_1562010293,pork | caesar salad,633.83,404.00,"A light meal consisting of stir-fried rice with bits of chicken and vegetable slaw, accompanied by a small portion of Caesar salad.",540.00,310.00,0.333
dish_1562010315,caesar salad | pork,671.11,477.00,"A balanced meal consisting of brown rice with mixed additions, roasted brussels sprouts, and a side of caesar salad.",620.00,370.00,0.250
dish_1562010394,pork,188.61,116.00,A very light portion of mixed greens salad served alongside a single small piece of breaded chicken.,95.00,65.00,0.000
dish_1562010369,pork,141.17,69.00,A very small portion of what appears to be leftover cooked pork and a few pieces of coleslaw remaining on a large square plate.,100.00,50.00,0.500
dish_1562010418,pork | brussels sprouts,209.55,157.00,"A light meal consisting of a small serving of mixed greens, several roasted Brussels sprouts, and a single bite-sized piece of cooked chicken.",100.00,115.00,0.333
dish_1562010821,pork,274.15,134.00,A small portion consisting of what appears to be scattered wheat berries and several bite-sized pieces of cooked protein/meat.,175.00,85.00,0.000
dish_1562010440,pork | brussels sprouts,247.63,191.00,"A modest meal consisting of a small portion of couscous, a few roasted Brussels sprouts, a handful of mixed greens, and a small portion of unidentified protein.",175.00,185.00,0.333
dish_1562010865,pork,376.24,216.00,"A light salad consisting of arugula, a few fresh blackberries, scattered dried goji berries, some shavings of hard cheese, and a small portion of roasted meat underneath.",173.00,123.00,0.000
dish_1562010891,pineapple | pork,438.74,341.00,"A light salad composed of fresh pineapple chunks, a small handful of blackberries, arugula, and a garnish of goji berries.",135.00,250.00,0.250
dish_1562011727,pork,372.35,182.00,"A small portion of a stir-fried dish containing shredded cabbage, carrots, and brown rice.",145.00,130.00,0.000
dish_1562010929,pork | pineapple,457.27,405.00,"A fruit and green salad featuring pineapple chunks, blackberries, arugula, and a light topping of seeds and dried fruit.",145.00,223.00,0.250
dish_1562011765,brussels sprouts | pork,423.92,283.00,A small portion of roasted brussels sprouts combined with a diced chicken and shredded vegetable stir-fry served on a large white square plate.,195.00,170.00,0.333
dish_1562011794,pork | brussels sprouts,514.64,364.00,"A dinner plate featuring couscous mixed with raisins, roasted brussels sprouts topped with sliced almonds, and a portion of cooked chicken.",445.00,285.00,0.250
dish_1562012048,quinoa,278.97,248.00,Two pieces of roasted or baked chicken breast on a large white plate.,210.00,130.00,0.000
dish_1562012076,quinoa | white rice,525.97,438.00,"A serving of two pieces of pan-seared or baked chicken with a side of white rice, served on a square white plate.",440.00,250.00,0.333
dish_1562085132,bacon,91.97,17.00,Two strips of cooked bacon on a white square plate.,90.00,16.00,1.000
dish_1562085163,scrambled eggs | bacon,279.93,144.00,A breakfast plate containing a generous portion of scrambled eggs and two strips of cooked bacon.,340.00,180.00,1.000
dish_1562085185,bacon | hash browns | scrambled eggs,550.51,227.00,"A breakfast plate containing scrambled eggs, two strips of bacon, and crispy hash browns.",560.00,310.00,1.000
dish_1562085604,,241.11,423.00,"A small bowl containing a mix of fresh pineapple chunks, blueberries, and sliced strawberries.",105.00,220.00,0.000
dish_1562086037,,68.97,121.00,A small serving of fresh raspberries and blackberries on a square white plate.,37.00,70.00,
dish_1562085672,bread,122.08,46.00,A single slice of toasted white bread centered on a white plate.,85.00,30.00,1.000
dish_1562086067,yam,178.18,209.00,A plate containing roasted sweet potato chunks and a mixture of fresh raspberries and blackberries.,125.00,175.00,0.000
dish_1562086116,scrambled eggs | yam,290.66,285.00,"A breakfast plate containing scrambled eggs, roasted sweet potato pieces, and a side of mixed raspberries and blackberries.",280.00,255.00,0.333
dish_1562086501,scrambled eggs,195.36,132.00,A small portion of scrambled eggs served on a large white plate.,140.00,100.00,1.000
dish_1562086564,fruit salad | scrambled eggs,286.81,287.00,"A breakfast plate containing a portion of scrambled eggs, a small fruit salad with a light dressing, and a decorative piece of lettuce.",237.00,260.00,0.667
dish_1562086702,bacon,178.53,33.00,"Three slices of cooked, crispy bacon on a white square plate.",135.00,25.00,1.000
dish_1562086740,scrambled eggs | bacon,447.89,215.00,A simple breakfast plate consisting of a generous portion of scrambled eggs and two strips of bacon.,300.00,164.00,1.000
dish_1562086595,fruit salad | scrambled eggs | yogurt,308.60,324.00,A breakfast plate featuring a portion of scrambled eggs alongside a fruit salad with a small dollop of yogurt and a few garnish leaves.,397.00,380.00,0.750
dish_1562094621,green beans,10.54,34.00,A very small serving of cooked green beans on a large white plate.,15.00,45.00,1.000
dish_1562094694,green beans,134.60,142.00,A light meal consisting of a serving of mixed leafy green salad and a side of cooked green beans.,40.00,125.00,1.000
dish_1562094730,chicken thighs,428.19,336.00,"A balanced meal consisting of a large portion of mixed greens, a single roasted chicken drumstick, a small serving of couscous, and green beans.",290.00,250.00,0.500
dish_1562094877,quinoa | chicken thighs,234.58,155.00,"A light meal consisting of a single chicken drumstick and a small portion of cooked, seasoned or breaded chicken on a large white plate.",250.00,130.00,0.333
dish_1562094931,chicken thighs | white beans | fish,376.75,282.00,A light meal consisting of a single roasted chicken drumstick and a small portion of tofu with greens.,245.00,165.00,0.250
dish_1562095283,spinach (raw),229.52,197.00,"A small portion of mixed green salad with slivers of red bell pepper, likely served as a side dish or light starter.",20.00,80.00,0.000
dish_1562095340,pizza,718.96,381.00,A plate featuring two slices of pepperoni pizza served alongside a side portion of mixed green salad with sliced red peppers.,625.00,300.00,1.000
dish_1562096343,cucumbers,6.20,62.00,A sparse serving of approximately 35 grams of thinly sliced cucumber on a large white plate.,5.00,35.00,1.000
dish_1562096372,chicken thighs | quinoa,346.71,287.00,A simple meal consisting of a roasted chicken leg quarter (broken into pieces) served with a small side of sliced fresh cucumbers.,250.00,190.00,0.333
dish_1562096401,chicken thighs | green beans | quinoa,366.86,352.00,"A plate featuring roasted chicken (thigh and drumstick), steamed green beans, and a small side of sliced cucumbers.",320.00,290.00,0.500
dish_1562096512,beets | artichokes | garlic,30.34,25.00,A small portion of sautéed curly kale on a large white plate.,55.00,45.00,0.000
dish_1562096542,green beans,38.09,50.00,A very small portion of cooked green beans alongside a small amount of sautéed kale.,55.00,85.00,0.500
dish_1562096584,quinoa | green beans,94.99,90.00,"A light meal consisting of a small portion of quinoa, a few green beans, and a portion of dressed kale.",190.00,155.00,0.667
dish_1562096608,fish | quinoa,176.71,163.00,"A light meal featuring a small portion of white fish, a side of green beans, some quinoa, and a serving of dressed kale.",240.00,225.00,0.500
dish_1562096907,white beans | fish,297.78,266.00,A light portion of flaked white fish served with a small amount of white beans and a garnish of mixed greens.,185.00,155.00,1.000
dish_1562096633,chicken thighs | quinoa | fish,288.70,237.00,"A light meal consisting of one chicken wing, a small portion of couscous, steamed green beans, and sauteed kale.",320.00,290.00,0.200
dish_1562096933,white beans | fish,312.66,314.00,"A light meal consisting of a piece of white fish with herbs, a small side of green beans, and a few white beans.",180.00,200.00,0.667
dish_1562096973,white beans | fish,349.00,350.00,"A light meal consisting of a portion of cooked white fish, steamed green beans, and a small side of mixed salad greens.",155.00,220.00,1.000
dish_1562097624,,77.59,68.00,"A very small, single-serving portion of cooked seasoned grains centered on a large white plate.",55.00,45.00,0.000
dish_1562097001,white beans | pizza | fish,529.88,418.00,"A plate containing a piece of baked white fish, a slice of sausage pizza, and a side of green beans with a small side of mixed greens.",530.00,370.00,1.000
dish_1562097653,beets | onions | lettuce | carrot | arugula,116.17,102.00,"A light meal consisting of a small portion of dressed arugula and a side of cooked grains, possibly farro, on a large white square plate.",135.00,105.00,0.167
dish_1562097673,white beans | fish,345.66,307.00,"A light meal featuring a white fish fillet served over a bed of dressed arugula, white beans, and cooked whole grains.",325.00,290.00,0.667
dish_1562099053,cheese pizza,98.38,37.00,A very small remnant of a piece of cheese pizza on a large plate.,85.00,30.00,1.000
dish_1562099076,cheese pizza | carrot,110.18,61.00,"A very small portion of food consisting of a few carrot slices and a small corner of a pizza or cheese-topped bread product, served on a large white plate.",165.00,85.00,1.000
dish_1562099134,chicken thighs | cheese pizza,271.64,188.00,"A light meal consisting of a small fried chicken drumstick, a small piece of cheese-topped bread, a few slices of cooked carrots, and a small side of mixed greens.",360.00,245.00,0.667
dish_1562168365,pineapple,70.00,140.00,A small snack portion consisting of approximately 9 chunks of fresh pineapple served on a white square plate.,42.00,85.00,1.000
dish_1562099157,cheese pizza | chicken thighs,277.53,207.00,"A plate containing one roasted chicken drumstick, a small portion of mixed greens, green beans, roasted carrots, and a small piece of cheese-topped bread.",315.00,245.00,0.500
dish_1562168399,pineapple,128.71,243.00,"A light fruit salad consisting of raw pineapple chunks, a cluster of fresh blueberries, and a few slices of fresh strawberries on a square white plate.",90.00,190.00,1.000
dish_1562168427,egg whites | pineapple,193.71,368.00,"A light meal featuring fruit consisting of pineapple, blueberries, and strawberries served alongside cooked egg whites.",155.00,340.00,1.000
dish_1562168471,brussels sprouts | roasted potatoes | egg whites | pineapple,312.67,490.00,"A plate containing roasted vegetables (potatoes and brussels sprouts), fresh fruit (pineapple and blueberries), and cooked egg whites.",260.00,380.00,1.000
dish_1562168450,pineapple | egg whites | roasted potatoes,282.54,431.00,"A light breakfast plate containing fresh fruit (pineapple, blueberries, strawberries), scrambled egg whites, and some roasted potato chunks.",195.00,365.00,1.000
dish_1562168648,granola,41.59,32.00,A very small serving of loose mixed salad greens on a large white plate.,5.00,20.00,0.000
dish_1562168673,honeydew melons,56.35,73.00,"A very light, small portion consisting of a few lettuce leaves and three small chunks of melon on a white square plate.",20.00,60.00,0.500
dish_1562168800,roasted potatoes | honeydew melons,237.52,242.00,"A light meal consisting of a small portion of roasted potatoes, a few pieces of honeydew melon, a small side salad of green leaf lettuce with fresh strawberries and blueberries.",195.00,250.00,0.667
dish_1562168696,honeydew melons,95.11,141.00,"A light meal or snack consisting of a small serving of leafy greens, several fresh blueberries, three strawberry halves, and a few small cubes of honeydew melon.",48.00,140.00,0.500
dish_1562169729,brussels sprouts,25.53,50.00,A small portion of roasted Brussels sprouts on a large square plate.,55.00,130.00,1.000
dish_1562169762,scrambled eggs | brussels sprouts,262.33,210.00,A simple meal consisting of a portion of scrambled eggs served alongside roasted Brussels sprouts.,265.00,210.00,1.000
dish_1562170163,pineapple,53.50,107.00,A very small serving of roughly 7 chunks of fresh pineapple on a large plate.,25.00,50.00,1.000
dish_1562169818,scrambled eggs | granola | brussels sprouts,346.82,275.00,"A plate consisting of scrambled eggs, roasted Brussels sprouts, and a mixed green salad with potential dried fruit.",315.00,300.00,0.667
dish_1562169840,sausage | granola | scrambled eggs,739.66,389.00,"A breakfast plate containing scrambled eggs, two sausage patties, a side of roasted Brussels sprouts, and a small serving of green salad.",605.00,375.00,0.500
dish_1562170236,watermelon | pineapple,169.36,333.00,"A fruit platter containing watermelon, pineapple, strawberries, raspberries, and blueberries.",117.00,285.00,1.000
dish_1562170331,watermelon | roasted potatoes | pineapple,263.83,400.00,"A light snack plate consisting of a portion of roasted potatoes accompanied by fresh fruit, including pineapple, watermelon, strawberries, raspberries, and blueberries.",200.00,325.00,1.000
dish_1562172561,egg whites,150.80,290.00,A serving of plain scrambled egg whites on a square white plate.,85.00,150.00,1.000
dish_1562170356,turkey bacon | pineapple | roasted potatoes,385.33,432.00,"A breakfast plate consisting of potatoes, a strip of bacon, and a variety of fresh mixed fruit.",340.00,370.00,0.750
dish_1562173111,chia seeds,792.18,163.00,A small bowl containing a serving of grey-colored chia seed pudding accompanied by fresh diced cantaloupe.,160.00,155.00,0.500
dish_1562173175,milk | chia seeds | greek yogurt,165.37,163.00,A breakfast bowl containing a portion of chia seed pudding accompanied by fresh cantaloupe melon chunks.,170.00,175.00,0.250
dish_1562172643,egg whites | roasted potatoes | bacon,734.27,457.00,"A breakfast plate containing scrambled egg whites, crispy bacon slices, and a small portion of diced potatoes.",435.00,245.00,1.000
dish_1562172600,egg whites | roasted potatoes,263.60,370.00,A simple meal consisting of a serving of scrambled egg whites and a small portion of roasted or pan-fried potato chunks on a square plate.,225.00,250.00,1.000
dish_1562173247,chilaquiles,290.55,149.00,"A serving of scrambled eggs with small red bits, likely chili or tomato, served on a square white plate.",160.00,110.00,0.000
dish_1562173200,pineapple | milk | chia seeds | greek yogurt,213.37,259.00,A small bowl containing chia seed pudding topped with several fresh pineapple chunks.,185.00,190.00,0.500
dish_1562173267,chilaquiles | bacon,409.57,171.00,A breakfast plate containing a serving of scrambled eggs mixed with some vegetables and a single strip of crispy bacon.,330.00,180.00,0.333
dish_1562173381,sausage,389.40,113.00,"Three small, round, pan-seared breakfast sausage patties on a white square plate.",240.00,90.00,1.000
dish_1562173742,bacon,81.15,15.00,A single strip of cooked bacon served on a white square plate.,45.00,10.00,1.000
dish_1562173411,bacon | sausage,638.26,159.00,A breakfast plate containing three slices of crispy bacon and three cooked breakfast sausage patties.,405.00,120.00,1.000
dish_1562180025,bacon | chicken | flour,798.91,256.00,"A plate containing a piece of breaded fried chicken topped with a small amount of coleslaw, accompanied by several strips of cooked bacon.",565.00,180.00,0.500
dish_1562180089,flour | chicken | bacon,851.30,437.00,"A plate featuring crispy fried chicken, two strips of bacon, and a side of roasted eggplant and sweet potato cubes.",740.00,350.00,0.500
dish_1562181217,chicken | flour,546.48,199.00,A single piece of fried chicken topped with a small amount of coleslaw on a white plate.,320.00,140.00,0.333
dish_1562180157,bacon | chicken | flour,1009.18,557.00,"A balanced meal consisting of fried breaded chicken, two strips of bacon, a mixed green salad with a strawberry garnish, and roasted squash and eggplant.",690.00,360.00,0.500
dish_1562181247,bacon | flour | chicken,660.09,220.00,A plate containing a piece of fried chicken topped with a small amount of coleslaw and two strips of bacon.,500.00,185.00,0.500
dish_1562181285,flour | chicken | bacon,796.92,324.00,"A plate featuring breaded fried chicken topped with a small amount of coleslaw, served with a side of spinach salad and two strips of crispy bacon.",590.00,295.00,0.400
dish_1562183065,mushroom,16.50,75.00,"A very small serving of five whole, raw-looking mushrooms on a large plate.",15.00,70.00,1.000
dish_1562183096,mushroom | arugula,41.19,95.00,A very light plate consisting of four small whole mushrooms and a small portion of dressed arugula.,35.00,95.00,1.000
dish_1562183125,mushroom | spinach (raw),88.55,131.00,"A light meal consisting of four roasted button mushrooms accompanied by two small side salads, one with spinach and strawberry, and one of dressed arugula.",95.00,155.00,0.667
dish_1562183151,mushroom | green beans,108.39,195.00,"A vegetable-focused plate containing steamed green beans, broccoli florets, whole mushrooms, a portion of sautéed spinach, and a small pile of arugula.",85.00,240.00,0.400
dish_1562183175,roasted potatoes | green beans | mushroom,290.28,324.00,"A plate featuring a variety of vegetables including green beans, broccoli, roasted baby potatoes, mushrooms, and a side of mixed leafy greens.",200.00,335.00,0.600
dish_1562184604,,211.38,78.00,"A single piece of cooked, pan-seared steak served on a large white plate.",145.00,75.00,
dish_1562183201,pizza | roasted potatoes,558.94,425.00,"A healthy meal consisting of a grilled fish fillet with red sauce and peppers, served with roasted baby potatoes, steamed green beans, broccoli, mushrooms, and a small side of greens.",490.00,515.00,0.167
dish_1562184628,bacon,444.01,121.00,"A high-protein, low-carbohydrate meal consisting of two strips of cooked bacon and a thin slice of cooked pork loin.",300.00,105.00,0.500
dish_1562184663,bacon | fish,600.54,271.00,"A meal consisting of two strips of crispy bacon, a slice of roast beef, and a serving of white fish topped with cooked wheat berries.",365.00,180.00,0.667
dish_1562602589,sausage,365.28,106.00,A small portion of sliced sausage on a white square plate.,280.00,90.00,1.000
dish_1562184705,bacon | fish,635.19,376.00,"A plate containing roasted pork, bacon, steamed broccoli and green beans, and cooked grains with a creamy base.",655.00,410.00,0.143
dish_1562602627,hash browns | sausage,577.18,171.00,A breakfast plate containing a serving of shredded hash browns and four sausage link segments.,400.00,185.00,1.000
dish_1562602657,hash browns | sausage,610.37,236.00,"A breakfast plate containing shredded hash browns, roasted brussels sprouts, and sliced sausage pieces.",495.00,285.00,0.667
dish_1562602687,sausage | hash browns | scrambled eggs,721.37,311.00,"A breakfast plate containing scrambled eggs, shredded hash browns, sausage links, and roasted Brussels sprouts.",550.00,330.00,0.750
dish_1562602803,chia seeds | greek yogurt | milk,121.74,120.00,A small portion of chia seed pudding garnished with two fresh blackberries on a large plate.,103.00,87.00,0.333
dish_1562602832,greek yogurt | chia seeds | milk,144.18,188.00,"A small portion of chia seed pudding garnished with fresh strawberries, blackberries, and blueberries on a white square plate.",111.00,140.00,0.333
dish_1562602860,milk | chia seeds | greek yogurt | watermelon,165.18,258.00,A light snack consisting of fresh fruit and a small portion of chia seed pudding.,200.00,270.00,0.500
dish_1562602918,chia seeds | milk | greek yogurt | sweet potato | watermelon | egg whites,265.62,417.00,"A light plate containing fresh fruit, chia seed pudding, cubed roasted potatoes, and a crumbly white protein or cheese component.",245.00,325.00,0.667
dish_1562602888,watermelon | egg whites | greek yogurt | chia seeds | milk,209.38,343.00,"A light meal featuring fresh fruit (strawberries, watermelon, berries), a scoop of chia seed pudding, and fresh mozzarella cheese.",318.00,335.00,0.333
dish_1562602945,greek yogurt | milk | watermelon | sweet potato | egg whites | chia seeds,308.37,492.00,"A breakfast plate containing fresh berries, diced watermelon, chia seed pudding, chopped egg whites, and roasted sweet potato cubes.",245.00,420.00,0.667
dish_1562603536,bacon,75.74,14.00,A single strip of cooked bacon on a large white square plate.,90.00,15.00,1.000
dish_1562603569,bacon | sweet potato,121.68,62.00,A sparse breakfast plate containing one piece of cooked bacon and three small chunks of pan-fried potato.,145.00,58.00,1.000
dish_1562603598,bacon | sweet potato,175.26,156.00,"A breakfast plate containing a small portion of pan-fried potatoes, two strips of crispy bacon, and a small mix of fresh berries.",255.00,155.00,1.000
dish_1562603813,hash browns,475.96,146.00,A modest serving of pan-fried shredded potato hash browns on a white plate.,145.00,90.00,1.000
dish_1562603626,sweet potato | bacon | pineapple,201.76,209.00,"A light breakfast plate featuring a small serving of mixed fresh fruit (pineapple and berries), two strips of cooked bacon, and a few chunks of roasted potatoes.",215.00,215.00,1.000
dish_1562603842,hash browns | granola,594.25,237.00,"A light meal consisting of a small portion of shredded hash browns, a side of mixed greens, and a single blackberry.",167.00,139.00,0.500
dish_1562603867,hash browns | sausage | granola,1049.12,369.00,"A breakfast or lunch plate consisting of cooked sausage pieces, a portion of shredded hash browns, and a small side of mixed leafy greens.",635.00,310.00,0.667
dish_1562605315,scrambled eggs,217.56,147.00,A small serving of scrambled eggs on a white plate.,160.00,110.00,1.000
dish_1562603895,hash browns | scrambled eggs | granola | sausage,1268.16,517.00,"A breakfast plate containing scrambled eggs, sliced breakfast sausage, hash browns, and a small portion of mixed greens.",750.00,400.00,0.750
dish_1562605352,brussels sprouts | scrambled eggs,242.07,195.00,A meal consisting of a portion of scrambled eggs and a small serving of roasted brussels sprouts.,270.00,230.00,1.000
dish_1562611522,cheese pizza,132.95,50.00,"A single, small piece of pepperoni pizza served on a large white plate.",115.00,45.00,1.000
dish_1562605384,brussels sprouts | scrambled eggs | sweet potato,306.19,262.00,"A breakfast plate containing a generous serving of scrambled eggs, a few pieces of roasted potatoes, and roasted Brussels sprouts.",465.00,350.00,1.000
dish_1562605411,watermelon | brussels sprouts | scrambled eggs | sweet potato,336.49,363.00,"A breakfast plate consisting of scrambled eggs, roasted potato chunks, sautéed Brussels sprouts, and a few pieces of watermelon.",425.00,430.00,1.000
dish_1562611580,pepperoni pizza,141.00,50.00,A single rectangular slice of pepperoni pizza on a large white plate.,280.00,110.00,1.000
dish_1562611620,pepperoni pizza,199.85,76.00,A very small portion of food containing one small slice of pepperoni pizza and one small strip of cooked meat on a large white plate.,235.00,100.00,1.000
dish_1562611649,pepperoni pizza,278.49,146.00,"A varied plate consisting of a single slice of pepperoni pizza, a small thin slice of steak, and a modest mixed green salad with some grains.",505.00,245.00,0.500
dish_1562611680,pepperoni pizza | caesar salad,326.89,256.00,"A varied plate consisting of a Caesar salad, a small slice of pepperoni pizza, a mixed green salad with grilled chicken, and a single thin strip of steak.",740.00,380.00,0.667
dish_1562611824,chickpeas,192.57,109.00,A small serving of mixed green salad with a cherry tomato and a few chickpeas.,28.00,65.00,0.500
dish_1562611853,broccoli | chickpeas,267.21,243.00,"A light, healthy meal consisting of a small mixed green salad with one cherry tomato and a serving of steamed broccoli.",48.00,165.00,0.333
dish_1562613010,cod,90.27,128.00,"A simple, light meal consisting of three pieces of pan-seared firm tofu served over a small bed of fresh mixed salad greens.",105.00,110.00,0.000
dish_1562611878,chickpeas | broccoli,286.89,311.00,"A light plate containing a small serving of mixed greens, a single cherry tomato, two florets of steamed broccoli, and some roasted butternut squash.",90.00,205.00,0.250
dish_1562613045,corn | cod,166.11,207.00,A light salad composed of mixed greens topped with grilled halloumi slices and a corn-based grain mixture.,215.00,150.00,0.333
dish_1562613285,figs | apple | arugula | lemon juice | goat cheese,111.74,84.00,"A very light, small side salad consisting primarily of arugula, a few shredded carrots, two or three pecan halves, and two golden raisins, served on a large white plate.",65.00,49.00,0.143
dish_1562613340,apple | arugula | onions | lemon juice | garlic | cilantro | pineapple | white rice | kale | jalapenos | goat cheese | figs,349.39,189.00,A light meal consisting of a few slices of grilled steak served alongside a small portion of arugula salad and a small amount of rice.,205.00,145.00,0.154
dish_1562613376,garlic | kale | jalapenos | arugula | figs | goat cheese | cilantro | onions | lemon juice | squash | apple | white rice | pineapple,371.96,267.00,"A plate containing sliced medium-rare beef steak, roasted acorn squash slices, and a small side of fresh arugula greens.",225.00,185.00,0.143
dish_1562613403,squash | jalapenos | lemon juice | cilantro | pineapple | white rice | apple | kale | arugula | broccoli | onions | goat cheese | garlic | figs,398.70,315.00,"A meal consisting of slices of grilled steak, roasted delicata squash, fresh arugula salad, and a few broccoli florets.",415.00,370.00,0.214
dish_1562613867,bulgur | shallots | arugula | lemon juice | apple | garlic,83.89,57.00,A small portion of dressed arugula served on a white plate.,25.00,40.00,0.167
dish_1562613898,broccoli,120.64,162.00,A simple meal consisting of a pile of arugula and several broccoli florets on a white plate.,70.00,160.00,0.500
dish_1562613918,broccoli | squash,133.66,207.00,"A light meal consisting of arugula, steamed broccoli, and roasted eggplant slices.",95.00,190.00,0.250
dish_1562614088,broccoli,23.45,67.00,A very small portion of cooked broccoli florets on a large white plate.,25.00,75.00,1.000
dish_1562613974,chicken thighs | broccoli,416.20,375.00,"A balanced meal consisting of fresh arugula, steamed broccoli, roasted sweet potato, and a mixture of grilled chicken and rice.",380.00,380.00,0.500
dish_1562614121,broccoli | spinach (raw),123.49,155.00,"A side dish consisting of a portion of sautéed greens, likely spinach, and two small broccoli florets on a white plate.",70.00,110.00,1.000
dish_1562614158,broccoli,453.93,301.00,"A light meal consisting of sliced, seared steak, steamed broccoli florets, and a serving of sautéed or wilted spinach.",240.00,255.00,0.500
dish_1562614895,broccoli,51.80,148.00,A small serving of cooked broccoli florets on a white plate.,25.00,75.00,1.000
dish_1562614952,broccoli | chicken thighs,548.11,403.00,"A protein-rich meal consisting of sliced grilled steak, cooked chicken breast, and a side of steamed broccoli.",560.00,450.00,0.667
dish_1562615070,squash,14.47,50.00,A very small portion of roasted butternut squash and a small spoonful of cooked grains served on a large white square plate.,40.00,70.00,0.500
dish_1562614980,chicken thighs | broccoli,566.15,485.00,"A plate consisting of steak, cooked chicken breast, sautéed mushrooms, and steamed broccoli florets.",390.00,385.00,0.667
dish_1562615103,squash,94.29,110.00,"A very small, light serving consisting of mixed greens, a couple of cherry tomatoes, and some roasted squash or vegetable pieces.",125.00,125.00,0.250
dish_1562615283,pineapple | white rice | lemon juice | jalapenos | kale | onions | garlic | cilantro,176.54,78.00,A small remaining portion of cooked sliced steak on a large white plate.,95.00,45.00,0.000
dish_1562615128,apple | white rice | squash | garlic | goat cheese | pineapple | kale | jalapenos | lemon juice | onions | arugula | cilantro | figs,397.57,244.00,"A light meal featuring thin slices of braised meat, a small serving of roasted butternut squash and sweet potato, a small portion of grains, and a modest side salad with greens and chickpeas.",475.00,295.00,0.133
dish_1562615153,chicken thighs,468.20,286.00,"A mixed plate consisting of grilled chicken chunks, glazed beef strips, a small side salad with arugula and pecans, and roasted vegetable slices.",530.00,295.00,0.250
dish_1562615324,roasted potatoes,258.32,136.00,"A small, simple meal consisting of a few strips of cooked beef alongside several chunks of roasted purple sweet potato on a large square plate.",190.00,130.00,1.000
dish_1562617370,pepperoni pizza,155.10,55.00,A single narrow slice of pepperoni pizza served on a large white square plate.,115.00,45.00,1.000
dish_1562615360,roasted potatoes,331.48,191.00,"A light meal consisting of sliced steak, a few roasted purple potato cubes, and a small spinach salad with pecans.",285.00,175.00,0.500
dish_1562617395,caesar salad | pepperoni pizza,185.90,125.00,A light meal consisting of a single small slice of pepperoni pizza and a side of dressed Caesar salad on a large square plate.,270.00,135.00,1.000
dish_1562615388,roasted potatoes | broccoli,360.18,273.00,"A plate featuring sliced grilled steak, steamed broccoli, roasted purple potatoes, and a small side salad with pecans.",455.00,340.00,0.667
dish_1562617416,broccoli | pepperoni pizza | caesar salad,200.95,168.00,"A light meal consisting of a single slice of pepperoni pizza, a small serving of steamed broccoli, and a side of dressed Caesar salad.",375.00,235.00,1.000
dish_1562617446,broccoli | roasted potatoes | caesar salad | pepperoni pizza,291.19,232.00,"A mixed plate containing a single slice of pepperoni pizza, a small portion of dressed Caesar salad, some roasted broccoli florets, and a few roasted potato chunks.",520.00,285.00,1.000
dish_1562617470,pepperoni pizza | roasted potatoes | chicken thighs | caesar salad,440.87,321.00,"A mixed-item lunch plate consisting of grilled chicken, broccoli, a small piece of pepperoni pizza, roasted vegetable chunks, and a small portion of dressed salad.",650.00,400.00,0.500
dish_1562617703,frozen yogurt,179.63,110.00,A small serving of swirled chocolate and vanilla soft serve ice cream in a white bowl.,115.00,80.00,0.000
dish_1562617492,roasted potatoes | caesar salad | pepperoni pizza | chicken thighs,558.56,373.00,"A varied plate consisting of grilled chicken, steak, roasted broccoli, cubed potatoes, a small piece of pepperoni pizza, and a green salad with creamy dressing.",760.00,475.00,0.500
dish_1562617939,chickpeas,234.97,133.00,"A light side salad consisting primarily of mixed greens with a few visible chickpeas, served on a large white square plate.",25.00,55.00,1.000
dish_1562686492,chicken apple sausage,160.00,100.00,A small serving consisting of six sliced pieces of cooked breakfast sausage on a white plate.,160.00,70.00,1.000
dish_1562618000,chicken thighs | chickpeas,685.99,448.00,"A healthy plate featuring grilled chicken, mixed greens, broccoli, and a small portion of brown rice with light dressing.",355.00,265.00,0.250
dish_1562686520,chicken apple sausage | scrambled eggs,346.48,226.00,A breakfast plate containing a portion of scrambled eggs and five small breakfast sausage links.,350.00,185.00,1.000
dish_1562686548,scrambled eggs | yam | chicken apple sausage,413.49,280.00,"A breakfast plate consisting of a portion of scrambled eggs, sliced breakfast sausages, and a few pieces of roasted carrots.",330.00,215.00,0.500
dish_1562686664,,119.13,209.00,A small plate consisting of a mix of fresh blueberries and sliced strawberries.,80.00,170.00,
dish_1562686577,chicken apple sausage | scrambled eggs | yam,556.56,531.00,"A balanced breakfast plate containing scrambled eggs, a selection of fresh berries and pineapple, breakfast sausage links, and roasted sweet potato chunks.",505.00,440.00,0.400
dish_1562687246,bell peppers,115.42,61.00,"A very small side salad consisting of a few spinach leaves, a small amount of shredded carrots, and two grape tomatoes, likely lightly dressed.",54.00,55.00,0.000
dish_1562687274,garlic | bell peppers | cucumbers | radishes,161.02,141.00,"A light snack consisting of a small side salad with spinach, shredded carrots, cherry tomatoes, and a handful of mixed fresh berries.",47.00,120.00,0.000
dish_1562687299,honeydew melons,180.82,196.00,"A light meal consisting of fresh mixed salad greens with shredded carrots, a few pieces of honeydew melon, strawberries, and a small handful of blueberries.",75.00,210.00,0.500
dish_1562688382,chicken apple sausage,113.60,71.00,A plate containing five small portions of pan-seared sausage links.,240.00,100.00,1.000
dish_1562687527,chicken apple sausage | honeydew melons,203.22,210.00,"A light, healthy meal consisting of a small side salad with carrots, fresh berries (blueberries and strawberries), a few cubes of honeydew melon, and one single crouton.",92.00,195.00,0.250
dish_1562687554,waffles | chicken apple sausage,409.33,281.00,"A breakfast plate containing half a waffle, a small portion of spinach salad, fruit (melon, strawberries, blueberries), one cherry tomato, and one small sausage link.",345.00,310.00,0.400
dish_1562688482,roasted potatoes | chicken apple sausage | grapes,193.46,169.00,"A plate containing roasted potatoes, small meatball portions, and a small serving of red grapes.",340.00,235.00,0.500
dish_1562689519,cottage cheese,169.54,173.00,A small portion of plain white cottage cheese served in a bowl.,115.00,130.00,1.000
dish_1562688524,chicken apple sausage | grapes | roasted potatoes | watermelon,215.36,242.00,"A light snack plate consisting of red grapes, small sausage slices, and pieces of fresh fruit including watermelon and one pineapple chunk.",230.00,255.00,0.600
dish_1562688552,grapes | roasted potatoes | watermelon | chicken apple sausage,235.82,304.00,"A fruit and protein snack plate containing grapes, strawberries, watermelon, a small piece of cheese, and four small savory meatballs.",320.00,405.00,0.333
dish_1562689601,broccoli,20.61,37.00,A very small portion consisting of two roasted broccoli florets on a large white plate.,15.00,45.00,1.000
dish_1562689548,pineapple | cottage cheese,216.54,267.00,A small bowl of cottage cheese topped with fresh pineapple chunks.,135.00,150.00,1.000
dish_1562689645,bacon | scrambled eggs,302.43,169.00,"A breakfast plate containing scrambled eggs, two strips of cooked bacon, and a small portion of broccoli.",245.00,170.00,0.667
dish_1562690047,onions | lime | lettuce | cucumbers | cherry tomatoes,68.64,68.00,"A very small portion of green salad consisting primarily of spinach, a few shreds of carrots, two grape tomatoes, and one cucumber slice, with evidence of light dressing.",57.00,55.00,0.286
dish_1562690074,bacon,263.40,104.00,"A light meal consisting of a small serving of spinach salad with shredded carrots, two grape tomatoes, a thin slice of cucumber, and two strips of cooked bacon.",100.00,85.00,0.500
dish_1562690112,chicken apple sausage | bacon,428.20,207.00,"A plate containing sliced sausages, two strips of bacon, and a small fresh green salad with spinach, carrots, and cherry tomatoes.",445.00,215.00,0.667
dish_1562690886,broccoli,20.61,37.00,A very small portion of roasted broccoli florets on a large white plate.,25.00,35.00,1.000
dish_1562690144,chicken apple sausage | scrambled eggs | bacon,645.76,354.00,"A breakfast plate consisting of scrambled eggs, sliced sausages, two strips of bacon, and a small side of spinach salad with carrots and cucumber.",645.00,355.00,0.750
dish_1562690917,broccoli,69.06,122.00,"A light snack consisting of a few florets of roasted broccoli, several slices of fresh strawberry, and a small handful of blueberries on a white plate.",51.00,145.00,1.000
dish_1562690950,pineapple | broccoli,109.06,202.00,"A plate containing roasted broccoli and a mixed fruit salad consisting of pineapple, strawberries, and blueberries.",140.00,225.00,1.000
dish_1562691000,pineapple | scrambled eggs,326.62,349.00,"A breakfast plate containing scrambled eggs, roasted broccoli, and a mix of fresh strawberries, blueberries, and pineapple chunks.",315.00,340.00,0.667
dish_1562691032,pineapple | scrambled eggs | roasted potatoes,419.68,415.00,"A breakfast plate consisting of scrambled eggs, roasted potatoes, roasted broccoli, and a side of fresh strawberries, pineapple, and blueberries.",445.00,450.00,0.750
dish_1562691383,yam,86.87,70.00,A small portion of roasted sweet potato cubes on a white plate.,55.00,65.00,0.000
dish_1562691064,fried rice | pineapple | scrambled eggs | roasted potatoes,555.30,501.00,"A balanced meal consisting of scrambled eggs, roasted potatoes, brown rice, roasted broccoli, and fresh fruit (strawberries and pineapple).",500.00,490.00,0.800
dish_1562691409,yam | scrambled eggs,225.99,164.00,A light meal consisting of a small portion of fluffy scrambled eggs accompanied by a few cubes of roasted sweet potato.,225.00,175.00,0.333
dish_1562691441,broccoli | scrambled eggs | yam,263.87,232.00,"A balanced meal consisting of scrambled eggs, roasted sweet potato cubes, and roasted broccoli florets.",255.00,255.00,0.500
dish_1562691538,egg whites,49.92,96.00,"A light meal consisting of cooked egg whites seasoned with pepper, alongside a side plate of roasted broccoli and carrots.",95.00,170.00,0.500
dish_1562691466,broccoli | yam | chicken apple sausage | scrambled eggs,319.87,267.00,"A breakfast or brunch plate consisting of scrambled eggs, roasted sweet potato chunks, roasted broccoli, and two sausage links.",425.00,310.00,0.600
dish_1562691566,broccoli | egg whites,100.61,187.00,"A light meal consisting of roasted broccoli florets and cooked egg whites, with a single small fragment of cheese on the side.",110.00,205.00,0.667
dish_1562691613,egg whites | broccoli | yam | sweet potato,213.67,300.00,"A plate containing roasted broccoli, roasted sweet potato cubes, and cooked egg whites.",175.00,275.00,0.750
dish_1562691674,sweet potato | broccoli | egg whites | yam | greek yogurt | chicken apple sausage | milk,376.98,435.00,"A varied meal consisting of roasted broccoli, chia seed pudding, roasted sweet potato chunks, sliced sausage, and cooked egg whites.",410.00,365.00,0.500
dish_1562698100,squash,24.02,83.00,A small portion of roasted zucchini pieces served on a white square plate.,25.00,120.00,0.000
dish_1562691737,broccoli | egg whites | yam | chicken apple sausage | sweet potato | watermelon | pineapple,485.68,700.00,"A mix of roasted vegetables, fruit (pineapple and watermelon), and a side of chia seed pudding.",405.00,600.00,0.500
dish_1562691705,yam | egg whites | milk | greek yogurt | sweet potato | watermelon | broccoli | chicken apple sausage,412.68,554.00,"A varied plate consisting of roasted broccoli, chia seed pudding, sliced sausages, roasted sweet potato cubes, fresh watermelon chunks, and a small portion of cooked egg whites.",555.00,560.00,0.556
dish_1562698209,millet | beef,284.13,135.00,A small portion of cooked steak on a white plate.,145.00,75.00,0.000
dish_1562698132,lentils | squash | fish,128.10,178.00,A light meal consisting of small chunks of seared fish served with a side of roasted zucchini and red bell pepper.,170.00,190.00,0.200
dish_1562698239,beef | white rice,407.63,230.00,A simple meal consisting of a small portion of plain white rice and two thin pieces of cooked beef.,340.00,185.00,1.000
dish_1562698276,broccoli | white rice | beef,434.58,307.00,"A plate containing seared beef steak, a serving of white rice, and several steamed broccoli florets.",380.00,300.00,1.000
dish_1562699570,brown rice,24.42,22.00,A very small portion of cooked brown rice served on a large white plate.,55.00,50.00,1.000
dish_1562699612,brown rice | quinoa,98.39,74.00,A small portion of brown rice paired with a similar-sized portion of seasoned cauliflower rice on a large white plate.,85.00,105.00,0.333
dish_1562699652,brown rice | quinoa,132.18,103.00,A very small portion of cooked brown rice served with a light garnish of raw spinach.,100.00,105.00,0.333
dish_1562700496,cauliflower,31.00,124.00,A small portion of cooked cauliflower florets on a large white plate.,25.00,100.00,1.000
dish_1562699699,quinoa | beef | brown rice,372.11,217.00,"A balanced meal consisting of chunks of seared beef, a small portion of brown rice, and a side of sautéed spinach.",385.00,245.00,0.500
dish_1562700685,mushroom,24.20,110.00,"A small portion of sliced, sautéed mushrooms on a white square plate.",45.00,90.00,1.000
dish_1562700568,fish | cauliflower | lentils,246.86,318.00,"A light meal featuring a small portion of white fish served over a mixture of brown rice and corn, accompanied by a fresh arugula and edamame salad, with a side of steamed cauliflower.",270.00,300.00,0.400
dish_1562700593,cauliflower | fish | lentils | beef,385.77,384.00,"A varied meal consisting of grilled steak, a small portion of mixed grains with corn, steamed cauliflower, arugula, and a portion of baked white fish.",380.00,330.00,0.500
dish_1562700718,mushroom | beef | millet,329.38,255.00,A simple meal consisting of a portion of sautéed mushrooms served alongside pieces of seared meat.,210.00,180.00,0.250
dish_1562700885,cauliflower,29.25,117.00,A small portion of cooked cauliflower florets on a white plate.,25.00,95.00,1.000
dish_1562700760,beef | cauliflower | mushroom,370.13,418.00,"A plate containing sautéed mushrooms, steamed cauliflower, and small pieces of cooked pork.",185.00,280.00,0.500
dish_1562700906,squash | cauliflower,59.64,222.00,"A very small, light serving of roasted yellow squash, zucchini, and steamed cauliflower florets.",50.00,220.00,0.667
dish_1562700931,squash | cauliflower,164.23,312.00,"A side plate consisting of mixed greens, roasted cauliflower, and roasted yellow squash.",180.00,225.00,1.000
dish_1562701956,cherry tomatoes,6.84,38.00,A small serving of 6 raw grape tomatoes on a white square plate.,18.00,100.00,1.000
dish_1562700957,fish | squash | cauliflower | lentils,286.93,424.00,"A light, healthy meal consisting of baked white fish, a mixed green salad, and roasted vegetables including cauliflower and yellow squash.",220.00,330.00,0.600
dish_1562702007,cherry tomatoes | squash,24.78,100.00,A very light meal consisting of a few small pieces of stuffed zucchini and five cherry tomatoes.,70.00,165.00,0.333
dish_1562702044,squash | cherry tomatoes | cauliflower,44.03,177.00,"A very small serving consisting of a few florets of steamed or roasted cauliflower, three small pieces of roasted zucchini, and five cherry tomatoes.",75.00,235.00,0.500
dish_1562702091,cherry tomatoes | cauliflower | squash,86.53,214.00,"A light side dish consisting of mixed greens with shredded carrots, a few pieces of roasted zucchini, a few cherry tomatoes, and a small cauliflower floret.",60.00,145.00,0.400
dish_1562702132,fish | squash | lentils | cauliflower,245.39,359.00,"A light meal consisting of a small portion of cooked fish, some cooked vegetables (cauliflower/zucchini), and a side of fresh leafy greens with shredded carrots and grape tomatoes.",150.00,190.00,0.333
dish_1562702355,lettuce,68.88,99.00,"A very small side salad consisting of mixed greens, a few kalamata olives, a sprinkle of feta cheese, and a light dressing.",90.00,42.00,0.000
dish_1562702379,lettuce | cauliflower,100.88,227.00,"A light meal consisting of a small portion of steamed cauliflower and a side salad containing mixed greens, Kalamata olives, and a small amount of feta cheese.",90.00,180.00,0.333
dish_1562702412,cauliflower | quinoa,183.39,285.00,"A light plant-forward plate containing a portion of farro, steamed cauliflower florets, and a mixed green salad with olives and a small amount of feta cheese.",160.00,210.00,0.333
dish_1562702813,lettuce,41.05,59.00,A very small portion of lettuce mixed with a few kidney beans on a white square plate.,30.00,50.00,0.500
dish_1562702441,cauliflower | quinoa | watermelon,209.19,371.00,"A light meal consisting of cooked farro, steamed cauliflower florets, fresh watermelon chunks, and a small side of mixed greens.",180.00,360.00,0.500
dish_1562702469,quinoa | cauliflower | beef,541.73,529.00,"A balanced plate featuring a portion of beef with sautéed onions, steamed cauliflower, a small side of farro, and a mixed green salad topped with watermelon pieces.",370.00,320.00,0.400
dish_1562703345,pizza,154.28,58.00,"A single, small rectangular slice of pizza featuring cheese, meat, and what appears to be green peppers, served on a white plate.",115.00,45.00,1.000
dish_1562702853,beef,272.57,169.00,A simple meal consisting of a portion of sautéed beef with onions served alongside a small fresh green lettuce salad with a few kalamata olives.,335.00,170.00,0.333
dish_1562702892,fish | beef | lentils,457.71,338.00,"A plate consisting of a portion of grilled meat, a side of sautéed mixed vegetables (zucchini, onions, corn), and a small portion of green leafy salad.",385.00,280.00,0.250
dish_1562703382,pizza,203.87,145.00,A light snack consisting of one small slice of meat and vegetable pizza served alongside a small portion of mixed fresh raspberries and blackberries.,185.00,120.00,1.000
dish_1562703408,pizza | beef,311.21,196.00,"A plate containing a small slice of pizza, a portion of sliced cooked steak, and a mix of fresh blackberries and raspberries.",360.00,210.00,0.500
dish_1562703447,beef | pizza,384.43,259.00,A light meal consisting of a single slice of pizza served alongside a side portion of fresh leafy green salad.,205.00,135.00,0.333
dish_1562704528,cheese pizza,148.90,56.00,A single rectangular piece of thin crust cheese pizza served on a large white plate.,165.00,60.00,1.000
dish_1562704564,cheese pizza | beef,292.02,124.00,"A plate containing two small slices of cooked beef and a single piece of a cheesy baked pasta dish, possibly lasagna.",355.00,175.00,0.333
dish_1562704616,squash | beef | cheese pizza,317.78,213.00,"A plate containing slices of cooked beef, a small portion of cheesy bread or pizza, and a side of pan-sautéed zucchini and squash.",385.00,245.00,0.667
dish_1562704665,cheese pizza | caesar salad | beef,387.84,399.00,"A varied plate consisting of roast beef, mashed potatoes, a piece of cheesy bread, a small Caesar salad, and sautéed zucchini and yellow squash.",840.00,470.00,0.333
dish_1562704640,beef | squash | cheese pizza,333.28,275.00,"A dinner plate featuring lean beef, a portion of mashed potatoes, a piece of cheesy bread or baked dish, and roasted squash and zucchini.",480.00,340.00,0.400
dish_1562774099,granola,51.99,40.00,"A very small portion of mixed greens lightly dressed, served on a large white plate.",30.00,25.00,0.000
dish_1562774129,granola,73.08,77.00,"A very light, small portion of mixed salad greens topped with a few strawberry slices and blueberries.",25.00,75.00,0.000
dish_1562774159,cantaloupe,90.76,129.00,"A light side salad featuring fresh mixed greens, a few small cubes of cantaloupe, two small strawberries, and a small portion of blueberries.",55.00,165.00,1.000
dish_1562774180,cantaloupe | roasted potatoes,164.08,181.00,"A light meal featuring a mixed green salad, a small portion of roasted potato chunks, and a side of fresh fruit including cantaloupe, strawberries, and blueberries.",146.00,215.00,1.000
dish_1562774346,cheese | scrambled eggs,422.65,264.00,A plate of scrambled eggs topped with a small amount of shredded cheddar cheese and a drizzle of hot sauce.,305.00,180.00,0.667
dish_1562774206,scrambled eggs | roasted potatoes | cantaloupe,298.76,272.00,"A breakfast plate containing scrambled eggs, a side of roasted potatoes, mixed greens, and a small fruit salad of cantaloupe, strawberries, and blueberries.",310.00,365.00,1.000
dish_1562774475,sausage | roasted potatoes,320.96,128.00,A small portion of three cooked sausage links and four small roasted potato wedges served on a white square plate.,275.00,135.00,1.000
dish_1562774504,sausage | roasted potatoes,335.36,176.00,"A plate containing three pieces of roasted potatoes, three small sausage pieces, and a small serving of cubed watermelon.",370.00,245.00,0.667
dish_1562774980,oatmeal,136.68,201.00,A bowl of cooked oatmeal topped with a small amount of dried goji berries.,260.00,310.00,0.500
dish_1562774531,sausage | roasted potatoes,379.82,254.00,"A light meal consisting of roasted potato pieces, a few small sausage links, and a side of fresh fruit including watermelon, strawberries, and blueberries.",355.00,315.00,0.667
dish_1562775047,oatmeal,284.88,461.00,"A bowl of oatmeal topped with a generous amount of fresh strawberries, blueberries, and blackberries.",225.00,415.00,1.000
dish_1562775110,honeydew melons,101.52,282.00,A small bowl containing a mixture of cubed cantaloupe and watermelon.,65.00,195.00,0.500
dish_1562775241,oatmeal,140.36,220.00,A small bowl of cooked oatmeal topped with fresh strawberry halves and a few blueberries.,160.00,250.00,1.000
dish_1562775212,oatmeal,92.48,136.00,A single bowl of cooked multigrain porridge.,180.00,250.00,0.000
dish_1562775356,scrambled eggs,177.60,120.00,A small serving of scrambled eggs served on a square plate.,115.00,80.00,1.000
dish_1562775275,cantaloupe | oatmeal,173.68,318.00,A bowl of plain oatmeal topped with fresh cantaloupe chunks and a small amount of mixed berries.,215.00,340.00,1.000
dish_1562775373,bacon | scrambled eggs,329.08,148.00,A breakfast plate containing a small portion of scrambled eggs and two strips of cooked bacon.,230.00,125.00,1.000
dish_1562775456,sweet potato,50.16,66.00,A very small portion of pan-seared or baked firm tofu cubes on a large white square plate.,45.00,40.00,0.000
dish_1562775488,egg whites | sweet potato,91.24,145.00,"A small, light meal consisting of a handful of roasted potato cubes and cooked egg whites with black pepper.",85.00,115.00,1.000
dish_1562775510,egg whites | sweet potato | brussels sprouts,114.22,190.00,"A light meal consisting of small portions of roasted potato cubes, steamed or poached white fish, and roasted Brussels sprouts.",170.00,180.00,0.500
dish_1562775574,egg whites | brussels sprouts | sweet potato | cottage cheese | pineapple,242.48,387.00,"A balanced meal consisting of fresh pineapple chunks, roasted Brussels sprouts, roasted potato cubes, cottage cheese, and hard-boiled egg whites seasoned with black pepper.",300.00,470.00,1.000
dish_1562775549,egg whites | brussels sprouts | sweet potato | cottage cheese,174.98,252.00,"A light meal consisting of roasted potato cubes, roasted Brussels sprouts, cooked egg whites with pepper, and a small portion of cottage cheese.",172.00,225.00,1.000
dish_1562776428,brussels sprouts,33.70,66.00,A small portion of roasted Brussels sprouts served on a white square plate.,55.00,130.00,1.000
dish_1562776465,sweet potato | brussels sprouts,173.43,212.00,A plate containing a serving of roasted Brussels sprouts and a portion of cubed roasted potatoes.,245.00,280.00,1.000
dish_1562777000,scrambled eggs,195.36,132.00,A plate containing a portion of scrambled eggs.,160.00,115.00,1.000
dish_1562776497,brussels sprouts | sweet potato | scrambled eggs,291.83,292.00,"A breakfast plate containing a portion of scrambled eggs, roasted potato cubes, and roasted Brussels sprouts.",350.00,320.00,1.000
dish_1562777037,brussels sprouts | scrambled eggs,215.27,171.00,A simple meal consisting of a portion of scrambled eggs alongside roasted brussels sprouts served on a white plate.,250.00,230.00,1.000
dish_1562777068,brussels sprouts | scrambled eggs,236.72,236.00,"A breakfast plate containing scrambled eggs, a side of roasted Brussels sprouts, and a few pieces of sliced strawberries and one blueberry.",281.00,272.00,1.000
dish_1562777566,toast,263.00,84.00,A single slice of toast with strawberry jam and a small side of sliced strawberries.,145.00,100.00,0.500
dish_1562783605,,75.60,270.00,A light garden salad in a metal bowl containing mostly raw mixed leafy greens with small amounts of shredded carrots and red cabbage.,30.00,105.00,0.000
dish_1562777099,sweet potato | scrambled eggs | brussels sprouts,303.72,306.00,"A breakfast plate consisting of a portion of scrambled eggs, roasted potato chunks, roasted brussels sprouts, and a small side of fresh strawberries and a single blueberry.",375.00,365.00,0.750
dish_1562784242,pizza,85.12,32.00,"A very small, single square piece of thin-crust pizza served on a large white plate.",45.00,20.00,1.000
dish_1562784266,corn on the cob | pizza,131.80,76.00,A very small meal consisting of a single thin slice of corn and one small square piece of pizza on a large plate.,165.00,100.00,1.000
dish_1562783691,grilled chicken,421.69,423.00,"A salad in a metal bowl containing mixed greens, shredded carrots, red cabbage, and a central mound of diced chicken breast coated in a creamy dressing.",300.00,220.00,0.500
dish_1562784307,pizza | eggplant | corn on the cob,158.52,157.00,"A modest light meal consisting of a small square of thin-crust pizza, one thin slice of corn on the cob, and a portion of roasted diced eggplant.",195.00,160.00,1.000
dish_1562784347,pizza | corn on the cob | eggplant | bulgur,315.99,264.00,"A varied meal consisting of a small slice of pizza, a side salad, roasted eggplant cubes, and a single slice of corn on the cob.",315.00,275.00,0.600
dish_1562785132,fish | country rice,211.54,192.00,"A small portion of breaded, fried protein topped with a rich, creamy sauce and garnished with a few microgreens.",285.00,115.00,0.000
dish_1562785159,caesar salad | country rice | fish,265.66,315.00,A plate containing breaded chicken with a creamy topping and a side Caesar salad with parmesan shavings.,590.00,300.00,0.250
dish_1562784388,corn on the cob | pilaf | pizza | bulgur,465.64,358.00,"A well-balanced meal consisting of bulgur wheat, a mixed salad with feta, roasted eggplant, a tomato-based square (likely vegetable based), and a slice of corn on the cob.",400.00,385.00,0.333
dish_1562785328,bulgur,133.92,91.00,A very small serving of mixed raw salad greens on a large plate.,5.00,20.00,0.000
dish_1562785184,caesar salad | country rice | eggplant | fish,290.40,390.00,"A plate containing a breaded protein portion with a creamy sauce, roasted eggplant chunks, and a small side of Caesar-style salad.",590.00,320.00,0.400
dish_1562785369,bulgur | pork,440.58,232.00,A light meal consisting of three slices of lean roasted pork tenderloin accompanied by a side of mixed greens and a small portion of broccoli.,265.00,230.00,0.333
dish_1562786103,frozen yogurt,93.08,57.00,A small portion of chocolate pudding served in a white bowl.,115.00,95.00,0.000
dish_1562787745,garlic | bulgur | shallots | lemon juice | arugula | apple,85.36,58.00,A very small serving consisting of a few pieces of cauliflower and a small amount of arugula on a large white plate.,7.00,30.00,0.143
dish_1562787783,pilaf,114.01,76.00,A very light portion of cooked bulgur wheat with mixed vegetables served alongside a small fresh salad with cauliflower florets.,80.00,90.00,0.000
dish_1562787817,pilaf | pork,348.90,184.00,"A plate containing a slice of breaded pork loin, a small portion of bulgur wheat with mixed vegetables, and a side of mixed greens with cauliflower.",290.00,215.00,0.250
dish_1562787848,pilaf | pork | corn on the cob,416.80,248.00,"A balanced meal consisting of a slice of roasted pork loin, a small portion of seasoned brown rice, two small corn segments, and a light side salad with cauliflower.",370.00,260.00,0.400
dish_1562787956,caesar salad,26.84,61.00,A small portion of dressed Caesar salad on a white plate.,85.00,55.00,0.500
dish_1562787983,caesar salad | cantaloupe,56.76,149.00,A light side meal consisting of fresh cantaloupe chunks and a small portion of dressed romaine lettuce.,110.00,160.00,0.333
dish_1562788010,caesar salad | eggplant | cantaloupe,67.64,182.00,"A small salad plate containing diced cantaloupe, roasted eggplant chunks, and romaine lettuce with a creamy dressing.",155.00,265.00,0.500
dish_1562788506,corn on the cob,114.59,108.00,A very small portion of sweet corn on the cob consisting of two small segments on a large square plate.,55.00,65.00,1.000
dish_1562788536,pilaf | corn on the cob,245.13,190.00,"A light meal consisting of a small portion of red rice mixed with greens and carrots, served with two small slices of corn on the cob.",180.00,165.00,0.333
dish_1562788032,caesar salad | cantaloupe | pork | eggplant,137.24,214.00,"A plate featuring a lean slice of pork, a small side of chopped cantaloupe, a small portion of romaine lettuce with dressing, and some roasted eggplant chunks.",210.00,260.00,0.600
dish_1562788568,pilaf | corn on the cob | fish,289.20,230.00,"A modest meal consisting of a serving of mixed red rice with vegetables, two small slices of corn on the cob, and a small piece of seared protein.",290.00,235.00,0.200
dish_1562788732,fish,57.29,52.00,A very small remnant of what appears to be a spinach omelet or frittata on a large square white plate.,45.00,35.00,0.000
dish_1562788760,pork | fish,331.32,178.00,"A plate featuring thin slices of cooked pork loin alongside a small portion of a vegetable egg dish, likely a spinach frittata or omelet.",170.00,115.00,0.333
dish_1562788601,fish | corn on the cob | pork | pilaf,413.17,287.00,"A balanced meal consisting of a grilled chicken breast, a portion of brown rice mixed with vegetables, and two small cross-cut pieces of corn on the cob.",335.00,255.00,0.167
dish_1562788794,white rice | pork | fish,465.22,281.00,"A meal consisting of two thin slices of cooked pork, a portion of white rice, and a small wedge of an egg-based dish with spinach.",435.00,300.00,0.500
dish_1562789207,cheese pizza,146.24,55.00,A single piece of cheese pizza served on a large white plate.,115.00,40.00,1.000
dish_1562788845,white rice | corn on the cob | fish | pork,529.48,372.00,"A balanced meal consisting of sliced pork loin, white rice, a Caesar salad, a slice of corn, and an unidentified small piece of cooked meat.",665.00,455.00,0.500
dish_1562788816,pork | corn on the cob | fish | white rice,506.60,320.00,"A plate containing roasted pork loin, a serving of white rice, a small slice of a vegetable egg dish, and a single cross-section piece of corn.",560.00,380.00,0.600
dish_1562789240,cheese pizza | pork,361.56,154.00,A very light meal consisting of a single small rectangular slice of cheese pizza and one breaded chicken patty served on a large plate.,300.00,140.00,0.333
dish_1562789268,pork | corn on the cob | cheese pizza,569.51,350.00,"A plate featuring three slices of corn on the cob, a single small square slice of pizza, and a portion of roasted chicken breast.",480.00,305.00,0.500
dish_1562789328,tofu | corn on the cob | pork | caesar salad | cheese pizza,656.55,503.00,"A varied meal consisting of a pork chop, a small square of pizza, three segments of corn, and a lettuce salad with some tofu mixed in.",870.00,560.00,0.667
dish_1562789301,caesar salad | corn on the cob | cheese pizza | pork,606.91,435.00,"A plate containing a slice of pizza, a portion of grilled chicken, three small segments of corn on the cob, and a small serving of dressed salad.",690.00,425.00,0.600
dish_1562790170,arugula,103.69,84.00,"A very small, sparse side salad consisting of mixed greens, a single cherry tomato, and one crouton, likely dressed.",80.00,55.00,0.000
dish_1562790224,walnuts,312.75,116.00,A very light side salad consisting of a small portion of mixed greens topped with a modest amount of walnut halves.,145.00,60.00,1.000
dish_1562790259,walnuts | grilled chicken,518.59,207.00,"A light salad composed of diced grilled or boiled chicken breast, walnut pieces, and fresh arugula on a white plate.",235.00,120.00,0.667
dish_1562790295,walnuts | grilled chicken,538.71,268.00,"A light meal consisting of roasted eggplant, diced cooked chicken breast, a handful of walnuts, and fresh arugula on a square plate.",280.00,190.00,0.500
dish_1562790775,bell peppers | cucumbers | garlic | radishes,75.69,40.00,A small portion of raw baby spinach salad with some light dressing and thin carrot slivers on a white square plate.,25.00,40.00,0.000
dish_1562790321,walnuts | pizza | grilled chicken,767.47,354.00,"A composed meal plate consisting of chopped chicken, roasted eggplant, walnuts over a bed of salad greens, and a portion of a baked vegetable dish.",450.00,265.00,0.500
dish_1562790824,country rice | fish,437.07,368.00,"A meal consisting of a portion of scrambled eggs mixed with spinach, served alongside a side of fresh raw spinach leaves.",295.00,220.00,0.000
dish_1562859116,scrambled eggs,145.04,98.00,A small serving of scrambled eggs served on a large white plate.,95.00,70.00,1.000
dish_1562790855,fish | pork | country rice,739.38,507.00,A meal consisting of a small portion of sliced cooked chicken breast served alongside a mixture of cooked grains and fresh spinach.,320.00,230.00,0.250
dish_1562860045,scrambled eggs | bacon,280.29,123.00,A small breakfast portion consisting of a portion of scrambled eggs and a single strip of bacon.,230.00,125.00,1.000
dish_1562860700,pineapple,23.50,47.00,A small serving of fresh pineapple chunks placed on a large white plate.,25.00,50.00,1.000
dish_1562860073,scrambled eggs | bacon,357.81,259.00,"A breakfast plate containing scrambled eggs, two strips of bacon, and a small side of fresh berries.",275.00,215.00,1.000
dish_1562860723,pineapple,87.91,160.00,"A small portion of mixed fresh fruit containing pineapple chunks, sliced strawberries, and blueberries served on a white square plate.",60.00,130.00,1.000
dish_1562861103,bell peppers,94.61,50.00,A small side salad consisting of fresh spinach and shredded carrots on a large plate.,15.00,45.00,0.000
dish_1562861125,egg whites,190.81,235.00,A light meal consisting of a portion of fresh mozzarella cheese served alongside a small side of cooked spinach and shredded carrots.,240.00,150.00,0.000
dish_1562861174,egg whites | bacon,401.80,274.00,"A plate containing a serving of bacon, mashed potatoes, and a small portion of spinach and carrots.",305.00,210.00,0.250
dish_1562862550,cream cheese | scrambled eggs | bagels,364.52,257.00,"A breakfast plate consisting of scrambled eggs with visible mixed vegetables, fresh strawberries, and half a bagel topped with cream cheese.",395.00,280.00,0.667
dish_1562871297,cheese pizza,124.97,47.00,A single slice of cheese pizza on a large white square plate.,240.00,90.00,1.000
dish_1562862493,scrambled eggs,198.32,134.00,A serving of scrambled eggs mixed with diced tomatoes on a square white plate.,160.00,130.00,1.000
dish_1562871363,white rice | cheese pizza,245.87,140.00,A plate containing a small portion of plain white rice and a small slice of cheese pizza.,290.00,160.00,1.000
dish_1562871408,cheese pizza | squash | white rice,271.34,228.00,"A light meal consisting of a single slice of cheese pizza, a serving of steamed white rice, and a portion of sautéed zucchini and yellow squash.",405.00,255.00,1.000
dish_1562871448,white rice | squash | cheese pizza | brussels sprouts,295.85,276.00,"A plate containing a slice of cheese pizza, a portion of white rice, and a serving of mixed roasted vegetables (Brussels sprouts, yellow squash, and zucchini).",530.00,390.00,1.000
dish_1562871731,bok choy,17.03,131.00,"A small portion of cooked bok choy in a white bowl, likely prepared as a stir-fried side dish.",45.00,100.00,1.000
dish_1562871537,white rice | grilled chicken | cheese pizza,685.77,554.00,"A varied plate consisting of diced chicken, roasted vegetables (mushrooms, squash, brussels sprouts), white rice, and a slice of thin-crust cheese pizza.",750.00,585.00,0.500
dish_1562871488,white rice | mushroom | squash | brussels sprouts | cheese pizza,321.59,393.00,"A mixed plate consisting of a single slice of cheese pizza, a serving of white rice, and three types of sautéed or roasted vegetables (mushrooms, squash/zucchini, and Brussels sprouts).",660.00,535.00,1.000
dish_1562872150,mushroom,7.48,34.00,Four small whole cooked mushrooms on a white dinner plate.,15.00,70.00,1.000
dish_1562872182,mushroom | bok choy,41.54,296.00,A small portion of cooked green bok choy with a few small whole mushrooms.,30.00,190.00,1.000
dish_1562872365,bok choy,9.88,76.00,"A very small serving of cooked leafy greens, likely bok choy, centered on a large white plate.",15.00,40.00,1.000
dish_1562872223,chicken | bok choy,306.86,468.00,"A meal consisting of two pieces of roasted chicken with skin, a portion of stir-fried or sautéed bok choy, and a few small whole mushrooms.",455.00,350.00,0.667
dish_1562872396,chicken | bok choy,179.56,186.00,A small serving consisting of a piece of breaded roasted chicken and a side of cooked bok choy.,305.00,180.00,1.000
dish_1562872432,chicken,259.08,257.00,"A modest meal consisting of a small portion of couscous with vegetables, sautéed greens, and a piece of roasted chicken.",250.00,210.00,0.333
dish_1562872470,fish | chicken,286.38,282.00,"A light meal featuring a small portion of breaded protein, a serving of couscous mixed with some green vegetables, and a side of sautéed bok choy.",260.00,210.00,0.250
dish_1562872498,chicken,306.26,320.00,"A plate containing a portion of breaded chicken, a side of couscous garnished with a tomato, and two types of cooked green vegetables (green beans and bok choy).",440.00,355.00,0.250
dish_1562872662,corn | fish,133.22,122.00,"A small, refined portion of pan-seared fish topped with a grain-based garnish on a large white plate.",180.00,95.00,0.000
dish_1562872914,fish | corn,135.40,124.00,"A single piece of a cooked, filled omelet on a square white plate.",145.00,75.00,0.000
dish_1562872746,fish | corn | arugula,242.36,203.00,"A light side salad featuring mixed greens, a small amount of wheat berry and corn mix, and a single mandarin orange segment.",100.00,90.00,0.250
dish_1562872945,corn | fish,258.60,234.00,"A light meal featuring a portion of vegetable-infused couscous alongside a savory, folded protein-based item containing cooked vegetables.",325.00,220.00,0.000
dish_1562872981,corn | fish,268.32,288.00,"A light meal consisting of a side of cherry tomatoes, a portion of sautéed potatoes or root vegetables, and a piece of a savory omelet or frittata.",295.00,265.00,0.000
dish_1562873002,fish | corn,278.26,307.00,"A balanced meal consisting of a piece of pan-seared fish, a portion of roasted potatoes with onions, sautéed green beans, and halved cherry tomatoes.",385.00,365.00,0.200
dish_1562873155,green beans,41.34,79.00,A small portion of stir-fried green beans served on a square white plate.,65.00,75.00,1.000
dish_1562873028,fish | corn,280.34,320.00,"A balanced meal consisting of a vegetable frittata, roasted or sautéed potatoes and mushrooms, cherry tomatoes, green beans, and celery.",350.00,390.00,0.000
dish_1562873187,green beans | bok choy,64.22,255.00,A light portion of stir-fried bok choy and yardlong beans served on a square white plate.,45.00,145.00,1.000
dish_1562873224,fish | corn | green beans | bok choy,261.86,436.00,"A meal consisting of a piece of pan-fried fish topped with a chunky peanut-based sauce, served alongside steamed bok choy and a few whole green beans.",325.00,250.00,0.500
dish_1562873416,caesar salad,52.36,119.00,A small serving of mixed green salad with a light coating of creamy dressing.,50.00,50.00,0.000
dish_1562873264,fish | country rice,503.60,595.00,"A plate containing a portion of fried multi-grain rice, a piece of fish topped with a flavorful sauce, and steamed bok choy and long beans.",540.00,330.00,0.500
dish_1562873495,caesar salad | cheese pizza,140.11,152.00,A very small serving of mixed green salad with a single small slice of cheese pizza on a large white plate.,155.00,100.00,0.500
dish_1562873790,lettuce | lime | onions | cucumbers | cherry tomatoes,75.71,75.00,A small serving of raw mixed salad greens on a white plate.,5.00,20.00,0.000
dish_1562873544,fish | cheese pizza | caesar salad,193.61,201.00,"A light meal consisting of a small portion of mixed green salad, a breaded protein piece, and a small wedge of pizza.",335.00,145.00,0.250
dish_1562873814,green beans,106.58,134.00,A side dish consisting of sautéed green beans alongside a small portion of mixed leafy greens.,45.00,150.00,1.000
dish_1562873838,chicken,427.44,342.00,A meal consisting of two portions of cooked chicken thighs served alongside green beans and a side of mixed leafy greens.,415.00,250.00,0.500
dish_1562874049,cheese pizza,412.14,155.00,Four slices of a cheese pizza on a large square plate.,420.00,140.00,1.000
dish_1562874203,sour cream | corn | fish,362.52,332.00,"A small portion of pan-seared tofu served over a warm salad of cooked lentils, corn, bell peppers, and fresh greens.",235.00,200.00,0.000
dish_1562874250,fish | corn | sour cream,394.44,393.00,"A balanced meal consisting of seared tofu pieces, a grain-based salad with corn and peppers, and a side of green beans.",345.00,370.00,0.200
dish_1562874282,corn | caesar salad | sour cream | fish,427.88,469.00,"A plate featuring pan-seared fish combined with a grain and vegetable mixture, served alongside sauteed green beans and a small portion of mixed greens.",370.00,340.00,0.167
dish_1562875159,pizza,260.68,98.00,"A single rectangular slice of pizza featuring tomato sauce, melted cheese, chicken pieces, and red onion on a large white plate.",280.00,110.00,1.000
dish_1562875211,pizza | caesar salad,282.24,147.00,A plate containing a single rectangular slice of chicken pizza and a small side portion of Caesar salad.,420.00,190.00,1.000
dish_1562875241,chicken | pizza,479.69,275.00,"A meal consisting of two roasted chicken drumsticks, a portion of Caesar salad, and a square slice of thin-crust chicken pizza.",730.00,330.00,0.667
dish_1562875833,corn | fish,156.15,143.00,"A single small serving of pan-seared fish fillets, skin-on, garnished with a small amount of diced vegetables, served on a white plate.",185.00,95.00,0.500
dish_1562875273,pizza | chicken,495.91,306.00,"A varied meal featuring a piece of breaded chicken, a serving of sautéed green beans, a side Caesar salad, and a slice of chicken pizza.",635.00,355.00,0.500
dish_1562875320,chicken | country rice | pizza,603.86,377.00,"A varied meal featuring a chicken drumstick and piece of chicken breast, a serving of sautéed green beans, a portion of brown rice, a small side of Caesar salad, and a slice of thin-crust pizza.",905.00,505.00,0.500
dish_1562875870,fish | corn,256.95,233.00,A plate containing a portion of pan-seared salmon served with a side of couscous and a single cherry tomato.,330.00,190.00,0.000
dish_1562875898,bok choy | corn | fish,271.12,342.00,"A light meal consisting of a small portion of couscous, a pan-seared fish fillet, steamed bok choy, and a single cherry tomato.",280.00,230.00,0.500
dish_1562875940,country rice | fish,386.67,418.00,"A balanced meal consisting of brown rice with mixed vegetables, a small portion of couscous, a piece of cooked salmon, bok choy, and one cherry tomato.",450.00,350.00,0.200
dish_1562876494,chicken,40.11,26.00,"A very small, snack-sized portion containing a small piece of chicken, a few grains of rice or quinoa, and two small pieces of green bean.",90.00,75.00,0.333
dish_1562876531,chicken | caesar salad,66.07,85.00,A very small portion of what appears to be Caesar salad with a single small piece of chicken.,130.00,73.00,0.500
dish_1562876618,cheese pizza,114.34,43.00,A single small rectangular slice of cheese pizza on a large plate.,140.00,55.00,1.000
dish_1562876645,chicken | cheese pizza,220.77,112.00,A light meal consisting of a single breaded chicken drumstick and a small portion of cheese pizza served on a large white plate.,370.00,160.00,1.000
dish_1562876674,cheese pizza | chicken | country rice,289.19,157.00,"A small, varied meal consisting of a small portion of brown rice with vegetables, a single roasted chicken drumstick, and one small piece of cheese pizza on a large plate.",435.00,230.00,1.000
dish_1562876709,chicken | cheese pizza | country rice,304.37,186.00,"A varied meal consisting of a small portion of seasoned brown rice, steamed green beans, a single chicken drumstick, and one slice of cheese pizza.",530.00,325.00,0.750
dish_1562876732,cheese pizza | caesar salad | country rice | chicken,350.57,291.00,"A varied meal consisting of a chicken drumstick, small serving of brown rice with vegetables, green beans, a side Caesar salad, and a single slice of cheese pizza.",665.00,365.00,0.800
dish_1562945131,broccoli,37.32,67.00,A very small portion of three roasted broccoli florets on a large white plate.,15.00,45.00,1.000
dish_1562876756,cheese pizza | caesar salad | chicken | country rice,354.60,322.00,"A varied meal consisting of a chicken drumstick, a small slice of pizza, a portion of brown rice, green beans, Caesar salad, and a few slices of melon.",595.00,450.00,0.667
dish_1562945186,broccoli | greek yogurt | chia seeds | milk,191.53,219.00,"A plate containing a portion of ground meat topped with banana slices and a small side of roasted broccoli, accompanied by a side plate of mixed grapes and berries.",400.00,340.00,0.167
dish_1562945332,chia seeds | broccoli | greek yogurt | egg whites | milk,246.65,325.00,"A plate consisting of chopped egg whites, a ground meat mixture with banana slices, and a small serving of roasted broccoli.",295.00,295.00,0.333
dish_1562945393,chia seeds | broccoli | greek yogurt | egg whites | sweet potato | milk,319.39,401.00,"A plate containing a portion of scrambled egg whites, roasted potatoes, oatmeal topped with banana slices, and roasted broccoli florets.",380.00,400.00,0.429
dish_1562945445,sweet potato | broccoli | greek yogurt | egg whites | milk | chia seeds | grapes,362.17,463.00,"A varied plate consisting of ground meat, diced roasted potatoes, fresh mozzarella cubes, green grapes, steamed broccoli, and sliced banana.",645.00,430.00,0.333
dish_1562945779,granola,37.70,29.00,A very small serving of mixed salad leaves on a white square plate.,5.00,15.00,0.000
dish_1562945499,broccoli | greek yogurt | sweet potato | grapes | chia seeds | milk | egg whites,454.51,625.00,"A mixed breakfast plate containing cooked oatmeal, assorted fresh berries (strawberries, blackberries, raspberries), grapes, banana slices, roasted broccoli, and some crumbled white cheese.",250.00,365.00,0.200
dish_1562945803,honeydew melons,50.30,64.00,A very small portion of mixed leafy greens topped with a few small cubes of cheese.,35.00,28.00,0.000
dish_1562945823,honeydew melons | cantaloupe,62.20,99.00,"A very small, light serving consisting of a small bed of mixed greens garnished with a few cubes of honeydew melon and cantaloupe.",31.00,95.00,1.000
dish_1562945851,cantaloupe | honeydew melons,91.27,150.00,"A light, fresh salad plate containing mixed salad greens, small cubes of honeydew and cantaloupe, and a small portion of blueberries and strawberries.",56.00,155.00,1.000
dish_1562945879,succotash | cantaloupe | honeydew melons,174.43,234.00,"A plate containing a mixed green salad, fresh melon chunks (cantaloupe and honeydew), a side of roasted corn and black bean mixture, and a small serving of berries.",175.00,325.00,0.500
dish_1562945900,honeydew melons | succotash | roasted potatoes,240.70,281.00,"A balanced plate consisting of fresh salad greens, assorted fruit (melon, berries), a cooked corn and black bean mixture, and roasted potato pieces.",250.00,390.00,0.500
dish_1562946006,sausage | scrambled eggs,535.98,224.00,A breakfast plate containing a moderate portion of scrambled eggs and six small cooked sausage links.,380.00,190.00,1.000
dish_1562946075,sausage | scrambled eggs,557.88,297.00,"A breakfast plate containing scrambled eggs, six pieces of breakfast sausage, and a small serving of cubed watermelon.",445.00,295.00,0.667
dish_1562947020,scrambled eggs | cheese,533.12,333.00,A plate of scrambled eggs mixed with shredded cheddar cheese.,295.00,175.00,1.000
dish_1562947376,pineapple,36.50,73.00,A very small serving of fresh pineapple chunks on a large square white plate.,25.00,50.00,1.000
dish_1562946106,sausage | scrambled eggs,578.96,359.00,"A breakfast plate containing scrambled eggs, several sliced sausage segments, and a side of cubed watermelon and cantaloupe.",490.00,410.00,0.500
dish_1562947409,pineapple,103.19,190.00,"A light snack consisting of a small variety of fresh pineapple, strawberries, and blueberries served on a white plate.",65.00,165.00,1.000
dish_1562947598,cantaloupe,87.72,258.00,A bowl filled with fresh cubed cantaloupe.,95.00,275.00,1.000
dish_1562947469,roasted potatoes | pineapple | sausage,392.36,320.00,"A plate containing a portion of sliced sausage, roasted potato cubes, and a fruit mix of pineapple, strawberries, and blueberries.",330.00,355.00,1.000
dish_1562947885,grapes,215.97,313.00,A bowl filled with a serving of fresh red and green grapes.,165.00,240.00,1.000
dish_1562949162,bacon,64.92,12.00,A single strip of cooked bacon served on a white square plate.,45.00,10.00,1.000
dish_1562949205,cantaloupe | bacon,80.22,57.00,A light portion consisting of approximately 75g of cantaloupe melon cubes and one slice of crispy cooked bacon served on a white square plate.,115.00,95.00,1.000
dish_1562949242,bacon | cantaloupe | sweet potato,139.56,119.00,"A small, modest meal consisting of a single piece of bacon, several small cubes of cantaloupe melon, and a small portion of roasted or pan-fried potato chunks.",178.00,175.00,1.000
dish_1562949494,bok choy,68.55,149.00,"A small plate consisting of a few fresh raspberries, blackberries, and a small portion of cooked fennel.",39.00,105.00,0.000
dish_1562947436,sausage | pineapple,282.38,242.00,"A light meal consisting of three slices of sausage, fresh strawberries, blueberries, and cubed pineapple.",215.00,225.00,1.000
dish_1562949541,turkey bacon | scrambled eggs,494.23,374.00,"A breakfast plate containing scrambled eggs, two strips of bacon, a small portion of mixed berries (raspberries and blackberries), and some cooked bok choy.",275.00,255.00,0.667
dish_1562950018,roasted potatoes,200.22,142.00,A small serving of diced boiled or roasted potatoes on a large plate.,85.00,110.00,1.000
dish_1562950057,scrambled eggs | roasted potatoes,320.10,223.00,A simple meal consisting of a portion of scrambled eggs and roasted potato chunks on a white plate.,235.00,210.00,1.000
dish_1562950091,roasted potatoes | scrambled eggs | sausage,550.98,290.00,"A breakfast plate containing scrambled eggs, three pieces of sausage, and roasted diced potatoes.",430.00,260.00,1.000
dish_1562950895,sweet potato,137.82,144.00,A small portion of roasted or pan-fried diced potatoes served on a large white plate.,85.00,95.00,1.000
dish_1562947503,sausage | roasted potatoes | egg whites | pineapple,438.12,408.00,"A varied plate containing breakfast sausage, roasted potato chunks, fresh pineapple, strawberries, blueberries, and mozzarella cheese.",450.00,365.00,0.600
dish_1562949467,bok choy,24.66,72.00,"A very small, sparse portion of what appears to be cooked, chopped bok choy or similar leafy green vegetable on a large white plate.",5.00,20.00,1.000
dish_1562950934,sweet potato | egg whites,304.22,464.00,"A plate containing a serving of what appears to be egg whites mixed with roasted, diced potatoes.",245.00,270.00,1.000
dish_1562956486,tofu,103.66,142.00,"A simple stir-fry consisting of cubed firm tofu, shimeji mushrooms, and cherry tomatoes served on a square plate.",110.00,165.00,0.333
dish_1562958445,,24.15,21.00,Six whole dried dates on a plate.,120.00,40.00,0.000
dish_1562956510,pork | tofu,221.17,199.00,"A stir-fry style plate containing cubed tofu, pieces of cooked meat, cherry tomatoes, and shimeji mushrooms.",300.00,265.00,0.500
dish_1562958563,chicken salad,130.84,68.00,A light snack consisting of a small portion of chicken salad and 5 red grapes on a white plate.,120.00,100.00,0.500
dish_1562958603,chicken salad | chickpeas,171.84,93.00,"A light meal consisting of a small portion of chicken salad, a handful of chickpeas, and 5 kalamata olives.",213.00,130.00,0.667
dish_1562958721,carrot | cabbage | rice noodles,125.72,167.00,"A small portion of raw vegetable salad featuring shredded cabbage, carrots, watermelon radishes, and mixed greens on a large plate.",25.00,70.00,0.000
dish_1562958629,chicken salad | chickpeas | artichokes,208.97,172.00,"A Mediterranean-style appetizer plate containing marinated artichoke hearts, chickpeas, crumbled feta cheese, and kalamata olives.",240.00,170.00,0.400
dish_1562958775,rice noodles,227.18,251.00,"A side plate consisting of cooked Swiss chard, a small portion of vegetable slaw, and two slices of watermelon radish.",90.00,180.00,0.000
dish_1562958809,rice noodles | pork,511.67,389.00,"A plate containing a portion of chicken with rice, alongside a fresh mixed green salad with watermelon radish slices.",375.00,340.00,0.333
dish_1562958998,quinoa | fish,109.09,104.00,"A very small portion of breaded, pan-fried protein garnished with a few sprigs of arugula on a large empty plate.",117.00,70.00,0.333
dish_1562959024,quinoa | pizza | fish,319.23,183.00,A small portion of breaded chicken with peppers alongside two small slices of thin crust pizza on a large plate.,420.00,180.00,0.250
dish_1562959059,pizza | fish | roasted potatoes,365.76,216.00,"A light meal consisting of two pieces of breaded fish, two small slices of flatbread pizza, and two baby potatoes.",520.00,245.00,1.000
dish_1562959103,parsnips | roasted potatoes | pizza | fish,395.01,255.00,"A mixed plate featuring two pieces of breaded chicken with a vegetable topping, two small pieces of flatbread pizza, and three roasted potato chunks.",660.00,310.00,0.400
dish_1562959129,fish | pizza | parsnips | roasted potatoes,412.87,293.00,"A varied plate consisting of two breaded chicken strips, a portion of marinated artichoke hearts, three small roasted potatoes, and two slices of thin-crust pizza.",785.00,390.00,0.333
dish_1562959295,radishes,3.04,19.00,A small portion of sliced raw radishes on a white square plate.,5.00,30.00,0.000
dish_1562959344,radishes | cucumbers,5.54,44.00,A very small portion consisting of a few thin slices of raw cucumber and radish served on a large white plate.,4.00,27.00,1.000
dish_1562959190,fish | roasted potatoes | pizza | parsnips,518.80,378.00,"A varied meal consisting of breaded chicken, cheesy flatbread squares, roasted potatoes, mixed greens with pickled onions, and artichoke hearts.",800.00,400.00,0.286
dish_1562959379,radishes | arugula,57.07,85.00,A very small portion of green salad consisting primarily of arugula with a few slices of cucumber and radish on a white plate.,8.00,45.00,0.250
dish_1562959517,spinach (raw) | arugula | chard | cherry tomatoes | pumpkin seeds | carrot | lettuce | figs | cucumbers,91.14,74.00,"A very small serving of a mixed green salad, likely a remainder of a larger portion, featuring dark leafy greens and some visible dressing residue on the plate.",45.00,40.00,0.000
dish_1562959485,arugula,45.24,36.00,A nearly empty square plate containing a small residual portion of dressed leafy greens and leftover sauce and crumbs.,40.00,30.00,0.000
dish_1562959547,fish,165.62,145.00,A very small portion consisting of a few bites of breaded chicken and a side of mixed dark leafy greens with some red pepper.,100.00,85.00,0.000
dish_1562959700,pork | white rice | sugar,315.41,153.00,A very small portion of pork mixed with a small amount of seasoned rice served on a large white plate.,190.00,110.00,0.667
dish_1562959570,fish | pork,311.99,216.00,"A light meal consisting of three small roasted baby potatoes, a small portion of mixed greens salad, and a small serving of what appears to be a breaded protein.",285.00,175.00,0.333
dish_1562959599,roasted potatoes | pork | fish,403.64,281.00,"A plate containing roasted potatoes, small pieces of breaded or crumb-crusted protein, and a side of mixed leafy greens.",335.00,225.00,0.500
dish_1562959732,pork | parsnips | sugar | white rice,374.66,232.00,"A light meal consisting of a few pieces of cooked pork, a small amount of rice, and a few roasted potato cubes on a large white plate.",275.00,170.00,0.400
dish_1562960437,roasted potatoes,97.29,69.00,"A very small serving of three fried, round potato croquette-style items with a single small green leaf garnish on a white plate.",105.00,45.00,1.000
dish_1562959766,sugar | rice noodles | pork | parsnips,431.13,307.00,"A plate containing a portion of stir-fried noodles with mixed vegetables, several pieces of pan-seared tofu, and a side of roasted root vegetable chunks.",310.00,255.00,0.167
dish_1562959799,pork | parsnips | rice noodles | sugar,498.77,363.00,"A mixed meal containing a small portion of roasted potatoes, some seared meat, a portion of noodles with thinly sliced vegetables, and a side of fresh arugula.",375.00,235.00,0.167
dish_1562960472,roasted potatoes | caesar salad,139.97,166.00,"A small portion of Caesar salad with lettuce, dressing, and croutons on a large plate.",140.00,75.00,0.250
dish_1562960520,pork | caesar salad | roasted potatoes,422.40,303.00,A side-dish portion of a Caesar salad with breaded chicken strips on a large white plate.,350.00,165.00,0.250
dish_1562961588,pizza,178.22,67.00,"A very small, sparse meal consisting of one rectangular slice of thin-crust pizza and a small, bite-sized portion of fried rice with scattered grains on a large square plate.",165.00,65.00,0.500
dish_1562961650,pork | pizza | fish,555.71,312.00,A light meal consisting of one small rectangular slice of pizza and a serving of stir-fried rice with pork pieces.,400.00,190.00,0.667
dish_1562961609,pizza | pork,423.54,186.00,A small portion consisting of a single slice of thin-crust pizza or flatbread and a side serving of stir-fried tofu with greens.,225.00,120.00,0.333
dish_1562963006,quinoa | fish,259.10,247.00,"A small serving of an egg-based scramble containing diced red vegetables (likely tomato or red pepper) and melted cheese, garnished with a few pieces of greens.",240.00,160.00,0.000
dish_1562963033,quinoa | fish | roasted potatoes,356.39,316.00,"A light meal consisting of a small portion of pan-seared or baked fish finished with a chili-based sauce, served with two small roasted baby potatoes and a garnish of greens.",305.00,200.00,0.667
dish_1562963059,fish | quinoa | roasted potatoes,369.53,389.00,"A plate containing a portion of breaded chicken with sauce, five cherry tomatoes, and two small roasted potatoes.",355.00,295.00,0.200
dish_1562963084,quinoa | roasted potatoes | fish,375.13,424.00,"A plate containing a portion of breaded chicken, five cherry tomatoes, two small roasted potato pieces, and several thin radish slices.",350.00,315.00,0.167
dish_1562963246,cheese pizza,324.40,122.00,A small portion of two thin-crust pizza slices on a large plate.,280.00,110.00,1.000
dish_1562963109,fish | quinoa | roasted potatoes,381.53,488.00,"A plate consisting of breaded protein, a side of fresh cucumber, radish, and cherry tomatoes, accompanied by two small roasted potatoes.",410.00,405.00,0.333
dish_1562963153,fish | quinoa | roasted potatoes,386.48,521.00,"A plate containing a breaded protein, a side of roasted potatoes, a fresh salad with lettuce, cucumbers, radishes, and cherry tomatoes.",380.00,385.00,0.286
dish_1562963289,caesar salad | cheese pizza,349.92,180.00,A meal consisting of a single pizza slice and a small serving of a creamy vegetable salad.,420.00,190.00,0.333
dish_1562963325,sugar | pork | cheese pizza,760.16,379.00,"A varied plate containing a portion of rice with stir-fry, a serving of creamy pasta salad, and a slice of pizza.",870.00,430.00,0.200
dish_1562963484,arugula,100.54,80.00,"A very small side salad consisting of arugula, a few cucumber slices, a light crumble of feta, and a couple of almonds, lightly dressed.",73.00,58.00,0.250
dish_1562963517,fish | quinoa,552.65,511.00,"A light meal consisting of a quinoa-based mixture with chicken and red peppers, served alongside a small bed of fresh arugula and a few cucumber slices.",390.00,285.00,0.250
dish_1562963583,pizza,138.32,52.00,A single small slice of thin-crust pizza with cheese and toppings on a large white plate.,85.00,40.00,1.000
dish_1562963612,pizza | caesar salad,184.08,156.00,A plate containing a single small slice of pizza and a small side portion of Caesar salad.,490.00,225.00,1.000
dish_1562963648,caesar salad | pizza | rice noodles,252.59,247.00,"A mixed meal consisting of a small portion of pasta, one slice of pizza, and a side of dressed Caesar salad.",590.00,315.00,0.500
dish_1562963676,roasted potatoes | caesar salad | pizza | rice noodles,397.82,350.00,"A varied plate consisting of a portion of spaghetti with vegetables, a small slice of pizza, five roasted baby potatoes, and a small portion of chicken Caesar salad.",695.00,455.00,0.600
dish_1562963704,roasted potatoes | caesar salad | pork | rice noodles | pizza,663.76,479.00,"A varied plate consisting of spaghetti, roasted potatoes, chicken pieces, a side Caesar salad, and a single slice of pizza.",940.00,490.00,0.429
dish_1563205903,chicken apple sausage | egg whites,101.24,122.00,A light breakfast consisting of a small serving of scrambled egg whites and a few slices of breakfast sausage.,195.00,140.00,1.000
dish_1563205877,chicken apple sausage,56.00,35.00,A very small portion of sliced sausage pieces with a tiny dab of a white sauce or condiment on a large plate.,125.00,50.00,0.500
dish_1563205927,egg whites | yam | sweet potato | chicken apple sausage,160.27,181.00,A small portion of mashed potatoes served with diced roasted sweet potatoes and several slices of sausage.,365.00,230.00,0.500
dish_1563205953,yam | sweet potato | egg whites | pineapple | chicken apple sausage,218.77,298.00,"A plate containing mashed potatoes, sliced sausage rounds, small roasted carrot pieces, and pineapple chunks.",340.00,365.00,0.500
dish_1563206409,scrambled eggs | cheese,443.46,277.00,A plate of scrambled eggs topped with shredded cheddar cheese.,320.00,178.00,1.000
dish_1563206562,yam | sweet potato,98.21,68.00,A small portion of roasted sweet potato cubes served on a white square plate.,85.00,95.00,0.500
dish_1563205982,egg whites | yam | chicken apple sausage | sweet potato | pineapple,316.24,469.00,"A breakfast plate containing a mixture of chopped fresh fruit (pineapple, strawberries, berries), a side of cottage cheese, and slices of savory breakfast sausage.",340.00,425.00,0.333
dish_1563206582,yam | egg whites | sweet potato,229.25,320.00,"A light, health-conscious meal consisting of a generous portion of plain egg whites paired with a small side of roasted sweet potato cubes.",235.00,330.00,0.667
dish_1563207277,yam | sweet potato,153.09,106.00,A small serving of roasted sweet potato cubes served on a large white square plate.,55.00,60.00,0.500
dish_1563206601,sweet potato | turkey bacon | egg whites | yam,293.80,337.00,"A breakfast plate containing a large portion of scrambled egg whites, one strip of bacon, and a small side of roasted diced vegetables.",220.00,245.00,0.750
dish_1563207301,yam | egg whites | sweet potato,187.93,173.00,A small portion of roasted sweet potato cubes paired with a small amount of crumbled white cheese on a large white plate.,180.00,130.00,0.250
dish_1563207332,scrambled eggs | yam | egg whites | sweet potato,288.57,241.00,A light meal consisting of diced roasted sweet potatoes and a small portion of scrambled eggs on a square plate.,180.00,165.00,0.667
dish_1563207364,scrambled eggs | yam | grapes | egg whites | sweet potato,309.27,271.00,"A plate containing a small portion of roasted sweet potato cubes, seven red grapes, and a small amount of scrambled eggs.",195.00,190.00,0.750
dish_1563207389,pineapple | sweet potato | scrambled eggs | egg whites | grapes | yam,337.27,327.00,"A plate containing a mix of roasted sweet potato cubes, red grapes, fresh pineapple chunks, scrambled eggs, and a portion of white cheese.",305.00,280.00,0.667
dish_1563207406,scrambled eggs | pineapple | egg whites | yam | watermelon | sweet potato | grapes,372.07,443.00,"A varied plate containing cubed watermelon, grapes, roasted sweet potato pieces, pineapple chunks, scrambled eggs, and a small portion of crumbled white cheese.",335.00,400.00,0.714
dish_1563208094,yam | sweet potato,160.31,111.00,A small serving of roasted sweet potato cubes served on a white square plate.,95.00,110.00,0.500
dish_1563208129,yam | sweet potato | scrambled eggs,426.71,291.00,A simple meal consisting of a portion of scrambled eggs alongside roasted sweet potato cubes served on a square plate.,350.00,250.00,0.667
dish_1563208412,chicken apple sausage,62.40,39.00,"A serving of five small, round savory snacks or mini-meatballs on a large plate.",140.00,75.00,0.000
dish_1563208439,chicken apple sausage,92.61,96.00,A light snack consisting of a few thin slices of cooked breakfast sausage and a small portion of fresh raspberries.,140.00,115.00,1.000
dish_1563208459,yam | sweet potato | chicken apple sausage,186.49,161.00,"A light meal consisting of sliced chicken sausage, roasted sweet potato cubes, and fresh raspberries served on a square plate.",255.00,185.00,0.667
dish_1563216381,broccoli,34.65,99.00,A very small serving of steamed broccoli on a large square white plate.,25.00,75.00,1.000
dish_1563216412,white rice | broccoli,172.45,205.00,A light meal consisting of a small portion of steamed white rice and three florets of steamed broccoli.,140.00,165.00,1.000
dish_1563216440,chicken breast | white rice | broccoli,403.79,352.00,"A plate containing breaded chicken, white rice, and steamed broccoli.",455.00,330.00,1.000
dish_1563216625,chicken breast,171.54,109.00,"A small portion of sliced, breaded chicken breast on a large empty plate.",240.00,95.00,1.000
dish_1563216659,chicken breast | squash,190.06,173.00,A small portion of breaded chicken pieces and roasted zucchini slices on a large plate.,255.00,150.00,0.333
dish_1563217736,broccoli,23.45,67.00,A small portion of cooked broccoli florets served on a large white square plate.,25.00,75.00,1.000
dish_1563216689,squash | broccoli | chicken breast,235.21,302.00,"A balanced meal consisting of breaded chicken, steamed broccoli, and roasted squash.",285.00,270.00,1.000
dish_1563216717,squash | chicken breast | broccoli,246.01,332.00,"A balanced light meal consisting of breaded chicken, steamed broccoli, roasted squash/zucchini, and a small portion of diced fresh apple.",260.00,305.00,0.750
dish_1563217774,mangos | arugula | broccoli | tomatoes,96.14,265.00,"A light side salad featuring leafy greens, steamed broccoli, sliced cucumbers, and cherry tomatoes, likely tossed in a light dressing.",95.00,185.00,0.333
dish_1563217804,white rice | pork,492.93,459.00,A mixed plate featuring a side salad with mixed vegetables and a portion of cooked chicken pieces mixed with white rice and some yellow squash.,380.00,370.00,0.250
dish_1563217895,arugula,26.80,73.00,A very small serving of a mixed green salad containing a few thin slices of peach and two small cubes of melon.,25.00,70.00,0.000
dish_1563217939,white rice | pork,227.24,171.00,A plate containing a modest serving of stir-fried meat with rice alongside a small side of mixed greens and fresh fruit pieces.,195.00,125.00,0.333
dish_1563218201,grilled chicken,352.87,156.00,"A small portion of diced, cooked chicken breast in a large metal mixing bowl.",115.00,70.00,1.000
dish_1563217968,white rice | broccoli | pork,252.79,244.00,"A light meal consisting of steamed broccoli, a small portion of stir-fried pork with rice, a few fresh fruit slices, and a small side of mixed greens.",305.00,330.00,0.400
dish_1563218031,broccoli | pork | chicken breast,419.77,426.00,"A mixed plate containing a small piece of breaded chicken, roasted squash, cooked broccoli, white rice, and some mixed vegetables/greens.",310.00,380.00,0.333
dish_1563217993,pork | squash | broccoli,279.71,337.00,"A mixed plate consisting of roasted butternut squash, steamed or stir-fried broccoli, a small portion of brown rice with cooked meat pieces, and a few slices of fresh peach.",300.00,315.00,0.333
dish_1563218408,pepperoni pizza,245.34,87.00,Two individual pepperoni pizza rolls served in a large stainless steel bowl.,240.00,70.00,1.000
dish_1563218959,white rice | pork,267.94,131.00,A partially consumed serving of stir-fried meat with a small amount of white rice and a couple of zucchini slices.,230.00,145.00,0.667
dish_1563218987,pepperoni pizza | pork,383.56,172.00,A plate containing a rectangular slice of pepperoni pizza alongside a portion of shredded meat mixed with rice and a few slices of zucchini.,530.00,250.00,0.333
dish_1563219009,pepperoni pizza | pork,388.36,202.00,"A varied meal consisting of a slice of pepperoni pizza, a portion of shredded meat mixed with rice, and a few small pieces of celery and zucchini.",465.00,270.00,0.500
dish_1563219035,pepperoni pizza | pork,410.21,221.00,"A heterogeneous plate consisting of a single slice of pepperoni pizza, a small serving of seasoned meat with rice, some sautéed vegetables, and five Kalamata olives.",600.00,305.00,0.200
dish_1563220058,pepperoni pizza,146.64,52.00,A single small slice of pepperoni pizza on a large plate.,95.00,40.00,1.000
dish_1563220087,broccoli | pepperoni pizza,162.74,98.00,A light meal consisting of a single small slice of pepperoni pizza and a small side of steamed broccoli florets.,165.00,130.00,1.000
dish_1563219056,pepperoni pizza | pork,416.87,258.00,"A varied meal consisting of a slice of pepperoni pizza, a portion of meat mixed with rice, and sides of fresh cherry tomatoes, celery, olives, and a small amount of zucchini.",540.00,370.00,0.143
dish_1563220109,pepperoni pizza | squash | broccoli,184.74,174.00,"A small, light meal consisting of a single slice of pepperoni pizza, a few pieces of roasted squash, and a small portion of broccoli.",320.00,245.00,1.000
dish_1563220143,pepperoni pizza | chicken breast,425.51,327.00,"A varied meal consisting of breaded chicken pieces, a slice of pepperoni pizza, roasted squash, and steamed broccoli.",585.00,365.00,0.500
dish_1563220767,pork | white rice,265.89,130.00,"A small portion of cooked, bite-sized chicken pieces on a large white plate.",140.00,75.00,0.000
dish_1563220171,brown rice | chicken breast | pepperoni pizza,465.47,363.00,"A mixed plate consisting of breaded chicken pieces, a slice of pepperoni pizza, roasted squash, steamed broccoli, and a small portion of rice with vegetables.",600.00,385.00,0.600
dish_1563220802,white rice | pork | broccoli,308.59,252.00,A light meal consisting of cooked broccoli florets and small pieces of pan-seared or grilled chicken breast.,150.00,185.00,0.250
dish_1563220987,pork | white rice,224.99,110.00,A very small portion of pan-seared or roasted chicken breast served with two small fresh green leaves on a large plate.,117.00,75.00,0.000
dish_1563221054,chicken breast | pork,298.88,170.00,"A light meal consisting of sliced, cooked chicken breast served alongside a small portion of mixed leafy green salad with shredded carrots and a single piece of bread.",200.00,153.00,0.250
dish_1563221157,broccoli | black beans | pork,418.15,352.00,"A plate containing pan-seared pork medallions, a side of steamed broccoli florets, and a portion of sautéed spinach and mixed vegetables.",355.00,330.00,0.500
dish_1563221086,chicken breast | pork | broccoli,328.28,254.00,"A plate consisting of steamed broccoli, a mixed green spinach-based salad, and small pieces of cooked pork tenderloin.",255.00,265.00,0.500
dish_1563221495,pepperoni pizza | chicken breast,365.27,164.00,A plate featuring one slice of pepperoni pizza and a small side serving of a chicken and grain-based casserole dish.,300.00,135.00,1.000
dish_1563221519,chicken breast | pepperoni pizza,379.97,206.00,"A light meal consisting of a single slice of pepperoni pizza, a small portion of broccoli, and several breaded chicken breast bites.",420.00,230.00,0.667
dish_1563221562,chicken breast | pepperoni pizza,395.60,260.00,"A plate containing a slice of pepperoni pizza, a small serving of steamed broccoli, a few pieces of seasoned chicken breast, and some roasted sweet potato chunks.",475.00,315.00,0.500
dish_1563222745,pepperoni pizza,135.36,48.00,"A single small, triangular slice of pepperoni pizza served on a large white plate.",115.00,45.00,1.000
dish_1563221640,pepperoni pizza | chicken breast,469.19,364.00,"A mixed plate containing a slice of pepperoni pizza, pieces of breaded chicken, a side of steamed broccoli, a small portion of mixed greens salad, and a piece of cooked sweet potato.",555.00,375.00,0.500
dish_1563222775,pork | pepperoni pizza,190.58,75.00,A sparse meal consisting of one small slice of pepperoni pizza and one piece of breaded chicken.,250.00,100.00,0.333
dish_1563222800,chicken breast | pork | pepperoni pizza,302.32,146.00,"A light meal consisting of sliced plain chicken breast, a single slice of pepperoni pizza, and one small breaded chicken nugget.",285.00,125.00,0.500
dish_1563222830,broccoli | chicken breast | pork | pepperoni pizza,325.07,211.00,"A plate containing four thin strips of chicken breast, a single slice of pepperoni pizza, a small portion of cooked broccoli, and an additional small, unidentified piece of cooked protein.",375.00,275.00,0.600
dish_1563222850,pork | broccoli | pepperoni pizza | brown rice | chicken breast,348.38,232.00,"A varied plate consisting of sliced chicken, a cheesy pepperoni wrap piece, cooked broccoli, a small portion of grains, and an additional piece of cooked protein.",415.00,300.00,0.429
dish_1563221025,white rice | pork | chicken breast,245.45,123.00,"A very small portion consisting of several bite-sized pieces of seared chicken, a single small breaded chicken tender strip, and two small spinach leaves garnished on a large plate.",207.00,110.00,0.200
dish_1563294408,pineapple,41.50,83.00,A small snack portion consisting of seven chunks of fresh pineapple served on a white plate.,30.00,60.00,1.000
dish_1563221602,pepperoni pizza | chicken breast,447.89,306.00,"A mixed plate containing a slice of pepperoni pizza, roasted herb chicken, a side of broccoli, fresh spinach, and a piece of roasted sweet potato.",565.00,370.00,0.400
dish_1563294441,pineapple | watermelon,65.20,162.00,"A light snack plate consisting of small, freshly cut pieces of pineapple and watermelon.",60.00,155.00,1.000
dish_1563294465,pineapple | watermelon | grapes,116.95,237.00,"A light snack consisting of a small serving of chopped pineapple, chopped watermelon, and a few whole green grapes on a white plate.",76.00,160.00,1.000
dish_1563294491,pineapple | grapes | watermelon,146.98,328.00,"A plate of assorted fresh fruit containing pineapple, sliced strawberries, green grapes, watermelon chunks, and one blueberry.",126.00,317.00,1.000
dish_1563294522,sweet potato | yam | watermelon | pineapple | grapes,250.97,400.00,"A mix of fresh fruit including pineapple, strawberries, watermelon, and grapes, alongside roasted sweet potato chunks.",226.00,412.00,0.800
dish_1563294547,yam | sweet potato | grapes | watermelon | hash browns | pineapple,430.27,455.00,"A breakfast plate containing a mix of fresh fruit, roasted sweet potatoes, and fried shredded potatoes.",310.00,350.00,0.667
dish_1563294987,bacon,97.38,18.00,A single strip of cooked bacon served on a square white plate.,45.00,10.00,1.000
dish_1563294575,hash browns | grapes | sweet potato | egg whites | yam | pineapple,485.91,562.00,"A breakfast plate containing egg whites, a mix of fresh fruit (strawberries, pineapple, grapes, blueberry), roasted sweet potatoes, and shredded hash browns.",321.00,467.00,0.833
dish_1563295016,bacon | pineapple,127.88,79.00,A small snack plate consisting of a single piece of cooked bacon and a few small pieces of fresh pineapple.,115.00,75.00,1.000
dish_1563295044,yam | sweet potato | pineapple | bacon,241.98,158.00,"A light meal consisting of two strips of bacon, a small serving of roasted sweet potato cubes, and fresh pineapple chunks.",245.00,175.00,0.750
dish_1563295292,bacon,119.02,22.00,A single strip of cooked bacon on a white square plate.,90.00,15.00,1.000
dish_1563295334,bacon | scrambled eggs,228.54,96.00,A breakfast plate consisting of two strips of crispy bacon and a portion of scrambled eggs.,270.00,135.00,1.000
dish_1563295360,bacon | scrambled eggs | broccoli,275.89,181.00,"A breakfast plate consisting of scrambled eggs, two strips of bacon, and a portion of cooked broccoli.",310.00,255.00,1.000
dish_1563302315,mushroom,13.86,63.00,A small portion of what appear to be pan-seared or roasted whole mushrooms on a large white square plate.,25.00,75.00,1.000
dish_1563295400,broccoli | yam | sweet potato | scrambled eggs | bacon,402.98,269.00,"A breakfast plate consisting of scrambled eggs, two strips of bacon, a mix of roasted potatoes and carrots, and steamed or roasted broccoli.",485.00,345.00,0.800
dish_1563302345,mushroom | chicken,265.86,215.00,"A light meal consisting of a small portion of white fish, a side of sautéed mushrooms, and a few small pieces of crushed walnuts.",205.00,161.00,0.250
dish_1563302391,roasted potatoes | chicken,401.22,311.00,"A plate containing a modest portion of roasted potatoes, a piece of roasted chicken, and a small serving of whole mushrooms.",330.00,255.00,0.667
dish_1563302420,chicken | roasted potatoes | carrot,435.63,381.00,"A plate containing roasted chicken pieces, roasted potatoes, sliced carrots, and sautéed whole button mushrooms.",440.00,345.00,0.750
dish_1563302447,chicken | carrot | roasted potatoes,561.42,440.00,"A balanced meal consisting of roasted chicken breast, roasted potato wedges, sautéed mushrooms, sliced steamed carrots, and a small portion of mixed green salad.",375.00,350.00,0.750
dish_1563303298,chicken,170.76,103.00,"A single piece of breaded, cooked chicken on a large white square plate.",285.00,130.00,1.000
dish_1563303350,chicken | carrot,202.22,167.00,A simple meal consisting of a single piece of cooked chicken and a handful of sliced carrots.,190.00,160.00,1.000
dish_1563303386,roasted potatoes | chicken | carrot,274.13,218.00,"A light plate consisting of a portion of seasoned chicken breast, sliced boiled carrots, roasted potato chunks, and a single pecan.",270.00,241.00,0.750
dish_1563304261,kale,30.21,37.00,"A small serving of chopped green salad, primarily lettuce, with a single crouton and visible light dressing.",100.00,60.00,0.000
dish_1563304301,kale | roasted potatoes,190.95,151.00,A simple meal consisting of a small portion of roasted potato chunks and sautéed kale.,205.00,175.00,1.000
dish_1563304333,chicken | roasted potatoes,451.24,308.00,"A plate containing roasted potatoes, a piece of roasted chicken, and sautéed kale.",400.00,290.00,0.667
dish_1563304369,roasted potatoes | chicken,457.17,326.00,"A balanced meal consisting of roasted potatoes and eggplant, a portion of chicken (breast and drumstick), and sautéed kale.",555.00,390.00,0.667
dish_1563304881,chicken,739.41,446.00,A serving of herb-crusted chicken pieces on a large white plate.,380.00,160.00,1.000
dish_1563304925,beef | chicken,874.46,508.00,A meal consisting of several pieces of roasted herb-seasoned chicken and a small portion of cooked beef on a white square plate.,520.00,250.00,1.000
dish_1563304958,beef | tofu | chicken,951.84,614.00,"A meal consisting of herb-crusted chicken, a side of pan-seared tofu, and a portion of sautéed leafy greens with small bits of protein.",480.00,340.00,0.500
dish_1563305005,beef | chicken | tofu,1003.95,720.00,"A plate consisting of roasted chicken breast topped with herbs, a side of sliced carrots, tofu cubes, and seared steak pieces mixed with a few greens.",670.00,490.00,0.400
dish_1563305047,tofu | beef | chicken,1032.31,806.00,"A balanced meal consisting of portions of roasted chicken, diced eggplant and tofu, sliced carrots, and a small serving of seared beef with greens.",545.00,420.00,0.750
dish_1563305083,chicken | beef | tofu,1234.86,901.00,"A balanced meal consisting of sliced grilled chicken breast, roasted eggplant and carrots, and a mixed green salad topped with pomegranate seeds.",420.00,340.00,0.200
dish_1563305321,carrot,32.94,67.00,A small serving of sliced carrots on a white plate.,25.00,60.00,1.000
dish_1563305354,beef | white rice | carrot,340.07,208.00,"A light meal consisting of sliced beef, steamed/sautéed sliced carrots, and a small portion of rice with broccoli, garnished with a strip of red bell pepper.",240.00,200.00,0.750
dish_1563305513,cheese pizza,606.25,228.00,A plate containing five assorted pieces of cheese pizza.,580.00,220.00,1.000
dish_1563305653,mushroom,25.74,117.00,A small serving of cooked or sauteed button mushrooms served in a white bowl.,25.00,60.00,1.000
dish_1563305401,carrot | quinoa | beef,483.22,332.00,"A plate containing a portion of lean steak, a side of leafy green spinach, several thick slices of cooked carrots, and a piece of red bell pepper.",225.00,230.00,0.200
dish_1563305689,mushroom | cucumbers,30.14,161.00,A light side dish consisting of approximately 7-8 whole mushrooms and 7-8 thin slices of cucumber.,60.00,110.00,1.000
dish_1563305837,kale,11.43,14.00,"A small, sparse serving of kale with a few almond slivers on a large white plate.",20.00,13.00,0.500
dish_1563305883,spinach (raw) | kale,83.05,77.00,A small portion of dressed leafy greens including a cherry tomato.,25.00,40.00,0.000
dish_1563305722,mushroom | chicken,434.66,405.00,"A simple meal consisting of one roasted chicken drumstick, a serving of sautéed mushrooms, and a few slices of fresh cucumber.",203.00,230.00,0.667
dish_1563305913,mushroom | spinach (raw) | kale,89.65,107.00,"A very light, sparse plate containing a few cooked mushrooms and a small serving of dressed salad greens.",80.00,90.00,0.250
dish_1563305948,chicken,207.36,178.00,"A light meal featuring a single roasted chicken drumstick, a small portion of sautéed mushrooms, and a side of mixed leafy greens and vegetables.",170.00,175.00,0.333
dish_1563305982,roasted potatoes | chicken,273.63,225.00,"A balanced meal consisting of a roasted chicken drumstick, roasted potato chunks, sautéed button mushrooms, and a leafy green salad.",320.00,255.00,0.667
dish_1563306392,chicken,477.47,288.00,Two pieces of pan-seared or baked chicken breast seasoned with herbs on a white plate.,280.00,170.00,1.000
dish_1563306039,chicken | roasted potatoes | beef,493.64,326.00,"A plate containing a chicken drumstick, roasted potato chunks, sautéed mushrooms, and a side of mixed sautéed greens with cherry tomatoes.",330.00,295.00,0.400
dish_1563307488,beef | white rice,538.04,247.00,"A small portion of stir-fried beef strips seasoned with herbs and chili, served on a large white plate.",215.00,110.00,0.500
dish_1563307519,beef | white rice | carrot,574.12,335.00,"A simple meal consisting of a serving of sliced, cooked carrots next to a portion of sauteed or stir-fried beef topped with fresh herbs.",275.00,200.00,0.667
dish_1563308323,carrot,27.06,66.00,"A small portion of raw, sliced carrots served on a large white square plate.",25.00,60.00,1.000
dish_1563307575,carrot | beef,671.08,419.00,"A balanced meal consisting of sliced carrots, a mixture of lean beef and cooked grains, and sautéed spinach with red pepper pieces.",385.00,370.00,0.667
dish_1563308353,carrot | eggplant,51.47,140.00,A very small portion consisting of a few carrot slices and some cubes of roasted eggplant on a large white plate.,65.00,90.00,1.000
dish_1563308386,carrot | eggplant | roasted potatoes,155.81,214.00,"A small portion plate containing roasted potato chunks, sliced carrots, and roasted cubed eggplant.",120.00,225.00,1.000
dish_1563309189,,37.95,33.00,A very small portion of nine roasted almonds scattered on a large white plate.,52.00,9.00,0.000
dish_1563308428,carrot | beef | roasted potatoes,406.31,329.00,"A plate containing a moderate portion of braised beef, roasted potatoes, sliced steamed carrots, and roasted eggplant cubes.",320.00,285.00,0.750
dish_1563309237,bell peppers,49.55,62.00,"A very small, light portion consisting of a few black olives and some thin slices of red and green bell pepper on a large white plate.",30.00,40.00,1.000
dish_1563309285,bell peppers | lettuce,59.45,128.00,"A very small serving of simple garden salad consisting of a few lettuce leaves, a small handful of sliced red bell pepper, and about 6 black olives.",30.00,80.00,1.000
dish_1563309353,chicken,625.24,529.00,"A plated meal consisting of portions of seared chicken breast accompanied by a light side salad containing lettuce, cherry tomatoes, sliced red peppers, and a single black olive.",325.00,265.00,0.500
dish_1563309315,chicken,613.18,462.00,"A meal consisting of two pieces of roasted chicken served over a small bed of greens including romaine lettuce, red and green bell peppers, and a single olive.",420.00,235.00,0.500
dish_1563389042,carrot,30.48,62.00,A very small portion of roasted carrots and a single small floret of roasted broccoli in a large white bowl.,30.00,70.00,0.500
dish_1563309398,chicken,655.99,604.00,"A meal featuring pan-seared chicken breast served alongside a light salad of romaine lettuce, sliced carrots, cherry tomatoes, and a small lemon wedge.",348.00,380.00,0.200
dish_1563389079,broccoli | carrot,50.43,119.00,"A small serving of assorted roasted vegetables, including broccoli florets, sliced carrots, and yellow summer squash.",50.00,145.00,0.667
dish_1563389114,carrot | broccoli | arugula,86.53,148.00,"A light meal consisting of small portions of steamed broccoli, sliced carrots, yellow squash, and a small side of arugula.",46.00,155.00,0.750
dish_1563389153,carrot | bulgur | broccoli,346.45,224.00,"A light, plant-based meal consisting of a small portion of cooked farro with mixed vegetables, alongside roasted carrots, steamed broccoli, yellow squash, and fresh arugula.",225.00,290.00,0.333
dish_1563389199,broccoli | bulgur | tofu | carrot,390.25,284.00,"A light meal featuring a mixed grain stir-fry with a variety of roasted/steamed vegetables (broccoli, carrots, squash), a small portion of arugula, and a single cube of tofu.",255.00,325.00,0.429
dish_1563389413,broccoli,34.65,99.00,A very small portion consisting of three broccoli florets and one thin slice of zucchini on a large white square plate.,28.00,90.00,0.500
dish_1563389446,spinach (raw) | broccoli,117.79,173.00,"A light, healthy meal consisting of steamed broccoli florets, a small portion of mixed greens with a radish slice, and a single thin slice of zucchini.",50.00,155.00,0.333
dish_1563389548,grilled chicken,438.83,194.00,"A small portion of diced, cooked chicken breast served in a large stainless steel mixing bowl.",165.00,100.00,1.000
dish_1563389600,grilled chicken,451.43,264.00,A simple bowl containing cubed cooked chicken breast and whole grape tomatoes.,165.00,165.00,0.500
dish_1563389626,grilled chicken | carrot,498.62,360.00,A small salad consisting of a base of shredded carrots with a few pieces of feta cheese and a single cherry tomato in a large stainless steel bowl.,70.00,115.00,0.250
dish_1563389693,carrot | grilled chicken,500.22,383.00,A salad consisting of grated raw carrots topped with shaved parmesan cheese in a metal mixing bowl.,130.00,140.00,0.333
dish_1563389719,carrot | grilled chicken | onions,529.82,457.00,"A mixture of raw shredded carrots, sliced red onion, and shaved parmesan cheese in a stainless steel mixing bowl.",150.00,190.00,0.500
dish_1563389742,onions | grilled chicken | carrot | bell peppers,569.42,556.00,"A bowl containing a mix of raw, chopped vegetables including red onion, red bell pepper, green bell pepper, and shredded carrots.",65.00,185.00,0.750
dish_1563389786,carrot | grilled chicken | bell peppers,640.14,564.00,"A mix of raw sliced vegetables including red onion, red and green bell peppers, and some unidentified white vegetable pieces in a metal bowl.",65.00,165.00,0.200
dish_1563391333,squash,23.44,81.00,"A very small portion of cooked vegetables consisting of sliced zucchini, yellow squash, and two small mini bell peppers on a large white plate.",25.00,100.00,0.333
dish_1563391375,squash | fish,84.28,139.00,"A very light portion consisting of a small breaded piece of protein and a handful of sautéed vegetables (yellow squash, zucchini, and baby sweet peppers).",125.00,100.00,0.333
dish_1563391413,fish | chicken thighs | squash,227.06,237.00,"A light meal featuring a small piece of breaded protein, a chicken and chickpea stir-fry mixture, and some fresh sauteed zucchini and bell peppers.",250.00,210.00,0.200
dish_1563391647,arugula,27.39,22.00,A very small portion of mixed salad greens with one blueberry and one small slice of tomato on a large white plate.,5.00,22.00,0.000
dish_1563391681,fish | quinoa,154.32,143.00,"A small, light meal consisting of three pieces of cooked seasoned white fish or seafood cake and a side of mixed salad greens with a few berries.",130.00,105.00,0.333
dish_1563391922,broccoli | squash | zucchini,24.44,104.00,A very light portion of steamed or blanched vegetables consisting of broccoli and yellow summer squash.,20.00,75.00,0.667
dish_1563391708,fish | pizza | quinoa,319.24,205.00,"A plate consisting of a single slice of pizza, several bite-sized pieces of seasoned chicken, and a small side salad with mixed greens.",365.00,180.00,0.200
dish_1563391959,quinoa | fish,245.77,315.00,A plate containing breaded white fish pieces with a side of steamed broccoli and yellow squash.,320.00,260.00,0.250
dish_1563391989,chicken thighs | fish | quinoa,462.85,464.00,"A plate featuring pieces of seasoned breaded fish served with steamed broccoli, yellow squash, and a small side of shredded cabbage salad.",350.00,370.00,0.167
dish_1563392128,quinoa | fish,169.93,162.00,"A small serving of breaded, pan-fried fish pieces garnished with a few fresh leaves served on a large white square plate.",285.00,125.00,0.333
dish_1563393148,broccoli | squash | zucchini,27.73,118.00,A very small portion of steamed broccoli and a few pieces of raw bell pepper in a disposable tray.,40.00,120.00,0.250
dish_1563393182,zucchini | broccoli | squash | cucumbers,35.23,193.00,"A light snack consisting of chopped cucumber, a mini bell pepper, and three steamed broccoli florets in a disposable container.",43.00,150.00,0.400
dish_1563393217,zucchini | broccoli | squash | onions | cucumbers,49.23,228.00,"A selection of raw, cut vegetables including broccoli florets, sliced red onion, chopped zucchini, and strips of bell pepper served in a takeout container.",58.00,195.00,0.500
dish_1563393244,broccoli | cucumbers | onions | squash | radishes | zucchini,57.55,280.00,"A light, raw vegetable salad containing sliced red radishes, thin red onion slivers, a few broccoli florets, and small cucumber pieces, served in a styrofoam container without visible dressings or oils.",48.00,215.00,0.667
dish_1563393341,broccoli | squash | zucchini,27.96,119.00,"A very small portion of mixed steamed or roasted vegetables including broccoli, yellow pepper, zucchini, and red pepper.",38.00,125.00,0.500
dish_1563393366,squash | broccoli | fish | zucchini,89.85,178.00,"A small portion of breaded chicken served with mixed steamed/roasted vegetables, including broccoli, a small yellow pepper, and sliced zucchini and red bell pepper.",205.00,250.00,0.333
dish_1563395341,cheese pizza,143.59,54.00,A single small piece of cheese pizza on a large white plate.,115.00,40.00,1.000
dish_1563393403,broccoli | zucchini | squash | fish,103.15,216.00,"A small, light meal consisting of a small portion of breaded protein and a selection of steamed and sautéed vegetables (broccoli, zucchini, and mini peppers).",215.00,275.00,0.333
dish_1563395374,cheese pizza | carrot,158.33,84.00,A very small portion consisting of a single small piece of pizza and a few slices of roasted carrots on a large plate.,195.00,105.00,1.000
dish_1563395415,carrot | broccoli | cheese pizza,182.54,187.00,"A small portion consisting of one cheesy bread stick and a side of mixed cooked vegetables including zucchini, broccoli, yellow squash, and carrots.",235.00,185.00,0.667
dish_1563395449,carrot | broccoli | cheese pizza,214.64,222.00,"A varied meal consisting of a small side salad with cheese, a slice of cheesy bread, and a mix of roasted carrots, zucchini, and broccoli.",290.00,245.00,0.750
dish_1563395480,chicken thighs | cheese pizza,370.52,329.00,"A balanced meal consisting of grilled chicken, a side salad, mixed steamed/sautéed vegetables, and a piece of a cheese-filled pastry.",515.00,415.00,0.400
dish_1563464389,bacon,91.97,17.00,Two individual strips of cooked bacon served on a square white plate.,90.00,20.00,1.000
dish_1563395510,chicken thighs | cheese pizza | fish,415.63,372.00,"A varied meal consisting of breaded fish, chicken pieces, a bread stick, cooked carrots, a small spinach salad, and a side of mixed steamed green vegetables.",655.00,490.00,0.286
dish_1563464429,bacon,140.99,103.00,A light meal consisting of two strips of cooked bacon accompanied by a small serving of fresh blueberries and a few slices of strawberries.,165.00,95.00,1.000
dish_1563464457,watermelon | bacon,158.99,163.00,A small snack plate consisting of two strips of cooked bacon accompanied by a mix of fresh blueberries and watermelon chunks.,145.00,165.00,1.000
dish_1563464480,bacon | watermelon | roasted potatoes,229.49,213.00,"A modest portion breakfast consisting of one strip of bacon, a few potato wedges, and a small side of mixed fruit (watermelon and blueberries).",190.00,185.00,1.000
dish_1563464543,bacon | roasted potatoes | scrambled eggs,386.37,319.00,"A breakfast plate consisting of scrambled eggs, three potato wedges, a piece of bacon, and a side of fresh watermelon and blueberries.",495.00,380.00,0.750
dish_1563464627,cream cheese | bagels,310.50,115.00,A light meal consisting of two toasted bagel halves spread with a moderate amount of cream cheese.,305.00,105.00,1.000
dish_1563464651,cream cheese | bagels,312.00,130.00,Two toasted bagel halves with a thin layer of cream cheese and three thin slices of cucumber.,343.00,135.00,0.667
dish_1563465805,roasted potatoes,32.43,23.00,A very small serving of roasted potato wedges on a large plate.,85.00,70.00,1.000
dish_1563464670,cream cheese | bagels | mozzarella cheese,384.18,156.00,"A light snack consisting of two toasted bagel halves with cream cheese, one string cheese stick, and a few thin cucumber slices.",375.00,148.00,0.750
dish_1563465847,roasted potatoes | scrambled eggs,267.75,182.00,A breakfast meal consisting of a portion of scrambled eggs and a few roasted potato chunks on a square white plate.,370.00,230.00,1.000
dish_1563466280,bacon,357.06,66.00,"A single serving of thoroughly cooked, crispy bacon on a white square plate.",160.00,40.00,1.000
dish_1563468240,pineapple | watermelon,93.10,239.00,A light snack consisting of approximately 100g of cubed fresh watermelon and 95g of fresh pineapple chunks on a white plate.,80.00,195.00,1.000
dish_1563468199,pineapple,53.50,107.00,A sparse serving of pineapple chunks on a large plate with small dabs of a creamy substance.,55.00,90.00,0.500
dish_1563468269,watermelon | pineapple,129.01,302.00,"A small plate of assorted fresh fruit, including raspberries, blackberries, watermelon cubes, and pineapple chunks.",99.00,220.00,1.000
dish_1563468299,cottage cheese | pineapple | watermelon,210.35,385.00,"A plate consisting of cubed watermelon, pineapple, raspberries, and blackberries, with a scoop of cottage cheese on top.",165.00,315.00,1.000
dish_1563475788,pineapple,39.00,78.00,A very small serving of fresh pineapple chunks on a large plate.,25.00,50.00,1.000
dish_1563468327,yam | sweet potato | cottage cheese | pineapple | watermelon,351.89,483.00,"A breakfast or snack plate containing a variety of fresh fruits (watermelon, pineapple, mixed berries), roasted vegetable cubes (likely sweet potato), and a portion of cottage cheese.",305.00,455.00,0.800
dish_1563468362,cottage cheese | pineapple | watermelon | sweet potato | yam | egg whites,411.69,598.00,"A mix of fresh berries, chopped watermelon, pineapple, roasted sweet potato cubes, topped with a serving of cottage cheese and crumbled feta.",315.00,450.00,0.571
dish_1563475826,honeydew melons | pineapple,74.28,176.00,A small plate containing a few pieces of cut honeydew melon and fresh pineapple cubes.,55.00,130.00,1.000
dish_1563475874,pineapple | honeydew melons | cauliflower,93.03,251.00,"A light plate consisting of small portions of cooked cauliflower, fresh honeydew melon, and fresh pineapple.",95.00,245.00,1.000
dish_1563475953,pasta | salmon | pineapple | beef | honeydew melons,427.45,453.00,"A varied plate consisting of a penne pasta dish with spinach, a side of brown rice, steamed cauliflower, and cubed fresh fruit (honeydew and pineapple).",275.00,325.00,0.429
dish_1563475921,pineapple | cauliflower | honeydew melons | brown rice | salmon,244.34,348.00,"A balanced light meal consisting of a small portion of salmon with rice and spinach, a serving of steamed cauliflower, and mixed fresh melon and pineapple chunks.",240.00,330.00,0.800
dish_1563476267,brownies,237.71,51.00,The meal consists of a small single wedge of chocolate brownie on one plate and a partial serving of penne pasta with meat and spinach in a light sauce on a second plate.,465.00,205.00,0.000
dish_1563476323,salmon | brown rice | brownies,686.97,339.00,"A plate containing a portion of herb-seasoned salmon and rice along with a small, dense dark dessert item, likely a brownie slice.",375.00,185.00,0.250
dish_1563476408,salmon | pasta | brownies | beef,990.40,513.00,"A mixed plate containing a salmon and rice cake, penne pasta with vegetables, a small tofu cube, and a brownie square.",590.00,310.00,0.333
dish_1563476463,brownies | beef | salmon | pasta | cheese pizza,1067.51,542.00,"A mixed plate consisting of a salmon and rice dish, penne pasta with yellow squash and spinach, a small square of cheesy bread, and a small dark seared protein piece.",750.00,355.00,0.500
dish_1563476551,salmon | brownies | cheese pizza | beef | pasta,1116.39,750.00,"A varied plate consisting of a salmon and rice main, roasted mixed vegetables, a small slice of pizza, a brownie square, and a small side of penne pasta with spinach.",1100.00,540.00,0.429
dish_1563476577,beef | pasta | cheese pizza | salmon | brownies,1238.03,857.00,"A varied meal featuring a portion of salmon and rice, a small side salad with tofu and vegetables, a slice of pizza, and a piece of brownie.",740.00,400.00,0.286
dish_1563476646,pasta | beef,380.16,218.00,A small portion of penne pasta with pieces of cooked beef in a savory sauce on a square plate.,255.00,135.00,1.000
dish_1563477701,brussels sprouts | brown rice | salmon,179.42,150.00,A light meal consisting of a small portion of salmon with rice and a side of roasted Brussels sprouts.,205.00,165.00,0.667
dish_1563477659,brussels sprouts,26.55,52.00,A very small portion of roasted Brussels sprouts on a large white plate.,35.00,75.00,1.000
dish_1563477736,salmon | brown rice | brussels sprouts,277.05,234.00,"A balanced meal consisting of a salmon-rice portion, roasted Brussels sprouts, and a side of mixed greens.",220.00,195.00,0.667
dish_1563478751,pasta | beef,950.40,545.00,A plate of penne pasta mixed with cooked beef chunks and some spinach leaves in a light sauce.,425.00,270.00,0.667
dish_1563479526,apple | arugula | lemon juice | goat cheese | figs,67.84,51.00,"A very small portion of raw leafy greens, specifically swiss chard and spinach, accompanied by two tiny pieces of diced cooked carrots.",7.00,30.00,0.000
dish_1563479568,brussels sprouts,83.67,82.00,"A very light serving consisting of a small portion of mixed greens, a few roasted Brussels sprout pieces, and a few diced carrots.",40.00,100.00,0.333
dish_1563479596,broccoli | cauliflower | brussels sprouts,104.37,151.00,"A light side dish consisting of mixed raw greens, a single broccoli floret, two cauliflower florets, a few small roasted Brussels sprout pieces, and some diced carrots.",50.00,140.00,0.750
dish_1563479625,brussels sprouts | salmon | broccoli,202.65,214.00,"A light meal consisting of a small portion of salmon with a side of mixed greens and a few roasted vegetables including broccoli, cauliflower, and Brussels sprouts.",195.00,220.00,1.000
dish_1563480476,salmon | brown rice,517.90,332.00,A single piece of cooked salmon topped with a green herb-based sauce served on a white square plate.,360.00,170.00,0.500
dish_1563479655,beef | salmon | pasta,321.23,282.00,"A plate consisting of a small portion of penne pasta, a side of mixed leafy greens, steamed broccoli and cauliflower, and a small piece of salmon.",295.00,260.00,0.500
dish_1563480505,salmon | brown rice | pasta | beef,767.27,475.00,"A meal consisting of a cooked salmon fillet topped with a herb-grain mixture, served alongside stir-fried beef with spinach.",590.00,300.00,0.750
dish_1563480534,brown rice | beef | pasta | salmon,797.57,576.00,"A plate consisting of a portion of cooked salmon, beef and pasta stir-fry, and steamed broccoli and cauliflower florets.",540.00,330.00,0.400
dish_1563481030,figs | spinach (raw),155.81,129.00,"A small, light salad consisting of fresh spinach, small broccoli florets, and pieces of mango and kiwi.",57.00,135.00,0.200
dish_1563480608,beef | brown rice | pasta | salmon,886.95,650.00,"A balanced meal consisting of herb-crusted salmon, beef tips, a side of fresh mixed greens, and a portion of steamed broccoli and cauliflower florets.",615.00,360.00,0.400
dish_1563550584,egg whites,75.40,145.00,"A plate containing a portion of chopped, cooked egg whites.",50.00,100.00,1.000
dish_1563481061,pasta | beef | figs,541.20,350.00,"A plate featuring beef stroganoff mixed with penne pasta alongside a side salad consisting of spinach, leafy greens, broccoli, and carrots.",455.00,320.00,0.250
dish_1563550614,sweet potato | egg whites,132.82,205.00,A light meal consisting of a small portion of scrambled egg whites and a few roasted potato cubes.,135.00,160.00,1.000
dish_1563550950,scrambled eggs,183.17,93.00,A light breakfast consisting of one strip of bacon and a small portion of scrambled eggs topped with shredded cheddar cheese.,235.00,110.00,0.333
dish_1563550976,scrambled eggs | roasted potatoes,284.69,165.00,"A breakfast plate containing one strip of bacon, a small portion of scrambled eggs with shredded cheddar cheese, and a small side of diced breakfast potatoes.",375.00,212.00,0.500
dish_1563551105,cream cheese | bagels,194.40,72.00,A single toasted bagel thin half topped with a light layer of cream cheese on a large plate.,180.00,60.00,1.000
dish_1563551006,scrambled eggs | roasted potatoes | country rice,357.67,213.00,"A breakfast plate consisting of scrambled eggs with shredded cheese, a side of diced potatoes, a single strip of bacon, and a serving of vegetable-mixed rice.",470.00,295.00,0.600
dish_1563551134,bagels | cream cheese | egg whites,246.92,173.00,A light meal consisting of scrambled egg whites and one half of a toasted bagel spread with cream cheese.,260.00,185.00,0.667
dish_1563551164,bagels | sweet potato | egg whites | cream cheese,339.76,270.00,A breakfast dish featuring scrambled egg whites next to a toasted bagel half topped with roasted eggplant pieces.,220.00,225.00,0.400
dish_1563551360,scrambled eggs,322.64,218.00,A small serving of scrambled eggs served on a square white plate.,140.00,100.00,1.000
dish_1563551194,sweet potato | egg whites | bagels | greek yogurt | chia seeds | milk | cream cheese,471.64,400.00,"A breakfast plate containing a serving of porridge with sliced banana, egg whites, roasted diced potatoes, and a piece of toasted bread spread with cream cheese.",390.00,380.00,0.375
dish_1563551220,cream cheese | greek yogurt | milk | chia seeds | bagels | egg whites | sweet potato,561.70,558.00,"A breakfast plate consisting of oatmeal, egg whites, greek yogurt, and a mix of fresh berries and pineapple.",360.00,470.00,0.222
dish_1563551397,brussels sprouts | scrambled eggs,365.53,302.00,A simple meal consisting of a portion of scrambled eggs and roasted Brussels sprouts served on a square white plate.,265.00,220.00,1.000
dish_1563552016,syrup | waffles,493.59,174.00,A single round waffle served on a white plate with a small amount of syrup drizzle.,280.00,85.00,0.500
dish_1563553735,granola,114.39,88.00,A very small portion of mixed greens salad garnished with a few blackberries and strawberry pieces.,16.00,37.00,0.000
dish_1563553756,granola | bacon,309.15,124.00,A plate featuring two strips of cooked bacon accompanied by a small side of mixed salad greens with a few fresh berries.,155.00,90.00,0.500
dish_1563555072,scrambled eggs,165.76,112.00,A single serving of scrambled eggs on a white square plate.,140.00,100.00,1.000
dish_1563553780,granola | bacon | almonds,557.73,167.00,"A light meal consisting of a single slice of bacon, a portion of raw almonds, a small amount of mixed greens, and a few fresh berries.",325.00,110.00,0.667
dish_1563555100,cantaloupe | scrambled eggs,190.92,186.00,A light breakfast consisting of scrambled eggs and fresh cantaloupe melon slices on a white square plate.,225.00,250.00,1.000
dish_1563555160,scrambled eggs | sweet potato | cantaloupe | brussels sprouts,268.83,287.00,"A breakfast plate containing scrambled eggs, slices of cantaloupe melon, and a side of roasted brussels sprouts and potato chunks.",395.00,400.00,1.000
dish_1563555543,scrambled eggs | pineapple,268.38,280.00,A simple meal consisting of a portion of scrambled eggs and fresh pineapple chunks on a white plate.,195.00,200.00,1.000
dish_1563555510,scrambled eggs,193.88,131.00,A serving of scrambled eggs served on a square white plate.,140.00,100.00,1.000
dish_1563555563,scrambled eggs | pineapple | bacon,398.22,304.00,"A breakfast plate featuring a small portion of scrambled eggs, one strip of cooked bacon, and approximately 125 grams of fresh pineapple chunks.",295.00,250.00,1.000
dish_1563555605,scrambled eggs | pineapple | roasted potatoes | bacon,537.81,403.00,"A breakfast plate containing pan-fried diced potatoes, scrambled eggs, a slice of bacon, and fresh pineapple chunks.",395.00,305.00,1.000
dish_1563563240,,48.30,42.00,A small portion of approximately 10 Kalamata olives in a large stainless steel bowl.,55.00,35.00,0.000
dish_1563563264,grilled chicken,322.00,163.00,A small portion consisting of diced cooked chicken breast pieces and a few kalamata olives in a metal bowl.,195.00,110.00,0.500
dish_1563563289,grilled chicken,331.90,218.00,"A small portion consisting of diced cooked chicken, five cherry tomatoes, and a few black olives in a metal bowl.",125.00,140.00,0.500
dish_1563563317,grilled chicken,345.84,252.00,"A small salad consisting of cubed chicken, shredded carrots, and a single cherry tomato in a large metal bowl.",98.00,95.00,0.333
dish_1563563348,grilled chicken,362.64,294.00,"A small, low-calorie salad consisting of diced chicken breast, shredded carrots, green bell pepper slices, and one cherry tomato in a mixing bowl.",78.00,120.00,0.250
dish_1563563467,bok choy,40.75,119.00,"A small portion of cooked, leafy green vegetable, likely stir-fried bok choy, served on a white square plate.",25.00,100.00,1.000
dish_1563563378,grilled chicken | onions,385.44,351.00,"A light mixture of diced cooked chicken and raw vegetables including sliced red onion, green bell pepper, shredded carrot, and one cherry tomato in a large metal bowl.",88.00,150.00,0.400
dish_1563563492,pizza | bok choy,192.37,176.00,"A light meal consisting of a small baked salmon fillet topped with melted cheese and a tomato slice, accompanied by a side of sautéed bok choy.",325.00,230.00,0.333
dish_1563563527,fish | pizza,322.91,302.00,"A plate featuring a single slice of cheese and tomato pizza, accompanied by a piece of pan-seared white fish served with fresh spinach and mustard seeds, and a side of chopped bok choy.",400.00,285.00,0.667
dish_1563564676,kale,50.62,62.00,A small portion of kale salad dressed with vinaigrette and topped with a few shavings of parmesan cheese.,85.00,75.00,1.000
dish_1563564707,kale | corn on the cob,143.99,150.00,A light meal consisting of a small serving of kale salad topped with shaved parmesan and two circular slices of corn on the cob.,180.00,150.00,1.000
dish_1563564760,ground turkey | kale | corn on the cob,341.85,243.00,"A small meal consisting of a portion of meat with a topping, a side of sautéed greens, and two small slices of corn on the cob.",250.00,210.00,0.500
dish_1563565289,corn on the cob,93.37,88.00,Two small slices of yellow corn on the cob served on a large white fiber take-out container.,45.00,40.00,1.000
dish_1563564797,ground turkey | kale | corn on the cob | fish,411.26,310.00,"A balanced meal consisting of a piece of fish with lentils, a savory baked item, sautéed kale, and two small pieces of corn on the cob.",440.00,305.00,0.600
dish_1563564828,fish | corn on the cob | ground turkey | kale,452.21,355.00,"A varied meal consisting of baked fish with lentils, a serving of cooked buckwheat, sautéed kale with some parmesan, two small slices of corn on the cob, and a portion of a savory bread or pastry item.",570.00,460.00,0.500
dish_1563565323,corn on the cob | ground turkey,229.53,152.00,A small remaining portion of meatloaf with a dark green garnish and two small cross-cut slices of corn on the cob served in a disposable container.,230.00,135.00,0.333
dish_1563565354,fish | corn on the cob | ground turkey,272.32,193.00,"A small portioned meal consisting of a piece of white fish, a slice of meatloaf, and two small cross-cut pieces of corn on the cob in a takeout container.",295.00,180.00,0.500
dish_1563565454,fish | ground turkey | corn on the cob,350.79,322.00,"A takeout container featuring a portion of sautéed greens, a slice of meatloaf, and two small corn on the cob segments.",300.00,275.00,0.200
dish_1563565415,corn on the cob | fish | ground turkey,303.48,284.00,"A light meal consisting of a slice of fish, a segment of a meat patty, stir-fried bok choy, and two small corn on the cob pieces, served in a takeaway container.",360.00,325.00,0.400
dish_1563565683,fish,65.74,63.00,"A very small, single portion of a cooked fish fillet served in a large disposable container.",45.00,35.00,1.000
dish_1563565508,ground turkey | kale | fish | corn on the cob,403.86,387.00,"A plate consisting of a slice of meatloaf, a side of sautéed bok choy, a kale and parmesan salad, and two small segments of corn on the cob.",455.00,340.00,0.333
dish_1563565720,mushroom | fish,84.66,149.00,A light meal consisting of a small piece of cooked white fish and a serving of sautéed mushrooms served in a disposable takeout container.,190.00,155.00,1.000
dish_1563565761,mushroom | fish,88.66,159.00,"A light meal consisting of a small portion of grilled fish, sautéed mushrooms, and some raw red onion slices in a disposable container.",155.00,175.00,0.667
dish_1563566626,,62.10,54.00,A small portion of approximately 12 black olives served on a large white plate.,55.00,40.00,
dish_1563566674,,100.89,88.00,A very small portion of black beans and cooked brown rice served on a large white plate.,95.00,75.00,0.000
dish_1563565805,mushroom | fish | bok choy,157.49,360.00,"A light meal consisting of stir-fried bok choy, sautéed mushrooms, and a small portion of white fish in a takeaway container.",145.00,255.00,1.000
dish_1563566725,wild rice,241.31,206.00,"A modest portion of brown rice, black beans, and a small vegetable stir-fry served on a large white plate.",275.00,215.00,0.333
dish_1563566810,figs | wild rice,392.29,331.00,"A balanced plant-based meal consisting of a mixture of sautéed vegetables, brown rice with carrot rounds, cooked buckwheat, and a serving of Kalamata olives.",330.00,330.00,0.200
dish_1563566909,wild rice,222.53,187.00,"A modest stir-fry meal consisting of cubed tofu, mixed vegetables, and a small portion of brown rice, sparsely plated.",210.00,185.00,0.333
dish_1563566939,wild rice,286.03,238.00,"A light meal featuring sautéed firm tofu, mixed grains, cooked carrots, green beans, and a small side of fresh arugula salad with blueberries.",205.00,235.00,0.200
dish_1563566965,wild rice | chickpeas,370.83,286.00,"A light meal featuring sautéed tofu, brown rice, a mix of roasted carrots and green beans, and a small side salad with greens, chickpeas, and blueberries.",265.00,290.00,0.500
dish_1563567372,fish | pizza,951.91,590.00,"A plate featuring pan-seared fish with lentils, three squares of pizza with varying toppings, and a separate side plate of fresh melon and pineapple.",885.00,540.00,0.667
dish_1563567319,fish,398.63,382.00,A meal featuring grilled mackerel fillets on a bed of grains with a side plate of fresh honeydew melon and pineapple.,485.00,325.00,0.000
dish_1563567599,arugula,194.23,156.00,A very small portion of arugula salad with a few berries and a small amount of nuts.,51.00,65.00,0.500
dish_1563567626,corn on the cob | arugula,291.84,248.00,"A light meal consisting of a small serving of arugula salad mixed with berries and nuts, accompanied by a small piece of corn on the cob.",130.00,125.00,1.000
dish_1563567978,fish,118.96,114.00,A small portion of a vegetable and legume-based stew served on a large white square plate.,110.00,130.00,0.000
dish_1563567663,fish | arugula | corn on the cob,514.11,461.00,"A plate containing a portion of pan-seared fish garnished with buckwheat, a piece of corn on the cob, and a side of arugula salad with a few berries.",365.00,260.00,0.750
dish_1563567722,fish | corn on the cob,645.32,576.00,"A balanced meal consisting of white fish topped with lentils, a side of cooked grains, corn on the cob, a fresh arugula salad, and a few berries.",350.00,305.00,0.500
dish_1563568003,fish,126.15,135.00,A light meal consisting of a small piece of pan-seared white fish topped with what appears to be sesame seeds and a small side of cooked bok choy on a square white plate.,150.00,130.00,0.500
dish_1563568025,fish | corn on the cob,244.99,247.00,A light meal featuring a portion of pan-seared fish accompanied by three slices of corn on the cob and a small serving of cooked bok choy.,335.00,310.00,0.667
dish_1563568118,fish,139.83,134.00,"Three small, light-colored pan-seared fish fillets served on a white square plate.",165.00,130.00,1.000
dish_1563568148,bok choy | fish,171.00,225.00,A light meal consisting of three pieces of pan-seared white fish served with a portion of cooked bok choy.,195.00,230.00,1.000
dish_1563568263,cheese pizza,119.65,45.00,A single small slice of cheese pizza on a large white plate.,115.00,40.00,1.000
dish_1563568292,corn on the cob | cheese pizza,276.68,193.00,A very small portion consisting of one small slice of cheese pizza and four thin cross-cut slices of corn on the cob.,190.00,140.00,1.000
dish_1563568319,ground turkey | corn on the cob | cheese pizza,604.32,347.00,"A light, somewhat varied meal consisting of a small slice of pizza, four small corn segments, and a portion of stuffed pepper.",430.00,345.00,0.500
dish_1563568338,corn on the cob | ground turkey | cheese pizza,631.71,371.00,"A mixed plate containing a small slice of cheese pizza, a stuffed chili pepper, a small portion of brown rice or grains, and three slices of corn on the cob.",490.00,345.00,0.400
dish_1563811412,egg whites,112.84,217.00,A meal consisting of chunks of fresh mozzarella cheese served with a separate side of red tomato-based sauce.,325.00,190.00,0.000
dish_1563568357,cheese pizza | ground turkey | chickpeas | corn on the cob,767.74,448.00,"A varied meal containing a single slice of pizza, three corn-on-the-cob segments, a kale-chickpea salad with grains, and a piece of topped toasted bread.",820.00,465.00,0.500
dish_1563811439,cantaloupe | egg whites,137.32,289.00,"A light meal consisting of chunks of fresh mozzarella cheese and small cubes of cantaloupe melon served on a square plate, accompanied by a side portion of red sauce.",310.00,235.00,0.250
dish_1563811463,egg whites | sweet potato | cantaloupe,220.59,376.00,"A meal consisting of roasted potatoes, cantaloupe cubes, cooked egg whites, and a side of savory brown sauce.",245.00,390.00,1.000
dish_1563811611,scrambled eggs,195.36,132.00,A portion of scrambled eggs served on a square plate.,210.00,150.00,1.000
dish_1563811490,sausage | cantaloupe | sweet potato | egg whites,268.83,390.00,"A plate containing cubed potatoes, small slices of chorizo, pieces of fresh papaya, and large portions of fresh white cheese, accompanied by a side dish of savory tomato-based sauce.",460.00,315.00,0.143
dish_1563811515,egg whites | sausage | sweet potato | cantaloupe | salsa,298.12,491.00,"A dinner plate consisting of roasted potato cubes, diced carrots, a scoop of mashed potatoes topped with gravy, and two slices of chorizo.",400.00,315.00,0.125
dish_1563811639,scrambled eggs,217.14,198.00,A simple meal consisting of a portion of scrambled eggs alongside a few halved fresh strawberries.,235.00,225.00,1.000
dish_1563811662,scrambled eggs | brussels sprouts,245.73,254.00,"A meal consisting of scrambled eggs, sliced strawberries, and roasted Brussels sprouts.",270.00,255.00,1.000
dish_1563812508,egg whites,112.84,217.00,A serving of chopped hard-boiled egg whites on a white square plate.,52.00,120.00,1.000
dish_1563811686,scrambled eggs | sweet potato | brussels sprouts,319.43,331.00,"A breakfast or brunch plate consisting of scrambled eggs, roasted potato chunks, roasted Brussels sprouts (possibly with bacon), and fresh strawberry slices.",420.00,355.00,1.000
dish_1563812535,turkey bacon | egg whites,298.89,266.00,A breakfast plate containing three strips of cooked turkey bacon and a serving of plain scrambled egg whites.,140.00,165.00,1.000
dish_1563813221,brussels sprouts,19.40,38.00,A small serving of approximately 7-8 roasted Brussels sprouts on a large white square plate.,35.00,75.00,1.000
dish_1563813308,brussels sprouts | bacon,224.98,76.00,A light meal consisting of two strips of crispy bacon and a small portion of roasted Brussels sprouts.,170.00,70.00,1.000
dish_1563812570,egg whites | turkey bacon,369.08,320.00,"A breakfast plate containing scrambled egg whites, three strips of turkey bacon, and a small side of mixed salad greens.",190.00,205.00,1.000
dish_1563812615,turkey bacon | brussels sprouts | egg whites,402.78,386.00,"A breakfast plate containing scrambled egg whites, roasted Brussels sprouts, a small portion of mixed greens, and three slices of turkey bacon.",240.00,315.00,1.000
dish_1563813395,bacon | pineapple | sausage,371.86,193.00,"A breakfast plate containing bacon, sliced sausage, roasted Brussels sprouts, and fresh pineapple chunks.",340.00,250.00,0.750
dish_1563813806,egg whites,81.12,156.00,A small serving of scrambled egg whites served on a square white plate.,52.00,100.00,1.000
dish_1563813436,pineapple | sausage | sweet potato | bacon,418.76,242.00,"A breakfast plate consisting of two bacon strips, small sausage slices, a small portion of diced pineapple, and a side of roasted Brussels sprouts and potatoes.",325.00,210.00,0.800
dish_1563813501,sausage | pineapple | bacon | scrambled eggs | sweet potato,694.12,414.00,"A breakfast plate containing scrambled eggs with cheddar cheese, two strips of bacon, a few pieces of fresh pineapple, roasted cubed potatoes, and roasted brussels sprouts.",510.00,350.00,0.667
dish_1563820775,zucchini | broccoli | squash,38.07,162.00,A small serving of cooked green zucchini and yellow squash on a white plate.,25.00,150.00,0.333
dish_1563813833,sausage | egg whites,256.87,207.00,A simple meal consisting of a small portion of cooked egg whites served alongside four slices of pan-fried chorizo.,210.00,155.00,0.333
dish_1563820806,chicken | squash | broccoli,207.81,273.00,A light meal consisting of sliced summer squash and zucchini alongside a small portion of stir-fried chicken with broccoli.,225.00,240.00,0.667
dish_1563820834,chicken | broccoli | pizza,308.89,311.00,"A plate containing a slice of flatbread topped with tomato sauce, served with a side of steamed yellow squash, zucchini, and roasted broccoli.",260.00,255.00,0.500
dish_1563822546,caesar salad,38.72,88.00,"A very small portion of Caesar salad consisting of romaine lettuce, dressing, four croutons, and shaved parmesan cheese.",130.00,68.00,0.250
dish_1563822597,broccoli | caesar salad | squash | zucchini,59.40,176.00,"A small appetizer portion consisting of a Caesar salad mix with croutons and shaved parmesan, accompanied by a few pieces of roasted squash and zucchini.",170.00,120.00,0.286
dish_1563822636,caesar salad,237.02,258.00,"A light meal consisting of grilled steak strips, a small portion of Caesar salad with croutons and parmesan, and a few pieces of roasted yellow squash and zucchini.",355.00,240.00,0.500
dish_1563822663,caesar salad,303.10,317.00,"A varied meal featuring grilled steak strips, a side of herb-infused couscous, a portion of Caesar salad with croutons and cheese, and some roasted zucchini and yellow squash.",475.00,330.00,0.500
dish_1563823292,lime | cauliflower | garlic,450.55,208.00,A small portion of roasted vegetables and steak strips served on a large white plate.,260.00,200.00,0.200
dish_1563823390,chicken,670.17,372.00,"A mixed plate consisting of grilled chicken, brown rice, roasted vegetables, and plant-based protein strips.",330.00,285.00,0.250
dish_1563823359,chicken,641.70,333.00,"A plate containing a mix of grilled chicken with brown rice, a small portion of roasted vegetables, and several sliced meat strips.",350.00,270.00,0.333
dish_1563823423,chicken,700.53,441.00,"A varied lunch plate containing a small Caesar salad, a portion of chicken with red rice, various roasted vegetables, and several slices of a protein (meat or meat substitute).",590.00,370.00,0.250
dish_1563823814,turnips,25.59,85.00,A very small serving of roasted potato cubes on a large white plate.,55.00,70.00,0.000
dish_1563824065,zucchini | broccoli | squash,15.51,66.00,A very small portion of raw or lightly sautéed sliced yellow squash and zucchini on a large white plate.,9.00,50.00,0.667
dish_1563823894,tatsoi,368.34,400.00,"A balanced meal consisting of sliced lean steak, a side of roasted root vegetable cubes, and a sautéed medley of zucchini and peppers.",425.00,330.00,0.000
dish_1563824092,broccoli | zucchini | squash | turnips,36.28,135.00,A very small portion of roasted potato cubes and sautéed yellow squash and zucchini served on a large white plate.,80.00,105.00,0.200
dish_1563824250,onions,17.20,43.00,"A small portion of raw, sliced red onion in a large stainless steel bowl.",10.00,25.00,1.000
dish_1563824130,broccoli | turnips,111.32,202.00,"A light meal consisting of a small portion of roasted potatoes, sautéed zucchini and yellow squash, and a scoop of couscous with small vegetable bits.",270.00,260.00,0.000
dish_1563824155,garlic | turnips | broccoli | zucchini | squash | lime | cauliflower,455.73,361.00,"A composed plate consisting of thin-sliced steak, a portion of couscous, roasted root vegetables, and pan-sautéed zucchini and yellow squash.",340.00,265.00,0.111
dish_1563824279,onions,58.60,79.00,A very small portion consisting of thinly sliced red onion and a few kalamata olives in a metal bowl.,35.00,35.00,0.500
dish_1563824339,onions | cherry tomatoes | bell peppers,85.34,175.00,"A small portion of raw vegetable salad ingredients in a mixing bowl including cherry tomatoes, sliced red onion, bell pepper pieces, and olives.",40.00,85.00,0.750
dish_1563824304,bell peppers | onions,75.80,122.00,"A small amount of sliced red onion, green and red bell peppers, and a few kalamata olives in a metal mixing bowl.",27.00,65.00,0.667
dish_1563824406,grilled chicken,474.14,387.00,"A light salad mixture consisting primarily of diced chicken breast and shredded carrots, with a few cherry tomatoes and slivers of bell pepper in a stainless steel mixing bowl.",150.00,165.00,0.250
dish_1563824377,grilled chicken,454.05,338.00,"A small serving of diced chicken breast mixed with cherry tomatoes, sliced red onions, and green bell pepper in a large metal mixing bowl.",140.00,140.00,0.250
dish_1563826223,lime | cauliflower | garlic,301.09,139.00,"A small portion of sliced, cooked pork tenderloin served on a large white plate.",145.00,85.00,0.000
dish_1563826272,pepperoni pizza,645.13,261.00,A meal consisting of approximately 130g of sliced cooked pork tenderloin and two slices of pepperoni pizza on a white plate.,600.00,240.00,0.500
dish_1563827060,cheese pizza,146.24,55.00,A single piece of baked cheesy bread or pizza slice on a large square white plate.,160.00,55.00,1.000
dish_1563826306,brownies | pepperoni pizza,882.84,312.00,"A plate containing sliced beef, two pieces of pepperoni pizza, and a small chocolate brownie.",830.00,310.00,0.250
dish_1563827086,cheese pizza | caesar salad,199.04,175.00,"A simple meal consisting of one cheesy breadstick and a portion of cooked, creamed green vegetables.",280.00,155.00,0.000
dish_1563827110,pineapple | caesar salad | cheese pizza,220.04,217.00,"A plate containing a cheesy breadstick, a serving of creamed leafy vegetables, and a couple of pineapple chunks.",295.00,225.00,0.200
dish_1563827132,cheese pizza | caesar salad | pineapple,240.02,302.00,"A plate containing a piece of cheesy bread, a small portion of sautéed squash and zucchini, and a portion of creamy dressed salad.",295.00,225.00,0.200
dish_1563827162,cheese pizza | caesar salad | pineapple | chicken,319.54,354.00,"A varied plate consisting of a single pizza bread stick, sautéed yellow squash and zucchini slices, small pieces of cooked chicken, and a portion of creamy dressed salad.",565.00,370.00,0.600
dish_1563827425,caesar salad,60.72,138.00,"A small portion of Caesar salad with romaine, dressing, and parmesan cheese.",85.00,60.00,0.333
dish_1563827188,cheese pizza | caesar salad | pineapple | chicken,369.36,377.00,"A plate containing a slice of pizza, a creamy vegetable salad, grilled chicken pieces, sautéed summer squash, and fresh pineapple chunks.",665.00,465.00,0.500
dish_1563827454,zucchini | caesar salad | squash | broccoli,86.57,248.00,"A light side dish consisting of a small portion of lettuce salad with dressing, sliced yellow summer squash, and a few pieces of cucumber.",115.00,160.00,0.167
dish_1563827482,caesar salad,894.52,621.00,"A plate featuring sliced pan-seared steak, a side of green salad with cucumber and creamy dressing, and sautéed vegetables including cauliflower and yellow summer squash.",485.00,400.00,0.000
dish_1563897047,egg whites,66.04,127.00,A small bowl containing pieces of steamed cauliflower topped with a savory sauce or glaze.,60.00,165.00,0.000
dish_1563897338,cantaloupe,29.92,88.00,A small serving of cantaloupe melon pieces on a white plate.,32.00,95.00,1.000
dish_1563897087,broccoli | egg whites,102.44,231.00,A small bowl containing cooked broccoli and cauliflower florets lightly coated in a savory sauce.,100.00,205.00,0.333
dish_1563897369,cantaloupe | sweet potato,117.01,179.00,A plate containing a side of cantaloupe melon chunks and a side of roasted or pan-cooked potato pieces.,150.00,205.00,1.000
dish_1563897395,cantaloupe | sweet potato | broccoli,135.91,233.00,"A light meal consisting of fresh cantaloupe melon, roasted potato wedges, and roasted broccoli florets.",210.00,330.00,1.000
dish_1563897439,cantaloupe | broccoli | egg whites | sweet potato,315.31,578.00,"A light, balanced meal consisting of scrambled egg whites, roasted sweet potato, raw cantaloupe, and steamed broccoli.",220.00,370.00,1.000
dish_1563897794,,57.57,101.00,A small snack plate consisting of halved strawberries and a few scattered blueberries.,30.00,95.00,
dish_1563897492,cantaloupe | broccoli | salsa | egg whites | sweet potato,339.67,662.00,"A varied meal consisting of mashed potatoes topped with a reddish sauce, steamed broccoli, a few roasted eggplant pieces, and fresh cantaloupe chunks.",415.00,495.00,0.500
dish_1563897837,watermelon,118.47,304.00,A small serving of fresh fruit consisting primarily of cubed watermelon with some strawberry slices and a few blueberries.,59.00,190.00,1.000
dish_1563897938,bacon,54.10,10.00,A single strip of cooked bacon centered on a white plate.,45.00,8.00,1.000
dish_1563897870,oatmeal,169.32,249.00,A single bowl of prepared oatmeal porridge.,165.00,240.00,1.000
dish_1563897981,scrambled eggs | bacon,243.54,138.00,A breakfast plate containing a single strip of bacon and approximately two scrambled eggs.,185.00,112.00,1.000
dish_1563898688,broccoli,32.55,93.00,A small portion of cooked broccoli florets served on a square white plate.,25.00,75.00,1.000
dish_1563898107,greek yogurt | bacon | pineapple | milk | chia seeds | scrambled eggs,440.69,424.00,"A breakfast plate containing scrambled eggs, one strip of bacon, pineapple chunks, chia seed pudding, and a small mix of blueberries and raspberries.",390.00,342.00,0.667
dish_1563898019,bacon | chia seeds | greek yogurt | scrambled eggs | milk,343.98,237.00,"A breakfast plate containing a portion of scrambled eggs, one strip of bacon, and a dollop of chia seed pudding.",295.00,195.00,0.600
dish_1563898084,bacon | milk | greek yogurt | scrambled eggs | pineapple | chia seeds,419.49,384.00,"A breakfast plate containing scrambled eggs, a single strip of bacon, pineapple chunks, chia seed pudding, and fresh blueberries.",360.00,317.00,0.667
dish_1563898722,broccoli | scrambled eggs,343.35,303.00,A plate containing a portion of fluffy scrambled eggs and steamed broccoli florets.,250.00,250.00,1.000
dish_1563898786,broccoli | scrambled eggs,420.93,344.00,"A plate containing scrambled eggs, steamed broccoli, and a small side of fresh spinach salad with some shredded carrots.",275.00,350.00,0.667
dish_1563898813,broccoli | scrambled eggs | bacon,626.51,382.00,"A breakfast plate containing scrambled eggs, steamed broccoli, bacon slices, and a small portion of raw spinach.",395.00,350.00,0.750
dish_1563898880,scrambled eggs | bacon | broccoli,643.62,441.00,"A breakfast plate containing scrambled eggs topped with salsa, a side of steamed broccoli, a small portion of raw spinach, and two strips of cooked bacon.",395.00,320.00,0.600
dish_1563900120,sweet potato,46.90,49.00,A very small portion consisting of approximately 75 grams of oven-roasted potato chunks served on a square white plate.,85.00,75.00,1.000
dish_1563900150,sweet potato | scrambled eggs,202.30,154.00,A breakfast plate containing scrambled eggs and a few roasted potato wedges.,225.00,170.00,1.000
dish_1563900172,scrambled eggs | cantaloupe | sweet potato,236.64,255.00,"A breakfast plate consisting of scrambled eggs, roasted potato chunks, and fresh cantaloupe melon cubes.",345.00,350.00,1.000
dish_1563900205,sweet potato | broccoli | scrambled eggs | cantaloupe,262.26,301.00,"A breakfast plate containing scrambled eggs, roasted broccoli, roasted potato chunks, and fresh cantaloupe pieces.",285.00,340.00,1.000
dish_1563908923,caesar salad,49.28,112.00,"A small portion of Caesar salad consisting primarily of romaine lettuce, dressing, and parmesan cheese shavings.",160.00,100.00,0.333
dish_1563908957,caesar salad | green beans,73.87,159.00,A light meal consisting of a small portion of Caesar salad and a serving of green beans.,320.00,220.00,1.000
dish_1563909469,spinach (raw),72.40,64.00,A very small portion of raw spinach mixed with a few thin slices of apple on a large white plate.,20.00,45.00,0.500
dish_1563909507,spinach (raw) | green beans,117.93,151.00,A side serving of cooked green beans mixed with some fresh spinach leaves.,60.00,170.00,1.000
dish_1563908996,caesar salad | chicken | millet | green beans,269.92,293.00,"A plate containing breaded chicken pieces, cooked green beans, and a portion of Caesar salad.",570.00,330.00,0.750
dish_1563909550,green beans | fried rice,310.32,273.00,A meal consisting of a portion of green beans mixed with some spinach leaves and a side of yellow rice.,275.00,340.00,0.667
dish_1563909951,spinach (raw) | green beans,180.60,188.00,"A light side dish consisting of fresh spinach, cooked green beans, and a few slices of onion.",28.00,90.00,0.667
dish_1563909580,fried rice | cheese pizza,544.31,361.00,"A plate featuring a portion of cheesy flatbread or poultry, a side of sauteed green beans, a serving of yellow turmeric rice, and a small fresh spinach salad.",580.00,420.00,0.500
dish_1563909982,chicken | spinach (raw) | millet,370.79,318.00,"A light meal consisting of breaded chicken, sautéed green beans, and a small side of fresh baby spinach and onion.",240.00,175.00,0.500
dish_1563910106,spinach (raw),101.46,84.00,A very small portion of cooked Swiss chard on a large white plate.,35.00,70.00,0.000
dish_1563910137,green beans,131.28,141.00,A light portion of sautéed green beans and Swiss chard served on a large white square plate.,75.00,175.00,0.500
dish_1563910530,salmon | brown rice,333.83,214.00,"A small portion of cooked, chopped chicken breast on a large white square plate.",145.00,85.00,0.000
dish_1563910276,salmon | brown rice,375.94,241.00,"A serving of small, pan-seared chicken breast pieces seasoned with herbs.",165.00,100.00,0.000
dish_1563910171,salmon | brown rice,571.18,423.00,"A plate consisting of a rice and chicken-based casserole, accompanied by a portion of sautéed greens (chard) and thin green beans.",440.00,370.00,0.250
dish_1563910639,brown rice | salmon,697.29,447.00,"A small portion of flaked white fish mixed with cooked white rice and wilted greens, likely sautéed together.",240.00,225.00,0.250
dish_1563911156,millet | chicken,140.45,96.00,A single piece of cooked chicken on a large white plate.,85.00,40.00,0.500
dish_1563910708,salmon | brown rice,786.21,555.00,"A plate containing a serving of cooked white fish mixed with white rice, accompanied by a side of green beans and cooked spinach.",310.00,360.00,0.200
dish_1563910676,brown rice | salmon,757.96,501.00,A meal consisting of white fish prepared with rice and a side of sautéed spinach.,280.00,260.00,0.250
dish_1563911185,green beans | millet | chicken,159.81,133.00,A simple meal consisting of a portion of baked or roasted chicken breast and a small side of cooked green beans.,190.00,165.00,0.667
dish_1563913588,cheese pizza,180.81,68.00,A very small portion consisting of two small slices of cheese pizza on a large plate.,280.00,105.00,1.000
dish_1563911215,millet | chicken | green beans | fried rice,218.16,170.00,"A balanced meal consisting of a portion of yellow rice, a piece of roasted chicken, and sautéed green beans.",360.00,255.00,0.750
dish_1563911255,fried rice | quinoa | millet | chicken,293.19,235.00,"A balanced meal consisting of grilled chicken, yellow turmeric rice, green beans, and a small side of spinach and endive salad.",365.00,330.00,0.333
dish_1563913627,cheese pizza,230.33,109.00,Two small rectangular slices of cheese pizza paired with a small side of mixed salad greens on a large white plate.,290.00,140.00,1.000
dish_1563913675,cheese pizza | caesar salad,282.69,228.00,"A meal consisting of two small slices of cheese pizza, a portion of Caesar salad, and a small side of mixed green salad.",445.00,220.00,1.000
dish_1563913709,fried rice | caesar salad | cheese pizza,337.89,263.00,"A lunch platter containing two slices of cheese pizza, a side of yellow rice, a dressed Caesar-style salad, and a small portion of mixed greens.",705.00,370.00,1.000
dish_1563984140,egg whites,245.44,472.00,"A serving of fresh, cut or torn pieces of mozzarella cheese on a white plate.",280.00,100.00,0.000
dish_1563913741,cheese pizza | fried rice | caesar salad,353.06,292.00,"A varied plate containing two slices of cheese pizza, a side of yellow rice, green beans, a portion of Caesar salad, and a small side of mixed greens.",655.00,420.00,0.750
dish_1563984167,egg whites | cantaloupe,291.68,608.00,A plate containing a large serving of chopped fresh mozzarella cheese paired with a small portion of cubed cantaloupe.,400.00,240.00,0.333
dish_1563984199,egg whites | cantaloupe | pineapple,322.68,670.00,A plate containing a substantial portion of roughly chopped fresh mozzarella cheese accompanied by a small side of fresh pineapple and cantaloupe chunks.,515.00,380.00,0.500
dish_1563984242,sweet potato | egg whites | pineapple | cantaloupe,402.12,753.00,"A plate containing a large portion of cubed fresh mozzarella cheese, accompanied by cantaloupe, pineapple, and some roasted eggplant cubes.",570.00,470.00,0.333
dish_1563984296,egg whites | salsa | cantaloupe | sweet potato | pineapple,436.34,871.00,"A meal consisting of panela cheese topped with tomato salsa, served with side portions of cubed cantaloupe, pineapple, and roasted eggplant.",455.00,470.00,0.500
dish_1563984701,chicken apple sausage,275.20,172.00,A plate containing approximately 23 slices of cooked breakfast sausage.,280.00,115.00,1.000
dish_1563984729,scrambled eggs | chicken apple sausage,495.72,321.00,A breakfast meal consisting of a portion of scrambled eggs alongside roughly 20 slices of breakfast sausage.,590.00,260.00,1.000
dish_1563984771,granola | chicken apple sausage | scrambled eggs,582.81,388.00,"A breakfast plate containing scrambled eggs, several slices of pan-seared sausage, and a serving of mixed salad greens.",505.00,300.00,0.667
dish_1563996251,cauliflower,39.50,158.00,A small portion of steamed or boiled cauliflower florets on a white plate.,15.00,60.00,1.000
dish_1563986093,scrambled eggs,239.03,215.00,"A breakfast plate containing a portion of scrambled eggs alongside a small side of fresh berries including strawberries, blackberries, and raspberries.",186.00,182.00,1.000
dish_1563984835,granola | scrambled eggs | chicken apple sausage,603.98,461.00,"A breakfast plate containing scrambled eggs topped with a red savory sauce, sliced breakfast sausage rounds, and a side of mixed greens.",455.00,295.00,0.500
dish_1563996279,carrot | cauliflower,98.49,278.00,"A light side dish consisting of steamed cauliflower florets and sliced, potentially lightly seasoned or roasted carrots.",55.00,170.00,1.000
dish_1563996308,carrot | cream | chicken | cauliflower,718.51,659.00,"A plate containing sliced chicken breast covered in a creamy sauce, accompanied by steamed cauliflower florets and sliced cooked carrots.",380.00,370.00,0.750
dish_1563996441,arugula,80.24,65.00,A light side salad consisting of mixed salad greens with a few scattered walnut pieces.,40.00,45.00,0.500
dish_1563996464,arugula | cauliflower,100.49,146.00,A light side dish consisting of a small serving of dressed arugula salad and several steamed cauliflower florets.,43.00,110.00,1.000
dish_1563996485,arugula | roasted potatoes | cauliflower,178.04,201.00,"A light meal consisting of a pile of fresh arugula, steamed cauliflower florets, and a few pieces of roasted potatoes.",120.00,180.00,1.000
dish_1563996596,caesar salad,39.60,90.00,"A small portion of Caesar salad consisting primarily of romaine lettuce, lightly coated in dressing with visible parmesan cheese shavings.",175.00,100.00,0.333
dish_1563996625,brown rice | caesar salad,342.70,215.00,A light meal consisting of a small Caesar salad paired with a portion of rice mixed with pieces of beef.,500.00,250.00,1.000
dish_1563996509,cauliflower | chicken | roasted potatoes,365.18,316.00,"A balanced meal consisting of sliced grilled chicken, a portion of arugula, steamed cauliflower, and a few pieces of roasted potato.",260.00,270.00,0.750
dish_1563996656,carrot | brown rice | caesar salad,376.62,284.00,"A plate consisting of a side salad with Caesar dressing, sliced roasted carrots, and a portion of cooked savory rice.",395.00,300.00,1.000
dish_1563997386,spinach (raw) | carrot,215.88,238.00,A side dish consisting of sautéed or roasted sliced carrots served over a bed of fresh mixed salad greens.,65.00,170.00,0.500
dish_1563997418,carrot,608.70,400.00,"A light meal featuring sliced steak topped with herbs/garlic, served over a bed of mixed greens with roasted carrot slices and some potato chunks.",365.00,285.00,0.333
dish_1563998210,chicken,148.09,91.00,A small serving of chopped or shredded cooked chicken breast served on a large white plate.,135.00,85.00,1.000
dish_1563997327,spinach (raw),157.88,120.00,"A light side salad featuring mixed greens, thin apple slices, and a few olives, tossed in a light dressing.",110.00,100.00,0.333
dish_1563998244,roasted potatoes | chicken,259.48,170.00,A light meal consisting of a small portion of stuffed chicken breast and several roasted potato chunks on a large plate.,325.00,175.00,1.000
dish_1563998323,roasted potatoes | chicken | cauliflower,634.51,574.00,"A plate featuring seared beef slices, a small portion of roasted potatoes, steamed cauliflower florets, and a small portion of cooked chicken breast.",490.00,450.00,0.750
dish_1563998279,chicken | roasted potatoes,565.01,296.00,"A plate containing sliced beef steak, small pieces of roasted potatoes, and chunks of cooked chicken breast.",535.00,300.00,0.667
dish_1563998513,chicken | cookies | roasted potatoes | cauliflower,757.51,599.00,"A varied plate consisting of grilled chicken, seared beef, roasted potato cubes, steamed cauliflower florets, and one fried vegetable patty or fritter.",615.00,420.00,0.500
dish_1564000202,cheese pizza,396.19,149.00,Three pieces of thin-crust cheese pizza served on a large white square plate.,360.00,130.00,1.000
dish_1564000417,cheese pizza,340.35,128.00,A single slice of cheese pizza on a large plate.,280.00,110.00,1.000
dish_1564000459,cheese pizza | chicken,485.19,217.00,A plate containing one small slice of pizza and a small portion of creamy chicken with mushrooms and spinach.,530.00,220.00,1.000
dish_1564000490,caesar salad | cheese pizza | chicken,532.71,325.00,"A plate featuring a slice of cheese pizza, a small portion of Caesar salad, and a small serving of chicken breast.",640.00,260.00,1.000
dish_1564073641,sweet potato,49.77,52.00,"A very small serving of roasted, diced sweet potato pieces placed on a large white plate.",55.00,60.00,1.000
dish_1564000536,chickpeas | cheese pizza | chicken | caesar salad,659.91,397.00,"A plate featuring a slice of cheese pizza, a small serving of Caesar salad, a small mixed green salad with cucumber, and a portion of a creamy mushroom or chicken dish.",665.00,390.00,0.600
dish_1564073677,scrambled eggs | sweet potato,108.97,92.00,A light portion consisting of a small amount of scrambled eggs and roasted sweet potato cubes served on a large white plate.,135.00,115.00,1.000
dish_1564073860,bacon,492.31,91.00,A serving of crispy cooked bacon on a small square plate.,255.00,60.00,1.000
dish_1564073716,scrambled eggs | sweet potato | egg whites,214.53,295.00,"A light meal consisting of a small portion of scrambled egg whites, a small amount of scrambled whole egg, and roasted sweet potato cubes.",200.00,245.00,1.000
dish_1564082212,pork | chicken,707.94,425.00,"A meal consisting of breaded chicken pieces, a small portion of white rice, and several slices of dark, glazed meat on a large white plate.",670.00,330.00,0.667
dish_1564082323,caesar salad | pork | chicken,748.86,518.00,"A mixed plate containing breaded chicken pieces, a side of green lettuce salad, a small serving of white rice, and slices of marinated cooked pork.",760.00,420.00,0.400
dish_1564083480,grilled chicken,259.70,133.00,A small portion consisting of diced cooked chicken breast pieces and about eight whole kalamata olives served in a white bowl.,130.00,80.00,0.500
dish_1564082462,pesto | pork | pasta | chicken,905.35,609.00,"A varied meal consisting of breaded chicken thighs, a side of green salad, a small portion of pesto penne pasta, and grilled meat strips.",860.00,470.00,0.400
dish_1564083508,grilled chicken | cherry tomatoes,276.26,225.00,"A light snack or small meal consisting of cubed cooked chicken breast, several kalamata olives, and a handful of grape tomatoes in a white bowl.",150.00,150.00,0.667
dish_1564083534,cherry tomatoes | grilled chicken | bell peppers,309.06,307.00,"A small portion of chicken and vegetable salad consisting of chicken breast, cherry tomatoes, sliced bell peppers, and a few black olives.",113.00,215.00,1.000
dish_1564086602,cheese pizza,130.29,49.00,A single small rectangular slice of thin crust cheese pizza served on a large white plate.,145.00,60.00,1.000
dish_1564086624,cheese pizza | corn on the cob,217.29,131.00,A very small portion consisting of a single small slice of thin-crust cheese pizza and two small cross-cut slices of corn on the cob.,200.00,130.00,1.000
dish_1564086658,cheese pizza | corn on the cob | caesar salad,260.85,230.00,"A light meal consisting of a small side of Caesar salad, a small slice of cheese pizza, and two small corn wheels.",370.00,210.00,1.000
dish_1564086709,cheese pizza | caesar salad | pasta | corn on the cob,393.27,307.00,"A varied meal consisting of a small slice of cheese pizza, a portion of pesto penne with spinach, a small Caesar salad, and two slices of corn on the cob.",710.00,390.00,1.000
dish_1564159520,bacon,227.22,42.00,Two strips of cooked bacon served on a white square plate.,85.00,20.00,1.000
dish_1564086748,chicken | pasta | corn on the cob | cheese pizza | caesar salad,443.77,339.00,"A varied meal consisting of a small pizza slice, pesto penne pasta with spinach, Caesar salad, a small piece of breaded chicken, and two slices of corn on the cob.",850.00,440.00,1.000
dish_1564086778,pork | cheese pizza | chicken | pasta | corn on the cob | caesar salad,645.80,437.00,"A varied plate consisting of a Caesar salad, a small piece of pizza, pesto pasta with greens, two corn rounds, roasted chicken, and roasted pork slices.",1100.00,510.00,1.000
dish_1564159588,turkey bacon | sausage | bacon,477.15,113.00,Two strips of cooked bacon on a small white plate.,130.00,28.00,0.333
dish_1564160043,bagels,245.00,98.00,A single toasted bagel served on a white square plate.,260.00,95.00,1.000
dish_1564159636,sausage | turkey bacon | bacon,487.87,134.00,"A light meal consisting of two strips of bacon, a small portion of brussels sprouts, and two slices of sausage served on a white square plate.",265.00,125.00,0.500
dish_1564160161,bagels,242.50,97.00,A single toasted cheese-topped bagel served on a square white plate.,280.00,95.00,1.000
dish_1564168695,pepperoni,385.01,78.00,Two rectangular slices of pepperoni pizza served on a white square plate.,280.00,110.00,1.000
dish_1564168739,pepperoni | sandwiches,585.30,164.00,Two rectangular slices of pepperoni pizza and two triangular slices of whole wheat bread on a square white plate.,540.00,190.00,0.333
dish_1564169197,sandwiches,116.45,50.00,A single small piece of crusty bread on a large white plate.,55.00,20.00,0.000
dish_1564169254,sandwiches | watermelon,161.75,201.00,A light snack consisting of a piece of multigrain bread and several small chunks of fresh watermelon served on a white plate.,83.00,112.00,0.333
dish_1564169298,tatsoi | sandwiches | watermelon,187.08,299.00,"A light meal consisting of a small portion of toasted bread, diced watermelon chunks, and a small side of chopped vegetable salad containing cucumbers and peppers.",165.00,240.00,0.200
dish_1564169878,tortilla | chicken thighs | cheese,732.51,341.00,A single serving of shredded chicken cooked in a tomato-based sauce.,245.00,175.00,0.333
dish_1564169644,cheese pizza,433.42,163.00,A small serving of leftover pizza consisting of one cheese-only slice segment and two pepperoni-topped slice segments on a large square plate.,390.00,135.00,0.500
dish_1564169340,watermelon | sandwiches | chicken thighs | tortilla | cheese,657.52,518.00,"A plate containing shredded chicken in a tomato-based sauce, a slice of multi-grain bread, a chopped cucumber salad, and several cubes of watermelon.",425.00,420.00,0.286
dish_1564169932,cheese | chicken thighs | tortilla,766.63,473.00,"A plate consisting of a portion of shredded chicken in a savory tomato-based sauce, accompanied by a fresh side salad of diced cucumbers, tomatoes, and leafy greens.",320.00,300.00,0.250
dish_1564169958,tortilla | chicken thighs | cheese,787.78,563.00,"A balanced meal consisting of shredded chicken in a red sauce, a side of roasted squash/zucchini, and a fresh vegetable salad with cucumber and peppers.",385.00,460.00,0.200
dish_1564170010,tortilla | cheese | salmon | chicken thighs,1264.55,831.00,"A plate containing a portion of shredded chicken in red sauce, a piece of salmon with a vegetable topping, and a side of sautéed zucchini mix.",585.00,400.00,0.400
dish_1564170071,onions,14.00,35.00,A metal mixing bowl containing raw sliced red onion and a side plate with a small portion of cooked shredded meat in sauce.,175.00,120.00,1.000
dish_1564170098,onions,50.80,67.00,"A small bowl containing sliced red onion and kalamata olives, with a separate plate holding a small portion of a cooked, sauced dish visible on the left.",47.00,50.00,0.500
dish_1564170141,onions | cherry tomatoes,62.68,133.00,"A small portion of raw ingredients in a stainless steel bowl consisting of sliced red onions, a few grape tomatoes, and kalamata olives.",55.00,80.00,0.667
dish_1564170173,bell peppers | onions | cherry tomatoes,79.88,176.00,A small portion of raw chopped vegetables and olives in a metal mixing bowl.,42.00,120.00,1.000
dish_1564170283,cheese | chicken thighs | tortilla,646.59,301.00,A single serving of shredded chicken coated in a red tomato-based sauce on a square plate.,140.00,110.00,0.333
dish_1564170474,zucchini | squash | broccoli,39.48,168.00,A small serving of sautéed zucchini and yellow squash pieces on a large white plate.,35.00,150.00,0.667
dish_1564170836,salmon | brown rice,240.16,135.00,"A very small portion of cooked, seared salmon pieces with minimal garnish served on a large white square plate.",147.00,78.00,0.333
dish_1564170880,salmon | brown rice,348.56,230.00,"A plate containing three small pieces of salmon, a small portion of seasoned brown rice with cranberries, and two small pieces of roasted Brussels sprouts.",350.00,215.00,0.667
dish_1564170542,salmon | brown rice,523.37,440.00,"A balanced meal consisting of two small salmon fillets, sautéed zucchini chunks, and a small portion of seasoned brown rice.",465.00,350.00,0.667
dish_1564170923,kale | salmon | brown rice,378.82,319.00,"A healthy meal consisting of pan-seared salmon pieces, a side of sautéed kale/mixed greens, and a serving of brown rice mixed with roasted brussels sprouts.",310.00,250.00,1.000
dish_1564171888,brown rice | salmon,345.13,194.00,A small portion of bite-sized cooked salmon pieces mixed with a small amount of seasoned brown rice served on a large white plate.,300.00,160.00,1.000
dish_1564171935,salmon | brown rice,476.34,309.00,A meal consisting of cooked salmon chunks served alongside a portion of brown rice mixed with beans and greens.,490.00,290.00,1.000
dish_1564170967,salmon | kale | brown rice,400.20,410.00,"A balanced meal consisting of three small pieces of salmon, a scoop of farro, a side of sautéed kale, and a few pieces of yellow and green squash.",340.00,290.00,0.400
dish_1564171970,brown rice | salmon,498.82,396.00,"A plate containing a portion of salmon mixed with rice, a serving of brown rice, and a side of fresh vegetable salad.",465.00,320.00,0.250
dish_1564427406,grilled chicken,305.37,135.00,"A small portion of diced, cooked chicken breast served in a metal mixing bowl.",115.00,70.00,1.000
dish_1564171996,brown rice | salmon,519.50,484.00,"A plate containing a salmon and brown rice medley, a portion of dark grains (likely farro or black rice), and a side of sautéed mixed vegetables including zucchini and peppers.",490.00,390.00,0.250
dish_1564427430,grilled chicken,345.62,170.00,"A small, simple portion of diced cooked chicken breast mixed with about 8 kalamata olives in a large stainless steel bowl.",95.00,60.00,0.500
dish_1564427455,grilled chicken,354.26,218.00,"A light, simple mixture of diced cooked chicken breast, pitted kalamata olives, and cherry tomatoes in a metal bowl.",240.00,230.00,0.333
dish_1564428102,arugula,133.22,107.00,"A small, light salad consisting of arugula, a few pine nuts, and a couple of blueberries served on a large white plate.",50.00,55.00,0.500
dish_1564428144,arugula | quinoa,205.21,171.00,A single fried chicken wing served alongside a light portion of mixed greens with blueberries.,120.00,100.00,0.000
dish_1564428181,quinoa | pork,510.05,320.00,"A balanced meal consisting of a small portion of cooked chicken, a cabbage and lentil stir-fry, and a fresh arugula salad.",325.00,260.00,0.000
dish_1564428404,pears,113.75,104.00,A small portion of mixed greens salad served on a square white plate.,45.00,75.00,0.000
dish_1564428475,cauliflower | quinoa,261.62,370.00,"A light meal consisting of a small portion of cooked fish, a mixed green side salad, and a few steamed cauliflower florets.",185.00,245.00,0.250
dish_1564428444,cauliflower,157.00,277.00,A light meal consisting of a side portion of mixed greens with shredded carrots and a few steamed cauliflower florets.,55.00,170.00,0.500
dish_1564428515,pork | quinoa | cauliflower,484.62,479.00,"A healthy plate consisting of a portion of cooked fish, a serving of steamed cauliflower florets, and a side of mixed leafy greens.",295.00,320.00,0.250
dish_1564429184,tempeh,389.66,202.00,A small portion of tofu mixed with fried rice served on a white plate.,280.00,140.00,0.000
dish_1564429235,chickpeas | tempeh,479.76,253.00,A light meal consisting of a tofu and rice stir-fry served alongside a small portion of mixed greens with chickpeas.,300.00,240.00,0.333
dish_1564429270,chickpeas | tempeh,605.51,354.00,A plate containing a side of tofu stir-fry with rice and a fresh mixed green salad featuring chickpeas and whole blackberries.,325.00,290.00,0.333
dish_1564429702,cauliflower,39.50,158.00,A small portion of plain cauliflower florets served on a large white plate.,25.00,100.00,1.000
dish_1564429744,cauliflower | quinoa,282.48,374.00,"A plate consisting of steamed cauliflower florets and a portion of baked, seasoned chicken.",275.00,250.00,0.333
dish_1564429808,cauliflower | pork | quinoa,380.68,422.00,"A plate containing a portion of steamed cauliflower florets alongside a serving of roasted chicken, which appears to have a small amount of dark shredded meat/topping nearby.",310.00,270.00,0.250
dish_1564429843,cauliflower | quinoa | pork,395.73,474.00,"A plate containing steamed cauliflower, a piece of roasted seasoned chicken, and some roasted orange-fleshed root vegetables.",400.00,410.00,0.200
dish_1564432094,pepperoni pizza,177.66,63.00,A single small slice of pepperoni pizza served on a large plate.,140.00,50.00,1.000
dish_1564429894,quinoa | pork | cauliflower,498.77,566.00,"A balanced meal consisting of a roasted chicken thigh, steamed cauliflower, a scoop of couscous with raisins, and a few roasted pumpkin wedges.",515.00,440.00,0.167
dish_1564432128,pepperoni pizza,217.03,102.00,A light meal consisting of a single small slice of pepperoni pizza and a small side salad.,285.00,145.00,1.000
dish_1564432165,pepperoni pizza | pineapple,246.03,160.00,"A light meal consisting of a single slice of pepperoni pizza, a small side of mixed green salad, and a few small chunks of fresh pineapple.",310.00,225.00,1.000
dish_1564502063,bacon,497.72,92.00,"A serving of approximately 6 strips of cooked, crispy bacon on a white square plate.",255.00,60.00,1.000
dish_1564432191,pepperoni pizza | cauliflower | pineapple,261.03,220.00,"A light meal consisting of a single small piece of pepperoni pizza, a portion of leafy green salad, a few chunks of fresh pineapple, and some steamed cauliflower.",365.00,295.00,1.000
dish_1564432238,pepperoni pizza | pineapple | pork,455.39,315.00,"A varied plate consisting of a single slice of pepperoni pizza, a small side of mixed greens, fresh pineapple chunks, steamed cauliflower, and a portion of stir-fried vegetable-meat medley.",440.00,370.00,0.400
dish_1564503184,bacon,97.38,18.00,"A single strip of cooked, crispy bacon and a tiny, negligible food crumb on a large white plate.",46.00,12.20,0.500
dish_1564503219,bacon | egg whites,213.86,242.00,A small breakfast portion consisting of a pile of scrambled egg whites and a single strip of bacon.,95.00,145.00,1.000
dish_1564514906,white beans | fish,199.27,178.00,"A very small portion consisting of a piece of white fish, a few cannellini beans, a roasted carrot slice, and some greens on a large plate.",100.00,130.00,0.500
dish_1564514953,white beans | fish | carrot,249.90,281.00,A plate containing a portion of roasted sliced carrots alongside a serving of white fish baked with spinach and white beans.,195.00,200.00,0.667
dish_1564516366,,31.05,27.00,A small serving of seven black olives on a large white plate.,25.00,25.00,
dish_1564514997,carrot | fish | white beans,381.11,396.00,"A balanced meal consisting of a portion of brown rice with beans, a serving of white fish topped with leafy greens, and a side of sliced cooked carrots.",350.00,340.00,0.500
dish_1564516397,cherry tomatoes,36.81,59.00,A light snack consisting of a small handful of grape tomatoes and several black olives on a white plate.,41.00,130.00,1.000
dish_1564515049,carrot | white beans | broccoli | fish,431.64,611.00,"A balanced plate containing a portion of spiced brown rice and lentils, a creamy vegetable bake, sautéed zucchini with bok choy, and roasted carrot coins.",410.00,460.00,0.143
dish_1564516429,fish | white beans,178.98,186.00,"A small, light meal consisting of sautéed greens mixed with white beans, accompanied by a handful of cherry tomatoes and several Kalamata olives.",150.00,180.00,0.250
dish_1564516454,fish | chicken breast | white beans,311.14,266.00,"A plate containing a portion of diced chicken breast, a cooked fish and white bean dish, several cherry tomatoes, and kalamata olives.",330.00,270.00,0.400
dish_1564516732,carrot,26.55,54.00,A small portion of roasted sliced carrots on a white plate.,40.00,75.00,1.000
dish_1564516483,carrot | white beans | chicken breast | fish,364.23,374.00,"A balanced meal consisting of baked fish with a pesto-like topping, sautéed sliced carrots, fresh cherry tomatoes, Kalamata olives, and diced lean chicken breast.",335.00,345.00,0.500
dish_1564516760,chicken thighs | quinoa,442.73,329.00,"A plate containing roasted chicken pieces, a side of sliced roasted carrots, and a few small pieces of roasted purple potato.",515.00,325.00,0.250
dish_1564518454,cheese pizza,164.86,62.00,"A single slice of cheese pizza on a large, mostly empty square plate.",165.00,65.00,1.000
dish_1564518488,cheese pizza | chicken thighs,248.09,117.00,A meal consisting of a single slice of cheese pizza and one small roasted or fried chicken drumstick served on a large white plate.,350.00,155.00,1.000
dish_1564518512,cheese pizza | chicken thighs | carrot,270.71,163.00,"A light, unbalanced meal consisting of a single slice of cheese pizza, one small chicken drumstick, and a serving of sliced cooked carrots.",415.00,245.00,1.000
dish_1564518850,frozen yogurt,194.33,119.00,A small portion of chocolate soft serve ice cream in a white ramekin.,210.00,130.00,0.000
dish_1564518586,carrot | cheese pizza | chicken thighs,361.41,315.00,"A plate containing one slice of pizza, a small salad, sautéed yellow squash and zucchini, roasted carrots, and one chicken drumstick.",505.00,380.00,0.750
dish_1564518542,carrot | chicken thighs | cheese pizza,342.38,234.00,"A plate containing a single slice of pizza, one chicken drumstick, a side of mixed greens, and sliced cooked carrots.",490.00,300.00,1.000
dish_1564588483,sausage,175.75,51.00,A very small portion of sliced sausage links with a tiny fragment of scrambled egg on a square plate.,220.00,80.00,0.500
dish_1564588533,sausage | egg whites,236.07,167.00,A breakfast plate containing a modest portion of scrambled eggs and five slices of sausage.,260.00,130.00,1.000
dish_1564588688,sausage,148.18,43.00,A very small portion consisting of four small pieces of sliced sausage on a large white plate.,95.00,40.00,1.000
dish_1564588567,sausage | scrambled eggs | egg whites,450.67,312.00,"A breakfast plate containing scrambled eggs, cooked egg white chunks, and several slices of cooked sausage.",350.00,245.00,1.000
dish_1564588719,chilaquiles | sausage,222.28,81.00,"A breakfast meal consisting of eggs mixed with cheese and a red salsa-like topping, served with two slices of sausage and several broken pieces of tortilla chips.",480.00,185.00,0.250
dish_1564588820,egg whites,81.12,156.00,"A small portion of torn fresh mozzarella cheese sprinkled with black pepper, served on a square white plate.",160.00,55.00,0.000
dish_1564588859,egg whites | greek yogurt | milk | chia seeds,183.59,257.00,A light meal consisting of chunks of fresh mozzarella cheese alongside a serving of chia seed pudding topped with a small amount of fruit.,370.00,225.00,0.167
dish_1564589025,sweet potato,48.81,51.00,A very small serving of roasted potato wedges on a white plate.,85.00,75.00,1.000
dish_1564588889,egg whites | greek yogurt | chia seeds | milk,234.49,346.00,"A light meal consisting of chunks of fresh mozzarella, a serving of fresh blueberries, and a base of chia seed pudding with small pieces of stone fruit.",445.00,315.00,0.167
dish_1564588919,milk | greek yogurt | egg whites | sweet potato | chia seeds,335.94,452.00,"A breakfast or light meal plate consisting of fresh mozzarella cheese chunks, a small serving of chia seed pudding topped with fresh blueberries, and roasted potato pieces.",495.00,315.00,0.333
dish_1564589072,sweet potato | chilaquiles,419.31,241.00,"A plate of chilaquiles (tortilla chips simmered in red salsa) topped with a small amount of crumbled cheese, served with a side of roasted potato wedges.",550.00,260.00,0.667
dish_1564589308,roasted potatoes,227.01,161.00,A small portion of roasted potato chunks on a large square white plate.,115.00,150.00,1.000
dish_1564590115,sweet potato,115.81,121.00,"A small serving of approximately 10-12 cubed, roasted potato chunks on a large plate.",95.00,80.00,1.000
dish_1564589366,egg whites | roasted potatoes,324.25,348.00,A simple meal consisting of a portion of plain scrambled egg whites alongside roasted potato chunks.,225.00,230.00,1.000
dish_1564590146,watermelon | sweet potato,141.01,205.00,A light snack consisting of approximately 110g of roasted potato cubes and about 80g of fresh watermelon chunks on a white square plate.,190.00,190.00,1.000
dish_1564590190,sweet potato | watermelon,194.02,298.00,"A light meal consisting of a small portion of roasted potatoes paired with a mix of fresh strawberries, blueberries, and watermelon.",184.00,270.00,1.000
dish_1564590226,watermelon | sweet potato | cantaloupe,220.54,376.00,"A breakfast or snack plate consisting of roasted potato chunks, a variety of fresh fruit including melon, strawberries, watermelon, and blueberries, plus a small block of cheese on a separate small dish.",340.00,420.00,0.750
dish_1564590254,pineapple | watermelon | cantaloupe | sweet potato,248.54,432.00,"A fruit medley plate featuring pineapple, melon, strawberries, blueberries, and watermelon, accompanied by a side plate of cubed fresh mozzarella cheese and a portion of roasted sweet potato cubes.",470.00,495.00,0.800
dish_1564590352,pineapple | cantaloupe | salsa | watermelon | sweet potato | egg whites,497.92,962.00,"A balanced plate consisting of steamed cauliflower topped with a tomato sauce, roasted potatoes, and a selection of fresh fruit.",360.00,590.00,0.286
dish_1564590288,pineapple | watermelon | egg whites | cantaloupe | sweet potato,464.86,848.00,"A breakfast plate consisting of scrambled egg whites, roasted potato cubes, and a mixed fruit salad including watermelon, cantaloupe, strawberries, blueberries, and pineapple.",340.00,565.00,1.000
dish_1564601470,turnips,15.84,73.00,A very small portion of four cubes of cooked yuca served on a large white plate.,55.00,35.00,0.000
dish_1564601528,turnips | roasted potatoes,142.74,163.00,A small snack plate consisting of a few cubes of roasted potatoes and a few cubes of raw jicama.,115.00,130.00,0.333
dish_1564605293,cheese pizza,404.17,152.00,Three rectangular slices of cheese pizza on a large plate.,360.00,135.00,1.000
dish_1564601569,turnips | roasted potatoes | brussels sprouts,208.10,291.00,"A small portion plate containing roasted potatoes, roasted Brussels sprouts, and steamed white root vegetable slices.",220.00,255.00,1.000
dish_1564601600,chicken | brussels sprouts | roasted potatoes,600.80,434.00,"A balanced meal plate consisting of a piece of breaded fried chicken topped with slaw, served alongside roasted potatoes, roasted Brussels sprouts, and boiled starch cubes.",525.00,355.00,0.750
dish_1564601638,chicken | roasted potatoes | fish | brussels sprouts,712.46,541.00,"A varied meal consisting of breaded fried chicken with coleslaw, roasted potatoes, boiled yuca, roasted Brussels sprouts, and a portion of white fish or seasoned tofu.",635.00,390.00,0.800
dish_1564675060,watermelon,23.10,77.00,A small portion of freshly cut watermelon cubes on a large white plate.,25.00,80.00,1.000
dish_1564605328,cheese pizza,541.24,349.00,"A meal consisting of three rectangular slices of cheese pizza served with a side salad containing greens, cucumbers, olives, onions, and feta cheese.",560.00,290.00,0.500
dish_1564675118,watermelon | sweet potato,177.19,238.00,A small portion consisting of roasted potato cubes and a few pieces of fresh watermelon on a large square white plate.,133.00,155.00,1.000
dish_1564675157,grapes | watermelon | sweet potato,208.93,284.00,"A plate containing roasted potato cubes, a small cluster of red grapes, and a few small cubes of fresh watermelon.",170.00,220.00,1.000
dish_1564675380,turkey bacon,87.33,23.00,A single slice of cooked bacon placed on a white square plate.,45.00,10.00,1.000
dish_1564675193,grapes | egg whites | sweet potato,478.81,803.00,"A breakfast plate containing a large portion of scrambled egg whites, roasted potato cubes, a few chunks of fresh watermelon, and a small cluster of red grapes.",405.00,545.00,0.750
dish_1564675240,grapes | egg whites | sweet potato,502.88,886.00,"A breakfast plate containing scrambled egg whites topped with salsa, a side of roasted potatoes, and a fruit serving of watermelon cubes and red grapes.",325.00,480.00,0.600
dish_1564685144,green beans,26.16,50.00,A small serving of cooked green beans on a white square plate.,25.00,55.00,1.000
dish_1564675411,egg whites | turkey bacon,235.53,308.00,A plate consisting of a portion of mashed potatoes topped with gravy and a single strip of cooked bacon.,365.00,405.00,0.250
dish_1564685183,green beans,127.11,150.00,A light side dish consisting of a small portion of mixed garden salad and cooked green beans served on a square white plate.,35.00,85.00,0.500
dish_1564685229,green beans | cherry tomatoes | bell peppers | lime | ketchup | spinach (raw) | millet | onions | lettuce | cucumbers,591.44,347.00,"A balanced plate consisting of a portion of stir-fried beef, a side of mixed green salad with onions, and stir-fried long beans.",305.00,260.00,0.091
dish_1564685360,millet,304.05,129.00,"A very small portion of grilled, sliced beef served with a small amount of bulgur wheat and some diced peppers on a large white plate.",115.00,75.00,0.000
dish_1564685450,pizza,623.01,288.00,"A lunch plate featuring a small serving of grilled beef with grains, a mixed green side salad, and a single slice of flatbread pizza.",525.00,280.00,0.500
dish_1564685406,bell peppers | cherry tomatoes | ketchup | spinach (raw) | onions | lime | lettuce | cucumbers | millet,367.65,192.00,"A light meal consisting of thin strips of grilled beef, a small portion of quinoa with bell peppers, and a side of mixed green salad with shredded carrots and cucumber.",185.00,155.00,0.200
dish_1564685482,pizza | brownies,851.40,337.00,"A plate containing a piece of flatbread pizza, a side of mixed greens, a small slice of chocolate brownie, and a portion of steak with a grain base.",715.00,295.00,0.250
dish_1564686657,cheese pizza,279.19,105.00,"Two small, rectangular slices of thin-crust pizza topped with what appears to be sliced mushrooms and red onions on a large white plate.",145.00,65.00,1.000
dish_1564686702,cheese pizza,307.94,130.00,A light snack consisting of two thin-crust pizza slices and 6 kalamata olives.,225.00,90.00,0.500
dish_1564686740,cheese pizza,399.80,221.00,"A light meal consisting of two pieces of flatbread pizza, a small side salad with visible dressing, and a small serving of kalamata olives.",365.00,185.00,0.500
dish_1564686791,chicken breast | cheese pizza,601.35,343.00,"A light meal consisting of two small pieces of flatbread pizza, a generous portion of diced grilled chicken, a side of mixed greens, and a small serving of kalamata olives.",515.00,285.00,0.667
dish_1564686832,brownies | chicken breast | cheese pizza,829.74,392.00,"A varied plate consisting of two small pieces of flatbread pizza, a side of mixed greens, cubed grilled chicken, a few kalamata olives, and a small wedge of dark brownie.",625.00,315.00,0.400
dish_1564686966,ketchup | millet | bell peppers | spinach (raw) | onions,153.20,65.00,A very small portion consisting of two slices of cooked beef steak on a large square white plate.,115.00,45.00,0.000
dish_1564686855,brownies | chicken breast | cheese pizza,1030.16,435.00,"A plate containing a variety of items: two rectangular pieces of flatbread pizza, a side of mixed green salad, diced grilled chicken, a few kalamata olives, and two triangular pieces of a brownie.",715.00,320.00,0.400
dish_1564687013,fish | ketchup | white rice,330.84,224.00,A light plate containing two slices of steak and a small portion of fish topped with a tomato and vegetable sauce.,255.00,150.00,0.333
dish_1564687046,white rice | green beans | ketchup | fish,374.79,308.00,"A meal consisting of two small pieces of steak, a piece of white fish topped with a red sauce, and a serving of green beans.",305.00,245.00,0.500
dish_1564687090,fish | white rice | ketchup | green beans,498.02,416.00,"A balanced plate consisting of sliced beef, baked fish with tomato topping, steamed green beans, and a lentil-tofu side dish.",455.00,385.00,0.333
dish_1564689078,spinach (raw),72.36,55.00,A very small portion of sautéed spinach with a few blueberries on a large square plate.,30.00,50.00,1.000
dish_1564688969,cheese pizza,239.31,90.00,"Two small, thin-crust cheese pizza slices on a white plate.",280.00,110.00,1.000
dish_1564689108,chickpeas | arugula,203.66,159.00,"A light salad consisting of chickpeas, leafy greens, a few black olives, and thinly sliced pear.",150.00,155.00,0.667
dish_1564689138,chickpeas,268.27,223.00,"A light salad composed of mixed greens, chickpeas, sliced cucumbers, onions, and black olives.",155.00,195.00,0.500
dish_1564689168,tofu | chickpeas,352.95,339.00,"A light salad plate consisting of pan-seared tofu cubes, cooked chickpeas, a mix of leafy greens with cucumber and red onion, and a few black olives.",215.00,220.00,0.667
dish_1564689219,chickpeas | lentils | tofu,506.85,474.00,"A varied plant-based plate featuring firm tofu, seasoned black lentils, whole chickpeas, and a mixed green salad with vegetables.",355.00,360.00,0.750
dish_1564690038,lentils,92.34,81.00,A very small portion of cooked chicken pieces with a dark sauce and a small amount of mixed vegetables served on a large white square plate.,100.00,85.00,0.000
dish_1564690085,lentils | chickpeas,170.62,143.00,A small portion of chicken pieces glazed in a dark sauce served alongside an arugula and chickpea salad on a white plate.,185.00,140.00,0.333
dish_1564690138,lentils | green beans | chickpeas,190.50,181.00,"A plate featuring a small portion of green beans, chickpeas mixed with salad greens, and a dark cooked protein or vegetable component.",220.00,230.00,0.500
dish_1564690167,lentils | chickpeas,251.78,207.00,"A light meal consisting of a small portion of sautéed green beans, a piece of pan-seared protein, and a mixed greens salad with chickpeas.",270.00,210.00,0.250
dish_1564690194,white rice | fish | ketchup | lentils,500.92,430.00,"A plate containing a portion of spiced rice with fish, a side of sautéed green beans, and a chickpea salad with greens.",435.00,320.00,0.167
dish_1564691380,green beans | corn on the cob,96.26,111.00,A very light meal consisting of a small portion of cooked green beans and two thin slices of corn on the cob served on a large white plate.,75.00,140.00,1.000
dish_1564691420,corn on the cob | green beans,212.35,226.00,"A light meal consisting of a small portion of sautéed green beans, a mixed leafy green salad with dressing, and two small slices of corn on the cob.",135.00,210.00,1.000
dish_1564691450,corn on the cob,542.33,366.00,"A plate featuring sliced grilled beef with a soy-based glaze, a side of steamed green beans, two small slices of corn on the cob, and a side of mixed green salad with red onions.",365.00,290.00,0.333
dish_1564761388,egg whites,54.60,105.00,A small portion of plain scrambled egg whites on a square white plate.,52.00,130.00,1.000
dish_1564761426,egg whites | fried rice,207.57,202.00,A light meal consisting of scrambled egg whites and a small serving of vegetable fried rice served on a white square plate.,210.00,220.00,1.000
dish_1564761457,fried rice | turkey bacon | egg whites,287.31,223.00,"A plate consisting of scrambled egg whites, a small serving of vegetable fried rice, and a single strip of turkey bacon.",235.00,225.00,1.000
dish_1564773826,cherry tomatoes,10.08,56.00,A small portion of 7 grape tomatoes on a white square plate.,14.00,75.00,1.000
dish_1564761488,turkey bacon | egg whites | fried rice | honeydew melons,327.99,336.00,"A balanced light meal consisting of a portion of scrambled egg whites, fried rice with corn and vegetables, a single strip of bacon, and several fresh melon chunks.",265.00,282.00,1.000
dish_1564773847,salmon | mayonnaise | lentils,238.03,161.00,A light meal consisting of a small portion of pan-seared salmon and six small grape tomatoes.,155.00,140.00,0.250
dish_1564773876,salmon | lentils | broccoli | mayonnaise,258.33,219.00,"A light meal consisting of a small piece of pan-seared fish, a few florets of broccoli, and several grape tomatoes on a white plate.",185.00,260.00,0.167
dish_1564773903,salmon | pineapple | mayonnaise | broccoli,316.83,336.00,"A light meal consisting of a small portion of pan-seared fish, two broccoli florets, fresh cherry tomatoes, and pineapple chunks.",240.00,380.00,0.333
dish_1564773942,salmon | chicken breast | mayonnaise | pineapple,491.94,442.00,"A healthy plate consisting of diced lean chicken breast, steamed broccoli, fresh grape tomatoes, pineapple chunks, and a small portion of pan-seared fish.",350.00,420.00,0.286
dish_1564774773,broccoli,50.14,90.00,A small serving of roasted broccoli florets on a white plate.,20.00,60.00,1.000
dish_1564774805,mayonnaise | salmon | lentils,621.09,353.00,A meal consisting of roasted broccoli florets alongside two pieces of pan-seared fish seasoned with black peppercorns and herbs.,295.00,300.00,0.000
dish_1564773976,chicken breast | mayonnaise | salmon | pineapple,516.09,463.00,"A plate containing a portion of diced chicken, several pineapple chunks, cherry tomatoes, black olives, steamed broccoli, and a small portion of cooked fish.",310.00,365.00,0.286
dish_1564775147,salmon | mayonnaise | lentils,327.81,151.00,"Two small pieces of pan-seared or baked fish fillet, likely salmon or a similar white fish, on a large white plate.",165.00,75.00,0.000
dish_1564777933,cheese pizza,103.70,39.00,"A very small, single portion of cheese pizza resting on a large plate.",85.00,30.00,1.000
dish_1564775182,salmon | lentils | mayonnaise | broccoli,398.00,277.00,A simple meal consisting of two pieces of pan-seared or baked salmon served alongside a small portion of roasted or sautéed broccoli florets.,335.00,190.00,0.500
dish_1564777960,cheese pizza | beef,331.01,147.00,A light meal consisting of a single small slice of cheese pizza and several small medallions of cooked meat.,270.00,120.00,0.333
dish_1564775216,salmon | mayonnaise | broccoli | beef,530.60,340.00,"A plate containing roasted broccoli, two pieces of salmon, and two small seared meat cubes.",370.00,260.00,0.400
dish_1565020755,bacon,43.28,8.00,A single strip of cooked bacon on a large white plate.,45.00,10.00,1.000
dish_1564778030,cheese pizza | broccoli | beef,504.42,283.00,"A dinner plate featuring one slice of cheese pizza, three slices of roasted pork, and a serving of broccoli with a side salad of onions and greens.",510.00,335.00,0.500
dish_1564777986,cheese pizza | broccoli | beef,372.23,221.00,"A modest meal consisting of a single slice of cheese pizza, three small slices of roasted pork tenderloin, and a small serving of roasted broccoli.",345.00,235.00,0.500
dish_1564778057,rice noodles | beef | cheese pizza,575.19,377.00,"A plate containing a single small slice of pizza, two portions of roasted pork, roasted broccoli, a small serving of tofu slaw, and a side of mixed greens.",460.00,395.00,0.167
dish_1565020796,egg whites,90.60,99.00,A small portion of crumbled feta cheese served alongside a single strip of crispy cooked bacon.,155.00,52.00,0.000
dish_1565020822,egg whites | sweet potato,180.56,193.00,"A small plate containing roasted sweet potato cubes, two slices of cooked bacon, and chunks of fresh mozzarella.",295.00,150.00,0.250
dish_1565020867,egg whites | sweet potato,255.80,325.00,"A light meal plate featuring fresh berries (raspberries and blackberries), a strip of bacon, a small serving of roasted sweet potato cubes, and crumbled feta cheese.",235.00,160.00,0.250
dish_1565020895,egg whites | milk | greek yogurt | sweet potato,348.13,416.00,"A breakfast or brunch plate featuring fresh berries, a slice of bacon, roasted sweet potatoes, a small serving of chia seed pudding, some crumbles of feta cheese, and a few grapes.",315.00,255.00,0.125
dish_1565021054,tofu | waffles,263.75,144.00,Two waffle quarters and a small portion of crumbled tofu with sauteed vegetables.,355.00,150.00,1.000
dish_1565021104,waffles | tofu | egg whites,291.31,197.00,A light meal consisting of two waffle quarters served with a small side of scrambled tofu mixed with broccoli and topped with feta cheese.,375.00,150.00,0.500
dish_1565020926,sweet potato | grapes | greek yogurt | egg whites | milk,398.50,489.00,"A varied breakfast plate featuring fresh berries, grapes, a small portion of chia seed pudding, roasted sweet potato cubes, a strip of bacon, and crumbled white cheese.",295.00,295.00,0.250
dish_1565021141,waffles | egg whites | sausage | tofu,467.05,248.00,"A breakfast plate consisting of frozen-style waffles, sliced breakfast sausages, a small portion of tofu with broccoli, and topped with crumbled white cheese.",475.00,200.00,0.600
dish_1565021185,waffles | egg whites | sausage | tofu,481.50,296.00,"A breakfast plate consisting of waffles, scrambled tofu with vegetables, topped with feta cheese, served with a side of sliced sausage and roasted potatoes.",580.00,265.00,0.500
dish_1565021220,egg whites | sweet potato | waffles | tofu | sausage,543.71,361.00,"A breakfast plate containing two waffle segments, scrambled eggs mixed with vegetables topped with crumbled feta, roasted sweet potato chunks, and several slices of breakfast sausage.",555.00,300.00,0.667
dish_1565021640,egg whites | sweet potato,304.58,500.00,"A meal consisting of a large portion of scrambled egg whites, a small side of roasted sweet potato cubes, and a small portion of cantaloupe melon.",230.00,365.00,0.667
dish_1565021599,egg whites,206.96,398.00,A meal consisting of a large portion of scrambled egg whites and a small side of roasted sweet potato pieces.,205.00,340.00,0.500
dish_1565021675,sweet potato | egg whites | honeydew melons,331.58,575.00,"A light meal consisting of a large portion of cooked egg whites, a small side of roasted sweet potato cubes, and a few pieces of fresh melon.",165.00,285.00,1.000
dish_1565021965,egg whites,92.04,177.00,A serving of fresh mozzarella cheese chunks placed on a white square plate.,240.00,95.00,0.000
dish_1565021714,egg whites | honeydew melons | sweet potato,381.17,662.00,"A light meal featuring a large serving of fresh mozzarella cheese accompanied by various fresh fruits including strawberries, blueberries, grapes, and melon, with a side of roasted sweet potato or squash cubes.",575.00,460.00,0.400
dish_1565022027,sweet potato | egg whites,178.18,267.00,A simple meal consisting of a portion of scrambled egg whites and small roasted sweet potato cubes served on a square plate.,180.00,280.00,1.000
dish_1565022062,egg whites | sweet potato,234.61,366.00,"A plate containing fresh mozzarella cheese, roasted sweet potato cubes, and a small mix of fresh raspberries and blackberries.",350.00,240.00,0.333
dish_1565023128,granola,41.59,32.00,"A very small, sparse portion of mixed salad greens served on a large white square plate.",5.00,20.00,0.000
dish_1565023157,scrambled eggs,379.03,260.00,A simple meal consisting of a portion of scrambled eggs served over a small base of mixed salad greens.,215.00,160.00,1.000
dish_1565023182,scrambled eggs | bacon,638.71,308.00,"A breakfast plate consisting of scrambled eggs, three strips of crispy bacon, and a small side of mixed green leaves.",345.00,210.00,1.000
dish_1565024675,turkey bacon,129.10,34.00,A very light meal consisting of two strips of cooked bacon with a few small pieces of scrambled eggs on top.,105.00,28.00,0.500
dish_1565024707,turkey bacon | scrambled eggs,299.30,149.00,A simple breakfast consisting of two strips of crispy bacon and a serving of scrambled eggs.,300.00,155.00,1.000
dish_1565024741,turkey bacon | scrambled eggs | roasted potatoes,359.93,192.00,"A breakfast plate containing two strips of bacon, a portion of scrambled eggs with some red seasoning, and a few small cubes of roasted potatoes.",410.00,205.00,1.000
dish_1565030350,lettuce | lime | cucumbers | onions | cherry tomatoes,62.59,62.00,A very small serving of green salad primarily composed of arugula and a few thin shreds of carrot on a large white plate.,7.00,25.00,0.000
dish_1565030391,white rice | beef,609.33,313.00,"A balanced plate containing a side of leafy green salad with carrots, two broccoli florets, and a portion of cooked rice mixed with protein.",320.00,240.00,0.250
dish_1565031283,beef | white rice,252.68,116.00,A very small portion of mixed rice dish containing pieces of chicken and spinach on a large white plate.,115.00,80.00,0.500
dish_1565031338,beef | white rice | caesar salad,296.24,215.00,A plate containing a side of Caesar salad and a portion of cooked savory rice.,390.00,240.00,0.667
dish_1565032680,figs | arugula,280.28,208.00,A small appetizer-sized serving of mixed greens salad garnished with several cubes of fresh cantaloupe.,40.00,120.00,0.000
dish_1565031376,beef | cauliflower | caesar salad,319.49,308.00,"A meal consisting of a small Caesar salad, steamed cauliflower, and a side of rice with some meat mixed in.",515.00,330.00,0.500
dish_1565032714,figs | squash | arugula,315.59,330.00,"A plate containing roasted acorn squash chunks, fresh raw cantaloupe pieces, and a small portion of mixed greens salad.",170.00,310.00,0.250
dish_1565032748,beef | arugula | figs,544.31,435.00,"A plate containing roasted acorn squash, a small portion of meat with a rice-based topping, and a side salad consisting of mixed greens and cantaloupe.",365.00,390.00,0.000
dish_1565033085,,15.40,55.00,A simple serving of mixed fresh salad greens in a white bowl.,15.00,40.00,
dish_1565033139,broccoli,193.65,274.00,"A simple vegetable-based side dish consisting of raw broccoli florets, dark olives (likely Kalamata), and mixed salad greens.",215.00,175.00,0.500
dish_1565033110,broccoli,47.60,147.00,A light side dish consisting of mixed salad greens topped with several cooked broccoli florets.,35.00,115.00,1.000
dish_1565033220,chicken,908.60,578.00,"A chicken, broccoli, and kalamata olive salad bowl drizzled with a creamy peanut-style dressing.",495.00,405.00,0.250
dish_1565033189,chicken | broccoli,578.10,507.00,"A fresh salad bowl featuring grilled diced chicken breast, steamed broccoli florets, and whole kalamata olives on a base of mixed salad greens.",295.00,310.00,0.667
dish_1565034234,cauliflower,43.75,175.00,"A small portion of cooked, plain cauliflower florets served on a white square plate.",28.00,110.00,1.000
dish_1565033265,chicken,1324.08,625.00,"A chicken and vegetable salad consisting of diced chicken, broccoli florets, kidney beans, and lettuce, topped with a creamy nut-based dressing.",355.00,305.00,0.200
dish_1565034281,roasted potatoes | cauliflower,228.46,306.00,A light meal consisting of a portion of cooked cauliflower florets and roasted purple potatoes.,115.00,200.00,1.000
dish_1565034605,lettuce | lime | cucumbers | onions | cherry tomatoes,52.49,52.00,A very small portion of mixed garden greens with a few diced carrots on a large white plate.,20.00,55.00,0.000
dish_1565034330,cauliflower | beef | roasted potatoes,614.02,483.00,"A balanced plate consisting of a portion of steamed cauliflower, a scoop of rice with greens, and a serving of sautéed purple potatoes.",350.00,370.00,0.500
dish_1565034635,arugula,124.09,110.00,"A small, light salad consisting mainly of leafy greens (spinach and mixed lettuce) with a few pieces of diced yellow fruit and some walnut pieces.",80.00,91.00,0.000
dish_1565034661,cheese pizza,219.81,146.00,A single rectangular portion of baked lasagna served alongside a portion of fresh mixed leafy greens.,365.00,235.00,0.000
dish_1565035715,onions,15.60,39.00,"A small portion of raw, thinly sliced red onion placed on a white square plate.",8.00,20.00,1.000
dish_1565034681,cheese pizza | pizza,323.55,185.00,A plate containing two portions of baked lasagna served over a small bed of mixed leafy greens.,545.00,290.00,0.000
dish_1565035746,onions | cauliflower,43.10,149.00,"A light portion of steamed cauliflower florets accompanied by raw, thinly sliced red onion on a square plate.",35.00,125.00,1.000
dish_1565035774,onions | cauliflower | bell peppers,57.50,185.00,"A light plate containing a small portion of cauliflower florets, sliced green bell pepper, and sliced red onion.",40.00,150.00,1.000
dish_1565035802,onions | cherry tomatoes | cauliflower | bell peppers,69.20,250.00,"A plate of raw, sliced vegetables including cauliflower, grape tomatoes, green bell pepper, and red onion.",60.00,230.00,1.000
dish_1565035830,chicken breast | cauliflower,340.13,414.00,"A healthy plate containing diced cooked chicken breast, steamed cauliflower, cherry tomatoes, sliced green bell pepper, and thin red onion slices.",315.00,445.00,0.400
dish_1565035858,chicken breast | watermelon | cauliflower,375.23,531.00,"A light meal consisting of diced cooked chicken breast, steamed cauliflower, sliced red onion, green bell pepper, cherry tomatoes, and watermelon chunks.",250.00,460.00,0.500
dish_1565036788,cheese pizza,186.13,70.00,"A single, modest-sized rectangular slice of cheese pizza on a large, mostly empty white plate.",210.00,75.00,1.000
dish_1565036821,beef | cheese pizza,325.54,134.00,A very small meal consisting of two modest slices of thin-crust cheese pizza and a small portion of sliced roast beef with green onion.,335.00,145.00,1.000
dish_1565036890,roasted potatoes | beef | cheese pizza | chicken thighs,520.86,260.00,"A varied meal consisting of roasted eggplant, grilled chicken, a slice of beef, and a portion of cheese pizza on a large plate.",580.00,270.00,0.600
dish_1565036922,chicken thighs | roasted potatoes | cheese pizza | beef,539.86,336.00,"A varied meal containing roasted potatoes, chicken, cauliflower, roast beef, and two slices of cheese pizza.",645.00,360.00,0.800
dish_1565107066,scrambled eggs,127.28,86.00,A small portion of scrambled eggs served on a large plate.,95.00,70.00,1.000
dish_1565036953,chicken thighs | caesar salad | beef | roasted potatoes | cheese pizza,586.94,443.00,"A varied plate containing Caesar salad, roasted mushrooms, small pieces of chicken, steamed cauliflower, sliced roast beef, and a piece of cheese pizza.",800.00,470.00,0.571
dish_1565107092,scrambled eggs | egg whites,313.44,444.00,A meal consisting of a significant amount of chopped cooked egg whites alongside a smaller portion of scrambled egg yolk or yellow cheese.,140.00,200.00,0.500
dish_1565107119,sweet potato | scrambled eggs | egg whites,426.37,562.00,"A meal consisting of diced roasted potatoes, chopped hard-boiled egg whites, and a small portion of yellow scrambled eggs.",340.00,375.00,1.000
dish_1565107143,watermelon | egg whites | scrambled eggs | sweet potato,454.27,655.00,"A plate containing a portion of scrambled eggs, a generous amount of chopped mozzarella cheese, pan-fried potato cubes, and a few small cubes of fresh watermelon.",595.00,385.00,0.750
dish_1565107171,sweet potato | scrambled eggs | egg whites | watermelon | grapes,501.88,724.00,"A breakfast plate containing fresh fruit, pan-fried plantains, a yellow scrambled egg portion, and chunks of fresh cheese.",535.00,400.00,0.500
dish_1565109606,sweet potato,89.96,94.00,A small serving of roasted potato chunks on a square white plate.,115.00,95.00,1.000
dish_1565107211,sweet potato | scrambled eggs | egg whites | watermelon | grapes,523.63,799.00,"A mixed breakfast plate containing fruit (grapes, watermelon), roasted potatoes, scrambled eggs, a portion of fresh white cheese, and a tomato-based condiment sauce.",675.00,575.00,0.667
dish_1565109637,sweet potato | egg whites,172.64,253.00,A plate consisting of pan-roasted or baked potato chunks alongside scrambled egg whites.,210.00,270.00,1.000
dish_1565109659,sweet potato | bacon | egg whites,226.74,263.00,"A breakfast plate containing pan-fried potato chunks, cooked egg whites, and a single strip of bacon.",235.00,225.00,1.000
dish_1565117429,cheese pizza,390.87,147.00,A light meal consisting of three small rectangular slices of cheese pizza on a large plate and the edge of a taco visible on the side.,500.00,190.00,0.500
dish_1565117463,caesar salad | cheese pizza,435.31,248.00,"A meal consisting of three slices of cheese pizza and a serving of caesar salad, with a partially visible taco on a separate plate.",770.00,350.00,1.000
dish_1565117892,tuna,132.60,102.00,"A single serving of tuna salad containing visible shreds of carrots, served on a white square plate.",95.00,80.00,1.000
dish_1565117934,chicken breast | tuna,352.32,235.00,A meal consisting of diced chicken breast and a small pile of tuna salad with shredded carrots on a square white plate. A partial view of a side plate with red bell peppers is also visible.,295.00,210.00,1.000
dish_1565117962,chicken breast | bell peppers | tuna,379.92,304.00,"A protein-rich meal consisting of cubed chicken breast, a tuna salad blend with visible shredded carrots, and a small side of sliced bell peppers.",360.00,260.00,1.000
dish_1565118029,chicken breast | cheese pizza | tuna,595.14,453.00,"A plate containing a slice of cheese pizza, a side of tuna salad, and a serving of raw cherry tomatoes and sliced bell peppers.",485.00,375.00,0.400
dish_1565117990,tuna | chicken breast | cheese pizza,582.00,380.00,"A plate containing two slices of cheese pizza, a serving of tuna salad with shredded carrots, and a side of sliced red and green bell peppers.",455.00,270.00,0.500
dish_1565118067,chicken breast | tuna | cheese pizza,623.43,522.00,"A plate containing two slices of cheese pizza, a serving of tuna salad, raw shredded carrots, and sautéed bell peppers.",560.00,360.00,0.400
dish_1565118700,chard | kale,16.66,49.00,A very small portion of cooked vegetables consisting primarily of leafy greens and chopped cooked beets served on a large white plate.,25.00,60.00,0.000
dish_1565118729,beef | millet,435.49,248.00,A small portion of braised beef served alongside a modest serving of sautéed greens and beet stems.,325.00,170.00,0.333
dish_1565118096,chicken breast | tuna | cheese pizza | pineapple,656.43,588.00,"A mixed plate consisting of two small pizza slices, a portion of tuna salad, shredded carrots, raw bell peppers and tomatoes, and fresh pineapple chunks.",650.00,480.00,0.500
dish_1565118999,lettuce | feta cheese,200.39,288.00,"A fresh garden salad composed of mixed greens, cherry tomatoes, kalamata olives, thinly sliced red onion, and crumbled feta cheese, lightly dressed.",147.00,147.00,0.167
dish_1565119418,cheese pizza,324.40,122.00,"Two small, rectangular, cheese-topped pizza slices on a large square white plate.",280.00,100.00,1.000
dish_1565119439,beef | cheese pizza,465.41,189.00,A small meal consisting of two modest slices of cheese pizza and a small side of seared meat on a large plate.,470.00,185.00,0.333
dish_1565118782,beef | millet,557.52,353.00,"A plate consisting of a portion of roast lamb, a side of fresh arugula salad topped with quinoa, and a small side of cooked dark leafy greens with some beetroot pieces.",390.00,250.00,0.000
dish_1565119642,kale | chard,26.52,78.00,"A small portion of cooked, likely sautéed, swiss chard on a large white plate.",45.00,80.00,0.500
dish_1565119464,cheese pizza | beef,504.07,223.00,"A plate containing a portion of cooked meat, a small serving of spinach salad with sun-dried tomatoes, and two small slices of cheesy thin crust pizza.",510.00,240.00,0.667
dish_1565119669,kale | zucchini | chard | chayote squash,55.97,229.00,"A light portion of sauteed yellow squash, zucchini, and dark leafy greens served on a large square plate.",70.00,150.00,0.500
dish_1565119493,beef | cheese pizza,529.14,280.00,"A composed plate consisting of grilled pork, small cheese pizza slices, and two side salads (one spinach-based and one creamy Caesar-style).",555.00,295.00,0.200
dish_1565119698,zucchini | kale | beef | chayote squash,222.24,308.00,"A balanced meal consisting of a small portion of lean beef, roasted summer squash, and sautéed dark leafy greens.",260.00,275.00,0.750
dish_1565123783,cheese pizza,93.06,35.00,A very small fragment of a cheese pizza on a large plate.,55.00,20.00,1.000
dish_1565123816,beef | cheese pizza,250.92,110.00,A very light meal consisting of a small slice of cheese pizza and a small piece of grilled beef on a large plate.,255.00,115.00,1.000
dish_1565119739,beef,396.80,461.00,"A balanced meal consisting of grilled beef, a side of couscous with raisins, steamed/sautéed kale and chard, and sautéed summer squash.",440.00,395.00,0.250
dish_1565123845,cheese pizza | beef,268.66,201.00,"A light meal consisting of a small slice of cheese pizza, a small portion of roasted beef, and a side of roasted summer squash and zucchini.",295.00,230.00,0.667
dish_1565123881,caesar salad | cheese pizza | beef,406.82,515.00,"A plate featuring a caesar salad, a small piece of cheesy pizza bread, a portion of roasted pork, and some roasted zucchini and squash.",610.00,390.00,0.400
dish_1565194684,egg whites,196.56,378.00,"A meal featuring a significant portion of cubed fresh mozzarella cheese on a large plate, accompanied by a smaller side plate containing dried apricots, small chocolate pieces, and a small handful of grapes.",660.00,255.00,0.000
dish_1565194752,sweet potato | egg whites,322.89,510.00,A meal consisting of a large portion of scrambled egg whites paired with a side of roasted sweet potato cubes.,275.00,430.00,1.000
dish_1565194781,sweet potato | carrot | egg whites,351.41,568.00,A meal consisting of a large portion of cooked egg whites served alongside roasted sweet potato chunks.,265.00,350.00,0.667
dish_1565194823,sweet potato | carrot | egg whites | grapes,386.60,619.00,"A meal consisting of scrambled egg whites, roasted sweet potato cubes, and a small serving of red grapes.",280.00,435.00,0.750
dish_1565194852,watermelon | egg whites | sweet potato | grapes | carrot,428.60,759.00,"A balanced plate consisting of scrambled egg whites, roasted sweet potato cubes, fresh watermelon chunks, and a small serving of grapes.",325.00,525.00,0.800
dish_1565195362,sweet potato,98.58,103.00,A small portion of roasted or baked sweet potato chunks served on a white square plate.,115.00,130.00,1.000
dish_1565194906,grapes | watermelon | salsa | carrot | egg whites | sweet potato,451.80,839.00,"A balanced meal consisting of scrambled egg whites topped with a savory sauce, roasted sweet potato cubes, and a side of mixed fresh fruit including watermelon, cantaloupe, and grapes.",310.00,530.00,0.500
dish_1565195398,chicken apple sausage | sweet potato,135.38,126.00,A plate with a small serving of roasted sweet potato cubes and one small meatball.,200.00,190.00,0.333
dish_1565195436,chicken apple sausage | sweet potato | bacon,340.96,164.00,"A small meal consisting of two slices of bacon, a portion of roasted sweet potato cubes, and two thin slices of sausage.",315.00,150.00,1.000
dish_1565195493,sweet potato | chicken apple sausage | bacon | egg whites,407.00,291.00,"A breakfast plate consisting of cooked bacon strips, scrambled egg whites, roasted sweet potato cubes, and a couple of sausage slices.",365.00,295.00,1.000
dish_1565196260,egg whites,74.36,143.00,A serving of bite-sized chunks of white fresh mozzarella cheese served on a white square plate.,175.00,70.00,0.000
dish_1565203015,chicken | brown rice,663.94,397.00,"A stir-fry dish consisting of chicken breast chunks served with small pieces of zucchini and bell pepper, lightly coated in a savory sauce.",220.00,200.00,0.333
dish_1565203094,chicken | pizza,898.02,485.00,A meal consisting of one slice of pizza and a portion of chicken and vegetable stir-fry.,530.00,275.00,1.000
dish_1565204855,brussels sprouts,53.61,105.00,A small portion of roasted Brussels sprouts on a white plate.,55.00,80.00,1.000
dish_1565204891,brussels sprouts | chicken thighs | white rice,302.89,314.00,"A small portion of roasted Brussels sprouts served alongside a stir-fry mixture containing chicken, yellow squash, and rice.",225.00,210.00,0.667
dish_1565204931,chicken thighs | white rice | caesar salad | brussels sprouts,391.33,515.00,A plate featuring a mix of Caesar salad and roasted vegetables including Brussels sprouts and a small portion of grains or mixed cooked vegetables.,610.00,420.00,0.600
dish_1565207631,white rice,64.41,54.00,A very small portion of breaded protein and a few pieces of green beans on a large square plate.,90.00,50.00,0.000
dish_1565207662,white rice | fish | country rice,145.94,128.00,"A small, light meal consisting of a piece of cooked chicken breast, one small savory dumpling/bread item, and a few small pieces of green bean served on a large white plate.",225.00,135.00,0.000
dish_1565207694,white rice | country rice | fish | broccoli,173.79,178.00,A simple meal consisting of a piece of pan-seared chicken breast and a small portion of roasted broccoli.,200.00,175.00,0.250
dish_1565207815,brussels sprouts,40.85,80.00,"A small portion of roasted Brussels sprouts, halved, served on a large white plate.",25.00,60.00,1.000
dish_1565207727,broccoli | white rice | fish | pizza | country rice,314.77,231.00,"A light meal consisting of a few pieces of grilled chicken, a small slice of vegetable pizza, and a small portion of roasted broccoli.",430.00,235.00,0.400
dish_1565207865,brussels sprouts,112.96,129.00,A light meal consisting of a few halves of roasted brussels sprouts and a small side salad with mixed greens and a tomato.,70.00,110.00,0.500
dish_1565207896,brussels sprouts | tofu,298.38,383.00,"A balanced plate featuring a tofu and broccoli stir-fry with brown rice, alongside roasted Brussels sprouts and a small side of mixed greens.",315.00,335.00,0.500
dish_1565208611,brussels sprouts | caesar salad,73.67,157.00,"A small portion of Caesar salad consisting of dressed lettuce, parmesan shavings, and croutons, accompanied by three roasted brussels sprout halves.",185.00,120.00,1.000
dish_1565208562,caesar salad,40.48,92.00,"A very small portion of Caesar salad consisting of romaine lettuce, shaved parmesan, a few croutons, and Caesar dressing.",160.00,61.00,0.250
dish_1565209922,white rice | chicken thighs,201.57,169.00,A small portion of stir-fried chicken and vegetables on a large white plate.,165.00,100.00,0.500
dish_1565208637,chicken thighs | white rice | caesar salad | brussels sprouts,250.19,305.00,"A small portion of caesar salad topped with grilled chicken chunks and croutons, served with three halved roasted brussels sprouts.",380.00,240.00,0.600
dish_1565209963,chicken thighs | white rice | brussels sprouts,244.46,253.00,A modest portion of cooked chicken pieces served with a small side of roasted brussels sprouts on a white square plate.,230.00,170.00,0.667
dish_1565210009,white rice | chicken thighs | brussels sprouts,263.82,290.00,"A light meal consisting of cooked chicken, a few roasted Brussels sprouts, and green beans.",325.00,290.00,0.500
dish_1565210037,brussels sprouts | white rice | pineapple | chicken thighs,291.82,346.00,"A plate featuring a small portion of chopped chicken, roasted broccoli, a side of green beans, and three chunks of pineapple.",350.00,335.00,0.333
dish_1565210073,brussels sprouts | white rice | pineapple | chicken thighs | caesar salad,364.42,511.00,"A varied meal consisting of breaded chicken, Caesar salad, roasted Brussels sprouts, green beans, and fresh pineapple.",685.00,480.00,0.667
dish_1565369938,bacon,167.71,31.00,Two strips of cooked bacon on a white plate.,85.00,16.00,1.000
dish_1565369971,green beans | bacon,221.60,134.00,A simple meal consisting of a small portion of pan-cooked green beans and two strips of fried bacon.,145.00,125.00,1.000
dish_1565378680,,92.42,81.00,"A small portion of cooked pearl couscous served on a large white plate, with minor visible green vegetable pieces mixed in.",140.00,95.00,0.000
dish_1565370004,bacon | scrambled eggs | green beans,570.88,370.00,"A breakfast plate containing scrambled eggs, two strips of bacon, and a serving of green beans.",270.00,245.00,1.000
dish_1565378731,carrot,154.36,207.00,A plate containing a portion of cooked pearl couscous mixed with some spinach and a side of roasted sliced carrots.,195.00,200.00,0.500
dish_1565378770,pork | carrot,319.28,287.00,"A plate containing roasted meat, pearl couscous, and sliced roasted carrots.",420.00,300.00,0.667
dish_1565379251,carrot,32.94,67.00,"A small serving of roasted, sliced carrots on a white plate.",35.00,70.00,1.000
dish_1565379320,pork | sugar | white rice | carrot,404.01,247.00,A plate containing a portion of shredded meat mixed with grains (likely rice) alongside several roasted carrot slices.,285.00,210.00,0.500
dish_1565379377,sugar | caesar salad | carrot | pork,470.01,397.00,"A plate containing roasted meat, a creamy Caesar-style salad, and roasted carrot slices.",470.00,290.00,0.750
dish_1565379827,carrot | rice noodles,150.53,235.00,A light meal consisting of a portion of vegetable stir-fry noodles paired with roasted carrot slices.,230.00,200.00,1.000
dish_1565379788,carrot,49.65,101.00,"A very small portion of sliced, likely sautéed carrots with a minor garnish of herbs or scallions on a large plate.",37.00,73.00,0.500
dish_1565382733,pepperoni pizza,287.64,102.00,A very small portion consisting of two small slices of pepperoni pizza on a large plate.,280.00,95.00,1.000
dish_1565379868,pork | rice noodles | sugar | carrot,560.77,434.00,"A plate containing a serving of stir-fried noodles with vegetables, a portion of glazed pork, and roasted carrots.",700.00,380.00,0.750
dish_1565382762,pepperoni pizza,305.83,139.00,A light meal consisting of two small slices of pepperoni pizza and a few slices of cooked carrots on a large plate.,305.00,165.00,0.500
dish_1565382803,roasted potatoes | pepperoni pizza,359.41,177.00,A small portion of pepperoni pizza served with a side of sliced carrots and roasted potato chunks.,365.00,205.00,0.667
dish_1565382856,pepperoni pizza | tofu | rice noodles | roasted potatoes,446.33,294.00,"A varied plate consisting of two small slices of pepperoni pizza, a small portion of stir-fried noodles, cubes of tofu, and a side of roasted carrots and roasted vegetables.",730.00,370.00,0.600
dish_1565382833,tofu | pepperoni pizza | roasted potatoes,396.64,228.00,"A light meal consisting of two slices of pepperoni pizza, a small portion of tofu cubes, roasted sliced carrots, and a side of mixed roasted vegetables.",560.00,340.00,0.400
dish_1565382886,tofu | roasted potatoes | caesar salad | rice noodles | pepperoni pizza,470.09,348.00,"A varied plate containing two slices of pepperoni pizza, a portion of sautéed cabbage, Asian-style noodles, seared tofu cubes, and roasted carrots and potatoes.",750.00,450.00,0.667
dish_1565382969,spinach (raw),13.11,57.00,"A serving of fresh, raw spinach leaves in a white bowl, appearing plain without dressings or additions.",15.00,50.00,1.000
dish_1565382995,spinach (raw) | cucumbers,23.21,158.00,A light side salad consisting of fresh raw spinach leaves and sliced cucumber in a bowl.,13.00,70.00,1.000
dish_1565383026,spinach (raw) | cucumbers,171.56,287.00,"A light salad bowl primarily composed of Kalamata olives, raw baby spinach, and sliced cucumber wedges.",265.00,205.00,0.667
dish_1565383062,chicken,362.96,403.00,"A fresh bowl of spinach salad topped with diced cooked chicken, cucumber slices, and Kalamata olives.",225.00,225.00,0.250
dish_1565383097,chicken | parmesan cheese,479.25,430.00,"A salad bowl containing spinach, diced grilled chicken, Kalamata olives, shaved Parmesan, and cucumber slices. There is no visible dressing, though oil could be present on the protein or ingredients.",350.00,275.00,0.400
dish_1565383128,parmesan cheese | chicken,600.28,456.00,"A chicken salad with shaved parmesan, kalamata olives, cucumber, and spinach, topped with a balsamic vinaigrette.",380.00,270.00,0.333
dish_1565627751,sweet potato,68.91,72.00,A small serving of roasted sweet potato cubes served on a white square plate.,55.00,65.00,1.000
dish_1565627800,sweet potato | egg whites,167.19,261.00,A simple meal consisting of a small serving of roasted sweet potato cubes alongside a portion of scrambled egg whites.,135.00,235.00,1.000
dish_1565383159,parmesan cheese | chicken,706.36,468.00,"A salad bowl containing grilled chicken, fresh spinach, cucumber, kalamata olives, and shaved parmesan, topped with a vinaigrette dressing.",495.00,325.00,0.400
dish_1565637123,pasta salad,229.71,114.00,"A small portion of a mixed garden salad containing leafy greens and a small amount of macaroni pasta salad, served on a large white plate.",55.00,65.00,1.000
dish_1565637162,pasta salad | pork,581.51,286.00,"A plate featuring a portion of white rice mixed with cooked meat and gravy, alongside a garden salad containing pieces of macaroni pasta.",355.00,270.00,0.333
dish_1565637504,pineapple,28.00,56.00,A small serving of fresh pineapple chunks placed on a large white square plate.,25.00,50.00,1.000
dish_1565637548,pineapple | quinoa,93.44,102.00,A light meal consisting of a small portion of cooked bulgur wheat mixed with vegetables and a side of fresh pineapple chunks.,115.00,135.00,0.333
dish_1565637578,pineapple | quinoa | chicken breast,197.30,168.00,"A small portion of breaded chicken, buckwheat with some vegetables, and pineapple chunks.",300.00,235.00,0.500
dish_1565638287,pork | white rice,357.93,175.00,A small portion of shredded meat served over a base of white rice with some garnish.,230.00,120.00,1.000
dish_1565637608,pork | quinoa | chicken breast | pineapple,422.29,278.00,"A plate featuring a small portion of stir-fried rice with meat and vegetables, a single piece of breaded chicken, and several chunks of fresh pineapple.",405.00,255.00,0.400
dish_1565638323,pork | brown rice,467.82,274.00,"A meal consisting of shredded braised meat served with white rice, small pieces of tempeh, and a few vegetables.",545.00,320.00,0.500
dish_1565638365,pork | brown rice,612.35,389.00,"A balanced meal consisting of a mixed green salad, shredded meat, and a mix of brown rice with tempeh.",425.00,300.00,1.000
dish_1565638478,green beans,47.62,91.00,A serving of cooked asparagus spears on a square white plate with a few small crumbs present.,25.00,90.00,0.000
dish_1565638515,pork | green beans,198.97,165.00,A light meal consisting of a small serving of asparagus and a small portion of shredded seasoned chicken.,110.00,135.00,0.000
dish_1565638550,pork | chicken breast | green beans,277.66,215.00,"A light meal consisting of a small portion of breaded chicken strips, a serving of asparagus spears, and a small pile of shredded chicken or seasoned protein.",200.00,195.00,0.250
dish_1565640195,bell peppers,21.60,54.00,A very small serving of raw sliced red and green bell peppers on a large square white plate.,10.00,35.00,1.000
dish_1565638599,green beans | pork | chicken breast | quinoa,368.70,279.00,"A meal consisting of asparagus, breaded chicken strips, a serving of buckwheat with small vegetable bits, and a separate portion of shredded seasoned meat.",470.00,415.00,0.143
dish_1565640227,bell peppers | pepperoni pizza,334.62,165.00,A meal consisting of two small rectangular pieces of pepperoni pizza and a small side of sautéed bell peppers.,405.00,190.00,1.000
dish_1565640272,bell peppers | pepperoni pizza | cherry tomatoes,377.82,405.00,A meal consisting of two slices of pepperoni pizza served with a side of raw cherry tomatoes and sliced bell peppers.,460.00,280.00,1.000
dish_1565640427,brownies,195.76,42.00,A meal consisting of a small triangular piece of chocolate cake and remnants of pizza on a separate plate.,325.00,105.00,0.000
dish_1565640528,arugula | mangos | tomatoes,38.55,105.00,"A very small portion of mixed garden salad on a large plate, including a few pieces of mango and a single cherry tomato.",20.00,65.00,0.667
dish_1565640365,cherry tomatoes | chicken breast | pepperoni pizza,720.89,623.00,"A mixed plate containing two slices of pepperoni pizza, breaded chicken breast, and a side of fresh vegetables including cherry tomatoes, kalamata olives, asparagus, bell peppers, and artichoke hearts.",735.00,560.00,0.600
dish_1565640549,tomatoes | arugula | mangos,45.48,139.00,"A very light small side salad consisting of mixed greens, three asparagus spears, a slice of cherry tomato, and a few small cubes of fruit.",35.00,100.00,0.500
dish_1565640772,chicken,241.17,191.00,A simple meal consisting of diced chicken breast served over a small bed of mixed leafy salad greens.,125.00,110.00,1.000
dish_1565640601,chicken breast | pork,411.15,333.00,"A meal plate featuring grilled beef chunks mixed with some croutons, a side of fresh green salad with tomatoes and fruit, and a small portion of asparagus.",285.00,225.00,0.000
dish_1565640576,white rice | pork,307.29,267.00,"A light plate containing pork chunks with a small amount of rice, steamed asparagus, a side of mixed greens with tomato/cucumber, and a slice of zucchini.",295.00,280.00,0.667
dish_1565640812,black beans | chicken,297.93,234.00,A simple salad bowl containing a base of mixed greens topped with diced chicken breast and a serving of black beans.,210.00,190.00,1.000
dish_1565640842,chicken | black beans,307.43,329.00,"A light salad composed of mixed greens, cucumber slices, diced grilled chicken breast, and a small portion of black beans.",155.00,225.00,0.667
dish_1565640894,chicken | black beans | parmesan cheese,464.89,422.00,"A fresh salad consisting of mixed greens, sliced cucumbers, Kalamata olives, shaved Parmesan, and small pieces of grilled chicken.",235.00,225.00,0.333
dish_1565640868,black beans | chicken,395.98,406.00,"A light salad bowl containing mixed leafy greens, cucumber slices, kalamata olives, diced chicken breast, and a small portion of black beans, served in a white bowl.",235.00,255.00,0.500
dish_1565641844,cheese pizza,244.63,92.00,A single slice of thin-crust cheese pizza served on a large white plate.,280.00,105.00,1.000
dish_1565640914,black beans | parmesan cheese | chicken,774.29,457.00,"A fresh mixed salad containing greens, sliced cucumbers, Kalamata olives, shaved Parmesan cheese, and a few small croutons.",225.00,208.00,0.167
dish_1565641885,cheese pizza,254.22,139.00,A plate featuring one square-cut piece of cheese pizza and a small portion of cooked asparagus.,255.00,150.00,1.000
dish_1565641915,cheese pizza | quinoa,326.76,190.00,"A plate containing two small square slices of cheese pizza, a side of cooked asparagus, and a portion of cooked brown grains.",510.00,295.00,0.333
dish_1565711083,bacon,178.53,33.00,Two strips of crispy cooked bacon served on a white square plate.,90.00,24.00,1.000
dish_1565641943,cheese pizza | quinoa | chicken breast,510.89,307.00,"A balanced meal consisting of a slice of thin-crust cheese pizza, a small portion of cooked buckwheat, roasted asparagus, and sliced breaded chicken breast.",585.00,340.00,0.500
dish_1565711115,bacon | egg whites,321.53,308.00,A breakfast plate containing scrambled egg whites and two strips of bacon.,175.00,175.00,1.000
dish_1565711154,bacon | granola | egg whites,421.62,385.00,"A breakfast plate containing scrambled egg whites, two strips of cooked bacon, and a small portion of mixed salad greens.",230.00,200.00,0.667
dish_1565711270,cantaloupe,31.62,93.00,A small serving of diced cantaloupe on a white plate.,25.00,75.00,1.000
dish_1565711296,cantaloupe | grapes,43.35,110.00,A small snack plate consisting of a handful of red grapes and small cubed pieces of cantaloupe.,55.00,130.00,1.000
dish_1565711183,bacon | granola | egg whites | brussels sprouts,460.42,461.00,"A breakfast or light meal consisting of scrambled egg whites, roasted Brussels sprouts, two strips of crispy bacon, and a small side of mixed salad greens.",290.00,300.00,0.750
dish_1565711326,yam | cantaloupe | sweet potato,296.09,285.00,"A light meal consisting of a small portion of roasted potatoes, some cubed cantaloupe, and a few red grapes.",185.00,225.00,0.500
dish_1565711358,yam | cantaloupe | sweet potato | egg whites,490.05,658.00,"A breakfast or light meal consisting of scrambled egg whites, roasted potato cubes, diced cantaloupe, and a small cluster of grapes.",290.00,375.00,0.600
dish_1565711453,scrambled eggs,198.32,134.00,A small portion of scrambled eggs served on a white plate.,75.00,55.00,1.000
dish_1565711498,brussels sprouts | scrambled eggs,246.83,229.00,A light meal consisting of a portion of scrambled eggs and roasted Brussels sprouts served on a white plate.,195.00,175.00,1.000
dish_1565711527,brussels sprouts | scrambled eggs | hash browns,484.81,302.00,"A breakfast plate containing scrambled eggs, shredded potato hash browns, and several roasted Brussels sprouts.",350.00,275.00,1.000
dish_1565711570,brussels sprouts | scrambled eggs | hash browns | bacon,603.83,324.00,"A breakfast plate consisting of scrambled eggs, hash browns, strips of bacon, and roasted Brussels sprouts.",570.00,335.00,1.000
dish_1565721800,zucchini | chayote squash,33.35,171.00,A small portion of cooked yellow squash and a single piece of zucchini on a square plate.,33.00,200.00,1.000
dish_1565721828,zucchini | chayote squash | roasted potatoes,129.23,239.00,"A light meal consisting of a small portion of yellow squash, a few pieces of roasted potatoes, and one slice of zucchini.",95.00,210.00,1.000
dish_1565721855,chicken | roasted potatoes,479.03,450.00,"A plate consisting of a portion of roasted chicken, a mix of sautéed summer squash and zucchini, roasted potatoes, and a small serving of lentils.",405.00,350.00,0.500
dish_1565724050,arugula,84.72,72.00,"A very small, light serving of salad greens mixed with a few slivers of raw white onion on a large square plate.",10.00,35.00,0.000
dish_1565724087,chicken | arugula,230.61,160.00,A modest serving of cooked chicken paired with a small side of mixed greens and onion.,190.00,135.00,0.333
dish_1565724196,broccoli,45.68,82.00,A very small portion consisting of three steamed broccoli florets placed on a large plate.,25.00,75.00,1.000
dish_1565724235,chicken | broccoli,256.23,209.00,A light meal consisting of a small portion of cooked chicken breast served with steamed broccoli and a small side of cooked ancient grains.,235.00,225.00,0.667
dish_1565724509,chayote squash | zucchini,30.81,158.00,A small serving of sautéed yellow summer squash and zucchini chunks on a white plate.,35.00,70.00,0.500
dish_1565724269,pizza | chicken | broccoli,527.55,311.00,"A plate containing steamed broccoli, a small piece of chicken served with a grain side, and two small squares of vegetable-topped flatbread or savory tart.",435.00,300.00,0.500
dish_1565724552,zucchini | broccoli | chayote squash,108.80,298.00,"A light meal consisting of steamed broccoli florets and a mix of sautéed yellow squash and zucchini, with a single pecan on the plate.",83.00,176.50,0.500
dish_1565724588,broccoli | roasted potatoes | chayote squash,266.72,410.00,"A plate containing a portion of steamed broccoli alongside roasted yellow squash, zucchini, and roasted potato chunks.",195.00,310.00,1.000
dish_1565725009,,50.60,44.00,A small portion of 11 Kalamata olives in a metal mixing bowl.,55.00,40.00,0.000
dish_1565725047,carrot,77.66,110.00,A small serving of shredded raw carrots in a large stainless steel bowl.,30.00,75.00,1.000
dish_1565724620,broccoli | roasted potatoes | chicken,473.95,535.00,"A balanced meal consisting of a small portion of roasted chicken, steamed broccoli, a mix of roasted squash and zucchini, and roasted potato chunks.",475.00,500.00,0.750
dish_1565725071,carrot | bell peppers,109.66,190.00,A small portion of raw salad consisting primarily of shredded carrots and sliced green and red bell peppers in a large metal bowl.,45.00,125.00,1.000
dish_1565725095,cherry tomatoes | carrot | bell peppers,121.72,257.00,"A raw vegetable salad in a metal bowl containing cherry tomatoes, shredded carrots, and green bell pepper slices.",40.00,165.00,1.000
dish_1565725123,bell peppers | carrot | chicken,430.27,444.00,"A simple meal consisting of diced chicken breast, cherry tomatoes, sliced green bell peppers, and shredded carrots in a stainless steel bowl.",210.00,290.00,0.750
dish_1565725156,carrot | bell peppers | chicken,452.67,500.00,"A mix of diced cooked chicken breast, thinly sliced red onion, and cherry tomatoes in a stainless steel mixing bowl, with small amounts of shredded vegetables at the base.",215.00,245.00,0.400
dish_1565725188,bell peppers | chicken | parmesan cheese,543.12,521.00,"A salad containing sliced red onions, cherry tomatoes, shredded carrots, cubed grilled chicken, and a generous topping of shaved Parmesan cheese in a metal bowl.",230.00,190.00,0.333
dish_1565726812,broccoli,36.21,65.00,A very small portion of cooked broccoli on a white plate,15.00,45.00,1.000
dish_1565725244,parmesan cheese | chicken | bell peppers | caesar dressing,573.55,590.00,"A salad base consisting of chicken, shaved parmesan, red onion, cherry tomatoes, and mixed vegetables, topped with a generous portion of creamy dressing.",680.00,400.00,0.500
dish_1565726848,broccoli | arugula,102.11,121.00,A small portion of mixed green salad with a few pieces of steamed broccoli and a small amount of dried cranberries.,50.00,110.00,0.500
dish_1565726887,roasted potatoes | arugula | broccoli,174.02,172.00,"A small serving of roasted potatoes, steamed broccoli, and a light mixed greens salad garnished with pecan pieces.",155.00,179.00,0.750
dish_1565726915,roasted potatoes | squash | broccoli,196.88,251.00,"A light meal featuring roasted vegetables, potatoes, a small side salad with pecans, and broccoli florets.",215.00,310.00,0.750
dish_1565727738,,2.52,9.00,A simple bowl of fresh mixed salad greens without visible dressing or additives.,10.00,40.00,
dish_1565726949,roasted potatoes | beef,451.55,372.00,"A balanced meal consisting of sliced pan-seared steak, roasted yellow squash and zucchini, roasted potatoes, and a serving of mixed green salad with broccoli florets.",440.00,370.00,0.500
dish_1565727765,broccoli,26.32,77.00,A light meal consisting of a small portion of mixed salad greens topped with several broccoli florets.,35.00,105.00,1.000
dish_1565727791,broccoli | parmesan cheese,121.07,99.00,"A light salad bowl containing mixed greens, broccoli florets, and shaved Parmesan cheese.",120.00,150.00,1.000
dish_1565727821,parmesan cheese | chicken | broccoli,281.12,196.00,"A light salad composed of mixed greens, a small portion of diced chicken breast, a few broccoli florets, and a light sprinkling of parmesan cheese.",170.00,195.00,1.000
dish_1565727851,broccoli | parmesan cheese | chicken,406.47,305.00,"A salad in a medium-sized bowl containing mixed greens, diced chicken, broccoli florets, kalamata olives, and shaved parmesan cheese.",255.00,235.00,0.750
dish_1565727875,parmesan cheese | black beans | chicken,485.67,365.00,"A healthy bowl containing black beans, kalamata olives, diced tofu, steamed broccoli, and mixed leafy greens.",290.00,290.00,0.167
dish_1565728388,cheese pizza,124.97,47.00,"A single slice of cheese pizza on a large, mostly empty square white plate.",280.00,100.00,1.000
dish_1565727921,black beans | chicken | parmesan cheese,768.55,397.00,"A fresh bowl containing mixed greens topped with black beans, kalamata olives, steamed broccoli, and cubed tofu.",305.00,300.00,0.167
dish_1565728415,cheese pizza | beef,194.43,80.00,A very small portion of food consisting of one small slice of cheesy pizza and a small piece of cooked meat on a large white plate.,230.00,100.00,1.000
dish_1565728453,beef | cheese pizza | chicken,293.90,140.00,"A light meal consisting of a small piece of cheesy bread, a small portion of cooked beef, and one chicken drumstick served on a large white plate.",345.00,175.00,0.500
dish_1565728494,roasted potatoes | chicken | beef | cheese pizza,326.33,163.00,"A plate containing a small selection of mixed items: a slice of cheesy bread, a piece of beef, a chicken drumstick, and a few small potato pieces.",385.00,195.00,0.600
dish_1565728562,beef | chicken | roasted potatoes | cheese pizza | squash,354.98,262.00,"A plate containing a variety of items: one small slice of pizza, a piece of meat, a chicken drumstick, and a small assortment of roasted summer vegetables and potatoes.",540.00,370.00,1.000
dish_1565728591,squash | beef | chicken | cheese pizza | roasted potatoes | broccoli,388.41,322.00,"A dinner plate featuring a small portion of roasted vegetables (broccoli and squash/zucchini), a single chicken drumstick, a piece of braised meat, and a small slice of cheesy bread.",450.00,365.00,0.375
dish_1565728634,chicken | beef | roasted potatoes | cheese pizza | pineapple,436.41,418.00,"A plate containing a roasted chicken drumstick, a piece of meat topped with melted cheese, steamed broccoli, sautéed zucchini/squash, and pineapple chunks.",490.00,390.00,0.429
dish_1565797645,watermelon,21.00,70.00,A very small serving of diced watermelon on a large white plate.,11.00,38.00,1.000
dish_1565728684,cheese pizza | beef | chicken | roasted potatoes | pineapple,493.30,464.00,"A plate featuring a mix of roasted vegetables (broccoli, squash, zucchini, pineapple), a fresh green salad, a piece of chicken, a small portion of roasted meat, and a toasted bread slice with cheese.",480.00,420.00,0.375
dish_1565797671,watermelon,39.24,102.00,"A small snack plate containing a few pieces of cut watermelon, fresh strawberries, and a small handful of blueberries.",28.00,87.00,1.000
dish_1565797699,granola | watermelon,128.93,171.00,"A light plate consisting of fresh fruit (watermelon, strawberries, blueberries, one blackberry) and a small serving of mixed salad greens.",56.00,165.00,0.500
dish_1565797723,scrambled eggs | granola | watermelon,202.93,221.00,"A light meal featuring a small portion of scrambled eggs, a side salad with some mixed berries, and cubed watermelon.",170.00,260.00,0.667
dish_1565798531,cherry tomatoes | lettuce | lime | onions | cucumbers,61.58,61.00,"A small portion of green salad consisting primarily of spinach, shredded carrots, a few slices of cucumber, and one cherry tomato, lightly dressed.",48.00,68.00,0.286
dish_1565798558,broccoli,88.32,109.00,"A light side meal consisting of steamed broccoli florets and a small mixed vegetable salad with spinach, shredded carrots, cucumber slices, and a cherry tomato.",45.00,160.00,0.500
dish_1565798591,egg whites | broccoli,148.12,224.00,"A light meal consisting of steamed broccoli, cooked egg whites, and a small mixed salad.",105.00,300.00,1.000
dish_1565799507,sweet potato,74.65,78.00,A small serving of roasted sweet potato cubes served on a white square plate.,85.00,95.00,1.000
dish_1565798617,egg whites | broccoli,197.71,311.00,"A light, healthy meal consisting of scrambled egg whites, a side of green salad, steamed broccoli, and fresh mixed berries.",140.00,375.00,0.667
dish_1565799565,sweet potato | egg whites,240.01,396.00,A meal consisting of a large portion of scrambled egg whites and a smaller side of roasted sweet potato cubes.,215.00,330.00,1.000
dish_1565799597,egg whites | watermelon | sweet potato,258.31,457.00,"A light meal consisting of a large portion of scrambled egg whites, a modest serving of roasted sweet potato cubes, and a small side of diced watermelon.",190.00,285.00,1.000
dish_1565799617,egg whites | watermelon | sweet potato,294.22,520.00,"A breakfast or meal consisting of a large portion of scrambled egg whites, a side of roasted sweet potato cubes, and a small fruit salad of watermelon and blueberries.",290.00,460.00,1.000
dish_1565808943,cherry tomatoes,13.32,74.00,A small portion of 7 raw grape tomatoes in a large stainless steel mixing bowl.,20.00,65.00,1.000
dish_1565799663,salsa | watermelon | egg whites | sweet potato,314.81,591.00,"A plate featuring scrambled egg whites and roasted sweet potatoes topped with salsa verde, served with a side of blueberries, strawberries, and watermelon.",245.00,470.00,1.000
dish_1565808975,cherry tomatoes | onions,35.72,130.00,A small amount of raw red onion slices and five cherry tomatoes in a metal mixing bowl.,32.00,120.00,1.000
dish_1565809033,bell peppers | onions | tuna,341.42,433.00,"A tuna salad mixture in a metal bowl containing canned tuna, diced red onion, bell pepper, and celery.",305.00,345.00,0.750
dish_1565809080,onions | tuna | carrot | bell peppers,362.74,485.00,"A metal bowl containing a tuna salad mixture topped with a generous portion of shredded carrots, mixed with small amounts of diced celery and red onion.",325.00,345.00,0.750
dish_1565810146,arugula,36.45,29.00,A small portion of raw arugula on a white plate.,5.00,20.00,1.000
dish_1565809120,bell peppers | onions | tuna | carrot,365.63,502.00,A metal mixing bowl containing a tuna salad base mixed with visible chopped vegetables and topped with a generous portion of shredded carrots.,305.00,335.00,0.750
dish_1565810205,tofu,126.97,153.00,A light meal consisting of a side of fresh arugula greens served alongside a small portion of vegetable stir-fried brown rice containing various sliced vegetables.,290.00,215.00,0.000
dish_1565810969,spinach (raw),4.60,20.00,"A small serving of fresh, raw baby spinach leaves in a white bowl.",8.50,35.00,1.000
dish_1565810237,tofu | chicken thighs,349.87,306.00,"A balanced meal consisting of a portion of arugula, a mixture of brown rice with various vegetables, and sautéed chicken strips with peppers and onions.",475.00,330.00,0.250
dish_1565811000,chicken,342.85,225.00,"A simple meal consisting of a bed of fresh raw spinach topped with diced, cooked chicken breast.",180.00,160.00,0.500
dish_1565811025,chicken | broccoli,361.05,277.00,A simple meal consisting of a base of fresh baby spinach topped with diced cooked chicken breast and several broccoli florets.,180.00,240.00,0.667
dish_1565811061,chicken | carrot,380.32,324.00,"A light, healthy bowl containing fresh spinach, shredded carrots, broccoli florets, and diced chicken breast.",180.00,285.00,0.500
dish_1565811091,chicken | goat cheese,504.40,371.00,"A bowl containing a fresh vegetable salad with spinach, carrots, broccoli, crumbled feta cheese, and diced chicken breast.",290.00,360.00,0.400
dish_1565811287,bok choy,16.51,127.00,A small portion of cooked green bok choy served on a white square plate.,15.00,115.00,1.000
dish_1565811139,goat cheese | chicken,902.20,416.00,"A salad bowl containing spinach, shredded carrots, broccoli florets, crumbled feta cheese, and diced chicken breast.",220.00,275.00,0.400
dish_1565811335,bok choy,121.48,219.00,A small portion of steamed bok choy served alongside a scoop of buckwheat with visible vegetable bits and a small piece of roasted butternut squash.,170.00,300.00,0.333
dish_1565811390,salmon | bok choy,205.09,266.00,"A plate containing a serving of sautéed bok choy, cooked whole grains, and a few small pieces of cooked salmon.",270.00,270.00,0.667
dish_1565811529,spinach (raw),116.84,104.00,"A small serving of fresh garden salad consisting of mixed salad greens, thin slices of watermelon radish, and shredded carrots on a large white plate.",20.00,60.00,0.000
dish_1565811423,salmon | bok choy | chicken thighs,240.06,290.00,"A balanced meal consisting of sautéed bok choy, cooked lentils with mixed vegetables, and pieces of cooked chicken breast.",275.00,340.00,0.500
dish_1565811588,chicken thighs,348.48,263.00,"A light meal consisting of a side of mixed greens garnished with raw watermelon radish and a portion of cooked, possibly stir-fried vegetables and protein.",135.00,160.00,0.000
dish_1565812116,arugula,44.44,36.00,"A very small portion of arugula salad with small pieces of bacon and chopped nuts, likely tossed in a light dressing.",85.00,49.00,0.333
dish_1565812146,arugula | pineapple,72.94,93.00,A light snack consisting of a small serving of fresh arugula topped with pineapple chunks and a few raisins on a large square plate.,45.00,74.00,0.667
dish_1565812186,chicken thighs | pineapple,324.98,266.00,"A light meal consisting of a portion of shredded, likely sauced, chicken served alongside fresh arugula and a few pieces of fresh pineapple.",205.00,175.00,1.000
dish_1565813386,tofu,113.88,156.00,A small serving of stir-fried brown rice with cubed tofu on a large plate.,215.00,150.00,0.500
dish_1565884692,egg whites,212.16,408.00,A serving of fresh mozzarella cheese chunks on a white square plate.,250.00,100.00,0.000
dish_1565813414,tofu,139.72,179.00,"A light, small portion of stir-fried brown rice with tofu cubes, garnished with a small side of mixed salad greens and radish on a large square plate.",255.00,170.00,0.500
dish_1565813446,tofu,202.68,230.00,A light meal consisting of a side of fresh mixed greens and a portion of stir-fried tofu with brown rice.,305.00,230.00,0.500
dish_1565884738,watermelon | egg whites,228.66,463.00,A plate containing a large portion of chopped fresh mozzarella cheese with a few small cubes of watermelon on the side.,375.00,180.00,0.333
dish_1565884766,waffles | egg whites,469.61,546.00,"A light breakfast consisting of a small portion of cubed watermelon, a side of scrambled egg whites, and half a toasted waffle.",265.00,265.00,0.667
dish_1565894858,cookies,132.84,27.00,A single chocolate chip cookie served on a large white square plate.,140.00,30.00,0.000
dish_1565884833,egg whites | waffles | salsa,497.74,643.00,"A breakfast plate containing hard-boiled egg whites topped with salsa verde, served with two waffle quarters and a small side of diced watermelon.",290.00,320.00,0.750
dish_1565894889,cheese pizza | cookies,257.81,74.00,A simple snack consisting of one small toasted cheese wrap and a single chocolate chip cookie.,300.00,95.00,0.333
dish_1565894910,pizza | cheese pizza | cookies,537.11,179.00,A meal consisting of two pieces of pizza and a single chocolate chip cookie on a white plate.,700.00,230.00,0.250
dish_1565895808,green beans,51.80,99.00,A serving of cooked green beans on a white plate.,55.00,150.00,1.000
dish_1565895879,kale | chard | green beans,96.68,231.00,"A light meal consisting of sautéed green beans and a portion of dark, leafy greens.",125.00,200.00,0.250
dish_1565895966,kale | green beans | chard | beef,214.54,287.00,"A light meal consisting of grilled steak, sautéed green beans, and leafy greens.",285.00,295.00,0.400
dish_1565896662,chard | kale,19.38,57.00,A small portion of cooked Swiss chard on a large plate.,18.00,50.00,0.500
dish_1565896701,chard | kale | lime | garlic | cauliflower,294.47,184.00,A small portion of steak strips served with sautéed rainbow chard on a large plate.,120.00,130.00,0.200
dish_1565896039,kale | quinoa | green beans | beef,352.53,384.00,"A balanced meal consisting of a small portion of cooked salmon, sauteed green beans, cooked quinoa, and dark leafy greens.",320.00,370.00,0.400
dish_1565896745,arugula | garlic | walnuts | cauliflower | chard | kale | lime,368.54,244.00,"A light meal consisting of a small portion of grilled beef strips served alongside a generous side of fresh arugula, rainbow chard, and thinly sliced radish.",180.00,135.00,0.125
dish_1565897569,cauliflower | garlic | lime,324.91,150.00,"A very small portion consisting of a mixture of cooked quinoa, greens, and small pieces of meat or protein served on a large white square plate.",100.00,75.00,0.000
dish_1565897617,green beans,356.83,211.00,A light meal consisting of a portion of sautéed green beans alongside a mixture of leafy greens and potentially diced meat or grain-based hash.,195.00,200.00,0.500
dish_1565897680,blue cheese | walnuts,770.45,405.00,"A light meal consisting of a mixed green salad with cherry tomatoes, steamed long green beans, and a portion of cooked grains mixed with vegetables.",185.00,240.00,0.000
dish_1565898128,salmon | brown rice,209.03,134.00,A small portion of cooked white fish served with a side of brown rice.,160.00,135.00,0.333
dish_1565898158,salmon | green beans | brown rice,240.43,194.00,"A balanced meal consisting of a piece of pan-seared white fish, a small serving of brown rice, and a side of sauteed green beans.",230.00,225.00,0.500
dish_1565898193,brown rice | green beans | salmon,291.91,268.00,"A balanced meal consisting of a white fish fillet, sautéed long beans, a small portion of brown rice, and a side of mixed greens.",225.00,280.00,0.500
dish_1565898230,beef | salmon,780.20,500.00,"A varied plate consisting of a portion of white fish over rice, sautéed green beans, a side of mixed salad greens, and a serving of seared meat pieces.",445.00,350.00,0.000
dish_1565898331,salmon | brown rice,155.99,100.00,"A very small portion of cooked brown rice, fresh spinach, and a small amount of hidden protein or dense vegetable on a large white plate.",57.00,50.00,0.250
dish_1565898361,beef | salmon,370.67,202.00,"A plate containing a small serving of stir-fried beef with brown rice and spinach, accompanied by a side dish of black olives, cherry tomatoes, and shredded carrots.",300.00,260.00,0.200
dish_1565898432,salmon | beef,450.22,282.00,"A meal consisting of a main dish of ground meat and rice, a large salad with greens, green beans, olives, cherry tomatoes, and shredded carrots on the side.",325.00,320.00,0.000
dish_1565898402,salmon | beef,384.80,229.00,"A plate featuring small portions of seasoned beef, green beans, and a brown rice/spinach mixture, accompanied by a side plate of black olives, cherry tomatoes, and grated carrots.",345.00,335.00,0.167
dish_1565898489,,46.00,40.00,"A meal consisting of a serving of white fish, green beans, cherry tomatoes, and a small portion of kalamata olives.",235.00,240.00,0.000
dish_1565898511,cherry tomatoes,57.16,102.00,A light snack consisting of 10 cherry tomatoes and 9 kalamata olives served on a white square plate.,85.00,175.00,0.500
dish_1565898544,cherry tomatoes | salmon | brown rice,181.95,182.00,"A light meal consisting of a small portion of cooked white fish, a handful of cherry tomatoes, and a small serving of kalamata olives.",165.00,225.00,0.200
dish_1565898590,salmon | cherry tomatoes | carrot | brown rice,212.70,257.00,"A light meal consisting of a small portion of white fish, shredded carrots, cherry tomatoes, and black olives, accompanied by a side of green beans.",155.00,265.00,0.333
dish_1565898659,tuna | salmon | carrot,576.70,537.00,"A light meal consisting of a tuna salad serving accompanied by shredded carrots, cherry tomatoes, kalamata olives, and a portion of hard-boiled egg.",350.00,360.00,0.333
dish_1565898723,tuna | salmon | carrot,603.39,588.00,"A plate consisting of tuna salad, steamed green beans, shredded raw carrots, cherry tomatoes, kalamata olives, and a small piece of cooked white fish.",430.00,525.00,0.286
dish_1565972363,egg whites,289.64,557.00,"A plate filled with chunks of fresh, white, soft cheese.",385.00,175.00,0.000
dish_1565898758,tuna | carrot | salmon,612.99,612.00,"A varied plate consisting of a tuna salad, a small piece of white fish, shredded carrots, green beans, cherry tomatoes, and kalamata olives, topped with sliced red onion.",460.00,510.00,0.250
dish_1565972384,sweet potato | egg whites,432.24,706.00,A plate containing a portion of roasted potato chunks alongside a substantial amount of fresh mozzarella cheese pieces.,660.00,340.00,0.333
dish_1565972429,egg whites | sweet potato | salsa,468.49,831.00,"A plate consisting of chunks of roasted potatoes and fresh white cheese, drizzled with a green salsa verde.",560.00,390.00,0.500
dish_1565972628,chicken apple sausage | scrambled eggs,545.96,359.00,A simple breakfast plate consisting of roughly 3 large eggs scrambled and approximately 110 grams of sliced pork sausage links.,490.00,260.00,1.000
dish_1565972591,chicken apple sausage,195.20,122.00,A small portion of sliced breakfast sausages with a few tiny scattered pieces of scrambled egg on a white plate.,180.00,70.00,0.500
dish_1565972674,scrambled eggs | chicken apple sausage,613.59,426.00,"A plate containing scrambled eggs, sliced breakfast sausages, and a side of spinach and shredded carrots.",530.00,310.00,0.667
dish_1565972715,scrambled eggs | chicken apple sausage,657.55,510.00,"A plate containing scrambled eggs, sliced breakfast sausage, cooked green beans, and a side of spinach with shredded carrots.",720.00,470.00,0.500
dish_1565974375,bacon,459.85,85.00,A small portion of crisp-cooked bacon slices on a white plate.,220.00,45.00,1.000
dish_1565981769,carrot,23.10,47.00,A very small serving consisting of a few pieces of roasted root vegetables on a large white plate.,45.00,50.00,0.000
dish_1565974409,chicken apple sausage | bacon,688.65,228.00,A breakfast plate containing several strips of crispy pan-fried bacon and sliced pork breakfast sausages.,460.00,145.00,1.000
dish_1565981802,carrot | tofu,99.75,152.00,A small portion of stir-fried tofu with carrots and a few roasted root vegetable slices on a large plate.,120.00,145.00,0.667
dish_1565984245,carrot,38.34,78.00,"A small portion of sliced carrots on a large plate, accompanied by a small non-food object.",25.00,62.00,0.500
dish_1565981848,carrot | tofu | fish,147.41,198.00,"A light meal featuring a small piece of fish topped with buckwheat, accompanied by a small serving of stir-fried tofu and carrots, and a side of roasted root vegetables.",285.00,215.00,0.500
dish_1565981898,fish | tofu | arugula | carrot,260.98,290.00,"A light meal featuring a large portion of arugula salad, a side of tofu cubes with sliced carrots, and a small garnish of roasted beets and grains.",225.00,230.00,0.400
dish_1565984299,carrot | cauliflower,93.34,298.00,A light portion of steamed cauliflower florets and sliced carrots served on a square white plate.,45.00,140.00,1.000
dish_1565984345,cauliflower | ground turkey | carrot,210.36,353.00,"A plate containing steamed cauliflower, sliced cooked carrots, and a small portion of a ground meat-based item.",215.00,335.00,0.500
dish_1565986702,fish,211.34,204.00,A small portion of pan-seared fish served with a few spinach leaves and scattered cooked lentils on a large plate.,175.00,120.00,0.333
dish_1565986733,ground turkey | fish,387.93,287.00,A light portion of pan-seared fish fillets served with a garnish of wilted spinach and scattered cooked lentils.,210.00,150.00,0.250
dish_1565987015,spinach (raw),14.72,64.00,A serving of raw baby spinach leaves in a white oval bowl.,15.00,60.00,1.000
dish_1565984434,quinoa | ground turkey | cauliflower | carrot,319.89,430.00,"A balanced meal consisting of roasted carrot slices, steamed cauliflower florets, a serving of cooked buckwheat, and a small patty of meat or vegetable-based mixture.",325.00,355.00,0.333
dish_1565987054,spinach (raw) | chicken,260.57,213.00,A simple meal consisting of a bed of fresh baby spinach topped with a serving of diced cooked chicken breast.,180.00,160.00,1.000
dish_1565987081,spinach (raw) | chicken,268.07,288.00,"A light salad consisting of fresh spinach, sliced cucumbers, and bite-sized pieces of grilled chicken breast served in a white bowl.",183.00,190.00,0.667
dish_1565987116,chicken,393.42,397.00,"A fresh salad consisting of a bed of baby spinach topped with chopped grilled chicken, fresh cucumber slices, and a generous portion of kalamata olives.",265.00,255.00,0.250
dish_1565987142,parmesan cheese | chicken,518.32,426.00,"A fresh mixed salad consisting of a spinach base topped with grilled chicken pieces, sliced cucumbers, Kalamata olives, and generous shavings of parmesan cheese.",325.00,245.00,0.400
dish_1565987269,cheese pizza,119.65,45.00,A single small slice of cheese pizza served on a large white square plate.,115.00,45.00,1.000
dish_1565987201,parmesan cheese | caesar dressing | chicken,560.66,522.00,"A salad composed of baby spinach, sliced cucumbers, kalamata olives, pieces of grilled chicken, topped with shaved parmesan and a creamy dressing.",440.00,250.00,0.333
dish_1565987298,ground turkey | cheese pizza,211.14,88.00,A small snack-sized portion consisting of one slice of thin-crust cheese pizza and one small piece of meatloaf.,300.00,130.00,0.333
dish_1566316496,bell peppers,121.10,64.00,"A very small serving of garden salad consisting mostly of raw baby spinach with a light garnish of shredded carrots and a small slice of tomato, served on a large white plate.",12.00,35.00,0.000
dish_1566316525,bacon,223.89,83.00,A light meal consisting of a small portion of spinach salad with shredded carrots and two strips of cooked bacon on a large white plate.,110.00,80.00,0.500
dish_1566316558,scrambled eggs | bacon,490.29,263.00,"A breakfast plate containing scrambled eggs, two strips of bacon, and a small portion of spinach and carrot salad.",335.00,220.00,0.667
dish_1566316587,bacon | scrambled eggs | hash browns,646.77,311.00,"A breakfast plate containing scrambled eggs, two strips of bacon, shredded potato hash browns, and a small side salad of spinach and shredded carrots.",530.00,325.00,0.750
dish_1566316681,sweet potato,116.76,122.00,A small portion of pan-seared or baked tofu cubes on a white square plate.,85.00,60.00,0.000
dish_1566316726,egg whites | sweet potato,409.52,685.00,A simple meal consisting of a generous portion of plain scrambled egg whites alongside a smaller portion of roasted or pan-browned potato cubes.,255.00,310.00,1.000
dish_1566316612,hash browns | bacon | scrambled eggs,665.24,367.00,"A breakfast plate containing scrambled eggs, two strips of bacon, a portion of shredded hash browns, sautéed eggplant, and a side of spinach salad.",530.00,370.00,0.600
dish_1566316757,sweet potato | egg whites | salsa,448.38,819.00,A plate of cubed panela cheese topped with a generous amount of salsa verde.,420.00,230.00,0.250
dish_1566317711,oatmeal,123.76,182.00,A breakfast meal consisting of a bowl of cooked oatmeal and two separate side bowls containing fresh raspberries and blackberries.,250.00,410.00,1.000
dish_1566317742,oatmeal,154.72,254.00,"A breakfast meal consisting of a bowl of cooked oatmeal topped with blackberries, alongside a separate bowl of assorted red berries.",215.00,315.00,1.000
dish_1566317775,oatmeal,237.40,410.00,A small white bowl containing a base of oatmeal topped with a generous portion of fresh raspberries.,155.00,220.00,1.000
dish_1566317801,brown sugar | oatmeal,275.40,420.00,A bowl of oatmeal topped with fresh raspberries and a generous sprinkling of brown sugar.,262.00,315.00,1.000
dish_1566328724,chicken,275.55,167.00,"A serving of plain, diced cooked chicken breast on a square white plate.",165.00,100.00,1.000
dish_1566328745,chicken,282.03,203.00,"A simple meal consisting of a pile of diced, cooked chicken breast alongside a small portion of fresh grape tomatoes.",185.00,175.00,0.500
dish_1566328776,chicken | pizza,901.81,436.00,"A plate containing four small rectangular slices of Hawaiian pizza, a serving of diced chicken breast, and five cherry tomatoes.",715.00,415.00,0.667
dish_1566328831,pizza | chicken,941.61,500.00,"A mixed plate consisting of four rectangular slices of ham and pineapple pizza, a generous portion of diced chicken breast, fresh pineapple chunks, cherry tomatoes, and kalamata olives.",925.00,610.00,0.400
dish_1566328894,cheese pizza,236.65,89.00,"A single small, thin-crust cheese pizza slice served on a large white plate.",165.00,60.00,1.000
dish_1566328929,beef | cheese pizza,396.61,165.00,A meal consisting of one slice of cheese pizza and several thin slices of cooked steak.,490.00,225.00,1.000
dish_1566328805,pizza | chicken,927.81,488.00,"A mixed plate containing four rectangular slices of Hawaiian pizza, a generous portion of diced chicken breast, fresh pineapple chunks, and five cherry tomatoes.",850.00,590.00,0.500
dish_1566328988,beef | fried rice | chicken | cheese pizza,747.75,398.00,"A mixed plate containing a slice of cheese pizza, a piece of chicken, sliced steak, and a serving of yellow seasoned rice.",800.00,385.00,0.750
dish_1566329021,beef | cheese pizza | chicken | fried rice,792.68,486.00,"A varied plate containing a slice of cheese pizza, a piece of chicken breast, several strips of steak, roasted brussels sprouts, and a portion of seasoned yellow rice.",1040.00,505.00,0.600
dish_1566328961,cheese pizza | millet | beef | chicken,605.82,308.00,"A plate containing a mixture of leftovers including a slice of pizza, pieces of grilled chicken, and sliced beef steak.",655.00,305.00,0.750
dish_1566329049,beef | chicken | cheese pizza | fried rice,814.93,575.00,"A varied plate consisting of a slice of pizza, stuffed chicken, yellow seasoned rice, sliced steak, roasted Brussels sprouts, and cauliflower.",1010.00,640.00,0.500
dish_1566329203,cauliflower,94.25,377.00,A serving of cooked cauliflower florets on a white square plate.,55.00,220.00,1.000
dish_1566329234,cauliflower | beef,262.63,457.00,A meal consisting of a significant portion of steamed cauliflower florets accompanied by three small seasoned meat patties.,295.00,310.00,0.333
dish_1566329257,tofu | beef | cauliflower,321.03,537.00,"A plate containing a significant portion of steamed cauliflower, a small serving of tofu cubes, and two slices of seasoned meat.",255.00,320.00,0.500
dish_1566330399,millet | beef,265.19,126.00,"A small portion of braised, cooked meat accompanied by a single green leaf garnish.",282.00,135.00,0.333
dish_1566330428,beef | millet | cauliflower,290.69,228.00,A simple meal consisting of a portion of cooked steak and steamed cauliflower florets.,275.00,230.00,0.333
dish_1566330466,beef | fried rice | cauliflower,377.43,283.00,"A balanced meal consisting of slices of grilled steak, steamed cauliflower florets, and a portion of yellow seasoned rice.",490.00,360.00,0.667
dish_1566331801,chicken | millet,296.99,203.00,A small remaining piece of breaded chicken topped with tomato sauce on a white plate.,165.00,85.00,0.500
dish_1566331828,chicken | millet | brussels sprouts,349.58,306.00,A plate containing a portion of cooked chicken breast covered in a tomato-based sauce alongside roasted Brussels sprouts.,325.00,230.00,0.667
dish_1566331868,brussels sprouts | millet | chicken | fried rice,453.67,372.00,"A dinner plate featuring chicken in a tomato-based sauce, a serving of yellow rice, and roasted Brussels sprouts.",475.00,330.00,0.750
dish_1566332040,spinach (raw),14.95,65.00,"A bowl containing a moderate portion of fresh, raw baby spinach leaves.",15.00,60.00,1.000
dish_1566331914,chicken | fried rice | brussels sprouts | millet,589.50,481.00,"A balanced meal consisting of chicken with tomato sauce, turmeric-infused rice, roasted brussels sprouts, and a portion of green salad.",505.00,410.00,0.750
dish_1566332085,spinach (raw) | cucumbers,24.75,163.00,A light salad consisting of fresh baby spinach leaves and sliced cucumbers served in a shallow white bowl.,27.00,140.00,1.000
dish_1566332116,spinach (raw) | cucumbers,153.55,275.00,"A light salad composed of fresh baby spinach, sliced cucumbers, and a significant portion of kalamata olives served in a white bowl.",135.00,175.00,0.667
dish_1566332154,chicken,401.05,425.00,"A light salad consisting of a bed of fresh spinach topped with diced cooked chicken breast, kalamata olives, and cucumber slices.",270.00,250.00,0.250
dish_1566332193,avocado | chicken,527.45,504.00,"A salad bowl consisting of fresh spinach, diced cooked chicken breast, sliced avocado, and kalamata olives.",350.00,275.00,0.500
dish_1566333118,cheese pizza,239.31,90.00,"Two small, rectangular slices of cheese pizza on a large white plate.",240.00,90.00,1.000
dish_1566332268,chicken | avocado | caesar dressing,567.58,595.00,"A chicken and vegetable salad with spinach, avocado, olives, and cucumber, topped with a creamy white dressing.",555.00,375.00,0.333
dish_1566333167,beef | cheese pizza,344.54,140.00,A light meal consisting of two small rectangular slices of cheese pizza and a single piece of meat or meatball on a large white plate.,470.00,175.00,0.333
dish_1566333194,cheese pizza | beef | chicken,461.59,220.00,"A light meal consisting of two slices of cheese pizza, a single roasted chicken drumstick, and a small portion of cooked seasoned meat served on a large white plate.",490.00,225.00,0.500
dish_1566333228,beef | caesar salad | chicken | cheese pizza,498.55,304.00,"A varied meal consisting of two pieces of cheese pizza, a roasted chicken leg, and a portion of dressed Caesar salad.",790.00,360.00,0.750
dish_1566333255,caesar salad | cheese pizza | chicken | beef,515.55,372.00,"A meal consisting of two small slices of cheese pizza, a chicken drumstick with sauce, a serving of Caesar salad, and steamed cauliflower.",835.00,480.00,0.600
dish_1566333291,caesar salad | brussels sprouts | beef | chicken | cheese pizza,549.76,439.00,"A mixed plate containing two rectangular pieces of cheese pizza, a small piece of sauced chicken, Caesar salad, steamed cauliflower, and roasted Brussels sprouts.",855.00,495.00,0.667
dish_1566402041,egg whites,231.92,446.00,A serving of scrambled egg whites on a square white plate.,85.00,150.00,1.000
dish_1566333324,cheese pizza | caesar salad | chicken | beef | fried rice,608.10,476.00,"A mixed-plate meal featuring thin-crust cheese pizza, roasted chicken, Caesar salad, steamed cauliflower, yellow seasoned rice, and roasted Brussels sprouts.",1085.00,620.00,0.571
dish_1566402095,sweet potato | yam | egg whites,421.12,577.00,A meal consisting of a large portion of chopped cooked egg whites paired with a smaller serving of roasted sweet potato cubes.,185.00,300.00,0.667
dish_1566402160,egg whites | watermelon | yam | sweet potato,458.72,697.00,"A balanced plate containing egg whites, roasted sweet potato cubes, and a side of diced cantaloupe and watermelon.",320.00,540.00,0.750
dish_1566402123,egg whites | watermelon | yam | sweet potato,445.12,657.00,"A plate containing a large serving of chopped cooked egg whites, a side of roasted sweet potato cubes, and a small portion of fresh watermelon cubes.",260.00,490.00,0.750
dish_1566402197,egg whites | yam | sweet potato,480.95,736.00,"A balanced meal consisting of a large portion of cooked egg whites, a side of roasted sweet potato cubes, and a side of mixed fresh fruits including melon, watermelon, strawberries, and blueberries.",325.00,560.00,0.500
dish_1566402232,salsa | egg whites | yam | sweet potato,511.40,841.00,"A plate consisting of a generous portion of mashed potatoes topped with salsa verde, roasted sweet potato chunks, and a side of mixed fresh fruit salad.",545.00,640.00,0.400
dish_1566413356,spinach (raw) | chicken,183.98,164.00,A simple meal consisting of a bowl of fresh raw baby spinach topped with diced cooked chicken breast.,165.00,190.00,1.000
dish_1566413321,spinach (raw),14.03,61.00,A simple serving of raw baby spinach leaves in a white bowl.,8.00,35.00,1.000
dish_1566413388,chicken | spinach (raw) | broccoli,207.43,231.00,"A light, healthy bowl containing fresh baby spinach, diced chicken breast, and a few steamed broccoli florets.",140.00,220.00,1.000
dish_1566413419,chicken | avocado | broccoli,285.83,280.00,"A light, healthy salad bowl featuring baby spinach, steamed broccoli florets, diced chicken breast, and sliced avocado.",195.00,255.00,0.750
dish_1566413445,chicken | avocado | broccoli,377.83,360.00,"A healthy salad bowl consisting of fresh spinach, steamed broccoli florets, diced grilled chicken breast, sliced avocado, and kalamata olives.",270.00,270.00,0.600
dish_1566413469,chicken | avocado | parmesan cheese | broccoli,459.66,379.00,"A light vegetable salad consisting of fresh spinach, steamed broccoli, kalamata olives, avocado chunks, and a topping of shaved parmesan cheese.",220.00,210.00,0.500
dish_1566414225,quinoa,125.18,88.00,A small portion of couscous tossed with roasted mixed vegetables on a large white plate.,85.00,110.00,0.000
dish_1566414291,roasted potatoes | quinoa,345.14,244.00,A modest portion of roasted potatoes accompanied by a small side of couscous salad mixed with red peppers and onions.,245.00,200.00,0.333
dish_1566413510,parmesan cheese | chicken | avocado,751.38,412.00,"A vegetable-forward salad containing baby spinach, steamed broccoli florets, Kalamata olives, sliced avocado, and shaved parmesan cheese, likely finished with a light oil-based dressing.",340.00,225.00,0.286
dish_1566414342,chicken | quinoa | roasted potatoes,846.37,552.00,"A mixed meal plate consisting of a creamy chicken and grain dish, roasted potato wedges, and a small portion of vegetable couscous.",670.00,400.00,0.500
dish_1566414412,quinoa | chicken | roasted potatoes,920.12,658.00,"A varied meal consisting of roasted potato chunks, a quinoa-based vegetable salad, a creamy chicken preparation, and a simple side of mixed greens.",605.00,400.00,1.000
dish_1566414611,chicken,105.60,64.00,"A small serving of cooked, diced chicken breast on a large square plate.",115.00,70.00,1.000
dish_1566414642,roasted potatoes | chicken,219.81,145.00,A plate containing a small serving of diced chicken breast and a few chunks of roasted red potatoes.,230.00,185.00,1.000
dish_1566414686,roasted potatoes | chicken,646.18,407.00,"A plate containing a portion of cubed chicken breast, roasted potato wedges, and a creamy chicken and spinach side dish.",470.00,290.00,0.667
dish_1566414723,chicken | fish | roasted potatoes,728.81,482.00,"A plate containing diced chicken breast, roasted potato wedges, a creamy chicken/herb mixture, and a thin savory baked item.",485.00,290.00,0.400
dish_1566414754,roasted potatoes | fish | chicken,755.50,533.00,"A plate featuring diced chicken, green beans, roasted potato chunks, and a creamy sauced component containing shredded chicken or mushrooms.",505.00,390.00,0.400
dish_1566414780,chicken | fish | caesar salad | roasted potatoes,807.42,651.00,"A varied plate consisting of diced chicken breast, steamed green beans, a small caesar salad portion, roasted potatoes, and a pan-seared fish or protein fillet.",585.00,430.00,0.800
dish_1566414891,arugula | roasted potatoes,213.99,163.00,A plate containing a portion of roasted cubed potatoes alongside a dressed arugula salad with small pieces of fruit and walnuts.,235.00,160.00,1.000
dish_1566414924,roasted potatoes | arugula | green beans,247.48,227.00,"A light meal consisting of a portion of roasted potatoes, steamed green beans, and an arugula salad with walnuts and what appears to be orange slices.",260.00,240.00,1.000
dish_1566415520,green beans,74.82,143.00,A serving of cooked green beans on a white square plate.,28.00,90.00,1.000
dish_1566415558,fish | green beans,169.10,234.00,A simple meal consisting of a portion of green beans and two pieces of breaded chicken.,200.00,205.00,0.333
dish_1566415591,broccoli | green beans | fish,214.78,316.00,"A light meal consisting of a generous portion of green beans, a few florets of roasted broccoli, one slice of roasted portobello mushroom, and a small serving of breaded white fish.",260.00,315.00,0.750
dish_1566416299,green beans,45.00,86.00,"A small, simple portion of steamed green beans on a white plate.",28.00,90.00,1.000
dish_1566416339,eggplant | green beans,77.98,186.00,"A small, plant-based meal consisting of roughly 95g of steamed green beans and 110g of sautéed eggplant.",125.00,205.00,1.000
dish_1566416388,roasted potatoes | eggplant | green beans,259.87,315.00,"A plate consisting of steamed green beans, roasted cubed eggplant, and roasted potato chunks.",255.00,300.00,1.000
dish_1566416421,green beans | fish | roasted potatoes | eggplant,313.74,367.00,"A balanced meal consisting of a small portion of white fish, roasted potatoes, sautéed eggplant, and steamed green beans.",390.00,440.00,1.000
dish_1566416455,eggplant | green beans | chicken | fish | roasted potatoes,372.33,403.00,"A balanced meal consisting of roasted eggplant, roasted potatoes, steamed green beans, and a portion of white fish covered in a creamy sauce.",455.00,460.00,0.800
dish_1566417398,celery root | cherry tomatoes,56.89,46.00,A small portion of mixed salad greens on a white plate,5.00,20.00,0.000
dish_1566416701,chicken,198.54,122.00,"Small remainder of a chicken salad, likely with vinaigrette or oil-based dressing.",75.00,50.00,0.500
dish_1566417442,eggplant,93.83,158.00,A plate containing a serving of sautéed eggplant cubes alongside a small portion of mixed salad greens.,150.00,160.00,1.000
dish_1566417475,roasted potatoes | eggplant,150.23,198.00,A plate consisting of roasted eggplant and potato chunks served alongside a small portion of mixed salad greens.,170.00,205.00,1.000
dish_1566419510,cheese pizza,273.88,103.00,Three small rectangular slices of thin-crust cheese pizza on a large white plate.,280.00,110.00,1.000
dish_1566417516,eggplant | fish | roasted potatoes,385.40,425.00,"A meal featuring a breaded fish fillet, roasted potato cubes, sautéed eggplant, and a side of mixed leafy greens.",505.00,330.00,1.000
dish_1566419546,caesar salad | cheese pizza,306.44,177.00,A light meal consisting of two small rectangular slices of thin-crust cheese pizza served with a side of Caesar salad.,600.00,230.00,1.000
dish_1566419577,caesar salad | cheese pizza,323.70,210.00,"A plate consisting of three rectangular slices of cheese pizza, a small portion of lettuce salad with creamy dressing, and a small side of cooked green beans.",495.00,285.00,0.333
dish_1566419603,caesar salad | roasted potatoes | cheese pizza,382.92,252.00,"A plate consisting of two slices of cheese pizza, a side of green beans, a small portion of roasted potato chunks, and a serving of dressed salad.",640.00,340.00,0.400
dish_1566419635,roasted potatoes | caesar salad | cheese pizza | chicken,605.87,389.00,"A dinner plate featuring three thin slices of cheese pizza, a small portion of creamy salad, green beans, roasted potato chunks, and a piece of chicken in a creamy sauce.",835.00,450.00,0.500
dish_1566488905,sweet potato,82.31,86.00,A light meal consisting of a small serving of roasted potato cubes on one plate and a portion of cubed cantaloupe on another.,110.00,185.00,0.500
dish_1566488928,cantaloupe | sweet potato,103.05,147.00,A light plate containing a portion of roasted potato chunks and some fresh diced cantaloupe.,110.00,170.00,1.000
dish_1566488956,egg whites | sweet potato | cantaloupe,280.89,489.00,"A breakfast plate containing a large portion of scrambled egg whites, a side of roasted potato cubes, and a small serving of cubed cantaloupe.",210.00,335.00,1.000
dish_1566499564,,42.55,37.00,A small portion of 12 whole Kalamata olives served on a square white plate.,45.00,40.00,0.000
dish_1566488981,cantaloupe | sweet potato | egg whites,279.33,486.00,"A breakfast plate containing scrambled egg whites, roasted potato chunks, and fresh cantaloupe pieces.",205.00,300.00,1.000
dish_1566499633,spinach (raw),161.39,139.00,"A light plate containing a small serving of sautéed or dressed spinach salad with broccoli and red pepper strips, accompanied by a side of kalamata olives.",115.00,120.00,0.500
dish_1566500963,spinach (raw),5.75,25.00,A small portion of raw baby spinach leaves in a white bowl.,5.00,20.00,1.000
dish_1566499686,pork | sugar,674.71,388.00,"A plate consisting of a portion of saffron chicken and rice, a small side of spinach and broccoli, and a serving of kalamata olives.",385.00,275.00,0.000
dish_1566500988,spinach (raw) | carrot,21.33,63.00,A light side salad consisting of a base of fresh raw baby spinach leaves topped with a serving of shredded raw carrots.,40.00,120.00,1.000
dish_1566501012,carrot,132.88,160.00,"A light salad consisting of a base of fresh baby spinach, topped with shredded carrots and a generous portion of whole kalamata olives.",102.00,125.00,0.333
dish_1566501041,carrot | parmesan cheese,279.32,194.00,"A salad containing spinach, shredded carrots, kalamata olives, and shaved parmesan cheese.",210.00,160.00,0.500
dish_1566501067,parmesan cheese | chicken,464.12,306.00,"A salad containing spinach, shredded carrots, kalamata olives, diced chicken breast, and shaved parmesan cheese.",345.00,250.00,0.400
dish_1566501126,parmesan cheese | chicken | avocado,564.92,369.00,"A chicken and vegetable salad containing spinach, avocado, chicken breast, shaved parmesan, olives, and shredded carrots.",445.00,325.00,0.500
dish_1566501153,parmesan cheese | chicken | avocado,1006.92,419.00,"A fresh salad bowl containing spinach, diced chicken, sliced avocado, shaved parmesan cheese, black olives, and shredded carrots.",390.00,285.00,0.600
dish_1566501258,onions,12.00,30.00,A small portion of raw red onion slices sitting at the bottom of a large stainless steel mixing bowl.,10.00,25.00,1.000
dish_1566501293,onions,41.90,56.00,A small portion of sliced red onion and kalamata olives in a large metal mixing bowl.,48.00,45.00,0.500
dish_1566501324,onions | carrot,65.27,113.00,A small portion of raw shredded carrots mixed with a few black olives in a metal mixing bowl.,55.00,90.00,0.500
dish_1566501352,cherry tomatoes | onions | carrot,75.53,170.00,A simple salad consisting of shredded raw carrots and six small grape tomatoes served in a large stainless steel bowl.,45.00,160.00,0.667
dish_1566501382,tuna | carrot,283.53,330.00,"A light salad consisting of canned tuna, shredded raw carrots, and cherry tomatoes in a large metal mixing bowl.",135.00,165.00,0.667
dish_1566501473,carrot | almonds | tuna,413.94,371.00,"A tuna salad bowl containing flaked tuna, a handful of almonds, shredded carrots, and a few cherry tomatoes, served in a large stainless steel bowl.",285.00,238.00,0.750
dish_1566501447,tuna | carrot,286.76,349.00,"A tuna salad preparation in a mixing bowl featuring canned tuna, shredded carrots, a few cherry tomatoes, and black olives.",195.00,220.00,0.667
dish_1566501575,brownies,251.69,54.00,"A simple tuna salad mixture in a metal bowl containing flaked tuna, a few cherry tomatoes, shredded carrots, and a small amount of almonds.",235.00,228.00,0.000
dish_1566501594,brownies,508.05,109.00,"A mixed salad bowl containing tuna, cherry tomatoes, shredded carrots, almonds, and a square of dark chocolate.",315.00,223.00,0.000
dish_1566502000,bok choy,63.01,184.00,"A small portion of cooked, chopped bok choy served on a white plate.",45.00,100.00,1.000
dish_1566502033,corn on the cob | bok choy,136.22,253.00,A light portion consisting of sautéed bok choy and two small circular segments of sweet corn on a square plate.,95.00,180.00,1.000
dish_1566502061,pork | corn on the cob | bok choy,408.34,385.00,"A plate containing a serving of stir-fried bok choy, roasted pork slices, and two small slices of corn on the cob.",355.00,320.00,1.000
dish_1566502315,pork | caesar salad | chicken,577.18,495.00,"A balanced meal consisting of Caesar salad, a piece of breaded chicken, and a side of seasoned rice.",680.00,390.00,0.500
dish_1566502271,caesar salad | chicken,296.82,359.00,"A plate containing a breaded chicken breast piece and a serving of Caesar salad, with a side plate partially visible containing a leafy green salad with corn.",395.00,235.00,1.000
dish_1566502437,spinach (raw),74.56,64.00,A small portion of sautéed or dressed baby spinach with a few small pieces of broccoli.,52.00,50.00,0.333
dish_1566502472,spinach (raw) | corn on the cob,132.92,119.00,A light serving of fresh baby spinach greens paired with a single slice of corn on the cob.,45.00,85.00,1.000
dish_1566502537,corn on the cob | pork | chicken | sugar,517.64,315.00,"A light meal consisting of sliced roast chicken seasoned with saffron rice, a small side of fresh spinach salad, and a single slice of corn on the cob.",350.00,240.00,0.400
dish_1566502505,pork | corn on the cob | sugar,454.52,275.00,"A light meal consisting of sliced seasoned chicken breast, a portion of fresh spinach leaves, and a single slice of corn on the cob.",305.00,235.00,0.200
dish_1566587102,chicken | millet,213.60,146.00,"A single piece of breaded, sauce-topped chicken served on a large white plate.",185.00,90.00,0.500
dish_1566502573,chicken | pork | sugar | corn on the cob | chickpeas,821.51,487.00,"A plate containing a portion of chickpea salad, roasted chicken with yellow rice, a fresh spinach side, and a slice of corn.",655.00,425.00,0.500
dish_1566587143,chicken | avocado | millet,354.40,234.00,A simple meal consisting of a cooked breaded chicken fillet and several slices of fresh avocado.,395.00,200.00,0.667
dish_1566587689,salmon | kale | brown rice | chard,196.85,270.00,A light meal consisting of a portion of sautéed rainbow swiss chard and two small pieces of cooked salmon.,185.00,180.00,0.500
dish_1566587182,avocado | chicken,531.26,377.00,"A plate containing a breaded chicken breast fillet, several slices of avocado, and a mixed greens salad with cherry tomatoes and bell peppers.",445.00,280.00,0.667
dish_1566587714,salmon | chicken | chard | kale | millet,347.54,373.00,A meal consisting of sautéed swiss chard served alongside pieces of crusted salmon.,285.00,220.00,0.400
dish_1566587958,brown rice | salmon,398.50,224.00,A light portion consisting of three small pieces of pan-seared salmon served on a large white plate.,285.00,130.00,0.500
dish_1566588016,salmon | brown rice | carrot,472.23,374.00,A meal consisting of three small pieces of cooked salmon and a portion of sliced roasted carrots.,410.00,300.00,0.667
dish_1566588066,carrot | pineapple | brown rice | salmon,566.23,562.00,"A meal consisting of three pieces of cooked salmon, a serving of roasted carrots, and fresh pineapple chunks.",400.00,400.00,0.750
dish_1566589933,tofu,89.06,122.00,A small portion of sliced chicken breast served alongside a shredded vegetable salad with some roasted vegetable pieces.,100.00,115.00,0.000
dish_1566590007,pizza | tofu | chicken,740.76,457.00,"A plate containing a portion of flatbread with toppings, a side of stir-fried tofu with vegetables, and a side of grain salad.",540.00,320.00,0.200
dish_1566589967,millet | chicken | tofu,381.66,322.00,"A light meal consisting of sliced protein strips (likely tofu), a cooked quinoa-based dish with greens and sauce, and a small side of shredded cabbage salad.",250.00,200.00,0.200
dish_1566590536,carrot,25.07,51.00,A small serving of roasted sweet potato slices on a large plate.,55.00,65.00,0.000
dish_1566590056,tofu | chicken | pizza,815.65,519.00,"A balanced meal consisting of grilled tofu strips, a serving of quinoa with vegetables, a fresh baby spinach salad, a piece of flatbread or savory pancake topped with tomato and onion, and a small portion of slaw.",450.00,330.00,0.143
dish_1566590566,carrot | salmon | brown rice,186.96,142.00,A small portion consisting of several slices of roasted carrots and two pieces of baked white fish on a large plate.,150.00,150.00,0.250
dish_1566590946,brown rice | salmon,405.61,228.00,"A plate featuring pan-seared salmon topped with sliced red chili, green onions, and microgreens, with a partial side of roasted root vegetables visible on a separate plate.",275.00,190.00,0.250
dish_1566590987,chicken | salmon | brown rice,639.91,370.00,"A protein-focused meal consisting of a piece of grilled salmon topped with peppers and herbs, served with diced chicken breast, accompanied by a small side of roasted vegetables.",405.00,295.00,0.400
dish_1566591048,chicken salad | chicken | salmon,876.20,481.00,"A plate containing seared salmon, diced cooked chicken, roasted potato chunks, a few kalamata olives, and a garnish of red chili and herbs.",590.00,365.00,0.400
dish_1566591080,salmon | chicken | chicken salad,909.63,549.00,"A composed meal consisting of a salmon fillet, diced roasted chicken breast, roasted potatoes, and a side of roasted root vegetables, topped with scallions.",645.00,440.00,0.500
dish_1566592456,caesar salad,55.44,126.00,"A small portion of Caesar salad consisting of chopped Romaine lettuce, a few croutons, dressing, and parmesan cheese.",140.00,67.00,0.250
dish_1566835603,sweet potato,63.17,66.00,A very small portion of cubed roasted sweet potatoes served on a large white plate.,42.00,48.00,1.000
dish_1566835641,sweet potato | egg whites,312.77,546.00,A breakfast plate containing a large portion of scrambled egg whites served with a small serving of roasted diced sweet potatoes.,185.00,310.00,1.000
dish_1566838286,pineapple,72.50,145.00,A small portion of fresh pineapple chunks served on a large white square plate.,35.00,70.00,1.000
dish_1566838317,watermelon | pineapple,114.20,284.00,A light snack consisting of approximately 200 grams of cubed fresh watermelon and fresh pineapple pieces served on a white plate.,80.00,200.00,1.000
dish_1566835701,egg whites | salsa | sweet potato,370.19,744.00,"A plate containing a generous portion of mashed potatoes topped with brown gravy, accompanied by a side of roasted sweet potato cubes.",410.00,390.00,0.250
dish_1566838351,watermelon | pineapple,190.01,417.00,"A small plate consisting of a mix of fresh fruit, including watermelon cubes, pineapple cubes, blackberries, and a few raspberries.",85.00,205.00,1.000
dish_1566838378,scrambled eggs | watermelon | pineapple,286.21,482.00,"A breakfast plate containing a small serving of scrambled eggs accompanied by a mix of fresh fruit, including watermelon, pineapple, blackberries, and raspberries.",200.00,325.00,1.000
dish_1566838407,pineapple | scrambled eggs | sweet potato | watermelon,358.95,558.00,"A light breakfast plate containing scrambled eggs, roasted sweet potato cubes, and a fruit salad of pineapple, watermelon, raspberries, and blackberries.",235.00,325.00,1.000
dish_1566844803,caesar salad | pepperoni pizza,249.82,227.00,A light meal consisting of a portion of Caesar salad and two small rectangular pieces of pepperoni pizza.,490.00,230.00,1.000
dish_1566844766,caesar salad,72.16,164.00,"A small portion of caesar salad on a white plate, consisting of romaine lettuce, croutons, and dressing.",195.00,123.00,0.250
dish_1566844850,pork | pepperoni pizza | caesar salad,491.24,345.00,"A plate containing a portion of Caesar salad, two slices of pepperoni pizza, and a serving of thinly sliced grilled meat.",850.00,395.00,0.500
dish_1566846997,pork,343.71,168.00,"A small portion of chopped, cooked, seasoned chicken pieces on a large white square plate.",165.00,95.00,0.000
dish_1566847043,squash | pork,434.88,483.00,"A simple meal consisting of chopped, seasoned chicken breast and sliced zucchini.",205.00,260.00,0.000
dish_1566847454,pork | quinoa,346.75,210.00,A small portion of roasted chicken served with a side of stuffing or dressing on a white square plate.,285.00,130.00,0.000
dish_1566847431,quinoa,101.24,90.00,A very small portion consisting of a single roasted chicken thigh garnished with a tiny amount of fresh arugula on a large plate.,116.00,68.00,0.000
dish_1566847483,pork | quinoa,476.23,314.00,A meal consisting of a piece of roasted chicken and a side of mixed leafy green salad.,280.00,170.00,0.000
dish_1566849208,,19.60,70.00,A bowl containing a moderate portion of fresh mixed salad greens.,15.00,40.00,
dish_1566849233,avocado,94.80,117.00,A simple salad consisting of mixed leafy greens and a small portion of sliced avocado in a white bowl.,90.00,90.00,1.000
dish_1566849269,avocado | parmesan cheese,249.85,153.00,A light side salad consisting of mixed leafy greens topped with shaved Parmesan cheese.,110.00,65.00,0.500
dish_1566849295,avocado | parmesan cheese,348.75,239.00,A fresh side salad consisting of mixed lettuce greens topped with a generous portion of pitted Kalamata olives and shaved Parmesan cheese.,210.00,125.00,0.333
dish_1566849327,parmesan cheese | avocado | chicken,551.70,362.00,"A salad bowl featuring diced chicken breast, kalamata olives, avocado slices, and mixed greens with shaved cheese.",370.00,250.00,0.750
dish_1566849862,,77.05,67.00,A small portion of red kidney beans served in a large stainless steel bowl.,35.00,40.00,0.000
dish_1566849387,parmesan cheese | caesar salad | chicken | avocado,619.90,517.00,"A chicken salad with mixed greens, sliced black olives, and a thick creamy dressing.",345.00,205.00,0.500
dish_1566849895,carrot,112.31,153.00,A metal mixing bowl containing a small portion of shredded raw carrots.,35.00,90.00,1.000
dish_1566849923,cherry tomatoes | carrot,127.97,240.00,A small portion of raw shredded carrots and roughly nine grape tomatoes in a large metal bowl.,45.00,150.00,1.000
dish_1566849955,onions | cherry tomatoes | carrot,147.17,288.00,"A raw vegetable salad in a large metal bowl containing shredded carrots, sliced red onion, and cherry tomatoes.",80.00,220.00,1.000
dish_1566849987,carrot | chicken,562.97,540.00,"A bowl containing chopped grilled or roasted chicken breast, shredded carrots, cherry tomatoes, and red onion.",335.00,325.00,0.500
dish_1566850031,carrot | chicken | caesar dressing,616.77,662.00,"A salad bowl containing a large portion of diced chicken, topped with a generous serving of creamy dressing, along with raw vegetables including grape tomatoes, shredded carrots, and red onion.",645.00,415.00,0.400
dish_1566850099,onions | cucumbers | lettuce | lime | cherry tomatoes,113.06,112.00,A light portion of mixed green salad with shredded carrots and a few broccoli florets on a white square plate.,25.00,70.00,0.000
dish_1566850142,pork,464.95,284.00,"A light meal consisting of a portion of seasoned, shredded pork served alongside a mixed green salad with several broccoli florets.",325.00,230.00,0.500
dish_1566851115,spinach (raw),81.55,70.00,A small portion of wilted spinach with a single cherry tomato on a large plate.,30.00,75.00,0.500
dish_1566851155,quinoa,295.28,260.00,A light meal consisting of sliced grilled chicken breast served alongside a side of fresh baby spinach salad with mustard seeds.,205.00,160.00,0.000
dish_1566851198,quinoa | pork,463.05,342.00,A meal consisting of cooked chicken breast strips and a spinach salad with what appears to be mustard seeds.,325.00,255.00,0.000
dish_1566851549,cheese pizza,226.01,85.00,A single slice of cheese pizza on a large white plate.,240.00,95.00,1.000
dish_1566851584,caesar salad | cheese pizza,286.29,222.00,A plate containing a portion of Caesar salad and a single slice of cheese pizza.,490.00,240.00,1.000
dish_1566851222,pizza | quinoa | pork,550.83,375.00,"A light meal consisting of sliced chicken breast, a portion of fresh spinach with mustard seeds, and a single triangular slice of flatbread with tomato sauce.",335.00,230.00,0.000
dish_1566851616,caesar salad | cheese pizza,300.78,248.00,"A plate consisting of a single slice of cheese pizza, a small serving of Caesar salad, and a few pieces of steamed broccoli.",455.00,255.00,0.667
dish_1566851677,quinoa | caesar salad | cheese pizza,354.77,296.00,"A plate containing a slice of cheese pizza, a small portion of Caesar salad, steamed broccoli, and sliced cooked chicken breast.",670.00,380.00,0.400
dish_1566920304,egg whites,296.40,570.00,A plate containing a portion of fresh mozzarella cheese broken into bite-sized chunks.,520.00,200.00,0.000
dish_1566851704,quinoa | pork | cheese pizza | caesar salad,461.16,348.00,"A plate containing a slice of cheese pizza, a small serving of caesar salad, a few pieces of steamed broccoli, and some cooked chicken chunks.",640.00,350.00,0.143
dish_1566920339,egg whites | sweet potato,449.53,730.00,A plate consisting mainly of chopped hard-boiled egg whites with a smaller portion of roasted sweet potato chunks.,200.00,310.00,1.000
dish_1566922978,scrambled eggs,124.32,84.00,A small serving of scrambled eggs on a white plate.,85.00,60.00,1.000
dish_1566920365,salsa | sweet potato | egg whites,490.42,871.00,"A plate consisting of a large portion of boiled egg whites topped with green salsa, served with a side of roasted sweet potato chunks.",285.00,570.00,1.000
dish_1566923004,scrambled eggs | pineapple,158.82,153.00,A light breakfast consisting of a small serving of scrambled eggs and five small chunks of pineapple served on a white square plate.,145.00,135.00,1.000
dish_1566923030,hash browns | scrambled eggs | pineapple,396.80,226.00,"A breakfast plate containing a portion of pan-fried hash browns, a serving of scrambled eggs, and several small chunks of fresh pineapple.",310.00,230.00,1.000
dish_1566931116,cauliflower,35.50,142.00,A small portion of roasted cauliflower florets on a white plate.,55.00,75.00,1.000
dish_1566923060,bacon | scrambled eggs | pineapple | hash browns,515.82,248.00,"A breakfast plate containing bacon, hash browns, scrambled eggs, and pineapple chunks.",450.00,290.00,1.000
dish_1566931140,cauliflower | avocado,126.70,199.00,A light meal consisting of a small serving of roasted cauliflower and two thin slices of avocado.,125.00,145.00,1.000
dish_1566931179,avocado | cauliflower,204.37,263.00,"A light meal consisting of roasted cauliflower, a small mixed green salad with feta, walnuts, and cranberries, and two slices of fresh avocado.",240.00,225.00,0.667
dish_1566931217,fish | avocado | white beans | cauliflower,333.11,378.00,"A well-balanced meal consisting of pan-seared salmon, white beans, roasted cauliflower, a small spinach salad with cranberries and cheese, and two slices of avocado.",425.00,355.00,0.500
dish_1566931482,,25.48,91.00,A simple serving of plain mixed salad greens in a white bowl without any visible dressing or toppings.,10.00,40.00,
dish_1566931519,,130.13,182.00,A simple salad consisting of a bowl of mixed baby salad greens topped with a generous portion of black olives.,105.00,115.00,
dish_1566931548,broccoli,154.98,253.00,"A light, healthy salad consisting of a bed of mixed greens topped with broccoli florets and kidney beans.",80.00,150.00,0.500
dish_1566931586,chicken | broccoli,379.38,389.00,"A fresh salad bowl featuring cubed chicken breast, steamed broccoli, mixed salad greens, and a few kalamata olives.",210.00,255.00,0.667
dish_1566931650,chicken | avocado | parmesan cheese,610.87,488.00,"A salad containing mixed greens, chopped cooked chicken breast, sliced avocado, broccoli florets, and topped with shaved parmesan cheese.",460.00,315.00,0.750
dish_1566931620,avocado | chicken | broccoli,494.58,461.00,"A healthy bowl consisting of mixed greens, diced chicken breast, avocado slices, broccoli, and a small portion of black beans.",315.00,305.00,0.750
dish_1566931674,chicken | avocado | parmesan cheese,990.99,531.00,"A fresh salad bowl containing diced chicken breast, avocado slices, steamed broccoli, and mixed leafy greens, topped with shaved parmesan cheese.",310.00,245.00,0.750
dish_1566933180,chicken thighs,161.45,96.00,A single roasted chicken leg quarter centered on a large white square plate.,280.00,160.00,1.000
dish_1566933401,bok choy,27.05,79.00,A very small serving of cooked bok choy on a large square white plate.,15.00,40.00,1.000
dish_1566933226,chicken thighs,245.45,171.00,A simple meal consisting of a small roasted chicken leg quarter and a modest portion of yellow spiced couscous.,400.00,250.00,1.000
dish_1566933454,bok choy | arugula | chickpeas,121.74,154.00,"A small serving of cooked green leafy vegetables, likely sautéed with some oil, served on a white square plate.",45.00,80.00,0.000
dish_1566933498,chickpeas | chicken thighs,318.48,284.00,A light meal consisting of a small serving of what appears to be breaded protein accompanied by a side of mixed leafy greens.,185.00,170.00,0.500
dish_1566934057,bok choy,66.09,193.00,"A simple, small serving of cooked leafy green vegetables, likely steamed bok choy, served on a white plate.",25.00,100.00,1.000
dish_1566934085,cauliflower | bok choy,82.59,259.00,A simple meal consisting of a serving of steamed or stir-fried bok choy and a small amount of roasted cauliflower florets on a white plate.,45.00,240.00,1.000
dish_1566934152,bok choy | chicken thighs | cauliflower | salmon,305.07,396.00,"A light meal consisting of a cooked chicken drumstick, a small piece of salmon, roasted cauliflower, and steamed bok choy.",305.00,360.00,1.000
dish_1566934120,bok choy | salmon | cauliflower,183.99,316.00,"A light meal consisting of a small portion of roasted cauliflower, sautéed bok choy, and a piece of cooked salmon.",205.00,295.00,1.000
dish_1566934366,cheese pizza,87.75,33.00,"A very small, single rectangular piece of cheese pizza on a large white plate.",85.00,35.00,1.000
dish_1566934401,white beans | fish | cheese pizza,435.90,344.00,"A plate containing a piece of baked salmon, a small portion of artichoke hearts with white beans, and a small toasted flatbread triangle with melted cheese.",430.00,250.00,0.167
dish_1566934430,fish | cookies | white beans | cheese pizza,519.54,361.00,"A plate containing a small portion of seasoned salmon, a small piece of cheesy pastry, a vegetable mix of white beans and artichokes, and one small chocolate chip cookie.",435.00,215.00,0.143
dish_1566934455,cookies | fish | white beans | cheese pizza,528.04,395.00,"A varied meal featuring salmon, a small portion of pizza, roasted cauliflower, a few vegetables, and a single cookie.",625.00,330.00,0.125
dish_1566936266,chicken thighs | quinoa,220.96,146.00,A single piece of breaded or fried chicken on a large white plate.,240.00,110.00,0.500
dish_1566934487,fish | white beans | cookies | cheese pizza,553.04,468.00,"A plate containing pan-seared salmon, sautéed bok choy, roasted cauliflower, a single cracker, and a small portion of white beans.",425.00,325.00,0.125
dish_1566936297,fish | chicken thighs | white beans,355.29,266.00,A light meal consisting of a small breaded chicken portion and a serving of baked salmon with some herbs and a slice of bell pepper.,440.00,195.00,0.250
dish_1566937992,cheese pizza,276.54,104.00,Two rectangular slices of cheese pizza on a large white plate.,240.00,95.00,1.000
dish_1566936352,white beans | fish | chicken thighs,424.29,368.00,"A plate containing a piece of breaded chicken, a portion of salmon, a small serving of yellow couscous, and a few cauliflower florets.",565.00,370.00,0.167
dish_1566936323,chicken thighs | white beans | fish,368.29,318.00,"A plate containing a portion of breaded chicken, a piece of cooked salmon with spinach and pepper, and a small serving of cauliflower florets.",465.00,320.00,0.200
dish_1566938026,cheese pizza | chicken thighs,450.58,219.00,A plate containing one small roasted chicken drumstick and two rectangular slices of cheese pizza.,525.00,210.00,1.000
dish_1566938059,cheese pizza | chicken thighs,463.25,256.00,"A plate containing a piece of cheese pizza, a small portion of cooked chicken, and a small serving of cooked bok choy.",470.00,245.00,0.667
dish_1567007719,cantaloupe,14.28,42.00,A very small serving of diced cantaloupe melon served on a large white plate.,15.00,45.00,1.000
dish_1566938088,chicken thighs | cauliflower | cheese pizza,494.50,381.00,"A mixed meal consisting of two small chicken drumsticks, roasted cauliflower, a small portion of sautéed bok choy, and two small rectangular slices of cheese pizza.",710.00,470.00,0.750
dish_1567007751,cantaloupe,39.93,87.00,"A small snack plate containing a modest amount of sliced fresh strawberries, cantaloupe melon chunks, and a few fresh blueberries.",43.00,120.00,1.000
dish_1567007783,cantaloupe,50.00,106.00,"A small serving of assorted fresh fruit consisting of strawberries, blueberries, cantaloupe, raspberries, and a blackberry on a white plate.",50.00,138.00,1.000
dish_1567019993,brussels sprouts,28.08,55.00,A small portion of roasted Brussels sprouts on a large square white plate.,45.00,75.00,1.000
dish_1567007814,pineapple | cantaloupe,73.00,152.00,"A fruit medley plate containing strawberries, blueberries, raspberries, blackberries, cantaloupe, and pineapple.",78.00,183.00,1.000
dish_1567007848,watermelon | cantaloupe | pineapple,100.30,243.00,"A fruit salad plate containing strawberries, blueberries, raspberries, blackberries, watermelon, cantaloupe, and pineapple.",127.00,350.00,1.000
dish_1567020054,brussels sprouts | fish,122.00,145.00,A modest portion consisting of several pieces of pan-seared white fish and six roasted Brussels sprouts served on a square plate.,205.00,175.00,1.000
dish_1567020340,broccoli,93.59,168.00,A serving of roasted broccoli florets spread across a plate.,45.00,135.00,1.000
dish_1567020091,fish | arugula | brussels sprouts,236.81,238.00,"A light meal featuring a small portion of breaded protein, a few roasted Brussels sprouts, a handful of mixed greens, and some scattered nuts.",205.00,167.00,0.500
dish_1567020366,brussels sprouts | broccoli,111.46,203.00,A side dish consisting of roasted broccoli florets and a few roasted brussels sprouts on a white square plate.,85.00,200.00,1.000
dish_1567020394,fish | broccoli | brussels sprouts,176.16,265.00,"A plate consisting of roasted broccoli, a small serving of roasted brussels sprouts, and a small piece of seared chicken breast.",155.00,235.00,0.500
dish_1567021799,arugula,93.82,76.00,"A small, light portion of fresh raw mixed salad greens centered on a white plate.",10.00,40.00,1.000
dish_1567020417,fish | chicken | broccoli,313.76,348.00,"A plate containing a portion of roasted broccoli, a few roasted brussels sprouts, and a portion of creamy chicken.",380.00,405.00,0.500
dish_1567021831,fish | arugula,252.44,228.00,"A light meal consisting of a small portion of breaded, cooked fish accompanied by a serving of fresh mixed salad greens.",295.00,150.00,0.500
dish_1567021864,fish | pizza,342.88,262.00,"A plate consisting of a portion of mixed green salad, a small slice of pizza, and several breaded or fried fish pieces.",415.00,185.00,1.000
dish_1567022147,cherry tomatoes | bell peppers,34.92,128.00,A small portion of raw sliced green and red bell peppers with cherry tomatoes in a metal mixing bowl.,40.00,120.00,1.000
dish_1567022180,bell peppers | carrot | cherry tomatoes,48.86,162.00,"A small portion of raw salad ingredients consisting of shredded carrots, sliced red and green bell peppers, and a few thin slices of onion in a metal bowl.",41.00,125.00,0.500
dish_1567022212,bell peppers | carrot | cherry tomatoes,89.11,197.00,"A small, light salad base consisting of shredded carrots, sliced bell peppers, a few thin onion slivers, and approximately 8-10 whole olives in a large metal mixing bowl.",95.00,150.00,0.400
dish_1567022251,onions | cherry tomatoes | carrot | bell peppers,111.91,254.00,"A small portion of raw, sliced vegetables consisting of red onion, shredded carrots, and a small amount of bell pepper in a large metal mixing bowl.",50.00,130.00,0.750
dish_1567022296,onions | bell peppers | chicken,425.41,444.00,"A mix of diced cooked chicken breast, raw red onion slices, and shredded carrots in a stainless steel bowl.",165.00,170.00,0.500
dish_1567022338,chicken | parmesan cheese,507.24,463.00,"A mix of diced chicken breast, shaved parmesan, thinly sliced red onion, and shredded carrots in a stainless steel bowl.",273.00,170.00,0.500
dish_1567023110,,46.00,40.00,A small plate containing twelve pitted black olives.,45.00,40.00,
dish_1567022383,chicken | parmesan cheese,527.09,508.00,"A salad base consisting of chopped chicken, shaved parmesan, and mixed vegetables (onion, carrots) topped with a thick, possibly nut-based dressing in a large metal bowl.",420.00,215.00,0.667
dish_1567023132,kimchi,59.20,84.00,A small snack plate containing a modest portion of spicy kimchi and 10 kalamata olives.,65.00,75.00,0.500
dish_1567023161,chicken | kimchi,141.70,134.00,"A plate containing a small portion of kimchi, approximately 9 kalamata olives, and diced pieces of cooked chicken breast.",190.00,175.00,0.667
dish_1567023184,chicken | kimchi | kale,191.51,195.00,"A plate featuring a kale salad with parmesan, diced grilled chicken, a small serving of kimchi, and a handful of black olives.",285.00,225.00,1.000
dish_1567023262,,72.32,64.00,A very small serving of mixed garden greens topped with crumbled feta cheese and a few slices of cucumber on a large white plate.,45.00,60.00,0.000
dish_1567023296,garlic | pecans | chard | arugula,107.18,92.00,"A very small portion of mixed salad greens with a few crumbles of feta, a couple of slices of cucumber, and two olives.",43.00,61.00,0.000
dish_1567023335,garlic | pecans | almonds | arugula | chard | carrot,138.34,117.00,"A light side salad featuring mixed greens, a few slices of cucumber, small crumbles of feta cheese, and a light sprinkling of raisins and nuts.",90.00,83.00,0.000
dish_1567023375,tofu,248.57,268.00,"A square plate containing a mixed green salad with a few olives and feta, paired with a portion of fried rice featuring tofu cubes and small broccoli florets.",345.00,235.00,0.500
dish_1567024066,cheese pizza,228.67,86.00,Two rectangular slices of cheese pizza on a large white plate.,280.00,105.00,1.000
dish_1567024112,cheese pizza | chicken thighs,274.08,116.00,A sparse meal consisting of two small rectangular pieces of cheese pizza and two small pieces of chicken in a cream sauce on a large white square plate.,370.00,150.00,1.000
dish_1567024135,cheese pizza | chicken thighs | roasted potatoes,317.79,147.00,"A light meal featuring two small pieces of cheese pizza, a few chunks of roasted potatoes, and a small portion of creamy pasta.",405.00,190.00,0.500
dish_1567024187,cheese pizza | chicken thighs | roasted potatoes,334.95,235.00,"A mixed plate consisting of two small slices of cheese pizza, a serving of sautéed zucchini and yellow squash, a few roasted potato wedges, and a small portion of a creamy dish.",500.00,300.00,0.750
dish_1567024252,chicken thighs | roasted potatoes | cheese pizza,512.02,454.00,"A balanced meal consisting of two small pizza slices, a side of sautéed zucchini and yellow squash, steamed cauliflower, and a small side salad with feta and vinaigrette.",490.00,420.00,0.167
dish_1567024224,chicken thighs | cheese pizza | cauliflower | roasted potatoes,354.95,315.00,"A varied meal consisting of two slices of cheese pizza, a side of roasted squash and zucchini, roasted potatoes, steamed cauliflower, and a small portion of chicken with creamy sauce.",645.00,445.00,0.800
dish_1567106594,cherry tomatoes,15.84,88.00,A small serving of 8 raw grape tomatoes in a large metal mixing bowl.,25.00,140.00,1.000
dish_1567106620,bell peppers | cherry tomatoes,39.04,146.00,"A small, raw vegetable salad consisting of grape tomatoes and sliced bell peppers in a metal bowl.",40.00,125.00,1.000
dish_1567106646,cherry tomatoes | bell peppers | onions,61.04,201.00,"A small portion of raw sliced vegetables including red onion, cherry tomatoes, green bell pepper, and a few carrot shreds in a stainless steel bowl.",55.00,200.00,0.750
dish_1567106693,onions | chicken | bell peppers | carrot,359.16,417.00,"A bowl containing a portion of diced cooked chicken, shredded carrots, and sliced red onion.",205.00,200.00,0.750
dish_1567106668,onions | cherry tomatoes | carrot | bell peppers,80.31,248.00,"A metal mixing bowl containing raw sliced red onion, shredded carrots, and a few pieces of sliced green bell pepper.",50.00,130.00,0.750
dish_1567106794,walnuts | lettuce | garlic | blue cheese,102.34,48.00,"A very small side salad consisting of mixed leafy greens, a single cherry tomato, and a few bean sprouts on a large white plate.",10.00,45.00,0.000
dish_1567106825,beef,220.20,104.00,A small serving of salad greens accompanied by a single portion of glazed meat.,125.00,95.00,0.000
dish_1567107049,brownies,107.20,23.00,A single small piece of dark chocolate sitting on a paper towel.,35.00,7.00,0.000
dish_1567106870,pizza | beef,504.82,211.00,"A light meal featuring one slice of pizza, a side salad, and a small breaded item.",455.00,225.00,0.333
dish_1567107839,ketchup | fish | white rice,174.28,156.00,A small portion of stir-fried tofu or similar protein with a savory glaze and fresh green herbs on a large plate.,140.00,75.00,0.000
dish_1567110519,lettuce | lime | onions | cucumbers | cherry tomatoes,100.94,100.00,A small serving of mixed green salad on a large square white plate.,15.00,40.00,0.000
dish_1567108037,chickpeas | beef,674.73,365.00,"A light meal featuring a portion of glazed, pan-seared protein alongside a side of fresh mixed green salad.",265.00,170.00,0.500
dish_1567107989,chickpeas | arugula,140.14,111.00,A very small portion of mixed greens salad with a few small apple slices on a white plate.,25.00,70.00,0.000
dish_1567110556,green beans,127.11,150.00,A side salad containing mixed greens and cooked green beans served on a large white plate.,45.00,125.00,1.000
dish_1567110756,pizza,111.72,42.00,"A very small, single slice of vegetable-topped pizza served on a large white square plate.",85.00,40.00,1.000
dish_1567110631,green beans,252.61,260.00,"A plate containing a portion of mixed green salad, cooked green beans, and a small portion of a grain-based medley with vegetables.",195.00,240.00,0.500
dish_1567110783,pizza | beef,465.31,210.00,A minimalist plating featuring a small portion of seared beef and a single triangle of thin-crust flatbread topped with squash.,335.00,155.00,0.000
dish_1567110665,fish | white rice | ketchup,556.49,532.00,"A plate containing a mixed green salad, sautéed green beans, and a selection of vegetable-based grain dishes (couscous and a tomato-based rice mix).",590.00,475.00,0.200
dish_1567525637,bell peppers,153.26,81.00,A small portion of raw spinach and shredded carrots with visible dressing.,50.00,35.00,0.000
dish_1567110811,pizza | beef,537.99,282.00,"A dinner plate featuring a serving of sliced cooked lamb, a small portion of mixed greens with cherry tomatoes, and a small slice of flatbread topped with yellow squash and red onion.",455.00,220.00,0.000
dish_1567525712,bacon | hash browns,510.54,184.00,"A light breakfast plate consisting of a portion of hash browns, a side of fresh spinach salad with thin carrot strips, and a single strip of bacon.",210.00,140.00,0.667
dish_1567525744,bacon | scrambled eggs | hash browns,679.26,298.00,"A breakfast plate consisting of scrambled eggs, a portion of shredded hash browns, a single strip of bacon, and a small side of fresh spinach with shredded carrots.",360.00,250.00,0.750
dish_1567526738,egg whites,225.16,433.00,"A meal consisting of a large portion of cooked, plain-looking scrambled egg whites on one plate and a small side of roasted sweet potato cubes.",245.00,320.00,0.500
dish_1567526785,egg whites | sweet potato | yam,378.25,539.00,A simple meal consisting of a large serving of scrambled egg whites paired with a smaller side of diced roasted sweet potato.,245.00,330.00,0.667
dish_1567526814,egg whites | watermelon | yam | sweet potato,408.25,639.00,"A plate containing a large portion of fresh white cheese (likely mozzarella), a side of cubed watermelon, and a side of roasted sweet potato cubes.",385.00,250.00,0.400
dish_1567526845,egg whites | watermelon | yam | sweet potato,448.15,709.00,"A plate consisting of a large portion of fresh mozzarella, a side of assorted fruit including watermelon, strawberries, and blueberries, and roasted sweet potato cubes.",665.00,535.00,0.400
dish_1567526888,sweet potato | salsa | egg whites | watermelon | yam,479.18,816.00,"A plate featuring fresh mozzarella topped with salsa verde, served with a side of watermelon, strawberries, blueberries, and roasted sweet potatoes with salsa verde.",560.00,480.00,0.500
dish_1567537185,beef | white rice,402.98,185.00,A small portion consisting of several thin slices of cooked beef accompanied by a sparse amount of rice and minor vegetable pieces.,190.00,105.00,1.000
dish_1567537212,beef | white rice,432.51,238.00,A meal consisting of roughly sliced seared beef steak and small florets of cooked broccoli.,265.00,210.00,0.333
dish_1567537252,white rice | beef | carrot,464.46,303.00,"A balanced meal consisting of sliced lean beef, steamed broccoli, roasted or boiled carrot slices, and a small portion of rice.",400.00,340.00,0.750
dish_1567537352,lettuce,50.79,73.00,A very small serving of mixed salad greens with a single cherry tomato on a large white square plate.,8.00,30.00,0.000
dish_1567537280,cheese pizza | beef,733.02,404.00,"A dinner plate consisting of thin-crust cheese pizza, sliced steak with sauce, steamed broccoli, and sliced carrots.",715.00,425.00,0.250
dish_1567537457,white rice | cantaloupe | chicken thighs | broccoli,297.77,361.00,"A balanced meal consisting of fresh greens, a side of cantaloupe, steamed broccoli, and a savory sauteed chicken and vegetable dish.",280.00,335.00,0.600
dish_1567538263,arugula | chickpeas,70.70,56.00,"A small portion of dressed mixed leafy greens, appearing to contain some vinaigrette and possibly a few dried cranberries.",45.00,35.00,0.000
dish_1567537422,broccoli | cantaloupe,109.32,203.00,"A light meal consisting of a small portion of cubed cantaloupe, steamed broccoli, mixed salad greens, and one cherry tomato.",58.00,190.00,0.667
dish_1567538303,white rice | beef,617.45,307.00,A light meal consisting of a portion of braised meat with rice and a side of fresh mixed green salad.,275.00,180.00,0.500
dish_1567542778,cheese pizza,260.58,98.00,Two small square-cut slices of cheese pizza on a large white plate.,280.00,95.00,1.000
dish_1567542813,white rice | cheese pizza,316.64,145.00,A partially eaten meal consisting of two rectangular slices of cheese pizza and a few small remnants on a white plate.,400.00,150.00,0.333
dish_1567542876,white rice | cheese pizza | beef,495.81,260.00,"A heterogeneous meal featuring two slices of rectangular cheese pizza, a small serving of pan-seared beef, and a few florets of steamed broccoli.",565.00,290.00,0.500
dish_1567542843,beef | white rice | cheese pizza,471.30,216.00,"A plate containing two pieces of thin crust cheese pizza, a serving of sliced beef with herbs, and an additional dough/crust item.",635.00,250.00,0.500
dish_1567542953,beef | white rice | pineapple | cheese pizza,542.50,354.00,"A plate containing a mix of pineapple, steamed broccoli, a serving of cooked steak, roasted carrots, and one rectangular slice of cheese pizza.",560.00,405.00,0.333
dish_1567542914,white rice | cheese pizza | beef,514.00,297.00,"A varied plate consisting of two slices of cheese pizza, a portion of sliced steak, steamed broccoli, and roasted carrots.",615.00,385.00,0.200
dish_1567612954,sweet potato,148.35,155.00,A small portion of roasted or baked sweet potato cubes on a square white plate.,55.00,65.00,1.000
dish_1567542986,cheese pizza | pineapple | beef | caesar salad | white rice,605.86,498.00,"A mixed plate containing a slice of square pizza, some steak, roasted carrots, broccoli, a small green salad with dressing, and some pineapple chunks.",695.00,465.00,0.222
dish_1567612986,egg whites | sweet potato,340.23,524.00,A simple meal consisting of a portion of scrambled egg whites alongside a serving of roasted sweet potato chunks.,180.00,250.00,1.000
dish_1567613019,sweet potato | watermelon | egg whites,376.53,645.00,"A plate containing scrambled egg whites, roasted sweet potato cubes, and fresh diced tomatoes.",190.00,330.00,0.500
dish_1567613057,egg whites | watermelon | sweet potato | salsa,406.69,749.00,"A breakfast plate featuring egg whites topped with salsa verde, served alongside roasted sweet potato cubes and fresh diced tomatoes.",215.00,390.00,0.600
dish_1567625294,avocado,51.20,32.00,Two small slices of sliced avocado on a large empty plate.,55.00,35.00,1.000
dish_1567625343,chard | avocado | kale,65.48,74.00,A light meal consisting of two avocado slices and a small portion of sautéed swiss chard on a large white plate.,120.00,115.00,0.667
dish_1567625392,bulgur | avocado,208.23,171.00,"A light side salad consisting of mixed greens, a few cherry tomatoes, and two slices of fresh avocado.",105.00,120.00,0.333
dish_1567628069,garlic | arugula | lemon juice | bulgur | shallots | apple,107.43,73.00,A very small portion of dressed arugula salad with a few small pieces of cauliflower on a large white plate.,55.00,45.00,0.167
dish_1567628099,kale,127.49,132.00,A light side portion of mixed raw greens with some cauliflower and a smaller serving of sautéed dark leafy greens on a square plate.,45.00,75.00,0.500
dish_1567625434,avocado | bulgur | chicken,581.25,396.00,"A balanced meal consisting of a mixed green salad with cherry tomatoes, a side of rice with a savory red sauce, two slices of avocado, and a portion of sautéed Swiss chard.",315.00,330.00,0.167
dish_1567628157,fish | country rice,373.19,355.00,"A plate featuring a mixture of lentils and cauliflower in a spiced sauce, accompanied by a small portion of raw and cooked mixed leafy greens.",210.00,200.00,0.000
dish_1567628193,quinoa | country rice | fish,492.68,439.00,"A balanced plant-based meal consisting of a salad with cauliflower, a portion of cooked buckwheat with vegetables, a protein-rich tempeh and lentil dish, and some sautéed dark leafy greens.",385.00,370.00,0.000
dish_1567629081,cheese pizza,239.31,90.00,"Two small, rectangular slices of cheese pizza on a large white plate.",280.00,110.00,1.000
dish_1567629106,caesar salad | cheese pizza,292.55,211.00,A light meal consisting of two small rectangular pieces of cheese pizza and a side of sautéed cabbage.,405.00,240.00,0.333
dish_1567785130,granola,76.69,59.00,"A small serving of sautéed greens, primarily spinach mixed with thin strips of carrots, served on a paper plate.",55.00,85.00,0.000
dish_1567785165,sausage,273.11,116.00,A small portion of sautéed spinach and carrots paired with four slices of cooked sausage.,205.00,145.00,0.500
dish_1567785622,,30.78,54.00,A very small snack portion of sliced fresh strawberries and blueberries on a disposable plate.,23.00,60.00,
dish_1567785223,sausage | scrambled eggs,487.71,261.00,"A breakfast plate consisting of scrambled eggs, a portion of sautéed spinach with shredded carrots, and a few slices of cooked sausage.",415.00,275.00,0.667
dish_1567785654,pineapple,51.78,96.00,"A light snack consisting of a small portion of mixed fresh fruit including pineapple chunks, sliced strawberries, and blueberries.",52.00,110.00,1.000
dish_1567785739,sweet potato | pineapple,168.58,177.00,"A plate containing roasted potato wedges, fresh fruit including pineapple, strawberries, and blueberries, and a small portion of mixed greens salad with shredded carrots.",185.00,275.00,0.667
dish_1567789154,sausage,382.51,111.00,A small portion of sliced smoked sausage on a paper plate.,240.00,85.00,1.000
dish_1567785709,pineapple,131.25,138.00,"A light meal consisting of a small side salad with vinaigrette, fresh pineapple chunks, sliced strawberries, and a small serving of blueberries.",135.00,250.00,0.500
dish_1567785778,pineapple | greek yogurt | milk | chia seeds | sweet potato,303.51,310.00,"A light meal consisting of a portion of porridge (likely oatmeal) alongside a fruit assortment of pineapple, strawberries, and blueberries, and a small side of green salad.",415.00,520.00,0.143
dish_1567789230,sausage | scrambled eggs,689.43,300.00,"A breakfast plate consisting of scrambled eggs, sliced sausage rounds, and a small side salad of spinach and shredded carrots.",475.00,285.00,0.667
dish_1567801468,caesar salad,86.24,196.00,"A serving of Caesar salad consisting of chopped romaine lettuce, visible croutons, and a creamy dressing, likely containing parmesan cheese.",240.00,160.00,1.000
dish_1567789256,scrambled eggs | bacon | sausage,792.22,319.00,"A breakfast plate consisting of scrambled eggs, a strip of bacon, sliced sausage rounds, and a side of mixed greens with cucumber and carrots.",555.00,290.00,0.750
dish_1567789190,sausage,507.39,177.00,A light meal consisting of sliced pan-fried sausages and a side of mixed green salad with shredded carrots and cucumber slices.,340.00,170.00,0.500
dish_1567801716,cheese pizza,101.04,38.00,"A single small, roughly rectangular piece of cheese pizza served on a large white paper plate.",145.00,55.00,1.000
dish_1567801748,cheese pizza | pork,169.07,71.00,A light meal consisting of a few small pieces of sausage and one small slice of cheese pizza on a paper plate.,255.00,100.00,0.333
dish_1567801520,white rice | sugar | caesar salad | pork,919.10,600.00,"A split-portion plate consisting of a savory stir-fried pork and vegetable dish on one side, and a creamy cabbage-based salad on the other.",700.00,400.00,0.200
dish_1567801791,cheese pizza | roasted potatoes | pork,225.47,111.00,A light meal consisting of a small serving of roasted potato chunks and a single small slice of cheese pizza on a white paper plate.,255.00,135.00,0.667
dish_1568044496,watermelon,35.40,118.00,"A small serving of watermelon chunks on a white plate, with a stray piece off to the side.",25.00,80.00,1.000
dish_1567801830,caesar salad | cheese pizza | roasted potatoes | pork,265.07,201.00,"A varied meal consisting of a small slice of cheese pizza, a serving of creamy salad, roasted potato pieces, and small portions of cooked chicken on a disposable plate.",495.00,280.00,0.333
dish_1568044528,sweet potato | watermelon,145.46,233.00,A light snack consisting of approximately 80 grams of cubed watermelon and 75 grams of roasted sweet potato cubes served on a white square plate.,120.00,155.00,1.000
dish_1568044581,sweet potato | egg whites | watermelon,386.22,696.00,"A breakfast plate containing a large portion of scrambled egg whites, cubed watermelon, and pan-fried or roasted sweet potato chunks.",285.00,440.00,1.000
dish_1568047932,broccoli,30.64,55.00,A small portion of roasted broccoli florets served on a large white plate.,25.00,75.00,1.000
dish_1568047973,broccoli | scrambled eggs,295.56,234.00,A plate containing a portion of scrambled eggs and roasted broccoli florets.,260.00,230.00,1.000
dish_1568044634,salsa | sweet potato | egg whites | watermelon,413.19,789.00,"A breakfast plate containing scrambled egg whites topped with green salsa, served with roasted sweet potato cubes and fresh watermelon chunks.",270.00,450.00,1.000
dish_1568048018,turkey bacon | scrambled eggs,496.80,287.00,"A breakfast plate containing a generous portion of scrambled eggs, two strips of thin-cut turkey bacon, and a small serving of roasted broccoli.",310.00,245.00,0.667
dish_1568055963,,36.80,32.00,"A collection of ingredients in metal bowls, including 10 kalamata olives and small amounts of shredded carrots and sliced red onion.",70.00,80.00,0.000
dish_1568055986,onions,54.40,76.00,A small portion of sliced red onion and a few pitted kalamata olives in a stainless steel bowl.,35.00,40.00,0.500
dish_1568048053,chicken apple sausage | turkey bacon | scrambled eggs,607.20,356.00,"A breakfast plate containing scrambled eggs, roasted broccoli, sliced breakfast sausage, and turkey bacon.",500.00,345.00,0.750
dish_1568056019,cherry tomatoes | onions,64.30,131.00,"A small portion of raw ingredients including grape tomatoes, sliced red onion, and kalamata olives inside a stainless steel mixing bowl.",70.00,135.00,0.667
dish_1568056046,carrot | cherry tomatoes | onions,88.08,189.00,"A light, raw vegetable salad base containing shredded carrots, a few cherry tomatoes, and some thinly sliced raw red onion in a metal mixing bowl.",45.00,130.00,1.000
dish_1568056217,chicken,480.78,427.00,"A light salad consisting of diced cooked chicken breast, shredded carrots, a few cherry tomatoes, and thin slices of white onion in a stainless steel mixing bowl.",195.00,195.00,0.250
dish_1568060414,mangos | arugula | tomatoes,53.60,146.00,"A small portion of raw vegetable salad consisting of lettuce, diced cucumber, mixed bell peppers, and a small amount of corn on a large white plate.",25.00,85.00,0.000
dish_1568056258,chicken | caesar dressing,506.36,485.00,"A salad bowl containing diced chicken breast, shredded carrots, cherry tomatoes, and red onion, topped with a creamy salad dressing.",305.00,255.00,0.200
dish_1568060461,white rice | pork,376.76,304.00,A meal consisting of a side of fresh mixed vegetables and a main portion of stir-fried meat and rice.,425.00,310.00,0.333
dish_1568060501,fried rice | pork,548.66,413.00,A plate containing a side of fresh mixed vegetable salad and a main portion of braised meat with rice and broccoli.,435.00,340.00,0.333
dish_1568060616,,17.08,61.00,A small bowl of fresh mixed salad greens with no visible dressing.,10.00,45.00,
dish_1568060542,pork | fried rice,583.38,481.00,"A plate containing a garden side salad, roasted Brussels sprouts, and a portion of fried rice mixed with various vegetables and small pieces of meat.",385.00,340.00,0.250
dish_1568060646,onions,31.48,97.00,A small bowl of mixed salad greens topped with sliced red onions.,25.00,70.00,1.000
dish_1568060697,onions | avocado,133.88,161.00,"A light side salad featuring mixed greens, sliced avocado, and slivers of red onion in a white bowl.",100.00,115.00,1.000
dish_1568060746,avocado | chicken,778.82,395.00,"A light salad consisting of cubed grilled chicken breast, fresh sliced avocado, and a bed of mixed salad greens with thin slivers of red onion.",265.00,210.00,0.667
dish_1568060722,avocado | chicken,460.58,359.00,"A light salad consisting of diced chicken breast, sliced avocado, mixed greens, and red onion in a white bowl.",290.00,225.00,0.667
dish_1568061097,cheese pizza,146.24,55.00,"A single, small rectangular slice of thin-crust cheese pizza served on a large white plate.",145.00,60.00,1.000
dish_1568061145,cheese pizza | squash,187.05,196.00,A light meal consisting of a single slice of cheese pizza and a small side of sliced yellow summer squash and zucchini.,240.00,155.00,1.000
dish_1568061174,pineapple | squash | cheese pizza,232.55,287.00,A light meal consisting of a small piece of cheese pizza accompanied by a side of diced pineapple and sautéed summer squash and zucchini.,310.00,295.00,1.000
dish_1568061202,brussels sprouts | squash | pineapple | cheese pizza,256.55,334.00,"A plate containing a small portion of pizza, roasted Brussels sprouts, and sauteed yellow squash and zucchini, along with some pineapple pieces.",325.00,245.00,1.000
dish_1568061272,quinoa | chicken breast | cheese pizza | pineapple | squash | brussels sprouts,380.39,415.00,"A plate containing a variety of items: fresh pineapple, mixed squash/zucchini, roasted Brussels sprouts, a serving of cooked grains, grilled chicken, and a small slice of cheese-topped flatbread.",405.00,455.00,0.714
dish_1568061234,cheese pizza | brussels sprouts | squash | pineapple | quinoa,290.69,358.00,"A mixed plate containing roasted vegetables (zucchini, yellow squash, Brussels sprouts), a small portion of cooked buckwheat, some pineapple chunks, and a small slice of cheese pizza.",512.00,440.00,0.667
dish_1568305198,turkey bacon,311.35,82.00,A plate containing approximately 4 strips of cooked turkey bacon.,105.00,45.00,1.000
dish_1568305225,turkey bacon,428.67,144.00,A plate containing several strips of smoked protein paired with a small side of cooked spinach and shredded carrots.,200.00,155.00,0.500
dish_1568061320,squash | pork | cheese pizza | pineapple | quinoa | chicken breast,535.84,491.00,"A varied plate containing small portions of pineapple, mixed yellow squash and zucchini, Brussels sprouts, buckwheat, chicken breast, seared beef, and a small slice of pizza.",495.00,420.00,0.444
dish_1568305257,turkey bacon | scrambled eggs,837.15,420.00,"A breakfast plate consisting of scrambled eggs, sautéed spinach with carrots, and turkey bacon.",340.00,295.00,0.667
dish_1568313487,,13.72,49.00,A small serving of undressed mixed salad greens served on a square white plate.,5.00,20.00,
dish_1568313527,avocado,48.92,71.00,A light salad consisting of mixed baby greens and a small portion of avocado.,60.00,70.00,1.000
dish_1568313640,onions | mushroom | avocado,71.14,145.00,"A light side salad consisting of mixed leafy greens, thinly sliced red onion, and a small amount of avocado.",48.00,80.00,0.667
dish_1568313575,mushroom | avocado,57.94,112.00,"A light garden salad with mixed greens, a small amount of avocado, and some cooked mushroom pieces.",60.00,80.00,1.000
dish_1568313676,avocado | chicken | onions,184.99,214.00,"A light salad composed of mixed greens, diced chicken breast, thinly sliced red onion, and a small amount of avocado.",145.00,140.00,1.000
dish_1568314823,avocado,144.00,90.00,Three slices of fresh avocado on a square white plate.,95.00,60.00,1.000
dish_1568314857,beef | avocado,295.54,162.00,A small serving of cooked steak with marinade and two slices of fresh avocado.,275.00,150.00,1.000
dish_1568314907,beef | avocado | salmon,481.17,281.00,"A plate containing a portion of white fish, a small serving of pan-seared beef, and two wedges of sliced avocado.",315.00,220.00,0.500
dish_1568315001,salmon | beef | avocado,504.71,364.00,"A varied plate consisting of small portions of grilled white fish, seared beef, fresh avocado slices, cherry tomatoes, and sautéed mushrooms.",360.00,280.00,0.333
dish_1568314951,avocado | salmon | beef,496.13,325.00,"A plate containing a portion of grilled fish, cooked beef, fresh avocado slices, and grape tomatoes.",385.00,265.00,0.400
dish_1568315088,avocado | salmon | quinoa | beef,582.37,423.00,"A diverse meal featuring pan-seared white fish, sliced beef, a serving of couscous, fresh avocado slices, cherry tomatoes, and black olives.",610.00,420.00,0.333
dish_1568315040,avocado | quinoa | salmon | beef,555.92,400.00,"A composed meal consisting of white fish, steak, couscous, mushrooms, cherry tomatoes, and avocado slices.",590.00,430.00,0.143
dish_1568315132,quinoa | beef | salmon | avocado,591.27,440.00,"A balanced meal consisting of white fish, beef, couscous, green beans, olives, cherry tomatoes, and avocado.",595.00,495.00,0.250
dish_1568315988,tofu,50.37,69.00,"A very small, light portion of tempeh, cooked lentils, and shredded vegetables served on a large plate.",100.00,80.00,0.000
dish_1568315177,quinoa | avocado | salmon | beef,637.81,497.00,"A balanced plate containing seared white fish, sliced steak, a side of quinoa mixed with green beans, a kale-based salad, fresh cherry tomatoes, and avocado slices.",615.00,520.00,0.286
dish_1568316041,arugula | tofu,149.13,149.00,"A light meal consisting of a portion of mixed leafy greens and a small side of tofu, lentils, and shredded vegetables.",110.00,115.00,0.333
dish_1568316085,beef | tofu,378.54,258.00,"A plate consisting of three small pieces of cooked beef steak, a side of fresh arugula salad with radish and shredded carrot, and a mixture of firm tofu cubes and lentils.",405.00,250.00,0.667
dish_1568318286,,32.20,115.00,A simple serving of mixed salad greens in a white bowl.,15.00,40.00,
dish_1568318316,,525.42,297.00,A light meal consisting of thin-sliced grilled beef steak served over a base of mixed leafy greens.,225.00,150.00,0.000
dish_1568318361,broccoli,540.82,341.00,A fresh bowl containing sliced grilled steak served over a bed of mixed salad greens and scattered steamed broccoli florets.,320.00,260.00,1.000
dish_1568319725,bell peppers,111.64,59.00,A very small serving of baby spinach and a few small pieces of cucumber on a large white plate.,8.00,35.00,0.000
dish_1568318480,chicken,1119.28,587.00,A healthy bowl containing diced chicken breast served over a bed of mixed salad greens with broccoli florets.,320.00,310.00,0.500
dish_1568318408,chicken,907.12,563.00,"A protein-rich salad bowl consisting of diced chicken breast, pieces of cooked steak, and a base of mixed salad greens and broccoli florets.",385.00,325.00,0.500
dish_1568319769,pizza,356.36,151.00,A light meal consisting of a single slice of vegetable-topped flatbread served with a side of fresh baby greens.,155.00,95.00,0.000
dish_1568319838,pizza | salmon,607.51,312.00,"A light meal featuring a portion of pan-seared white fish mixed with greens, a slice of vegetable-topped flatbread, and a small side of fresh spinach and chard.",275.00,175.00,0.000
dish_1568320296,cheese pizza,226.01,85.00,"Two small, rectangular slices of cheese pizza on a large white plate.",280.00,110.00,1.000
dish_1568319899,pizza | salmon,627.66,377.00,"A balanced meal consisting of fresh leafy greens, cooked green beans, a small portion of flatbread topped with vegetables, and a serving of cooked fish.",270.00,235.00,0.000
dish_1568320338,cheese pizza | beef,390.18,163.00,A plate containing one medium-sized portion of sliced cooked beef and two small rectangular slices of cheese pizza.,405.00,175.00,1.000
dish_1568320383,beef | quinoa | cheese pizza,437.12,196.00,"A plate containing a small portion of couscous with a cherry tomato, a slice of roast beef, and two rectangular pieces of thin-crust cheese pizza.",505.00,230.00,0.500
dish_1568400935,,11.76,42.00,"A simple serving of mixed salad greens in a white bowl, appearing to be dry with no visible dressing.",15.00,40.00,
dish_1568320427,cheese pizza | beef | quinoa,450.76,240.00,"A mixed plate containing roast beef, cooked green beans, a small portion of couscous, and two squares of cheesy flatbread.",460.00,275.00,0.500
dish_1568320470,beef | quinoa | cheese pizza,521.04,341.00,"A mixed plate consisting of a side salad with green beans, a small portion of quinoa, a piece of sliced steak, and two rectangular slices of cheese flatbread.",535.00,325.00,0.750
dish_1568400967,broccoli,36.61,113.00,"A light, healthy side dish consisting of steamed broccoli florets served over a bed of raw mixed salad greens.",35.00,115.00,0.500
dish_1568401064,chicken | avocado,787.71,572.00,A meal featuring a large bowl of chicken and avocado salad with a side of shredded carrots and what appears to be tuna salad.,565.00,460.00,0.500
dish_1568401018,chicken,587.71,447.00,A bowl containing a large portion of cubed cooked chicken breast served over a bed of mixed salad greens and some broccoli florets.,275.00,270.00,0.500
dish_1568401090,avocado | chicken,1158.99,614.00,"A protein-rich salad bowl featuring cubed grilled chicken, fresh avocado slices, mixed leafy greens, and broccoli florets.",415.00,335.00,0.667
dish_1568401167,tuna salad,426.36,228.00,"A plate containing a portion of tuna salad with finely chopped celery and red onion, accompanied by a side portion of shredded carrots.",190.00,170.00,0.500
dish_1568401199,tuna salad | squash,459.64,343.00,A light meal consisting of a portion of mashed sweet potato served alongside a tuna salad containing finely diced celery and red onion.,410.00,325.00,0.333
dish_1568401261,carrot | avocado | tuna salad,530.39,443.00,"A balanced meal consisting of mashed sweet potato, a tuna salad mix with celery and onion, a side of shredded carrots, and a small portion of sliced avocado.",425.00,460.00,0.750
dish_1568401233,carrot | tuna salad,490.39,418.00,"A light, balanced meal consisting of mashed sweet potato, a tuna salad mix with vegetables, and shredded raw carrots.",385.00,380.00,0.667
dish_1568401302,fried rice | avocado | tuna salad,716.48,561.00,"A plate consisting of fried rice, a portion of cooked orange vegetable (squash/sweet potato), a tuna-based salad mix, fresh shredded carrots, and a few slices of avocado.",620.00,510.00,0.600
dish_1568404850,fried rice,157.70,100.00,A small portion of vegetable fried rice served on a square plate.,165.00,130.00,1.000
dish_1568404889,fried rice | rice noodles,247.29,219.00,"A plate containing a portion of stir-fried rice with mixed vegetables and protein, alongside a portion of shredded cabbage and carrot slaw.",360.00,280.00,0.333
dish_1568405214,kale | spinach (raw),144.26,152.00,A light meal consisting of a small portion of fresh spinach leaves and a portion of chopped kale salad mixed with a creamy dressing and croutons.,185.00,110.00,1.000
dish_1568405183,spinach (raw),72.40,64.00,A small side portion of fresh spinach leaves covering a base of cooked vegetables or a seasoned component.,30.00,50.00,0.500
dish_1568405273,salmon | kale | brown rice,386.20,288.00,"A light meal featuring a side of fresh baby spinach, a kale-based salad with croutons, and a lentil and tomato salad.",255.00,200.00,0.200
dish_1568405306,kale | salmon | brown rice | tofu,421.24,336.00,"A varied plate consisting of raw spinach, a dressed kale salad with croutons, a small portion of tomato rice, and a lentil-based vegetable salad.",385.00,340.00,0.333
dish_1568405430,rice noodles | spinach (raw),119.10,121.00,A light meal consisting of a portion of sautéed greens (spinach and red onion) alongside a small serving of shredded cabbage and carrot salad.,85.00,140.00,0.333
dish_1568405405,spinach (raw),83.72,74.00,A small portion of green spinach salad with small pieces of red vegetables (likely sun-dried tomato) and a thin slice of onion on a white square plate.,20.00,40.00,1.000
dish_1568405466,rice noodles | pineapple | spinach (raw),153.10,189.00,"A light plate containing a small serving of raw spinach, a portion of coleslaw, and several chunks of fresh pineapple.",120.00,200.00,0.500
dish_1568649354,broccoli,72.87,129.00,A light snack consisting of a small portion of roasted broccoli and a handful of mixed blackberries and raspberries served on a square plate.,45.00,120.00,1.000
dish_1568649312,,44.46,78.00,"A small portion of fresh mixed berries, consisting of a few blackberries and raspberries on a white square plate.",18.00,45.00,
dish_1568649387,sweet potato | broccoli | yam,163.86,192.00,"A small light meal consisting of roasted broccoli, roasted sweet potato cubes, and a small portion of mixed berries.",155.00,230.00,0.667
dish_1568405499,brown rice | salmon | pineapple,562.27,419.00,"A balanced meal consisting of a pan-seared salmon fillet served alongside sautéed spinach with lentils, a side of fresh pineapple chunks, and a small portion of vegetable slaw or kimchi.",410.00,355.00,0.400
dish_1568660810,pepperoni pizza,132.54,47.00,A single small slice of pepperoni pizza served on a white square plate.,165.00,60.00,1.000
dish_1568649430,yam | sweet potato | scrambled eggs,363.66,327.00,"A balanced meal consisting of scrambled eggs, steamed broccoli, roasted sweet potato pieces, and a small serving of mixed berries.",355.00,380.00,0.500
dish_1568664931,spinach (raw),67.88,60.00,A very small serving of mixed salad greens with a few shreds of carrot on a large white plate.,7.00,25.00,0.500
dish_1568664972,chicken | millet,303.42,221.00,A light meal featuring breaded or quinoa-crusted chicken strips served alongside a small portion of mixed greens including spinach and shredded carrots.,255.00,150.00,0.500
dish_1568665935,cheese pizza,154.22,58.00,A single rectangular slice of cheese pizza on a large white plate.,140.00,55.00,1.000
dish_1568665012,brussels sprouts | millet | chicken,327.42,268.00,"A balanced meal consisting of sliced, pan-seared chicken breast, a portion of roasted Brussels sprouts, and a side of fresh mixed salad greens.",310.00,280.00,0.667
dish_1568665052,brussels sprouts | millet | chicken,345.65,331.00,"A plate containing a portion of grilled chicken strips, a serving of sautéed zucchini and yellow squash, and a fresh green salad.",220.00,225.00,0.250
dish_1568665970,cheese pizza | caesar salad,202.18,167.00,A modest meal consisting of a single small rectangular slice of cheese pizza and a small side of Caesar salad.,400.00,195.00,1.000
dish_1568666000,cheese pizza | caesar salad,209.93,197.00,"A meal consisting of one slice of thin-crust cheese pizza, a small serving of Caesar salad, and a small portion of sautéed green vegetables.",465.00,260.00,0.667
dish_1568666061,caesar salad | chicken | brussels sprouts | cheese pizza,260.43,253.00,"A varied meal featuring a single slice of pizza, a portion of Caesar salad, a few roasted Brussels sprouts, a small amount of sautéed greens, and thin slices of grilled chicken.",545.00,325.00,0.800
dish_1568666032,caesar salad | cheese pizza | chicken,243.58,220.00,"A plate containing a small rectangular slice of cheese pizza, a few pieces of grilled chicken, and two small portions of different salads (a green mixed salad and a creamy Caesar-style salad).",445.00,260.00,0.750
dish_1568666089,cheese pizza | caesar salad | brussels sprouts | chicken,276.42,335.00,"A varied plate consisting of a single piece of pizza, a small serving of chicken, Brussels sprouts, squash/zucchini, and two types of green salad, likely a Caesar-style mix and a light mixed greens side.",615.00,430.00,0.667
dish_1568666230,lettuce | broccoli,55.80,268.00,A simple bowl of steamed broccoli florets mixed with chopped lettuce greens.,45.00,160.00,1.000
dish_1568666184,lettuce,28.50,190.00,"A simple serving of plain, chopped green salad in a white bowl, appearing to be undressed.",15.00,60.00,1.000
dish_1568666263,lettuce | broccoli | artichokes,93.40,348.00,"A vegetable-heavy stir-fry bowl containing steamed broccoli, wilted leafy greens, and pieces of wonton wrappers or similar cooked dough.",160.00,250.00,0.500
dish_1568666303,artichokes | chicken | lettuce | broccoli,443.20,560.00,A healthy bowl containing cubed cooked chicken breast on a base of chopped lettuce and broccoli florets.,345.00,425.00,0.750
dish_1568666329,artichokes | chicken,743.76,594.00,"A high-protein bowl consisting of diced chicken breast served over a base of mixed leafy greens, steamed broccoli, and what appear to be marinated artichoke hearts.",375.00,435.00,0.500
dish_1568666357,chicken | artichokes,751.68,603.00,A bowl containing diced grilled or pan-seared chicken breast served over a bed of steamed broccoli and fresh lettuce.,315.00,430.00,0.250
