dish_id,true_ingredients,true_calories,true_weight,ai_description,ai_calories,ai_weight,ingredient_jaccard
dish_1556572657,,41.40,36.00,A small white plate containing eleven dark Kalamata olives.,110.00,55.00,0.000
dish_1556575014,,71.30,62.00,"A plate of approximately 20 dark, oval-shaped olives.",160.00,80.00,0.000
dish_1556575083,brussels sprouts,27.52,64.00,A small portion of six roasted Brussels sprouts on a plate.,88.00,105.00,1.000
dish_1556573514,,6.44,23.00,"A very small portion of mixed green salad with red onion and tomato, likely a side garnish or appetizer.",8.00,35.00,0.000
dish_1556575327,brussels sprouts,103.30,152.00,"A side plate consisting of roasted brussels sprouts, a handful of black olives, and sliced raw celery.",219.00,202.00,0.500
dish_1556575124,celery,4.48,28.00,A small portion of raw sliced celery pieces on a white plate.,4.00,25.00,1.000
dish_1556575386,brussels sprouts,103.30,152.00,"A vegetable-focused side plate or snack consisting of roasted Brussels sprouts, a large portion of kalamata olives, and sliced raw celery.",252.00,202.00,0.333
dish_1556575273,brussels sprouts,103.30,152.00,"A snack or side plate consisting of roasted Brussels sprouts, a serving of Kalamata olives, and fresh chopped celery.",238.00,205.00,0.333
dish_1556575558,brussels sprouts,103.30,151.00,"A vegetable-heavy snack plate featuring roasted brussels sprouts, a significant portion of dark olives, and fresh chopped celery.",270.00,220.00,0.333
dish_1556575446,brussels sprouts,103.30,152.00,"A vegetable-based snack plate featuring roasted brussels sprouts, kalamata olives, and sliced raw celery.",303.00,230.00,0.333
dish_1556575499,brussels sprouts,103.30,152.00,"A light snack plate consisting of roasted brussels sprouts, a portion of Kalamata olives, and raw sliced celery.",225.00,192.00,0.333
dish_1557853154,,18.81,57.00,A very small fruit snack consisting of fresh sliced strawberries and two blueberries on a small paper plate.,16.00,48.00,
dish_1557853314,yam,115.41,93.00,A serving of roasted sweet potato chunks on a small white plate.,95.00,105.00,0.000
dish_1557861605,fish,35.10,39.00,"A single small appetizer-sized portion of grilled oily fish, likely mackerel, garnished with herbs.",97.00,42.00,0.000
dish_1557853229,eggs,195.93,126.00,A single serving of scrambled eggs mixed with cheese served on a small plate.,420.00,210.00,1.000
dish_1557861795,caesar salad,13.64,31.00,"A small portion of Caesar salad consisting of romaine lettuce, a few croutons, and creamy dressing.",66.00,40.00,0.333
dish_1557861697,eggplant,13.14,53.00,A very small side portion of cooked eggplant chunks in a small bowl.,42.00,45.00,1.000
dish_1557853429,eggs | yam,330.15,276.00,"A breakfast plate consisting of scrambled eggs, roasted sweet potato cubes, and fresh sliced strawberries and blueberries.",283.00,255.00,0.333
dish_1557862696,cauliflower,19.25,77.00,A small serving of cooked cauliflower florets.,16.00,65.00,1.000
dish_1557862738,,319.78,118.00,Several pieces of medium-rare cooked beef steak presented on a small white plate.,320.00,120.00,0.000
dish_1557862345,chicken,103.95,63.00,"A small serving of chopped, grilled or pan-seared chicken breast.",83.00,50.00,1.000
dish_1557861837,eggplant | caesar salad | fish,61.88,123.00,"A light meal featuring a small serving of Caesar salad, sautéed eggplant, and a piece of vegetable frittata on a white plate.",230.00,160.00,0.500
dish_1557863012,cucumbers,3.10,31.00,A very small serving of sliced raw cucumbers on a small plate.,5.00,35.00,1.000
dish_1557862829,spinach (raw),5.52,24.00,"A small bowl containing a single serving of fresh, raw baby spinach leaves.",7.00,30.00,1.000
dish_1557863056,avocado,75.20,47.00,Four slices of fresh avocado served on a white plate.,112.00,70.00,1.000
dish_1557862783,chicken,442.98,258.00,"A high-protein meal consisting of grilled beef pieces, diced chicken breast, and a side of cauliflower.",455.00,300.00,0.333
dish_1557936599,broccoli,22.05,63.00,A small serving of steamed or lightly cooked broccoli florets.,24.00,70.00,1.000
dish_1557936555,eggs,149.28,96.00,A single portion of scrambled eggs served on a white square plate.,195.00,110.00,1.000
dish_1557936645,,11.88,36.00,A few slices of fresh strawberries on a white plate.,13.00,40.00,
dish_1557863170,avocado,129.82,142.00,"A fresh vegetable-based salad consisting of sliced avocado, baby spinach, cucumbers, and a large portion of kalamata olives.",232.00,185.00,0.250
dish_1557937037,,25.97,49.00,A small serving of fresh raspberries on a white plate.,29.00,55.00,
dish_1557863104,,46.00,40.00,A small portion of black olives served in a white bowl.,110.00,60.00,
dish_1557937079,bacon,146.07,27.00,Two strips of cooked bacon with a tiny scrap of egg on a white plate.,94.00,19.00,0.500
dish_1557937157,broccoli | eggs | bacon,355.25,271.00,"A breakfast plate consisting of scrambled eggs, two strips of bacon, steamed broccoli, and a side of fresh raspberries and strawberries.",297.00,241.00,1.000
dish_1557937335,yam,47.16,38.00,A very small portion of five roasted sweet potato cubes served on a white plate.,65.00,60.00,0.000
dish_1557937427,eggs,26.43,17.00,A very small portion of scrambled eggs served on a square white plate.,42.00,25.00,1.000
dish_1557937615,,6.93,21.00,Two small pieces of sliced fresh strawberry on a white square plate.,7.00,20.00,
dish_1557937574,,5.59,13.00,Three fresh blackberries on a white square plate.,9.00,21.00,
dish_1558026623,honeydew melons,29.88,83.00,A small portion of freshly cut honeydew melon chunks served on a white square plate.,54.00,150.00,1.000
dish_1557937715,,20.67,39.00,A small portion of fresh raspberries.,23.00,45.00,
dish_1557937758,yam | eggs,106.78,128.00,"A small snack or breakfast plate featuring roasted sweet potato, a minimal portion of scrambled eggs, and a variety of fresh berries.",100.00,121.00,0.333
dish_1558026684,cantaloupe,24.14,71.00,A small snack portion of freshly cubed cantaloupe melon.,32.00,95.00,1.000
dish_1558026714,bacon,129.84,24.00,Two slices of cooked pork bacon on a square white plate.,108.00,24.00,1.000
dish_1558026756,honeydew melons | cantaloupe | bacon,183.86,178.00,A light breakfast or snack plate consisting of two strips of crispy bacon alongside fresh cantaloupe and honeydew melon pieces.,168.00,250.00,1.000
dish_1558027057,yam,80.67,65.00,A very small portion consisting of several chunks of roasted sweet potato on a white square plate.,78.00,65.00,0.000
dish_1558027164,bacon,162.30,30.00,Two strips of cooked pan-fried bacon.,92.00,22.00,1.000
dish_1558028007,potatoes,54.67,71.00,A small portion consisting of five pieces of roasted potatoes on a white plate.,115.00,85.00,1.000
dish_1558028057,bacon,151.48,28.00,Two strips of pan-fried bacon on a white plate.,105.00,20.00,1.000
dish_1558028492,cantaloupe,20.74,61.00,A small portion of cubed cantaloupe melon served on a white square plate.,37.00,110.00,1.000
dish_1558028690,honeydew melons,23.76,66.00,A small portion of cubed honeydew melon served on a white square plate.,40.00,110.00,1.000
dish_1558029148,honeydew melons,38.88,108.00,A plate containing several cubes of fresh honeydew melon.,54.00,150.00,1.000
dish_1558029230,potatoes,88.55,115.00,A small portion of roasted or pan-fried potato chunks on a white square plate.,203.00,135.00,1.000
dish_1558029278,bacon,146.07,27.00,Two strips of crispy cooked bacon on a white plate.,90.00,16.00,1.000
dish_1558029518,yam,137.75,111.00,A side serving of roasted sweet potato chunks.,140.00,130.00,0.000
dish_1558029324,potatoes | bacon | honeydew melons,273.50,250.00,"A breakfast plate containing roasted potato chunks, several strips of crispy bacon, and fresh cubed honeydew melon.",286.00,210.00,1.000
dish_1558029686,bacon,119.02,22.00,A plate containing two strips of cooked bacon.,90.00,16.00,1.000
dish_1558029842,cantaloupe,22.78,67.00,A small portion of cubed cantaloupe melon served on a white square plate.,31.00,90.00,1.000
dish_1558030289,honeydew melons,38.52,107.00,A small portion of cubed honeydew melon served on a white square plate.,47.00,130.00,1.000
dish_1558030182,potatoes,67.76,88.00,A small portion of roasted or sautéed potato chunks served on a white square plate.,155.00,110.00,1.000
dish_1558030383,bacon,140.66,26.00,Two strips of cooked bacon on a plate.,86.00,16.00,1.000
dish_1558029923,bacon | yam | cantaloupe,279.55,200.00,"A plate containing roasted sweet potato chunks, two strips of cooked bacon, and fresh cantaloupe melon cubes.",268.00,235.00,0.500
dish_1558030435,honeydew melons | potatoes | bacon,246.94,221.00,"A breakfast or brunch plate featuring roasted potatoes, two slices of crispy bacon, and a side of fresh honeydew melon.",265.00,213.00,1.000
dish_1558030832,yam,89.35,72.00,A small portion of roasted sweet potato cubes on a white plate.,115.00,110.00,0.000
dish_1558030971,honeydew melons,17.64,49.00,A very small serving of cubed honeydew melon on a white plate.,22.00,60.00,1.000
dish_1558030910,bacon,81.15,15.00,Two strips of cooked bacon on a plate.,80.00,15.00,1.000
dish_1558031237,cantaloupe,31.62,93.00,A small portion of diced fresh cantaloupe on a white plate.,46.00,135.00,1.000
dish_1558031133,yam,136.51,110.00,A side portion of cubed roasted sweet potatoes.,135.00,130.00,0.000
dish_1558031302,potatoes,56.98,74.00,A small portion of approximately six roasted potato wedges on a white square plate.,145.00,110.00,1.000
dish_1558031526,yam,76.94,62.00,A small portion of roasted sweet potato cubes served on a square white plate.,115.00,100.00,0.000
dish_1558031628,cantaloupe,31.28,92.00,A plate containing roughly 11 pieces of cubed cantaloupe melon.,45.00,130.00,1.000
dish_1558031566,bacon,140.66,26.00,A plate containing approximately three strips of cooked bacon.,135.00,25.00,1.000
dish_1558032156,bacon,140.66,26.00,Two slices of pan-fried crispy bacon on a square white plate.,92.00,20.00,1.000
dish_1558109864,almonds,213.90,37.00,A small serving of whole almonds on a square white plate.,150.00,26.00,1.000
dish_1558031675,yam | bacon | cantaloupe,248.88,180.00,"A plate containing cubed cantaloupe, roasted sweet potato pieces, and three strips of bacon.",300.00,304.00,0.500
dish_1558109986,sausage,258.45,75.00,"Eight slices of cooked, smoked sausage presented on a white plate.",330.00,95.00,1.000
dish_1558109907,grapes,43.47,63.00,A small serving of approximately 13 red and green seedless grapes on a plate.,65.00,95.00,1.000
dish_1558110245,,29.07,51.00,A small snack plate containing a few fresh raspberries and blackberries.,21.00,45.00,
dish_1558110297,,29.07,51.00,A very small portion of mixed fresh berries consisting of a few raspberries and blackberries.,22.00,45.00,
dish_1558110385,eggs,52.87,34.00,A small mound of yellow scrambled eggs on a white plate.,165.00,110.00,1.000
dish_1558110436,yam,85.63,69.00,Several chunks of roasted or steamed sweet potato with skin on a white plate.,105.00,115.00,0.000
dish_1558110335,bacon,37.87,7.00,Two small pieces of cooked bacon served in a white bowl.,115.00,22.00,1.000
dish_1558113154,grapes,37.26,54.00,A small serving of fresh red seedless grapes.,60.00,85.00,1.000
dish_1558113255,cantaloupe,30.60,90.00,A small portion of freshly cut cantaloupe cubes in a white bowl.,51.00,150.00,1.000
dish_1558113204,almonds,179.21,31.00,A small snack portion of whole almonds served in a small white bowl.,130.00,22.00,1.000
dish_1558110478,eggs | yam,205.44,161.00,"A breakfast plate containing roasted sweet potato chunks, scrambled eggs, two strips of bacon, and a small side of fresh raspberries and blackberries.",323.00,255.00,0.250
dish_1558113304,grapes | cantaloupe | almonds,247.07,175.00,"A snack plate consisting of fresh cantaloupe chunks, red seedless grapes, and raw whole almonds.",223.00,232.00,1.000
dish_1558113477,almonds,289.05,50.00,A small white bowl containing a portion of whole almonds.,260.00,45.00,1.000
dish_1558113430,,7.84,28.00,A small side salad consisting of a few fresh spinach leaves topped with shredded carrots.,9.00,35.00,0.000
dish_1558114209,cantaloupe,30.60,90.00,A small serving of fresh cantaloupe melon chunks in a bowl.,38.00,110.00,1.000
dish_1558113941,almonds,296.89,78.00,A snack or side plate containing a portion of whole almonds and a light baby spinach salad with shredded carrots.,217.00,58.00,0.500
dish_1558114441,sausage,258.45,75.00,A small portion of sliced and cooked smoked sausage served on a small white plate.,310.00,100.00,1.000
dish_1558114484,bacon,151.48,28.00,"Three slices of cooked, crispy bacon served on a small plate.",135.00,24.00,1.000
dish_1558114523,almonds,104.06,18.00,A small snack portion of whole almonds in a bowl.,91.00,16.00,1.000
dish_1558114569,grapes,26.91,39.00,A very small snack consisting of seven fresh grapes (six red and one green) in a white bowl.,31.00,44.00,1.000
dish_1558114145,grapes,57.27,83.00,"A small snack portion consisting of approximately 16 grapes (15 red, 1 green) in a small white bowl.",66.00,96.00,1.000
dish_1558114937,,13.72,49.00,A small side salad consisting of fresh baby spinach leaves garnished with a few shreds of carrot.,11.00,42.00,0.000
dish_1558115011,almonds,115.62,20.00,"A small portion of whole, skin-on almonds served in a white container.",112.00,19.00,1.000
dish_1558114609,sausage | almonds | bacon,540.90,160.00,"A high-protein snack or small meal plate featuring strips of bacon, sliced sausage, a small portion of almonds, and a few fresh grapes.",504.00,169.00,0.750
dish_1558115169,bacon,151.48,28.00,Three strips of cooked bacon served on a small plate.,135.00,25.00,1.000
dish_1558115241,potatoes,85.47,111.00,A small side serving of golden roasted potato chunks.,130.00,90.00,1.000
dish_1558115320,almonds,173.43,30.00,A small portion of raw almonds served in a white bowl.,145.00,25.00,1.000
dish_1558115448,grapes,64.86,94.00,A small bowl containing a single serving of fresh red and green seedless grapes.,76.00,110.00,1.000
dish_1558115512,sausage,434.20,126.00,"A small portion of sliced, cooked smoked sausage pieces served in a small bowl.",360.00,120.00,1.000
dish_1558115764,bacon,151.48,28.00,Four strips of crispy cooked bacon served in a small white bowl.,175.00,32.00,1.000
dish_1558115601,potatoes,85.47,111.00,A small portion of roasted potato chunks served in a white bowl.,125.00,85.00,1.000
dish_1558115825,grapes,42.78,62.00,A small snack comprising approximately 11 red and green grapes.,49.00,71.00,1.000
dish_1558115641,grapes | sausage | potatoes,584.53,331.00,"A plate containing sliced cooked sausage, roasted potato chunks, and red and green grapes.",525.00,315.00,1.000
dish_1558115915,sausage,203.31,59.00,Several pieces of sliced cooked sausage in a small bowl.,210.00,65.00,1.000
dish_1558115867,almonds,132.96,23.00,A small portion of whole almonds served in a small bowl.,105.00,18.00,1.000
dish_1558115960,potatoes,39.27,51.00,Four chunks of roasted potatoes in a small white bowl.,75.00,50.00,1.000
dish_1558116090,cantaloupe,30.94,91.00,A small portion of cubed cantaloupe melon served in a white bowl.,41.00,120.00,1.000
dish_1558116146,grapes,76.59,111.00,A small portion of mixed red and green seedless grapes in a white bowl.,83.00,120.00,1.000
dish_1558116201,sausage,313.59,91.00,A small bowl containing several slices of pan-seared or grilled smoked sausage.,330.00,110.00,1.000
dish_1558116260,almonds,433.58,75.00,A small portion of whole almonds served in a small white disposable bowl.,261.00,45.00,1.000
dish_1558116001,almonds | grapes | sausage | bacon | potatoes,569.81,223.00,"A protein-heavy plate containing cooked bacon, sliced sausage, roasted potato chunks, a serving of almonds, and fresh grapes.",520.00,200.00,1.000
dish_1558116298,almonds | grapes | sausage,854.69,368.00,"A varied snack or protein-focused plate featuring fresh grapes, sliced sausage, a generous serving of almonds, and cantaloupe cubes.",650.00,365.00,0.750
dish_1558116436,bacon,91.97,17.00,A single slice of cooked bacon on a small white plate.,45.00,8.00,1.000
dish_1558116399,,7.00,25.00,A very small sampler-sized portion of spinach salad with shredded carrots and a creamy dressing.,40.00,26.00,0.000
dish_1558122583,potatoes,46.97,61.00,A small side serving consisting of a few pieces of roasted or sautéed potatoes.,115.00,75.00,1.000
dish_1558116486,grapes,39.33,57.00,A small portion of fresh red and green grapes served in a white bowl.,45.00,66.00,1.000
dish_1558372525,almonds,242.80,42.00,A small white bowl containing approximately one serving of whole almonds.,210.00,35.00,1.000
dish_1558372650,grapes,57.27,83.00,A small portion of mixed red and green seedless grapes served in a white bowl.,62.00,90.00,1.000
dish_1558372695,sausage,148.18,43.00,"Six pieces of browned, likely pan-fried or roasted sausage bites served in a small white bowl.",235.00,85.00,1.000
dish_1558372948,almonds,687.94,119.00,A small white bowl filled with a dense portion of whole almonds.,377.00,65.00,1.000
dish_1558373008,sausage,251.56,73.00,Approximately seven slices of cooked smoked sausage on a small white plate.,265.00,85.00,1.000
dish_1558373352,grapes,69.00,100.00,A small bowl containing a mix of fresh red and green grapes.,83.00,120.00,1.000
dish_1558373284,sausage,389.40,113.00,"A small plate filled with several slices of browned, cooked smoked sausage.",465.00,150.00,1.000
dish_1558373449,almonds,416.23,72.00,"A small white bowl filled with a portion of whole, unpeeled almonds.",260.00,45.00,1.000
dish_1558373405,cantaloupe,13.60,40.00,A small portion of fresh cantaloupe chunks served on a white plate.,34.00,100.00,1.000
dish_1558373639,,5.60,20.00,A small side serving of cooked spinach mixed with a few shreds of carrot.,37.00,65.00,0.000
dish_1558373492,almonds | sausage | grapes,888.23,325.00,"A protein and fat-rich snack plate containing almonds, fresh grapes, sliced sausage, and cheddar cheese cubes.",875.00,295.00,0.750
dish_1558373687,sausage,306.69,89.00,"A small white bowl containing approximately 8 pieces of sliced, pan-seared sausage.",450.00,150.00,1.000
dish_1558375667,almonds,687.94,119.00,"A portion of whole, skin-on almonds served in a small white bowl.",375.00,65.00,1.000
dish_1558376212,almonds,300.61,52.00,A small white bowl containing a portion of whole almonds.,230.00,40.00,1.000
dish_1558375833,sausage,317.03,92.00,"A small plate containing approximately nine slices of browned, cooked sausage.",330.00,110.00,1.000
dish_1558375732,grapes,45.54,66.00,A small snack-sized portion of roughly 12 fresh grapes on a white plate.,48.00,70.00,1.000
dish_1558376364,grapes,48.99,71.00,A small snack-sized portion of fresh red and green grapes in a white bowl.,54.00,80.00,1.000
dish_1558376437,cantaloupe,13.26,39.00,A small snack-sized portion of fresh cantaloupe melon pieces served on a white plate.,31.00,90.00,1.000
dish_1558375886,almonds | sausage,1050.51,277.00,"A snack or light meal plate consisting of sliced sausage, a generous portion of almonds, and fresh grapes.",630.00,205.00,0.667
dish_1558376306,sausage,372.17,108.00,A small white bowl containing approximately 13 thick slices of pan-cooked smoked sausage.,530.00,160.00,1.000
dish_1558376734,sausage,206.76,60.00,A plate of roughly six bite-sized pieces of sliced and cooked smoked sausage.,310.00,105.00,1.000
dish_1558376874,almonds,335.30,58.00,A small bowl containing a portion of whole almonds,232.00,40.00,1.000
dish_1558376483,almonds | grapes | sausage,735.03,270.00,"A protein and fruit-heavy snack plate featuring sliced smoked sausage, a significant portion of almonds, fresh grapes, and cantaloupe.",595.00,265.00,0.750
dish_1558376801,,4.20,15.00,"A very small, appetizer-sized portion of seasoned seaweed salad garnished with shredded carrots.",27.00,30.00,0.000
dish_1558376938,grapes,51.06,74.00,A small bowl containing roughly 15 red seedless grapes.,72.00,105.00,1.000
dish_1558378516,grapes,92.46,134.00,A small white bowl filled with fresh red and green seedless grapes.,114.00,165.00,1.000
dish_1558378553,almonds,393.11,68.00,A small white bowl filled with a generous portion of whole raw almonds.,318.00,55.00,1.000
dish_1558377105,sausage,389.40,113.00,"A portion of sliced, cooked smoked sausage served in a small white bowl.",448.00,140.00,1.000
dish_1558379128,grapes,36.57,53.00,A small snack portion consisting of approximately 11 red grapes on a white plate.,45.00,66.00,1.000
dish_1558379182,almonds,323.74,56.00,A small portion of whole almonds in a white bowl.,203.00,35.00,1.000
dish_1558379273,sausage,227.44,66.00,A serving of sliced and pan-seared smoked sausage pieces in a white bowl.,360.00,120.00,1.000
dish_1558378634,grapes | almonds | sausage,874.97,315.00,"A snack or meal plate consisting of sliced smoked sausage, fresh grapes, and a generous portion of whole almonds.",635.00,255.00,1.000
dish_1558379639,sausage,385.95,112.00,A small bowl filled with several slices of browned smoked sausage.,560.00,175.00,1.000
dish_1558379324,cantaloupe,16.32,48.00,A small snack-sized portion of cubed fresh cantaloupe in a white bowl.,31.00,90.00,1.000
dish_1558379712,almonds,687.94,119.00,"A portion of whole, raw almonds in a small white bowl.",375.00,65.00,1.000
dish_1558380014,grapes,92.46,134.00,A small white bowl containing a mixture of fresh red and green seedless grapes.,138.00,200.00,1.000
dish_1558379391,sausage | almonds | grapes,604.06,223.00,"A mixed snack plate featuring cooked sausage slices, cantaloupe chunks, fresh red grapes, and whole almonds.",388.00,213.00,0.750
dish_1558380058,almonds,208.12,36.00,"A portion of whole, raw or dry-roasted almonds in a small white bowl.",190.00,33.00,1.000
dish_1558380414,grapes,35.88,52.00,A small snack portion consisting of 11 fresh grapes in a white bowl.,53.00,77.00,1.000
dish_1558380464,almonds,277.49,48.00,A small white bowl containing a single portion of whole almonds.,203.00,35.00,1.000
dish_1558380527,sausage,385.95,112.00,A serving of sliced and cooked smoked sausage in a small white bowl.,530.00,170.00,1.000
dish_1558381032,almonds,115.62,20.00,A small portion of whole almonds served in a white bowl.,100.00,17.00,1.000
dish_1558380557,grapes | almonds | sausage,699.32,212.00,"A protein and fat-heavy snack plate consisting of sliced smoked sausage, a pile of almonds, and a side of fresh grapes.",575.00,208.00,1.000
dish_1558380804,,7.56,27.00,"A very small portion of sautéed spinach mixed with shredded carrots, likely a side dish or garnish.",39.00,60.00,0.000
dish_1558381084,grapes,36.57,53.00,A small serving of approximately 10 red and green grapes.,41.00,60.00,1.000
dish_1558381143,sausage,182.64,53.00,Five slices of thick-cut smoked sausage served on a plate.,205.00,65.00,1.000
dish_1558381665,broccoli,17.85,51.00,A serving of plain steamed broccoli florets on a white plate.,38.00,110.00,1.000
dish_1558381708,green beans,16.43,53.00,A single serving of sautéed green beans served in a small white bowl.,85.00,110.00,1.000
dish_1558381742,,78.20,68.00,"A small plate containing roughly 16 dark, brine-cured olives.",172.00,72.00,0.000
dish_1558381819,tomatoes,22.10,65.00,A serving of nine raw cherry tomatoes on a white plate.,25.00,135.00,1.000
dish_1558381840,chicken,113.85,69.00,"A small portion of diced, cooked chicken breast served in a white bowl.",115.00,70.00,1.000
dish_1558381860,avocado,94.40,59.00,Three fresh wedges of avocado served on a small white plate.,112.00,70.00,1.000
dish_1558381206,grapes | almonds | sausage,342.39,153.00,"A small snack plate consisting of almonds, a variety of grapes, sliced sausage, and a small side of cooked spinach and carrots.",393.00,192.00,0.750
dish_1558381943,spinach (raw),13.80,60.00,"A serving of fresh baby spinach leaves on a red plate, likely lightly dressed.",30.00,60.00,1.000
dish_1558457468,cantaloupe,23.80,70.00,A small portion of fresh diced cantaloupe melon served in a white bowl.,41.00,120.00,1.000
dish_1558457415,sweet potato,60.80,80.00,A small serving of roasted or baked potato pieces on a white plate.,135.00,90.00,1.000
dish_1558457530,cauliflower,16.00,64.00,A very small portion of roasted cauliflower florets served on a white paper plate.,45.00,75.00,1.000
dish_1558382263,chicken | avocado | tomatoes | broccoli,356.63,425.00,"A healthy, protein-rich salad with a spinach base topped with grilled chicken, half an avocado, cherry tomatoes, green beans, broccoli, and olives.",369.00,390.00,0.667
dish_1558457577,eggs,172.60,111.00,"A small portion of scrambled eggs containing visible orange bits, likely cheddar cheese, served in a disposable paper bowl.",200.00,90.00,1.000
dish_1558458438,spinach (raw),3.22,14.00,A small portion of fresh raw baby spinach leaves.,6.00,25.00,1.000
dish_1558458496,grapes,53.13,77.00,A small bowl containing a mix of fresh red and green seedless grapes.,76.00,110.00,1.000
dish_1558458541,almonds,294.83,51.00,A small bowl containing a portion of raw whole almonds.,208.00,36.00,1.000
dish_1558457665,cantaloupe | sweet potato | eggs | cauliflower,273.20,325.00,"A plate containing roasted potatoes, roasted cauliflower, fresh cantaloupe cubes, and scrambled eggs.",347.00,370.00,1.000
dish_1558458737,white rice,41.60,32.00,A single serving of plain cooked white rice in a small white bowl.,117.00,90.00,1.000
dish_1558458847,apple,74.36,143.00,A single whole medium-sized red apple on a plate.,95.00,182.00,1.000
dish_1558458584,grapes | almonds,351.18,142.00,"A snack plate consisting of raw almonds, fresh grapes, and a small portion of baby spinach.",249.00,133.00,0.667
dish_1558458903,almonds,115.62,20.00,A small snack portion of almonds in a disposable white bowl.,105.00,18.00,1.000
dish_1558459020,cherry tomatoes,10.98,61.00,A small portion of six fresh red grape tomatoes on a white plate.,13.00,72.00,1.000
dish_1558459059,grapes,28.98,42.00,A small snack consisting of seven fresh red and green grapes on a white plate.,29.00,42.00,1.000
dish_1558459395,almonds,208.12,36.00,A small white bowl containing a portion of whole raw almonds.,147.00,25.00,1.000
dish_1558459115,almonds | apple | white rice | grapes,271.54,298.00,"A light snack or small meal consisting of a whole apple, a small portion of steamed white rice, a handful of almonds, cherry tomatoes, and grapes.",312.00,355.00,0.800
dish_1558459276,white rice,102.70,79.00,A small portion of cooked white rice.,130.00,100.00,1.000
dish_1558459602,spinach (raw),2.07,9.00,A small portion of fresh raw baby spinach leaves.,5.00,20.00,1.000
dish_1558459462,grapes,58.65,85.00,A small serving of fresh red and green seedless grapes on a white plate.,77.00,112.00,1.000
dish_1558459528,cherry tomatoes,11.52,64.00,A small portion consisting of seven fresh grape tomatoes.,15.00,85.00,1.000
dish_1558459945,apple,73.84,142.00,A single medium-sized whole apple on a white plate.,95.00,182.00,1.000
dish_1558459994,grapes,25.53,37.00,A small snack consisting of seven fresh red grapes on a small white plate.,34.00,49.00,1.000
dish_1558459664,white rice | almonds | grapes,383.06,273.00,"A varied plate consisting of a portion of white rice, a handful of almonds, fresh grapes, cherry tomatoes, and raw baby spinach.",423.00,345.00,0.600
dish_1558460061,grapes,40.71,59.00,A small portion of raw or dry-roasted almonds served in a white bowl.,230.00,40.00,0.000
dish_1558460138,cherry tomatoes,10.08,56.00,A simple snack or garnish consisting of five fresh cherry tomatoes on a white plate.,14.00,75.00,1.000
dish_1558460205,spinach (raw),1.84,8.00,A small serving of raw baby spinach leaves on a white plate.,4.00,15.00,1.000
dish_1558461431,spinach (raw),1.15,5.00,"A very small serving of fresh, raw baby spinach leaves in a white bowl.",3.00,15.00,1.000
dish_1558461607,grapes,87.63,127.00,A small portion of fresh red and green grapes in a white bowl.,83.00,120.00,1.000
dish_1558461692,almonds,231.24,40.00,A small serving of whole almonds.,145.00,25.00,1.000
dish_1558461760,cherry tomatoes,10.98,61.00,A small white plate containing five raw cherry tomatoes.,14.00,75.00,1.000
dish_1558460908,apple | grapes | cherry tomatoes,152.00,302.00,"A nutrient-dense snack plate consisting of a whole apple, a portion of almonds, fresh baby spinach, cherry tomatoes, and grapes.",307.00,305.00,0.600
dish_1558462036,spinach (raw),2.99,13.00,A small portion of raw baby spinach leaves served in a white bowl.,5.00,20.00,1.000
dish_1558462228,white rice,22.10,17.00,A very small portion of cooked white rice served in a white bowl.,46.00,35.00,1.000
dish_1558462106,grapes,25.53,37.00,A very small portion consisting of exactly seven red seedless grapes on a white plate.,30.00,45.00,1.000
dish_1558461792,grapes | almonds,331.00,233.00,"A light, healthy snack plate consisting of fresh produce and whole nuts.",277.00,246.00,0.500
dish_1558462531,cherry tomatoes,12.96,72.00,Six raw cherry tomatoes served on a small white plate.,14.00,75.00,1.000
dish_1558463113,white rice | grapes | cherry tomatoes,63.58,139.00,"A light snack or side plate featuring raw spinach, cherry tomatoes, red grapes, and a very small portion of cooked white rice.",87.00,155.00,0.750
dish_1558463362,cherry tomatoes,20.88,116.00,A small portion of ten fresh raw grape tomatoes.,22.00,120.00,1.000
dish_1558463429,grapes,42.09,61.00,A small snack portion consisting of approximately 12 red grapes.,55.00,80.00,1.000
dish_1558463562,almonds,369.98,64.00,A small white bowl containing a portion of whole almonds.,245.00,42.00,1.000
dish_1558468401,avocado,75.20,47.00,Two fresh avocado wedges on a white plate.,96.00,60.00,1.000
dish_1558463690,grapes | almonds,432.95,241.00,"A healthy snack plate containing a portion of whole raw almonds, fresh cherry tomatoes, and red seedless grapes.",271.00,270.00,0.667
dish_1558468285,,12.32,44.00,A small side salad of mixed spring greens with a light balsamic vinaigrette dressing.,33.00,45.00,
dish_1558468435,broccoli,28.00,80.00,A small side serving of steamed or boiled broccoli florets.,33.00,95.00,1.000
dish_1558468494,squash,15.79,77.00,A very small portion of cooked green zucchini and yellow summer squash slices.,60.00,75.00,1.000
dish_1558468547,squash,6.97,34.00,A small single serving of kimchi on a white square plate.,5.00,35.00,0.000
dish_1558468589,mushroom,12.10,55.00,A small serving of approximately 14 whole sautéed button mushrooms.,75.00,110.00,1.000
dish_1558468632,chicken,169.95,103.00,"A single-item meal consisting of plain, diced cooked chicken breast served on a square white plate.",175.00,105.00,1.000
dish_1558544427,eggs,160.16,103.00,"A plate of scrambled eggs, appearing to be seasoned or topped with a small amount of sauce.",220.00,150.00,0.500
dish_1558544663,oatmeal,141.44,208.00,A single serving of cooked oatmeal or porridge in a white bowl.,142.00,200.00,1.000
dish_1558544482,,38.19,67.00,A small portion of mixed fresh blackberries and raspberries served on a square white plate.,34.00,72.00,
dish_1558544870,eggs,198.35,170.00,A breakfast plate consisting of a portion of scrambled eggs served alongside fresh raspberries and blackberries.,238.00,200.00,1.000
dish_1558545738,apple,73.84,142.00,A single medium red and yellow apple on a white square plate.,95.00,182.00,1.000
dish_1558546434,spinach (raw),2.53,11.00,A very small portion of raw baby spinach leaves on a white square plate.,2.00,7.00,1.000
dish_1558546558,almonds,254.36,44.00,"A single portion of raw, whole almonds served on a white square plate.",170.00,28.00,1.000
dish_1558546663,almonds | apple,330.73,197.00,"A light snack plate featuring a whole red apple, a small serving of almonds, and fresh spinach.",250.00,228.00,0.667
dish_1558546918,white rice,70.20,54.00,A single serving of steamed white rice on a square plate.,117.00,90.00,1.000
dish_1558547008,potatoes,73.92,96.00,A small portion of roasted or sautéed potato chunks served on a white square plate.,165.00,110.00,1.000
dish_1558468731,avocado | chicken | broccoli | squash,320.33,440.00,"A varied salad bowl containing mixed greens, roasted chicken breast, avocado, broccoli, mushrooms, sweet potato, and zucchini with a visible dressing.",336.00,310.00,0.429
dish_1558547068,spinach (raw),2.53,11.00,A very small serving of raw green leafy vegetables on a white square plate.,5.00,20.00,1.000
dish_1558548666,white rice,97.50,75.00,A single portion of cooked white rice served on a square white plate.,169.00,130.00,1.000
dish_1558547124,almonds,144.53,25.00,A small snack portion of almonds served on a square white plate.,110.00,19.00,1.000
dish_1558548958,spinach (raw),2.30,10.00,A very small portion of raw baby spinach leaves on a white plate.,5.00,20.00,1.000
dish_1558549008,cherry tomatoes,20.70,115.00,A serving of 11 fresh raw grape tomatoes.,24.00,132.00,1.000
dish_1558549086,potatoes,73.15,95.00,A small serving of roasted potato chunks on a white square plate.,145.00,110.00,1.000
dish_1558549150,grapes,45.54,66.00,A small portion of approximately 12 mixed red and green grapes on a white plate.,52.00,75.00,1.000
dish_1558547205,potatoes | almonds | white rice,291.17,186.00,"A vegetarian plate containing white rice, roasted potato pieces, fresh baby spinach, and a portion of whole almonds.",365.00,225.00,0.750
dish_1558549773,spinach (raw),2.30,10.00,"A very small portion of wilted green leaves, likely baby spinach, served on a square white plate.",15.00,25.00,1.000
dish_1558549413,almonds,682.16,118.00,A portion of whole raw almonds served on a square white plate.,320.00,55.00,1.000
dish_1558549214,white rice | potatoes | cherry tomatoes | grapes,239.19,361.00,"A varied plate consisting of a portion of white rice, roasted potato wedges, cherry tomatoes, fresh baby spinach, and a small cluster of grapes.",461.00,505.00,0.800
dish_1558549605,white rice,97.50,75.00,A single portion of plain cooked white rice on a plate.,195.00,150.00,1.000
dish_1558550079,apple,73.84,142.00,A single medium whole red apple on a plate.,95.00,182.00,1.000
dish_1558550127,almonds,127.18,22.00,A small portion of raw or dry-roasted whole almonds on a square white plate.,105.00,18.00,1.000
dish_1558550181,grapes,28.98,42.00,A very small snack consisting of seven red seedless grapes.,29.00,42.00,1.000
dish_1558549806,almonds | white rice,781.96,203.00,"A simple meal consisting of a large portion of almonds, a side of white rice, and a small serving of spinach.",519.00,170.00,0.667
dish_1558550218,almonds | grapes | apple,230.00,206.00,"A healthy snack consisting of a whole apple, a small portion of almonds, and a few red grapes.",208.00,209.00,1.000
dish_1558628339,bacon,70.33,13.00,A single slice of cooked bacon on a plate.,54.00,12.00,1.000
dish_1558628888,eggs,111.96,72.00,A plate containing a portion of scrambled eggs.,165.00,110.00,1.000
dish_1558628515,,31.92,56.00,A very small snack portion consisting of twelve fresh berries (six raspberries and six blackberries) served on a white square plate.,28.00,60.00,
dish_1558628711,yam | sweet potato,129.06,129.00,A sparse portion of mixed roasted sweet and white potato chunks served on a square white plate.,120.00,95.00,0.500
dish_1558628921,carrot,24.60,60.00,"A small serving of cooked, sliced carrots on a plate.",70.00,85.00,1.000
dish_1558628760,yam | sweet potato | bacon,231.31,198.00,"A breakfast or brunch plate featuring a mix of roasted white and sweet potato chunks, a single slice of bacon, and a small portion of fresh blackberries and raspberries.",259.00,195.00,0.667
dish_1558629013,,26.40,80.00,A small portion of sliced fresh strawberries on a white plate.,24.00,75.00,
dish_1558628956,garden salad,9.04,14.00,"A very small side salad or garnish consisting of baby spinach and a few carrot slivers, lightly dressed with oil.",24.00,22.00,0.000
dish_1558629444,almonds,225.46,39.00,A serving of whole almonds on a white plate,185.00,32.00,1.000
dish_1558629041,eggs | carrot | garden salad,172.00,226.00,"A breakfast or brunch plate consisting of scrambled eggs, fresh strawberries, cooked carrots, and raw spinach leaves.",266.00,365.00,0.500
dish_1558629398,tomatoes,21.76,64.00,A very small snack or remnant of a meal consisting of five whole cherry tomatoes and a single small sliver of carrot on a square white plate.,15.00,76.00,0.500
dish_1558629488,cauliflower,16.00,64.00,A small serving of plain cauliflower florets on a white plate.,21.00,85.00,1.000
dish_1558629644,,4.20,15.00,A small portion of mixed leafy greens on a white square plate.,5.00,20.00,
dish_1558629578,cauliflower,22.50,90.00,A plate of cauliflower florets with a single small piece of carrot.,34.00,132.00,0.500
dish_1558629517,cauliflower | tomatoes | almonds,263.22,167.00,"A fresh snack plate consisting of a handful of almonds, raw cauliflower florets, and five cherry tomatoes.",216.00,177.00,1.000
dish_1558629677,apple,73.84,142.00,A single whole red apple served on a white square plate.,95.00,182.00,1.000
dish_1558629818,almonds,156.09,27.00,A small snack consisting of approximately 20 whole almonds.,140.00,24.00,1.000
dish_1558629715,apple | cauliflower,100.54,247.00,"A healthy snack or side plate featuring a whole apple, raw cauliflower florets, and a small portion of mixed leafy greens.",130.00,332.00,1.000
dish_1558629878,apple,73.84,142.00,A single medium-sized whole red apple on a white square plate.,95.00,182.00,1.000
dish_1558630176,apple,73.84,142.00,A single whole red apple on a white square plate.,83.00,160.00,1.000
dish_1558630207,almonds,670.60,116.00,A small white square plate containing a pile of whole almonds.,320.00,55.00,1.000
dish_1558630038,cauliflower,12.75,51.00,A very sparse plate containing a small portion of cauliflower florets and a single carrot shred.,12.00,46.00,0.500
dish_1558630072,apple | almonds | grapes,294.43,295.00,"A snack plate with a whole apple, a small cluster of grapes, raw cauliflower florets, and a portion of whole almonds.",276.00,322.00,0.750
dish_1558630288,garden salad,7.11,11.00,A very small serving or remnant of mixed salad greens on a white plate.,5.00,20.00,0.000
dish_1558630450,grapes,86.25,125.00,A serving of fresh red and green seedless grapes on a small white plate.,100.00,145.00,1.000
dish_1558630325,apple | almonds,751.54,269.00,"A nutritious snack plate consisting of a whole fresh apple, a generous serving of whole almonds, and a small side of mixed baby greens.",460.00,235.00,1.000
dish_1558630488,cantaloupe,29.92,88.00,Several bite-sized pieces of fresh cantaloupe melon served on a white square plate.,34.00,100.00,1.000
dish_1558630600,apple,73.84,142.00,A single medium red apple on a white plate.,95.00,182.00,1.000
dish_1558630006,grapes,51.75,75.00,A small serving of approximately thirteen assorted red and green grapes on a square white plate.,60.00,87.00,1.000
dish_1558630649,cantaloupe | grapes | apple,190.01,355.00,"A light fruit plate consisting of red grapes, cubed cantaloupe, and a whole red apple.",226.00,435.00,1.000
dish_1558630737,cauliflower,22.25,89.00,A plate of plain white cauliflower florets.,38.00,150.00,1.000
dish_1558630814,almonds,196.55,34.00,A small snack portion of whole almonds on a white plate.,145.00,25.00,1.000
dish_1558630867,apple,73.84,142.00,"A single, whole red apple served on a square white plate.",95.00,182.00,1.000
dish_1558631872,cherry tomatoes,16.02,89.00,A small serving consisting of 10 raw cherry tomatoes on a square white plate.,22.00,120.00,1.000
dish_1558631904,apple,80.08,154.00,A single medium red apple served whole on a white square plate.,91.00,175.00,1.000
dish_1558630932,apple | cauliflower | almonds,292.64,265.00,"A snack plate featuring a whole red apple, a handful of raw almonds, and fresh cauliflower florets.",242.00,250.00,1.000
dish_1558631825,corn on the cob,118.83,112.00,Two circular sections of boiled or steamed corn on the cob.,75.00,90.00,1.000
dish_1558632130,cantaloupe,33.66,99.00,"A plate of sliced orange melon pieces, likely cantaloupe.",51.00,150.00,1.000
dish_1558632080,corn on the cob,72.15,68.00,A single small slice of boiled or steamed corn on the cob on a white plate.,15.00,25.00,1.000
dish_1558632445,almonds,526.07,91.00,A large portion of whole almonds served on a small white plate.,464.00,80.00,1.000
dish_1558631932,apple | corn on the cob | cherry tomatoes,214.93,355.00,"A healthy snack plate featuring a whole apple, two pieces of corn on the cob, and a handful of grape tomatoes.",142.00,330.00,1.000
dish_1558632198,garden salad,16.80,26.00,A very small portion of mixed leafy salad greens with a couple of stray corn kernels.,4.00,16.00,0.000
dish_1558632799,corn on the cob,20.16,19.00,A single small slice of corn on the cob on a large white plate.,15.00,20.00,1.000
dish_1558632233,garden salad | corn on the cob | cantaloupe,122.60,193.00,"A small side plate featuring fresh cantaloupe melon chunks, a handful of mixed leafy greens, and a slice of corn on the cob.",72.00,170.00,0.667
dish_1558632921,apple,80.60,155.00,A single medium-sized red apple on a white square plate.,96.00,185.00,1.000
dish_1558632959,cherry tomatoes,16.02,89.00,A small serving of 10 raw grape tomatoes on a white plate.,16.00,90.00,1.000
dish_1558632990,cauliflower,25.25,101.00,A single serving of white cauliflower florets presented on a square white plate.,33.00,130.00,1.000
dish_1558632475,corn on the cob,118.83,112.00,Two small cross-sections of yellow corn on the cob on a white plate.,65.00,80.00,1.000
dish_1558633158,carrot,34.85,85.00,"A side serving of sliced, cooked carrots on a white plate.",70.00,95.00,1.000
dish_1558635400,cauliflower,25.00,100.00,A serving of plain cauliflower florets distributed on a white square plate.,38.00,150.00,1.000
dish_1558633221,corn on the cob | cherry tomatoes | apple | cauliflower | carrot,176.88,449.00,"A vegetable and fruit snack plate featuring raw cauliflower, a whole apple, cherry tomatoes, sliced carrots, and a small portion of corn on the cob.",185.00,500.00,1.000
dish_1558635523,white rice,55.90,43.00,"A small, partial serving of cooked white rice on a plate.",58.00,45.00,1.000
dish_1558635489,corn on the cob,78.51,74.00,Two small rounds of steamed or boiled corn on the cob served on a white plate.,48.00,50.00,1.000
dish_1558635546,apple,60.84,117.00,A single whole medium red apple on a white square plate.,95.00,182.00,1.000
dish_1558635865,corn on the cob,20.16,19.00,A single small round slice of corn on the cob.,38.00,40.00,1.000
dish_1558635962,almonds,52.03,9.00,A small portion of almonds served on a square white plate.,165.00,28.00,1.000
dish_1558635933,cantaloupe,33.32,98.00,A plate containing several bite-sized pieces of fresh cantaloupe melon.,34.00,100.00,1.000
dish_1558635618,corn on the cob | apple | white rice | cauliflower,220.25,334.00,"A simple meal featuring a small portion of white rice, two slices of corn on the cob, cauliflower florets, and a whole red apple.",245.00,395.00,1.000
dish_1558635994,grapes,93.84,136.00,"A plate of approximately 27 fresh mixed red, purple, and green seedless grapes.",112.00,162.00,1.000
dish_1558636388,cauliflower,24.00,96.00,A small serving of plain cauliflower florets on a white square plate.,30.00,120.00,1.000
dish_1558636028,grapes | corn on the cob | cantaloupe,199.35,262.00,"A snack or side plate consisting of fresh mixed grapes, cantaloupe melon pieces, a small pile of almonds, and a single medallion of corn on the cob.",330.00,360.00,0.750
dish_1558636514,cherry tomatoes,16.02,89.00,A serving of eleven fresh grape tomatoes on a white plate.,24.00,132.00,1.000
dish_1558636483,apple,80.08,154.00,"A whole, raw red apple presented on a square white plate.",95.00,182.00,1.000
dish_1558636544,almonds,410.45,71.00,A portion of whole almonds served on a square white plate.,260.00,45.00,1.000
dish_1558636763,apple,60.84,117.00,A single medium-sized whole red apple served on a square white plate.,95.00,182.00,1.000
dish_1558636582,apple | almonds,530.55,410.00,"A snack plate featuring a whole red apple, a handful of almonds, cherry tomatoes, and raw cauliflower florets.",309.00,440.00,0.500
dish_1558636813,grapes,60.72,88.00,A small snack-sized portion of roughly 16 fresh red and green grapes served on a square white plate.,78.00,112.00,1.000
dish_1558636902,carrot,38.95,95.00,A portion of sliced cooked carrots on a white square plate.,65.00,110.00,1.000
dish_1558636928,cherry tomatoes,16.02,89.00,A small portion of ten raw grape tomatoes on a white plate.,20.00,110.00,1.000
dish_1558636868,almonds,46.25,8.00,A small handful of raw almonds served on a square white plate.,165.00,28.00,1.000
dish_1558637214,grapes,11.04,16.00,A small serving of 8 red seedless grapes on a plate.,40.00,56.00,1.000
dish_1558637247,corn on the cob,117.77,111.00,Two small cross-sections of yellow corn on the cob served on a square white plate.,45.00,90.00,1.000
dish_1558636980,apple | grapes | carrot | cherry tomatoes,222.78,397.00,"A fresh snack platter featuring a variety of raw fruits, vegetables, and nuts.",360.00,523.00,0.800
dish_1558637351,apple,80.08,154.00,"A single, whole red apple served on a white square plate.",95.00,182.00,1.000
dish_1558637393,almonds,739.97,128.00,A white square plate containing a pile of whole almonds.,320.00,55.00,1.000
dish_1558637698,cauliflower,12.25,49.00,A serving of steamed or raw cauliflower florets on a white plate.,28.00,110.00,1.000
dish_1558637769,apple,80.08,154.00,A single whole red apple served on a white square plate.,95.00,182.00,1.000
dish_1558637896,grapes,84.87,123.00,A small portion of fresh red and green grapes scattered on a white plate.,87.00,126.00,1.000
dish_1558637423,corn on the cob | apple | almonds,948.86,409.00,"A snack or side plate containing a large portion of almonds, two slices of corn on the cob, red grapes, and a small whole apple.",468.00,290.00,0.750
dish_1558638137,apple,60.84,117.00,A single medium-sized whole red apple served on a square white plate.,95.00,182.00,1.000
dish_1558637932,corn on the cob | apple | grapes,248.29,393.00,"A snack or light meal plate consisting of a whole red apple, a slice of corn, several raw cauliflower florets, and a portion of grapes.",212.00,387.00,0.750
dish_1558637865,corn on the cob,71.09,67.00,A single small slice of corn on the cob on a white plate.,20.00,25.00,1.000
dish_1558638216,white rice,55.90,43.00,A single portion of cooked white rice served on a square white plate.,130.00,100.00,1.000
dish_1558638844,apple,80.08,154.00,A single raw red apple on a square white plate.,95.00,182.00,1.000
dish_1558638163,carrot,40.59,99.00,"A small portion of cooked, sliced carrots with a glossy finish on a white square plate.",85.00,110.00,1.000
dish_1558638924,cauliflower,6.25,25.00,A small serving of cauliflower florets on a white square plate.,15.00,60.00,1.000
dish_1558638292,cantaloupe | apple | white rice | carrot,190.31,356.00,"A plate containing a serving of white rice, cooked sliced carrots, fresh cantaloupe chunks, and a whole apple.",350.00,525.00,1.000
dish_1558638896,cherry tomatoes,22.68,126.00,"A plate containing eleven fresh, raw grape tomatoes.",24.00,132.00,1.000
dish_1558638983,corn on the cob,59.42,56.00,A single small portion of corn on the cob served on a square white plate.,28.00,35.00,1.000
dish_1558638954,grapes,89.01,129.00,A small snack consisting of approximately 25 fresh red and green grapes.,103.00,150.00,1.000
dish_1558639138,carrot,22.14,54.00,A serving of sliced cooked carrots presented on a small square white plate.,70.00,110.00,1.000
dish_1558639167,apple,80.08,154.00,A single whole red apple on a square white plate.,95.00,182.00,1.000
dish_1558639089,grapes,19.32,28.00,A small serving of 11 fresh mixed grapes on a white plate.,46.00,67.00,1.000
dish_1558639012,cherry tomatoes | corn on the cob | apple | grapes,257.44,490.00,"A fresh produce plate consisting of a whole red apple, red grapes, cherry tomatoes, raw cauliflower florets, and a small slice of corn on the cob.",255.00,512.00,0.800
dish_1558639266,corn on the cob,30.77,29.00,A single small portion of corn on the cob served on a white square plate.,35.00,40.00,1.000
dish_1558639221,cauliflower,24.50,98.00,A modest portion of plain cauliflower florets on a white square plate.,30.00,120.00,1.000
dish_1558639306,carrot,40.59,99.00,"A portion of sliced, cooked carrots on a white plate.",75.00,110.00,1.000
dish_1558639335,apple,60.32,116.00,A single medium-sized red apple served on a white square plate.,95.00,182.00,1.000
dish_1558639412,cantaloupe,32.98,97.00,A serving of fresh sliced cantaloupe melon pieces on a square white plate.,60.00,175.00,1.000
dish_1558639440,apple,60.32,116.00,A single medium-sized red apple on a square white plate.,95.00,182.00,1.000
dish_1558639195,grapes | carrot | corn on the cob | apple,238.25,346.00,"A plate containing a whole red apple, diagonal-cut carrots, two small corn on the cob rounds, and a portion of red and green grapes.",253.00,467.00,1.000
dish_1558639482,corn on the cob,30.77,29.00,A single small coblet or slice of sweet corn on a white plate.,45.00,50.00,1.000
dish_1558639526,carrot,31.98,78.00,"A side portion of sliced, cooked carrots.",55.00,90.00,1.000
dish_1558639555,cantaloupe | corn on the cob | carrot | apple,156.05,320.00,"A fruit and vegetable plate containing a whole apple, a piece of corn on the cob, cubed melon, and cooked carrot slices.",236.00,427.00,1.000
dish_1558639588,almonds,121.40,21.00,A single portion of whole almonds served on a square white plate.,175.00,30.00,1.000
dish_1558639362,cauliflower | apple | carrot | corn on the cob,156.18,342.00,"A vegetarian plate consisting of fresh cauliflower florets, sliced cooked carrots, a small round of corn on the cob, and a whole red apple.",215.00,442.00,1.000
dish_1558639630,corn on the cob,116.71,110.00,Two small round slices of corn on the cob served on a white square plate.,58.00,60.00,1.000
dish_1558639662,cherry tomatoes,16.02,89.00,A small serving of fresh grape tomatoes on a square white plate.,25.00,140.00,1.000
dish_1558639673,cherry tomatoes,16.02,89.00,A small serving of 11 raw cherry tomatoes.,30.00,165.00,1.000
dish_1558639683,cherry tomatoes,16.02,89.00,A serving of approximately 11 fresh grape tomatoes on a square white plate.,24.00,132.00,1.000
dish_1558639787,cauliflower,24.75,99.00,A plate of steamed or boiled cauliflower florets.,35.00,120.00,1.000
dish_1558639752,corn on the cob | cherry tomatoes | almonds,254.13,220.00,"A snack or small side plate featuring a portion of almonds, several cherry tomatoes, and two small rounds of corn on the cob.",253.00,240.00,1.000
dish_1558639818,cantaloupe,20.06,59.00,A side plate containing several bite-sized pieces of fresh cantaloupe melon.,46.00,135.00,1.000
dish_1558639849,carrot,23.37,57.00,A small portion of sliced cooked carrots served on a white square plate.,35.00,75.00,1.000
dish_1558639907,cherry tomatoes,10.44,58.00,Seven fresh grape tomatoes served on a white square plate.,15.00,84.00,1.000
dish_1558639949,cantaloupe,21.76,64.00,A small portion of freshly cut cantaloupe melon pieces on a white plate.,31.00,90.00,1.000
dish_1558639979,almonds,520.29,90.00,A pile of whole almonds served on a small square white plate.,376.00,65.00,1.000
dish_1558639876,carrot | cantaloupe | cauliflower,68.18,215.00,"A health-oriented plate consisting of sliced carrots, cubed cantaloupe melon, and raw cauliflower florets.",85.00,270.00,1.000
dish_1558640074,apple,60.32,116.00,A single medium-sized whole red apple on a white square plate.,95.00,182.00,1.000
dish_1558640105,corn on the cob,77.45,73.00,Two small pieces of boiled or steamed corn on the cob on a white plate.,30.00,55.00,1.000
dish_1558640039,carrot,40.18,98.00,"A serving of sliced cooked carrots, likely steamed or sautéed, presented on a white plate.",65.00,130.00,1.000
dish_1558640008,almonds,552.49,212.00,"A healthy snack plate containing a large portion of almonds, several cherry tomatoes, and sliced cantaloupe melon.",394.00,250.00,0.333
dish_1558640190,cantaloupe,19.72,58.00,A plate of fresh orange-fleshed cantaloupe melon pieces.,55.00,160.00,1.000
dish_1558640238,cherry tomatoes,22.68,126.00,A plate containing 10 fresh grape tomatoes.,22.00,120.00,1.000
dish_1558640145,carrot | apple | corn on the cob,177.95,287.00,"A plate of whole fruit and cooked vegetables consisting of a whole red apple, sliced glazed carrots, and two rounds of corn on the cob.",198.00,340.00,1.000
dish_1558640267,grapes,63.48,92.00,A plate containing a portion of approximately 25 fresh red seedless grapes.,86.00,125.00,1.000
dish_1558640311,grapes | cantaloupe | cherry tomatoes,105.88,276.00,"A light snack plate consisting of fresh red and green grapes, cherry tomatoes, and cantaloupe melon pieces.",144.00,380.00,1.000
dish_1558640373,cherry tomatoes | grapes | cantaloupe,105.88,276.00,"A platter containing fresh grapes, grape tomatoes, and cantaloupe melon chunks.",181.00,430.00,1.000
dish_1558640294,cantaloupe | cherry tomatoes,42.40,184.00,"A fresh produce plate containing red grapes, cherry tomatoes, and cantaloupe melon pieces.",151.00,377.00,0.667
dish_1558640418,carrot,14.35,35.00,A small serving of sliced cooked carrots on a white square plate.,35.00,95.00,1.000
dish_1558640450,apple,80.08,154.00,A single whole red apple on a white square plate.,91.00,175.00,1.000
dish_1558640563,cherry tomatoes,4.14,23.00,Four fresh grape tomatoes served on a white square plate.,12.00,50.00,1.000
dish_1558640477,corn on the cob,59.42,56.00,A single small piece of corn on the cob served on a square white plate.,35.00,45.00,1.000
dish_1558640513,carrot | apple | corn on the cob,153.85,245.00,"A light snack or vegetable side plate consisting of a whole fresh apple, a small piece of corn on the cob, and several slices of cooked carrots.",140.00,260.00,1.000
dish_1558640604,apple,60.84,117.00,A single whole medium red apple on a white plate.,95.00,182.00,1.000
dish_1558640593,apple,60.32,116.00,A single whole red apple on a square white plate.,104.00,200.00,1.000
dish_1558640614,apple,60.32,116.00,A single medium-sized whole red apple on a square white plate.,95.00,182.00,1.000
dish_1558640748,cauliflower,14.50,58.00,"A serving of plain, white cauliflower florets on a square plate.",25.00,100.00,1.000
dish_1558640671,cantaloupe,32.30,95.00,A small portion of fresh sliced cantaloupe melon pieces.,43.00,125.00,1.000
dish_1558640705,apple | cantaloupe,96.76,234.00,A light snack or side plate consisting of fresh fruit and cherry tomatoes.,121.00,300.00,0.667
dish_1558640781,apple,80.08,154.00,A single medium-sized whole red apple served on a square white plate.,95.00,182.00,1.000
dish_1558640808,carrot,10.66,26.00,"A small side serving of diagonally sliced, cooked orange carrots on a white plate.",35.00,85.00,1.000
dish_1558640882,cantaloupe,32.30,95.00,A small portion of fresh cut cantaloupe melon pieces.,51.00,150.00,1.000
dish_1558640849,apple | cauliflower | carrot,105.24,238.00,"A healthy snack or side plate consisting of cauliflower florets, sliced cooked carrots, and a whole red apple.",150.00,375.00,1.000
dish_1558640917,cauliflower,5.25,21.00,"A small portion of cauliflower florets, approximately six pieces, served on a white square plate.",23.00,90.00,1.000
dish_1558640941,carrot,21.73,53.00,"A small portion of sliced, cooked carrots on a white plate.",28.00,70.00,1.000
dish_1558641007,carrot,23.37,57.00,"A very small portion of sliced, cooked carrots on a white plate.",35.00,50.00,1.000
dish_1558641075,cherry tomatoes,12.42,69.00,Five fresh cherry tomatoes on a white square plate.,15.00,85.00,1.000
dish_1558641037,apple,60.84,117.00,A single medium red apple served on a white square plate.,95.00,182.00,1.000
dish_1558641164,apple,80.08,154.00,A single whole medium red apple on a white plate.,95.00,182.00,1.000
dish_1558641200,carrot,3.28,8.00,"A very small portion of cooked, sliced carrots on a white plate.",15.00,35.00,1.000
dish_1558641108,cherry tomatoes | apple | carrot,96.63,243.00,"A fresh snack plate featuring a whole red apple, five grape tomatoes, and sliced carrots.",126.00,292.00,1.000
dish_1558640979,cantaloupe | cauliflower | carrot,59.28,169.00,"A vegetable and fruit snack plate consisting of cauliflower, roasted carrots, and cantaloupe.",85.00,165.00,1.000
dish_1558641211,carrot,3.28,8.00,"A very small side portion of sliced, cooked carrots.",22.00,35.00,1.000
dish_1558641287,cherry tomatoes,11.52,64.00,A small serving consisting of nine fresh grape tomatoes on a white plate.,20.00,108.00,1.000
dish_1558641253,corn on the cob,116.71,110.00,Two small rounds of boiled or steamed corn on the cob served on a white square plate.,55.00,100.00,1.000
dish_1558641358,cauliflower,24.25,97.00,A plate containing several plain cauliflower florets.,38.00,150.00,1.000
dish_1558641391,cantaloupe,19.72,58.00,A plate containing several bite-sized pieces of cantaloupe melon.,44.00,130.00,1.000
dish_1558641416,corn on the cob,59.42,56.00,A single small medallion of corn on the cob.,25.00,40.00,1.000
dish_1558641442,cauliflower | cantaloupe | corn on the cob,103.39,211.00,"A light snack or side dish plate consisting of raw or steamed cauliflower florets, a small slice of corn on the cob, and fresh cantaloupe chunks.",90.00,260.00,1.000
dish_1558641320,apple | corn on the cob | cherry tomatoes,211.59,336.00,"A fresh produce plate consisting of a whole red apple, sliced carrots, two rounds of corn on the cob, and several cherry tomatoes.",180.00,395.00,0.750
dish_1558641926,apple,80.08,154.00,A single whole red and yellow apple served on a square white plate.,104.00,200.00,1.000
dish_1558641897,corn on the cob,116.71,110.00,Two small circular slices of yellow corn on the cob served on a square white plate.,70.00,80.00,1.000
dish_1558641954,cherry tomatoes,18.36,102.00,A small serving of eight raw red grape tomatoes on a white square plate.,18.00,100.00,1.000
dish_1558641989,cauliflower,13.75,55.00,A serving of plain steamed cauliflower florets on a white plate.,23.00,90.00,1.000
dish_1558642089,carrot,39.36,96.00,A side portion of sliced cooked carrots served on a white square plate.,35.00,75.00,1.000
dish_1558642458,cauliflower,23.00,92.00,A serving of several steamed or boiled cauliflower florets on a white square plate.,30.00,120.00,1.000
dish_1558642420,carrot,38.95,95.00,A side serving of diagonal-cut cooked carrots on a white square plate.,52.00,115.00,1.000
dish_1558642490,carrot | cauliflower,61.95,187.00,A side plate of vegetables featuring sliced cooked carrots and fresh or steamed cauliflower florets.,75.00,205.00,1.000
dish_1558642021,apple | corn on the cob | cherry tomatoes | cauliflower,228.90,421.00,"A health-oriented plate consisting of a whole red apple, multiple cherry tomatoes, two rounds of corn on the cob, and several raw cauliflower florets.",170.00,405.00,1.000
dish_1558717604,apple,73.84,142.00,A single medium-sized whole red apple served on a square white plate.,95.00,182.00,1.000
dish_1558717886,apple,73.84,142.00,A single medium-sized whole red apple served on a white square plate.,104.00,200.00,1.000
dish_1558718009,cantaloupe,25.84,76.00,A small serving of fresh cantaloupe melon pieces.,34.00,100.00,1.000
dish_1558718051,cauliflower,24.25,97.00,A side serving of plain steamed cauliflower florets with one small sliver of carrot.,29.00,113.00,0.500
dish_1558718587,cauliflower,10.25,41.00,A small portion of cooked cauliflower florets served on a white square plate.,25.00,100.00,1.000
dish_1558718610,corn on the cob,113.53,107.00,Two thick slices of steamed or boiled corn on the cob served plain.,42.00,80.00,1.000
dish_1558718088,apple | corn on the cob | cantaloupe | cauliflower,219.42,405.00,"A plant-based meal consisting of a fresh whole apple, two slices of corn on the cob, steamed cauliflower florets, and cooked sweet potato chunks.",247.00,427.00,0.600
dish_1558718649,cantaloupe,25.84,76.00,A serving of fresh orange cantaloupe chunks on a square white plate.,48.00,140.00,1.000
dish_1558718680,almonds,132.96,23.00,A single portion of whole almonds on a small square white plate.,175.00,30.00,1.000
dish_1558719040,cantaloupe,31.96,94.00,A small portion of freshly cut cantaloupe melon on a square plate.,44.00,130.00,1.000
dish_1558719066,apple,73.84,142.00,A single medium-sized red apple presented on a white square plate.,95.00,182.00,1.000
dish_1558718974,almonds,422.01,73.00,"A single portion of whole, unpeeled almonds on a white plate.",290.00,50.00,1.000
dish_1558718906,corn on the cob | cantaloupe | almonds,282.58,247.00,"A snack or light meal plate consisting of whole almonds, corn rounds, cantaloupe, and raw cauliflower florets.",267.00,216.00,0.750
dish_1558719298,almonds,265.93,46.00,A portion of approximately 30 whole almonds served in a white bowl.,210.00,36.00,1.000
dish_1558719097,cherry tomatoes,19.26,107.00,A plate containing eight raw cherry tomatoes.,22.00,120.00,1.000
dish_1558719145,cantaloupe | almonds | apple,547.07,416.00,"A healthy snack plate containing a whole apple, a large portion of almonds, cherry tomatoes, and sliced cantaloupe.",433.00,450.00,0.750
dish_1558719336,cauliflower,24.25,97.00,A portion of cooked cauliflower florets served on a square white plate.,35.00,140.00,1.000
dish_1558719377,apple,73.84,142.00,A single medium-sized whole red apple on a plate.,95.00,182.00,1.000
dish_1558719570,apple,74.36,143.00,A single whole fresh red apple served on a square white plate.,95.00,182.00,1.000
dish_1558719401,corn on the cob,51.99,49.00,A single small circular slice of corn on the cob served on a white square plate.,25.00,30.00,1.000
dish_1558720097,carrot,30.34,74.00,"A serving of sliced carrots, likely steamed or sautéed with a glaze.",85.00,115.00,1.000
dish_1558719994,almonds,768.87,133.00,A plate containing a generous portion of whole almonds.,463.00,80.00,1.000
dish_1558720133,cauliflower,14.25,57.00,A small serving of plain-looking cauliflower florets on a square white plate.,18.00,70.00,1.000
dish_1558719514,almonds | apple | corn on the cob | cauliflower,433.29,430.00,"A whole food snack plate consisting of a whole red apple, a portion of raw almonds, fresh cherry tomatoes, raw cauliflower florets, and a small segment of corn on the cob.",391.00,452.00,0.800
dish_1558720335,cantaloupe,15.64,46.00,A small portion of sliced cantaloupe melon served on a square plate.,24.00,70.00,1.000
dish_1558720236,apple | almonds,887.82,407.00,"A healthy snack or light meal plate consisting of cooked sliced carrots, raw cauliflower florets, a large portion of whole almonds, and a whole fresh apple.",461.00,375.00,0.500
dish_1558720364,apple,73.84,142.00,A single fresh red apple presented on a white square plate.,94.00,180.00,1.000
dish_1558720396,corn on the cob,95.49,90.00,Two small slices of corn on the cob served on a square white plate.,45.00,50.00,1.000
dish_1558720289,cauliflower,20.00,80.00,"A serving of plain, lightly steamed cauliflower florets presented on a white square plate.",35.00,140.00,1.000
dish_1558721323,cantaloupe,31.62,93.00,A small portion of sliced cantaloupe arranged on a square white plate.,51.00,150.00,1.000
dish_1558721345,cauliflower,19.50,78.00,A serving of cooked cauliflower florets.,30.00,120.00,1.000
dish_1558721272,carrot,29.52,72.00,A small serving of sautéed or roasted sliced carrots on a square plate.,55.00,90.00,1.000
dish_1558721380,cherry tomatoes,19.26,107.00,A serving of nine raw grape tomatoes on a white plate.,20.00,110.00,1.000
dish_1558721484,cherry tomatoes,11.16,62.00,Four raw grape tomatoes on a white square plate.,10.00,45.00,1.000
dish_1558721533,cantaloupe,18.70,55.00,A small portion of sliced cantaloupe melon chunks.,27.00,80.00,1.000
dish_1558721559,carrot,37.72,92.00,A single serving of diagonally sliced cooked carrots.,42.00,90.00,1.000
dish_1558721587,corn on the cob,95.49,90.00,Two small pieces of boiled or steamed corn on the cob served on a square white plate.,70.00,80.00,1.000
dish_1558721434,cherry tomatoes | carrot | cauliflower | cantaloupe,99.90,350.00,"A vegetable and fruit plate consisting of cauliflower florets, cherry tomatoes, cooked carrot slices, and cantaloupe cubes.",115.00,380.00,1.000
dish_1558721636,carrot | corn on the cob | cantaloupe | cherry tomatoes,163.07,299.00,"A vegetable and fruit plate featuring sliced carrots, cherry tomatoes, corn rounds, and cantaloupe pieces.",111.00,285.00,1.000
dish_1558721669,cauliflower,24.25,97.00,A plate containing several pieces of plain cauliflower florets.,30.00,120.00,1.000
dish_1558721726,apple,74.36,143.00,A single medium-sized red apple served on a square white plate.,94.00,182.00,1.000
dish_1558721757,almonds,768.87,133.00,"A pile of whole, raw almonds on a small white square plate.",348.00,60.00,1.000
dish_1558721700,cantaloupe,19.04,56.00,A small serving of fresh cantaloupe wedges on a square white plate.,38.00,110.00,1.000
dish_1558721904,apple,74.36,143.00,A single medium red apple on a white plate.,95.00,182.00,1.000
dish_1558721959,cherry tomatoes,11.16,62.00,A small portion of five fresh cherry tomatoes on a white plate.,16.00,90.00,1.000
dish_1558721827,apple | almonds,886.52,429.00,"A raw snack or meal plate consisting of a generous portion of almonds, fresh cauliflower, carrot slices, and a whole apple.",465.00,335.00,0.500
dish_1558721980,cantaloupe,26.86,79.00,"A small serving of sliced orange fruit, likely cantaloupe, on a white square plate.",32.00,95.00,1.000
dish_1558721931,cauliflower,13.25,53.00,A very small serving consisting of four cauliflower florets and a single corn kernel on a white plate.,14.00,51.00,0.500
dish_1558722125,almonds,497.17,86.00,A small plate containing a generous serving of whole raw almonds.,350.00,60.00,1.000
dish_1558722068,almonds,179.21,31.00,A small portion of whole almonds served on a square white plate.,125.00,21.00,1.000
dish_1558722103,apple | cantaloupe | almonds,304.84,368.00,"A healthy snack plate containing a whole apple, a serving of almonds, and raw vegetables including carrots, cherry tomatoes, and cauliflower.",254.00,319.00,0.333
dish_1558722171,cauliflower,24.25,97.00,A small serving of steamed or boiled cauliflower florets on a white square plate.,24.00,90.50,0.500
dish_1558722207,apple,83.20,160.00,A single whole red apple on a white square plate,95.00,182.00,1.000
dish_1558722247,almonds | apple,604.62,343.00,"A snack plate featuring a whole red apple, a substantial serving of almonds, and raw cauliflower florets.",520.00,332.00,0.667
dish_1558722322,carrot,37.72,92.00,"A portion of sliced, cooked carrots on a white square plate.",45.00,90.00,1.000
dish_1558722398,apple,83.72,161.00,A single medium-sized whole red apple on a square white plate.,95.00,182.00,1.000
dish_1558722370,cauliflower,19.75,79.00,A white plate containing approximately eight cauliflower florets.,28.00,110.00,1.000
dish_1558722434,cherry tomatoes,8.46,47.00,Four grape tomatoes on a white square plate.,11.00,60.00,1.000
dish_1558722665,cauliflower,15.00,60.00,A very small serving of cauliflower florets on a white plate.,14.00,55.00,1.000
dish_1558722636,carrot,30.75,75.00,A single portion of sliced cooked carrots on a white square plate.,50.00,110.00,1.000
dish_1558722685,cantaloupe,25.84,76.00,A small portion of fresh orange cantaloupe chunks served on a white square plate.,38.00,110.00,1.000
dish_1558722473,cherry tomatoes | cauliflower | apple | carrot,149.65,379.00,A healthy snack plate featuring a variety of raw vegetables and a whole apple.,164.00,422.00,1.000
dish_1558722707,cherry tomatoes,19.26,107.00,Eight raw grape tomatoes served on a white square plate.,18.00,100.00,1.000
dish_1558722842,cherry tomatoes,10.44,58.00,"Five whole, raw cherry tomatoes served on a white square plate.",11.00,60.00,1.000
dish_1558722748,corn on the cob,51.99,49.00,A single small segment of steamed or boiled corn on the cob.,45.00,50.00,1.000
dish_1558722780,cauliflower | carrot | corn on the cob | cantaloupe | cherry tomatoes,142.84,367.00,"A vegetable and fruit plate consisting of cantaloupe, cherry tomatoes, cauliflower, roasted carrots, and a small round of corn on the cob.",137.00,345.00,1.000
dish_1558722883,cauliflower,15.00,60.00,A small serving of plain cauliflower florets on a white plate.,16.00,65.00,1.000
dish_1558722906,corn on the cob,95.49,90.00,Two small cross-sections of boiled or steamed corn on the cob served on a white square plate.,58.00,60.00,1.000
dish_1558722871,cauliflower,15.00,60.00,A small portion of plain cauliflower florets on a white plate.,19.00,75.00,1.000
dish_1558722931,almonds,439.36,76.00,A pile of whole almonds served on a square white ceramic plate.,230.00,40.00,1.000
dish_1558723047,cantaloupe,31.62,93.00,A small portion of cut cantaloupe pieces served on a white square plate.,44.00,130.00,1.000
dish_1558722968,almonds | corn on the cob,560.29,284.00,"A healthy snack or side plate consisting of whole almonds, fresh cherry tomatoes, raw cauliflower florets, and two small rounds of corn on the cob.",311.00,230.00,0.500
dish_1558723096,cauliflower,16.50,66.00,A small serving of approximately five to six cauliflower florets on a white plate.,28.00,110.00,1.000
dish_1558723073,cherry tomatoes,16.20,90.00,A small portion of eight fresh red grape tomatoes served plain on a plate.,18.00,100.00,1.000
dish_1558723414,corn on the cob,51.99,49.00,A single small segment or round of corn on the cob served on a white plate.,40.00,40.00,1.000
dish_1558723123,corn on the cob,51.99,49.00,A single small slice of corn on the cob on a square white plate.,45.00,50.00,1.000
dish_1558723449,apple,74.36,143.00,A single medium-sized whole red apple served on a square white plate.,95.00,182.00,1.000
dish_1558723475,cantaloupe,22.78,67.00,A small portion of fresh cut cantaloupe chunks served on a white square plate.,36.00,105.00,1.000
dish_1558723512,carrot,15.99,39.00,A small serving of sliced cooked carrots on a white plate.,25.00,65.00,1.000
dish_1558723537,cauliflower,14.50,58.00,A small portion of cauliflower florets on a white plate.,13.00,50.00,1.000
dish_1558723639,cauliflower,10.25,41.00,A small serving of fresh cauliflower florets arranged on a white square plate.,21.00,85.00,1.000
dish_1558723671,carrot,38.13,93.00,A plate containing approximately 15 slices of cooked carrots.,37.00,90.00,1.000
dish_1558723695,corn on the cob,95.49,90.00,Two small sections of yellow corn on the cob.,70.00,75.00,1.000
dish_1558723568,cantaloupe | corn on the cob | carrot | cauliflower | apple,179.62,356.00,"A plate containing a whole apple, cantaloupe chunks, cauliflower florets, carrot slices, and a small piece of corn on the cob.",192.00,390.00,1.000
dish_1558723719,almonds,231.24,40.00,A small snack portion consisting of approximately 15 whole raw almonds on a square white plate.,105.00,18.00,1.000
dish_1558723777,apple,74.36,143.00,A single whole medium red apple on a square white plate.,95.00,182.00,1.000
dish_1558723742,carrot | almonds | corn on the cob,375.11,264.00,"A vegetable and nut snack plate featuring cooked carrot slices, cauliflower, corn rounds, and a portion of almonds.",209.00,218.00,0.750
dish_1558723847,almonds,554.98,96.00,A square plate containing a large single serving of whole almonds with a tiny sliver of carrot.,404.00,72.00,0.500
dish_1558723866,cauliflower,14.75,59.00,A very small serving of three steamed cauliflower florets on a white plate.,10.00,40.00,1.000
dish_1558723818,corn on the cob,113.53,107.00,Two small rounds of corn on the cob.,40.00,100.00,0.500
dish_1558723960,cauliflower,13.00,52.00,Three small-to-medium sized steamed cauliflower florets on a square white plate.,10.00,40.00,1.000
dish_1558723894,almonds | corn on the cob | apple,757.61,405.00,"A balanced plate of whole foods consisting of a red apple, two slices of corn on the cob, cauliflower florets, and a generous portion of almonds.",462.00,330.00,0.750
dish_1558723926,cherry tomatoes,19.26,107.00,A simple serving of eight fresh grape tomatoes on a white square plate.,20.00,96.00,1.000
dish_1558724005,cantaloupe,31.62,93.00,A small serving of fresh cantaloupe melon chunks.,37.00,110.00,1.000
dish_1558723982,almonds,294.83,51.00,A portion of approximately 30 whole almonds on a small square plate.,210.00,36.00,1.000
dish_1558724574,brussels sprouts,50.74,118.00,A serving of roasted brussels sprouts spread across a white square plate.,115.00,160.00,1.000
dish_1558724607,honeydew melons,54.72,152.00,A small portion of diced honeydew melon cubes served on a white plate.,47.00,130.00,1.000
dish_1558724031,cherry tomatoes | cantaloupe | almonds,358.71,303.00,"A varied snack plate consisting of raw cherry tomatoes, cauliflower florets, a portion of whole almonds, and fresh cantaloupe melon chunks.",221.00,248.00,0.750
dish_1558724633,broccoli,32.90,94.00,A serving of plain steamed broccoli florets on a white plate.,41.00,120.00,1.000
dish_1558724723,broccoli,39.20,112.00,A small serving of cooked broccoli florets served on a square white plate.,38.00,110.00,1.000
dish_1558724689,cauliflower,19.75,79.00,A serving of approximately eight plain cauliflower florets on a white plate.,25.00,100.00,1.000
dish_1558724766,apple,83.72,161.00,A single whole red apple on a white square plate.,95.00,182.00,1.000
dish_1558724658,brussels sprouts | honeydew melons | broccoli,138.36,364.00,"A health-conscious plate consisting of roasted Brussels sprouts, fresh broccoli florets, and cubed honeydew melon.",170.00,370.00,1.000
dish_1558724891,apple,83.72,161.00,A single whole red apple on a square white plate.,95.00,182.00,1.000
dish_1558724912,carrot,30.75,75.00,"A serving of cooked, diagonally sliced carrots on a square white plate.",52.00,130.00,1.000
dish_1558724853,brussels sprouts,50.74,118.00,A plate containing approximately 11 roasted brussels sprouts.,140.00,165.00,1.000
dish_1558724799,cauliflower | apple | broccoli,142.67,352.00,A plate featuring a whole red apple alongside portions of steamed or raw broccoli and cauliflower florets.,134.00,325.00,1.000
dish_1558724932,almonds,416.23,72.00,A single serving of approximately 31 raw almonds served on a square white plate.,197.00,34.00,1.000
dish_1558725049,brussels sprouts,43.00,100.00,A serving of roasted brussels sprouts on a white plate.,135.00,200.00,1.000
dish_1558724959,brussels sprouts | carrot | almonds | apple,581.44,426.00,"A healthy plate consisting of a whole apple, roasted Brussels sprouts, sliced cooked carrots, and a handful of almonds.",423.00,468.00,1.000
dish_1558724992,almonds,456.70,79.00,A pile of whole almonds on a small square white plate.,260.00,45.00,1.000
dish_1558725085,honeydew melons,54.36,151.00,A small plate of fresh honeydew melon chunks.,63.00,175.00,1.000
dish_1558725193,almonds,763.09,132.00,A pile of whole almonds served on a white square plate.,318.00,55.00,1.000
dish_1558725253,broccoli,33.95,97.00,A small serving of steamed broccoli florets served on a square white plate.,38.00,110.00,1.000
dish_1558725112,almonds | brussels sprouts | honeydew melons,554.06,330.00,"A snack or small meal plate consisting of a portion of whole almonds, roasted brussels sprouts, and diced honeydew melon chunks.",413.00,296.00,1.000
dish_1558725226,cauliflower,19.75,79.00,A side serving of cooked cauliflower florets with a small piece of carrot on a square white plate.,22.00,88.00,0.500
dish_1558725353,brussels sprouts,40.42,94.00,A small plate of roasted Brussels sprouts.,105.00,120.00,1.000
dish_1558725286,almonds,816.79,308.00,"A health-focused plate consisting of a significant portion of whole almonds, green broccoli florets, and white cauliflower florets.",330.00,223.00,0.333
dish_1558725576,cauliflower,19.75,79.00,A serving of cooked cauliflower florets on a white square plate.,35.00,115.00,1.000
dish_1558725403,almonds,289.05,50.00,A small serving of approximately 21 whole almonds on a white square plate.,145.00,25.00,1.000
dish_1558725702,brussels sprouts,50.31,117.00,A small serving of roasted Brussels sprouts on a white plate.,144.00,180.00,1.000
dish_1558725760,apple,83.72,161.00,A single whole fresh apple on a square white plate.,95.00,182.00,1.000
dish_1558725734,carrot,30.75,75.00,A single portion of sliced cooked carrots on a white square plate.,35.00,85.00,1.000
dish_1558725621,brussels sprouts | almonds | cauliflower,349.22,223.00,"A plate of mixed roasted vegetables (cauliflower, Brussels sprouts, carrots) paired with a handful of whole almonds.",415.00,345.00,0.750
dish_1558725786,corn on the cob,113.53,107.00,Two small boiled or steamed rounds of corn on the cob served on a square plate.,45.00,75.00,1.000
dish_1559059924,bacon,108.20,20.00,Two strips of crispy cooked bacon on a white plate.,86.00,16.00,1.000
dish_1558725829,brussels sprouts | carrot | corn on the cob | apple,278.31,460.00,"A health-conscious plate consisting of roasted Brussels sprouts, steamed sliced carrots, two small corn on the cob rounds, and a whole red apple.",260.00,472.00,1.000
dish_1559059954,bacon,108.20,20.00,Two crispy strips of pan-fried bacon on a white square plate.,86.00,18.00,1.000
dish_1559059992,sweet potato,71.44,94.00,A small serving of approximately nine roasted or pan-fried potato cubes on a square white plate.,135.00,90.00,1.000
dish_1559061675,watermelon,24.90,83.00,Six cubes of fresh watermelon served on a white square plate.,24.00,80.00,1.000
dish_1559060055,,26.73,81.00,A small serving of fresh sliced strawberries presented on a square white plate.,32.00,100.00,
dish_1559060106,bacon | sweet potato,206.37,195.00,"A small breakfast plate featuring a strip of bacon, roasted potato pieces, and fresh strawberry halves.",205.00,177.00,1.000
dish_1559062005,turkey bacon,113.91,30.00,A small portion consisting of three strips of turkey bacon served on a white square plate.,95.00,42.00,1.000
dish_1559062051,sweet potato,56.24,74.00,A small serving of roasted potato chunks on a white plate.,110.00,75.00,1.000
dish_1559061752,eggs,192.82,124.00,A plate of mashed potatoes topped with a small amount of orange spicy sauce.,315.00,260.00,0.000
dish_1559149615,bacon,124.43,23.00,A plate containing approximately two strips of crispy cooked bacon.,90.00,18.00,1.000
dish_1559062082,watermelon | eggs | turkey bacon | sweet potato,387.87,311.00,"A breakfast plate containing a generous portion of scrambled eggs, two strips of turkey bacon, a side of roasted potato chunks, and fresh watermelon cubes.",427.00,362.00,1.000
dish_1559149688,eggs,281.45,181.00,A single portion of scrambled eggs served on a white square plate.,225.00,140.00,1.000
dish_1559149650,carrot,26.24,64.00,"A side serving of cooked, sliced carrots with a slight glaze.",75.00,100.00,1.000
dish_1559157777,spinach (raw),2.53,11.00,A very small portion of raw baby spinach leaves served in a white bowl,4.00,15.00,1.000
dish_1559149719,bacon | carrot | eggs,432.12,268.00,"A breakfast plate featuring a large portion of scrambled eggs, a side of sliced glazed carrots, and a strip of bacon.",350.00,241.00,1.000
dish_1559157454,arugula,34.56,28.00,"A very small portion of a green side salad featuring arugula, three blueberries, and walnut crumbles.",38.00,24.00,0.000
dish_1559157919,spinach (raw) | arugula,37.09,39.00,"A very small, light salad consisting of mixed spinach and arugula topped with a few blueberries and walnut pieces, lightly dressed with oil.",120.00,63.00,0.500
dish_1559158425,spinach (raw),2.99,13.00,"A very small serving of fresh, raw baby spinach leaves on a white plate.",4.00,15.00,1.000
dish_1559158354,broccoli,21.00,60.00,A small side serving of steamed green broccoli florets.,32.00,90.00,1.000
dish_1559172356,brown rice | salmon,313.10,176.00,No food items were detected in this image. The photo shows a smartphone in a case resting on a piece of wood within a frame.,0.00,,0.000
dish_1559158263,arugula,40.74,33.00,A very small portion of arugula salad with a few berries and a light oil-based dressing.,36.00,30.00,0.333
dish_1559232986,bacon,189.35,35.00,Three strips of cooked bacon served on a square white plate.,132.00,24.00,1.000
dish_1559233102,scrambled eggs,183.52,124.00,A single serving of scrambled eggs presented on a white square plate.,215.00,125.00,1.000
dish_1559233055,garden salad,25.19,39.00,"A very small side salad consisting of fresh baby spinach, a small amount of shredded carrots, and two cherry tomatoes, lightly tossed in dressing.",58.00,55.00,0.000
dish_1559233445,pineapple,24.50,49.00,Two small pieces of fresh yellow pineapple on a white square plate.,18.00,35.00,1.000
dish_1559233144,garden salad | scrambled eggs | bacon,398.06,198.00,"A breakfast plate consisting of scrambled eggs, two strips of crispy bacon, and a side salad of baby spinach and carrots.",407.00,225.00,0.500
dish_1559233570,,16.83,51.00,A small portion of sliced fresh strawberries on a white plate.,10.00,30.00,
dish_1559233627,bacon,64.92,12.00,A single strip of cooked bacon on a white square plate.,45.00,10.00,1.000
dish_1559233715,sweet potato,83.60,110.00,A small portion of roasted potato chunks on a white plate.,130.00,80.00,1.000
dish_1559235639,,33.99,103.00,A small portion of sliced fresh strawberries served on a square white plate.,22.00,70.00,
dish_1559235690,eggs,172.60,111.00,A single portion of scrambled eggs seasoned with black pepper.,175.00,110.00,1.000
dish_1559233756,bacon | sweet potato | pineapple,189.85,222.00,"A small breakfast or snack plate featuring fresh strawberries, pineapple chunks, a single slice of bacon, and roasted potato pieces.",177.00,147.00,1.000
dish_1559235771,cream cheese | bagels,145.80,54.00,A single half of a large bagel topped with a generous spread of cream cheese.,310.00,100.00,1.000
dish_1559238481,,59.69,127.00,A single medium-sized whole orange on a square white plate.,70.00,150.00,
dish_1559238435,pears,115.54,202.00,A single whole green pear on a white square plate.,101.00,178.00,1.000
dish_1559235815,cream cheese | bagels | eggs,352.40,268.00,"A breakfast plate featuring scrambled eggs, a toasted half-bagel with cream cheese, and a side of sliced fresh strawberries.",475.00,280.00,0.667
dish_1559238993,,61.56,108.00,A small snack plate containing freshly cut strawberry halves and a few whole blueberries.,35.00,100.00,
dish_1559238608,pears,237.36,438.00,A light meal or snack consisting of fresh whole and sliced fruits.,182.00,370.00,0.500
dish_1559239151,spinach (raw),9.20,40.00,"A very small side salad composed of fresh baby spinach and a few shreds of carrot, appearing to be lightly dressed with oil.",35.00,31.00,0.500
dish_1559238566,,62.13,109.00,A fruit plate consisting of approximately 130g of sliced strawberries and 6 blueberries.,48.00,140.00,
dish_1559239256,,60.16,128.00,A single mandarin orange on a square white plate.,45.00,85.00,0.000
dish_1559239753,carrot,26.55,54.00,"A small portion of sliced, roasted carrots with a visible glaze.",95.00,110.00,1.000
dish_1559239912,,60.16,128.00,A single whole mandarin orange served on a square white plate.,47.00,90.00,0.000
dish_1559240256,broccoli,18.90,54.00,A portion of plain steamed broccoli florets.,35.00,100.00,1.000
dish_1559240089,carrot | pears,202.82,385.00,"A fruit and vegetable plate containing sliced cooked carrots, a whole mandarin, and a whole green pear.",200.00,335.00,0.667
dish_1559239985,pears,116.12,203.00,A whole medium green pear served on a white square plate.,103.00,180.00,1.000
dish_1559239369,spinach (raw),130.92,276.00,"A fresh fruit and spinach salad plate featuring sliced strawberries, blueberries, a whole clementine, and a light spinach salad.",126.00,225.00,0.250
dish_1559240382,carrot,20.65,42.00,"A small portion of cooked, sliced carrots on a white square plate.",48.00,60.00,1.000
dish_1559240441,,19.47,59.00,A small portion of sliced strawberries on a white plate.,20.00,60.00,
dish_1559240908,,60.16,128.00,A single whole tangerine on a white square plate.,45.00,85.00,0.000
dish_1559240875,pears,116.12,203.00,A single raw green pear on a white plate.,104.00,180.00,1.000
dish_1559240510,cauliflower | carrot | broccoli,73.52,213.00,"A snack or side plate consisting of fresh strawberries, broccoli, cauliflower, and sliced carrots.",68.00,180.00,1.000
dish_1559240987,carrot,25.07,51.00,"A small serving of sliced, roasted or sautéed carrots.",42.00,85.00,1.000
dish_1559242155,pears,116.12,203.00,A single medium-sized green pear on a white square plate,101.00,178.00,1.000
dish_1559242066,carrot,26.05,53.00,"A small serving of cooked, sliced carrots presented on a square white plate.",40.00,75.00,1.000
dish_1559241099,carrot | pears,201.35,382.00,"A whole mandarin orange, a whole green pear, and a small portion of sliced roasted carrots served on a red plate.",173.00,295.00,0.667
dish_1559242568,pears,116.12,203.00,A single medium-sized whole green pear served on a white square plate.,103.00,178.00,1.000
dish_1559243139,carrot,26.05,53.00,"A side dish consisting of approximately one and a half medium carrots, sliced diagonally and cooked.",75.00,90.00,1.000
dish_1559242221,almonds,659.03,114.00,A large portion of whole almonds served on a square white plate.,464.00,80.00,1.000
dish_1559243704,pears,116.12,203.00,A single whole green pear on a white square plate.,103.00,180.00,1.000
dish_1559243887,almonds,289.05,50.00,A small serving of whole almonds on a white plate.,203.00,35.00,1.000
dish_1559243974,almonds | pears,431.22,306.00,"A healthy snack plate featuring a whole pear, a portion of whole almonds, and sliced carrots.",285.00,240.00,0.667
dish_1559244305,chickpeas,113.07,64.00,"A very small, snack-sized portion of chickpeas sautéed with tomatoes and onions.",125.00,80.00,0.500
dish_1559244417,arugula,72.83,59.00,"A small side salad consisting of fresh arugula, a few pine nuts, and a light oil-based dressing.",84.00,51.00,0.500
dish_1559244598,cookies,250.92,51.00,"A single small portion of a brown, textured protein-based item, likely a fragment of a meat patty or meatloaf.",115.00,45.00,0.000
dish_1559244546,brown rice | chicken,469.94,281.00,A protein-focused meal consisting of two roasted chicken thighs served over a small bed of rice and sautéed greens.,575.00,290.00,0.500
dish_1559245589,carrot,25.56,52.00,"A portion of sliced, cooked carrots on a white plate.",85.00,120.00,1.000
dish_1559244649,chicken | chickpeas | cookies,906.76,455.00,"A balanced meal consisting of roasted chicken breast, a chickpea and vegetable salad, fresh arugula, and two small patties served over a small bed of rice.",665.00,420.00,0.333
dish_1559245848,,59.69,127.00,A whole medium-sized orange on a square white plate.,62.00,150.00,
dish_1559245801,,60.99,107.00,"A white square plate containing fresh fruit, specifically sliced strawberries and a small handful of blueberries.",42.00,122.00,
dish_1559245697,pears | garden salad | carrot,163.72,289.00,"A vegetarian plate containing a small spinach and carrot salad, a side of roasted carrot slices, and a whole pear.",236.00,323.00,0.500
dish_1559245654,pears,115.54,202.00,A whole green pear with a few small shreds of carrot on a white plate.,103.00,182.00,0.500
dish_1559245920,cauliflower,14.25,57.00,A small side portion of steamed cauliflower florets with a few tiny shreds of carrot.,24.00,93.00,0.500
dish_1559319860,bacon,70.33,13.00,A single slice of pan-fried bacon on a white square plate.,45.00,10.00,1.000
dish_1559245979,pears,116.12,203.00,A single whole green pear on a plate with a few minor food scraps.,108.00,185.00,0.500
dish_1559246053,cauliflower | pears,251.05,494.00,"A fresh snack plate consisting of a mix of whole and sliced fruits (pear, mandarin, strawberries, blueberries) and raw cauliflower florets with a carrot garnish.",194.00,430.00,0.500
dish_1559319826,,45.03,79.00,"A small assortment of fresh mixed berries, including strawberries, raspberries, and a blackberry.",21.00,61.00,
dish_1559319971,sweet potato,72.96,96.00,A small serving of roasted potato chunks on a white square plate.,145.00,100.00,1.000
dish_1559319902,pineapple,8.50,17.00,A very small portion of fruit consisting of two small chunks of fresh pineapple on a white plate.,13.00,25.00,1.000
dish_1559332418,salmon | brown rice,482.11,271.00,A meal of pan-seared salmon fillets served on a bed of seasoned rice with sautéed spinach and red peppers.,605.00,360.00,0.667
dish_1559332487,zucchini | chayote squash,19.11,98.00,A very small portion of mixed steamed yellow squash and zucchini with a few scattered grains of rice.,26.00,123.00,0.667
dish_1559320019,sweet potato | bacon,196.82,205.00,"A light breakfast plate consisting of roasted potato cubes, strips of bacon, and a side of fresh mixed fruit including strawberries, pineapple, raspberries, and a blackberry.",284.00,226.00,0.667
dish_1559332822,salmon | brown rice,540.59,408.00,"A balanced meal consisting of cooked salmon fillets, seasoned rice, a side of sautéed summer squash, and a small green salad.",590.00,405.00,0.667
dish_1559578551,bacon,124.43,23.00,"A single slice of cooked, thick-cut bacon on a white square plate.",65.00,15.00,1.000
dish_1559332795,cucumbers | lime | lettuce | cherry tomatoes | onions,39.37,39.00,"A small portion of a fresh spinach salad with goat cheese, dried fruit, and nuts, lightly tossed in an oil-based dressing.",161.00,58.00,0.000
dish_1559578579,bacon,142.58,78.00,A small snack plate containing two crispy bacon strips and fresh sliced strawberries.,105.00,65.00,1.000
dish_1559578599,bacon | sweet potato,229.98,193.00,"A breakfast or snack plate consisting of pan-fried bacon strips, roasted potato chunks, and fresh strawberry pieces.",269.00,165.00,1.000
dish_1559581333,bacon | eggs,415.95,234.00,"A breakfast plate consisting of a portion of scrambled eggs, two strips of bacon, and a small side salad with mixed greens, carrots, and cucumber.",350.00,210.00,0.667
dish_1559581236,eggs,296.93,212.00,A plate containing a moderate portion of scrambled eggs served alongside a small side salad of baby spinach and shredded carrots.,265.00,205.00,0.500
dish_1559581356,bacon | eggs,436.95,294.00,"A breakfast or brunch plate consisting of a large portion of scrambled eggs, two strips of bacon, a side of steamed broccoli, and a mixed green side salad.",450.00,307.00,0.667
dish_1559585533,broccoli,12.95,37.00,A very small portion consisting of a few steamed or boiled broccoli florets on a square white plate.,18.00,52.00,1.000
dish_1559589873,mushroom,11.88,54.00,A very small portion of sautéed button mushrooms served on a white square plate.,38.00,45.00,1.000
dish_1559581378,eggs | sausage | bacon,705.73,372.00,"A high-protein breakfast plate featuring scrambled eggs, smoked sausage, bacon, and a side of broccoli and mixed greens.",694.00,350.00,0.600
dish_1559589902,mushroom,16.37,76.00,A very small portion consisting of two asparagus spears and a small side of sautéed mushrooms.,50.00,75.00,1.000
dish_1559590031,pizza,402.75,269.00,"A meal consisting of two portions of thick-crust rectangular pizza (one meat, one cheese) accompanied by a large side of mixed leafy greens.",490.00,245.00,0.500
dish_1559589942,pizza,290.35,179.00,"A small sampler plate featuring two distinct pieces of pizza (one meat with tomato, one cheese), two spears of asparagus, and several sautéed mushrooms.",365.00,185.00,0.250
dish_1559590130,chicken,194.41,152.00,A light meal consisting of a small portion of diced seasoned chicken breast and a side of green asparagus.,220.00,185.00,0.500
dish_1559590005,pizza,360.83,241.00,"A meal consisting of two small slices of meat and cheese pizza, a side of leafy mixed green salad, and a few whole sautéed mushrooms.",420.00,215.00,0.500
dish_1559590202,caesar salad | chicken,316.73,311.00,"A plated meal consisting of chopped grilled chicken, a side of couscous, cooked asparagus spears, and a small mixed salad with creamy dressing.",479.00,395.00,0.250
dish_1559590157,chicken | caesar salad,230.49,234.00,"A healthy meal plate featuring diced roasted chicken breast, sautéed asparagus, and a small side Caesar salad.",360.00,270.00,0.667
dish_1559593722,kale | arugula,140.56,106.00,"A small kale and mixed greens side salad topped with small amounts of lentils, red peppers, and a light oil-based dressing.",76.00,93.00,0.200
dish_1559593794,quinoa | chicken thighs,450.56,380.00,"A balanced meal consisting of roasted chicken, roasted squash cubes, and a large portion of dressed kale salad.",465.00,325.00,0.250
dish_1559593746,kale | squash | arugula,156.96,186.00,"A plant-based plate consisting of a kale and grain salad, mixed baby greens, and roasted squash chunks.",210.00,215.00,0.667
dish_1559667948,cream cheese | bagels,153.90,57.00,A single toasted bagel half with cream cheese spread.,190.00,65.00,1.000
dish_1559593646,kale,55.39,37.00,"A very small portion of a green salad containing curly greens, bits of red pepper, and mixed seeds or nuts, appearing to be lightly dressed.",82.00,54.00,0.250
dish_1559667994,scrambled eggs | hash browns | bagels | cream cheese,445.30,213.00,"A breakfast meal consisting of scrambled eggs with hot sauce, a side of hash browns, and half a bagel with cream cheese.",580.00,275.00,0.750
dish_1559667973,bagels | cream cheese | scrambled eggs,334.46,179.00,"A breakfast plate containing scrambled eggs with onions and hot sauce, served with a half bagel topped with cream cheese.",366.00,177.00,0.600
dish_1559668238,hash browns,290.14,89.00,"A small portion of shredded, crispy hash browns on a white plate.",130.00,65.00,1.000
dish_1559668016,scrambled eggs | hash browns | bagels | cream cheese | honeydew melons,469.06,279.00,"A breakfast plate featuring scrambled eggs topped with hot sauce, pan-fried hash browns, half a toasted bagel with cream cheese, and a side of fresh honeydew melon.",675.00,395.00,0.800
dish_1559674074,pizza,140.98,53.00,A small rectangular slice of pepperoni pizza served on a white square plate.,175.00,65.00,1.000
dish_1559668272,scrambled eggs | hash browns,512.14,239.00,A simple breakfast plate consisting of a portion of scrambled eggs and golden-brown shredded hash browns.,530.00,270.00,1.000
dish_1559674689,honeydew melons,63.72,177.00,A plate of fresh honeydew melon chunks.,63.00,175.00,1.000
dish_1559668314,scrambled eggs | garden salad | hash browns,551.55,300.00,"A breakfast plate featuring a large serving of scrambled eggs, pan-fried shredded hash browns, and a small side garnish of salad greens with two raspberries.",557.00,324.00,0.667
dish_1559674781,grapes | honeydew melons,81.66,203.00,A small snack plate consisting of freshly cut honeydew melon chunks and five green grapes.,79.00,190.00,1.000
dish_1559675101,brussels sprouts,13.33,31.00,A very small portion of three cooked Brussels sprouts served on a white plate.,50.00,45.00,1.000
dish_1559675146,brussels sprouts | carrot,19.07,45.00,A side plate with a small portion of raw shredded carrots and three roasted Brussels sprouts.,61.00,85.00,1.000
dish_1559674866,honeydew melons | grapes | caesar salad,125.66,303.00,"A side plate consisting of a portion of Caesar salad with large croutons, accompanied by cubes of honeydew melon and two green grapes.",235.00,230.00,0.750
dish_1559678083,cucumbers | carrot | garlic | cherry tomatoes,75.81,66.00,A small starter or side salad consisting of mixed red and green leafy vegetables.,10.00,50.00,0.000
dish_1559675234,carrot | bell peppers | cherry tomatoes | brussels sprouts,36.97,120.00,"A small portion of mixed vegetables consisting of raw shredded carrots, whole cherry tomatoes, sliced green bell peppers, and three roasted Brussels sprouts.",68.00,160.00,1.000
dish_1559675178,carrot | cherry tomatoes | brussels sprouts,28.97,100.00,"A small snack or side plate consisting of raw shredded carrots, three cherry tomatoes, and three roasted brussels sprout pieces.",52.00,110.00,1.000
dish_1559675268,cherry tomatoes | carrot | bell peppers | brussels sprouts | cucumbers,39.37,144.00,"A vegetable snack plate consisting of small portions of raw carrots, cucumber, cherry tomatoes, and bell peppers, along with three roasted Brussels sprouts.",74.00,180.00,1.000
dish_1559678127,eggplant | broccoli,108.64,170.00,"A vegetable-heavy plate consisting of fresh mixed greens, steamed broccoli, and roasted vegetable chunks.",86.00,180.00,1.000
dish_1559678330,spinach (raw),169.69,150.00,A very small portion of spinach salad with sun-dried tomatoes and feta cheese crumbles.,73.00,42.00,0.333
dish_1559678146,beef | broccoli,348.58,284.00,"A nutritionally balanced plate containing sliced steak with a light topping, a fresh mixed leaf salad, steamed broccoli, and a small side of roasted potato cubes.",470.00,300.00,0.333
dish_1559678367,broccoli | spinach (raw),192.44,215.00,A light side dish consisting of steamed broccoli florets and fresh baby spinach with small pieces of red bell pepper.,38.00,120.00,0.667
dish_1559678104,broccoli,99.96,135.00,A small side dish consisting of mixed salad greens and steamed broccoli florets with a light dressing.,68.00,90.00,0.333
dish_1559678405,beef,552.35,386.00,"A high-protein meal consisting of sliced medium-rare steak, steamed broccoli, a bed of fresh baby spinach, and a small side of grains.",321.00,240.00,0.250
dish_1559678457,beef,624.24,465.00,"A healthy, balanced plate consisting of lean beef steak, a serving of whole grains, steamed broccoli, and fresh spinach.",550.00,365.00,0.250
dish_1559678629,ketchup | fish,89.38,80.00,A very small appetizer-sized portion consisting of two small pieces of steamed white fish garnished with fresh greens.,87.00,88.00,0.333
dish_1559700851,spinach (raw),61.09,54.00,A very small portion of mixed garden salad consisting of baby greens and a few carrot shavings served on a white square plate.,13.00,47.00,0.000
dish_1559751458,yam,152.64,123.00,A side portion of cubed roasted sweet potatoes on a white plate.,145.00,130.00,0.000
dish_1559678651,ketchup | fish | caesar salad,107.86,122.00,"A plated chicken salad featuring herbed grilled chicken breast, romaine lettuce, croutons, and a creamy dressing.",326.00,182.00,0.000
dish_1559751552,yam,227.31,254.00,"A plate containing roasted sweet potato chunks alongside fresh strawberries, blackberries, and raspberries.",195.00,285.00,0.000
dish_1559751710,,37.62,66.00,A small snack or leftover portion of fresh blackberries and raspberries with a few minor unidentified yellow crumbs on a white plate.,43.00,82.00,0.000
dish_1559751744,eggs,227.33,188.00,A breakfast plate consisting of scrambled eggs and a side portion of mixed berries including blackberries and raspberries.,233.00,180.00,1.000
dish_1559838214,bacon,43.28,8.00,A single slice of crispy cooked bacon on a plate.,45.00,12.00,1.000
dish_1559751775,eggs | yam,309.24,254.00,"A breakfast plate containing a generous portion of scrambled eggs, roasted sweet potato cubes, and fresh blackberries and raspberries.",372.00,315.00,0.333
dish_1559838279,bacon,103.70,114.00,"A small snack plate consisting of mixed berries (strawberries, raspberries, blackberry) and a single strip of crispy bacon.",80.00,80.00,1.000
dish_1559841023,chicken apple sausage,73.60,46.00,"Three small pieces of browned, cooked sausage served on a square white plate.",150.00,50.00,1.000
dish_1559751801,yam | eggs | chicken apple sausage,451.64,343.00,"A hearty breakfast plate featuring scrambled eggs, four breakfast sausage links, roasted sweet potato chunks, and a side of fresh blackberries and raspberries.",690.00,385.00,0.500
dish_1559838402,sweet potato | yam,222.76,233.00,"A breakfast plate featuring a mix of roasted white and sweet potatoes, a selection of fresh berries, and a single strip of bacon.",211.00,166.00,0.333
dish_1559841091,chicken apple sausage | sweet potato | yam,163.42,166.00,"A small portioned meal consisting of roasted potato chunks, fresh blackberries, and three slices of cooked sausage.",260.00,165.00,0.667
dish_1559841061,chicken apple sausage,96.39,99.00,A small plate containing about ten fresh blackberries and three pieces of sliced cooked sausage.,157.00,95.00,1.000
dish_1559841163,scrambled eggs | yam | sweet potato | chicken apple sausage,357.04,335.00,"A balanced breakfast plate containing scrambled eggs, roasted broccoli, breakfast sausage, fresh blackberries, and roasted potatoes.",550.00,355.00,0.600
dish_1559841127,scrambled eggs | yam | chicken apple sausage | sweet potato,339.54,285.00,"A breakfast plate consisting of scrambled eggs, roasted potato chunks, sliced sausage pieces, and fresh blackberries.",515.00,300.00,0.750
dish_1559841781,grapes,45.02,43.00,A small snack plate containing a small portion of red grapes and dry toasted oat cereal.,81.00,67.00,0.500
dish_1559841571,cereal,18.80,5.00,A small snack-sized portion of dry toasted oat cereal rings on a white plate.,30.00,8.00,1.000
dish_1559841870,pears,114.97,201.00,A single whole green pear on a white square plate.,104.00,180.00,1.000
dish_1559841808,grapes | mandarin oranges,73.11,96.00,"A snack plate featuring a whole mandarin orange, a small cluster of red grapes, and a small serving of oat cereal rings.",130.00,152.00,0.667
dish_1559841891,grapes | pears,163.96,272.00,A fresh fruit plate consisting of a single green pear and a small portion of red grapes.,165.00,270.00,1.000
dish_1559841908,grapes | broccoli | pears,175.16,304.00,"A healthy snack plate containing a whole green pear, a serving of red grapes, and fresh broccoli florets.",189.00,340.00,1.000
dish_1559841950,broccoli,11.20,32.00,A very small serving consisting of a few steamed broccoli florets on a white plate.,17.00,50.00,1.000
dish_1559841979,broccoli | mandarin oranges,39.29,85.00,A small snack plate consisting of one whole mandarin orange and approximately half a cup of steamed broccoli florets.,58.00,125.00,1.000
dish_1559842274,almonds,306.39,53.00,A small bowl containing a handful of plain whole almonds.,203.00,35.00,1.000
dish_1559842047,broccoli | pears | mandarin oranges,153.69,285.00,"A plate containing a whole green pear, a mandarin orange, and a small side of steamed broccoli florets.",151.00,285.00,1.000
dish_1559842326,almonds | mandarin oranges,334.48,106.00,A snack consisting of a serving of whole almonds and one clementine citrus fruit.,231.00,109.00,0.333
dish_1559842374,almonds | mandarin oranges,345.33,137.00,"A healthy snack plate consisting of a portion of broccoli florets, a whole clementine, and a handful of almonds.",224.00,145.00,0.250
dish_1559842409,mandarin oranges | almonds,359.19,179.00,"A healthy snack plate consisting of almonds, a whole mandarin orange, broccoli florets, and sliced strawberries.",235.00,198.00,0.667
dish_1559843030,,25.41,77.00,A small portion of fresh sliced strawberries served on a white plate.,15.00,45.00,
dish_1559843052,mandarin oranges,53.50,130.00,A light snack consisting of one whole tangerine and a small portion of sliced strawberries on a white plate.,55.00,115.00,0.000
dish_1559843335,,25.41,77.00,A small portion of fresh sliced strawberries served on a white plate.,13.00,40.00,
dish_1559843222,grapes | broccoli | mandarin oranges,111.27,229.00,"A light, healthy snack or side plate containing a mix of fresh fruit and broccoli.",114.00,240.00,0.500
dish_1559843185,mandarin oranges | broccoli,64.35,161.00,"A small plate containing fresh fruit and vegetable snacks consisting of a whole tangerine, sliced strawberries, and broccoli florets.",76.00,185.00,0.333
dish_1559843492,broccoli,31.71,95.00,A small portion of healthy snacks consisting of broccoli florets and sliced strawberries.,27.00,80.00,1.000
dish_1559843690,potatoes | broccoli,61.74,134.00,"A small snack-sized portion of steamed broccoli, fresh sliced strawberries, and roasted potato cubes.",80.00,115.00,1.000
dish_1559844030,,25.41,77.00,A small snack portion of fresh sliced strawberries on a white plate.,22.00,65.00,
dish_1559844063,pears,139.81,277.00,A simple fruit plate consisting of a whole green pear and several sliced strawberries.,115.00,235.00,1.000
dish_1559843715,potatoes | pears,176.14,334.00,"A fruit and vegetable plate consisting of a whole pear, sliced strawberries, steamed broccoli, and a small serving of roasted potato cubes.",227.00,353.00,0.667
dish_1559844090,pears | mandarin oranges,168.43,331.00,"A fresh fruit plate consisting of a whole pear, sliced strawberries, and a single clementine.",157.00,315.00,0.333
dish_1559844272,almonds,462.48,80.00,"A small square white bowl containing a portion of whole, raw almonds.",280.00,48.00,1.000
dish_1559844323,grapes | almonds,518.37,161.00,A snack plate featuring a large portion of whole almonds alongside a small cluster of red seedless grapes.,387.00,155.00,1.000
dish_1559844113,pears | mandarin oranges | almonds,312.96,356.00,"A healthy snack plate containing a whole pear, a small handful of almonds, several sliced strawberries, and a whole clementine.",290.00,349.00,0.500
dish_1559844458,grapes,55.89,81.00,A small cluster of red grapes on a white square plate,82.00,120.00,1.000
dish_1559844479,mandarin oranges | grapes,83.45,133.00,A snack plate containing a single tangerine and a serving of red grapes.,119.00,193.00,0.333
dish_1559844490,grapes | mandarin oranges,108.36,180.00,"A healthy snack plate featuring fresh fruit: halved strawberries, a whole mandarin, and red seedless grapes.",120.00,215.00,1.000
dish_1559844366,almonds | grapes,529.22,192.00,A balanced snack plate containing a calorie-dense portion of almonds accompanied by fresh red grapes and steamed broccoli florets.,349.00,168.00,0.667
dish_1559844611,grapes,55.89,81.00,A small portion of fresh red seedless grapes served in a white square bowl.,69.00,100.00,1.000
dish_1559844506,mandarin oranges | grapes,98.96,180.00,"A fresh fruit plate consisting of sliced strawberries, one whole mandarin, and a small portion of red grapes.",116.00,210.00,1.000
dish_1559844928,potatoes,66.22,86.00,A small serving of roasted potato chunks on a white square plate.,150.00,100.00,1.000
dish_1559844657,potatoes | grapes,122.11,167.00,A side plate containing small roasted potato chunks and fresh red grapes.,213.00,190.00,1.000
dish_1559844951,almonds | potatoes,274.34,122.00,A side plate containing a handful of almonds and several cubes of roasted potatoes.,236.00,97.00,1.000
dish_1559844683,broccoli | potatoes | grapes,132.96,198.00,"A plate containing roasted potato chunks, steamed broccoli florets, and fresh red grapes.",240.00,270.00,1.000
dish_1559845290,potatoes,66.22,86.00,A side serving of golden-brown roasted potato cubes on a square white plate.,215.00,140.00,1.000
dish_1559845018,almonds | mandarin oranges | potatoes,302.43,175.00,"A light meal or snack plate consisting of roasted potato chunks, a handful of almonds, and a whole clementine.",375.00,220.00,0.500
dish_1559845370,potatoes | mandarin oranges,94.31,139.00,A plate containing a portion of roasted potato chunks and one whole fresh tomato.,232.00,270.00,0.333
dish_1559845046,potatoes | mandarin oranges | almonds,313.63,207.00,"A balanced plate featuring roasted potato chunks, a portion of whole almonds, broccoli florets, and a small mandarin orange.",405.00,277.00,0.750
dish_1559845399,potatoes | mandarin oranges,107.18,178.00,"A plate consisting of golden roasted potato cubes, a whole fresh tangerine, and several sliced strawberries.",213.00,265.00,0.333
dish_1559845767,pears | mandarin oranges | potatoes,236.23,375.00,"A plate containing a whole pear, a mandarin orange, and a side of roasted potato chunks.",310.00,385.00,1.000
dish_1559845745,pears | potatoes,208.14,322.00,A simple meal or snack comprising a pile of roasted potato cubes and a single whole green pear.,278.00,305.00,1.000
dish_1559846034,broccoli,11.20,32.00,A very small portion of plain steamed broccoli florets.,20.00,55.00,1.000
dish_1559845513,potatoes | pears | mandarin oranges,222.15,379.00,"A square white plate holding a whole green pear, a small clementine, a serving of roasted potato cubes, and sliced strawberries.",371.00,432.00,0.500
dish_1559846073,mandarin oranges | broccoli,39.29,85.00,A simple healthy snack or side dish consisting of one whole mandarin and a small portion of broccoli florets.,61.00,128.00,1.000
dish_1559846311,pears,114.97,201.00,A single whole green pear on a white plate.,101.00,178.00,1.000
dish_1559846099,mandarin oranges | almonds | broccoli,206.94,114.00,"A health-conscious snack plate featuring a whole mandarin orange, a small portion of broccoli florets, and a handful of almonds.",206.00,153.00,1.000
dish_1559846363,broccoli | pears | mandarin oranges,154.26,286.00,"A health-conscious plate featuring a whole pear, a tangerine, and a small portion of steamed broccoli.",165.00,310.00,0.500
dish_1559846450,pears,114.97,201.00,A single medium-sized whole pear on a white square plate.,103.00,178.00,1.000
dish_1559846334,pears | broccoli,126.17,233.00,A plate containing a portion of steamed broccoli florets and a whole green pear.,133.00,262.00,1.000
dish_1559846504,broccoli | pears,126.17,233.00,A small snack or side plate consisting of a few broccoli florets and a whole green pear.,130.00,240.00,1.000
dish_1559846585,pears,114.97,201.00,A single whole pear served on a white square plate.,103.00,180.00,1.000
dish_1559846528,pears | almonds,322.73,267.00,"A healthy snack plate featuring fresh broccoli, a whole pear, and a portion of almonds.",264.00,258.00,0.667
dish_1559848857,mandarin oranges,28.09,53.00,A single tangerine on a white plate.,45.00,85.00,0.000
dish_1559846825,pizza,252.70,95.00,"Two small rectangular slices of pizza topped with melted cheese, jalapeños, red onion, and meat pieces.",230.00,84.00,0.500
dish_1559846688,arugula,82.83,73.00,"A small, appetizer-sized plated salad consisting of mixed greens, roasted squash cubes, a dollop of yogurt or labneh, and a decorative slice of Chioggia beet over a base of grains and chickpeas.",95.00,75.00,0.000
dish_1559848882,mandarin oranges | pears,143.06,254.00,A white plate containing a whole mandarin orange and a whole green pear.,148.00,265.00,1.000
dish_1559848929,pears | grapes | mandarin oranges,189.29,321.00,"A fresh fruit plate consisting of one pear, one mandarin orange, and a cluster of red grapes.",193.00,328.00,1.000
dish_1559849020,grapes,46.23,67.00,A small cluster of fresh red grapes on a white square plate.,52.00,75.00,1.000
dish_1559849097,almonds | pears | grapes,495.93,325.00,"A snack plate consisting of a whole green pear, a serving of red grapes, and a handful of whole almonds.",367.00,303.00,1.000
dish_1559849412,almonds,352.64,61.00,A small portion of whole almonds served on a white square plate.,208.00,36.00,1.000
dish_1559849053,grapes | almonds,381.53,125.00,A snack plate consisting of fresh red grapes and a portion of whole almonds.,230.00,110.00,1.000
dish_1559849466,pears | almonds,467.61,262.00,A snack plate consisting of a handful of whole almonds and a fresh green pear.,283.00,175.00,1.000
dish_1559849537,grapes | pears | mandarin oranges | almonds,549.52,393.00,A healthy snack plate containing a variety of fresh fruits and a portion of almonds.,390.00,346.00,0.600
dish_1559850314,almonds,296.62,100.00,A healthy snack featuring a single clementine and a portion of whole almonds.,190.00,110.00,0.500
dish_1559849497,almonds | pears | grapes,521.43,340.00,"A healthy snack plate containing a portion of almonds, a cluster of red grapes, and a whole green pear.",329.00,280.00,1.000
dish_1559850283,almonds,271.71,47.00,"A portion of whole, skin-on almonds served in a square white bowl.",203.00,35.00,1.000
dish_1559925037,bacon,54.10,10.00,A single strip of cooked bacon on a plate.,54.00,12.00,1.000
dish_1559850338,almonds,307.12,130.00,"A snack plate consisting of a whole mandarin orange, a handful of almonds, and several small broccoli florets.",228.00,145.00,0.333
dish_1559932674,,58.28,124.00,A single whole fresh orange on a white square plate.,85.00,180.00,
dish_1559925083,yam | sweet potato | bacon,125.14,81.00,A small portion of roasted sweet potato cubes and mushrooms served with one strip of crispy bacon.,150.00,125.00,0.500
dish_1559933793,brussels sprouts,56.68,111.00,A small portion of roasted Brussels sprouts scattered on a square white plate.,110.00,160.00,1.000
dish_1559925174,,88.35,155.00,"A snack plate of mixed fresh berries including sliced strawberries, blueberries, a blackberry, and a raspberry.",40.00,116.00,
dish_1559933818,brussels sprouts,115.07,154.00,A light vegetarian meal consisting of roasted Brussels sprouts and a mixed green side salad.,190.00,235.00,1.000
dish_1559934477,caesar salad,25.08,57.00,"A very small 'tasting' portion of Caesar salad consisting of romaine lettuce, dressing, and a few croutons.",158.00,50.00,0.333
dish_1559933834,salmon | lentils | brussels sprouts | mayonnaise,775.03,458.00,"A healthy meal consisting of roasted salmon pieces topped with black lentils, served with charred Brussels sprouts and a fresh mixed green salad.",500.00,350.00,0.750
dish_1559934645,caesar salad,24.64,56.00,"A very small portion or leftover serving of Caesar salad with lettuce, creamy dressing, and a few croutons.",140.00,67.00,0.333
dish_1560203400,pepperoni pizza,293.28,104.00,A single rectangular slice of thick-crust pepperoni pizza.,350.00,130.00,1.000
dish_1559934679,chicken thighs | caesar salad,160.85,146.00,"A balanced meal consisting of roasted chicken topped with a light grain and spinach garnish, served with a side of Caesar salad.",410.00,210.00,0.667
dish_1560203424,pepperoni pizza | brownies,451.75,138.00,A rectangular slice of pepperoni pizza served with a small square chocolate brownie.,480.00,150.00,0.333
dish_1559934708,chicken thighs | white rice | caesar salad,202.45,178.00,"A balanced meal consisting of a portion of white rice, a creamy vegetable and fruit salad, and a piece of breaded protein, likely chicken.",630.00,340.00,0.667
dish_1560270537,pineapple,24.00,48.00,A small snack or side portion of fresh pineapple chunks.,30.00,60.00,1.000
dish_1560270585,pineapple | watermelon,43.80,114.00,A small snack plate containing a few pieces of fresh cut watermelon and pineapple.,60.00,160.00,1.000
dish_1560356314,spinach (raw),30.54,27.00,"A very small salad consisting of a few spinach leaves and a light garnish of shredded carrots, likely lightly dressed with oil.",33.00,26.00,0.333
dish_1560270630,pineapple | watermelon | sweet potato,120.56,215.00,"A small plate featuring fresh watermelon cubes, pineapple chunks, and roasted mushroom pieces.",162.00,310.00,0.500
dish_1560356355,bacon | yam,301.61,148.00,"A breakfast or lunch plate featuring roasted sweet potato chunks, two slices of crispy bacon, and a fresh spinach salad garnished with shredded carrots.",275.00,190.00,0.250
dish_1560356523,bacon,497.72,92.00,"A serving of three crispy, pan-fried bacon strips on a white square plate.",135.00,27.00,1.000
dish_1560356337,yam,144.72,119.00,A balanced side dish consisting of roasted sweet potato cubes served alongside fresh spinach leaves and a garnish of shredded carrots.,162.00,162.00,0.000
dish_1560356566,scrambled eggs | bacon,676.80,213.00,A breakfast plate featuring scrambled eggs and three strips of crispy fried bacon.,295.00,124.00,1.000
dish_1560356627,scrambled eggs | bacon | sausage,980.05,301.00,"A high-protein breakfast plate consisting of scrambled eggs, two and a half strips of crispy bacon, and several pieces of sliced sausage.",360.00,154.00,1.000
dish_1560357267,scrambled eggs,566.84,383.00,A single-plate meal consisting of a generous portion of scrambled eggs topped with a savory green salsa.,325.00,245.00,0.500
dish_1560357427,grapefruit juice,93.75,241.00,A single glass of orange fruit juice.,90.00,200.00,1.000
dish_1560357297,sausage | scrambled eggs,942.45,492.00,A high-protein breakfast plate consisting of a large portion of scrambled eggs topped with numerous slices of thick-cut smoked sausage and a drizzle of green salsa.,828.00,360.00,0.667
dish_1560357792,waffles,145.15,50.00,"Two segments of a Belgian waffle on a white plate, with one segment partially eaten.",270.00,85.00,1.000
dish_1560357832,waffles,181.35,82.00,A meal consisting of a portion of a thick Belgian-style waffle paired with a side of mixed baby leaf greens.,315.00,125.00,1.000
dish_1560360030,scrambled eggs,193.88,131.00,A plate of scrambled eggs mixed with what appears to be shredded imitation crab or surimi.,255.00,165.00,1.000
dish_1560360055,sausage | scrambled eggs,362.73,180.00,A breakfast plate consisting of a portion of scrambled eggs and five slices of pan-seared smoked sausage.,530.00,230.00,1.000
dish_1560360112,scrambled eggs | sausage,401.49,248.00,"A breakfast plate consisting of a portion of scrambled eggs, four slices of pan-fried sausage, and a mixed side of fresh blackberries and raspberries.",468.00,275.00,1.000
dish_1560360102,scrambled eggs | sausage,401.49,248.00,"A breakfast plate featuring scrambled eggs with cheese, pan-fried sausage slices, and fresh mixed berries.",482.00,250.00,1.000
dish_1560366389,arugula,46.91,38.00,A very small side salad or garnish consisting of arugula leaves and a small tomato piece with a light dressing.,41.00,26.00,0.333
dish_1560360148,scrambled eggs | sausage | cream cheese | bagels,587.79,317.00,"A varied breakfast plate featuring a toasted bagel half with cream cheese, a serving of scrambled eggs, sliced sausages, and fresh blackberries and raspberries.",625.00,320.00,0.750
dish_1560366410,arugula,58.74,96.00,A light meal or side dish featuring a fresh arugula salad with a single tomato slice and several spears of cooked green asparagus.,110.00,155.00,1.000
dish_1560366963,cherry tomatoes,7.56,42.00,A plate containing three raw cherry tomatoes.,7.00,35.00,1.000
dish_1560366460,pork,330.74,255.00,"A portion-controlled meal featuring lean roasted pork loin, fresh asparagus, a light arugula salad, and roasted eggplant pieces.",275.00,260.00,0.250
dish_1560366438,eggplant | arugula,71.93,136.00,"A light, vegetable-focused plate consisting of a small arugula side salad, sautéed asparagus stalks, and roasted eggplant cubes.",185.00,200.00,0.667
dish_1560366998,honeydew melons | cherry tomatoes,39.60,131.00,A small snack plate consisting of roughly 140g of mixed melon chunks and three cherry tomatoes.,46.00,141.00,0.500
dish_1560367085,honeydew melons | tofu | cherry tomatoes,77.56,183.00,"A very small snack-sized plate or leftovers containing three cherry tomatoes, several pieces of fresh melon, and a small amount of sautéed vegetables and protein.",87.00,155.00,0.500
dish_1560367153,honeydew melons | tofu | fish | cherry tomatoes,117.18,254.00,A small sampler-sized portion of mixed sautéed and roasted vegetables including asparagus and cherry tomatoes with small pieces of seasoned protein.,136.00,215.00,0.143
dish_1560367193,honeydew melons | cherry tomatoes | fish | mushroom | tofu,131.04,317.00,"A light vegetable plate consisting of a sautéed mushroom mix served over roasted root vegetables, accompanied by grilled asparagus and fresh cherry tomatoes.",141.00,215.00,0.333
dish_1560367116,tofu | honeydew melons | fish | cherry tomatoes,108.41,211.00,"A very small portion/tasting plate consisting of scattered stir-fry vegetables, protein chunks, and grains with a side of cherry tomatoes.",96.00,147.00,0.500
dish_1560367258,tofu | fish | mushroom | cherry tomatoes | honeydew melons,157.99,341.00,"A plant-forward meal featuring a central mound of sautéed mushrooms accompanied by three asparagus spears, seared tofu cubes, and roasted root vegetables including beets and sweet potato.",220.00,305.00,0.286
dish_1560367296,tofu | fish | mushroom | honeydew melons,184.38,362.00,"A plant-based meal consisting of pan-fried tofu topped with sautéed mushrooms, served with asparagus, a side salad, and a piece of fresh pineapple.",225.00,245.00,0.333
dish_1560367698,white rice | pork,556.72,295.00,"A balanced meal consisting of a portion of white rice, sliced roasted chicken, and stir-fried broccoli florets.",410.00,350.00,0.250
dish_1560367333,fish | chicken | tofu | honeydew melons,291.63,427.00,"A healthy, balanced meal consisting of grilled chicken pieces, sautéed mushrooms, a few stalks of asparagus, a small portion of quinoa, one potato wedge, and a side of mixed greens.",340.00,290.00,0.125
dish_1560367715,pork | croutons | white rice,597.53,305.00,"A balanced meal consisting of a portion of white rice served with sliced roasted chicken, broccoli florets, and fried tofu pieces.",540.00,405.00,0.167
dish_1560367676,pork | brown rice,430.62,198.00,"A small, calorie-controlled portion of roasted chicken breast served with steamed broccoli florets and a minimal side of white rice and sautéed onions.",186.00,177.00,0.200
dish_1560367904,fish | country rice,76.02,69.00,"A very small portion of sauced protein, likely a single appetizer-sized piece of chicken or fish, garnished with green onion.",86.00,47.00,0.333
dish_1560367733,white rice | croutons | pork | potatoes,661.44,388.00,"A balanced meal featuring white rice, roasted pork, seasoned potato wedges, and sautéed broccoli with fried tofu cubes.",685.00,470.00,0.500
dish_1560367926,fish | pizza,408.52,194.00,A small meal consisting of one slice of vegetable pizza and a single piece of seasoned cooked chicken on a white plate.,350.00,145.00,0.333
dish_1560368110,cherry tomatoes,16.02,89.00,A white plate containing six fresh grape tomatoes.,15.00,80.00,1.000
dish_1560367952,fish | pizza,414.73,221.00,"A serving consisting of a flatbread pizza slice topped with cheese and red peppers, nearly covered by a large portion of raw baby spinach.",327.00,150.00,0.333
dish_1560368138,cherry tomatoes | mushroom,23.50,123.00,A light snack or side dish plate consisting of six fresh cherry tomatoes and a small portion of sauteed mushrooms.,64.00,145.00,1.000
dish_1560367980,pizza | fish,421.47,254.00,Thin-crust pizza topped with a large portion of raw baby spinach and cooked asparagus spears.,462.00,245.00,0.333
dish_1560368019,pizza | fish,436.97,301.00,"A varied meal plate featuring two small slices of thin-crust veggie pizza, grilled chicken strips, roasted eggplant, asparagus, and a large portion of fresh spinach.",465.00,350.00,0.200
dish_1560368395,honeydew melons,49.32,137.00,A small portion of cubed honeydew melon served on a white plate.,45.00,125.00,1.000
dish_1560368162,cherry tomatoes | mushroom | eggplant,41.64,178.00,A plate containing six whole cherry tomatoes and a portion of sliced roasted eggplant.,111.00,200.00,0.667
dish_1560368464,honeydew melons | pork,349.45,275.00,A lean meal consisting of a small portion of sliced roasted white meat and a side of diced cooked squash.,180.00,180.00,0.000
dish_1560368506,fish | honeydew melons | pork | country rice,462.93,378.00,"A plate featuring sliced lean roasted meat, smaller marinated protein pieces, and a side of cubed cooked vegetable or fruit.",390.00,300.00,0.000
dish_1560368570,honeydew melons | pork | fish,555.93,452.00,"A balanced meal consisting of sliced roasted chicken, a portion of breaded protein, mixed leafy greens, and steamed vegetable chunks.",435.00,270.00,0.000
dish_1560368712,arugula,146.88,142.00,"A light green salad consisting of fresh arugula and mixed greens topped with steamed or blanched asparagus spears, showing a visible glossy sheen from dressing.",117.00,130.00,0.333
dish_1560368691,arugula,140.76,112.00,A light arugula salad with small white inclusions and an oil-based dressing coating.,112.00,79.00,0.333
dish_1560368764,tofu | eggplant,207.10,270.00,"A light vegetarian salad consisting of a bed of arugula topped with roasted eggplant, grilled asparagus, and cubed firm tofu.",197.00,265.00,0.667
dish_1560368815,eggplant | tofu | spinach (raw),400.34,442.00,"A plant-based salad featuring a base of mixed leafy greens topped with roasted eggplant, steamed green beans, and cubes of firm tofu.",280.00,307.00,0.500
dish_1560368944,pork,143.54,66.00,"A very small leftover portion consisting of a single slice of lean meat, a small amount of rice, and a few pieces of sautéed vegetables.",105.00,80.00,0.333
dish_1560368738,eggplant | arugula,174.25,225.00,"A plant-based dish consisting of a fresh arugula salad bed topped with roasted mushrooms and two stalks of asparagus, finished with an oil-based dressing.",181.00,157.00,0.250
dish_1560368972,pork | white rice,196.84,107.00,A small portion of roasted meat served with white rice and a small garnish.,275.00,165.00,0.667
dish_1560368990,white rice | pork,211.92,119.00,"A balanced meal consisting of roasted pork, two types of rice (plain and seasoned), and a fresh arugula side salad.",328.00,220.00,0.500
dish_1560369080,spinach (raw),55.05,49.00,A small portion of mixed baby salad greens on a white plate.,5.00,25.00,0.000
dish_1560369008,pork | white rice | caesar salad,223.80,146.00,"A balanced meal consisting of lean pork loin, a small portion of white rice, fresh arugula, and mixed cooked vegetables.",310.00,290.00,0.333
dish_1560369102,spinach (raw),69.74,121.00,A small vegetable side dish featuring steamed asparagus stalks and mixed spring greens.,43.00,100.00,0.000
dish_1560369122,spinach (raw) | honeydew melons,92.06,183.00,"A light side salad featuring several stalks of asparagus, a small portion of mixed leafy greens, three chunks of honeydew melon, and sugar snap peas.",75.00,190.00,0.333
dish_1560369255,pork,132.67,61.00,Leftover meal fragments on a plate consisting of two small slices of chicken breast with a few grains of rice and beans.,97.00,63.00,0.000
dish_1560369273,fish | pork | country rice,308.95,221.00,"A plate containing small portions of two types of cooked protein: seasoned seared pieces and lean roasted white meat slices, with minimal rice garnish.",268.00,160.00,0.200
dish_1560369294,country rice | fish | pork,333.64,342.00,"A high-protein, low-carbohydrate meal consisting of two types of cooked meat/poultry, a large portion of asparagus, and a minimal amount of grains.",490.00,395.00,0.400
dish_1560369313,fish | white rice | country rice | pork,392.14,387.00,"A balanced plate containing lean sliced chicken, pan-fried marinated protein pieces, white rice, and fresh asparagus spears.",461.00,375.00,0.167
dish_1560369146,pork,474.83,359.00,"A balanced healthy meal featuring sliced chicken breast, a very small portion of brown rice, asparagus stalks, a broccoli floret, and a mixed green salad with cucumber.",191.00,185.00,0.000
dish_1560370114,,7.96,39.00,A side serving consisting of approximately five spears of cooked green asparagus.,25.00,80.00,
dish_1560369403,fish | white rice | pork | country rice,411.97,405.00,"A balanced plate featuring two types of protein (seared fish and sliced white meat), a serving of asparagus, a small portion of white rice, and a peanut-aromatic garnish.",475.00,340.00,0.750
dish_1560370804,ice cream cones,25.13,6.00,"A single, empty wafer or waffle cup on a white plate.",25.00,7.00,0.000
dish_1560369421,pork | fish | country rice | white rice,413.95,411.00,"A balanced meal consisting of white rice, steamed asparagus, pan-fried tofu or fish, and sliced lean poultry or pork, garnished with crushed peanuts.",479.00,363.00,0.750
dish_1560370137,arugula,89.64,104.00,"A small side salad consisting of arugula and asparagus stalks, lightly dressed with a visible oil-based dressing.",87.00,120.00,0.333
dish_1560441247,bok choy,2.21,17.00,"A very small portion of sauteed green vegetable stalks, likely bok choy, served on a large white plate.",8.00,20.00,1.000
dish_1560370833,frozen yogurt,177.00,99.00,A single small dessert consisting of a crisp waffle-style shell filled with a dark chocolate ganache or thick chocolate cream.,260.00,60.00,0.000
dish_1560441288,potatoes | bacon,165.20,72.00,"A very small portion consisting of a single strip of bacon, a few chunks of roasted potatoes, and a small garnish of sautéed vegetables.",130.00,70.00,0.667
dish_1560441311,bacon | quinoa | potatoes,190.40,93.00,"A small, composed plate consisting of a single crispy bacon strip, roasted potato wedges, sautéed bok choy, and a small serving of grain-based salad.",210.00,111.00,0.750
dish_1560441270,bok choy | potatoes,24.54,46.00,"A very small tasting portion or leftover serving consisting of roasted potatoes, sautéed greens, and a piece of steamed white vegetable.",90.00,77.00,0.250
dish_1560441464,,28.50,50.00,"A very small portion of mixed fresh fruit, specifically sliced strawberries and whole blueberries.",21.00,55.00,
dish_1560441339,bacon | quinoa | potatoes | scrambled eggs,280.68,154.00,"A breakfast plate consisting of scrambled eggs, two crispy bacon strips, roasted potato chunks, a small side of quinoa salad, and sautéed greens.",480.00,260.00,0.800
dish_1560441511,watermelon | cantaloupe,51.92,123.00,"A small snack plate consisting of a variety of fresh sliced fruits including strawberries, cantaloupe, watermelon, and blueberries.",45.00,130.00,1.000
dish_1560441487,cantaloupe,41.42,88.00,"A very small snack plate of fresh fruit including sliced strawberries, cantaloupe cubes, and blueberries.",39.00,110.00,1.000
dish_1560442226,,83.79,147.00,"A small serving of assorted fresh berries including sliced strawberries, whole blackberries, blueberries, and raspberries arranged on a white plate.",58.00,138.00,
dish_1560442258,bacon,289.37,185.00,"A small plate consisting of two strips of crispy bacon served alongside a portion of fresh mixed berries including strawberries, blackberries, and blueberries.",150.00,117.00,1.000
dish_1560441529,cantaloupe | watermelon | pineapple,66.42,152.00,"A small snack plate consisting of cut assorted fresh fruits including strawberries, pineapple, cantaloupe, watermelon, and blueberries.",68.00,180.00,1.000
dish_1560442279,quinoa | bacon,333.77,222.00,"A breakfast or brunch plate consisting of two slices of bacon, a portion of savory quinoa, and a generous side of fresh mixed berries.",276.00,255.00,1.000
dish_1560442374,grapefruit juice,90.64,233.00,A single glass containing orange juice.,100.00,225.00,1.000
dish_1560442303,scrambled eggs | quinoa | bacon,444.77,297.00,"A high-protein breakfast plate featuring scrambled eggs, two slices of bacon, a savory grain-based side, and a generous serving of mixed berries.",473.00,353.00,0.500
dish_1560443437,,116.28,204.00,"A mixed plate of fresh berries including strawberries, raspberries, blueberries, and blackberries.",90.00,205.00,
dish_1560442450,yogurt,87.76,149.00,"A single bowl of a white, creamy substance, likely plain Greek yogurt.",124.00,170.00,1.000
dish_1560443537,pineapple | grapes,237.64,411.00,"A mixed fruit salad plate containing pineapple, grapes, and a variety of berries including raspberries, strawberries, blackberries, and blueberries.",164.00,315.00,1.000
dish_1560443565,honeydew melons | pineapple | grapes,260.68,475.00,"A fresh and diverse fruit salad platter featuring pineapple, honeydew melon, red grapes, raspberries, blackberries, blueberries, and strawberries.",194.00,385.00,1.000
dish_1560443474,pineapple,172.78,317.00,"A fresh mixed fruit plate containing pineapple chunks, sliced strawberries, raspberries, blueberries, and blackberries with a small dollop of yogurt.",121.00,253.00,0.500
dish_1560444570,scrambled eggs,168.72,114.00,A single serving of fluffy scrambled eggs on a white plate.,210.00,135.00,1.000
dish_1560444592,scrambled eggs | yam,244.42,175.00,"A plate of scrambled eggs served alongside a portion of roasted orange root vegetables, likely sweet potatoes.",295.00,195.00,0.333
dish_1560443607,grapes | honeydew melons | egg whites | pineapple,380.80,706.00,"A fruit salad containing mixed berries, grapes, and melon cubes, topped with torn pieces of fresh mozzarella cheese.",382.00,315.00,0.400
dish_1560444701,watermelon,51.00,170.00,A small snack portion of fresh diced watermelon on a white plate.,39.00,130.00,1.000
dish_1560444637,bacon | yam | scrambled eggs,509.32,285.00,"A balanced breakfast plate consisting of two thick strips of bacon, scrambled eggs, a side of roasted sweet potato cubes, and fresh strawberry garnish.",495.00,275.00,0.500
dish_1560444616,scrambled eggs | yam,265.87,240.00,"A breakfast plate containing scrambled eggs, sliced strawberries with one blueberry, and roasted sweet potato cubes.",285.00,257.00,0.333
dish_1560444724,watermelon | honeydew melons,113.28,343.00,A light snack consisting of cubed fresh watermelon and honeydew melon on a white plate.,88.00,270.00,1.000
dish_1560444756,honeydew melons | pineapple | watermelon,150.78,418.00,"A side plate of fresh fruit including watermelon, honeydew melon, and pineapple.",94.00,250.00,1.000
dish_1560444869,honeydew melons,14.04,39.00,"Three very small cubes of pale green fruit, likely honeydew melon, served alone on a large white plate.",7.00,20.00,1.000
dish_1560444785,bacon | watermelon | honeydew melons | pineapple,313.08,448.00,"A breakfast plate containing a mixture of fresh fruit (watermelon, honeydew melon, pineapple) and crispy cooked bacon strips.",210.00,300.00,1.000
dish_1560444892,honeydew melons | pineapple,39.54,90.00,A small portion of fresh fruit consisting of pineapple and honeydew melon chunks.,50.00,115.00,1.000
dish_1560444931,watermelon | honeydew melons | pineapple | scrambled eggs,112.66,200.00,"A breakfast or snack plate featuring a small portion of scrambled eggs alongside a variety of fresh fruit cubes including watermelon, pineapple, and honeydew melon.",181.00,275.00,1.000
dish_1560444914,honeydew melons | pineapple | watermelon,62.34,166.00,"A small snack plate consisting of cut fresh fruit pieces: watermelon, pineapple, and honeydew melon.",78.00,210.00,1.000
dish_1560444815,honeydew melons | watermelon | scrambled eggs | bacon | pineapple,495.12,571.00,"A breakfast plate featuring scrambled eggs, three strips of bacon, and mixed fresh fruit chunks including watermelon, honeydew, and pineapple.",408.00,380.00,1.000
dish_1560444948,watermelon | pineapple | scrambled eggs | honeydew melons,171.32,231.00,"A balanced light breakfast plate consisting of a single serving of scrambled eggs, assorted fresh fruit chunks, and a small vegetable garnish.",168.00,270.00,0.800
dish_1560444967,honeydew melons | yam | scrambled eggs | pineapple | watermelon,197.38,252.00,"A varied breakfast plate consisting of scrambled eggs, a selection of fresh melon and pineapple cubes, and a small side of sautéed mixed vegetables including sweet potato.",213.00,300.00,0.667
dish_1560444985,honeydew melons | pineapple | watermelon | yam | scrambled eggs,198.94,264.00,"A breakfast plate containing protein from scrambled eggs, a variety of fresh melons, and a small assortment of cooked and raw vegetables.",273.00,380.00,0.500
dish_1560445069,grapefruit juice,94.53,243.00,"A glass of orange-colored liquid, likely orange juice.",90.00,200.00,1.000
dish_1560445004,watermelon | scrambled eggs | bacon | pineapple | yam,339.60,290.00,"A breakfast plate containing scrambled eggs, bacon, a side of sautéed vegetables, and a variety of fresh fruit chunks including watermelon, pineapple, and honeydew melon.",335.00,305.00,0.571
dish_1560453132,spinach (raw),142.09,108.00,"A very small side salad consisting of mixed greens, shredded carrots, blueberries, and seeds on a large plate.",79.00,52.00,0.000
dish_1560453174,chicken | spinach (raw),329.72,256.00,"A health-conscious meal consisting of a single roasted chicken drumstick, a portion of green beans, and a mixed green salad garnished with shredded carrots, seeds, and fresh blueberries.",315.00,243.00,0.250
dish_1560453150,spinach (raw) | green beans,152.32,141.00,"A healthy side dish consisting of sauteed green beans and a mixed green salad with shredded carrots, seeds, and blueberries, finished with a light dressing.",195.00,160.00,0.250
dish_1560453275,chicken,92.55,60.00,"A very small, snack-sized portion consisting of a single piece of grilled white fish and one slice of zucchini.",50.00,40.00,0.000
dish_1560453294,kimchi | chicken,115.95,138.00,"A very small portion of food consisting of kimchi, a single cherry tomato, a slice of grilled zucchini, and a small piece of grilled chicken.",81.00,124.00,0.500
dish_1560453328,kimchi | brown rice | chicken | salmon,340.11,264.00,"A small balanced meal featuring grilled glazed fish (likely mackerel), fermented kimchi, a side of grilled vegetables, and a cherry tomato.",208.00,190.00,0.143
dish_1560453356,chicken | brown rice | salmon | kimchi | tomatoes,389.07,408.00,"A balanced meal featuring a protein source (chicken), a large portion of fresh cherry tomatoes, a side of kimchi, and roasted vegetables.",275.00,415.00,0.500
dish_1560453380,brown rice | green beans | tomatoes | chicken | kimchi | salmon,411.39,480.00,"A healthy, low-carbohydrate meal consisting of grilled mackerel, a large portion of sautéed green beans, fresh cherry tomatoes, and a side of kimchi.",350.00,455.00,0.375
dish_1560453412,salmon | tomatoes | chicken | wild rice,591.08,631.00,"A balanced meal featuring a grilled protein, likely salmon, topped with a hearty wild rice pilaf and tomatoes, accompanied by a generous serving of sautéed green beans.",500.00,440.00,0.600
dish_1560454488,garlic | cucumbers | cherry tomatoes | carrot,48.24,42.00,A very small appetizer-sized portion of mixed green salad with mandarin orange segments and a light dressing.,50.00,50.00,0.000
dish_1560454539,green beans | wild rice,122.27,119.00,"A small portioned meal consisting of brown rice, steamed/sautéed green beans, and a small side of mixed greens with a mandarin orange segment.",143.00,165.00,0.667
dish_1560454970,cherry tomatoes,9.90,55.00,Four individual cherry tomatoes served on a large white plate.,9.00,48.00,1.000
dish_1560454513,green beans,54.44,62.00,A very small side serving consisting of a few sautéed green beans and a tiny mixed leaf salad with a single mandarin segment.,50.00,55.00,0.500
dish_1560454562,corn | fish | wild rice,318.82,299.00,"A balanced meal featuring glazed salmon, red/wild rice, sautéed green beans, and a small side salad with mandarin.",465.00,315.00,0.167
dish_1560455030,cherry tomatoes | cucumbers | baby carrots,20.59,103.00,"A very light snack or side dish consisting of a small portion of raw shredded carrots, sliced cucumbers, and whole cherry tomatoes.",31.00,125.00,1.000
dish_1560455000,cherry tomatoes | cucumbers,12.80,84.00,"A very small portion or snack plate consisting of fresh raw vegetables: cherry tomatoes, cucumber slices, and a few carrot shreds.",21.00,123.00,0.667
dish_1560455059,cherry tomatoes | baby carrots | celery | cucumbers,25.55,134.00,"A side plate containing small portions of raw shredded carrots, cherry tomatoes, sliced cucumber, and chopped celery.",37.00,160.00,1.000
dish_1560455090,celery | chicken | cherry tomatoes | baby carrots,60.20,155.00,A light snack or small salad plate consisting of various raw vegetables and a small amount of diced cooked chicken breast.,57.00,155.00,0.800
dish_1560455158,arugula,69.12,55.00,A small side salad consisting of fresh arugula leaves topped with a few black beans and a light dressing.,66.00,45.00,0.333
dish_1560455179,honeydew melons,103.32,150.00,A light appetizer or side dish consisting of a dressed arugula salad with a few black beans and a side of cubed honeydew melon.,141.00,180.00,0.333
dish_1560455224,honeydew melons | green beans | wild rice,181.74,244.00,"A health-conscious plate consisting of fresh melon cubes, a leafy green salad with beans, and a side of brown rice mixed with green beans.",237.00,225.00,1.000
dish_1560455343,spinach (raw),53.94,41.00,A very small portion of mixed salad greens on a white square plate.,6.00,30.00,0.000
dish_1560455203,green beans | honeydew melons,115.10,188.00,"A light meal featuring a mixed salad of arugula, black beans and grains, sautéed green beans, and fresh honeydew melon cubes.",140.00,230.00,0.667
dish_1560455263,chicken | wild rice | honeydew melons,360.68,360.00,"A balanced meal consisting of roasted chicken portions, a mix of green beans and red rice, a side of arugula salad with black olives, and fresh honeydew melon cubes.",532.00,420.00,0.600
dish_1560455421,corn on the cob | fish,180.94,189.00,"A healthy portioned meal consisting of a small grilled fish fillet, a portion of corn on the cob, and a side of dressed mixed greens.",280.00,190.00,1.000
dish_1560455380,chard | spinach (raw),60.97,78.00,"A small side salad consisting of mixed baby greens and a few carrot shreds, lightly tossed in an oil-based dressing.",50.00,49.00,0.000
dish_1560455399,fish | chard,138.50,149.00,A plate featuring a single portion of grilled salmon served over a fresh mixed green salad garnished with shredded carrots.,289.00,190.00,0.000
dish_1560456326,chicken,206.87,138.00,Roasted chicken thigh served with a side of arugula salad.,290.00,130.00,0.500
dish_1560456305,lettuce | pumpkin seeds | arugula | carrot,26.39,21.00,"A minimal, garnish-sized portion of fresh arugula leaves on a white square plate.",3.00,12.00,0.250
dish_1560456348,chicken,210.28,149.00,"A plated meal featuring a roasted chicken thigh, a small side of sautéed green beans, and a small portion of arugula salad.",310.00,180.00,0.333
dish_1560455442,corn on the cob | pizza | fish,457.58,293.00,"A plate containing a portion of grilled fish, a small piece of flatbread pizza, a segment of corn on the cob, and a mixed green side salad.",490.00,250.00,0.500
dish_1560456794,corn | fish,205.28,188.00,An appetizer-sized portion consisting of seared white fish pieces served with a small amount of arugula and corn in a savory sauce.,146.00,113.00,0.667
dish_1560456370,chicken | white rice,258.38,186.00,"A balanced meal consisting of a roasted chicken thigh, a small portion of white rice, sautéed green beans, and fresh arugula.",347.00,245.00,0.500
dish_1560456814,fish | corn | wild rice,318.33,283.00,A healthy meal consisting of a portion of brown rice with corn and pieces of grilled white fish garnished with fresh arugula.,320.00,255.00,0.667
dish_1560526408,spinach (raw),67.10,51.00,A very small side salad consisting of mixed leafy greens and a light dressing on a large square plate.,45.00,45.00,0.000
dish_1560526447,spinach (raw),88.59,70.00,A small appetizer plate featuring two distinct micro-portion salads: one primarily spinach and one mixed greens with berries.,120.00,85.00,0.500
dish_1560456853,broccoli | fish | corn | caesar salad | wild rice,405.70,501.00,"A balanced meal consisting of a dressed Caesar salad, a portion of brown rice, steamed broccoli, and herb-seasoned white fish.",570.00,480.00,0.800
dish_1560456833,broccoli | fish | wild rice | corn,351.58,378.00,"A healthy plate featuring a serving of brown rice with corn, a side of steamed broccoli, and several pieces of cooked white fish topped with fresh greens.",330.00,350.00,0.600
dish_1560526472,spinach (raw),113.67,114.00,"A small portion of mixed green salad topped with fresh strawberry slices, a few blueberries, and a light oil-based dressing.",67.00,92.00,0.000
dish_1560526530,sausage | potatoes | pineapple,245.28,242.00,"A mixed plate featuring a garden salad, roasted potato pieces, fresh fruit (pineapple and strawberries), and a small portion of sausage.",250.00,240.00,1.000
dish_1560526490,spinach (raw) | pineapple,141.67,170.00,"A small side fruit salad on a bed of mixed greens, containing pineapple and strawberries, lightly tossed in a vinaigrette.",87.00,128.00,0.500
dish_1560526514,potatoes | pineapple | spinach (raw),183.25,224.00,"A light meal plate consisting of a dressed side salad, a small portion of roasted potatoes, and fresh fruit pieces.",240.00,255.00,0.667
dish_1560527070,potatoes,53.13,69.00,A very small portion of roasted or sautéed potato chunks served on a large white square plate.,75.00,50.00,1.000
dish_1560526552,sausage | pineapple | potatoes | scrambled eggs,359.24,319.00,"A balanced breakfast plate featuring protein-rich scrambled eggs, starchy roasted potatoes, fresh fruit, and a side of mixed greens.",450.00,330.00,0.400
dish_1560527140,potatoes | bacon,276.67,138.00,"A small meal consisting of crispy bacon, a few pieces of roasted potatoes, and a side of spinach and carrot salad.",255.00,125.00,0.667
dish_1560527105,potatoes,92.73,104.00,"A small side dish featuring roasted potatoes, sautéed spinach, and shredded carrots.",140.00,117.00,0.333
dish_1560527168,potatoes | bacon,322.84,219.00,"A breakfast or brunch plate featuring crispy bacon, roasted potato cubes, and a fresh spinach salad topped with sliced strawberries and blueberries.",355.00,255.00,0.500
dish_1560527745,yogurt,87.76,149.00,"A bowl of plain white yogurt, likely Greek style.",160.00,200.00,1.000
dish_1560527950,watermelon,23.10,77.00,A very small portion of fresh watermelon cubes scattered on a white plate.,24.00,80.00,1.000
dish_1560527225,potatoes | bacon | sausage | scrambled eggs,937.79,503.00,"A high-protein breakfast plate featuring a large portion of scrambled eggs, bacon, sausage, roasted potatoes, and a small side of fruit and greens.",780.00,420.00,0.800
dish_1560529804,watermelon,15.30,51.00,A very small snack portion consisting of five pieces of diced watermelon.,23.00,75.00,1.000
dish_1560529825,watermelon,52.92,117.00,"A light snack plate featuring fresh fruit pieces including watermelon, blackberries, and raspberries.",56.00,150.00,1.000
dish_1560539314,fish | quinoa,165.74,158.00,A small serving of breaded and fried fish pieces served on a minimal bed of fresh leafy greens.,190.00,90.00,0.500
dish_1560527191,bacon | potatoes | sausage,663.99,318.00,"A mixed breakfast plate containing bacon, sausage slices, roasted potatoes, a small side salad with green dressing, and fresh strawberries and blueberries.",435.00,260.00,0.750
dish_1560529844,sweet potato | watermelon,91.68,168.00,"A small snack plate containing a portion of roasted potatoes served with fresh watermelon chunks, blackberries, and raspberries.",179.00,203.00,1.000
dish_1560539368,quinoa | carrot | caesar salad | fish,238.81,314.00,A vegetable-forward meal featuring roasted carrots and sautéed greens served over a small portion of couscous.,215.00,275.00,0.200
dish_1560539340,caesar salad | quinoa | fish,196.54,228.00,"A side portion of cooked cabbage, likely sautéed or roasted, finished with a savory breadcrumb topping and hard cheese shavings.",205.00,150.00,0.000
dish_1560541680,arugula,95.05,77.00,"A light arugula side salad topped with cheese crumbles and nut pieces, dressed with a vinaigrette.",200.00,80.00,0.333
dish_1560541760,white rice | chicken,465.58,372.00,A health-conscious plate featuring two pieces of glazed chicken accompanied by a fresh arugula salad with nuts and a side of romanesco broccoli.,475.00,280.00,0.250
dish_1560541706,arugula | cauliflower,110.80,140.00,"A light arugula and Romanesco broccoli salad with walnut pieces and crumbled cheese, dressed in a vinaigrette.",223.00,129.00,0.167
dish_1560539396,fish | quinoa | caesar salad | carrot | roasted potatoes,384.04,417.00,"A balanced meal featuring roasted potatoes and glazed carrots served alongside a Caesar salad with shaved parmesan, which covers a breaded protein fillet.",645.00,405.00,0.667
dish_1560543525,tomatoes | caesar salad,83.43,187.00,"A small appetizer-sized portion consisting of a dressed green salad with croutons, four cherry tomatoes, and a handful of Kalamata olives.",177.00,160.00,0.667
dish_1560543505,tomatoes | caesar salad,66.18,172.00,A very small side portion of Caesar salad with four cherry tomatoes and a single olive.,153.00,120.00,0.200
dish_1560541793,carrot | chicken,509.83,462.00,"A plate of glazed chicken breast accompanied by an arugula salad with feta and walnuts, roasted carrots, and romanesco broccoli.",587.00,355.00,0.333
dish_1560543557,tomatoes | caesar salad,87.87,191.00,"A small Mediterranean-style plate consisting of a portion of dressed salad, brown rice, whole cherry tomatoes, and kalamata olives.",267.00,233.00,0.500
dish_1560543583,fish | tomatoes | quinoa | caesar salad,254.66,350.00,"A varied plate consisting of a small Caesar salad, brown rice, a grain-based casserole with spinach and breaded protein, fresh cherry tomatoes, and black olives.",335.00,275.00,0.333
dish_1560543465,caesar salad,33.88,77.00,"A very small portion or remaining leftovers of a Caesar salad, including romaine lettuce, croutons, creamy dressing, and a single black olive.",142.00,65.00,0.250
dish_1560543682,roasted potatoes,121.26,86.00,A very small portion of seasoned roasted potato chunks on a square white plate.,90.00,50.00,1.000
dish_1560543625,chicken | roasted potatoes | caesar salad | fish | tomatoes,560.30,554.00,"A varied plate consisting of dark-glazed chicken, white rice, a side Caesar salad, roasted potatoes, cherry tomatoes, and black olives.",641.00,410.00,0.571
dish_1560543704,roasted potatoes | cauliflower,140.01,161.00,A small portion consisting of roasted potato chunks and steamed/roasted romanesco broccoli florets on a white plate.,160.00,160.00,0.333
dish_1560543729,cauliflower | roasted potatoes | chicken,219.53,213.00,"A small portion of glazed chicken, roasted potatoes, and Romanesco broccoli florets served on a large white plate.",210.00,150.00,0.500
dish_1560787696,bacon,37.87,7.00,A single strip of pan-fried crispy bacon on a white plate.,43.00,8.00,1.000
dish_1560543605,chicken | tomatoes | caesar salad | quinoa | fish,485.57,501.00,"A dinner plate consisting of glazed chicken pieces, a side of mixed rice and quinoa, a small Caesar salad, cherry tomatoes, and black olives.",520.00,345.00,0.429
dish_1560543755,chicken | cauliflower | roasted potatoes | rice noodles,257.92,264.00,"A small, balanced plate containing a portion of glazed protein (likely salmon), roasted potato wedges, Romanesco broccoli florets, and a cabbage-based side salad.",325.00,245.00,0.143
dish_1560788338,yogurt,71.27,121.00,"A small white bowl containing a portion of thick, white creamy yogurt, likely Greek style.",115.00,120.00,1.000
dish_1560787754,bacon,72.64,68.00,A light snack or breakfast plate consisting of one strip of bacon and a small handful of mixed berries.,70.00,63.00,1.000
dish_1560787817,yam | bagels | cream cheese,292.23,165.00,"A breakfast plate consisting of a toasted bagel half with cream cheese, one strip of bacon, a small serving of roasted sweet potatoes, and a side of fresh raspberries and blackberries.",347.00,175.00,0.400
dish_1560788349,yogurt,78.93,134.00,A small white bowl containing plain yogurt topped with three fresh strawberry slices.,107.00,130.00,1.000
dish_1560787781,yam,108.63,97.00,"A small snack plate containing a single slice of bacon, several fresh raspberries and blackberries, and a small portion of roasted sweet potato pieces.",122.00,110.00,0.000
dish_1560798656,cheese pizza,287.17,108.00,A single rectangular slice of thick-crust cheese pizza on a white square plate.,360.00,130.00,1.000
dish_1560788384,yogurt,111.20,242.00,A small bowl of white yogurt topped with sliced fresh strawberries and two blueberries.,106.00,178.00,1.000
dish_1560798744,cheese pizza | tofu,357.15,220.00,"A vegetarian meal featuring a square of thick-crust cheese pizza, several strips of fried tempeh, and a small serving of broccoli.",635.00,290.00,0.250
dish_1560798707,cheese pizza,298.02,139.00,A meal featuring two small pieces of rectangular cheese pizza accompanied by a side of broccoli florets.,400.00,180.00,0.500
dish_1560798854,tofu | cheese pizza,455.51,372.00,"A vegetarian meal plate featuring a square of cheesy pizza, fried tempeh strips, steamed cauliflower and broccoli, and a green salad.",565.00,335.00,0.200
dish_1560798928,tofu | cheese pizza,485.04,399.00,"A vegetarian meal consisting of a square of cheese pizza, several strips of tempeh, a large mixed green salad, a side of broccoli, and a small portion of mashed potatoes.",665.00,395.00,0.200
dish_1560798815,cheese pizza | tofu | cauliflower,404.96,341.00,"A balanced meal featuring a slice of thick-crust cheese pizza, pan-fried tempeh, steamed cauliflower, and a sautéed kale and broccoli mix.",465.00,320.00,0.333
dish_1560798785,cheese pizza | tofu | cauliflower,379.65,310.00,"A balanced plate featuring a rectangular slice of thick-crust cheese pizza, several pieces of fried tempeh, and a side of mixed steamed cauliflower and broccoli.",546.00,310.00,0.400
dish_1560799113,pizza,98.42,37.00,A very small leftover piece of pepperoni pizza.,95.00,35.00,1.000
dish_1560799368,pork,108.40,53.00,A very small portion of roasted meat fragments on a large white plate.,180.00,65.00,1.000
dish_1560799277,pizza | broccoli,111.02,73.00,A very small snack portion consisting of two broccoli florets and a small piece of pepperoni pizza.,142.00,80.00,1.000
dish_1560798960,tofu | cheese pizza,493.72,429.00,"A varied plate consisting of a large leafy green salad, a thick-crust cheese pizza slice, several pieces of cooked tempeh, steamed broccoli, and roasted squash.",592.00,345.00,0.200
dish_1560799615,squash | pizza,332.75,283.00,"A plant-forward meal featuring a spinach and cranberry salad, roasted squash, and tomato-topped flatbread.",465.00,300.00,0.250
dish_1560799558,pizza,196.84,74.00,"Two small pieces of thin-crust, focaccia-style pizza topped with tomato sauce, fresh tomato slices, and herbs.",210.00,90.00,0.500
dish_1560799590,pizza,298.02,163.00,"A light meal featuring a spinach salad topped with dried cranberries and carrots, accompanied by two small slices of tomato flatbread.",316.00,155.00,0.000
dish_1560800918,kale,70.83,40.00,A very small portion of mixed green salad with minor grain and vegetable garnishes.,15.00,25.00,0.000
dish_1560800836,pepperoni pizza,479.40,170.00,A serving of three small pepperoni pizza slices on a square white plate.,395.00,150.00,1.000
dish_1560799647,pork | pizza,723.41,474.00,"A balanced meal plate consisting of a spinach and dried fruit salad, roasted squash chunks, tomato-topped flatbread, and a base of rice with pulled meat and sautéed zucchini.",660.00,470.00,0.200
dish_1560799407,pork | carrot,220.90,122.00,"A small spinach salad topped with grilled protein, dried cranberries, carrots, seeds, and fruit slices.",319.00,178.00,0.167
dish_1560800988,cauliflower | bulgur,314.87,230.00,"A health-conscious plate featuring steamed cauliflower, a portion of bulgur wheat, mixed leafy greens, and roasted beets with a couple of small shrimp.",158.00,325.00,0.500
dish_1560800951,cauliflower | kale,102.83,168.00,"A light meal featuring steamed cauliflower and a mixed green salad with beets and small grains, lightly dressed with oil.",125.00,210.00,0.250
dish_1560801020,cauliflower | chicken breast | bulgur,346.34,250.00,"A health-conscious plate featuring plain steamed cauliflower, whole grain buckwheat, lean grilled chicken, roasted beets, and a fresh green salad.",183.00,270.00,0.400
dish_1560801773,cauliflower,13.50,54.00,A very small portion consisting of two florets of plain steamed cauliflower.,13.00,50.00,1.000
dish_1560801041,pork | chicken breast | cauliflower | bulgur,432.24,292.00,"A healthy balanced meal consisting of roasted chicken, steamed cauliflower, cooked buckwheat, and a mixed green salad with roasted beets.",251.00,325.00,0.333
dish_1560801829,pepperoni pizza | cauliflower,256.90,178.00,A small meal consisting of one slice of pepperoni pizza served with a side of roasted squash and steamed cauliflower florets.,260.00,160.00,0.667
dish_1560801797,squash | cauliflower,25.66,96.00,"A very small serving of mixed vegetables featuring roasted sweet potato, cauliflower, and a piece of eggplant.",57.00,100.00,0.250
dish_1560801859,pepperoni pizza | pork,428.70,262.00,"A mixed meal plate containing a small slice of pepperoni pizza, roasted meat, squash, and cauliflower.",357.00,195.00,0.250
dish_1560801883,chicken breast | pepperoni pizza | pork,512.11,315.00,"A diverse meal plate including a piece of breaded chicken, a small slice of pepperoni pizza, roasted pumpkin, cauliflower, and bits of roast meat.",535.00,290.00,0.400
dish_1560802006,kale,35.93,44.00,A small portion of kale Caesar salad with shaved parmesan and creamy dressing.,136.00,55.00,0.333
dish_1560802048,squash | kale,47.21,83.00,A very small side portion of roasted winter squash alongside a kale salad topped with shaved parmesan cheese.,130.00,105.00,1.000
dish_1560802092,squash | chicken breast | kale,118.03,128.00,"A light meal consisting of small portions of breaded chicken, roasted squash chunks, and a kale side salad with cheese.",232.00,160.00,1.000
dish_1560802730,chicken breast,101.70,64.00,A small portion consisting of one breaded chicken piece and a side of mixed leafy greens.,140.00,65.00,1.000
dish_1560802562,lemon juice | bulgur | kale | chickpeas,8.85,5.00,A very small serving or leftover portion of arugula salad with a light dressing.,30.00,18.00,0.000
dish_1560802764,chicken breast | squash,111.83,99.00,"A small balanced plate featuring a lean breaded protein, roasted starchy vegetables, and fresh leafy greens.",220.00,145.00,1.000
dish_1560874548,,41.04,72.00,A small snack-sized portion of fresh strawberries and blueberries.,22.00,60.00,
dish_1560802149,chicken breast | pork,365.52,249.00,"A balanced meal plate featuring breaded chicken, roasted pork chunks, a large kale salad with parmesan, roasted squash, and sautéed zucchini.",550.00,345.00,0.400
dish_1560802853,squash | white rice | chicken breast,136.53,118.00,"A balanced meal plate featuring a piece of breaded chicken, a serving of fresh mixed greens, roasted squash, and a small portion of white rice.",293.00,205.00,1.000
dish_1560874726,bacon | yam,177.49,145.00,"A breakfast or side plate consisting of roasted sweet potato chunks, one slice of bacon, and a small serving of mixed berries.",168.00,180.00,0.333
dish_1560874667,bacon,100.55,83.00,A breakfast or snack plate featuring a single piece of fried bacon and a small serving of fresh mixed berries.,80.00,82.00,1.000
dish_1560887408,pizza,324.52,122.00,"A single small serving of thick-crust pizza topped with tomato sauce, cheese, and grilled chicken pieces.",245.00,90.00,1.000
dish_1560887435,pizza | kale,364.53,171.00,"A small meal consisting of a side of kale salad with creamy dressing, a small portion of cheesy baked pasta, and a single toasted bread cube.",360.00,185.00,0.250
dish_1560887457,pizza,389.26,246.00,"A Mediterranean-style vegetarian plate featuring roasted vegetables, a creamy kale salad, and a small serving of cheesy vegetable lasagna.",387.00,300.00,0.000
dish_1560888817,roasted potatoes,47.94,34.00,A very small portion or snack consisting of two roasted potato pieces and a single pecan half on a large plate.,35.00,27.00,0.500
dish_1560874751,bacon | bagels | cream cheese | yam,379.99,220.00,"A breakfast meal featuring a toasted bagel half with cream cheese, a single slice of bacon, a side of roasted sweet potato cubes, and fresh mixed berries.",373.00,232.00,0.400
dish_1560887480,pizza | beef,668.08,374.00,"A varied plate consisting of sliced seared beef, mini cheese pizza portions, sautéed kale, and a side of roasted Mediterranean-style vegetables.",545.00,282.00,0.400
dish_1560888849,chicken | roasted potatoes,168.96,107.00,"A very small portion of white fish topped with lentils, served with two small roasted potato chunks and a single pecan nut.",183.00,125.00,0.200
dish_1560889008,carrot,41.29,84.00,A small portion of sliced cooked carrots served on a white plate.,25.00,45.00,1.000
dish_1560888893,roasted potatoes | chicken | white rice,213.16,141.00,"A light meal consisting of a small portion of white fish topped with lentils, served with a side of white rice, two roasted potato wedges, and a single pecan half.",290.00,214.00,0.333
dish_1560888930,white rice | chicken | roasted potatoes,224.93,151.00,"A small portioned meal consisting of a white fish fillet topped with lentils, served with a side of white rice, two pieces of roasted potato, a small green salad, and one pecan nut.",279.00,232.00,0.333
dish_1560889061,carrot | chicken,402.51,281.00,"A lean, balanced meal featuring a portion of cooked chicken breast, steamed carrot slices, and a side of mixed leafy greens.",253.00,225.00,1.000
dish_1560961059,cream cheese | bagels | sweet potato,268.46,172.00,A breakfast or brunch plate featuring a toasted half bagel with cream cheese and a side of roasted home-style potatoes.,360.00,162.00,1.000
dish_1560889032,carrot | chicken,246.87,208.00,"A small portioned meal on a white plate featuring lean chicken breast, sliced cooked carrots, a small amount of green vegetables, and scattered buckwheat grains.",157.00,157.00,0.500
dish_1560961012,cream cheese | bagels,191.70,71.00,"A half-portion of a plain bagel topped with a layer of white cream cheese spread, served on a large white plate.",225.00,72.00,1.000
dish_1560961179,scrambled eggs,153.92,104.00,A serving of scrambled eggs on a square white plate.,225.00,140.00,1.000
dish_1560961202,scrambled eggs | broccoli,171.07,153.00,A portion of scrambled eggs served with cooked broccoli florets on a white plate.,160.00,150.00,1.000
dish_1560961261,broccoli | scrambled eggs,192.52,218.00,"A breakfast meal consisting of scrambled eggs, a side of broccoli florets, and sliced strawberries.",223.00,265.00,1.000
dish_1560961107,bagels | cream cheese | sweet potato,352.82,320.00,"A breakfast plate consisting of half a bagel with cream cheese, a side of roasted breakfast potatoes, and a portion of mixed fresh berries, primarily strawberries.",400.00,312.00,1.000
dish_1560961385,sweet potato | scrambled eggs | broccoli,249.52,293.00,"A balanced breakfast plate containing scrambled eggs, roasted potato chunks, steamed broccoli florets, and sliced fresh strawberries.",310.00,340.00,1.000
dish_1560973936,arugula,75.24,44.00,A small arugula salad portion featuring golden raisins and a light dressing.,60.00,30.00,0.333
dish_1560973984,broccoli,171.21,195.00,"A health-conscious meal consisting of steamed broccoli, an arugula side salad, and a small portion of seasoned cooked grains or lentils.",190.00,205.00,0.333
dish_1560974009,chicken thighs | broccoli,482.98,409.00,"A balanced plate featuring buffalo-style breaded chicken protein, a side of steamed broccoli, a mixed green salad, and a portion of cooked grains/lentils.",475.00,330.00,0.500
dish_1560974707,spinach (raw) | black beans,55.03,60.00,A very small starter portion of spinach salad with minimal garnish and a light dressing sheen.,37.00,43.00,0.333
dish_1560974769,white rice,3943.33,3051.00,A small portion of white rice with vegetables paired with a fresh baby spinach salad.,150.00,130.00,0.500
dish_1560973958,pecans | lime | raisins | arugula,145.31,121.00,"A small salad plate consisting of arugula greens, cooked whole grains, and golden raisins with a vinaigrette dressing.",230.00,108.00,0.400
dish_1560975491,caesar salad,37.84,86.00,A small side portion of romaine lettuce salad lightly coated in a creamy dressing.,105.00,78.00,0.000
dish_1560975346,chicken thighs,326.34,224.00,"A bowl of chickpea and shredded cabbage salad dressed in a thick, savory red sauce.",370.00,290.00,0.000
dish_1560975517,broccoli | caesar salad,42.39,99.00,"A vegetable-based side dish or light meal consisting of cooked leafy greens, likely napa or savoy cabbage, and a small portion of broccoli.",85.00,145.00,0.333
dish_1560975572,caesar salad,96.99,159.00,"A small portioned meal or leftover plate containing a dressed salad, a floret of broccoli, and a tiny serving of grain-based vegetable stir-fry with a piece of tofu.",181.00,152.00,0.000
dish_1561049320,bacon,102.79,19.00,Two strips of pan-fried or baked crispy bacon.,90.00,20.00,1.000
dish_1560975601,chicken thighs | caesar salad,233.94,253.00,"A multi-component meal consisting of a side Caesar salad, chicken chunks in a red savory sauce, and a small portion of mixed grains with steamed vegetables.",415.00,305.00,0.667
dish_1560975628,caesar salad | cheese pizza | chicken thighs,348.27,296.00,"A varied cafeteria-style meal plate consisting of a leafy green salad, a cheesy baked pasta dish, a protein in tomato sauce, steamed broccoli, and a small side of rice with vegetables.",790.00,480.00,0.000
dish_1561049373,scrambled eggs | bacon,290.75,146.00,A high-protein breakfast plate featuring a serving of scrambled eggs and two strips of fried bacon.,293.00,134.00,1.000
dish_1560976044,,124.67,137.00,"A small appetizer-sized portion of whole grain salad with sautéed yellow squash, greens, and cherry tomatoes.",165.00,175.00,0.000
dish_1561060448,cheese pizza,109.02,41.00,A single small rectangular piece of cheese pizza served on a large white plate.,120.00,45.00,1.000
dish_1561049435,cantaloupe | scrambled eggs | bacon,338.18,257.00,"A balanced breakfast plate containing a high-protein portion of scrambled eggs and bacon, served with a side of fresh fruit including melon and raspberries.",305.00,253.00,1.000
dish_1561049409,bacon | scrambled eggs,317.78,197.00,"A breakfast plate consisting of scrambled eggs, two strips of bacon, and a side of fresh raspberries.",330.00,190.00,1.000
dish_1561060477,pineapple | cheese pizza,141.02,105.00,A small snack or light meal consisting of one small piece of lasagna and seven chunks of fresh pineapple.,223.00,200.00,0.333
dish_1561060503,pineapple | cheese pizza,145.31,138.00,"A small plate containing a small serving of lasagna, fresh pineapple chunks, and steamed bok choy.",208.00,210.00,0.250
dish_1561060531,brussels sprouts | cheese pizza | pineapple,162.08,177.00,"A health-conscious portioned meal consisting of a small slice of cheesy lasagna or casserole, fresh pineapple chunks, roasted Brussels sprouts, and steamed bok choy.",265.00,290.00,0.400
dish_1561060558,pineapple | brussels sprouts | tofu | cheese pizza,194.20,221.00,"A mixed plate containing a small portion of lasagna, fresh pineapple, bok choy, Brussels sprouts, and a small serving of tofu with vegetables.",380.00,380.00,0.500
dish_1561060613,salmon | pineapple | cheese pizza | tofu | brussels sprouts,323.67,304.00,"A varied plate consisting of a small portion of lasagna, a piece of baked fish, roasted brussels sprouts, steamed bok choy, tofu with vegetables, and fresh pineapple chunks.",705.00,530.00,0.375
dish_1561060642,pasta | beef | tofu | pineapple | salmon | cheese pizza,468.41,387.00,"A varied cafeteria-style meal plate including lasagna, fresh pineapple, roasted brussels sprouts, steamed bok choy, beef pasta, baked fish, and sautéed tofu.",722.00,550.00,0.300
dish_1561060787,brussels sprouts,46.46,91.00,A small side serving of charred roasted Brussels sprouts on a large white plate.,105.00,95.00,1.000
dish_1561060703,pasta | pineapple | salmon | tofu | cheese pizza | beef,538.47,445.00,"A varied sampler-style plate including a small cheese pizza slice, baked fish, a small amount of pasta, tofu, and several vegetable portions including pineapple, spinach, brussels sprouts, and bok choy.",657.00,485.00,0.400
dish_1561060976,salmon | tofu | brussels sprouts | brown rice,265.51,266.00,"A balanced meal featuring roasted Brussels sprouts, a salmon and rice mixture, and a green bean salad with tofu.",375.00,295.00,0.750
dish_1561060925,brussels sprouts | tofu,93.91,156.00,"A portion of caramelized roasted Brussels sprouts served alongside a small salad of green beans, tofu, and lentils.",250.00,210.00,1.000
dish_1561061593,kale,42.46,52.00,A small portion of dressed kale salad with slivered almonds.,85.00,45.00,1.000
dish_1561061123,tofu | salmon | bulgur | brussels sprouts,399.43,357.00,"A balanced meal featuring roasted Brussels sprouts, a salmon and grain pilaf, fresh arugula salad, and a tofu vegetable medley.",405.00,315.00,0.600
dish_1561061630,bulgur | kale,186.68,150.00,A plate featuring two distinct salads: one fresh mixed green salad with berries and one massaged kale salad topped with cheese shavings.,180.00,140.00,0.500
dish_1561061687,salmon | brown rice | brussels sprouts | bulgur,508.35,408.00,"A high-protein, nutrient-dense meal featuring a salmon fillet served with roasted Brussels sprouts and two types of leafy green salads including berries.",475.00,310.00,0.400
dish_1561061658,brussels sprouts | kale | bulgur,226.00,227.00,"A vegetable-heavy meal featuring an arugula salad with berries, roasted Brussels sprouts, and sautéed kale topped with cheese shavings.",307.00,250.00,0.500
dish_1561062237,beef | pasta | salmon,182.26,110.00,"A very small tasting portion or leftovers on a large plate, consisting of penne pasta and a small serving of creamy rice/risotto.",180.00,100.00,0.250
dish_1561062286,beef | pasta | white rice | salmon,256.36,167.00,"A plate featuring very small tasting portions of white rice, salmon with a creamy rice topping, and penne pasta with a meat sauce.",323.00,205.00,0.750
dish_1561062171,pasta | beef,101.14,58.00,"A very small, snack-sized or leftover portion of penne pasta in a brown savory sauce with a piece of meat and a single spinach leaf.",112.00,63.00,0.667
dish_1561062555,apple | shallots | bulgur | lemon juice | arugula | garlic,47.09,32.00,"A very small side salad consisting of arugula, a few blueberries, and dried goji berries, appearing lightly dressed.",61.00,27.00,0.125
dish_1561062320,white rice | salmon | beef | pasta,307.87,202.00,"A varied tasting plate consisting of plain white rice, a fresh green salad, penne pasta with meat, and a small portion of salmon risotto.",300.00,203.00,0.750
dish_1561134128,watermelon,58.50,141.00,"A small plate of fresh fruit featuring watermelon cubes, sliced strawberries, and a few blueberries.",49.00,155.00,1.000
dish_1561134102,watermelon,24.30,81.00,A small portion of cubed fresh watermelon served on a white square plate.,33.00,110.00,1.000
dish_1561062586,white rice,121.19,89.00,A light meal featuring a small mound of white rice and a sparse arugula salad with mixed berry accents.,162.00,117.00,0.250
dish_1561145732,orange with peel,19.70,67.00,A single whole mandarin orange on a white square plate.,45.00,85.00,0.000
dish_1561134156,watermelon | sweet potato,118.54,220.00,"A plate containing roasted potato chunks alongside fresh fruit, including cubed watermelon, sliced strawberries, and a few blueberries.",217.00,275.00,1.000
dish_1561146781,bagels | apple,300.10,223.00,A simple snack or breakfast consisting of a whole plain bagel and a fresh red apple.,375.00,287.00,1.000
dish_1561147944,arugula,42.37,34.00,A very small side portion of mixed green salad with a few shreds of carrot.,7.00,30.00,0.000
dish_1561146758,bagels,232.50,93.00,A whole plain bagel served on a square white plate.,290.00,110.00,1.000
dish_1561147967,cheese pizza,177.98,85.00,A small rectangular piece of cheese pizza served with a side of mixed green salad.,255.00,125.00,1.000
dish_1561148021,cheese pizza | ground turkey,361.77,216.00,"A varied meal containing meatloaf mixed with rice, a small piece of cheese pizza, cooked zucchini, and a fresh side salad.",530.00,295.00,0.250
dish_1561147997,cheese pizza,185.18,133.00,A small portion of lasagna accompanied by a side of mixed leaf salad and chunks of cooked squash.,295.00,200.00,0.000
dish_1561148303,cheese pizza,119.65,45.00,A single small slice of cheese pizza on a white square plate.,120.00,45.00,1.000
dish_1561148336,cheese pizza,128.10,68.00,A small snack-sized meal consisting of a small slice of cheese pizza and a small side of arugula salad with a cucumber slice and a green pepper.,230.00,110.00,0.333
dish_1561148042,ground turkey | cheese pizza,370.76,245.00,"A varied meal plate consisting of a portion of lasagna, meatloaf with rice, green beans, cooked zucchini, and a small side salad.",550.00,360.00,0.167
dish_1561148481,cheese pizza | ground turkey,281.28,140.00,"A mixed plate containing a small slice of cheese pizza, a serving of creamy mushroom risotto, and a light arugula side salad with cucumber and a green chili pepper.",333.00,190.00,0.250
dish_1561392386,sausage,175.75,51.00,A small portion consisting of approximately seven small meatballs and a dab of yellow condiment on a white square plate.,260.00,110.00,0.000
dish_1561392410,sausage | broccoli,187.30,84.00,A small portioned meal consisting of cooked broccoli florets and sliced sausages.,260.00,135.00,0.667
dish_1561392430,sausage | broccoli,208.75,149.00,"A small balanced meal or snack consisting of strawberries, broccoli florets, several small pieces of sausage, and a minimal amount of scrambled eggs.",223.00,200.00,0.667
dish_1561392512,,42.75,75.00,A very small portion of fresh fruit consisting of sliced strawberries and a few blueberries on a large white plate.,22.00,60.00,
dish_1561392459,sausage | scrambled eggs,395.23,275.00,"A breakfast plate featuring protein from scrambled eggs and sausage, complemented by a serving of steamed broccoli and fresh strawberries.",355.00,265.00,0.667
dish_1561392543,radishes | garlic | bell peppers | cucumbers,126.00,119.00,A light plate consisting of a small mixed green salad with shredded carrots and a side of fresh berries.,80.00,138.00,0.000
dish_1561392570,broccoli,149.80,187.00,"A light, health-focused plate featuring a mix of cooked green vegetables and fresh berries.",90.00,180.00,0.500
dish_1561392710,watermelon,31.80,106.00,A small portion of fresh cubed watermelon served on a white square plate.,39.00,130.00,1.000
dish_1561392593,broccoli | scrambled eggs,354.04,325.00,"A health-conscious breakfast plate featuring protein-rich scrambled eggs, fiber-dense broccoli and mixed greens, and a side of fresh berries.",292.00,338.00,0.500
dish_1561393550,cottage cheese,172.48,176.00,A single bowl containing a portion of cottage cheese.,108.00,120.00,1.000
dish_1561392632,bacon | scrambled eggs,500.11,352.00,"A well-balanced breakfast plate featuring high-protein scrambled eggs and bacon, accompanied by steamed and sautéed vegetables and fresh mixed berries.",391.00,348.00,0.500
dish_1561392734,watermelon,84.24,198.00,"A healthy fruit snack plate consisting of cubed watermelon, sliced strawberries, and whole blueberries.",66.00,200.00,1.000
dish_1561393715,broccoli,17.15,49.00,A small serving of roasted or sautéed broccoli florets.,48.00,55.00,1.000
dish_1561393649,pineapple | cottage cheese,271.54,359.00,"A fresh fruit salad bowl containing pineapple, strawberries, and blueberries.",76.00,170.00,0.500
dish_1561393741,broccoli | scrambled eggs,188.83,165.00,A light meal featuring roasted broccoli florets and scrambled eggs.,225.00,165.00,1.000
dish_1561393619,cottage cheese,234.04,284.00,A small bowl of cottage cheese topped with fresh sliced strawberries and blueberries.,149.00,215.00,1.000
dish_1561393764,broccoli | scrambled eggs | bacon,280.80,182.00,"A breakfast plate consisting of two strips of crispy bacon, a portion of scrambled eggs, and a side of roasted broccoli florets.",315.00,186.00,1.000
dish_1561404485,carrot,511.37,349.00,"A balanced meal consisting of sliced roasted meat, roasted root vegetables (carrots and potatoes), and a side of mixed leafy greens.",519.00,410.00,0.250
dish_1561404438,cauliflower | garlic | lime,366.07,169.00,"A small, plated meal consisting of sliced steak, roasted potato chunks, and wilted spinach leaves.",280.00,145.00,0.000
dish_1561404458,carrot,410.31,259.00,"A meal consisting of grilled meat strips, roasted potato chunks, sliced roasted carrots, and wilted leafy greens.",345.00,255.00,0.333
dish_1561404924,kale,31.84,39.00,"A very small side portion of sautéed green leafy vegetables, likely kale, garnished with parmesan cheese shavings.",80.00,46.00,0.500
dish_1561404505,carrot | broccoli,543.92,442.00,"A nutritionally balanced plate containing sliced roasted beef, steamed broccoli, glazed carrots, roasted potatoes, snap peas, and a side of mixed greens.",361.00,335.00,0.400
dish_1561404956,chicken | kale,97.60,82.00,"A small, light meal consisting of a small portion of roasted chicken and sautéed kale topped with parmesan cheese.",170.00,120.00,0.667
dish_1561405332,broccoli,18.55,53.00,A very small portion of three cooked broccoli florets served on a white square plate.,14.00,40.00,1.000
dish_1561405008,chicken | kale,156.43,134.00,"A small portioned meal consisting of roasted chicken, a fresh mixed green salad, and cooked kale with parmesan cheese.",225.00,165.00,0.667
dish_1561405034,chicken | kale,178.28,153.00,"A small appetizer-style plate featuring olives, a portion of roasted chicken, a leafy green salad, and a finely chopped kale salad with cheese.",310.00,195.00,0.500
dish_1561405389,broccoli | chicken,265.98,223.00,"A light meal featuring sliced seasoned chicken breast, a single broccoli floret, and a side of arugula salad mixed with chickpeas and red peppers.",275.00,200.00,0.667
dish_1561405836,cheese pizza,82.43,31.00,"A single, small rectangular piece of cheese pizza served on a large white square plate.",110.00,40.00,1.000
dish_1561405356,broccoli | chicken | white rice,206.65,176.00,"A light meal or appetizer comprising sliced seasoned chicken breast, steamed broccoli florets, and a decorative arugula garnish.",157.00,120.00,0.500
dish_1561405411,broccoli | chicken,332.06,282.00,"A balanced meal consisting of grilled chicken topped with spiced couscous, accompanied by a dressed arugula salad with chickpeas and a small side of broccoli.",390.00,270.00,0.667
dish_1561405887,cheese pizza | chicken | carrot,213.34,139.00,"A small portioned meal consisting of a square cheese pizza slice, a side of chicken with grains, and a few roasted carrots.",270.00,148.00,1.000
dish_1561405864,cheese pizza | chicken,197.12,106.00,A small snack-sized plate featuring one small rectangular slice of cheese pizza and a few pieces of glazed chicken garnished with green onions.,255.00,110.00,1.000
dish_1561405912,cheese pizza | chicken,270.88,196.00,"A diverse tasting plate featuring a small square of cheese pizza, roasted chicken pieces, carrots, and a seaweed-based side salad.",360.00,220.00,0.500
dish_1561405934,cheese pizza | chicken | broccoli,287.33,243.00,"A varied plate consisting of a small cheese pizza slice, roasted chicken chunks, broccoli, carrots, and a green marinated salad.",375.00,302.00,0.600
dish_1561406762,carrot,17.21,35.00,"A small side portion of cooked, likely roasted or glazed carrot slices.",55.00,60.00,1.000
dish_1561407208,chicken,44.35,29.00,A very small leftover portion of fried breaded meat on a white plate.,85.00,35.00,1.000
dish_1561406817,carrot | white rice,273.39,243.00,"A plate containing a large portion of steamed white rice, a side of seasoned yellow couscous with cashews and raisins, and three pieces of roasted carrots.",539.00,395.00,0.667
dish_1561406789,white rice | carrot,184.91,164.00,A meal consisting of a portion of cooked white rice and a side of roasted or glazed carrot slices.,288.00,270.00,1.000
dish_1561407249,chicken,73.88,56.00,A starter-sized portion of mixed green salad with fruit and a small piece of fried protein.,230.00,117.00,0.333
dish_1561480391,,64.41,113.00,"A small snack plate consisting of fresh mixed berries, specifically raspberries and blackberries.",37.00,75.00,
dish_1561480414,turkey bacon,125.16,129.00,"A small snack or light breakfast comprising fresh mixed berries and a single strip of cooked protein, appearing to be turkey bacon.",75.00,98.00,1.000
dish_1561407283,chicken | carrot,88.63,86.00,"A small-portioned meal consisting of roasted carrot slices, a light mixed green salad, and a small piece of roasted chicken.",185.00,155.00,1.000
dish_1561407312,chicken | carrot,127.83,121.00,"A balanced meal plate consisting of small portions of roasted carrots, seasoned couscous, a berry-topped green salad, and a small piece of roasted chicken.",255.00,205.00,0.667
dish_1561480439,turkey bacon | pineapple,155.16,189.00,"A breakfast or snack plate consisting of fresh mixed berries, pineapple chunks, and a single strip of lean bacon (likely turkey or meat alternative).",127.00,187.00,1.000
dish_1561481577,bacon,200.17,37.00,"Three strips of cooked, crispy bacon served on a white plate.",132.00,27.00,1.000
dish_1561480460,pineapple | scrambled eggs | turkey bacon,285.40,277.00,"A balanced breakfast plate containing scrambled eggs, a generous serving of fresh berries and pineapple, and two strips of lean breakfast meat.",281.00,250.00,1.000
dish_1561481634,scrambled eggs | bacon | yam,462.06,228.00,"A classic breakfast plate featuring scrambled eggs, three strips of fried bacon, and roasted sweet potato chunks.",450.00,270.00,0.500
dish_1561481606,bacon | scrambled eggs,354.09,141.00,A simple protein-focused breakfast featuring scrambled eggs and three strips of crispy bacon.,375.00,170.00,1.000
dish_1561481673,honeydew melons | yam | bacon | scrambled eggs,496.62,324.00,"A breakfast plate featuring scrambled eggs, crispy bacon, roasted potato cubes, and fresh honeydew melon.",630.00,430.00,0.600
dish_1561491180,fish | wild rice,236.35,217.00,"A balanced meal plate consisting of yellow seasoned rice, sautéed chicken pieces, and a side of wilted spinach.",330.00,225.00,0.250
dish_1561491154,fish,166.14,158.00,A light meal featuring sautéed white fish served on a bed of wilted spinach.,205.00,180.00,0.500
dish_1561491121,spinach (raw),31.46,28.00,A very small side salad consisting of a few baby spinach leaves and pear slices with a light oil-based dressing.,50.00,42.00,0.500
dish_1561491210,wild rice | fish | cauliflower,251.10,276.00,"A balanced meal featuring a protein source of white fish, yellow-tinted rice, and a side of mixed green vegetables including romanesco broccoli and wilted greens.",305.00,285.00,0.400
dish_1561492161,spinach (raw),48.31,43.00,"A small side portion of sautéed green leafy vegetables, appearing to be spinach.",52.00,45.00,1.000
dish_1561492182,fried rice,250.17,171.00,A meal consisting of a portion of yellow seasoned rice and a side of sautéed spinach.,385.00,285.00,0.500
dish_1561492204,fried rice | chicken | millet,488.64,334.00,"A balanced meal consisting of a portion of yellow rice, a spinach salad, and a piece of grilled salmon with a grain-like topping.",525.00,295.00,0.200
dish_1561492519,banana with peel | wheat bread,271.32,206.00,A simple meal consisting of one slice of dark brown whole-grain bread and a whole banana.,235.00,170.00,1.000
dish_1561492628,caesar salad,13.64,31.00,"A very small serving consisting of a few scraps of lettuce, a fragment of cooked egg, and tiny pieces of vegetables.",24.00,31.00,0.000
dish_1561492228,chicken | fish | fried rice,648.18,488.00,"A health-oriented meal featuring a variety of proteins (salmon and white fish), a significant portion of dark leafy greens, and seasoned yellow rice.",635.00,420.00,0.400
dish_1561492687,fish | caesar salad | fried rice,105.61,108.00,"A partial plate containing a small portion of yellow seasoned rice, a glazed piece of chicken, and a side of mixed leafy greens and vegetables.",297.00,210.00,0.200
dish_1561492665,caesar salad | fish,81.95,93.00,A small portion of glazed chicken served with a side of creamy vegetable mash and a mixed green salad on a white square plate.,280.00,205.00,0.000
dish_1561492703,caesar salad | fried rice | fish,113.13,134.00,"A varied meal consisting of a small portion of roasted chicken, yellow rice, a chunk of sweet potato, and mixed sautéed vegetables.",325.00,268.00,0.143
dish_1561494032,arugula | squash | cauliflower,185.44,307.00,"A vegetable-focused meal plate containing roasted squash, Romanesco broccoli, and a dressed arugula salad.",230.00,235.00,0.500
dish_1561493975,arugula,130.85,106.00,"A small arugula side salad topped with goat cheese crumbles and walnuts, lightly dressed in a vinaigrette.",167.00,53.00,0.250
dish_1561494001,squash | arugula,162.69,216.00,A healthy plate featuring roasted winter squash and a dressed arugula salad topped with nuts and cheese.,300.00,205.00,1.000
dish_1561567053,watermelon,26.10,87.00,A small portion of cubed red watermelon served on a white square plate.,27.00,90.00,1.000
dish_1561567086,watermelon | yam,142.75,181.00,A plate containing roasted sweet potato cubes and fresh watermelon cubes.,180.00,270.00,0.333
dish_1561574368,caesar salad,22.00,50.00,"A very small leftover portion of Caesar salad consisting of romaine lettuce, creamy dressing, a few crouton fragments, and parmesan shavings.",97.00,44.50,0.250
dish_1561574394,caesar salad | arugula,61.50,82.00,"A plate containing two distinct, very small portions of salad: a Caesar salad and a mixed green salad with blueberries.",150.00,85.00,0.500
dish_1561574428,caesar salad | arugula | cauliflower,84.00,172.00,"A small portioned side plate consisting of steamed cruciferous vegetables (broccoli and cauliflower), a small serving of Caesar salad, and a portion of mixed greens topped with blueberries.",185.00,220.00,0.500
dish_1561574215,lettuce,93.24,134.00,"A fresh side salad containing mixed greens, cherry tomatoes, olives, red onion, and feta cheese with a visible dressing.",110.00,113.00,0.000
dish_1561574600,eggplant,32.98,100.00,A serving of roasted or sautéed eggplant pieces on a white plate.,165.00,150.00,1.000
dish_1561574456,caesar salad | cheese pizza | cauliflower,203.66,217.00,"A light meal plate featuring a small portion of cheese pizza, a side of Caesar salad, a mix of steamed broccoli and cauliflower, and a fresh green salad with berries.",335.00,285.00,1.000
dish_1561574623,eggplant | chicken,117.60,152.00,A plate consisting of grilled chicken breast pieces accompanied by roasted eggplant chunks.,300.00,250.00,1.000
dish_1561574783,arugula,29.63,24.00,"A small serving of leafy greens, likely arugula, on a white plate.",5.00,15.00,1.000
dish_1561574815,arugula | lettuce,74.85,89.00,"A small Greek-style side salad with mixed greens, cherry tomatoes, red onion, olives, and feta cheese.",149.00,121.00,0.000
dish_1561574479,beef | cauliflower | cheese pizza | caesar salad,363.61,293.00,"A varied meal plate featuring a small square of cheese pizza, sliced beef with a grain topping, mixed steamed vegetables, a Caesar salad, and a green salad with berries.",560.00,390.00,0.800
dish_1561574974,eggplant,50.13,152.00,A small portion of cooked eggplant cubes served as an appetizer or side dish on a white plate.,87.00,100.00,0.500
dish_1561575170,cauliflower,42.75,171.00,A plate of steamed or boiled cauliflower florets garnished with a small amount of arugula.,56.00,215.00,0.500
dish_1561575033,chicken | eggplant,354.45,339.00,"A composed salad consisting of roasted eggplant chunks, shredded chicken breast, and buckwheat grains, dressed with a creamy white sauce.",315.00,240.00,0.500
dish_1561575068,eggplant | chicken,421.94,436.00,"A Mediterranean-style grain salad featuring grilled chicken, cooked farro, mixed greens, kalamata olives, feta cheese, cherry tomatoes, and roasted eggplant with a light vinaigrette.",405.00,257.00,0.333
dish_1561574848,chicken,182.26,155.00,"A fresh Mediterranean-style salad consisting of grilled chicken strips over a bed of mixed greens with feta cheese, olives, tomatoes, cucumber, and red onion, tossed in a light dressing.",258.00,195.00,0.250
dish_1561575274,millet | beef,305.18,145.00,Three pieces of grilled beef topped with a small portion of herb-flecked rice.,450.00,195.00,0.333
dish_1561575192,arugula | cauliflower,122.99,236.00,A low-calorie meal consisting of cooked cauliflower florets and a dressed mixed green salad.,180.00,225.00,0.500
dish_1561575300,bell peppers | millet | beef,326.78,199.00,"A plate containing three slices of pork topped with a small amount of rice and herbs, served with a side of sliced green bell peppers.",311.00,255.00,0.200
dish_1561575410,cauliflower,16.00,64.00,A very small portion of cooked cauliflower pieces on a square white plate.,10.00,35.00,1.000
dish_1561575327,roasted potatoes | beef,453.68,289.00,"A plate containing slices of rice-stuffed meat, roasted potato chunks, and sliced green bell peppers.",563.00,385.00,0.250
dish_1561575347,roasted potatoes | pizza | beef,554.76,327.00,"A varied plate consisting of roasted potato chunks, meat slices topped with a rice-herb mixture, fresh green pepper slices, and a small piece of pizza.",555.00,355.00,0.400
dish_1561575445,eggplant | cauliflower,35.46,123.00,"A very small portion of mixed cooked vegetables, primarily cauliflower and eggplant.",41.00,82.00,0.667
dish_1561575506,roasted potatoes | beef,562.04,393.00,"A plate of sliced beef served with a side of roasted potatoes, cauliflower, and eggplant pieces.",425.00,255.00,0.500
dish_1561575474,eggplant | roasted potatoes | cauliflower,120.06,183.00,"A small side-portion of mixed roasted vegetables consisting of potatoes, eggplant, and cauliflower.",177.00,178.00,0.750
dish_1561575613,arugula,86.41,70.00,"A light appetizer-sized salad of mixed greens topped with a few walnuts and blueberries, dressed with a light vinaigrette.",148.00,73.00,0.000
dish_1561575661,beef,418.95,228.00,"Pan-seared sliced steak served with a mixed green salad topped with walnuts and olives, plus a small side of seasoned grains.",508.00,233.00,0.000
dish_1561575908,cheese pizza,106.36,40.00,A small rectangular piece of cheese pizza on a white plate.,130.00,45.00,1.000
dish_1561575951,cheese pizza | beef,213.70,91.00,"A meal consisting of a small portion of baked fish with a melted cheese crust, accompanied by a small side of seasoned rice mixed with beef and leafy greens.",382.00,180.00,1.000
dish_1561575688,beef | roasted potatoes,607.89,362.00,"A balanced plate consisting of sliced steak, roasted potatoes, and a fresh mixed green salad with olives and walnuts.",565.00,285.00,0.500
dish_1561575977,parmesan cheese | beef | cheese pizza,261.08,102.00,"A plate containing a portion of cheese lasagna, seasoned rice with meat, shaved parmesan, and a small side of sautéed greens.",505.00,255.00,0.400
dish_1561575996,parmesan cheese | beef | cheese pizza,290.98,128.00,"A varied plate consisting of a portion of cheesy lasagna, a side of rice mixed with meat, whole kalamata olives, shaved parmesan cheese, and a small serving of cooked greens.",655.00,325.00,0.143
dish_1561576051,chicken | beef | roasted potatoes | parmesan cheese | cheese pizza,367.89,179.00,"A mixed Mediterranean-style plate containing a small portion of cheesy pasta bake, rice pilaf with greens, roasted potatoes, olives, shaved cheese, and a slice of chicken.",545.00,300.00,0.375
dish_1561576212,roasted potatoes,145.23,103.00,A small portion of seasoned roasted potato pieces served on a white plate.,130.00,85.00,1.000
dish_1561576074,beef | cheese pizza | roasted potatoes | chicken | parmesan cheese,374.55,216.00,"A Mediterranean-style plate consisting of kalamata olives, a small piece of cheesy flatbread, cooked cherry tomatoes, roasted potato chunks, a small serving of rice pilaf, and a piece of chicken.",555.00,355.00,0.222
dish_1561576026,parmesan cheese | roasted potatoes | beef | cheese pizza,330.46,156.00,"A diverse plate featuring a cheesy baked pasta dish, a side of olives, seasoned rice, shaved parmesan, and roasted vegetables.",625.00,280.00,0.286
dish_1561576257,roasted potatoes,180.88,134.00,A small snack-sized portion of seasoned roasted potatoes and cooked red kidney beans served on a white plate.,137.00,100.00,0.500
dish_1561576295,roasted potatoes,249.07,232.00,"A light meal or side dish consisting of roasted potato chunks, a serving of kalamata olives, and a mixed green salad with feta cheese.",330.00,205.00,0.333
dish_1561576449,cauliflower,77.00,308.00,A single serving of cooked cauliflower florets served on a square white plate.,45.00,180.00,1.000
dish_1561576320,chicken | roasted potatoes,494.80,383.00,"A Mediterranean-style plate featuring roasted potatoes, kalamata olives, a chicken and lentil mixture, and a fresh green salad.",490.00,300.00,0.667
dish_1561576483,cauliflower | beef,209.60,371.00,A meal consisting of a large portion of steamed cauliflower and a small serving of sliced grilled beef topped with a green herb sauce.,250.00,270.00,1.000
dish_1561576652,cauliflower | squash | eggplant,91.42,322.00,"A side dish consisting of roasted or sautéed mixed vegetables, including cauliflower, zucchini, and squash.",140.00,255.00,0.250
dish_1561576618,squash | eggplant,57.92,188.00,"A small portion of roasted vegetable medley featuring eggplant, squash, zucchini, broccoli, and a single cherry tomato, lightly mixed with grains.",92.00,133.00,0.333
dish_1561576680,cauliflower | chicken | squash | eggplant,307.86,455.00,"A vegetable-rich plate consisting of roasted cauliflower florets, a medley of sautéed/roasted summer vegetables, and a creamy protein-based salad with grains or lentils.",375.00,330.00,0.167
dish_1561576590,squash,29.23,101.00,"A very small side or tasting portion of sautéed mixed vegetables including zucchini, yellow squash, broccoli, and spinach, topped with a small amount of quinoa and a single cherry tomato.",86.00,87.00,0.167
dish_1561576737,squash | eggplant | chicken | cauliflower,357.47,519.00,"A varied vegetable-forward meal featuring roasted cauliflower, mixed roasted squash, a leafy green salad, and a creamy lentil-based side dish.",350.00,370.00,0.167
dish_1561576767,squash | eggplant | cauliflower | chicken | pineapple,408.47,621.00,"A varied plate consisting of roasted cauliflower, sautéed mediterranean vegetables, a creamy textured salad (possibly chicken or lentils), mixed greens, and fresh fruit chunks.",555.00,495.00,0.286
dish_1561576707,eggplant | caesar salad | chicken | cauliflower | squash,324.14,492.00,"A vegetarian meal consisting of roasted cauliflower florets, a mixed roasted vegetable medley, a leafy green salad, and a creamy lentil or grain salad.",320.00,330.00,0.143
dish_1561576794,beef | chicken | pineapple | cauliflower,654.72,738.00,"A varied meal consisting of high-protein sliced beef accompanied by roasted cauliflower, mixed vegetables, a creamy grain-based side, and a fresh salad with fruit.",670.00,510.00,0.286
dish_1561576916,eggplant | arugula,78.46,98.00,A plate containing a portion of mixed green salad and a side of roasted eggplant pieces.,100.00,135.00,0.500
dish_1561576887,eggplant,15.50,47.00,A very small side portion of cooked eggplant cubes garnished with a few fresh herbs on a large white plate.,46.00,42.00,0.500
dish_1561576954,chicken,345.34,262.00,"A plate containing a portion of creamy chicken salad, a fresh green side salad, and small cubes of roasted eggplant.",530.00,280.00,0.500
dish_1561577083,cheese pizza,98.38,37.00,"A single small, rectangular tasting-size portion of cheese pizza.",115.00,42.00,1.000
dish_1561576978,chicken | beef,511.61,341.00,"A diverse meal plate consisting of sliced roast beef, a creamy chicken salad, a large portion of leafy green salad, and roasted eggplant cubes.",525.00,300.00,0.667
dish_1561577119,tofu | cheese pizza,128.31,78.00,A small portioned snack or meal plate consisting of five cubes of tofu and a single small rectangular piece of cheese pizza.,175.00,105.00,1.000
dish_1561577146,cheese pizza | tofu,154.24,99.00,"A small portioned meal consisting of a rectangular slice of cheese pizza, several cubes of tofu, and a side of mixed greens.",235.00,145.00,1.000
dish_1561577549,pizza,130.34,49.00,"A single, small rectangular slice of pizza topped with cheese and a fresh tomato slice.",115.00,45.00,1.000
dish_1561577198,tofu | roasted potatoes | cheese pizza,240.54,174.00,"A balanced meal plate featuring a small slice of cheese pizza, roasted potatoes, plain tofu, cooked eggplant, and a side salad.",420.00,300.00,0.750
dish_1561577177,tofu | cheese pizza | roasted potatoes,234.61,156.00,"A small-portioned vegetarian meal featuring a piece of cheese lasagna, roasted potato chunks, plain tofu cubes, and a mixed side salad.",380.00,235.00,0.750
dish_1561577219,tofu | chicken | cheese pizza | roasted potatoes,308.89,216.00,"A sampler plate featuring firm tofu cubes, roasted potato chunks, a small serving of lasagna, a grain and lentil salad with white sauce, roasted eggplant, and a side of mixed leafy greens.",460.00,315.00,0.286
dish_1561577598,beef | pizza,813.45,393.00,"A high-protein meal consisting of sliced steak topped with herb oil, a fresh side salad of mixed greens, and a single slice of tomato-cheese bruschetta.",678.00,280.00,0.000
dish_1561577573,beef | pizza,755.43,346.00,"Sliced steak seasoned with herbs and oil, served with a small rectangular portion of tomato and cheese flatbread.",600.00,225.00,0.250
dish_1561577678,beef | millet,218.89,104.00,"A small serving of sliced, cooked lean meat on a plate.",110.00,60.00,0.000
dish_1561577701,cauliflower | beef,258.64,263.00,A small portion of roasted sliced beef served with steamed cauliflower florets on a large square plate.,240.00,195.00,1.000
dish_1561577731,mushroom | cauliflower | beef,274.26,334.00,A plate of lean sliced pork tenderloin accompanied by steamed cauliflower florets and sautéed mushrooms with a small portion of cream sauce.,310.00,350.00,0.400
dish_1561577848,chicken,413.35,254.00,"A salad of sliced chicken breast, lentils, and arugula dressed in a creamy white sauce.",222.00,130.00,0.333
dish_1561578156,eggplant,31.99,97.00,A small portion of roasted or sautéed eggplant cubes on a white plate.,65.00,80.00,1.000
dish_1561578188,cauliflower | eggplant,57.99,201.00,A vegetable-based side dish or snack comprising roasted eggplant cubes and cooked cauliflower.,93.00,160.00,1.000
dish_1561578226,eggplant | cauliflower,119.22,289.00,"A vegetable-forward plate featuring roasted eggplant, cauliflower, and dressed spinach with a small amount of penne pasta and olives.",200.00,232.00,0.400
dish_1561578344,cheese pizza,144.26,86.00,A small snack-sized meal consisting of a piece of cheese pizza and a small side salad with mixed greens and feta.,210.00,115.00,0.500
dish_1561578373,cheese pizza | caesar salad,164.50,132.00,A plate featuring a small square of cheese pizza served with a side of creamy Caesar salad and a small mixed green salad.,415.00,205.00,1.000
dish_1561577947,chicken,623.20,424.00,"A meal of sliced roasted chicken breast topped with a creamy lentil sauce, served with a side of penne pasta and a fresh arugula salad.",460.00,295.00,0.200
dish_1561578394,cheese pizza | beef | caesar salad,276.04,185.00,"A varied meal featuring a small piece of cheese pizza, two portions of salad (Caesar and mixed greens), and grilled steak pieces.",490.00,230.00,0.667
dish_1561578417,caesar salad | cheese pizza | beef,289.79,240.00,"A varied plate consisting of a small pizza square, two types of salad (Caesar and mixed greens), a small serving of sliced steak, and steamed cauliflower florets.",465.00,265.00,0.400
dish_1561578461,beef | roasted potatoes | cheese pizza | chicken,522.15,392.00,"A varied sampler plate containing protein, starch, and two types of salad, typical of a buffet or catered event.",665.00,405.00,0.667
dish_1561578441,caesar salad | roasted potatoes | beef | cheese pizza,387.08,309.00,"A varied plate consisting of a small cheese pizza slice, a Caesar salad, a small garden salad, two strips of grilled steak, roasted potatoes, and cauliflower.",495.00,330.00,0.600
dish_1561578570,beef,136.80,65.00,"A very small, appetizer-sized portion consisting of a single slice of beef topped with a green herb sauce and microgreens.",171.00,59.00,0.333
dish_1561578603,roasted potatoes | beef,180.51,96.00,A small appetizer-sized serving featuring sliced beef with a green herb sauce and two small pieces of roasted potato.,205.00,85.00,1.000
dish_1561578775,cheese pizza,295.15,111.00,Three small rectangular pieces of cheese pizza on a large white square plate.,230.00,85.00,1.000
dish_1561578623,roasted potatoes | beef | cauliflower,208.51,208.00,"A small, plated meal featuring a portion of sliced meat with a pesto or chimichurri-style sauce, a side of steamed cauliflower, and two pieces of roasted potato.",395.00,280.00,0.667
dish_1561578676,cauliflower | roasted potatoes | beef,212.03,224.00,"A small portion of sliced beef with chimichurri sauce, accompanied by sautéed mushrooms, steamed cauliflower, and two pieces of roasted potato.",360.00,295.00,0.750
dish_1561578800,cheese pizza,338.35,146.00,"A small meal consisting of a rectangular slice of cheese pizza, a side of arugula salad, and two black olives.",280.00,130.00,0.500
dish_1561579505,cauliflower,31.50,126.00,A small portion of steamed or boiled cauliflower florets served on a white square plate.,25.00,75.00,1.000
dish_1561579576,cauliflower | eggplant,78.00,267.00,A side dish consisting of sautéed eggplant cubes and steamed cauliflower florets.,135.00,210.00,1.000
dish_1561579617,eggplant | cauliflower | roasted potatoes,130.17,304.00,"A vegetable-focused plate consisting of roasted eggplant cubes, steamed cauliflower florets, and a couple of roasted potato chunks.",193.00,255.00,1.000
dish_1561578839,cheese pizza | broccoli,362.15,214.00,"A meal consisting of three small square pieces of cheese pizza, a side of mixed green salad with two blueberries, and a portion of roasted cherry tomatoes and broccoli.",403.00,270.00,0.667
dish_1561578865,pasta | broccoli | cheese pizza,417.19,246.00,"A varied meal plate containing small portions of cheese pizza squares, penne pasta salad, arugula with olives, and roasted broccoli with tomatoes.",550.00,310.00,0.750
dish_1561579824,beef,185.21,88.00,A very small portion of cooked beef steak garnished with microgreens.,105.00,42.00,0.500
dish_1561579706,eggplant | beef | roasted potatoes | chicken | cauliflower,284.44,390.00,"A balanced meal consisting of a large portion of sautéed eggplant, cauliflower, roasted potatoes, sliced chicken breast, and a small herb-topped steak.",565.00,515.00,1.000
dish_1561579845,beef | chicken,307.26,163.00,A minimalist tasting plate featuring small portions of seared beef and sauced chicken breast with microgreen garnishes.,260.00,120.00,1.000
dish_1561579867,beef | chicken,369.36,217.00,"A tasting plate consisting of a small portion of herb-seasoned beef, a serving of dark olives, and a small piece of white fish topped with a white sauce and microgreens.",355.00,160.00,0.250
dish_1561579673,cauliflower | roasted potatoes | eggplant | chicken,221.30,360.00,"A mixed meal consisting of a significant portion of sautéed eggplant, accompanied by small servings of chicken breast, roasted potatoes, and steamed cauliflower.",310.00,360.00,0.800
dish_1561579933,chicken | beef,447.45,306.00,"A Mediterranean-style plate featuring a large mixed salad, a side of kalamata olives, grilled beef, and sliced chicken in a cream sauce.",550.00,325.00,0.500
dish_1561579902,chicken | beef,406.40,247.00,"A plate consisting of two types of sliced meat (beef and chicken with cream sauce), a side of Kalamata olives, and a mixed leaf salad.",510.00,230.00,0.667
dish_1561580278,caesar salad,23.32,53.00,A small appetizer-sized portion of Caesar salad on a white square plate.,114.00,63.00,0.333
dish_1561580322,caesar salad,44.25,76.00,"A small appetizer-sized side salad featuring mixed greens, a grain-like topping, and small pieces of roasted vegetables.",138.00,105.00,0.000
dish_1561580370,pasta | caesar salad,126.80,124.00,"A small appetizer-sized salad plate containing penne pasta, quinoa, roasted potato chunks, and baby spinach leaves, lightly dressed.",201.00,122.00,0.200
dish_1561580552,cauliflower,22.25,89.00,A very small portion of mashed or crushed potatoes served on a white square plate.,45.00,50.00,0.000
dish_1561580406,caesar salad | chicken | pasta,203.28,171.00,"A small portioned mixed salad containing penne pasta, quinoa, roasted potatoes, and spinach, topped with a creamy dressing and a scoop of protein salad.",290.00,175.00,0.143
dish_1561580608,cauliflower,20.25,81.00,A very small leftover portion of mashed potatoes on a square white plate.,55.00,50.00,0.000
dish_1561580431,chicken | beef | caesar salad | pasta,258.00,197.00,"A small mixed plate containing a slice of steak, penne pasta, roasted potatoes, quinoa, spinach, and croutons with a creamy dressing.",342.00,170.00,0.125
dish_1561654326,granola,59.79,46.00,"A very small portion of mixed greens salad with a few raspberries, appearing to have a light dressing.",48.00,45.00,0.000
dish_1561580628,cauliflower | lettuce,72.43,156.00,A side plate containing a small portion of mixed leafy greens and several pieces of roasted cauliflower.,110.00,115.00,0.500
dish_1561580659,beef | millet,754.35,480.00,"A balanced meal consisting of grilled steak slices, a side of mashed potatoes, mixed garden greens, and a topping of brown rice.",465.00,330.00,0.250
dish_1561654346,brussels sprouts,79.20,84.00,"A very small starter portion or side salad consisting of mixed greens, a few roasted brussels sprouts, and a couple of raspberries.",76.00,102.00,1.000
dish_1561654707,scrambled eggs,199.80,135.00,"A plate of scrambled eggs, possibly prepared with butter or oil.",200.00,120.00,1.000
dish_1561654392,bacon | scrambled eggs,494.07,282.00,"A keto-friendly breakfast plate containing a large portion of scrambled eggs, three strips of fried bacon, and a side of fresh mixed salad greens.",417.00,205.00,1.000
dish_1561654732,sweet potato | scrambled eggs,242.36,191.00,A breakfast plate consisting of scrambled eggs with a slight orange tint and several chunks of fried breakfast potatoes.,355.00,200.00,1.000
dish_1561654756,scrambled eggs | sweet potato | brussels sprouts,256.98,225.00,A breakfast or brunch plate consisting of a generous portion of scrambled eggs served with a side of roasted Brussels sprouts and roasted potato chunks.,405.00,295.00,1.000
dish_1561654374,scrambled eggs,326.36,251.00,"A plate containing scrambled eggs, a side of roasted Brussels sprouts, a small serving of mixed salad greens, and a few raspberries.",284.00,230.00,0.500
dish_1561661347,green beans | caesar salad,50.67,132.00,A plate with a side of green beans and a dressed salad.,210.00,190.00,1.000
dish_1561661449,white rice | pork,237.08,115.00,"A very small portion of sliced roasted meat, likely pork or beef, served on a white square plate.",110.00,45.00,0.000
dish_1561661377,green beans | chicken | caesar salad,306.33,294.00,"A balanced meal featuring a breaded protein fillet (likely chicken), a side of sautéed thin green beans, and a portion of Caesar salad.",420.00,255.00,1.000
dish_1561661324,caesar salad,33.00,75.00,A very small portion or remnant of a Caesar salad on a white plate.,72.00,44.00,0.333
dish_1561661479,pork | white rice,242.18,166.00,A plate containing a small serving of sliced cucumbers alongside several pieces of dark roasted meat.,195.00,140.00,0.000
dish_1561661806,pork,183.48,89.00,A small portion plate containing strips of roasted meat and a side of white rice with green vegetables.,220.00,105.00,0.500
dish_1561661500,pork | white rice,374.78,268.00,"A meal featuring a portion of steamed white rice, several slices of glazed roasted meat, and fresh cucumber slices.",386.00,255.00,0.250
dish_1561661552,pork | broccoli | white rice,394.73,325.00,"A plate containing white rice, several florets of broccoli, sliced zucchini, and strips of cooked dark protein.",381.00,340.00,0.750
dish_1561661972,green beans,12.09,39.00,"A very small portion of sautéed green beans, likely a remnant or a small side.",35.00,40.00,1.000
dish_1561661850,pizza | pork,648.98,264.00,"A mixed plate containing flatbread pizza slices, seared meat strips, and a small side of herbed white rice.",665.00,280.00,0.250
dish_1561662054,pork,419.44,292.00,"A plate containing grilled pork slices, a small portion of white rice, sautéed green beans, and a fresh spinach salad with shredded carrots.",422.00,285.00,0.250
dish_1561662190,brown rice,117.32,104.00,A very small portion/side meal consisting of brown rice and a mixed green salad with light dressing and garnishes.,124.00,110.00,0.500
dish_1561662160,lemon juice | onions | apple | millet,41.84,36.00,"A small, light side salad or starter consisting of mixed baby greens, chopped red bell peppers, and a light sprinkling of quinoa, topped with a dressing.",65.00,59.00,0.000
dish_1561662022,green beans | millet,159.69,166.00,"A vegetable-forward meal or side dish consisting of fresh or lightly sautéed baby spinach, green beans, shredded carrots, and cherry tomatoes, likely finished with oil.",110.00,167.00,0.143
dish_1561662216,brown rice | pork,300.79,193.00,"A small plated meal consisting of grilled pork pieces, a small portion of brown rice, and a light mixed green salad.",282.00,120.00,0.667
dish_1561662358,corn on the cob,96.55,91.00,Two small portions of steamed or boiled corn on the cob served on a white plate.,65.00,100.00,1.000
dish_1561662458,corn on the cob,124.82,119.00,A very light meal consisting of two corn cobettes and a small side salad of baby spinach and a cherry tomato.,88.00,160.00,0.500
dish_1561662501,corn on the cob | tofu,158.40,165.00,"A small, light meal consisting of protein-rich tofu cubes, sweet corn segments, and a fresh side salad.",127.00,170.00,0.667
dish_1561662532,tofu | corn on the cob,166.46,191.00,"A plant-based meal featuring corn on the cob slices, tofu, and a variety of sautéed and fresh vegetables.",162.00,250.00,0.400
dish_1561662814,lemon juice | onions | apple | millet,23.24,20.00,"A very small, sampler-sized portion consisting of a few bites of quinoa, sautéed greens, a single carrot segment, and a mushroom slice.",35.00,40.00,0.000
dish_1561662562,pork | tofu | corn on the cob,368.49,289.00,"A balanced plate featuring grilled meat, corn on the cob rounds, cubes of tofu, and a side of spinach and tomato salad.",350.00,290.00,0.400
dish_1561662842,chicken | brown rice,263.13,172.00,Small portion of breaded chicken slices with a side of sautéed greens and a single roasted carrot.,255.00,160.00,0.250
dish_1561662869,chicken | corn on the cob,284.35,192.00,"A small, plated meal consisting of sliced breaded protein (likely tofu), a small side of sautéed vegetables, and a single slice of corn.",247.00,160.00,0.200
dish_1561663035,cheese pizza,263.24,99.00,A single small slice of pizza with cheese and bacon/ham toppings on a white plate.,210.00,75.00,1.000
dish_1561662926,corn on the cob | chicken,288.34,213.00,"A small, artfully plated vegan-style meal consisting of breaded tofu, a miniature corn slice, a small portion of kale with quinoa, and a light side salad.",295.00,190.00,0.167
dish_1561662948,corn on the cob | chicken,293.61,230.00,"A balanced meal consisting of sliced breaded chicken breast served with a variety of vegetables including green beans, a corn coin, mixed greens, and a sprinkle of quinoa grains.",326.00,245.00,0.400
dish_1561663068,cheese pizza,332.89,168.00,A meal consisting of one slice of savory flatbread pizza accompanied by a fresh spinach and mixed vegetable side salad.,300.00,175.00,0.500
dish_1561663541,brown rice,124.32,112.00,A very small portion of seasoned or mixed-grain rice served on a white plate.,65.00,45.00,1.000
dish_1561663606,brown rice | corn on the cob | chicken,474.50,347.00,"A simple meal featuring a small portion of seasoned rice, one chicken drumstick, and two small pieces of corn on the cob.",340.00,230.00,1.000
dish_1561663786,corn on the cob,46.68,44.00,A very small portion consisting of a single slice of corn on the cob on a large white plate.,18.00,25.00,1.000
dish_1561663855,corn on the cob | chicken,179.14,139.00,"A small portioned meal consisting of a single roasted chicken drumstick, a small slice of corn on the cob, and a side of mixed leafy green salad with red bell peppers.",170.00,150.00,1.000
dish_1561663580,chicken | brown rice,432.06,307.00,A moderate portion of savory seasoned white rice served with two pieces of cooked chicken (a drumstick and a small portion of thigh or breast meat).,390.00,225.00,1.000
dish_1561663891,pork | chicken | corn on the cob,247.17,172.00,"A small meal plate consisting of a single roasted chicken drumstick, two thin slices of roasted meat, a small cobette of corn, and a side of mixed greens.",225.00,170.00,0.500
dish_1561663990,chicken,181.49,115.00,"A very small portion or remnant of a savory pancake, quiche, or omelet containing green herbs on a large white plate.",95.00,45.00,0.000
dish_1561663817,corn on the cob,95.50,86.00,"A minimal appetizer or side portion of salad consisting of baby greens, red pepper strips, and a single thin slice of corn on the cob.",32.00,60.00,0.500
dish_1561663914,chicken | corn on the cob | pork,257.40,205.00,"A protein-rich plate containing a roasted chicken drumstick and sliced roast meat, served with green beans, a mixed salad, and a small portion of corn.",270.00,210.00,0.400
dish_1561664013,chicken | pork,280.44,163.00,A small portion of grilled pork slices accompanied by a side of savory herb stuffing.,245.00,120.00,0.333
dish_1561664042,chicken | pork,285.04,209.00,"A light meal consisting of fresh cucumber slices, small pieces of roasted pork, and a portion of savory herb stuffing.",302.00,195.00,0.250
dish_1561664977,green beans,14.57,47.00,"A small portion of cut, cooked green beans served on a white plate.",25.00,40.00,1.000
dish_1561664061,chicken | green beans | pork,303.64,269.00,"A plate containing a portion of savory casserole/stuffing, a serving of green beans, a small amount of meat, and fresh cucumber slices.",393.00,285.00,0.167
dish_1561665024,green beans,100.57,121.00,"A vegetable dish featuring sautéed dark leafy greens and green beans, garnished with golden raisins.",140.00,180.00,0.333
dish_1561665378,corn on the cob,74.27,70.00,Two small slices of corn on the cob served on a white plate.,25.00,35.00,1.000
dish_1561665065,chicken,387.80,303.00,"A balanced meal consisting of breaded chicken, sautéed greens with raisins, and green beans.",490.00,325.00,0.333
dish_1561665626,corn on the cob,51.99,49.00,A single small segment of boiled or steamed corn on the cob.,32.00,40.00,1.000
dish_1561665671,corn on the cob | pizza,158.39,89.00,A very small portion or snack consisting of one piece of topped flatbread and a small segment of corn on the cob.,150.00,85.00,0.333
dish_1561665422,corn on the cob | chicken,571.39,385.00,"A plate containing a portion of breaded fried chicken, two corn on the cob medallions, and a small side of mashed potatoes, garnished with lettuce.",322.00,190.00,0.500
dish_1561665452,chicken | corn on the cob,624.85,431.00,"A health-conscious meal featuring a combination of breaded and grilled fish fillets, served with a mixed leaf side salad and a light garnish of quinoa.",280.00,197.00,0.250
dish_1561665706,chickpeas | corn on the cob | pizza,386.35,228.00,"A light meal or snack plate featuring a chickpea salad with leafy greens and peppers, a small slice of vegetable flatbread, and a single cobette of corn.",250.00,155.00,1.000
dish_1561666619,grapes,35.88,52.00,A small snack consisting of approximately 13 fresh red grapes.,55.00,80.00,1.000
dish_1561666640,cantaloupe | grapes,48.80,90.00,A light fruit snack consisting of fresh red grapes and cantaloupe chunks on a white plate.,75.00,150.00,1.000
dish_1561665747,chickpeas | pizza | corn on the cob,486.30,314.00,"A varied vegetarian meal containing a chickpea and vegetable salad, sautéed long green beans with leafy greens, a slice of corn on the cob, and a small wedge of savory vegetable tart.",485.00,345.00,0.400
dish_1561666761,cheese pizza,114.34,43.00,A single small rectangular portion of cheese pizza served on a large white square plate.,125.00,45.00,1.000
dish_1561666821,caesar salad | cheese pizza,211.79,170.00,"A plate containing a small rectangular slice of thin-crust cheese pizza, a portion of Caesar salad, and a baby spinach side salad.",330.00,190.00,0.667
dish_1561666794,cheese pizza | caesar salad,138.10,97.00,A small meal comprising a portion of leafy green salad with creamy dressing and one small rectangular slice of thin-crust cheese pizza.,260.00,120.00,0.500
dish_1561666849,cheese pizza | corn on the cob | caesar salad,347.59,298.00,"A mixed plate containing a small portion of cheese pizza, two corn on the cob rounds, a creamy green salad, and a fresh spinach side salad.",287.00,215.00,0.500
dish_1561666875,corn on the cob | caesar salad | cheese pizza | chicken,443.86,359.00,"A diverse meal plate consisting of Caesar salad, a small mixed green salad, two corn segments, a thin slice of cheese pizza, and a piece of chicken.",420.00,265.00,1.000
dish_1561666923,corn on the cob | cheese pizza | chicken | pork,539.64,425.00,"A varied plate consisting of Caesar salad, a mixed green salad, steamed green beans, two small pieces of corn on the cob, a portion of roasted chicken, and a small slice of cheese pizza.",560.00,415.00,0.500
dish_1561666897,chicken | pork | corn on the cob | cheese pizza,532.51,402.00,"A diverse meal consisting of Caesar and spinach salads, two pieces of corn on the cob, a small pizza slice, and two portions of grilled protein.",480.00,355.00,0.500
dish_1561667207,pork | white rice,249.44,121.00,A small serving consisting of approximately three to four slices of braised dark meat topped with a small mound of white rice.,290.00,140.00,0.333
dish_1561667238,caesar salad | white rice | pork,268.80,165.00,"A plate containing roasted meat slices (likely pork) topped with a small portion of white rice, served with a side of Caesar salad and large croutons.",567.00,265.00,0.750
dish_1561667430,white rice | sugar | pork,342.21,166.00,A plate containing several slices of grilled glazed pork served with a small side of white rice.,407.00,167.00,0.667
dish_1561736736,scrambled eggs | bacon,356.08,145.00,A classic breakfast plate consisting of a portion of scrambled eggs topped with approximately two and a half strips of crispy bacon.,270.00,120.00,1.000
dish_1561736715,scrambled eggs,161.32,109.00,A single serving of plain scrambled eggs.,185.00,110.00,1.000
dish_1561737176,sausage,403.18,117.00,A small serving consisting of seven sliced pieces of smoked sausage on a white plate.,240.00,80.00,1.000
dish_1561737223,sausage | broccoli | egg whites,503.78,334.00,"A breakfast or lunch plate consisting of scrambled egg whites, sliced pan-seared sausage, and steamed broccoli.",370.00,285.00,1.000
dish_1561737200,egg whites | sausage,478.58,262.00,A breakfast or snack plate consisting of sliced cooked sausages and scrambled egg whites.,342.00,205.00,1.000
dish_1561737248,sausage | egg whites | hash browns,699.38,394.00,"A breakfast meal consisting of egg whites, sliced sausage pieces, hash browns, and roasted broccoli florets.",510.00,345.00,0.750
dish_1561737271,sausage | hash browns | pineapple | egg whites,762.38,520.00,"A mixed plate containing sliced smoked sausage, pineapple chunks, mashed potatoes, sauerkraut, and broccoli.",525.00,425.00,0.286
dish_1561737839,,210.90,370.00,A bowl filled with dark red seedless grapes.,180.00,260.00,0.000
dish_1561737776,bagels | cream cheese,375.30,139.00,Two halves of a toasted bagel spread with herb-flecked cream cheese.,385.00,135.00,1.000
dish_1561737293,sausage | pineapple | egg whites | hash browns,801.82,636.00,"A breakfast plate containing cantaloupe, pineapple, egg whites, hash browns, mini sausages, and broccoli.",450.00,460.00,0.667
dish_1561739212,egg whites | sweet potato,134.01,214.00,"A health-oriented plate containing scrambled egg whites, roasted sweet potato cubes, and fresh mixed berries.",138.00,205.00,1.000
dish_1561739160,,34.77,61.00,A very small serving of fresh mixed berries consisting of blackberries and raspberries on a white plate.,16.00,35.00,
dish_1561739188,sweet potato,97.09,143.00,A very small portion/snack containing roasted sweet potato pieces alongside fresh blackberries and raspberries.,94.00,120.00,1.000
dish_1561739238,egg whites | hash browns | sweet potato,274.19,257.00,"A breakfast plate containing lean protein from egg whites, complex carbohydrates from roasted sweet potatoes and shredded hash browns, accompanied by a small serving of fresh berries.",214.00,235.00,1.000
dish_1561739576,sweet potato,63.84,84.00,A very small portion of roasted sweet potato chunks leftover or served as a side.,84.00,70.00,1.000
dish_1561739623,broccoli | sweet potato,156.24,348.00,"A side plate consisting of a large portion of roasted broccoli, roasted cubed sweet potatoes, and a single strawberry.",205.00,280.00,1.000
dish_1561739265,sweet potato | hash browns | broccoli | egg whites,292.04,308.00,"A balanced meal consisting of cooked egg whites, a small portion of white rice, steamed broccoli, roasted sweet potato cubes, and fresh mixed berries.",167.00,235.00,0.600
dish_1561739649,sweet potato | broccoli,208.23,388.00,"A nutrient-dense meal featuring a large serving of roasted broccoli, cubed sweet potatoes, mixed leafy greens, and a small garnish of fruit.",193.00,320.00,0.667
dish_1561739719,sweet potato | broccoli,350.16,637.00,"A well-balanced, plant-forward meal containing a mixture of roasted sweet potatoes, broccoli, fresh berries, and a side of mixed greens.",203.00,350.00,1.000
dish_1561739930,sweet potato,60.04,79.00,"A small serving of roasted orange-fleshed vegetable cubes, most likely sweet potato.",115.00,95.00,1.000
dish_1561739760,broccoli | cantaloupe | sweet potato,452.16,937.00,"A high-fiber, nutrient-dense meal consisting of a large variety of fresh fruit (cantaloupe, watermelon, honeydew, and mixed berries) paired with roasted sweet potatoes, broccoli, and a bed of mixed salad greens.",257.00,555.00,0.750
dish_1561739954,sweet potato | scrambled eggs,276.12,225.00,A breakfast plate consisting of scrambled eggs with minor vegetable inclusions and a side of roasted sweet potato cubes.,365.00,255.00,1.000
dish_1561739805,broccoli | sweet potato | scrambled eggs | cantaloupe,696.36,1102.00,"A varied breakfast/brunch plate containing scrambled eggs, a substantial portion of mixed fruit (melons and berries), roasted sweet potatoes, and a small side of green salad with broccoli.",485.00,640.00,0.800
dish_1561739973,broccoli | scrambled eggs | sweet potato,295.37,280.00,"A breakfast or lunch plate consisting of fluffy scrambled eggs mixed with carrots, served alongside roasted sweet potato chunks and steamed broccoli.",375.00,330.00,1.000
dish_1561740353,bell peppers | garlic | cucumbers | radishes,75.42,96.00,A light fruit and spinach salad featuring sliced strawberries and a small amount of shredded carrots.,41.00,135.00,0.000
dish_1561740321,bell peppers | garlic | cucumbers | radishes,52.98,28.00,A very small side portion of wilted spinach sautéed with carrot shreds and minced garlic.,30.00,47.00,0.167
dish_1561740385,broccoli,99.37,139.00,"A small snack or side plate consisting of fresh sliced strawberries, a small serving of cooked broccoli, and mixed leafy greens.",76.00,172.00,0.500
dish_1561740411,scrambled eggs,333.21,297.00,"A breakfast plate consisting of a large portion of scrambled eggs, fresh watermelon chunks, and a side of sautéed spinach and broccoli.",341.00,355.00,0.250
dish_1561741090,cottage cheese | cantaloupe,161.54,221.00,A bowl containing cottage cheese topped with fresh cantaloupe chunks.,171.00,300.00,1.000
dish_1561741063,cottage cheese,132.30,135.00,A white bowl filled with a serving of cottage cheese.,150.00,180.00,1.000
dish_1561741139,bacon,108.20,20.00,"A single strip of cooked, crispy bacon on a white square plate.",45.00,10.00,1.000
dish_1561741174,scrambled eggs | bacon,245.84,113.00,A breakfast plate containing a portion of scrambled eggs and two strips of fried bacon.,260.00,128.00,1.000
dish_1561746876,salmon | brown rice,149.44,84.00,A very small portion of cooked salmon on a large white plate.,125.00,55.00,0.500
dish_1561746970,tatsoi | salmon,303.64,363.00,"A balanced meal consisting of seared salmon, a side of pearl couscous mixed with roasted Brussels sprouts, and a fresh leafy green salad with red peppers.",505.00,370.00,0.250
dish_1561746912,brown rice | salmon,264.10,210.00,"A small, balanced meal consisting of a petite portion of roasted salmon, a side of pearl couscous, and roasted Brussels sprouts.",295.00,180.00,0.250
dish_1561747075,tortilla | chicken thighs | cheese,646.59,301.00,"A hearty serving of chicken pieces in a thick, savory tomato-based sauce, possibly a curry or cacciatore-style dish.",440.00,280.00,0.333
dish_1561748274,tortilla | chicken thighs | cheese,558.51,260.00,"A portion of baked pasta bake featuring tomato sauce, melted cheese, and green peas.",410.00,230.00,0.333
dish_1561748950,honeydew melons | brown rice | salmon,197.25,205.00,A light meal consisting of a small portion of baked salmon and fresh honeydew melon chunks.,195.00,185.00,0.667
dish_1561748862,brown rice | salmon,154.77,87.00,A single small portion of cooked salmon with a few grains of white rice on a large white plate.,110.00,54.00,1.000
dish_1561749016,salmon | brown rice | honeydew melons,280.12,272.00,"A light meal composed of a small piece of seasoned salmon, a side of fresh honeydew melon, and a simple mixed green salad.",248.00,280.00,0.667
dish_1561749348,brown rice | salmon,165.45,93.00,A very small tasting portion or appetizer consisting of a small piece of grilled salmon over a few grains of rice with a green garnish.,103.00,57.00,0.667
dish_1561749061,salmon | honeydew melons,302.86,360.00,A piece of grilled salmon served with a mixed green salad featuring sprouts and a side of peeled cucumber wedges.,407.00,299.00,0.200
dish_1561749392,chicken thighs | cheese | salmon | tortilla,416.78,210.00,"A small plated meal consisting of a grilled piece of fish, a portion of vegetable mash, and a small amount of rice garnish.",288.00,175.00,0.000
dish_1561749664,brown rice | salmon,288.20,162.00,A small portion of grilled salmon fillets with a few stray grains of rice on a white plate.,198.00,92.00,1.000
dish_1561749711,salmon | brown rice,300.08,228.00,A light meal consisting of two small pieces of seared salmon fillets accompanied by several whole cherry tomatoes.,200.00,155.00,0.333
dish_1561749750,broccoli | brown rice | salmon,330.53,315.00,"A high-protein, low-carb plate featuring pan-seared salmon with a side of broccoli and fresh cherry tomatoes.",404.00,365.00,0.400
dish_1561749778,broccoli | salmon | brown rice,334.53,340.00,"A healthy meal consisting of pan-seared salmon served with sautéed broccoli, raw cherry tomatoes, sliced radishes, and red onions.",345.00,310.00,0.333
dish_1561749857,brown rice | salmon | broccoli | brussels sprouts,366.58,447.00,"A high-protein, low-carb meal consisting of cooked salmon and beef alongside a large variety of roasted and raw vegetables including broccoli, brussels sprouts, radishes, tomatoes, and cucumber.",506.00,480.00,0.333
dish_1561749818,brown rice | salmon | broccoli,340.03,395.00,"A health-conscious meal featuring cooked salmon as the protein source, accompanied by a large variety of vegetables including broccoli, cherry tomatoes, radishes, and a cucumber-celery salad.",430.00,445.00,0.333
dish_1561751897,brown rice | salmon,354.02,199.00,A small portion of grilled salmon fillets topped with a minimal amount of brown rice and a light garnish of greens.,255.00,130.00,0.667
dish_1561749908,brown rice | brussels sprouts | broccoli | salmon,377.26,472.00,"A high-protein, vegetable-dense meal featuring a piece of grilled salmon accompanied by a variety of roasted and fresh vegetables including broccoli, Brussels sprouts, potatoes, radishes, tomatoes, and a cucumber-celery mix.",410.00,495.00,0.375
dish_1561751958,brown rice | salmon,381.23,293.00,"A very small portion of pan-seared salmon served with sautéed summer squash, a spoonful of brown rice, and a few salad garnishes.",186.00,142.00,0.667
dish_1561752449,tortilla | chicken thighs | cheese,287.85,134.00,"A single small savory vegetable pancake, likely a kimchi fritter, served on a large white plate.",80.00,40.00,0.000
dish_1561752035,brown rice | salmon,454.94,374.00,"A health-focused meal consisting of a grilled salmon fillet topped with a grain and lentil salad containing dried fruit, accompanied by sautéed summer squashes and a light garnish of arugula.",407.00,280.00,0.167
dish_1561752481,tortilla | cheese | chicken thighs,297.98,169.00,A very small meal or snack consisting of one vegetable fritter and three pieces of steamed yellow squash.,85.00,70.00,0.000
dish_1561752509,tortilla | chicken thighs | cheese,321.48,224.00,"A small meal composed of a savory fried vegetable fritter, a side of roasted potato chunks, and two slices of yellow squash.",265.00,175.00,0.000
dish_1561752680,cheese pizza,465.32,175.00,Two slices of cheese pizza on a square white plate.,530.00,200.00,1.000
dish_1561752563,cheese | caesar salad | chicken thighs | tortilla,373.51,367.00,"A varied sampler plate featuring a savory vegetable pancake, two types of salad (fresh greens and a creamy Caesar), roasted potato cubes, and cooked yellow squash.",360.00,280.00,0.125
dish_1561752970,tortilla | chicken thighs | cheese,642.29,299.00,A single portion of lasagna with tomato meat sauce and melted cheese topping.,340.00,200.00,0.333
dish_1561752535,tortilla | chicken thighs | caesar salad | cheese,358.00,307.00,"A mixed meal plate containing roasted squash, roasted potato chunks, a fried vegetable fritter, and a creamy salad with cheese.",420.00,270.00,0.143
dish_1561752996,cheese | salmon | chicken thighs | tortilla,848.66,415.00,A meal consisting of a baked salmon fillet served alongside a portion of lasagna.,640.00,350.00,0.200
dish_1561753021,cheese | caesar salad | chicken thighs | salmon | tortilla,918.18,573.00,"A plated meal featuring a portion of lasagna, a side Caesar salad, and a cooked salmon fillet.",835.00,450.00,0.333
dish_1561753168,brown rice | salmon,245.50,138.00,"A small portion of pan-seared fish fillets, appearing to be salmon, served alone on a large white plate.",145.00,70.00,0.000
dish_1561753075,salmon | chicken thighs | caesar salad | cheese | tortilla,945.67,668.00,"A balanced meal plate consisting of a baked salmon fillet, a serving of lasagna, a side Caesar salad, and a portion of sautéed zucchini and yellow squash.",750.00,450.00,0.286
dish_1561753203,brown rice | salmon | squash,265.47,207.00,A small portion of cooked salmon accompanied by a small serving of sautéed green and yellow zucchini.,245.00,175.00,0.667
dish_1561753400,cheese | salmon | tortilla | chicken thighs,354.68,178.00,A meal consisting of a piece of pan-seared salmon with skin and a portion of fried vegetable fritters.,397.00,170.00,0.200
dish_1561753238,brown rice | salmon | tatsoi,298.03,333.00,"A balanced meal featuring two portions of pan-seared salmon, a side of sautéed summer squash, and a leafy green salad garnished with cherry tomatoes and shaved cheese.",370.00,265.00,0.167
dish_1561753275,brown rice | pineapple | salmon,330.03,397.00,"A nutritious meal consisting of grilled salmon, sautéed summer squash, fresh pineapple chunks, and a side salad with leafy greens and shredded cheese.",448.00,395.00,0.400
dish_1561753371,chicken thighs | cheese | tortilla,221.26,103.00,Small portion of shredded chicken in a reddish sauce with a fried tortilla chip.,145.00,60.00,0.667
dish_1561753432,salmon | cheese | chicken thighs | tortilla,380.32,238.00,"A mixed protein plate featuring a salmon fillet, roasted root vegetables, and shredded meat in a red sauce with a small green garnish.",407.00,230.00,0.143
dish_1561753589,brown rice | salmon,138.76,78.00,A very small portion of cooked salmon served with a single leaf garnish of arugula on a white plate.,141.00,67.00,0.333
dish_1561753623,squash | salmon | brown rice,159.31,149.00,A lean meal consisting of a small salmon fillet served with a few pieces of zucchini and yellow squash and a lemon wedge.,192.00,142.00,0.500
dish_1561753477,salmon | cheese | chicken thighs | tortilla,432.27,280.00,"A varied plate featuring a small portion of grilled salmon, shredded meat in sauce, roasted sweet potatoes, and a small side salad with greens and cheese.",367.00,245.00,0.286
dish_1561753649,brown rice | squash | salmon,164.01,196.00,A meal consisting of a cooked salmon fillet served with a side of mixed zucchini and yellow squash slices and a lemon wedge.,272.00,212.00,0.500
dish_1562007763,quinoa | caesar salad,290.70,298.00,A plate featuring roasted chicken portions with a seasoned crust and a side of Caesar salad with creamy dressing.,465.00,250.00,0.333
dish_1562007789,caesar salad | quinoa,302.95,322.00,"A plate containing roasted herb-crusted chicken breast, a side of creamy Caesar salad, and a small portion of roasted Brussels sprouts.",535.00,320.00,0.250
dish_1562007739,caesar salad,28.60,65.00,"A small leftover portion of Caesar salad consisting of romaine lettuce, creamy dressing, a large crouton, and parmesan cheese.",203.00,85.00,0.250
dish_1562007817,quinoa | caesar salad | pork,444.12,391.00,"A high-protein meal consisting of seasoned roasted chicken, shredded meat, a side Caesar salad, and a small portion of roasted Brussels sprouts.",655.00,355.00,0.200
dish_1562008394,cucumbers,2.40,24.00,A very small portion of raw sliced cucumber on a white plate.,4.00,25.00,1.000
dish_1562007866,caesar salad | quinoa | pork,497.86,465.00,"A balanced meal featuring roasted chicken, a side Caesar salad, couscous with Brussels sprouts, cherry tomatoes, and sautéed mushrooms.",576.00,415.00,0.143
dish_1562007904,quinoa | pork | caesar salad,525.46,489.00,"A diverse Mediterranean-inspired plate with roasted chicken, creamy greens, couscous, olives, and various small vegetable portions.",701.00,435.00,0.000
dish_1562008429,pork,94.47,69.00,A very small portion of cooked meat pieces accompanied by three half-moon slices of cucumber on a large white plate.,77.00,47.00,0.000
dish_1562007842,caesar salad | quinoa | pork,492.28,434.00,"A plate featuring a portion of roasted chicken, Caesar salad with creamy dressing, yellow seasoned couscous, and mixed roasted vegetables including mushrooms and Brussels sprouts.",600.00,400.00,0.167
dish_1562008476,brussels sprouts | pork,120.51,120.00,"A very small portion consisting of approximately a dozen roasted Brussels sprouts, a single small piece of braised meat, and three cucumber slices.",213.00,180.00,0.200
dish_1562008695,cauliflower,18.00,72.00,A small serving of cauliflower florets on a white square plate.,12.00,45.00,1.000
dish_1562008517,quinoa | pork | brussels sprouts,401.73,370.00,A high-protein meal featuring two types of chicken preparation (roasted and breaded) served with a side of roasted Brussels sprouts and fresh cucumber garnish.,629.00,380.00,0.167
dish_1562008549,brussels sprouts | pork | quinoa,417.13,405.00,"A protein-rich plate consisting of roasted skin-on chicken, a side of roasted Brussels sprouts, a creamy dressed salad, and cucumber garnish.",568.00,330.00,0.143
dish_1562008738,arugula | cauliflower,64.07,109.00,A very small side salad consisting of mixed leafy greens and raw cauliflower florets.,15.00,70.00,0.333
dish_1562008813,quinoa | cauliflower,214.59,225.00,"A small meal consisting of a single roasted chicken wing, a side of mixed green salad with broccoli, and raw or steamed cauliflower florets.",155.00,175.00,0.250
dish_1562008936,caesar salad,57.64,131.00,A very small portion or leftover amount of Caesar salad consisting of chopped romaine lettuce coated in a creamy white dressing.,93.00,63.00,0.500
dish_1562008842,quinoa | pork | cauliflower,355.76,294.00,"A plate featuring a grilled chicken wing, slices of roasted meat, cauliflower, and a mixed green salad with broccoli.",230.00,210.00,0.200
dish_1562008780,cauliflower,180.85,195.00,"A small salad portion consisting of mixed leafy greens, broccoli, and cauliflower florets with a light dressing coating.",79.00,140.00,0.333
dish_1562008979,pork | caesar salad,382.94,290.00,A side plate containing a mixed grain and shredded vegetable salad alongside a Caesar salad with creamy dressing.,365.00,215.00,0.333
dish_1562009098,tofu,70.08,96.00,A very small portion of stir-fried rice with a single cube of tofu and minimal vegetables.,130.00,90.00,0.333
dish_1562009006,pork | pizza | caesar salad,470.72,323.00,"A mixed plate featuring a small piece of pepperoni pizza, a Caesar salad, and a grain-based salad with meat and slaw.",455.00,250.00,0.500
dish_1562009120,brussels sprouts | tofu,95.61,146.00,"A small, light meal consisting of a cluster of roasted Brussels sprouts, a single piece of tofu, and a small side of seasoned rice with vegetable slivers.",180.00,175.00,0.500
dish_1562009148,tofu | pork | brussels sprouts,226.55,210.00,"A plate containing roasted brussels sprouts, crispy shredded meat (likely pork or beef), a small portion of seasoned rice, and wilted greens with yellow pepper.",350.00,255.00,0.167
dish_1562009810,brown rice,119.88,108.00,A single portion of seasoned rice with visible carrot fragments on a white square plate.,176.00,110.00,1.000
dish_1562009314,brussels sprouts,99.57,195.00,A plate containing a generous serving of roasted Brussels sprouts.,220.00,200.00,1.000
dish_1562009182,brussels sprouts | tofu | pork,306.23,274.00,"A plant-based meal consisting of roasted Brussels sprouts, a kale and greens salad with pumpkin seeds, seasoned tofu chunks, and a small side of mixed rice and peppers.",370.00,265.00,0.400
dish_1562010048,pork,407.13,199.00,A very small portion of what appears to be leftover roasted vegetables (eggplant or mushrooms) mixed with a shredded cabbage slaw and scattered seeds.,75.00,65.00,0.000
dish_1562009934,quinoa | brown rice,434.91,369.00,"A balanced meal consisting of roasted chicken pieces, a side of brown rice, and a mixed green salad with chickpeas and cheese crumbles.",570.00,350.00,0.250
dish_1562009894,brown rice,244.81,200.00,A healthy plate consisting of a side of brown rice and a mixed green salad topped with roasted vegetables and cheese crumbles.,285.00,260.00,0.333
dish_1562010085,brussels sprouts | pork,440.32,264.00,A small portion of roasted Brussels sprouts paired with sliced roasted chicken and a light vegetable garnish.,215.00,170.00,0.333
dish_1562010130,pork | chickpeas,638.19,376.00,"A whole-food meal featuring roasted chicken, roasted Brussels sprouts, and a sautéed kale and bean mixture.",460.00,415.00,0.000
dish_1562010266,pork,581.03,284.00,A small portion of roasted meat chunks mixed with chewy whole grains and a sparse amount of shredded cabbage salad.,280.00,155.00,0.000
dish_1562010293,pork | caesar salad,633.83,404.00,A meal featuring a savory brown rice and meat stir-fry accompanied by a creamy dressed green salad.,530.00,300.00,0.000
dish_1562010315,caesar salad | pork,671.11,477.00,"A varied meal plate consisting of roasted Brussels sprouts, a Caesar salad, and a serving of brown rice mixed with shredded protein and cabbage.",605.00,445.00,0.500
dish_1562010369,pork,141.17,69.00,A very small remainder or sample of cooked meat with a tiny amount of vegetable garnish on a square white plate.,60.00,32.00,0.500
dish_1562010394,pork,188.61,116.00,A small appetizer-sized portion of mixed green salad topped with a small piece of grilled chicken and shredded cheese.,70.00,50.00,0.000
dish_1562010418,pork | brussels sprouts,209.55,157.00,"A light meal consisting of a small portion of roasted meat, roasted Brussels sprouts and snap peas, and a side of mixed leafy greens.",197.00,195.00,0.667
dish_1562010440,pork | brussels sprouts,247.63,191.00,"A balanced plate consisting of yellow-tinted grains, roasted Brussels sprouts, a small side of mixed green leaves, and a serving of roasted meat partially obscured by the grains.",255.00,215.00,1.000
dish_1562010821,pork,274.15,134.00,"A small, appetizer-sized portion of braised meat served with whole grains and a small amount of cooked cabbage.",140.00,77.00,0.000
dish_1562010865,pork,376.24,216.00,"A light salad featuring arugula, fresh blackberries, dried goji berries, and shaved parmesan over a base of roasted mushrooms and protein.",222.00,138.00,0.000
dish_1562010891,pineapple | pork,438.74,341.00,"A light, fruit-forward salad consisting of fresh pineapple, mixed greens, blackberries, and dried goji berries.",123.00,210.00,0.250
dish_1562011794,pork | brussels sprouts,514.64,364.00,"A balanced plate featuring seasoned yellow couscous with raisins, a side of charred roasted Brussels sprouts, and a portion of braised protein topped with a light vegetable garnish.",585.00,365.00,0.250
dish_1562011765,brussels sprouts | pork,423.92,283.00,"A single-plate meal consisting of roasted chicken pieces, halved brussels sprouts, and a shredded vegetable slaw mix.",255.00,200.00,0.250
dish_1562010929,pork | pineapple,457.27,405.00,"A fresh fruit and green salad featuring large pineapple chunks, blackberries, goji berries, and sunflower seeds over mixed greens.",211.00,230.00,0.200
dish_1562012048,quinoa,278.97,248.00,A plate with two pieces of roasted or grilled chicken breast pieces.,310.00,165.00,0.000
dish_1562011727,pork,372.35,182.00,A small portion of a grain-based stir-fry with mixed shredded vegetables and small bits of protein.,140.00,100.00,0.000
dish_1562012076,quinoa | white rice,525.97,438.00,"A meal consisting of steamed white rice served with pieces of seasoned, cooked chicken breast.",468.00,305.00,0.333
dish_1562085132,bacon,91.97,17.00,Two strips of cooked crispy bacon on a white plate,92.00,17.00,1.000
dish_1562085163,scrambled eggs | bacon,279.93,144.00,A breakfast plate consisting of a portion of scrambled eggs and three strips of fried bacon.,390.00,175.00,1.000
dish_1562085672,bread,122.08,46.00,A single slice of toasted white bread on a square white plate.,110.00,40.00,1.000
dish_1562085185,bacon | hash browns | scrambled eggs,550.51,227.00,"A classic breakfast plate consisting of two strips of bacon, a portion of scrambled eggs, and shredded hash brown potatoes.",563.00,274.00,1.000
dish_1562086037,,68.97,121.00,A small snack portion of red and black berry-shaped gummy candies on a white plate.,186.00,53.00,0.000
dish_1562085604,,241.11,423.00,"A small white bowl filled with a variety of fresh cut fruits including pineapple, mango, blueberries, and strawberries.",90.00,180.00,0.000
dish_1562086067,yam,178.18,209.00,A small plate containing a mix of fresh berries (raspberries and blackberries) alongside roasted sweet potato chunks.,152.00,185.00,0.000
dish_1562086501,scrambled eggs,195.36,132.00,A small serving of scrambled eggs,155.00,100.00,1.000
dish_1562086116,scrambled eggs | yam,290.66,285.00,"A breakfast plate featuring scrambled eggs placed over fresh raspberries and blackberries, with a side of roasted sweet potato chunks.",310.00,300.00,0.333
dish_1562086702,bacon,178.53,33.00,"Three strips of crispy, well-cooked bacon on a white plate.",110.00,24.00,1.000
dish_1562086595,fruit salad | scrambled eggs | yogurt,308.60,324.00,A breakfast plate featuring a portion of scrambled eggs and a variety of fresh cut fruit with a dollop of yogurt.,282.00,290.00,1.000
dish_1562086564,fruit salad | scrambled eggs,286.81,287.00,"A breakfast plate consisting of scrambled eggs, a variety of fresh cut fruit with a small creamy topping, and decorative lettuce leaves.",275.00,282.00,0.500
dish_1562086740,scrambled eggs | bacon,447.89,215.00,A classic breakfast meal consisting of a generous portion of scrambled eggs and two strips of crispy bacon.,345.00,168.00,1.000
dish_1562094621,green beans,10.54,34.00,A very small serving of cooked green beans on a white plate.,20.00,35.00,1.000
dish_1562094931,chicken thighs | white beans | fish,376.75,282.00,A plate containing a roasted chicken portion and a separate cluster of sautéed chicken pieces with herbs.,275.00,130.00,0.250
dish_1562094877,quinoa | chicken thighs,234.58,155.00,"A plate containing two portions of roasted chicken, including a drumstick and a piece with a crumbly topping, likely from a rotisserie or oven-roasted preparation.",330.00,145.00,0.333
dish_1562094694,green beans,134.60,142.00,A light meal consisting of a generous portion of mixed green salad and a side of steamed green beans.,40.00,130.00,0.500
dish_1562094730,chicken thighs,428.19,336.00,"A high-protein meal featuring two roasted chicken drumsticks, a side of couscous, whole green beans, and a large mixed green garden salad with cherry tomatoes.",470.00,410.00,0.333
dish_1562095340,pizza,718.96,381.00,A meal consisting of two portions of pepperoni pizza and a large side salad.,465.00,225.00,0.500
dish_1562096343,cucumbers,6.20,62.00,"A very small serving of raw, sliced cucumbers.",6.00,40.00,1.000
dish_1562096401,chicken thighs | green beans | quinoa,366.86,352.00,"A balanced meal consisting of roasted chicken pieces, a side of steamed green beans, and fresh sliced cucumbers.",313.00,265.00,0.500
dish_1562095283,spinach (raw),229.52,197.00,A fresh side salad of mixed greens with sliced red and green bell peppers.,73.00,115.00,0.000
dish_1562096372,chicken thighs | quinoa,346.71,287.00,A plate containing several pieces of roasted chicken seasoned with garlic and a side of fresh sliced cucumber.,341.00,220.00,0.333
dish_1562096512,beets | artichokes | garlic,30.34,25.00,A small side portion of sautéed kale on a large white plate.,45.00,50.00,0.000
dish_1562096542,green beans,38.09,50.00,A very small portion of steamed green beans and sautéed kale served on a white plate.,49.00,80.00,0.500
dish_1562096584,quinoa | green beans,94.99,90.00,"A small, plant-based meal plate featuring kale salad, a small portion of seasoned grains, and green beans.",123.00,115.00,0.667
dish_1562096633,chicken thighs | quinoa | fish,288.70,237.00,"A mixed plate containing roasted chicken, white fish, a starch side of couscous and beans, and green vegetables including kale and green beans.",408.00,290.00,0.400
dish_1562096608,fish | quinoa,176.71,163.00,"A balanced, health-conscious meal consisting of a small portion of crusted white fish, a serving of quinoa, fresh kale salad, and steamed green beans.",295.00,250.00,0.500
dish_1562096907,white beans | fish,297.78,266.00,A small portion or appetizer consisting of flaked cooked fish with white beans and fresh green herbs on a white plate.,198.00,100.00,1.000
dish_1562096933,white beans | fish,312.66,314.00,"A lean healthy meal consisting of pan-seared white fish topped with fresh herbs, served with a side of steamed green beans and a small portion of white beans.",210.00,225.00,0.500
dish_1562096973,white beans | fish,349.00,350.00,A light and healthy meal consisting of a portion of white fish served with a side of green beans and a fresh mixed green salad.,255.00,238.00,0.500
dish_1562097624,,77.59,68.00,A very small sampling portion of savory brown rice mixed with leafy greens and small vegetable fragments.,52.00,40.00,0.000
dish_1562097001,white beans | pizza | fish,529.88,418.00,"A mixed meal plate containing a small portion of thin-crust sausage pizza, several pieces of cooked white fish, a side of green beans, and a mixed leaf salad.",345.00,245.00,1.000
dish_1562099053,cheese pizza,98.38,37.00,"A single small bite or leftover fragment of a cheese-topped food item, such as pizza, on a large white plate.",45.00,18.00,1.000
dish_1562097653,beets | onions | lettuce | carrot | arugula,116.17,102.00,A side-dish portion of arugula salad and cooked grains served on a white square plate.,140.00,95.00,0.167
dish_1562097673,white beans | fish,345.66,307.00,A light and healthy meal consisting of pan-seared white fish fillet served over a bed of lentils and whole grains with a side of fresh arugula greens.,295.00,245.00,0.250
dish_1562099076,cheese pizza | carrot,110.18,61.00,A very small snack-sized portion of roasted carrots and a tiny piece of cheese-topped pastry on a white plate.,70.00,45.00,1.000
dish_1562099134,chicken thighs | cheese pizza,271.64,188.00,"A balanced plate featuring a small portion of fried chicken, fresh salad, roasted carrots, and a cheesy snack-sized bread piece.",335.00,185.00,0.250
dish_1562168365,pineapple,70.00,140.00,A small serving of fresh pineapple chunks arranged on a white plate.,55.00,110.00,1.000
dish_1562168399,pineapple,128.71,243.00,"A small portion of assorted fresh fruit featuring pineapple, blueberries, and strawberries.",113.00,230.00,1.000
dish_1562099157,cheese pizza | chicken thighs,277.53,207.00,"A balanced meal consisting of a roasted chicken drumstick, a small portion of cheesy casserole, green beans, cooked carrots, and a mixed green salad.",280.00,215.00,0.167
dish_1562168450,pineapple | egg whites | roasted potatoes,282.54,431.00,"A breakfast or brunch plate featuring scrambled egg whites, roasted potato wedges, and a fresh fruit medley of pineapple, blueberries, and strawberries.",241.00,345.00,1.000
dish_1562168427,egg whites | pineapple,193.71,368.00,"A high-protein, fruit-heavy breakfast plate featuring scrambled egg whites with a side of mixed pineapple, blueberries, and strawberries.",160.00,315.00,1.000
dish_1562168648,granola,41.59,32.00,A very small serving of plain mixed salad greens.,3.00,15.00,0.000
dish_1562168471,brussels sprouts | roasted potatoes | egg whites | pineapple,312.67,490.00,"A high-protein, fruit and vegetable forward breakfast plate containing scrambled egg whites, roasted potatoes, roasted brussels sprouts, and a side of fresh pineapple, blueberries, and strawberries.",250.00,370.00,1.000
dish_1562168696,honeydew melons,95.11,141.00,"A very light fruit salad plate with mixed berries, melon chunks, and fresh green leaf lettuce.",42.00,125.00,0.500
dish_1562168673,honeydew melons,56.35,73.00,A small appetizer or snack plate consisting of honeydew melon pieces and a small serving of greens with a charred vegetable garnish.,30.00,80.00,0.500
dish_1562169729,brussels sprouts,25.53,50.00,A small serving of roasted Brussels sprouts.,95.00,85.00,1.000
dish_1562168800,roasted potatoes | honeydew melons,237.52,242.00,"A varied side plate featuring roasted seasoned potatoes, fresh honeydew melon, strawberries, blueberries, and a small portion of leaf lettuce.",187.00,245.00,0.667
dish_1562169762,scrambled eggs | brussels sprouts,262.33,210.00,A plate of scrambled eggs accompanied by roasted Brussels sprouts.,335.00,260.00,1.000
dish_1562169818,scrambled eggs | granola | brussels sprouts,346.82,275.00,"A breakfast or brunch plate consisting of a large portion of scrambled eggs, a side of roasted Brussels sprouts, and a small mixed green salad with dried fruit.",455.00,315.00,0.500
dish_1562170163,pineapple,53.50,107.00,A small portion of fresh pineapple chunks served on a white square plate.,50.00,100.00,1.000
dish_1562169840,sausage | granola | scrambled eggs,739.66,389.00,"A balanced high-protein plate consisting of a large portion of scrambled eggs, three sausage patties, a side of roasted Brussels sprouts, and a small green salad.",610.00,365.00,0.500
dish_1562170236,watermelon | pineapple,169.36,333.00,"A fresh fruit plate consisting of cubed watermelon, pineapple chunks, sliced strawberries, whole raspberries, and blueberries.",123.00,290.00,1.000
dish_1562172561,egg whites,150.80,290.00,A moderate portion of fluffy scrambled egg whites served on a white square plate.,82.00,155.00,1.000
dish_1562170331,watermelon | roasted potatoes | pineapple,263.83,400.00,"A balanced meal or snack plate featuring roasted potato wedges alongside a variety of fresh cut fruits including pineapple, watermelon, strawberries, raspberries, and blueberries.",239.00,335.00,1.000
dish_1562170356,turkey bacon | pineapple | roasted potatoes,385.33,432.00,"A breakfast or brunch plate consisting of roasted potatoes, two strips of bacon, and a large side of various fresh fruits.",310.00,330.00,0.750
dish_1562172600,egg whites | roasted potatoes,263.60,370.00,A breakfast or side dish plate consisting of a pile of scrambled egg whites and seasoned roasted potato cubes.,300.00,285.00,1.000
dish_1562173111,chia seeds,792.18,163.00,A small snack-sized bowl containing chia seed pudding topped with chunks of fresh pear.,172.00,175.00,0.500
dish_1562172643,egg whites | roasted potatoes | bacon,734.27,457.00,"A breakfast plate consisting of scrambled egg whites, several strips of crispy bacon, and a side of roasted potato chunks.",355.00,230.00,1.000
dish_1562173200,pineapple | milk | chia seeds | greek yogurt,213.37,259.00,A breakfast bowl containing chia seed pudding topped with fresh pineapple chunks.,222.00,210.00,0.500
dish_1562173175,milk | chia seeds | greek yogurt,165.37,163.00,A breakfast or snack bowl consisting of a portion of chia seed pudding served with fresh cubed cantaloupe.,169.00,190.00,0.250
dish_1562173247,chilaquiles,290.55,149.00,"A portion of torn, pan-fried flaky flatbread pieces, appearing golden-brown and oily.",450.00,140.00,0.000
dish_1562173381,sausage,389.40,113.00,Three small seared breakfast sausage patties on a square white plate.,270.00,95.00,1.000
dish_1562173267,chilaquiles | bacon,409.57,171.00,A breakfast plate featuring a pile of scrambled eggs mixed with fried starch bits (likely migas) and one thick strip of crispy bacon.,480.00,185.00,0.333
dish_1562173411,bacon | sausage,638.26,159.00,A high-protein breakfast plate featuring three strips of bacon and three sausage patties.,405.00,125.00,1.000
dish_1562173742,bacon,81.15,15.00,"A single strip of pan-fried, crispy bacon on a white square plate.",80.00,15.00,1.000
dish_1562180025,bacon | chicken | flour,798.91,256.00,A plate of breaded fried chicken accompanied by several strips of crispy bacon and a small garnish of coleslaw.,535.00,177.00,0.500
dish_1562180089,flour | chicken | bacon,851.30,437.00,"A protein-heavy plate consisting of breaded fried chicken, two strips of bacon, and a side of roasted starchy vegetables.",515.00,265.00,0.500
dish_1562180157,bacon | chicken | flour,1009.18,557.00,"A meal featuring breaded fried chicken, a slice of bacon, a roasted squash side, and a spinach salad with citrus and strawberry.",685.00,340.00,0.400
dish_1562181217,chicken | flour,546.48,199.00,A single piece of breaded fried chicken topped with a small amount of slaw garnish.,260.00,100.00,0.333
dish_1562181247,bacon | flour | chicken,660.09,220.00,"A plate containing a piece of breaded fried chicken topped with a small amount of coleslaw, accompanied by two strips of bacon.",415.00,165.00,0.500
dish_1562181285,flour | chicken | bacon,796.92,324.00,"A protein-rich meal consisting of fried chicken topped with slaw, served with crispy bacon and a leafy green spinach salad.",665.00,270.00,0.400
dish_1562183096,mushroom | arugula,41.19,95.00,A very small meal or side dish consisting of several whole sautéed mushrooms and a small portion of arugula.,45.00,95.00,1.000
dish_1562183065,mushroom,16.50,75.00,A small portion consisting of five cooked whole button mushrooms.,30.00,50.00,1.000
dish_1562183125,mushroom | spinach (raw),88.55,131.00,A plate of small vegetable side portions featuring whole cooked mushrooms and two small distinct leafy green salads.,68.00,100.00,0.667
dish_1562184604,,211.38,78.00,"A single small slice of cooked, seared beef served on a white square plate.",125.00,50.00,0.000
dish_1562183175,roasted potatoes | green beans | mushroom,290.28,324.00,"A vegetarian plate consisting of roasted new potatoes, whole roasted mushrooms, steamed green beans, a broccoli floret, sautéed greens, and fresh arugula.",234.00,350.00,0.429
dish_1562183201,pizza | roasted potatoes,558.94,425.00,"A plate containing two small vegetable pizza portions, roasted baby potatoes, mushrooms, and mixed green vegetables including green beans and broccoli.",477.00,445.00,0.333
dish_1562183151,mushroom | green beans,108.39,195.00,"A nutrient-dense vegetable plate consisting of green beans, mushrooms, broccoli, wilted spinach, and fresh arugula.",154.00,270.00,0.333
dish_1562184628,bacon,444.01,121.00,"A high-protein, low-carbohydrate meal consisting of two strips of crispy bacon and a single slice of roasted pink meat.",225.00,82.00,0.500
dish_1562602589,sausage,365.28,106.00,A small portion of sliced smoked sausage pieces on a white plate.,288.00,90.00,1.000
dish_1562184705,bacon | fish,635.19,376.00,"A high-protein mixed meal featuring multiple meat sources including bacon, pork, and chicken with a grain topping, served with a side of green beans and broccoli.",535.00,305.00,0.167
dish_1562602657,hash browns | sausage,610.37,236.00,"A breakfast or brunch plate featuring pan-fried shredded potatoes, roasted Brussels sprouts, and several slices of cooked sausage.",695.00,350.00,0.667
dish_1562602627,hash browns | sausage,577.18,171.00,A plate containing a portion of pan-fried shredded hash brown potatoes and five slices of cooked smoked sausage.,555.00,230.00,1.000
dish_1562184663,bacon | fish,600.54,271.00,"A high-protein plate featuring bacon, roast beef, and white fish garnished with cooked wheat berries.",285.00,160.00,0.667
dish_1562602803,chia seeds | greek yogurt | milk,121.74,120.00,A very small snack portion of chia seed pudding topped with two blackberries.,80.00,55.00,0.333
dish_1562602687,sausage | hash browns | scrambled eggs,721.37,311.00,"A high-protein breakfast plate featuring scrambled eggs, shredded hash browns, sautéed Brussels sprouts, and sliced sausage.",708.00,410.00,0.750
dish_1562602860,milk | chia seeds | greek yogurt | watermelon,165.18,258.00,"A light snack or breakfast plate consisting of a scoop of chia seed pudding and a variety of fresh cut fruits including watermelon, strawberries, blackberries, and blueberries.",126.00,164.00,0.500
dish_1562602832,greek yogurt | chia seeds | milk,144.18,188.00,"A small portion of chia seed pudding accompanied by fresh strawberries, blackberries, and blueberries.",98.00,145.00,0.333
dish_1562602918,chia seeds | milk | greek yogurt | sweet potato | watermelon | egg whites,265.62,417.00,"A health-oriented breakfast plate consisting of scrambled egg whites, roasted potato chunks, chia seed pudding, and a variety of fresh fruit including watermelon, strawberries, and blackberries.",223.00,283.00,0.667
dish_1562603536,bacon,75.74,14.00,A single strip of pan-fried bacon on a white plate.,46.00,10.00,1.000
dish_1562602945,greek yogurt | milk | watermelon | sweet potato | egg whites | chia seeds,308.37,492.00,"A balanced breakfast plate featuring high-fiber fruit, chia pudding, lean protein from egg whites, and roasted starch.",342.00,390.00,0.667
dish_1562603569,bacon | sweet potato,121.68,62.00,A very small portion of breakfast food featuring three roasted potato cubes and a single strip of crispy bacon.,105.00,52.00,1.000
dish_1562603813,hash browns,475.96,146.00,A single portion of pan-fried shredded hash brown potatoes.,155.00,90.00,1.000
dish_1562602888,watermelon | egg whites | greek yogurt | chia seeds | milk,209.38,343.00,"A nutritious breakfast plate consisting of chia seed pudding, scrambled egg whites, sliced strawberries, watermelon, and berries.",177.00,285.00,0.600
dish_1562603598,bacon | sweet potato,175.26,156.00,"A small breakfast plate featuring two strips of bacon, three roasted potato pieces, and an assortment of fresh berries.",170.00,121.00,1.000
dish_1562603626,sweet potato | bacon | pineapple,201.76,209.00,"A breakfast plate containing fresh pineapple chunks, mixed berries (strawberries, raspberries, blackberries, and blueberries), two strips of crispy bacon, and three small roasted potato wedges.",255.00,230.00,1.000
dish_1562603842,hash browns | granola,594.25,237.00,"A breakfast or side plate consisting of shredded hash brown potatoes, a small pile of mixed leafy greens, and a single berry.",178.00,140.00,0.500
dish_1562603895,hash browns | scrambled eggs | granola | sausage,1268.16,517.00,"A breakfast or brunch plate featuring scrambled eggs, several slices of pan-seared sausage, a portion of shredded hash browns, and a small side salad of mixed greens.",830.00,415.00,0.750
dish_1562603867,hash browns | sausage | granola,1049.12,369.00,"A meal consisting of pan-fried sliced sausages, shredded hash brown potatoes, and a small side salad of mixed greens.",575.00,250.00,0.667
dish_1562605352,brussels sprouts | scrambled eggs,242.07,195.00,A plate containing a generous serving of scrambled eggs and a small side of Brussels sprouts.,373.00,260.00,1.000
dish_1562605315,scrambled eggs,217.56,147.00,A portion of scrambled eggs served on a square white plate.,185.00,110.00,1.000
dish_1562611522,cheese pizza,132.95,50.00,"A single small, bite-sized piece of pepperoni pizza on a large white plate.",85.00,30.00,1.000
dish_1562605411,watermelon | brussels sprouts | scrambled eggs | sweet potato,336.49,363.00,"A breakfast or brunch plate consisting of a generous serving of scrambled eggs accompanied by roasted brussels sprouts, roasted potato chunks, and fresh watermelon.",418.00,365.00,1.000
dish_1562611580,pepperoni pizza,141.00,50.00,A very small portion of pepperoni pizza on a large white plate.,115.00,42.00,1.000
dish_1562605384,brussels sprouts | scrambled eggs | sweet potato,306.19,262.00,A breakfast or brunch plate consisting of a generous portion of scrambled eggs served alongside roasted potatoes and brussels sprouts.,450.00,330.00,1.000
dish_1562611649,pepperoni pizza,278.49,146.00,"A varied meal plate consisting of a small square slice of pepperoni pizza, one slice of beef, and a small portion of arugula grain salad.",310.00,145.00,0.333
dish_1562611620,pepperoni pizza,199.85,76.00,A small snack-sized plate containing a single rectangular piece of pepperoni pizza and one thin strip of cooked beef.,200.00,75.00,1.000
dish_1562611680,pepperoni pizza | caesar salad,326.89,256.00,"A varied plate consisting of a Caesar salad, a small slice of pepperoni pizza, a chicken mixed salad, and a slice of roast beef.",625.00,305.00,0.500
dish_1562611824,chickpeas,192.57,109.00,"A small side salad consisting of mixed greens, one cherry tomato, and a few chickpeas, lightly dressed with oil.",63.00,60.00,0.333
dish_1562613010,cod,90.27,128.00,A light salad consisting of a bed of mixed leafy greens topped with three slices of grilled halloumi cheese.,187.00,115.00,0.000
dish_1562611878,chickpeas | broccoli,286.89,311.00,"A nutrient-dense vegetable plate featuring mixed leafy greens, steamed broccoli florets, a cherry tomato, and roasted sweet potato slices.",90.00,190.00,0.250
dish_1562611853,broccoli | chickpeas,267.21,243.00,"A vegetable-based side dish consisting of mixed spring greens and a single cherry tomato, accompanied by several florets of steamed broccoli.",98.00,150.00,0.250
dish_1562613045,corn | cod,166.11,207.00,A fresh salad bowl consisting of mixed leafy greens topped with grilled halloumi slices and a corn and grain mixture.,315.00,195.00,0.333
dish_1562613340,apple | arugula | onions | lemon juice | garlic | cilantro | pineapple | white rice | kale | jalapenos | goat cheese | figs,349.39,189.00,A light meal consisting of sliced grilled steak served over a small amount of rice with a side of arugula salad.,265.00,141.00,0.167
dish_1562613285,figs | apple | arugula | lemon juice | goat cheese,111.74,84.00,"A small arugula salad garnished with pecans, golden raisins, and shredded carrots with a light vinaigrette coating.",133.00,72.00,0.125
dish_1562613376,garlic | kale | jalapenos | arugula | figs | goat cheese | cilantro | onions | lemon juice | squash | apple | white rice | pineapple,371.96,267.00,"A light meal consisting of sliced grilled steak, several rings of roasted squash, and a small arugula salad with fruit pieces.",280.00,185.00,0.154
dish_1562613867,bulgur | shallots | arugula | lemon juice | apple | garlic,83.89,57.00,A side serving of fresh arugula greens on a square white plate.,10.00,40.00,0.167
dish_1562613403,squash | jalapenos | lemon juice | cilantro | pineapple | white rice | apple | kale | arugula | broccoli | onions | goat cheese | garlic | figs,398.70,315.00,"A healthy plate featuring sliced lean beef, roasted winter squash, fresh arugula salad, and steamed broccoli florets.",330.00,275.00,0.214
dish_1562613918,broccoli | squash,133.66,207.00,"A vegetable plate consisting of a large portion of arugula salad, steamed broccoli florets, and several slices of roasted eggplant.",110.00,195.00,0.250
dish_1562614088,broccoli,23.45,67.00,A small portion of steamed or boiled broccoli florets on a white plate.,16.00,45.00,1.000
dish_1562613898,broccoli,120.64,162.00,A simple plate consisting of cooked broccoli florets and a side of fresh arugula.,115.00,180.00,0.500
dish_1562614121,broccoli | spinach (raw),123.49,155.00,A small serving of sautéed green leafy vegetables and steamed broccoli florets on a white plate.,73.00,130.00,0.333
dish_1562614158,broccoli,453.93,301.00,"A balanced meal consisting of sliced sautéed beef, broccoli florets, and a bed of wilted leafy greens.",352.00,280.00,0.333
dish_1562614895,broccoli,51.80,148.00,A small side serving of steamed broccoli florets and a single piece of dark leafy green on a large white plate.,26.00,70.00,1.000
dish_1562613974,chicken thighs | broccoli,416.20,375.00,"A nutritious meal consisting of roasted chicken breast chunks, a generous serving of arugula salad, steamed broccoli, and small sides of grains and roasted squash.",330.00,335.00,0.400
dish_1562614952,broccoli | chicken thighs,548.11,403.00,"A protein-dense meal consisting of sliced beef, seasoned chicken pieces, and steamed broccoli florets.",370.00,260.00,0.667
dish_1562615070,squash,14.47,50.00,An extremely small portion of roasted charred vegetables and a tiny amount of grain or vegetable mash on a large white plate.,50.00,35.00,0.500
dish_1562615103,squash,94.29,110.00,"A small portion of a Mediterranean-style salad plate consisting of roasted squash, mixed greens, cherry tomatoes, and a small serving of grain salad.",153.00,130.00,0.250
dish_1562614980,chicken thighs | broccoli,566.15,485.00,"A high-protein, ketogenic-friendly meal consisting of sliced beef steak and chicken breast served with steamed broccoli florets and sauteed mushrooms.",495.00,395.00,0.667
dish_1562615128,apple | white rice | squash | garlic | goat cheese | pineapple | kale | jalapenos | lemon juice | onions | arugula | cilantro | figs,397.57,244.00,"A small portioned meal consisting of braised meat, a light side salad, roasted squash, and a small mound of whole grains.",310.00,215.00,0.062
dish_1562615283,pineapple | white rice | lemon juice | jalapenos | kale | onions | garlic | cilantro,176.54,78.00,A very small leftover portion consisting of approximately three thin slices of cooked beef steak on a white plate.,115.00,45.00,0.000
dish_1562615153,chicken thighs,468.20,286.00,"A plate featuring roasted beef, roasted squash slices, a side salad with mixed greens, pecans, and cherry tomatoes, accompanied by small portions of stuffing and rice.",520.00,315.00,0.000
dish_1562615324,roasted potatoes,258.32,136.00,"A very small, snack-sized portion of grilled beef strips and roasted purple potato chunks on a white plate.",175.00,85.00,0.500
dish_1562615360,roasted potatoes,331.48,191.00,"A small portioned meal consisting of sliced steak, roasted purple potatoes, and a green salad garnished with pecans.",355.00,185.00,0.500
dish_1562617370,pepperoni pizza,155.10,55.00,A single small rectangular slice of pepperoni pizza on a white square plate.,125.00,45.00,1.000
dish_1562615388,roasted potatoes | broccoli,360.18,273.00,"A balanced meal consisting of grilled steak slices, steamed broccoli florets, roasted purple potatoes, and a small leafy green salad topped with pecans.",455.00,285.00,0.667
dish_1562617395,caesar salad | pepperoni pizza,185.90,125.00,A small snack-sized portion of pepperoni pizza served with a side of dressed Caesar salad.,365.00,190.00,1.000
dish_1562617416,broccoli | pepperoni pizza | caesar salad,200.95,168.00,"A mixed plate containing a small rectangular piece of pepperoni pizza, a side of creamy Caesar salad, and a small portion of steamed broccoli.",355.00,200.00,1.000
dish_1562617446,broccoli | roasted potatoes | caesar salad | pepperoni pizza,291.19,232.00,"A small balanced portion plate consisting of a piece of pepperoni pizza, steamed broccoli florets, roasted root vegetables, and a side of dressed Caesar salad.",365.00,240.00,1.000
dish_1562617703,frozen yogurt,179.63,110.00,A small bowl containing a chocolate and vanilla flavored swirl dessert.,160.00,100.00,0.000
dish_1562617470,pepperoni pizza | roasted potatoes | chicken thighs | caesar salad,440.87,321.00,"A mixed plate containing roasted chicken pieces, a small slice of pepperoni pizza, a portion of Caesar salad, several roasted potato chunks, and steamed broccoli.",525.00,290.00,0.800
dish_1562686492,chicken apple sausage,160.00,100.00,Six slices of cooked breakfast sausage on a plain white plate.,145.00,45.00,1.000
dish_1562617492,roasted potatoes | caesar salad | pepperoni pizza | chicken thighs,558.56,373.00,"A mixed plate featuring roasted beef, grilled chicken, roasted potatoes, steamed broccoli, a small piece of pepperoni pizza, and a side salad with creamy dressing.",700.00,385.00,0.500
dish_1562617939,chickpeas,234.97,133.00,"A small side portion of mixed green salad with chickpeas and a radish slice, coated in a light dressing.",64.00,65.00,0.500
dish_1562618000,chicken thighs | chickpeas,685.99,448.00,"A chicken salad bowl containing grilled chicken strips, steamed broccoli, mixed leafy greens, and a scattering of brown rice grains.",343.00,275.00,0.200
dish_1562686520,chicken apple sausage | scrambled eggs,346.48,226.00,A breakfast plate featuring a portion of scrambled eggs alongside several slices of breakfast sausage.,400.00,175.00,1.000
dish_1562686664,,119.13,209.00,A plate of fresh fruit consisting of sliced strawberries and whole blueberries.,78.00,180.00,
dish_1562686548,scrambled eggs | yam | chicken apple sausage,413.49,280.00,"A breakfast plate featuring scrambled eggs, sliced sausages, and a small side of roasted sweet potato cubes.",460.00,240.00,0.500
dish_1562686577,chicken apple sausage | scrambled eggs | yam,556.56,531.00,"A well-balanced breakfast plate featuring scrambled eggs, sliced sausages, roasted sweet potato, and a generous portion of fresh fruit including berries and pineapple.",548.00,420.00,0.400
dish_1562687246,bell peppers,115.42,61.00,"A very small portion of garden salad consisting of spinach, carrots, and cherry tomatoes with a light dressing.",37.00,43.00,0.000
dish_1562687299,honeydew melons,180.82,196.00,"A light snack or side plate consisting of fresh melon chunks, sliced strawberries, blueberries, and a small serving of baby spinach salad.",73.00,207.00,0.333
dish_1562687274,garlic | bell peppers | cucumbers | radishes,161.02,141.00,"A light snack or side salad consisting of a small portion of baby spinach, sliced strawberries, blueberries, and a few carrot shreds and a cherry tomato.",41.00,120.00,0.000
dish_1562688382,chicken apple sausage,113.60,71.00,A small serving of five fried sweet plantain chunks on a white square plate.,210.00,85.00,0.000
dish_1562687527,chicken apple sausage | honeydew melons,203.22,210.00,"A small snack or side plate featuring a mix of fresh fruit (honeydew, strawberries, blueberries), a small side salad of spinach and carrots, and a single bite of grilled protein.",137.00,208.00,0.500
dish_1562687554,waffles | chicken apple sausage,409.33,281.00,"A breakfast plate containing half a Belgian waffle, a side spinach salad with carrots and tomato, cubed honeydew melon, mixed berries, and a single breakfast sausage.",384.00,257.00,0.500
dish_1562688482,roasted potatoes | chicken apple sausage | grapes,193.46,169.00,"A plate containing a portion of red grapes, several small roasted meatballs, a piece of sausage, and a single roasted potato chunk.",382.00,210.00,0.750
dish_1562689519,cottage cheese,169.54,173.00,A portion of cottage cheese served in a white bowl.,147.00,150.00,1.000
dish_1562688524,chicken apple sausage | grapes | roasted potatoes | watermelon,215.36,242.00,"A breakfast or snack plate consisting of fresh fruit (grapes, watermelon, and a piece of pineapple) alongside several small pan-seared meat or sausage pieces.",348.00,311.00,0.400
dish_1562689548,pineapple | cottage cheese,216.54,267.00,A small white bowl containing a serving of cottage cheese topped with several chunks of fresh pineapple.,165.00,240.00,1.000
dish_1562688552,grapes | roasted potatoes | watermelon | chicken apple sausage,235.82,304.00,"A small snack plate consisting of fresh fruit (grapes, strawberries, watermelon) along with three small meatballs and a single cube of roasted potato.",220.00,285.00,0.600
dish_1562689601,broccoli,20.61,37.00,A very small portion consisting of two florets of roasted broccoli.,15.00,20.00,1.000
dish_1562689645,bacon | scrambled eggs,302.43,169.00,"A small meal consisting of scrambled eggs, two strips of bacon, and steamed/sautéed broccoli.",296.00,175.00,0.667
dish_1562690047,onions | lime | lettuce | cucumbers | cherry tomatoes,68.64,68.00,"A very small side salad consisting of baby spinach, shredded carrots, two cherry tomatoes, and a cucumber slice, appearing to be lightly dressed.",57.00,56.00,0.250
dish_1562690074,bacon,263.40,104.00,"A light spinach side salad garnished with carrots, cucumber, and cherry tomatoes, accompanied by two strips of crispy bacon.",149.00,93.00,0.167
dish_1562690886,broccoli,20.61,37.00,A very small portion of roasted or sautéed broccoli florets on a white plate.,20.00,25.00,1.000
dish_1562690144,chicken apple sausage | scrambled eggs | bacon,645.76,354.00,"A high-protein breakfast plate consisting of scrambled eggs, sliced sausages, two strips of bacon, and a small fresh spinach side salad.",565.00,305.00,0.750
dish_1562690112,chicken apple sausage | bacon,428.20,207.00,A protein-focused meal featuring pan-fried sausages and bacon accompanied by a small fresh spinach side salad.,485.00,180.00,0.667
dish_1562690917,broccoli,69.06,122.00,"A very small snack plate consisting of roasted broccoli florets, sliced strawberries, and fresh blueberries.",61.00,108.00,1.000
dish_1562690950,pineapple | broccoli,109.06,202.00,"A small snack or side plate containing roasted broccoli and a variety of fresh fruit including strawberries, pineapple, and blueberries.",102.00,193.00,1.000
dish_1562691000,pineapple | scrambled eggs,326.62,349.00,"A breakfast platter containing a large serving of scrambled eggs, a small side of roasted broccoli, and a mix of fresh fruit including strawberries, pineapple, and blueberries.",408.00,358.00,0.667
dish_1562691032,pineapple | scrambled eggs | roasted potatoes,419.68,415.00,"A balanced breakfast plate featuring scrambled eggs, roasted potato chunks, a side of roasted broccoli, and a fresh fruit medley of pineapple, strawberries, and blueberries.",433.00,443.00,0.750
dish_1562691383,yam,86.87,70.00,"A small serving of roasted orange vegetable chunks, likely sweet potato or pumpkin, on a white plate.",140.00,110.00,0.000
dish_1562691409,yam | scrambled eggs,225.99,164.00,A breakfast plate containing scrambled eggs and roasted sweet potato chunks.,280.00,225.00,0.333
dish_1562691064,fried rice | pineapple | scrambled eggs | roasted potatoes,555.30,501.00,"A balanced breakfast plate containing scrambled eggs, roasted potatoes, seasoned rice, roasted broccoli, and a fresh fruit medley of pineapple, strawberries, and blueberries.",547.00,450.00,0.800
dish_1562691538,egg whites,49.92,96.00,A light meal consisting of seasoned egg whites on a main plate with a small side of roasted mixed vegetables.,82.00,140.00,0.333
dish_1562691441,broccoli | scrambled eggs | yam,263.87,232.00,"A balanced meal consisting of fluffy scrambled eggs, roasted sweet potato chunks, and two florets of roasted broccoli.",335.00,290.00,0.500
dish_1562691466,broccoli | yam | chicken apple sausage | scrambled eggs,319.87,267.00,"A balanced meal consisting of scrambled eggs, roasted sweet potato chunks, sliced sausage, and a single broccoli floret.",366.00,270.00,0.600
dish_1562691566,broccoli | egg whites,100.61,187.00,A small portion of roasted broccoli florets paired with scrambled or torn pieces of egg whites.,120.00,150.00,1.000
dish_1562691613,egg whites | broccoli | yam | sweet potato,213.67,300.00,"A health-conscious meal consisting of roasted broccoli, a mix of roasted white and sweet potato cubes, and a portion of white fish.",240.00,300.00,0.400
dish_1562691674,sweet potato | broccoli | egg whites | yam | greek yogurt | chicken apple sausage | milk,376.98,435.00,"A balanced meal plate consisting of roasted root vegetables, broccoli, egg whites, sliced sausage, and a side of chia seed pudding.",450.00,440.00,0.500
dish_1562691705,yam | egg whites | milk | greek yogurt | sweet potato | watermelon | broccoli | chicken apple sausage,412.68,554.00,"A varied meal plate featuring a mix of vegetables, fruit, protein, and a portion of chia seed pudding.",370.00,405.00,0.556
dish_1562698100,squash,24.02,83.00,A small portion of six sautéed or roasted zucchini and yellow squash wedges.,25.00,65.00,1.000
dish_1562698132,lentils | squash | fish,128.10,178.00,"A small portion of grilled or roasted white fish accompanied by a medley of roasted zucchini, squash, pearl onions, and red peppers.",108.00,132.00,0.500
dish_1562691737,broccoli | egg whites | yam | chicken apple sausage | sweet potato | watermelon | pineapple,485.68,700.00,"A varied breakfast or snack plate consisting of a chia seed pudding scoop, assorted fresh fruit (pineapple and watermelon), steamed broccoli, and roasted sweet potatoes with small pieces of protein.",435.00,490.00,0.556
dish_1562698209,millet | beef,284.13,135.00,Two small portions of cooked beef steak on a white plate.,252.00,100.00,0.500
dish_1562698239,beef | white rice,407.63,230.00,A small meal consisting of a portion of steamed white rice and three thin slices of cooked beef.,295.00,160.00,1.000
dish_1562699570,brown rice,24.42,22.00,A very small portion of cooked rice on a large square plate.,30.00,25.00,1.000
dish_1562698276,broccoli | white rice | beef,434.58,307.00,"A balanced meal plate containing a portion of white rice, sliced grilled beef, and steamed broccoli.",391.00,290.00,1.000
dish_1562700496,cauliflower,31.00,124.00,A small serving of cooked cauliflower florets on a white plate.,25.00,100.00,1.000
dish_1562699652,brown rice | quinoa,132.18,103.00,A very small portion of brown rice served with a small side of fresh baby spinach leaves on a white square plate.,82.00,85.00,0.333
dish_1562699612,brown rice | quinoa,98.39,74.00,"Two small, tasting-sized portions of cooked grains on a white plate, consisting of what appears to be brown rice and a grain-based pilaf with small vegetable inclusions.",150.00,110.00,0.333
dish_1562699699,quinoa | beef | brown rice,372.11,217.00,"A balanced meal consisting of portions of cooked beef, brown rice, and sautéed spinach.",577.00,360.00,0.500
dish_1562700685,mushroom,24.20,110.00,A small portion of sliced sautéed mushrooms on a white plate.,55.00,90.00,1.000
dish_1562700760,beef | cauliflower | mushroom,370.13,418.00,"A plate of mixed sautéed mushrooms, cooked cauliflower florets, and small pieces of meat.",270.00,310.00,0.667
dish_1562700718,mushroom | beef | millet,329.38,255.00,A small portion of food on a white plate comprising sautéed mushrooms and several pieces of seared beef with a light green garnish.,279.00,215.00,0.500
dish_1562700593,cauliflower | fish | lentils | beef,385.77,384.00,"A balanced meal consisting of sliced beef steak, a piece of seasoned protein (tofu or fish), a side of cauliflower florets, fresh arugula, and a sprinkle of red rice and corn.",365.00,335.00,0.429
dish_1562700568,fish | cauliflower | lentils,246.86,318.00,"A healthy meal consisting of a portion of baked white fish topped with a wild rice and vegetable salad, served with fresh arugula and steamed cauliflower florets.",280.00,300.00,0.400
dish_1562700885,cauliflower,29.25,117.00,A very small portion of cooked cauliflower florets served on a square white plate.,25.00,75.00,1.000
dish_1562701956,cherry tomatoes,6.84,38.00,A very small snack consisting of six raw cherry tomatoes on a white plate.,14.00,75.00,1.000
dish_1562700931,squash | cauliflower,164.23,312.00,A health-conscious meal featuring a fresh green salad with grains and roasted seasonal vegetables including cauliflower and yellow squash.,240.00,280.00,0.500
dish_1562700906,squash | cauliflower,59.64,222.00,"A small side portion of mixed sautéed or roasted vegetables consisting of cauliflower florets, yellow squash, and a piece of green zucchini.",33.00,150.00,0.667
dish_1562700957,fish | squash | cauliflower | lentils,286.93,424.00,"A health-conscious meal consisting of baked white fish served with a side of mixed green salad, roasted cauliflower, and yellow summer squash.",255.00,330.00,0.750
dish_1562702007,cherry tomatoes | squash,24.78,100.00,A very small portion or snack consisting of six cherry tomatoes and several small pieces of cooked zucchini and carrots.,43.00,115.00,0.333
dish_1562702044,squash | cherry tomatoes | cauliflower,44.03,177.00,"A very small portion of mixed vegetables including cauliflower, zucchini, and cherry tomatoes scattered on a large white plate.",33.00,145.00,0.750
dish_1562702091,cherry tomatoes | cauliflower | squash,86.53,214.00,A small portion of mixed vegetable salad on a square white plate.,37.00,165.00,0.400
dish_1562702132,fish | squash | lentils | cauliflower,245.39,359.00,"A light meal featuring a small portion of seasoned roasted white fish served with roasted zucchini, cauliflower, cherry tomatoes, and a fresh side salad of mixed greens and carrots.",178.00,230.00,0.286
dish_1562702355,lettuce,68.88,99.00,"A very small portion of Mediterranean-style salad containing mixed greens, olives, feta, and small seeds or lentils on a white plate.",116.00,61.00,0.000
dish_1562702412,cauliflower | quinoa,183.39,285.00,"A vegetarian plate consisting of three roasted cauliflower florets, a portion of whole grains, and a side salad with mixed greens, olives, and feta cheese.",300.00,300.00,0.250
dish_1562702379,lettuce | cauliflower,100.88,227.00,"A small side plate featuring steamed cauliflower florets alongside a mixed leaf salad topped with olives, feta, and seeds.",205.00,169.00,0.250
dish_1562702441,cauliflower | quinoa | watermelon,209.19,371.00,"A vegetarian salad plate consisting of cooked grains/lentils, roasted cauliflower, leafy greens, and watermelon cubes.",158.00,295.00,0.500
dish_1562702813,lettuce,41.05,59.00,A very small snack-sized portion of garden salad consisting of green leaf lettuce and a few kidney beans with a light dressing.,35.00,37.00,0.500
dish_1562702853,beef,272.57,169.00,A meal consisting of sautéed beef with caramelized onions and a side salad of mixed greens and kidney beans.,270.00,170.00,0.333
dish_1562702469,quinoa | cauliflower | beef,541.73,529.00,"A balanced plate consisting of roast beef topped with caramelized onions, served with steamed cauliflower, a side of lentils, and a fresh watermelon and leafy green salad.",485.00,480.00,0.333
dish_1562703345,pizza,154.28,58.00,"A single small rectangular piece of pizza topped with melted cheese, meat chunks, and green bell peppers.",122.00,45.00,1.000
dish_1562702892,fish | beef | lentils,457.71,338.00,"A plated meal featuring slices of roasted or seared beef topped with onions, a side of grain and vegetable salad, and a fresh green salad.",575.00,300.00,0.250
dish_1562703382,pizza,203.87,145.00,A small snack plate consisting of a single small piece of meat and vegetable pizza alongside a small portion of fresh mixed berries.,190.00,105.00,1.000
dish_1562703408,pizza | beef,311.21,196.00,"A small meal consisting of a rectangular pizza slice, two slices of cooked beef, and a side of fresh raspberries and blackberries.",410.00,210.00,1.000
dish_1562704564,cheese pizza | beef,292.02,124.00,"A small plated meal consisting of two slices of roasted meat resting on a bed of spinach, accompanied by a small rectangular portion of lasagna or a cheesy pasta bake.",407.00,200.00,0.250
dish_1562704528,cheese pizza,148.90,56.00,A single small rectangular piece of cheese pizza.,115.00,40.00,1.000
dish_1562703447,beef | pizza,384.43,259.00,A light meal consisting of a small square of cheese pizza or flatbread paired with a large serving of fresh mixed green salad.,180.00,125.00,0.500
dish_1562704616,squash | beef | cheese pizza,317.78,213.00,"A plate featuring lean roasted meat slices, a small portion of a cheesy baked pasta or bread item, and a side of roasted squash and zucchini.",417.00,250.00,0.400
dish_1562704640,beef | squash | cheese pizza,333.28,275.00,"A balanced meal consisting of lean sliced beef, a small portion of potatoes, a cheesy baked component, and mixed roasted vegetables.",585.00,345.00,0.167
dish_1562774099,granola,51.99,40.00,A small side salad consisting of mixed leafy greens with a light oil-based dressing coating.,51.00,45.00,0.000
dish_1562704665,cheese pizza | caesar salad | beef,387.84,399.00,"A varied dinner plate consisting of roast beef slices, mashed potatoes, a small slice of cheese pizza, a dressed Caesar salad, and sautéed squash.",755.00,495.00,0.600
dish_1562774159,cantaloupe,90.76,129.00,"A small side salad featuring mixed greens topped with cantaloupe, strawberries, and blueberries, lightly dressed.",97.00,170.00,1.000
dish_1562774180,cantaloupe | roasted potatoes,164.08,181.00,"A light meal consisting of a small bed of mixed greens, a side of fresh fruit (cantaloupe, strawberries, blueberries), and a small portion of roasted potatoes.",138.00,205.00,1.000
dish_1562774129,granola,73.08,77.00,A small portion of a fruit and green side salad on a large square white plate.,49.00,71.00,0.000
dish_1562774206,scrambled eggs | roasted potatoes | cantaloupe,298.76,272.00,"A balanced breakfast plate containing scrambled eggs with salsa, roasted potatoes, mixed leafy greens, and a side of fresh fruit.",342.00,330.00,1.000
dish_1562774346,cheese | scrambled eggs,422.65,264.00,A plate of scrambled eggs topped with shredded cheddar cheese and salsa.,360.00,205.00,0.667
dish_1562774475,sausage | roasted potatoes,320.96,128.00,A small snack-sized portion of sliced sausage chunks and roasted potato pieces served on a small square plate.,235.00,108.00,1.000
dish_1562774504,sausage | roasted potatoes,335.36,176.00,"A small snack plate consisting of roasted potato pieces, small cooked sausages, and fresh watermelon cubes.",240.00,155.00,0.667
dish_1562774531,sausage | roasted potatoes,379.82,254.00,"A breakfast or brunch plate featuring roasted potato chunks, sliced sausage, and a fresh fruit mix of watermelon, strawberries, and blueberries.",315.00,265.00,0.667
dish_1562774980,oatmeal,136.68,201.00,"A bowl of thick oatmeal porridge topped with a small portion of dried red berries, likely goji berries.",193.00,235.00,0.500
dish_1562775047,oatmeal,284.88,461.00,"A bowl of cooked oatmeal topped with a generous portion of fresh mixed berries, including strawberries, blueberries, and blackberries.",199.00,350.00,1.000
dish_1562775212,oatmeal,92.48,136.00,"A single bowl of cooked grain porridge, likely oatmeal or a similar multi-grain cereal.",140.00,200.00,0.000
dish_1562775110,honeydew melons,101.52,282.00,A small bowl containing a mixture of fresh cubed honeydew melon and watermelon.,82.00,240.00,0.500
dish_1562775241,oatmeal,140.36,220.00,A white bowl containing cooked oatmeal porridge topped with fresh strawberry slices and whole blueberries.,158.00,262.00,1.000
dish_1562775356,scrambled eggs,177.60,120.00,A single serving of scrambled eggs on a square white plate.,115.00,75.00,1.000
dish_1562775275,cantaloupe | oatmeal,173.68,318.00,"A breakfast bowl consisting of oatmeal topped with fresh cantaloupe, strawberries, and blueberries.",200.00,360.00,1.000
dish_1562775373,bacon | scrambled eggs,329.08,148.00,A breakfast plate consisting of two strips of crispy bacon served over a portion of scrambled eggs.,265.00,135.00,1.000
dish_1562775456,sweet potato,50.16,66.00,A very small portion of roasted or fried potato cubes on a white plate.,45.00,30.00,1.000
dish_1562775488,egg whites | sweet potato,91.24,145.00,A small portioned meal consisting of roasted potato cubes and seasoned egg whites.,95.00,100.00,1.000
dish_1562775549,egg whites | brussels sprouts | sweet potato | cottage cheese,174.98,252.00,"A high-protein, portion-controlled plate featuring roasted potato cubes, roasted Brussels sprouts, cooked egg whites with pepper, and a small side of cottage cheese.",305.00,305.00,1.000
dish_1562775510,egg whites | sweet potato | brussels sprouts,114.22,190.00,A small portioned meal of seasoned roasted white fish served with charred Brussels sprouts and cubed roasted potatoes.,290.00,240.00,0.500
dish_1562776428,brussels sprouts,33.70,66.00,A small portion of roasted Brussels sprouts served on a white plate.,95.00,120.00,1.000
dish_1562775574,egg whites | brussels sprouts | sweet potato | cottage cheese | pineapple,242.48,387.00,"A balanced meal featuring fresh pineapple, roasted potato cubes, charred Brussels sprouts, peppered egg whites, and a side of cottage cheese.",385.00,500.00,1.000
dish_1562776465,sweet potato | brussels sprouts,173.43,212.00,A side-style meal featuring roasted Brussels sprouts and golden roasted potato cubes.,350.00,285.00,1.000
dish_1562777000,scrambled eggs,195.36,132.00,A single serving of scrambled eggs on a white plate.,204.00,120.00,1.000
dish_1562776497,brussels sprouts | sweet potato | scrambled eggs,291.83,292.00,"A breakfast or brunch plate consisting of scrambled eggs, roasted cubed potatoes, and dark roasted brussels sprouts.",425.00,345.00,1.000
dish_1562777037,brussels sprouts | scrambled eggs,215.27,171.00,A protein-rich breakfast or side dish consisting of scrambled eggs and roasted Brussels sprouts.,340.00,255.00,1.000
dish_1562777068,brussels sprouts | scrambled eggs,236.72,236.00,"A breakfast plate consisting of scrambled eggs, roasted brussels sprouts, and a side of sliced strawberries with one blueberry.",290.00,272.00,1.000
dish_1562777099,sweet potato | scrambled eggs | brussels sprouts,303.72,306.00,"A breakfast plate consisting of a portion of scrambled eggs, roasted potato cubes, roasted brussels sprouts, and fresh strawberries with a blueberry.",394.00,292.00,1.000
dish_1562777566,toast,263.00,84.00,"A single slice of whole grain toast topped with a layer of peanut butter and fruit jam, accompanied by a small portion of fresh sliced strawberries.",296.00,141.00,0.000
dish_1562783691,grilled chicken,421.69,423.00,"A large salad bowl consisting of a thick bed of mixed leafy greens topped with a generous portion of diced tofu tossed in a creamy, orange-tinted dressing, garnished with shredded carrots, cabbage, and red onion.",392.00,355.00,0.000
dish_1562783605,,75.60,270.00,"A large garden salad in a metal bowl consisting of mixed leafy greens topped with shredded carrots, red cabbage, red bell pepper slices, red onion, and black beans. No visible dressing, but a light sheen suggests possible light oil or vinaigrette.",80.00,185.00,0.000
dish_1562784266,corn on the cob | pizza,131.80,76.00,A very small portion consisting of a single slice of corn on the cob and a small rectangular piece of flatbread pizza.,129.00,67.00,1.000
dish_1562784242,pizza,85.12,32.00,"A single, very small bite-sized square of thin-crust pizza or flatbread topped with tomato sauce, cheese, and a tiny garnish.",42.00,15.00,1.000
dish_1562784307,pizza | eggplant | corn on the cob,158.52,157.00,"A light meal featuring a small portion of roasted eggplant, one slice of corn on the cob, and a small square of thin tomato-based pizza.",230.00,180.00,1.000
dish_1562784347,pizza | corn on the cob | eggplant | bulgur,315.99,264.00,"A light meal featuring a mixed salad, roasted eggplant, a bite-sized piece of thin-crust pizza, and a small portion of corn on the cob.",270.00,215.00,0.600
dish_1562784388,corn on the cob | pilaf | pizza | bulgur,465.64,358.00,"A varied vegetarian plate consisting of seasoned bulgur, a fresh green side salad with radish, roasted eggplant pieces, a small square of pasta in tomato sauce, and a slice of corn on the cob.",570.00,410.00,0.286
dish_1562785132,fish | country rice,211.54,192.00,"A small appetizer-sized portion of breaded, fried protein topped with a thick creamy sauce, toasted grains, and fresh microgreens.",375.00,115.00,0.000
dish_1562785184,caesar salad | country rice | eggplant | fish,290.40,390.00,"A plated meal consisting of a cooked protein topped with a rich creamy sauce, a portion of roasted eggplant, and a side Caesar salad.",770.00,390.00,0.400
dish_1562785159,caesar salad | country rice | fish,265.66,315.00,"A square plate containing two breaded chicken cutlets topped with a creamy sauce and nuts, served with a side Caesar salad including shaved parmesan and croutons.",650.00,250.00,0.250
dish_1562785328,bulgur,133.92,91.00,A small side portion of mixed green and red leaf salad with a light visible dressing.,50.00,35.00,0.000
dish_1562785369,bulgur | pork,440.58,232.00,A lean high-protein meal consisting of three slices of roasted pork loin served with a large side of mixed green salad and a small portion of broccoli.,286.00,230.00,0.333
dish_1562786103,frozen yogurt,93.08,57.00,Small serving of chocolate pudding or thick chocolate dessert.,110.00,65.00,0.000
dish_1562787745,garlic | bulgur | shallots | lemon juice | arugula | apple,85.36,58.00,"A very small portion (garnish size) of a mixed vegetable salad consisting of leafy greens, cauliflower, broccoli, and radish.",16.00,43.00,0.125
dish_1562787783,pilaf,114.01,76.00,"A very small meal consisting of a small serving of seasoned bulgur, a couple of cauliflower florets, and a side of dressed leafy greens.",105.00,100.00,0.000
dish_1562787817,pilaf | pork,348.90,184.00,"A balanced plate featuring a slice of roasted pork loin, a small side of seasoned grain pilaf, and a fresh salad of mixed greens, radish, and roasted cauliflower.",345.00,230.00,0.500
dish_1562787848,pilaf | pork | corn on the cob,416.80,248.00,"A balanced plate containing a slice of stuffed roast meat, small portions of corn on the cob, a grain-based side, and a fresh salad with cauliflower.",428.00,305.00,0.750
dish_1562787983,caesar salad | cantaloupe,56.76,149.00,A small snack or side dish plate consisting of fresh cantaloupe cubes and a light portion of Caesar-style salad.,147.00,170.00,1.000
dish_1562787956,caesar salad,26.84,61.00,A small side portion of Caesar salad consisting of chopped Romaine lettuce leaves and a creamy dressing.,80.00,45.00,0.500
dish_1562788032,caesar salad | cantaloupe | pork | eggplant,137.24,214.00,"A meal consisting of a slice of lean pork, cubed cantaloupe, roasted eggplant, and a small side of dressed greens.",190.00,220.00,0.600
dish_1562788506,corn on the cob,114.59,108.00,"A very small serving of corn on the cob, consisting of two small pieces on a plate.",75.00,80.00,1.000
dish_1562788010,caesar salad | eggplant | cantaloupe,67.64,182.00,"A small meal or side plate consisting of fresh cantaloupe, a romaine salad with creamy dressing, and roasted eggplant chunks.",162.00,225.00,0.500
dish_1562788568,pilaf | corn on the cob | fish,289.20,230.00,"A small, balanced plate featuring a brown rice and vegetable medley, two pieces of corn on the cob, and a small portion of seasoned chicken protein.",275.00,230.00,0.200
dish_1562788732,fish,57.29,52.00,A very small portion/leftover piece of a spinach omelette or frittata.,55.00,35.00,0.000
dish_1562788536,pilaf | corn on the cob,245.13,190.00,"A small portion of red rice salad mixed with spinach and carrots, served with two small segments of corn on the cob.",180.00,145.00,0.333
dish_1562788601,fish | corn on the cob | pork | pilaf,413.17,287.00,"A light meal consisting of a slice of roasted chicken, a grain and vegetable medley, and two small pieces of corn on the cob.",340.00,265.00,0.167
dish_1562788760,pork | fish,331.32,178.00,A small portion of roasted poultry breast served with a small wedge of spinach omelet or frittata.,160.00,105.00,0.000
dish_1562788794,white rice | pork | fish,465.22,281.00,"A plate containing two slices of roasted pork, a portion of white rice, and a small piece of spinach frittata.",345.00,220.00,0.500
dish_1562788816,pork | corn on the cob | fish | white rice,506.60,320.00,"A balanced meal consisting of lean roasted meat, a small portion of white rice, a vegetable-based egg frittata, and a slice of corn.",442.00,300.00,0.600
dish_1562789207,cheese pizza,146.24,55.00,A single small rectangular slice of cheese pizza on a large plate,162.00,60.00,1.000
dish_1562788845,white rice | corn on the cob | fish | pork,529.48,372.00,"A mixed plate containing roasted pork, white rice, a green salad with dressing, a small piece of seasoned protein, and a slice of corn.",611.00,410.00,1.000
dish_1562789240,cheese pizza | pork,361.56,154.00,A small meal consisting of a rectangular slice of cheese pizza and a piece of cooked chicken breast.,235.00,115.00,0.333
dish_1562789268,pork | corn on the cob | cheese pizza,569.51,350.00,"A balanced plate containing small portions of corn on the cob, roasted chicken, and a single square of mini pizza or cheesy bread.",379.00,245.00,0.500
dish_1562789301,caesar salad | corn on the cob | cheese pizza | pork,606.91,435.00,"A varied plate containing four corn rounds, a slice of lean roasted poultry, a side of creamy Caesar salad, and a small portion of cheesy pizza bread.",520.00,335.00,0.600
dish_1562789328,tofu | corn on the cob | pork | caesar salad | cheese pizza,656.55,503.00,"A diverse meal plate including a grilled chicken fillet, three pieces of corn on the cob, a small cheese pizza slice, a side of green salad with creamy dressing, and a small portion of sautéed tofu with peppers.",690.00,460.00,0.500
dish_1562790224,walnuts,312.75,116.00,"A light appetizer salad consisting of mixed leafy greens, sliced radish, and a portion of walnut halves.",192.00,58.00,0.500
dish_1562790170,arugula,103.69,84.00,A very small portion of mixed green salad with minimal garnishes and a light dressing.,68.00,43.00,0.333
dish_1562790775,bell peppers | cucumbers | garlic | radishes,75.69,40.00,"A very small side salad consisting of baby spinach and carrot shreds, lightly dressed.",26.00,26.00,0.000
dish_1562790295,walnuts | grilled chicken,538.71,268.00,"A healthy salad composed of lean chicken breast protein, roasted eggplant for texture, and walnuts for healthy fats, served over a bed of fresh arugula.",306.00,195.00,0.500
dish_1562790321,walnuts | pizza | grilled chicken,767.47,354.00,"A varied meal consisting of roasted eggplant, diced chicken breast, walnuts, and a portion of vegetable casserole over a bed of arugula.",564.00,295.00,0.333
dish_1562790259,walnuts | grilled chicken,518.59,207.00,A light salad of diced roasted chicken breast and walnut halves served on a small bed of fresh arugula.,260.00,115.00,0.667
dish_1562859116,scrambled eggs,145.04,98.00,A single serving of scrambled eggs presented on a white square plate.,148.00,85.00,1.000
dish_1562790824,country rice | fish,437.07,368.00,A breakfast or brunch plate consisting of a pile of raw spinach/carrot salad and a hearty portion of cooked spinach and egg scramble.,295.00,230.00,0.000
dish_1562790855,fish | pork | country rice,739.38,507.00,"A protein-focused meal featuring sliced roasted chicken breast accompanied by a savory scramble containing eggs, greens, and grains, served with a side of fresh baby spinach.",425.00,275.00,0.000
dish_1562860045,scrambled eggs | bacon,280.29,123.00,A simple breakfast plate consisting of a small portion of scrambled eggs and two strips of bacon.,225.00,101.00,1.000
dish_1562860073,scrambled eggs | bacon,357.81,259.00,"A protein-rich breakfast plate featuring scrambled eggs, two strips of bacon, and a side of fresh mixed berries.",282.00,205.00,1.000
dish_1562860700,pineapple,23.50,47.00,A very small portion of fresh pineapple chunks,40.00,80.00,1.000
dish_1562861103,bell peppers,94.61,50.00,A very small side salad of spinach and shredded carrots with a light dressing coating.,57.00,40.00,0.000
dish_1562861174,egg whites | bacon,401.80,274.00,"A high-protein meal consisting of crispy bacon strips, a portion of cooked egg whites, and a small garnish of fresh spinach and shredded carrots.",215.00,185.00,0.667
dish_1562860723,pineapple,87.91,160.00,"A small plate of mixed fresh fruit containing pineapple, strawberries, and blueberries.",69.00,155.00,1.000
dish_1562862493,scrambled eggs,198.32,134.00,"A plate of scrambled eggs with diced tomatoes, likely cooked in a small amount of oil or butter.",280.00,195.00,0.333
dish_1562862550,cream cheese | scrambled eggs | bagels,364.52,257.00,"A breakfast plate featuring scrambled eggs, half a whole-grain bagel with cream cheese, and fresh strawberries.",421.00,265.00,1.000
dish_1562871297,cheese pizza,124.97,47.00,A single very small piece of cheese pizza on a white plate.,92.00,35.00,1.000
dish_1562871363,white rice | cheese pizza,245.87,140.00,A simple meal consisting of a portion of white rice and a small slice of cheese pizza on a square white plate.,398.00,220.00,1.000
dish_1562871408,cheese pizza | squash | white rice,271.34,228.00,"A meal featuring a small cheese pizza slice, a portion of white rice, and sautéed summer squash.",355.00,230.00,1.000
dish_1562861125,egg whites,190.81,235.00,"A vegetable and protein plate consisting of hand-torn fresh mozzarella cheese, sautéed spinach, and raw shredded carrots.",390.00,215.00,0.000
dish_1562871448,white rice | squash | cheese pizza | brussels sprouts,295.85,276.00,"A mixed meal featuring a small portion of thin-crust cheese pizza, white rice, and a side of roasted mixed vegetables including squash and Brussels sprouts.",335.00,260.00,1.000
dish_1562872150,mushroom,7.48,34.00,A very small serving of four whole sautéed button mushrooms on a large white plate.,28.00,45.00,1.000
dish_1562871731,bok choy,17.03,131.00,"A small side dish of cooked green leafy vegetables, appearing to be an Asian-style stir-fry.",55.00,90.00,1.000
dish_1562871488,white rice | mushroom | squash | brussels sprouts | cheese pizza,321.59,393.00,"A varied plate consisting of a single slice of cheese pizza, white rice, and a side of mixed vegetables including mushrooms, Brussels sprouts, and summer squash.",592.00,485.00,1.000
dish_1562872365,bok choy,9.88,76.00,"A very small portion of cooked green leafy vegetables, likely bok choy, served alone on a plate.",22.00,70.00,1.000
dish_1562872223,chicken | bok choy,306.86,468.00,"A plate containing two pieces of roasted chicken, a generous side of sautéed bok choy, and a few small mushrooms.",440.00,340.00,0.667
dish_1562872182,mushroom | bok choy,41.54,296.00,A side dish of sautéed bok choy and small whole mushrooms with visible oil sheen.,90.00,215.00,1.000
dish_1562871537,white rice | grilled chicken | cheese pizza,685.77,554.00,"A calorie-dense meal featuring a large portion of diced chicken breast, white rice, a side pizza slice, and a variety of roasted vegetables.",835.00,700.00,0.500
dish_1562872396,chicken | bok choy,179.56,186.00,A small meal consisting of a single piece of breaded chicken and a side of cooked bok choy.,170.00,120.00,1.000
dish_1562872432,chicken,259.08,257.00,"A balanced plate featuring a small portion of roasted chicken, couscous, and sautéed leafy greens (bok choy) garnished with a cherry tomato.",294.00,220.00,0.333
dish_1562872470,fish | chicken,286.38,282.00,"A balanced meal consisting of roasted breaded chicken, a small serving of couscous topped with a cherry tomato, and a side of steamed bok choy.",393.00,280.00,0.250
dish_1562872498,chicken,306.26,320.00,"A balanced meal featuring roasted poultry, a small portion of couscous, and two types of sautéed green vegetables.",483.00,355.00,0.250
dish_1562872662,corn | fish,133.22,122.00,A small plated gourmet appetizer featuring a seared rectangular protein base topped with a seasoned grain mixture and garnished with fresh microgreens.,127.00,75.00,0.000
dish_1562872746,fish | corn | arugula,242.36,203.00,A small appetizer-sized portion of topped flatbread with a side of mixed salad greens and a citrus segment.,145.00,90.00,0.167
dish_1562872914,fish | corn,135.40,124.00,"A small-portion meal consisting of a single segment of a savory vegetable-filled wrap or omelet, roasted vegetable sticks, and a side of fresh cherry tomatoes and celery.",196.00,170.00,0.000
dish_1562872945,corn | fish,258.60,234.00,"A balanced meal consisting of a piece of vegetable frittata/omelet served with a medley of potatoes, pearl onions, mushrooms, and bell peppers, topped with a small amount of couscous.",275.00,225.00,0.000
dish_1562873002,fish | corn,278.26,307.00,"A balanced meal consisting of a sauced protein fillet, sautéed green beans, fresh cherry tomatoes, and cooked potato chunks.",435.00,385.00,0.000
dish_1562872981,corn | fish,268.32,288.00,"A plate containing a vegetable frittata, a side of potato and mushroom salad, and halved cherry tomatoes.",311.00,325.00,0.000
dish_1562873155,green beans,41.34,79.00,A small side serving of sautéed green beans seasoned with garlic or shallots.,75.00,95.00,1.000
dish_1562873028,fish | corn,280.34,320.00,"A varied vegetarian-style meal featuring a vegetable frittata, potato salad, green beans, cherry tomatoes, and sliced celery.",400.00,410.00,0.000
dish_1562873224,fish | corn | green beans | bok choy,261.86,436.00,"A balanced meal featuring a portion of fried fish topped with a savory nut-based sauce, served with a side of steamed bok choy and long green beans.",395.00,320.00,0.600
dish_1562873187,green beans | bok choy,64.22,255.00,A plate of sautéed leafy greens (bok choy) and yardlong beans.,81.00,140.00,0.667
dish_1562873544,fish | cheese pizza | caesar salad,193.61,201.00,"A small plate containing a small portion of mixed green salad, a bite-sized piece of thin-crust cheese pizza, and a single breaded protein fillet with a nut-based topping.",340.00,155.00,0.250
dish_1562873416,caesar salad,52.36,119.00,"A very small side salad consisting of mixed greens, a light dressing, and small tomato pieces on a white plate.",73.00,65.00,0.000
dish_1562873264,fish | country rice,503.60,595.00,"A Southeast Asian-inspired plate featuring seasoned rice, steamed bok choy, long beans, and fried protein (likely tempeh) coated in a savory peanut sauce.",544.00,400.00,0.200
dish_1562873495,caesar salad | cheese pizza,140.11,152.00,A small side-portion meal consisting of a mixed leaf salad with creamy dressing and a small rectangular piece of cheese pizza.,190.00,100.00,0.500
dish_1562873790,lettuce | lime | onions | cucumbers | cherry tomatoes,75.71,75.00,A simple serving of mixed salad greens on a white square plate.,8.00,50.00,0.000
dish_1562873814,green beans,106.58,134.00,A side-dish style meal consisting of cooked green beans and a fresh garden salad of mixed leafy greens.,53.00,155.00,1.000
dish_1562874049,cheese pizza,412.14,155.00,Four small slices of thick-crust cheese pizza.,380.00,140.00,1.000
dish_1562873838,chicken,427.44,342.00,Pan-roasted chicken thighs served with a side of green beans and a fresh mixed green salad.,520.00,320.00,0.500
dish_1562874250,fish | corn | sour cream,394.44,393.00,"A balanced plate consisting of pan-seared white fish, a hearty grain and corn salad with greens, and a side of slender green beans.",430.00,345.00,0.500
dish_1562874282,corn | caesar salad | sour cream | fish,427.88,469.00,"A balanced plant-based meal consisting of a hearty lentil and tofu grain salad, a side of green beans, and a small green salad.",340.00,325.00,0.167
dish_1562874203,sour cream | corn | fish,362.52,332.00,"A nutrient-dense grain and lentil salad topped with grilled tofu cubes, corn, and greens.",280.00,260.00,0.167
dish_1562875159,pizza,260.68,98.00,"A single small square slice of thin-crust pizza topped with cheese, chicken pieces, red onion, and a basil leaf.",175.00,70.00,1.000
dish_1562875211,pizza | caesar salad,282.24,147.00,A small meal consisting of a side Caesar salad and one rectangular slice of sausage pizza.,405.00,170.00,1.000
dish_1562875241,chicken | pizza,479.69,275.00,"A mixed meal featuring roasted chicken, a Caesar salad side, and a rectangular slice of specialty pizza.",710.00,285.00,0.667
dish_1562875273,pizza | chicken,495.91,306.00,"A mixed plate containing roasted chicken drumsticks, a side of green beans, a Caesar salad, and a slice of cheesy chicken pizza.",615.00,335.00,0.500
dish_1562875870,fish | corn,256.95,233.00,A meal consisting of a pan-seared salmon fillet served with a side of couscous and a single cherry tomato garnish.,428.00,250.00,0.000
dish_1562875833,corn | fish,156.15,143.00,"A small portion of pan-seared fish fillets, possibly salmon or trout, garnished with a light topping of corn and scallions.",190.00,95.00,0.333
dish_1562875320,chicken | country rice | pizza,603.86,377.00,"A balanced mixed meal featuring roasted chicken, whole grain rice, sautéed green beans, a side of Caesar salad, and a piece of cheesy flatbread.",820.00,490.00,0.600
dish_1562875898,bok choy | corn | fish,271.12,342.00,"A balanced meal consisting of a cooked salmon fillet topped with a small amount of couscous, served with a side of steamed bok choy and a single cherry tomato garnish.",365.00,305.00,0.200
dish_1562876494,chicken,40.11,26.00,"An extremely small portion of leftovers or scraps consisting of chicken, green beans, and rice on a white plate.",74.00,56.00,0.333
dish_1562876618,cheese pizza,114.34,43.00,A single small rectangular slice of cheese pizza on a plate.,120.00,45.00,1.000
dish_1562875940,country rice | fish,386.67,418.00,"A balanced meal consisting of two small pieces of salmon, a portion of brown rice and couscous, steamed or sautéed bok choy, and a garnish of cherry tomato.",380.00,360.00,0.200
dish_1562876645,chicken | cheese pizza,220.77,112.00,A small plate containing one fried chicken drumstick and a small rectangular slice of cheese pizza.,310.00,130.00,1.000
dish_1562876531,chicken | caesar salad,66.07,85.00,A very small portion or leftover serving of Caesar salad with a single piece of chicken and a few croutons.,132.00,75.00,0.500
dish_1562876674,cheese pizza | chicken | country rice,289.19,157.00,"A multi-component meal featuring a fried chicken drumstick, a very small portion of mixed rice, and a small rectangular piece of cheese pizza.",400.00,180.00,1.000
dish_1562876709,chicken | cheese pizza | country rice,304.37,186.00,"A mixed meal consisting of a roasted chicken drumstick, a small serving of brown rice, a side of green beans, and a small square of cheese pizza.",365.00,235.00,0.750
dish_1562876732,cheese pizza | caesar salad | country rice | chicken,350.57,291.00,"A mixed plate containing a fried chicken drumstick, a portion of brown rice, green beans, a caesar salad, and a small square of cheese pizza.",605.00,390.00,0.800
dish_1562876756,cheese pizza | caesar salad | chicken | country rice,354.60,322.00,"A varied sampler plate including fried chicken, a small pizza piece, rice pilaf, green beans, Caesar salad, and vegetable slices.",540.00,350.00,0.667
dish_1562945131,broccoli,37.32,67.00,A very small snack portion consisting of three roasted broccoli florets and a small side of mixed berries including strawberries and raspberries.,60.00,105.00,1.000
dish_1562945332,chia seeds | broccoli | greek yogurt | egg whites | milk,246.65,325.00,"A high-protein meal featuring scrambled egg whites, ground beef mixed with banana slices, and a small side of cooked broccoli.",295.00,275.00,0.286
dish_1562945393,chia seeds | broccoli | greek yogurt | egg whites | sweet potato | milk,319.39,401.00,"A meal featuring scrambled egg whites, roasted cubed potatoes, steamed broccoli, and a mixture of ground meat with sliced bananas.",366.00,315.00,0.429
dish_1562945445,sweet potato | broccoli | greek yogurt | egg whites | milk | chia seeds | grapes,362.17,463.00,"A mixed plate containing ground beef, scrambled egg whites, roasted cubed potatoes, broccoli florets, grapes, and banana slices.",303.00,270.00,0.444
dish_1562945779,granola,37.70,29.00,A very small side portion of mixed green and red leafy salad greens on a white plate.,5.00,25.00,0.000
dish_1562945186,broccoli | greek yogurt | chia seeds | milk,191.53,219.00,"A small meal featuring cooked ground meat topped with banana slices, served with roasted broccoli florets and a side of fresh mixed fruit.",241.00,200.00,0.167
dish_1562945803,honeydew melons,50.30,64.00,A small side salad consisting of a small portion of mixed greens topped with diced pieces of apple.,20.00,55.00,0.000
dish_1562945851,cantaloupe | honeydew melons,91.27,150.00,"A light fruit salad served on a bed of mixed greens, containing diced cantaloupe and honeydew melons, whole blueberries, and sliced strawberry.",72.00,205.00,1.000
dish_1562945823,honeydew melons | cantaloupe,62.20,99.00,A small side salad featuring mixed greens topped with portions of cubed apple and cantaloupe chunks.,31.00,85.00,0.333
dish_1562945499,broccoli | greek yogurt | sweet potato | grapes | chia seeds | milk | egg whites,454.51,625.00,"A mixed meal plate containing a grain-based porridge, a large variety of fresh berries and fruits, yogurt, and a side of cooked broccoli and potatoes.",323.00,465.00,0.444
dish_1562945879,succotash | cantaloupe | honeydew melons,174.43,234.00,"A healthy-style plate consisting primarily of fresh fruit and greens, accompanied by a small portion of savory corn and black bean salad.",133.00,211.00,0.500
dish_1562945900,honeydew melons | succotash | roasted potatoes,240.70,281.00,"A varied plate consisting of a mix of fresh fruit (melon, berries), roasted potatoes, a corn salad, and a base of mixed greens.",230.00,365.00,0.400
dish_1562946006,sausage | scrambled eggs,535.98,224.00,A breakfast dish consisting of a portion of scrambled eggs and several small breakfast sausages.,495.00,215.00,1.000
dish_1562947376,pineapple,36.50,73.00,A small portion of fresh cut pineapple pieces on a white plate.,35.00,70.00,1.000
dish_1562946075,sausage | scrambled eggs,557.88,297.00,"A breakfast plate featuring scrambled eggs, bite-sized sausage pieces, and fresh watermelon cubes.",400.00,220.00,0.667
dish_1562946106,sausage | scrambled eggs,578.96,359.00,"A breakfast plate consisting of scrambled eggs, several pieces of cooked sausage, and mixed melon chunks (watermelon and cantaloupe).",424.00,300.00,0.500
dish_1562947020,scrambled eggs | cheese,533.12,333.00,A single-dish meal of scrambled eggs prepared with shredded carrots.,265.00,175.00,0.333
dish_1562947436,sausage | pineapple,282.38,242.00,"A light meal or snack plate featuring cooked sausage slices accompanied by fresh fruit including pineapple, strawberries, and blueberries.",267.00,260.00,1.000
dish_1562947409,pineapple,103.19,190.00,"A fruit plate containing fresh pineapple pieces, halved strawberries, and a few blueberries.",104.00,245.00,1.000
dish_1562947469,roasted potatoes | pineapple | sausage,392.36,320.00,"A breakfast or brunch plate featuring a portion of sliced smoked sausage, roasted potato chunks, and a variety of fresh fruit including pineapple, strawberries, and blueberries.",333.00,279.00,1.000
dish_1562947598,cantaloupe,87.72,258.00,A bowl filled with fresh cubed cantaloupe melon.,82.00,240.00,1.000
dish_1562949162,bacon,64.92,12.00,A single slice of crispy cooked bacon on a white plate.,45.00,9.00,1.000
dish_1562947503,sausage | roasted potatoes | egg whites | pineapple,438.12,408.00,"A breakfast or brunch plate consisting of sausage, roasted potatoes, fresh pineapple, strawberries, blueberries, and a serving of cottage cheese.",316.00,315.00,0.600
dish_1562947885,grapes,215.97,313.00,A full bowl of fresh mixed green and red grapes.,173.00,250.00,1.000
dish_1562949205,cantaloupe | bacon,80.22,57.00,A small portion of cubed cantaloupe melon served with two strips of crispy bacon.,137.00,105.00,1.000
dish_1562949467,bok choy,24.66,72.00,A very small leftover or sample portion of cooked green vegetable stalks.,5.00,25.00,1.000
dish_1562949494,bok choy,68.55,149.00,A very small snack plate featuring fresh berries and a small portion of cooked green vegetable stalks.,22.00,78.00,1.000
dish_1562949242,bacon | cantaloupe | sweet potato,139.56,119.00,"A small breakfast plate consisting of fresh cantaloupe, one slice of bacon, and a few roasted potato pieces.",180.00,124.00,1.000
dish_1562950018,roasted potatoes,200.22,142.00,A small serving of roasted potato chunks with skin on a white plate.,110.00,120.00,1.000
dish_1562949541,turkey bacon | scrambled eggs,494.23,374.00,"A breakfast plate featuring scrambled eggs, three strips of turkey bacon, sautéed greens (likely bok choy), and a side of fresh blackberries and raspberries.",320.00,250.00,0.667
dish_1562950057,scrambled eggs | roasted potatoes,320.10,223.00,A simple breakfast plate containing scrambled eggs and roasted potato chunks.,295.00,230.00,1.000
dish_1562950091,roasted potatoes | scrambled eggs | sausage,550.98,290.00,"A breakfast plate featuring scrambled eggs, four thick slices of dark sausage, and a side of roasted potato chunks.",560.00,310.00,1.000
dish_1562950895,sweet potato,137.82,144.00,A very small portion of roasted or pan-fried potato cubes on a large white plate.,60.00,50.00,1.000
dish_1562950934,sweet potato | egg whites,304.22,464.00,A breakfast plate consisting of a large portion of scrambled egg whites and a side of roasted potato chunks.,310.00,280.00,1.000
dish_1562956486,tofu,103.66,142.00,"A light, plant-based dish of sautéed tofu, cherry tomatoes, and mushrooms.",162.00,210.00,0.250
dish_1562958445,,24.15,21.00,A portion of six dried dates on a white square plate.,125.00,45.00,0.000
dish_1562958563,chicken salad,130.84,68.00,A light snack plate consisting of a small scoop of creamy chicken salad and seven red grapes.,169.00,95.00,0.500
dish_1562958603,chicken salad | chickpeas,171.84,93.00,"A small snack or light meal plate consisting of a portion of chicken salad, cooked chickpeas, and black Kalamata olives.",255.00,115.00,0.667
dish_1562956510,pork | tofu,221.17,199.00,"A mixed plate containing pan-fried tofu cubes, braised meat pieces, cherry tomatoes, and mushrooms.",353.00,242.00,0.400
dish_1562958629,chicken salad | chickpeas | artichokes,208.97,172.00,"A Mediterranean-style mezze plate consisting of marinated artichokes, chickpeas, olives, and feta cheese.",335.00,175.00,0.400
dish_1562958721,carrot | cabbage | rice noodles,125.72,167.00,"A small portion of a vegetable salad or slaw featuring watermelon radishes, shredded cabbage, carrots, mixed greens, and a small amount of rice noodles with a light dressing.",100.00,132.00,0.500
dish_1562958775,rice noodles,227.18,251.00,"A plant-based plate featuring a portion of sautéed dark leafy greens and a fresh salad of shredded cabbage, carrots, and sliced watermelon radish.",95.00,230.00,0.000
dish_1562958809,rice noodles | pork,511.67,389.00,"A balanced meal featuring a protein-rich chicken and rice stir-fry, a fresh cabbage and radish slaw, and sautéed dark greens.",360.00,350.00,0.250
dish_1562959024,quinoa | pizza | fish,319.23,183.00,A small portion of breaded fish fillets and two bite-sized thin-crust pizza squares garnished with arugula.,302.00,125.00,0.500
dish_1562958998,quinoa | fish,109.09,104.00,Small scraps or appetizer-sized portion of breaded fish served with a microgreen garnish.,96.00,47.00,0.333
dish_1562959103,parsnips | roasted potatoes | pizza | fish,395.01,255.00,"A mixed plate featuring breaded protein fillets, two small square pizza slices, and roasted potatoes.",555.00,260.00,0.400
dish_1562959059,pizza | fish | roasted potatoes,365.76,216.00,"A plate containing small portions of breaded fish, two square pieces of pizza, and two roasted baby potatoes.",455.00,210.00,1.000
dish_1562959295,radishes,3.04,19.00,A plate containing a very small portion of thinly sliced raw red radishes.,4.00,25.00,0.000
dish_1562959344,radishes | cucumbers,5.54,44.00,A very small snack or garnish consisting of raw sliced radishes and cucumbers.,7.00,40.00,1.000
dish_1562959190,fish | roasted potatoes | pizza | parsnips,518.80,378.00,"A varied lunch plate consisting of breaded protein, cheese-topped flatbread, roasted potatoes, artichokes, and a fresh side salad.",580.00,375.00,0.333
dish_1562959379,radishes | arugula,57.07,85.00,"A small starter or side salad consisting of arugula, radish, and cucumber with a light oil-based dressing.",58.00,67.00,0.250
dish_1562959129,fish | pizza | parsnips | roasted potatoes,412.87,293.00,"A composed meal featuring breaded protein, roasted potatoes, artichoke hearts, and small flatbread pizza squares.",680.00,350.00,0.600
dish_1562959485,arugula,45.24,36.00,Leftover portions on a dinner plate consisting of a small pile of salad greens and sauce residue.,27.00,30.00,0.500
dish_1562959517,spinach (raw) | arugula | chard | cherry tomatoes | pumpkin seeds | carrot | lettuce | figs | cucumbers,91.14,74.00,Small leftover portions of a mixed green salad with visible oil-based dressing residue on a square white plate.,63.00,40.00,0.100
dish_1562959547,fish,165.62,145.00,"A very small meal or leftover portion consisting of fried protein bites, dressed greens, and a few pepper slices.",170.00,90.00,0.000
dish_1562959570,fish | pork,311.99,216.00,"A small, partially consumed or sample-sized plate containing roasted baby potatoes, a mixed green salad, and a portion of grain-based salad.",145.00,140.00,0.000
dish_1562959599,roasted potatoes | pork | fish,403.64,281.00,"A plate containing roasted potatoes, pieces of seasoned or breaded protein with sparse vegetables, and a side of mixed leafy greens.",390.00,230.00,0.200
dish_1562959700,pork | white rice | sugar,315.41,153.00,"A very small serving of braised meat pieces and a small amount of white rice, possibly leftovers or a sample.",150.00,80.00,0.250
dish_1562959732,pork | parsnips | sugar | white rice,374.66,232.00,"A very small portion consisting of sliced seasoned meat pieces, a few cubes of roasted potatoes, and a small amount of rice/sauce.",268.00,155.00,0.167
dish_1562959766,sugar | rice noodles | pork | parsnips,431.13,307.00,"A balanced plate featuring wheat noodles with vegetables, pan-seared plant-based protein (likely tempeh), and a side of roasted potato cubes.",365.00,225.00,0.143
dish_1562959799,pork | parsnips | rice noodles | sugar,498.77,363.00,"A balanced plate consisting of roasted potatoes, savory protein pieces, a small portion of noodles with vegetables, and fresh arugula.",305.00,210.00,0.143
dish_1562960437,roasted potatoes,97.29,69.00,A minimal serving of three small roasted baby potatoes garnished with a single herb leaf.,76.00,46.00,0.500
dish_1562960520,pork | caesar salad | roasted potatoes,422.40,303.00,"A moderate portioned mixed bowl featuring a small Caesar salad, roasted potato chunks, brown rice, and chicken breast pieces.",325.00,215.00,0.400
dish_1562961588,pizza,178.22,67.00,A very small meal or leftovers consisting of a small rectangular piece of pizza and a single bite of rice-based mixture.,150.00,65.00,0.500
dish_1562961609,pizza | pork,423.54,186.00,A small meal consisting of one rectangular pizza slice and a pile of plant-based protein stir-fry with greens.,290.00,155.00,0.333
dish_1562960472,roasted potatoes | caesar salad,139.97,166.00,A small portion of Caesar salad on a white plate.,180.00,70.00,0.200
dish_1562963033,quinoa | fish | roasted potatoes,356.39,316.00,"A plate consisting of breaded fish strips in a red sauce, served with three roasted baby potatoes and a small green garnish.",425.00,225.00,0.500
dish_1562963006,quinoa | fish,259.10,247.00,"A single serving of scrambled eggs or a thin vegetable omelet with melted cheese, diced red peppers, and leafy greens.",232.00,145.00,0.000
dish_1562961650,pork | pizza | fish,555.71,312.00,"A small meal consisting of a pizza fragment, pan-fried taro slices, and a seasoned vegetable egg scramble.",440.00,225.00,0.200
dish_1562963059,fish | quinoa | roasted potatoes,369.53,389.00,"A light meal featuring baked white fish with a savory topping, served alongside roasted potatoes and fresh cherry tomatoes on a bed of greens.",245.00,310.00,0.400
dish_1562963084,quinoa | roasted potatoes | fish,375.13,424.00,"A plate containing breaded fish, roasted baby potatoes, fresh cherry tomatoes, and sliced radishes.",426.00,330.00,0.400
dish_1562963109,fish | quinoa | roasted potatoes,381.53,488.00,"A balanced meal consisting of breaded protein pieces, roasted small potatoes, and a fresh side salad of cucumber, cherry tomatoes, and radishes.",511.00,480.00,0.333
dish_1562963289,caesar salad | cheese pizza,349.92,180.00,A small meal consisting of two pieces of thin-crust pizza and a side of creamy vegetable salad.,330.00,155.00,0.333
dish_1562963153,fish | quinoa | roasted potatoes,386.48,521.00,"A health-conscious plate consisting of breaded protein, two small roasted potatoes, and a large portion of mixed raw vegetables (cucumber, tomato, radish, and lettuce).",338.00,410.00,0.125
dish_1562963246,cheese pizza,324.40,122.00,Two small pieces of thin-crust pizza topped with cheese and bits of green bell pepper.,215.00,80.00,1.000
dish_1562963325,sugar | pork | cheese pizza,760.16,379.00,"A varied plate consisting of a portion of white rice topped with stir-fried meat, a side of creamy salad, and two slices of thin-crust pizza.",660.00,350.00,0.200
dish_1562963583,pizza,138.32,52.00,A very small leftover portion of thin-crust pizza on a large white plate.,85.00,35.00,1.000
dish_1562963517,fish | quinoa,552.65,511.00,"A meal comprising a hearty portion of grains mixed with chicken and red peppers, served with a fresh side of arugula and cucumber slices.",480.00,310.00,0.000
dish_1562963648,caesar salad | pizza | rice noodles,252.59,247.00,"A mixed plate containing a small portion of lo mein noodles, a small pizza slice, and a side of creamy Caesar salad.",500.00,270.00,1.000
dish_1562963484,arugula,100.54,80.00,"A very small portion of arugula salad topped with cucumber slices, a few almonds, and light cheese crumbles.",92.00,64.00,0.250
dish_1562963612,pizza | caesar salad,184.08,156.00,"A light meal featuring a single small slice of thin-crust pizza topped with meat and peppers, paired with a small side of dressed Caesar salad.",335.00,180.00,1.000
dish_1563205877,chicken apple sausage,56.00,35.00,Six small slices of cooked brown sausage on a white plate.,105.00,35.00,1.000
dish_1562963676,roasted potatoes | caesar salad | pizza | rice noodles,397.82,350.00,"A varied plate consisting of noodles, roasted potatoes, one slice of pizza, and a side of creamy chicken salad.",800.00,440.00,1.000
dish_1562963704,roasted potatoes | caesar salad | pork | rice noodles | pizza,663.76,479.00,"A varied buffet-style plate featuring Asian-style noodles, a small pizza slice, roasted potatoes, glazed protein pieces, and a side of creamy salad.",865.00,480.00,0.667
dish_1563205903,chicken apple sausage | egg whites,101.24,122.00,A small high-protein breakfast plate consisting of scrambled egg whites and sliced breakfast sausage rounds.,153.00,110.00,1.000
dish_1563205927,egg whites | yam | sweet potato | chicken apple sausage,160.27,181.00,"A breakfast plate containing scrambled egg whites, roasted sweet potato cubes, and sliced sausage rounds.",210.00,180.00,0.750
dish_1563206409,scrambled eggs | cheese,443.46,277.00,A serving of scrambled eggs topped with shredded cheddar cheese.,375.00,193.00,1.000
dish_1563206562,yam | sweet potato,98.21,68.00,"A very small portion of diced, roasted root vegetables, primarily sweet potato and carrots.",80.00,70.00,0.500
dish_1563205982,egg whites | yam | chicken apple sausage | sweet potato | pineapple,316.24,469.00,"A breakfast plate featuring egg whites, a generous portion of mixed fruit including pineapple and berries, savory sausage rounds, and small roasted sweet potato cubes.",293.00,425.00,0.667
dish_1563205953,yam | sweet potato | egg whites | pineapple | chicken apple sausage,218.77,298.00,"A mixed plate containing a serving of mashed potatoes, a generous portion of fresh pineapple chunks, sliced sausage coins, and diced carrots.",360.00,365.00,0.500
dish_1563206582,yam | egg whites | sweet potato,229.25,320.00,A high-protein breakfast or meal consisting of a large portion of scrambled egg whites and a side of roasted sweet potato cubes.,196.00,240.00,0.667
dish_1563207277,yam | sweet potato,153.09,106.00,A small portion of roasted sweet potato cubes served on a white square plate.,90.00,90.00,0.500
dish_1563206601,sweet potato | turkey bacon | egg whites | yam,293.80,337.00,"A breakfast plate consisting of a large portion of fluffy egg whites, one strip of turkey bacon, and a small side of roasted root vegetables and sweet potato cubes.",260.00,268.00,0.750
dish_1563207301,yam | egg whites | sweet potato,187.93,173.00,A small portion of roasted sweet potato cubes and mashed potatoes on a white plate.,145.00,150.00,0.333
dish_1563207332,scrambled eggs | yam | egg whites | sweet potato,288.57,241.00,A small portion of roasted sweet potato cubes served with a mix of scrambled whole eggs and cooked egg whites.,199.00,180.00,0.667
dish_1563207364,scrambled eggs | yam | grapes | egg whites | sweet potato,309.27,271.00,"A small snack or child's portion consisting of roasted sweet potato cubes, fresh red grapes, and deconstructed or separated cooked egg.",160.00,155.00,0.600
dish_1563207389,pineapple | sweet potato | scrambled eggs | egg whites | grapes | yam,337.27,327.00,"A breakfast plate consisting of small portions of scrambled eggs, egg whites, cubed roasted sweet potatoes, fresh pineapple, and red grapes.",238.00,275.00,0.800
dish_1563207406,scrambled eggs | pineapple | egg whites | yam | watermelon | sweet potato | grapes,372.07,443.00,"A breakfast or snack plate consisting of fresh watermelon, pineapple, and grapes, served alongside roasted sweet potato cubes, scrambled eggs, and a portion of soft white cheese.",313.00,360.00,0.714
dish_1563208094,yam | sweet potato,160.31,111.00,A serving of mixed roasted sweet potato and white potato cubes on a white plate.,240.00,180.00,0.500
dish_1563208412,chicken apple sausage,62.40,39.00,Five small round meatballs or protein bites served on a white square plate.,165.00,75.00,0.000
dish_1563208129,yam | sweet potato | scrambled eggs,426.71,291.00,A breakfast plate consisting of a generous serving of scrambled eggs and a side of roasted sweet potato cubes.,395.00,290.00,0.667
dish_1563216381,broccoli,34.65,99.00,A very small portion consisting of three steamed broccoli florets.,14.00,40.00,1.000
dish_1563208439,chicken apple sausage,92.61,96.00,A small snack or light breakfast plate consisting of five slices of cooked sausage and a portion of fresh raspberries.,137.00,115.00,1.000
dish_1563216412,white rice | broccoli,172.45,205.00,A small plate consisting of cooked white rice and steamed or sautéed broccoli florets.,120.00,165.00,1.000
dish_1563208459,yam | sweet potato | chicken apple sausage,186.49,161.00,"A light meal or snack plate consisting of sliced sausage, roasted vegetable cubes, and a portion of fresh raspberries.",181.00,165.00,0.667
dish_1563216440,chicken breast | white rice | broccoli,403.79,352.00,"A plate containing breaded and sliced chicken cutlets (possibly stuffed with peppers), a serving of white rice, and steamed broccoli florets.",515.00,310.00,1.000
dish_1563216659,chicken breast | squash,190.06,173.00,A small portion of breaded and stuffed chicken served with roasted zucchini slices.,275.00,145.00,0.333
dish_1563216625,chicken breast,171.54,109.00,A sparse portion of breaded chicken pieces accompanied by a small piece of leafy greenery on a large white plate.,211.00,77.00,1.000
dish_1563216689,squash | broccoli | chicken breast,235.21,302.00,"A balanced plate featuring breaded protein, steamed green vegetables, and roasted root vegetables.",350.00,255.00,1.000
dish_1563217736,broccoli,23.45,67.00,A very small portion of steamed or lightly sautéed broccoli florets on a white plate.,25.00,65.00,1.000
dish_1563216717,squash | chicken breast | broccoli,246.01,332.00,"A balanced meal consisting of breaded chicken strips, steamed broccoli, roasted squash, and a small portion of diced potatoes.",350.00,325.00,0.750
dish_1563217774,mangos | arugula | broccoli | tomatoes,96.14,265.00,"A side salad consisting of mixed leafy greens, steamed broccoli florets, cherry tomatoes, cucumber slices, and corn kernels, likely tossed in a light oil-based dressing.",89.00,174.00,0.250
dish_1563217895,arugula,26.80,73.00,"A very small appetizer-sized portion of mixed green salad with slices of stone fruit and diced apple or pear, lightly dressed.",63.00,69.00,0.000
dish_1563217804,white rice | pork,492.93,459.00,"A balanced plate consisting of a large portion of fresh garden salad, a side of sautéed broccoli and summer squash, and a mixture of white rice and grilled meat pieces.",405.00,445.00,0.500
dish_1563217939,white rice | pork,227.24,171.00,"A very small portion consisting of grilled protein, a sprinkle of white rice, and a light garden salad with stone fruit and apple accents.",178.00,127.00,0.250
dish_1563217968,white rice | broccoli | pork,252.79,244.00,"A varied meal featuring sautéed protein over a small bed of rice, served with steamed broccoli, mixed garden vegetables, and fresh fruit slices.",315.00,320.00,0.600
dish_1563218201,grilled chicken,352.87,156.00,"A portion of cubed, cooked chicken breast showing some browning, served in a metal mixing bowl.",150.00,90.00,1.000
dish_1563217993,pork | squash | broccoli,279.71,337.00,"A mixed plate containing roasted winter squash, broccoli florets, a small portion of stir-fried meat with rice, and a side of sliced fruit and greens.",435.00,385.00,0.400
dish_1563218959,white rice | pork,267.94,131.00,A small portion of shredded meat served with white rice and two slices of zucchini on a white square plate.,282.00,170.00,0.667
dish_1563218408,pepperoni pizza,245.34,87.00,Two small rectangular pieces of pepperoni pizza in a metal bowl.,240.00,90.00,1.000
dish_1563218031,broccoli | pork | chicken breast,419.77,426.00,"A mixed power bowl or plate featuring breaded chicken, sauteed meat, white rice, and a variety of roasted and steamed vegetables on a bed of greens.",325.00,285.00,0.333
dish_1563218987,pepperoni pizza | pork,383.56,172.00,"A mixed plate containing a small portion of pepperoni pizza, pulled meat, white rice, and two slices of zucchini.",551.00,270.00,0.250
dish_1563219009,pepperoni pizza | pork,388.36,202.00,"A mixed plate featuring a portion of pepperoni pizza, savory pulled meat served with a small amount of white rice, and a side of green vegetables including celery and zucchini.",580.00,320.00,0.167
dish_1563219056,pepperoni pizza | pork,416.87,258.00,"A mixed plate containing a small portion of pepperoni pizza, pulled meat with rice, and a side of fresh vegetables including cherry tomatoes, celery, olives, and zucchini.",459.00,320.00,0.286
dish_1563220058,pepperoni pizza,146.64,52.00,A single very small portion of pepperoni pizza on a white square plate.,95.00,35.00,1.000
dish_1563219035,pepperoni pizza | pork,410.21,221.00,"A varied plate consisting of a small pepperoni pizza square, pulled meat mixed with rice, olives, and sliced vegetables.",480.00,252.00,0.200
dish_1563220087,broccoli | pepperoni pizza,162.74,98.00,A very small meal or snack consisting of a single small piece of pepperoni pizza and several broccoli florets.,99.00,72.00,1.000
dish_1563220109,pepperoni pizza | squash | broccoli,184.74,174.00,"A small balanced meal featuring a small portion of pepperoni pizza, roasted squash, and broccoli.",155.00,135.00,1.000
dish_1563220143,pepperoni pizza | chicken breast,425.51,327.00,"A mixed plate containing sliced breaded chicken, a small slice of pepperoni pizza, roasted squash cubes, and steamed broccoli.",465.00,260.00,0.500
dish_1563220767,pork | white rice,265.89,130.00,"A small portion of bite-sized, cooked meat pieces scattered on a white square plate.",105.00,60.00,0.000
dish_1563220171,brown rice | chicken breast | pepperoni pizza,465.47,363.00,"A varied plate consisting of breaded chicken, a slice of pepperoni pizza, roasted squash, steamed broccoli, and a rice-based salad.",695.00,395.00,0.600
dish_1563220987,pork | white rice,224.99,110.00,An extremely small serving of cooked poultry pieces accompanied by a single green leaf on a large plate.,86.00,47.00,0.000
dish_1563221025,white rice | pork | chicken breast,245.45,123.00,"A very small portion/snack consisting of several small pieces of cooked meat, one breaded strip, and minimal leafy greens.",126.00,62.00,0.333
dish_1563220802,white rice | pork | broccoli,308.59,252.00,A plate containing a portion of steamed broccoli and pieces of roasted chicken.,152.00,155.00,0.250
dish_1563221086,chicken breast | pork | broccoli,328.28,254.00,"A balanced plate consisting of lean roasted pork, steamed broccoli, a spinach-based salad, and a single breaded strip.",350.00,290.00,0.400
dish_1563221495,pepperoni pizza | chicken breast,365.27,164.00,A small meal consisting of a partial slice of pepperoni pizza and a few pieces of seasoned chicken.,235.00,103.00,1.000
dish_1563221054,chicken breast | pork,298.88,170.00,"A small portioned meal consisting of sliced roasted meat, a fresh baby spinach salad with light dressing and garnishes, and a toasted bread garnish.",255.00,160.00,0.000
dish_1563221157,broccoli | black beans | pork,418.15,352.00,"A meal plate containing sliced pan-seared meat, steamed broccoli florets, a mixed vegetable and spinach stir-fry, and a small breaded protein strip.",360.00,335.00,0.167
dish_1563221519,chicken breast | pepperoni pizza,379.97,206.00,"A small meal containing a small slice of pepperoni pizza, a few florets of broccoli, and seasoned chicken pieces.",285.00,165.00,0.667
dish_1563221562,chicken breast | pepperoni pizza,395.60,260.00,"A mixed plate containing a small slice of pepperoni pizza, pieces of grilled chicken, steamed broccoli, and a small side of sweet potato.",305.00,215.00,0.500
dish_1563222745,pepperoni pizza,135.36,48.00,"A very small, rectangular portion of pepperoni pizza on a large plate.",95.00,35.00,1.000
dish_1563222775,pork | pepperoni pizza,190.58,75.00,A small snack or leftovers consisting of a small portion of pepperoni pizza and one piece of fried chicken.,205.00,70.00,0.333
dish_1563221640,pepperoni pizza | chicken breast,469.19,364.00,"A varied plate consisting of fresh spinach, a mixed cabbage salad, steamed broccoli, a small portion of pepperoni pizza, chopped seasoned chicken, and roasted sweet potato.",410.00,330.00,0.333
dish_1563221602,pepperoni pizza | chicken breast,447.89,306.00,"A varied small-portion meal featuring a small pepperoni pizza square, seasoned chicken, steamed broccoli, a fresh spinach side salad, and a piece of roasted sweet potato.",370.00,225.00,0.400
dish_1563222800,chicken breast | pork | pepperoni pizza,302.32,146.00,"A light meal or snack plate consisting of small portions of sliced chicken breast, a single bite-sized piece of pizza, and one small piece of roasted meat.",265.00,125.00,0.667
dish_1563294408,pineapple,41.50,83.00,A small snack-sized portion of fresh pineapple chunks.,43.00,85.00,1.000
dish_1563222830,broccoli | chicken breast | pork | pepperoni pizza,325.07,211.00,"A mixed plate containing sliced chicken breast, a portion of steamed broccoli, a small piece of pepperoni pizza, and a small chunk of roasted meat.",320.00,205.00,0.750
dish_1563294441,pineapple | watermelon,65.20,162.00,A light snack plate consisting of small hand-cut pieces of fresh pineapple and watermelon.,68.00,180.00,1.000
dish_1563294465,pineapple | watermelon | grapes,116.95,237.00,"A small snack plate consisting of scattered pieces of fresh pineapple, watermelon, and whole green grapes.",115.00,245.00,1.000
dish_1563294491,pineapple | grapes | watermelon,146.98,328.00,"A light snack plate consisting of assorted fresh cut fruit including pineapple, strawberries, grapes, watermelon, and a blueberry.",101.00,227.00,1.000
dish_1563222850,pork | broccoli | pepperoni pizza | brown rice | chicken breast,348.38,232.00,"A mixed meal plate featuring sliced chicken breast, a pepperoni and cheese roll slice, steamed broccoli, a small portion of brown rice, and an additional piece of seared meat.",375.00,235.00,0.667
dish_1563294522,sweet potato | yam | watermelon | pineapple | grapes,250.97,400.00,"A varied plate consisting of a mix of fresh fruit (pineapple, strawberries, grapes, and watermelon) and roasted sweet potato chunks.",258.00,377.00,0.667
dish_1563294547,yam | sweet potato | grapes | watermelon | hash browns | pineapple,430.27,455.00,"A breakfast or snack plate featuring a variety of fresh cut fruits including pineapple, strawberry, and grapes, alongside roasted sweet potatoes and shredded hash browns.",276.00,337.00,0.833
dish_1563294987,bacon,97.38,18.00,A single slice of cooked bacon on a square white plate.,55.00,12.00,1.000
dish_1563295016,bacon | pineapple,127.88,79.00,A small snack or breakfast plate containing a few strips of cooked bacon and several chunks of fresh pineapple.,141.00,92.00,1.000
dish_1563295044,yam | sweet potato | pineapple | bacon,241.98,158.00,"A breakfast or snack plate consisting of fried bacon, roasted root vegetable cubes, and fresh pineapple.",269.00,185.00,0.750
dish_1563295334,bacon | scrambled eggs,228.54,96.00,A breakfast plate consisting of a portion of scrambled eggs and two strips of fried crispy bacon.,260.00,132.00,1.000
dish_1563295292,bacon,119.02,22.00,A single serving of pan-fried crispy bacon strips on a square white plate.,75.00,15.00,1.000
dish_1563302315,mushroom,13.86,63.00,"A very small portion of cooked button mushrooms, likely sautéed, served alone on a plate.",40.00,60.00,1.000
dish_1563295360,bacon | scrambled eggs | broccoli,275.89,181.00,"A breakfast or brunch plate consisting of scrambled eggs, three strips of crispy bacon, and a side of sautéed broccoli florets.",365.00,195.00,1.000
dish_1563295400,broccoli | yam | sweet potato | scrambled eggs | bacon,402.98,269.00,"A breakfast plate consisting of scrambled eggs, three strips of bacon, and a side of roasted potatoes, carrots, and broccoli.",530.00,345.00,0.800
dish_1563294575,hash browns | grapes | sweet potato | egg whites | yam | pineapple,485.91,562.00,"A varied breakfast plate featuring high-protein egg whites, starchy sides of hash browns and sweet potatoes, and a colorful assortment of fresh strawberries, grapes, pineapple, and watermelon.",329.00,452.00,0.714
dish_1563302391,roasted potatoes | chicken,401.22,311.00,"A plate containing small portions of roasted potatoes, cooked seasoned chicken, and sautéed whole mushrooms.",300.00,250.00,0.667
dish_1563302345,mushroom | chicken,265.86,215.00,"A small plate containing a piece of roasted chicken with herbs, a side of whole sautéed mushrooms, and a very small scattering of cooked grains.",165.00,137.00,0.667
dish_1563302420,chicken | roasted potatoes | carrot,435.63,381.00,"A balanced meal consisting of roasted chicken, roasted potato chunks, sliced carrots, and sautéed whole mushrooms.",390.00,315.00,0.750
dish_1563303298,chicken,170.76,103.00,A single piece of seasoned roasted chicken served alone on a plate.,250.00,110.00,1.000
dish_1563302447,chicken | carrot | roasted potatoes,561.42,440.00,"A balanced meal consisting of roasted chicken, roasted potatoes, sliced carrots, sautéed mushrooms, and a mixed green salad.",550.00,410.00,0.750
dish_1563303386,roasted potatoes | chicken | carrot,274.13,218.00,"A small portion of roasted chicken with a green herb topping, served with steamed or roasted carrot rounds, a few small roasted potato pieces, and a single pecan.",385.00,272.00,0.750
dish_1563303350,chicken | carrot,202.22,167.00,A small meal consisting of a portion of seasoned chicken and a side of cooked carrot slices.,275.00,190.00,1.000
dish_1563304261,kale,30.21,37.00,"A very small, likely leftover, portion of a chopped green salad (possibly kale Caesar) with a single crouton.",67.00,49.00,0.500
dish_1563304301,kale | roasted potatoes,190.95,151.00,A plate containing a portion of roasted red potatoes and a side of sautéed chopped kale.,180.00,160.00,1.000
dish_1563304333,chicken | roasted potatoes,451.24,308.00,"A plate containing roasted skin-on chicken pieces, roasted potato wedges, and a side of sautéed greens.",535.00,400.00,0.667
dish_1563304369,roasted potatoes | chicken,457.17,326.00,"A roasted chicken meal served with oil-roasted potatoes, eggplant, and a side of finely chopped dressed kale salad.",685.00,460.00,0.500
dish_1563304925,beef | chicken,874.46,508.00,"A plate containing small portions of roasted chicken garnished with thin-sliced herbs, accompanied by a few chunks of roasted red meat.",495.00,210.00,0.500
dish_1563304881,chicken,739.41,446.00,"Assorted pieces of roasted chicken with skin and a textured coating, garnished with fresh green herbs.",517.00,270.00,0.250
dish_1563304958,beef | tofu | chicken,951.84,614.00,"A protein-heavy meal consisting of roasted herb-crusted chicken, cubes of seasoned tofu, and a small side of sautéed greens with beef or mushrooms.",605.00,365.00,1.000
dish_1563305321,carrot,32.94,67.00,A small portion of sliced cooked carrots served on a white square plate.,20.00,48.00,1.000
dish_1563305083,chicken | beef | tofu,1234.86,901.00,"A Mediterranean-style plate featuring roasted chicken breast topped with fresh herbs, served with roasted eggplant, bread cubes, sliced carrots, and a mixed green salad with pomegranate seeds.",465.00,375.00,0.143
dish_1563305005,beef | chicken | tofu,1003.95,720.00,"A high-protein meal consisting of herb-crusted chicken, roasted tofu, steamed carrots, and a small side of sautéed beef with greens.",520.00,375.00,0.750
dish_1563305354,beef | white rice | carrot,340.07,208.00,"A very small portion consisting of a few pieces of beef, several carrot slices, and a garnish of red pepper and broccoli.",185.00,145.00,0.500
dish_1563305047,tofu | beef | chicken,1032.31,806.00,"A high-protein meal plate containing herb-topped roasted chicken, roasted eggplant, cooked carrots, small pieces of beef, and tofu cubes.",650.00,455.00,0.600
dish_1563305653,mushroom,25.74,117.00,"A small side serving of cooked, sautéed whole button mushrooms.",75.00,65.00,1.000
dish_1563305513,cheese pizza,606.25,228.00,Several irregular pieces of cheese pizza with a moderately thick crust on a white square plate.,480.00,180.00,1.000
dish_1563305689,mushroom | cucumbers,30.14,161.00,A side dish consisting of a small portion of sautéed mushrooms and fresh cucumber slices.,84.00,133.00,1.000
dish_1563305401,carrot | quinoa | beef,483.22,332.00,"A meal consisting of cooked meat strips (likely beef), a large side of sautéed spinach, and several thick slices of steamed carrots, served over a very small portion of white rice.",380.00,307.00,0.400
dish_1563305722,mushroom | chicken,434.66,405.00,"A meal consisting of cooked chicken pieces, a side of sautéed mushrooms, and fresh cucumber slices.",281.00,225.00,0.667
dish_1563305837,kale,11.43,14.00,An extremely small portion or leftover of kale salad topped with cheese shavings.,20.00,14.00,0.500
dish_1563305883,spinach (raw) | kale,83.05,77.00,"A small side portion of mixed green salad with one cherry tomato, dried fruit, nuts, and a light dressing.",83.00,51.00,0.000
dish_1563305913,mushroom | spinach (raw) | kale,89.65,107.00,A small appetizer-sized plate containing several sauteed mushrooms and a small side of dressed leafy greens with a cherry tomato.,90.00,100.00,0.250
dish_1563305948,chicken,207.36,178.00,A health-conscious plate featuring a single skinless chicken drumstick served with sautéed whole mushrooms and a variety of cooked leafy greens.,230.00,220.00,0.250
dish_1563306039,chicken | roasted potatoes | beef,493.64,326.00,"A balanced meal consisting of roasted chicken, potatoes, mushrooms, sautéed greens, and a vegetable/lentil-based side.",435.00,375.00,0.333
dish_1563306392,chicken,477.47,288.00,A meal consisting of two pieces of herb-roasted chicken served with a minimal side salad of greens and a cherry tomato.,315.00,160.00,0.500
dish_1563307488,beef | white rice,538.04,247.00,A small portion of stir-fried meat strips (likely beef) with red peppers and herb garnishing.,260.00,100.00,0.333
dish_1563305982,roasted potatoes | chicken,273.63,225.00,"A balanced meal consisting of a single roasted chicken drumstick, a small portion of roasted potatoes, whole mushrooms, and a side of mixed leafy greens.",295.00,230.00,0.667
dish_1563307519,beef | white rice | carrot,574.12,335.00,"A plate containing a portion of sautéed meat mixed with greens and herbs, served alongside sliced cooked carrots.",317.00,210.00,0.667
dish_1563308323,carrot,27.06,66.00,"A small serving of cooked, sliced carrots on a plate.",35.00,60.00,1.000
dish_1563307575,carrot | beef,671.08,419.00,"A protein-focused meal consisting of braised beef chunks, a side of cooked carrot slices, and sautéed dark leafy greens with peppers.",510.00,375.00,0.667
dish_1563308353,carrot | eggplant,51.47,140.00,A side dish consisting of sliced cooked carrots and roasted diced eggplant.,95.00,120.00,1.000
dish_1563309189,,37.95,33.00,A small portion consisting of nine kalamata olives served on a white plate.,85.00,36.00,0.000
dish_1563309237,bell peppers,49.55,62.00,A very small portion of black olives and mixed bell pepper slices on a large white plate.,34.00,44.00,1.000
dish_1563308386,carrot | eggplant | roasted potatoes,155.81,214.00,"A plate containing very small portions of roasted potatoes, sliced carrots, and cooked eggplant.",150.00,155.00,1.000
dish_1563308428,carrot | beef | roasted potatoes,406.31,329.00,"A small portioned meal consisting of roasted beef slices, roasted potato chunks, sliced carrots, and roasted eggplant pieces.",365.00,265.00,0.750
dish_1563309285,bell peppers | lettuce,59.45,128.00,"A small side salad consisting of mixed lettuce, sliced bell peppers, and several dark olives.",52.00,95.00,0.667
dish_1563309315,chicken,613.18,462.00,"A plate of roasted chicken pieces served over a fresh garden salad of lettuce and bell peppers, garnished with an olive and lemon wedge.",337.00,249.00,0.333
dish_1563389042,carrot,30.48,62.00,"A very small portion of cooked vegetables, primarily sliced carrots and a single tiny broccoli floret.",17.00,40.00,0.500
dish_1563309353,chicken,625.24,529.00,"A plate featuring three pieces of roasted stuffed chicken breast, accompanied by a fresh side salad of lettuce, cherry tomatoes, and red peppers, garnished with an olive and a lemon wedge.",385.00,300.00,0.333
dish_1563309398,chicken,655.99,604.00,"A high-protein meal featuring roasted/stuffed chicken breast served with steamed carrots, cherry tomatoes, and a light garden salad.",357.00,342.00,0.200
dish_1563389114,carrot | broccoli | arugula,86.53,148.00,"A very small portion of mixed steamed or roasted vegetables including broccoli, carrots, and yellow squash, served with a small side of fresh arugula.",38.00,124.00,0.750
dish_1563389079,broccoli | carrot,50.43,119.00,"A very small side portion of mixed cooked vegetables consisting of broccoli, carrots, yellow squash, and a piece of root vegetable.",45.00,115.00,0.500
dish_1563389413,broccoli,34.65,99.00,A side portion of steamed green vegetables including broccoli and a single slice of zucchini.,29.00,90.00,0.500
dish_1563389153,carrot | bulgur | broccoli,346.45,224.00,"A small, light meal composed of assorted cooked vegetables, fresh arugula, and a portion of grain salad.",185.00,225.00,0.333
dish_1563389548,grilled chicken,438.83,194.00,"A metal bowl containing a portion of diced, cooked chicken breast.",215.00,130.00,1.000
dish_1563389199,broccoli | bulgur | tofu | carrot,390.25,284.00,"A nutrient-dense vegan bowl consisting of a grain and lentil base, a variety of cooked vegetables including broccoli, carrots, and yellow squash, a small protein portion of tofu, and fresh arugula greens.",266.00,270.00,0.429
dish_1563389446,spinach (raw) | broccoli,117.79,173.00,A small appetizer-sized portion of vegetables featuring steamed broccoli florets and a mixed green salad with radish and carrot.,82.00,135.00,0.250
dish_1563389600,grilled chicken,451.43,264.00,"A protein-focused meal consisting of seasoned, diced grilled chicken breast and whole cherry tomatoes served in a metal bowl.",218.00,310.00,0.500
dish_1563389626,grilled chicken | carrot,498.62,360.00,A fresh salad bowl consisting mainly of a large portion of shredded carrots with some chicken breast pieces and cherry tomatoes.,135.00,190.00,0.667
dish_1563389693,carrot | grilled chicken,500.22,383.00,A bowl of shredded carrot salad topped with large shavings of hard cheese.,162.00,175.00,0.333
dish_1563389719,carrot | grilled chicken | onions,529.82,457.00,"A salad base in a metal bowl consisting of raw shredded carrots, thinly sliced red onions, and shaved parmesan cheese.",186.00,215.00,0.500
dish_1563389742,onions | grilled chicken | carrot | bell peppers,569.42,556.00,"A metal bowl containing a colorful assortment of freshly chopped raw vegetables, including bell peppers, red onion, carrots, and cabbage.",93.00,310.00,0.600
dish_1563389786,carrot | grilled chicken | bell peppers,640.14,564.00,"A mixing bowl containing sliced red and green bell peppers, sliced onions, and flaked white fish, likely prepared for a salad or stew.",179.00,330.00,0.200
dish_1563391333,squash,23.44,81.00,An extremely small garnish-sized portion of mixed sautéed or steamed vegetables on a large white plate.,13.00,55.00,0.333
dish_1563391375,squash | fish,84.28,139.00,A very small appetizer or tasting portion consisting of a single breaded savory cube garnished with greens and a side of sautéed summer squash and mini peppers.,85.00,70.00,0.333
dish_1563391413,fish | chicken thighs | squash,227.06,237.00,"A small appetizer-sized portion featuring a breaded chicken cube, a small side of sautéed squash and peppers, and a small mound of chicken and chickpea salad.",220.00,145.00,0.500
dish_1563391647,arugula,27.39,22.00,"A very minimal garnish-sized portion of salad consisting of a few mixed greens, one tomato wedge, and a single blueberry with a light dressing.",18.00,19.00,0.500
dish_1563391681,fish | quinoa,154.32,143.00,"A light meal featuring three pieces of seasoned protein chunks, likely fish or a vegetable bake, served with a small side of mixed greens.",205.00,135.00,0.333
dish_1563391922,broccoli | squash | zucchini,24.44,104.00,"A very small portion of mixed steamed or sautéed vegetables consisting of broccoli, zucchini, and yellow squash.",20.00,65.00,0.667
dish_1563391959,quinoa | fish,245.77,315.00,"A light meal consisting of small portions of crusted fish pieces with rice and herbs, served with steamed broccoli and summer squash.",243.00,205.00,0.250
dish_1563391708,fish | pizza | quinoa,319.24,205.00,"A small tasting-sized meal featuring a slice of flatbread pizza, three seasoned chicken chunks, and a small side salad.",260.00,130.00,0.200
dish_1563391989,chicken thighs | fish | quinoa,462.85,464.00,"A balanced meal consisting of seasoned white fish and chicken breast strips served with steamed broccoli, squash, and a small portion of rice and slaw.",450.00,385.00,0.286
dish_1563393148,broccoli | squash | zucchini,27.73,118.00,A very small portion of mixed steamed or raw vegetables including broccoli and pepper slices in a disposable white tray.,29.00,87.00,0.200
dish_1563392128,quinoa | fish,169.93,162.00,"A plate featuring chunks of seared, seasoned white fish mixed with rice and garnished with fresh green herbs.",362.00,215.00,0.333
dish_1563393182,zucchini | broccoli | squash | cucumbers,35.23,193.00,"A side portion of mixed steamed or lightly sautéed vegetables consisting of broccoli, zucchini, and a mini bell pepper in a foam container.",45.00,167.00,0.400
dish_1563393217,zucchini | broccoli | squash | onions | cucumbers,49.23,228.00,A small side portion of mixed raw and lightly blanched vegetables in a takeout container.,38.00,130.00,0.500
dish_1563393244,broccoli | cucumbers | onions | squash | radishes | zucchini,57.55,280.00,"A side salad or garnish composed of raw sliced radishes, broccoli florets, red onion, and cucumber in a white takeaway container.",30.00,120.00,0.667
dish_1563393341,broccoli | squash | zucchini,27.96,119.00,"A very small portion of mixed steamed or roasted vegetables including broccoli, carrot, zucchini, and red bell pepper in a takeout container.",33.00,95.00,0.400
dish_1563395341,cheese pizza,143.59,54.00,A single small rectangular piece of cheese pizza or cheesy flatbread on a large white square plate.,95.00,35.00,1.000
dish_1563393366,squash | broccoli | fish | zucchini,89.85,178.00,"A light meal or snack composed of a small piece of breaded protein and a side of mixed steamed or sautéed vegetables including broccoli, zucchini, and peppers.",150.00,140.00,0.000
dish_1563395374,cheese pizza | carrot,158.33,84.00,A very small meal or snack portion consisting of one small piece of cheesy pizza-like bread and a side of roasted carrots.,125.00,70.00,1.000
dish_1563393403,broccoli | zucchini | squash | fish,103.15,216.00,"A small, light meal portion containing pieces of seasoned white fish and mixed vegetables including broccoli, peppers, and zucchini in a takeout container.",140.00,165.00,0.750
dish_1563395415,carrot | broccoli | cheese pizza,182.54,187.00,A small side-portion meal consisting of a cheesy baked square and a variety of steamed or roasted vegetables.,218.00,200.00,1.000
dish_1563395449,carrot | broccoli | cheese pizza,214.64,222.00,A plate containing a small portion of cheese pizza or flatbread accompanied by a mix of steamed and roasted vegetables and a side spinach salad.,305.00,260.00,0.750
dish_1563395480,chicken thighs | cheese pizza,370.52,329.00,"A varied plate consisting of sliced grilled chicken breast, a small piece of cheesy flatbread, a side of fresh spinach with cheese, and a medley of roasted/steamed vegetables including zucchini, broccoli, and carrots.",450.00,330.00,0.400
dish_1563464389,bacon,91.97,17.00,"Two strips of crispy, pan-fried bacon served on a white plate.",86.00,16.00,1.000
dish_1563464429,bacon,140.99,103.00,A light snack plate featuring two strips of cooked bacon alongside a side of fresh blueberries and sliced strawberries.,118.00,82.00,1.000
dish_1563464457,watermelon | bacon,158.99,163.00,A small breakfast plate featuring two strips of bacon accompanied by fresh blueberries and cubed watermelon.,136.00,133.00,1.000
dish_1563395510,chicken thighs | cheese pizza | fish,415.63,372.00,"A high-protein, balanced plate consisting of grilled chicken, a breaded protein portion, varied steamed and roasted vegetables, a small spinach salad, and a small piece of cheese pizza.",630.00,440.00,0.429
dish_1563464480,bacon | watermelon | roasted potatoes,229.49,213.00,"A small breakfast or snack plate consisting of a single strip of bacon, a few roasted potato wedges, and a side of fresh fruit including watermelon and blueberries.",216.00,180.00,1.000
dish_1563464627,cream cheese | bagels,310.50,115.00,Toasted plain bagel halves topped with dollops of cream cheese.,400.00,136.00,1.000
dish_1563464651,cream cheese | bagels,312.00,130.00,Toasted bagel halves served with a thick spread of cream cheese and three cucumber slices.,383.00,150.00,0.667
dish_1563464543,bacon | roasted potatoes | scrambled eggs,386.37,319.00,"A standard breakfast plate consisting of scrambled eggs, fried potato chunks, two strips of bacon, one sausage link, and a small portion of mixed fresh fruit.",565.00,346.00,0.600
dish_1563464670,cream cheese | bagels | mozzarella cheese,384.18,156.00,"A light meal or snack consisting of two toasted bagel halves topped with cream cheese, accompanied by a string cheese stick and a few cucumber slices.",444.00,169.00,0.750
dish_1563465805,roasted potatoes,32.43,23.00,A very small portion consisting of five individual roasted potato chunks on a white plate.,75.00,45.00,1.000
dish_1563465847,roasted potatoes | scrambled eggs,267.75,182.00,A breakfast plate consisting of a generous portion of scrambled eggs accompanied by several pieces of roasted potatoes.,365.00,235.00,1.000
dish_1563466280,bacon,357.06,66.00,"A serving of very crispy, dark-fried bacon strips.",324.00,60.00,1.000
dish_1563468199,pineapple,53.50,107.00,A light snack of cut pineapple pieces with small dollops of white yogurt or cream on a white plate.,75.00,135.00,0.500
dish_1563468240,pineapple | watermelon,93.10,239.00,A fresh fruit plate featuring bite-sized pieces of red watermelon and yellow pineapple.,78.00,200.00,1.000
dish_1563468269,watermelon | pineapple,129.01,302.00,"A fresh fruit plate featuring cubed watermelon, pineapple chunks, and mixed berries with light dollops of yogurt.",126.00,285.00,0.667
dish_1563468299,cottage cheese | pineapple | watermelon,210.35,385.00,"A light fruit salad plate featuring diced watermelon, pineapple chunks, and mixed berries, topped with a dollop of cottage cheese.",175.00,310.00,1.000
dish_1563475788,pineapple,39.00,78.00,A small portion of approximately 7-8 fresh pineapple chunks.,28.00,55.00,1.000
dish_1563468327,yam | sweet potato | cottage cheese | pineapple | watermelon,351.89,483.00,"A varied plate consisting of fresh fruit (berries, watermelon, pineapple), a side of cottage cheese, and roasted root vegetables.",280.00,355.00,0.800
dish_1563468362,cottage cheese | pineapple | watermelon | sweet potato | yam | egg whites,411.69,598.00,"A high-protein breakfast plate featuring egg whites and cottage cheese, accompanied by a variety of fresh fruit and roasted potato cubes.",304.00,480.00,0.833
dish_1563475874,pineapple | honeydew melons | cauliflower,93.03,251.00,"A light snack or side dish consisting of steamed cauliflower florets, cubed honeydew melon, and pineapple chunks.",68.00,180.00,1.000
dish_1563475826,honeydew melons | pineapple,74.28,176.00,"A small portion of fresh diced fruit, specifically honeydew melon and pineapple, served on a white square plate.",72.00,170.00,1.000
dish_1563475921,pineapple | cauliflower | honeydew melons | brown rice | salmon,244.34,348.00,"A light, health-focused meal consisting of a small portion of salmon topped with rice and greens, served with steamed cauliflower and sides of fresh cubed melon and pineapple.",230.00,290.00,0.800
dish_1563475953,pasta | salmon | pineapple | beef | honeydew melons,427.45,453.00,"A light, portion-controlled meal consisting of a small amount of whole grain pasta and rice served with steamed cauliflower and fresh fruit chunks.",245.00,315.00,0.429
dish_1563476267,brownies,237.71,51.00,"A very small bite-sized portion of brownie on a plate, accompanied by a side of penne pasta with meat and greens in a creamy sauce.",275.00,147.00,0.000
dish_1563476408,salmon | pasta | brownies | beef,990.40,513.00,"A mixed plate featuring baked herb-crusted salmon with rice, a side of vegetable penne pasta, and a small brownie square.",740.00,340.00,0.400
dish_1563476323,salmon | brown rice | brownies,686.97,339.00,"A meal featuring herb-crusted salmon with rice and a small brownie, served with a side plate of penne pasta with cream sauce and beef.",563.00,270.00,0.400
dish_1563476551,salmon | brownies | cheese pizza | beef | pasta,1116.39,750.00,"A varied buffet-style plate featuring stuffed salmon, roasted seasonal vegetables, a side of penne pasta, a small square of pizza, and a brownie for dessert.",825.00,435.00,0.429
dish_1563477659,brussels sprouts,26.55,52.00,A single serving of roasted Brussels sprouts on a white plate.,85.00,120.00,1.000
dish_1563476646,pasta | beef,380.16,218.00,A small portion of penne pasta and braised meat chunks in a savory brown sauce.,340.00,170.00,0.333
dish_1563476463,brownies | beef | salmon | pasta | cheese pizza,1067.51,542.00,"A varied plate consisting of herb-crusted salmon, a small serving of rice, penne pasta with yellow squash and spinach, a small square of cheese pizza, and a piece of braised beef.",725.00,370.00,0.667
dish_1563476577,beef | pasta | cheese pizza | salmon | brownies,1238.03,857.00,"A varied buffet-style meal featuring a small pizza slice, baked salmon with grains, mixed green salad, penne pasta, and a chocolate brownie.",760.00,440.00,0.429
dish_1563477736,salmon | brown rice | brussels sprouts,277.05,234.00,"A health-conscious meal consisting of a small portion of stuffed fish, roasted Brussels sprouts, and a large side of fresh greens.",295.00,235.00,0.500
dish_1563477701,brussels sprouts | brown rice | salmon,179.42,150.00,"A very small portion consisting of a single piece of baked salmon topped with grains, accompanied by roasted Brussels sprouts and a garnish of spinach.",241.00,162.00,0.500
dish_1563478751,pasta | beef,950.40,545.00,A moderate portion of penne pasta mixed with sautéed meat chunks and wilted spinach in a light pan sauce.,475.00,270.00,0.667
dish_1563479568,brussels sprouts,83.67,82.00,"A very small portion of roasted vegetables and mixed greens, likely served as a light side dish or snack.",53.00,82.00,0.333
dish_1563479596,broccoli | cauliflower | brussels sprouts,104.37,151.00,"A small assortment of mixed steamed and roasted vegetables including broccoli, cauliflower, leafy greens, Brussels sprouts, and carrots.",70.00,150.00,0.750
dish_1563479526,apple | arugula | lemon juice | goat cheese | figs,67.84,51.00,A very small side salad of mixed greens and a few carrot cubes with a light oil dressing.,35.00,33.00,0.000
dish_1563479625,brussels sprouts | salmon | broccoli,202.65,214.00,"A small portion of baked salmon with a crust, accompanied by a mix of steamed vegetables including broccoli, cauliflower, mini Brussels sprouts, and leafy greens.",141.00,153.00,0.600
dish_1563480505,salmon | brown rice | pasta | beef,767.27,475.00,A plate containing baked herb-crusted salmon alongside a small portion of beef stir-fry mixed with penne pasta and leafy greens.,545.00,255.00,0.500
dish_1563479655,beef | salmon | pasta,321.23,282.00,"A nutritionally balanced meal consisting of a small portion of herb-topped salmon, a side of penne pasta, a large bed of leafy greens, and various steamed or roasted vegetables including broccoli, cauliflower, and carrots.",295.00,270.00,0.400
dish_1563480476,salmon | brown rice,517.90,332.00,Three pieces of baked salmon topped with a dense herb-based crust or sauce.,515.00,240.00,0.333
dish_1563480534,brown rice | beef | pasta | salmon,797.57,576.00,"A mixed protein plate consisting of crusted salmon, beef tips in sauce with a small amount of pasta, and a side of mixed steamed vegetables.",625.00,370.00,0.400
dish_1563480608,beef | brown rice | pasta | salmon,886.95,650.00,"A protein-rich plate featuring baked salmon with a crust, sautéed beef strips, a large portion of mixed greens, and a side of mixed steamed vegetables and roasted potatoes.",665.00,420.00,0.286
dish_1563481061,pasta | beef | figs,541.20,350.00,A meal consisting of a portion of creamy beef stroganoff with penne pasta and a side of fresh mixed green salad.,420.00,260.00,0.250
dish_1563481030,figs | spinach (raw),155.81,129.00,"A small side salad consisting of spinach, broccoli, and pieces of fresh fruit.",45.00,125.00,0.200
dish_1563550614,sweet potato | egg whites,132.82,205.00,A light breakfast plate consisting of a portion of scrambled egg whites and a small side of roasted potato cubes.,195.00,205.00,1.000
dish_1563550584,egg whites,75.40,145.00,"A pile of chopped, plain hard-boiled egg whites served on a white square plate.",52.00,100.00,1.000
dish_1563550950,scrambled eggs,183.17,93.00,A very small portion of breakfast consisting of one strip of bacon and scrambled eggs topped with shredded cheese.,175.00,75.00,0.333
dish_1563550976,scrambled eggs | roasted potatoes,284.69,165.00,"A breakfast plate containing a single strip of bacon, scrambled eggs with melted shredded cheddar cheese, and a small side of diced breakfast potatoes.",375.00,215.00,0.500
dish_1563551105,cream cheese | bagels,194.40,72.00,"A single small toasted base, such as a pancake or round bread slice, covered with a thick layer of white spreadable cheese.",200.00,70.00,0.333
dish_1563551134,bagels | cream cheese | egg whites,246.92,173.00,"A light meal or snack featuring half a toasted bagel spread with a thick layer of cream cheese, accompanied by a side of chopped egg whites.",265.00,138.00,1.000
dish_1563551164,bagels | sweet potato | egg whites | cream cheese,339.76,270.00,A breakfast plate featuring half a toasted English muffin topped and flanked with egg whites and roasted potato cubes.,215.00,188.00,0.400
dish_1563551006,scrambled eggs | roasted potatoes | country rice,357.67,213.00,"A breakfast plate consisting of scrambled eggs with shredded cheese, a strip of bacon, a small portion of vegetable fried rice, and diced breakfast potatoes.",395.00,210.00,0.600
dish_1563551360,scrambled eggs,322.64,218.00,A portion of scrambled eggs served on a square white plate.,185.00,120.00,1.000
dish_1563551194,sweet potato | egg whites | bagels | greek yogurt | chia seeds | milk | cream cheese,471.64,400.00,"A varied breakfast plate consisting of a scoop of dark grain porridge topped with banana, a side of scrambled egg whites, and half a piece of toast with a white spread topped with roasted root vegetable cubes.",365.00,290.00,0.300
dish_1563551397,brussels sprouts | scrambled eggs,365.53,302.00,A protein-focused meal consisting of a generous portion of scrambled eggs paired with roasted brussels sprouts.,380.00,270.00,1.000
dish_1563552016,syrup | waffles,493.59,174.00,A single round Belgian-style waffle drizzled with syrup.,350.00,120.00,1.000
dish_1563551220,cream cheese | greek yogurt | milk | chia seeds | bagels | egg whites | sweet potato,561.70,558.00,"A varied breakfast plate featuring oatmeal topped with banana, scrambled egg whites, roasted potato chunks, a large serving of mixed fresh fruit, and a dollop of yogurt.",425.00,528.00,0.300
dish_1563553735,granola,114.39,88.00,"A very small starter salad consisting of mixed greens, blackberries, and strawberry pieces with a light dressing.",53.00,61.00,0.000
dish_1563555072,scrambled eggs,165.76,112.00,A single serving of scrambled eggs on a white rectangular plate.,195.00,125.00,1.000
dish_1563553756,granola | bacon,309.15,124.00,A small appetizer or snack plate consisting of one strip of bacon and a side salad of greens with berries.,60.00,55.00,0.333
dish_1563553780,granola | bacon | almonds,557.73,167.00,"A small salad plate containing a strip of bacon, a significant portion of whole almonds, mixed greens, and several fresh berries.",255.00,72.00,0.667
dish_1563555100,cantaloupe | scrambled eggs,190.92,186.00,A breakfast plate consisting of scrambled eggs and a side of fresh cantaloupe melon pieces.,219.00,210.00,1.000
dish_1563555510,scrambled eggs,193.88,131.00,A single portion of fluffy scrambled eggs served on a white square plate.,165.00,110.00,1.000
dish_1563555160,scrambled eggs | sweet potato | cantaloupe | brussels sprouts,268.83,287.00,A high-protein breakfast plate consisting of a large portion of scrambled eggs accompanied by a side of roasted mixed vegetables including sweet potatoes and brussels sprouts.,550.00,375.00,0.600
dish_1563555543,scrambled eggs | pineapple,268.38,280.00,A breakfast plate consisting of a portion of scrambled eggs and a side of fresh pineapple chunks.,270.00,230.00,1.000
dish_1563563240,,48.30,42.00,A small portion consisting of approximately 11 dark olives served in a metal bowl.,105.00,44.00,0.000
dish_1563555563,scrambled eggs | pineapple | bacon,398.22,304.00,"A balanced breakfast plate containing a serving of scrambled eggs, a single strip of bacon, and fresh pineapple chunks.",275.00,208.00,1.000
dish_1563555605,scrambled eggs | pineapple | roasted potatoes | bacon,537.81,403.00,"A breakfast plate featuring scrambled eggs, home fries, bacon, and fresh pineapple chunks.",430.00,296.00,0.600
dish_1563563264,grilled chicken,322.00,163.00,A metal bowl containing a small portion of diced cooked chicken breast and dark olives.,190.00,100.00,0.500
dish_1563563289,grilled chicken,331.90,218.00,"A high-protein, low-carb mixture consisting of cubed white meat chicken, cherry tomatoes, and dark olives.",182.00,175.00,0.333
dish_1563563317,grilled chicken,345.84,252.00,"A preparation bowl containing diced cooked chicken breast, shredded raw carrots, and a single cherry tomato.",164.00,143.00,0.333
dish_1563563467,bok choy,40.75,119.00,A single small serving of sautéed bok choy on a white square plate.,35.00,65.00,1.000
dish_1563563348,grilled chicken,362.64,294.00,"A salad base in a metal bowl consisting of diced cooked chicken, shredded carrots, green bell pepper slices, and one cherry tomato.",148.00,175.00,0.250
dish_1563563378,grilled chicken | onions,385.44,351.00,"A salad base in a metal bowl containing cooked chicken pieces, plenty of sliced red onion, green bell peppers, shredded carrots, and a cherry tomato.",114.00,150.00,0.400
dish_1563563527,fish | pizza,322.91,302.00,"A mixed plate containing a slice of vegetable pizza, a side of sautéed bok choy, and a small portion of white fish with spinach.",390.00,280.00,0.667
dish_1563563492,pizza | bok choy,192.37,176.00,"A protein-focused meal consisting of a baked fish fillet topped with melted cheese and tomato, served with a side of sautéed bok choy greens.",375.00,250.00,0.333
dish_1563564676,kale,50.62,62.00,A small portion of kale salad garnished with parmesan shavings and a single visible nut fragment.,87.00,46.50,0.250
dish_1563564707,kale | corn on the cob,143.99,150.00,A side dish consisting of two small corn on the cob rounds and a kale salad with parmesan cheese.,220.00,175.00,1.000
dish_1563564760,ground turkey | kale | corn on the cob,341.85,243.00,"A balanced meal consisting of a protein-rich meatloaf portion, a side of leafy greens, and two small pieces of corn on the cob.",325.00,210.00,0.500
dish_1563564797,ground turkey | kale | corn on the cob | fish,411.26,310.00,"A balanced meal consisting of baked fish with lentils, a slice of meatloaf with a creamy topping, two small corn cobettes, and a large side of kale salad with cheese shavings.",565.00,345.00,0.600
dish_1563565289,corn on the cob,93.37,88.00,Two small pieces of steamed or boiled corn on the cob in a white disposable container.,65.00,80.00,1.000
dish_1563564828,fish | corn on the cob | ground turkey | kale,452.21,355.00,"A well-balanced meal comprising a piece of grain-topped fish, buckwheat, sautéed greens, corn slices, and a small portion of creamy mash.",505.00,370.00,0.500
dish_1563565323,corn on the cob | ground turkey,229.53,152.00,A small serving consisting of two small meatloaf pieces and two small corn on the cob rounds in a square compostable container.,270.00,170.00,0.333
dish_1563565354,fish | corn on the cob | ground turkey,272.32,193.00,"A meal in a takeout container featuring a piece of cooked fish, a portion of meatloaf with a garnish, and two small rounds of corn on the cob.",445.00,225.00,0.500
dish_1563565415,corn on the cob | fish | ground turkey,303.48,284.00,"A takeout-style meal in a square container consisting of sautéed greens, two portions of white protein (likely fish or a lean meat patty), and two small wheels of corn on the cob.",275.00,280.00,0.500
dish_1563565454,fish | ground turkey | corn on the cob,350.79,322.00,"A takeout container meal consisting of sautéed green vegetables with berries, a single thick slice of meatloaf, and two small pieces of corn on the cob.",330.00,255.00,0.200
dish_1563565683,fish,65.74,63.00,"A very small, snack-sized portion of grilled oily fish served on a fragment of flatbread in a white takeaway container.",130.00,55.00,0.000
dish_1563565508,ground turkey | kale | fish | corn on the cob,403.86,387.00,"A varied meal in a takeout container consisting of a meatloaf slice, sautéed greens, a kale salad with cheese, and small portions of corn and potato.",435.00,375.00,0.286
dish_1563565720,mushroom | fish,84.66,149.00,A small snack-sized portion consisting of sautéed whole mushrooms and a small piece of a thin savory wrap with seaweed.,170.00,130.00,0.333
dish_1563565761,mushroom | fish,88.66,159.00,"A small leftover portion consisting of sautéed whole mushrooms, a small piece of seared fish, and sliced red onions in a foam container.",168.00,160.00,0.667
dish_1563566674,,100.89,88.00,A very small portion of whole grains (likely brown rice or bulgur) served with a small side of black beans on a white square plate.,81.00,65.00,0.000
dish_1563566626,,62.10,54.00,A small portion of dark olives with a tiny green garnish served on a white plate.,131.00,56.00,0.000
dish_1563565805,mushroom | fish | bok choy,157.49,360.00,"A light meal in a takeout container consisting of stir-fried bok choy, sautéed mushrooms, and a small portion of cooked white protein.",215.00,265.00,1.000
dish_1563566725,wild rice,241.31,206.00,"A plate featuring a cluster of Kalamata olives, a small mound of bulgur wheat, and a sautéed mixture of carrots, green beans, and rice.",300.00,220.00,0.333
dish_1563566810,figs | wild rice,392.29,331.00,"A Mediterranean-style plant-based bowl consisting of a grain base, cooked leafy greens, fresh and sautéed vegetables, and whole kalamata olives.",340.00,320.00,0.200
dish_1563566909,wild rice,222.53,187.00,"A small portion of tofu and vegetable stir-fry consisting of firm tofu cubes, sliced carrots, and green beans, served on a base of brown rice.",208.00,190.00,0.250
dish_1563566939,wild rice,286.03,238.00,"A health-conscious plate consisting of seared tofu cubes, a small portion of wild rice, mixed sautéed vegetables, and a side of arugula greens with fresh berries.",230.00,245.00,0.250
dish_1563566965,wild rice | chickpeas,370.83,286.00,"A plant-forward plate consisting of baked tofu, a small amount of whole grains, and a variety of cooked and raw vegetables including leafy greens, carrots, and chickpeas.",258.00,295.00,0.400
dish_1563567319,fish,398.63,382.00,A health-conscious meal featuring oily fish (mackerel) served over lentils and greens with a side of fresh fruit.,407.00,263.00,0.000
dish_1563567372,fish | pizza,951.91,590.00,"A varied meal featuring grilled oily fish topped with grains, served alongside four rectangular slices of flatbread/pizza and a side of mixed fruit chunks.",870.00,470.00,0.200
dish_1563567599,arugula,194.23,156.00,"A small appetizer-sized arugula salad topped with mixed berries and nut fragments, coated in a light dressing.",114.00,70.00,0.333
dish_1563567722,fish | corn on the cob,645.32,576.00,"A balanced meal consisting of a portion of cooked buckwheat, a piece of white fish with a lentil-like topping, a fresh arugula salad with berries and nuts, and a small piece of corn on the cob.",450.00,370.00,0.400
dish_1563567978,fish,118.96,114.00,"A very small, single portion of a stuffed vegetable leaf wrap containing chicken and grains.",85.00,55.00,0.000
dish_1563567626,corn on the cob | arugula,291.84,248.00,"A fresh salad featuring arugula, walnuts, and mixed berries, served with two small portions of corn on the cob.",226.00,163.00,0.667
dish_1563568003,fish,126.15,135.00,A small portion of steamed fish accompanied by a few pieces of bok choy.,155.00,135.00,0.500
dish_1563567663,fish | arugula | corn on the cob,514.11,461.00,"A nutritionally balanced plate featuring a small portion of white fish topped with buckwheat, a large arugula side salad, a small piece of corn, and mixed berries.",246.00,202.00,0.750
dish_1563568118,fish,139.83,134.00,Three small pieces of cooked white fish on a white square plate.,115.00,105.00,1.000
dish_1563568025,fish | corn on the cob,244.99,247.00,"A meal consisting of three small corn wheels, a portion of cooked fish with skin and toppings, and steamed leafy green vegetables.",292.00,230.00,0.667
dish_1563568263,cheese pizza,119.65,45.00,"A single, very small rectangular piece of cheese pizza.",70.00,25.00,1.000
dish_1563568148,bok choy | fish,171.00,225.00,A healthy meal of three small pieces of steamed white fish and a side of cooked bok choy.,180.00,230.00,1.000
dish_1563568292,corn on the cob | cheese pizza,276.68,193.00,A small meal consisting of a single small slice of cheese pizza and four small rounds of corn on the cob.,210.00,165.00,1.000
dish_1563568319,ground turkey | corn on the cob | cheese pizza,604.32,347.00,"A plate containing a small slice of cheese pizza, four corn rounds, a stuffed green pepper dish with creamy spinach, and a few scattered grains.",490.00,310.00,0.400
dish_1563568338,corn on the cob | ground turkey | cheese pizza,631.71,371.00,"A plate containing a small portion of cheese pizza, four corn rounds, a small serving of brown grains, and a stuffed pepper dish with cream sauce.",370.00,237.00,0.400
dish_1563811412,egg whites,112.84,217.00,A meal consisting of plain paneer chunks and a side of reddish-brown tomato-based gravy.,570.00,295.00,0.000
dish_1563568357,cheese pizza | ground turkey | chickpeas | corn on the cob,767.74,448.00,"A varied plate consisting of a kale and chickpea salad, whole grains, corn wheels, a small slice of cheese pizza, and a creamy topped protein dish.",535.00,375.00,0.500
dish_1563811439,cantaloupe | egg whites,137.32,289.00,"A light breakfast consisting of cooked egg whites, cubed cantaloupe, and a side of red salsa.",129.00,305.00,0.667
dish_1563811463,egg whites | sweet potato | cantaloupe,220.59,376.00,"A breakfast or light lunch consisting of cooked egg whites, roasted potato cubes, and fresh papaya, accompanied by a savory red sauce.",235.00,325.00,0.400
dish_1563811490,sausage | cantaloupe | sweet potato | egg whites,268.83,390.00,"A breakfast plate consisting of egg whites, roasted potatoes, cantaloupe, and sausage slices with a side of sauce.",362.00,370.00,1.000
dish_1563811611,scrambled eggs,195.36,132.00,A portion of scrambled eggs served on a white square plate.,300.00,175.00,1.000
dish_1563811515,egg whites | sausage | sweet potato | cantaloupe | salsa,298.12,491.00,"A hearty meal consisting of two types of potato (mashed and roasted), boiled carrots, beef stew chunks with gravy, and two slices of sausage.",670.00,540.00,0.250
dish_1563811639,scrambled eggs,217.14,198.00,A breakfast plate containing a generous portion of scrambled eggs and a side of fresh sliced strawberries.,266.00,230.00,1.000
dish_1563812508,egg whites,112.84,217.00,"A pile of chopped, cooked egg whites served on a white square plate.",65.00,125.00,1.000
dish_1563811686,scrambled eggs | sweet potato | brussels sprouts,319.43,331.00,"A breakfast plate containing a generous portion of scrambled eggs, roasted potato chunks, roasted brussels sprouts, and a strawberry garnish.",455.00,350.00,1.000
dish_1563812535,turkey bacon | egg whites,298.89,266.00,A high-protein breakfast featuring three strips of turkey bacon and a mound of scrambled egg whites on a white plate.,175.00,185.00,1.000
dish_1563811662,scrambled eggs | brussels sprouts,245.73,254.00,"A breakfast or brunch plate consisting of a large portion of scrambled eggs, a side of roasted Brussels sprouts, and sliced fresh strawberries.",427.00,357.00,1.000
dish_1563813221,brussels sprouts,19.40,38.00,A very small portion of roasted Brussels sprouts scattered on a white plate.,58.00,55.00,1.000
dish_1563812615,turkey bacon | brussels sprouts | egg whites,402.78,386.00,"A high-protein breakfast plate consisting of a large portion of scrambled egg whites, three strips of turkey bacon, roasted brussels sprouts, and a side of mixed salad greens.",290.00,340.00,1.000
dish_1563812570,egg whites | turkey bacon,369.08,320.00,"A high-protein breakfast plate featuring three strips of turkey bacon, a large serving of scrambled egg whites, and a small side of mixed greens.",195.00,220.00,1.000
dish_1563813395,bacon | pineapple | sausage,371.86,193.00,"A mixed breakfast or brunch plate featuring protein from bacon and sausage, paired with roasted brussels sprouts and fresh pineapple chunks.",390.00,240.00,0.750
dish_1563813436,pineapple | sausage | sweet potato | bacon,418.76,242.00,"A diverse breakfast or brunch plate consisting of high-protein items (bacon and sausage), roasted vegetables (Brussels sprouts and potatoes), and a serving of fresh fruit (pineapple).",460.00,280.00,0.800
dish_1563813501,sausage | pineapple | bacon | scrambled eggs | sweet potato,694.12,414.00,"A breakfast plate featuring cheesy scrambled eggs, crispy bacon, roasted potatoes, Brussels sprouts, and fresh pineapple chunks.",605.00,350.00,0.667
dish_1563813806,egg whites,81.12,156.00,A plate containing a portion of scrambled egg whites.,85.00,130.00,1.000
dish_1563813308,brussels sprouts | bacon,224.98,76.00,"A meal consisting of two crispy bacon strips and a small serving of roasted Brussels sprouts, accompanied by roasted potatoes and sausage slices on a secondary plate.",285.00,159.00,0.500
dish_1563820775,zucchini | broccoli | squash,38.07,162.00,A very small portion of mixed green zucchini and yellow summer squash chunks on a plate.,35.00,80.00,0.333
dish_1563820806,chicken | squash | broccoli,207.81,273.00,A health-conscious meal featuring a portion of sautéed zucchini and yellow summer squash paired with a small serving of chicken and broccoli stir-fry.,240.00,245.00,0.667
dish_1563813833,sausage | egg whites,256.87,207.00,A high-protein meal consisting of a portion of scrambled egg whites and five thick slices of smoked sausage.,315.00,195.00,1.000
dish_1563820834,chicken | broccoli | pizza,308.89,311.00,A balanced meal featuring a portion of baked pasta/lasagna served with sautéed summer squash and a side of broccoli rice or grain mix.,450.00,360.00,0.200
dish_1563822546,caesar salad,38.72,88.00,"A very small portion of Caesar salad, likely a small side or appetizer serving.",183.00,88.00,0.250
dish_1563822597,broccoli | caesar salad | squash | zucchini,59.40,176.00,"A small snack-sized portion of Caesar salad with croutons and parmesan, accompanied by roasted chunks of yellow squash and green zucchini.",195.00,135.00,0.286
dish_1563823292,lime | cauliflower | garlic,450.55,208.00,"A very small portion/tasting plate consisting of sliced beef, roasted potato chunks, a cauliflower floret, and a small amount of greens.",173.00,115.00,0.167
dish_1563822636,caesar salad,237.02,258.00,"A small plate featuring grilled steak strips, a side Caesar salad, and mixed summer squash.",410.00,215.00,0.333
dish_1563822663,caesar salad,303.10,317.00,"A portion-controlled meal consisting of three thin strips of grilled steak, a small side of yellow couscous, sautéed squash and zucchini, and a side Caesar salad with croutons.",385.00,245.00,0.333
dish_1563823359,chicken,641.70,333.00,"A small portion of a meal featuring two types of protein (chicken and beef), brown rice, and roasted vegetables (potato and cauliflower) with some greens.",385.00,250.00,0.167
dish_1563823390,chicken,670.17,372.00,"A mixed protein plate featuring grilled chicken, sliced beef, a small portion of brown rice, roasted potatoes, and assorted roasted vegetables.",410.00,275.00,0.200
dish_1563823423,chicken,700.53,441.00,"A diverse meal plate featuring Caesar salad, grilled chicken with brown rice, roasted potatoes and vegetables, and sliced steak strips.",649.00,435.00,0.143
dish_1563823814,turnips,25.59,85.00,A very small portion of roasted or pan-fried diced white potatoes on a square white plate.,105.00,65.00,0.000
dish_1563823894,tatsoi,368.34,400.00,"A balanced meal consisting of sliced grilled steak, roasted potato chunks, and a chopped zucchini and pepper vegetable side.",588.00,360.00,0.000
dish_1563824065,zucchini | broccoli | squash,15.51,66.00,A very small portion of sautéed or steamed yellow squash and green zucchini slices.,15.00,40.00,0.667
dish_1563824130,broccoli | turnips,111.32,202.00,"A light vegetarian meal consisting of small portions of roasted potatoes, sautéed summer squash, and seasoned couscous.",160.00,165.00,0.000
dish_1563824092,broccoli | zucchini | squash | turnips,36.28,135.00,A side-dish portion consisting of small roasted potato cubes and a mix of sautéed green zucchini and yellow summer squash.,105.00,120.00,0.200
dish_1563824250,onions,17.20,43.00,A small portion of raw sliced red onion in a metal prep bowl.,6.00,15.00,1.000
dish_1563824279,onions,58.60,79.00,"A small portion of sliced red onion and Kalamata olives, likely the start of a salad preparation.",84.00,60.00,0.500
dish_1563824155,garlic | turnips | broccoli | zucchini | squash | lime | cauliflower,455.73,361.00,"A small, balanced plate consisting of sliced grilled steak, a portion of yellow couscous, roasted parsnips and potatoes, and sautéed summer squash.",395.00,272.00,0.100
dish_1563824339,onions | cherry tomatoes | bell peppers,85.34,175.00,"A small preparation of raw chopped vegetables including cherry tomatoes, bell peppers, red onion, and olives in a stainless steel mixing bowl.",67.00,170.00,0.750
dish_1563824304,bell peppers | onions,75.80,122.00,"A very small portion of raw sliced bell peppers, red onion, and kalamata olives inside a stainless steel bowl.",54.00,66.00,0.667
dish_1563826223,lime | cauliflower | garlic,301.09,139.00,"A small serving of sliced, cooked meat on a white plate, likely beef or pork.",225.00,90.00,0.000
dish_1563824406,grilled chicken,474.14,387.00,"A salad base in a metal bowl consisting of diced cooked chicken, shredded carrots, and assorted fresh vegetables.",218.00,208.00,0.200
dish_1563824377,grilled chicken,454.05,338.00,"A salad bowl containing diced grilled chicken, cherry tomatoes, red onion, green bell pepper, and olives.",251.00,215.00,0.200
dish_1563826272,pepperoni pizza,645.13,261.00,A plate containing a portion of seared beef strips alongside three small pieces of pepperoni pizza.,555.00,210.00,0.500
dish_1563826306,brownies | pepperoni pizza,882.84,312.00,"A mixed plate containing sliced grilled protein, a portion of pepperoni pizza, and a small chocolate brownie.",710.00,245.00,0.333
dish_1563827060,cheese pizza,146.24,55.00,A single small portion of lasagna with a browned cheese topping on a white square plate.,145.00,85.00,0.000
dish_1563827086,cheese pizza | caesar salad,199.04,175.00,"A meal featuring a single rectangular cheese pizza portion and a side of cooked green leafy vegetables, likely cabbage, in a sauce.",355.00,230.00,0.333
dish_1563827110,pineapple | caesar salad | cheese pizza,220.04,217.00,"A meal featuring a small portion of cheesy pizza bread, a side of creamy cooked greens, and a few pineapple chunks for dessert or garnish.",318.00,245.00,0.500
dish_1563827162,cheese pizza | caesar salad | pineapple | chicken,319.54,354.00,"A mixed plate containing a small portion of pizza, creamy salad, grilled chicken, sautéed summer squash, and fresh pineapple chunks.",480.00,330.00,0.800
dish_1563827132,cheese pizza | caesar salad | pineapple,240.02,302.00,"A mixed meal plate containing a small rectangular piece of cheese pizza, a side of creamy green salad, sautéed squash, and fresh pineapple chunks.",405.00,285.00,0.500
dish_1563827188,cheese pizza | caesar salad | pineapple | chicken,369.36,377.00,"A mixed plate featuring lean grilled chicken, a portion of Caesar salad, a small rectangular cheese pizza piece, mixed summer squash, and fresh pineapple chunks.",460.00,375.00,0.800
dish_1563827425,caesar salad,60.72,138.00,A very small portion of Caesar salad on a white plate.,57.00,48.00,0.333
dish_1563827454,zucchini | caesar salad | squash | broccoli,86.57,248.00,"A side salad featuring mixed greens with a creamy dressing, served alongside sliced yellow squash and cucumber pieces.",150.00,190.00,0.167
dish_1563827482,caesar salad,894.52,621.00,"A high-protein meal consisting of sliced steak strips, mixed roasted and sautéed vegetables including cauliflower and squash, and a small side salad with a creamy dressing.",620.00,370.00,0.000
dish_1563897047,egg whites,66.04,127.00,A small bowl containing steamed cauliflower and a single broccoli floret drizzled with a savory brown sauce.,55.00,130.00,0.000
dish_1563897087,broccoli | egg whites,102.44,231.00,A small bowl containing steamed broccoli florets and flaked white fish with a light seasoning or sauce.,100.00,145.00,0.333
dish_1563897338,cantaloupe,29.92,88.00,A small portion of fresh cantaloupe melon chunks served on a white plate.,37.00,110.00,1.000
dish_1563897395,cantaloupe | sweet potato | broccoli,135.91,233.00,"A health-conscious plate featuring fresh fruit, roasted root vegetables, and green cruciferous vegetables.",194.00,300.00,1.000
dish_1563897369,cantaloupe | sweet potato,117.01,179.00,A small plate containing chunks of cantaloupe and pieces of roasted potato.,171.00,220.00,1.000
dish_1563897439,cantaloupe | broccoli | egg whites | sweet potato,315.31,578.00,"A breakfast plate featuring a high-protein portion of scrambled egg whites, accompanied by roasted potatoes, fresh cantaloupe, and a small side of broccoli.",230.00,345.00,1.000
dish_1563897794,,57.57,101.00,A small portion of fresh fruit consisting of sliced strawberries and a few blueberries on a white square plate.,23.00,65.00,
dish_1563897492,cantaloupe | broccoli | salsa | egg whites | sweet potato,339.67,662.00,"A varied meal consisting of mashed potatoes topped with gravy, a side of broccoli, roasted potato pieces, and fresh cantaloupe.",377.00,440.00,0.500
dish_1563897938,bacon,54.10,10.00,A single strip of cooked crispy bacon on a white plate,45.00,10.00,1.000
dish_1563897837,watermelon,118.47,304.00,"A fresh fruit snack consisting of watermelon cubes, sliced strawberries, and a few blueberries.",70.00,225.00,1.000
dish_1563897870,oatmeal,169.32,249.00,"A single bowl of thick, cooked oatmeal porridge.",210.00,280.00,1.000
dish_1563897981,scrambled eggs | bacon,243.54,138.00,A minimalist breakfast plate featuring a small portion of scrambled eggs and one strip of bacon.,205.00,115.00,1.000
dish_1563898084,bacon | milk | greek yogurt | scrambled eggs | pineapple | chia seeds,419.49,384.00,"A high-protein breakfast plate featuring scrambled eggs, a strip of bacon, fresh fruit (pineapple and blueberries), and a serving of chia seed pudding.",407.00,292.00,0.667
dish_1563898107,greek yogurt | bacon | pineapple | milk | chia seeds | scrambled eggs,440.69,424.00,A balanced breakfast plate featuring high-protein scrambled eggs and bacon alongside fresh fruit and chia seed pudding.,419.00,322.00,0.667
dish_1563898688,broccoli,32.55,93.00,A small serving of steamed broccoli florets.,35.00,90.00,1.000
dish_1563898019,bacon | chia seeds | greek yogurt | scrambled eggs | milk,343.98,237.00,"A breakfast plate featuring a pile of scrambled eggs, one slice of crispy bacon, and a side of chia seed pudding.",295.00,175.00,0.600
dish_1563898722,broccoli | scrambled eggs,343.35,303.00,A plate containing a portion of scrambled eggs served alongside several florets of steamed broccoli.,242.00,225.00,1.000
dish_1563898813,broccoli | scrambled eggs | bacon,626.51,382.00,"A high-protein, low-carb breakfast plate consisting of scrambled eggs, cooked broccoli florets, two slices of bacon, and fresh baby spinach.",470.00,335.00,0.750
dish_1563898786,broccoli | scrambled eggs,420.93,344.00,"A nutritious and high-protein meal consisting of scrambled eggs, a side of steamed broccoli, and a fresh spinach salad with shredded carrots.",255.00,265.00,0.667
dish_1563900120,sweet potato,46.90,49.00,A very small portion consisting of a few chunks of roasted potato on a white plate.,110.00,75.00,1.000
dish_1563898880,scrambled eggs | bacon | broccoli,643.62,441.00,"A high-protein breakfast plate featuring scrambled eggs topped with salsa, accompanied by steamed broccoli, a side of fresh baby spinach, and two crispy bacon strips.",350.00,320.00,0.600
dish_1563900150,sweet potato | scrambled eggs,202.30,154.00,A breakfast plate consisting of a portion of scrambled eggs and roasted potato wedges.,387.00,230.00,1.000
dish_1563900205,sweet potato | broccoli | scrambled eggs | cantaloupe,262.26,301.00,"A balanced breakfast plate featuring scrambled eggs, roasted potato chunks, steamed broccoli, and fresh cantaloupe cubes.",358.00,350.00,1.000
dish_1563908957,caesar salad | green beans,73.87,159.00,A meal consisting of a portion of sautéed green beans and a side Caesar salad with creamy dressing and parmesan cheese.,243.00,197.00,1.000
dish_1563900172,scrambled eggs | cantaloupe | sweet potato,236.64,255.00,"A breakfast plate consisting of scrambled eggs, roasted potato wedges, and fresh cantaloupe chunks.",391.00,370.00,1.000
dish_1563908923,caesar salad,49.28,112.00,"A side-portion Caesar salad consisting of dressed romaine lettuce, shaved parmesan cheese, and a few small crouton pieces.",156.00,92.00,0.250
dish_1563908996,caesar salad | chicken | millet | green beans,269.92,293.00,"A meal consisting of two portions of breaded chicken breast, a side of green beans, and a Caesar salad.",598.00,350.00,0.750
dish_1563909550,green beans | fried rice,310.32,273.00,"A vegetable-forward plate featuring a portion of yellow rice, a large serving of seasoned green beans, and a side of fresh spinach.",254.00,265.00,0.667
dish_1563909507,spinach (raw) | green beans,117.93,151.00,"A light vegetable side dish featuring sautéed green beans topped with citrus zest, served alongside a small portion of fresh spinach leaves.",80.00,115.00,1.000
dish_1563909469,spinach (raw),72.40,64.00,"A very small appetizer or side salad consisting of baby spinach leaves, thin onion slices, and a piece of fruit, dressed with a light oil-based vinaigrette.",55.00,45.00,0.250
dish_1563909951,spinach (raw) | green beans,180.60,188.00,"A vegetable salad containing baby spinach, steamed green beans, and partial servings of onion and hard-boiled egg, lightly dressed.",105.00,125.00,0.500
dish_1563909982,chicken | spinach (raw) | millet,370.79,318.00,"A small meal consisting of two pieces of fried chicken, a side of green beans, and a fresh spinach salad with onions.",257.00,165.00,0.500
dish_1563909580,fried rice | cheese pizza,544.31,361.00,"A balanced meal featuring cheesy French bread pizza, a side of yellow rice, a large serving of green beans, and fresh spinach leaves.",545.00,365.00,0.500
dish_1563910106,spinach (raw),101.46,84.00,A single small serving of cooked rainbow chard on a large white plate.,35.00,70.00,0.000
dish_1563910171,salmon | brown rice,571.18,423.00,"A balanced meal consisting of green beans, sautéed greens, and a chicken-rice-spinach casserole.",355.00,280.00,0.250
dish_1563910530,salmon | brown rice,333.83,214.00,"A small portion of sliced, seasoned, and pan-seared or roasted chicken breast.",135.00,75.00,0.000
dish_1563910276,salmon | brown rice,375.94,241.00,"A portion of cooked, seasoned chicken breast pieces served on a square white plate.",215.00,115.00,0.000
dish_1563910137,green beans,131.28,141.00,"A vegetable-based side dish consisting of sautéed green beans and cooked leafy greens, likely Swiss chard.",100.00,155.00,0.500
dish_1563911156,millet | chicken,140.45,96.00,A single piece of seasoned and roasted chicken served on a white square plate.,135.00,55.00,0.500
dish_1563910639,brown rice | salmon,697.29,447.00,"A light meal consisting of flaked white fish, white rice, and leafy greens mixed together.",250.00,210.00,0.250
dish_1563910676,brown rice | salmon,757.96,501.00,"A meal featuring a mixture of white fish and white rice, accompanied by a side of sautéed/wilted spinach.",293.00,280.00,0.250
dish_1563910708,salmon | brown rice,786.21,555.00,"A plate containing a portion of flaked white fish mixed with white rice, served alongside sautéed green beans and wilted spinach.",285.00,270.00,0.200
dish_1563911185,green beans | millet | chicken,159.81,133.00,A small meal consisting of a piece of seasoned cooked chicken breast and a side of green beans.,160.00,120.00,0.667
dish_1563913588,cheese pizza,180.81,68.00,Two small rectangular portions of cheese pizza on a large white plate.,240.00,90.00,1.000
dish_1563911215,millet | chicken | green beans | fried rice,218.16,170.00,"A single plate containing a portion of seasoned chicken, a side of yellow rice, and a serving of green beans.",405.00,285.00,0.750
dish_1563911255,fried rice | quinoa | millet | chicken,293.19,235.00,"A balanced meal consisting of grilled seasoned chicken, a portion of yellow rice, sautéed green beans, and a side of mixed leafy greens including spinach and Belgian endive.",405.00,310.00,0.333
dish_1563913627,cheese pizza,230.33,109.00,A small portion of cheese pizza consisting of two rectangular pieces paired with a side of mixed leaf salad.,300.00,140.00,1.000
dish_1563913675,cheese pizza | caesar salad,282.69,228.00,A lunch plate consisting of two small square slices of cheese pizza served with both a Caesar salad and a side of mixed greens.,485.00,250.00,1.000
dish_1563984140,egg whites,245.44,472.00,"A serving of plain, chopped hard-boiled egg whites on a white plate.",83.00,160.00,1.000
dish_1563913709,fried rice | caesar salad | cheese pizza,337.89,263.00,"A varied meal consisting of two small rectangular cheese pizza slices, a scoop of yellow rice, a central portion of Caesar salad, and a side of mixed baby greens.",585.00,345.00,1.000
dish_1563984167,egg whites | cantaloupe,291.68,608.00,"A high-protein, low-calorie plate consisting of chopped egg whites and fresh cantaloupe chunks.",132.00,295.00,1.000
dish_1563913741,cheese pizza | fried rice | caesar salad,353.06,292.00,"A varied plate consisting of two small cheese pizza slices, a side of yellow rice, sautéed green beans, a dressed Caesar salad, and a small pile of mixed greens.",725.00,430.00,0.600
dish_1563984199,egg whites | cantaloupe | pineapple,322.68,670.00,A plate containing a large portion of cooked egg whites alongside fresh chunks of cantaloupe and pineapple.,163.00,350.00,1.000
dish_1563984701,chicken apple sausage,275.20,172.00,A plate containing approximately 21 slices of cooked sausage.,170.00,105.00,1.000
dish_1563984242,sweet potato | egg whites | pineapple | cantaloupe,402.12,753.00,A breakfast or brunch plate featuring a high-protein portion of chopped egg whites paired with fresh tropical fruit and a side of roasted potato cubes.,242.00,390.00,1.000
dish_1563984296,egg whites | salsa | cantaloupe | sweet potato | pineapple,436.34,871.00,"A breakfast plate consisting of a large portion of egg whites topped with red salsa, served with sides of fresh cantaloupe, pineapple, and roasted potato cubes.",262.00,450.00,1.000
dish_1563984729,scrambled eggs | chicken apple sausage,495.72,321.00,A breakfast plate featuring scrambled eggs and pan-fried sliced sausages.,510.00,230.00,1.000
dish_1563984771,granola | chicken apple sausage | scrambled eggs,582.81,388.00,"A high-protein breakfast plate consisting of a portion of scrambled eggs, numerous slices of breakfast sausage, and a side of fresh mixed greens.",415.00,255.00,0.667
dish_1563984835,granola | scrambled eggs | chicken apple sausage,603.98,461.00,"A breakfast plate consisting of scrambled eggs topped with salsa, served with a side of sliced breakfast sausages and fresh mixed greens.",420.00,270.00,0.500
dish_1563996251,cauliflower,39.50,158.00,A small portion of plain steamed cauliflower florets on a plate.,18.00,70.00,1.000
dish_1563986093,scrambled eggs,239.03,215.00,A breakfast plate consisting of a portion of scrambled eggs and a small side of fresh mixed berries.,245.00,195.00,1.000
dish_1563996279,carrot | cauliflower,98.49,278.00,"A side dish consisting of steamed or sautéed cauliflower florets and roasted, glazed carrot slices.",125.00,235.00,1.000
dish_1563996308,carrot | cream | chicken | cauliflower,718.51,659.00,"A meal consisting of sliced chicken breast in a creamy sauce, served with sides of steamed cauliflower and carrots.",440.00,375.00,0.750
dish_1563996485,arugula | roasted potatoes | cauliflower,178.04,201.00,"A vegetable-focused meal consisting of a fresh arugula salad, steamed cauliflower florets, and roasted potato chunks.",188.00,185.00,1.000
dish_1563996464,arugula | cauliflower,100.49,146.00,A small side meal or starter comprising a fresh arugula salad with light dressing and a portion of steamed cauliflower florets.,75.00,110.00,1.000
dish_1563996596,caesar salad,39.60,90.00,"A small side portion of Caesar salad consisting of chopped romaine lettuce, creamy dressing, and Parmesan shavings.",184.00,110.00,0.333
dish_1563996509,cauliflower | chicken | roasted potatoes,365.18,316.00,"Grilled chicken breast served with roasted potatoes, cauliflower, and a leafy arugula salad.",330.00,275.00,0.750
dish_1563996441,arugula,80.24,65.00,"A small side salad of mixed baby greens and arugula, topped with walnut pieces and a light vinaigrette.",105.00,53.00,0.500
dish_1563996625,brown rice | caesar salad,342.70,215.00,"A balanced meal consisting of a fresh Caesar-style salad, sliced seasoned beef, and a side of savory rice.",495.00,285.00,0.667
dish_1563997327,spinach (raw),157.88,120.00,"A light side salad featuring mixed spinach and arugula base, garnished with thin apple slices, red bell peppers, and blueberries, tossed in a light dressing.",67.00,95.00,0.333
dish_1563998210,chicken,148.09,91.00,A very small serving of cooked chicken pieces on a large white plate.,75.00,45.00,1.000
dish_1563996656,carrot | brown rice | caesar salad,376.62,284.00,"A balanced dinner plate featuring a green Caesar salad, roasted sliced carrots, a portion of roast beef, and a side of seasoned rice.",580.00,390.00,0.750
dish_1563997386,spinach (raw) | carrot,215.88,238.00,"A vegetable-forward salad containing roasted carrot slices, mixed leafy greens, and pieces of yellow squash with an oil-based dressing.",185.00,212.00,0.200
dish_1563997418,carrot,608.70,400.00,"A balanced meal consisting of sliced roasted beef steak served over a bed of fresh greens, accompanied by roasted carrot rounds and potato chunks.",453.00,343.00,0.250
dish_1563998244,roasted potatoes | chicken,259.48,170.00,A small meal consisting of sliced roasted chicken and roasted potato chunks served on a white plate.,230.00,150.00,1.000
dish_1563998279,chicken | roasted potatoes,565.01,296.00,"A protein-focused meal consisting of sliced red meat, cooked chicken pieces, and roasted potato chunks.",440.00,225.00,0.667
dish_1564000202,cheese pizza,396.19,149.00,A small portion of cheese pizza or cheesy flatbread cut into three small pieces on a white plate.,235.00,85.00,1.000
dish_1563998513,chicken | cookies | roasted potatoes | cauliflower,757.51,599.00,"A protein-heavy mixed plate featuring sliced beef, chicken breast, steamed cauliflower, roasted potatoes, and a small fried patty.",555.00,420.00,0.500
dish_1564000417,cheese pizza,340.35,128.00,A single rectangular slice of thick-crust cheese pizza on a white square plate.,285.00,110.00,1.000
dish_1564000459,cheese pizza | chicken,485.19,217.00,A small serving consisting of one rectangular slice of cheese pizza and a small portion of a creamy chicken and vegetable dish.,325.00,135.00,1.000
dish_1563998323,roasted potatoes | chicken | cauliflower,634.51,574.00,"A high-protein meal consisting of sliced steak and roasted chicken pieces, served with roasted potatoes and a large side of cauliflower.",500.00,400.00,0.750
dish_1564073641,sweet potato,49.77,52.00,A very small side portion of roasted sweet potato cubes.,42.00,35.00,1.000
dish_1564000490,caesar salad | cheese pizza | chicken,532.71,325.00,"A meal consisting of a thick-crust cheese pizza slice, a side Caesar salad, and a piece of chicken with creamy spinach sauce.",625.00,270.00,1.000
dish_1564073677,scrambled eggs | sweet potato,108.97,92.00,A small breakfast or side plate consisting of scrambled eggs and roasted sweet potato chunks.,150.00,110.00,1.000
dish_1564000536,chickpeas | cheese pizza | chicken | caesar salad,659.91,397.00,"A mixed plate featuring two slices of cheesy bread, a Caesar salad, a mixed vegetable salad, and portioned pieces of roasted chicken.",805.00,450.00,0.333
dish_1564073716,scrambled eggs | sweet potato | egg whites,214.53,295.00,"A high-protein breakfast plate featuring separated scrambled egg whites, scrambled egg yolks, and roasted sweet potato cubes.",305.00,265.00,0.667
dish_1564082212,pork | chicken,707.94,425.00,"A mixed protein plate containing breaded fried chicken, sliced roasted meat, and a small side of white rice.",807.00,340.00,0.250
dish_1564073860,bacon,492.31,91.00,A serving of several strips of pan-fried crispy bacon on a white plate.,230.00,45.00,1.000
dish_1564082323,caesar salad | pork | chicken,748.86,518.00,"A high-protein, calorie-dense meal consisting of several pieces of fried breaded chicken, a side salad, roasted meat slices, and a small portion of white rice.",1007.00,510.00,0.250
dish_1564083480,grilled chicken,259.70,133.00,"A high-protein, low-carb snack or small meal consisting of chopped cooked chicken breast and whole dark olives.",203.00,105.00,0.500
dish_1564082462,pesto | pork | pasta | chicken,905.35,609.00,"A high-protein, calorie-dense meal consisting of breaded fried chicken, a pesto-dressed pasta and green salad, sliced roasted meat, and a small side of white rice.",1020.00,525.00,0.333
dish_1564083508,grilled chicken | cherry tomatoes,276.26,225.00,"A small snack portion containing pieces of cooked chicken, cherry tomatoes, and black olives.",191.00,173.00,0.667
dish_1564086602,cheese pizza,130.29,49.00,A single small rectangular piece of cheese pizza on a large square plate.,95.00,35.00,1.000
dish_1564083534,cherry tomatoes | grilled chicken | bell peppers,309.06,307.00,"A light Mediterranean-style salad containing grilled chicken pieces, whole cherry tomatoes, sliced red and green bell peppers, and kalamata olives, lightly dressed in oil.",222.00,245.00,0.750
dish_1564086624,cheese pizza | corn on the cob,217.29,131.00,A very small meal consisting of one small rectangular piece of cheese pizza and two rounds of corn on the cob.,205.00,135.00,1.000
dish_1564086658,cheese pizza | corn on the cob | caesar salad,260.85,230.00,"A meal plate containing a portion of Caesar salad, a small rectangular slice of cheese pizza, and two small rounds of corn on the cob.",395.00,210.00,1.000
dish_1564086709,cheese pizza | caesar salad | pasta | corn on the cob,393.27,307.00,"A mixed plate containing a rectangular cheese pizza slice, a side of pesto penne pasta with spinach, a portion of Caesar salad, and two small rounds of corn on the cob.",640.00,345.00,0.600
dish_1564086748,chicken | pasta | corn on the cob | cheese pizza | caesar salad,443.77,339.00,"A mixed plate containing pesto pasta with spinach, Caesar salad, a small piece of breaded chicken, a small pizza slice, and two corn cob rounds.",775.00,375.00,0.667
dish_1564159520,bacon,227.22,42.00,Two slices of cooked bacon served on a white square plate.,86.00,16.00,1.000
dish_1564086778,pork | cheese pizza | chicken | pasta | corn on the cob | caesar salad,645.80,437.00,"A mixed plate containing caesar salad, pesto penne, a slice of square cheese pizza, roasted meat, corn rounds, and a piece of breaded chicken.",810.00,390.00,0.833
dish_1564160043,bagels,245.00,98.00,"A single golden-brown savory bagel or bialy, likely with a cheese topping, served on a white square plate.",320.00,95.00,1.000
dish_1564159588,turkey bacon | sausage | bacon,477.15,113.00,A white plate containing two strips of cooked bacon and three pieces of sliced sausage.,190.00,50.00,0.667
dish_1564160161,bagels,242.50,97.00,A single toasted cheese bagel served on a square white plate.,320.00,105.00,1.000
dish_1564159636,sausage | turkey bacon | bacon,487.87,134.00,"A meal consisting of two strips of bacon, sliced sausage, and a few Brussels sprouts.",238.00,110.00,0.500
dish_1564168695,pepperoni,385.01,78.00,Two small rectangular pieces of pepperoni pizza served on a square white plate.,255.00,90.00,1.000
dish_1564169254,sandwiches | watermelon,161.75,201.00,A light snack or small meal consisting of a portion of bread and fresh watermelon cubes on a white plate.,120.00,145.00,0.333
dish_1564169197,sandwiches,116.45,50.00,A single small wedge of multigrain bread served on a white plate.,40.00,15.00,0.000
dish_1564168739,pepperoni | sandwiches,585.30,164.00,A plate containing two small portions of pepperoni pizza and a full whole-grain toasted sandwich cut into halves.,570.00,210.00,0.333
dish_1564169298,tatsoi | sandwiches | watermelon,187.08,299.00,"A light plate featuring a small portion of rustic bread, fresh watermelon cubes, and a chopped vegetable salad.",122.00,185.00,0.200
dish_1564169644,cheese pizza,433.42,163.00,"A plate containing several small pieces of assorted pizza, including pepperoni and cheese varieties with different crust thicknesses.",560.00,210.00,0.333
dish_1564169878,tortilla | chicken thighs | cheese,732.51,341.00,"A portion of shredded chicken prepared in a tomato-based sauce, commonly referred to as chicken tinga or similar stewed chicken dish.",240.00,180.00,0.333
dish_1564169932,cheese | chicken thighs | tortilla,766.63,473.00,"A meal consisting of savory shredded chicken in a red sauce paired with a fresh side salad of cucumbers, tomatoes, and greens.",385.00,340.00,0.250
dish_1564169340,watermelon | sandwiches | chicken thighs | tortilla | cheese,657.52,518.00,"A balanced meal consisting of protein-rich shredded chicken with cheese, whole grain bread, fresh cubed watermelon, and a vegetable side salad.",385.00,335.00,0.429
dish_1564169958,tortilla | chicken thighs | cheese,787.78,563.00,"A balanced meal featuring a large portion of shredded meat in red sauce, sautéed summer squash, and a fresh chopped vegetable salad.",479.00,465.00,0.200
dish_1564170071,onions,14.00,35.00,A metal prep bowl containing freshly sliced raw red onion with a small side serving of sauced pulled meat on a white ceramic plate.,109.00,85.00,0.500
dish_1564170010,tortilla | cheese | salmon | chicken thighs,1264.55,831.00,"A high-protein meal consisting of shredded chicken in sauce, grilled salmon, roasted summer squash, and a fresh vegetable mix.",746.00,540.00,0.286
dish_1564170141,onions | cherry tomatoes,62.68,133.00,"A salad preparation with fresh vegetables and olives, accompanied by a small portion of shredded cooked protein.",188.00,165.00,0.500
dish_1564170098,onions,50.80,67.00,"A meal consisting of a serving of shredded meat in a red sauce, served with a side of sliced raw red onions and several Kalamata olives.",325.00,165.00,0.500
dish_1564170283,cheese | chicken thighs | tortilla,646.59,301.00,A small portion of shredded chicken in a red sauce accompanied by a small separate piece of grilled chicken on a large white plate.,170.00,105.00,0.250
dish_1564170474,zucchini | squash | broccoli,39.48,168.00,A small portion of sautéed zucchini and yellow squash chunks on a white plate.,60.00,95.00,0.333
dish_1564170173,bell peppers | onions | cherry tomatoes,79.88,176.00,"A deconstructed meal consisting of a salad base (fresh peppers, onions, tomatoes, and olives) in a bowl and a side portion of sauced shredded meat on a plate.",236.00,235.00,0.750
dish_1564170836,salmon | brown rice,240.16,135.00,Small serving of cooked salmon pieces accompanied by a minimal amount of wilted greens on a white plate.,225.00,105.00,0.333
dish_1564170542,salmon | brown rice,523.37,440.00,A plate of pan-seared salmon fillets accompanied by seasoned rice and sautéed zucchini and yellow squash.,430.00,315.00,0.667
dish_1564170880,salmon | brown rice,348.56,230.00,"A balanced meal plate consisting of three pieces of roasted salmon, a side of whole grain pilaf with dried fruit, and a small portion of roasted Brussels sprouts.",425.00,240.00,0.250
dish_1564170923,kale | salmon | brown rice,378.82,319.00,"A health-focused meal consisting of three small pieces of grilled salmon, a generous serving of sautéed kale, and a small side of seasoned grain salad.",490.00,335.00,0.500
dish_1564170967,salmon | kale | brown rice,400.20,410.00,"A balanced meal consisting of roasted salmon, a whole grain side (likely farro), sautéed kale, and roasted seasonal vegetables including yellow squash and zucchini.",448.00,360.00,0.600
dish_1564171935,salmon | brown rice,476.34,309.00,"A meal consisting of cooked salmon pieces mixed with light grains and greens, accompanied by a darker grain and bean side dish.",445.00,245.00,0.333
dish_1564171888,brown rice | salmon,345.13,194.00,A small portion of seared salmon chunks with scattered rice grains and green onion garnish.,280.00,140.00,0.667
dish_1564171970,brown rice | salmon,498.82,396.00,"A healthy grain-based meal featuring seasoned farro, a salmon and rice mixture, and a fresh cucumber and pepper salad.",470.00,325.00,0.667
dish_1564427406,grilled chicken,305.37,135.00,"A portion of cooked, diced chicken breast served in a stainless steel mixing bowl.",140.00,85.00,1.000
dish_1564171996,brown rice | salmon,519.50,484.00,"A balanced meal consisting of cooked salmon chunks with rice, a side of dark whole grains, a fresh cucumber and pepper salad, and sautéed squash.",460.00,380.00,0.200
dish_1564427430,grilled chicken,345.62,170.00,A small portion of diced cooked chicken breast meat and whole kalamata olives in a metal bowl.,185.00,100.00,0.500
dish_1564427455,grilled chicken,354.26,218.00,"A light mixture of lean diced chicken breast, fresh cherry tomatoes, and kalamata olives served in a metal bowl, likely as a base for a salad or prep for a Mediterranean-style dish.",301.00,240.00,0.333
dish_1564428181,quinoa | pork,510.05,320.00,"A balanced meal featuring a piece of seasoned roasted chicken, a dense vegetable and grain side dish, and a fresh arugula salad.",485.00,285.00,0.000
dish_1564428144,arugula | quinoa,205.21,171.00,A small portion consisting of one piece of seasoned chicken and a side salad of arugula with fruit bits.,175.00,100.00,0.333
dish_1564428102,arugula,133.22,107.00,"A very small side salad or snack composed of arugula leaves, pine nuts, and blueberries with a light oil dressing.",81.00,39.00,0.333
dish_1564428404,pears,113.75,104.00,"A small appetizer-sized side salad consisting of mixed greens, a small amount of carrots, and white cheese crumbles, lightly dressed.",80.00,45.00,0.000
dish_1564428444,cauliflower,157.00,277.00,A light side dish or small meal consisting of a mixed green salad with shredded carrots and several steamed cauliflower florets.,45.00,170.00,0.500
dish_1564428515,pork | quinoa | cauliflower,484.62,479.00,"A balanced meal consisting of roasted seasoned chicken, steamed cauliflower florets, and a side of mixed leafy greens with shredded carrots.",270.00,275.00,0.200
dish_1564428475,cauliflower | quinoa,261.62,370.00,"A health-conscious meal featuring a small piece of grilled salmon, a portion of steamed cauliflower, and a side of leafy greens with carrots.",225.00,260.00,0.250
dish_1564429702,cauliflower,39.50,158.00,A serving of plain steamed cauliflower florets on a white plate.,28.00,110.00,1.000
dish_1564429235,chickpeas | tempeh,479.76,253.00,"A small portion of tofu and vegetable fried rice served with a side of mixed greens, chickpeas, and red peppers.",235.00,165.00,0.333
dish_1564429744,cauliflower | quinoa,282.48,374.00,A portion of steamed cauliflower florets served alongside two pieces of crusted chicken.,263.00,245.00,0.333
dish_1564429270,chickpeas | tempeh,605.51,354.00,A balanced vegetarian meal featuring a protein-rich tofu and rice mix paired with a nutrient-dense berry and chickpea salad.,430.00,300.00,0.333
dish_1564429184,tempeh,389.66,202.00,A small portion of stir-fried seasoned rice with several cubes of tofu and fresh herbs.,245.00,160.00,0.000
dish_1564429808,cauliflower | pork | quinoa,380.68,422.00,A protein-focused meal consisting of a generous portion of steamed cauliflower florets alongside seared chicken pieces topped with a grainy crust.,387.00,315.00,0.250
dish_1564432094,pepperoni pizza,177.66,63.00,"A small, single portion of pepperoni pizza on a large square white plate.",110.00,40.00,1.000
dish_1564429894,quinoa | pork | cauliflower,498.77,566.00,"A balanced meal consisting of roasted chicken thighs, yellow couscous with raisins, steamed cauliflower, and a side of roasted squash.",655.00,480.00,0.167
dish_1564429843,cauliflower | quinoa | pork,395.73,474.00,"A balanced meal consisting of roasted chicken pieces with a textured crust, a generous side of steamed cauliflower, and a small portion of roasted squash.",350.00,340.00,0.200
dish_1564432128,pepperoni pizza,217.03,102.00,A small portion consisting of one small rectangular pepperoni pizza slice and a side of mixed leafy green salad.,200.00,105.00,1.000
dish_1564432165,pepperoni pizza | pineapple,246.03,160.00,"A light meal featuring a small portion of pepperoni pizza, a side salad, and fresh pineapple chunks.",240.00,185.00,1.000
dish_1564432238,pepperoni pizza | pineapple | pork,455.39,315.00,"A mixed meal featuring a small portion of pepperoni pizza, a side salad, fresh pineapple, steamed cauliflower, and a savory beef and cabbage stir-fry.",430.00,320.00,0.400
dish_1564502063,bacon,497.72,92.00,"A pile of several strips of well-cooked, crispy bacon on a square white plate.",350.00,65.00,1.000
dish_1564503184,bacon,97.38,18.00,A single strip of cooked bacon on a large plate,45.00,10.00,1.000
dish_1564503219,bacon | egg whites,213.86,242.00,A high-protein breakfast consisting of scrambled egg whites seasoned with pepper and one strip of turkey bacon.,120.00,143.00,1.000
dish_1564432191,pepperoni pizza | cauliflower | pineapple,261.03,220.00,"A varied meal consisting of a small piece of pepperoni pizza, fresh pineapple chunks, steamed cauliflower, and a small side of mixed greens.",255.00,215.00,1.000
dish_1564514906,white beans | fish,199.27,178.00,A very small portion/leftovers of a white fish and white bean salad with mixed greens and a piece of carrot.,120.00,92.00,0.667
dish_1564514953,white beans | fish | carrot,249.90,281.00,A very small portion of roasted sliced carrots served with a small serving of a fish and vegetable bake.,155.00,165.00,0.667
dish_1564514997,carrot | fish | white beans,381.11,396.00,"A balanced meal consisting of a lentil and rice grain mix, a fillet of baked white fish with vegetable topping, and a side of roasted carrots.",460.00,350.00,0.500
dish_1564516366,,31.05,27.00,A plate containing approximately seven black olives.,32.00,28.00,
dish_1564515049,carrot | white beans | broccoli | fish,431.64,611.00,"A balanced dinner plate consisting of a grain and legume side, a creamy protein-based gratin, and generous portions of cooked zucchini and carrots.",445.00,435.00,0.333
dish_1564516397,cherry tomatoes,36.81,59.00,A small snack portion consisting of several cherry tomatoes and black olives.,90.00,110.00,1.000
dish_1564516429,fish | white beans,178.98,186.00,"A small snack or starter plate consisting of a piece of herb frittata with white beans, served with fresh cherry tomatoes, black olives, and a small piece of marinated artichoke.",202.00,197.00,0.250
dish_1564516454,fish | chicken breast | white beans,311.14,266.00,"A protein-focused meal consisting of diced chicken breast and stuffed fish fillets, accompanied by fresh cherry tomatoes, black olives, and a small portion of white beans.",467.00,325.00,0.750
dish_1564516732,carrot,26.55,54.00,"A small portion of cooked, sliced carrots on a white plate.",45.00,60.00,1.000
dish_1564516760,chicken thighs | quinoa,442.73,329.00,Roasted chicken pieces with a breadcrumb topping served with roasted carrot slices and small roasted potatoes.,490.00,290.00,0.200
dish_1564516483,carrot | white beans | chicken breast | fish,364.23,374.00,"A high-protein meal consisting of crusted white fish with beans, diced chicken breast, roasted carrots, black olives, and fresh cherry tomatoes.",430.00,360.00,0.600
dish_1564518454,cheese pizza,164.86,62.00,A single rectangular slice of cheese pizza on a large white square plate.,210.00,75.00,1.000
dish_1564518488,cheese pizza | chicken thighs,248.09,117.00,A small meal consisting of a single rectangular slice of cheese pizza and one fried chicken drumstick.,355.00,165.00,1.000
dish_1564518512,cheese pizza | chicken thighs | carrot,270.71,163.00,"A small portioned meal consisting of a single slice of rectangular pizza, one roasted chicken drumstick, and a small side of sliced cooked carrots.",260.00,155.00,1.000
dish_1564518850,frozen yogurt,194.33,119.00,A small portion of chocolate mousse or pudding served in a white bowl.,140.00,90.00,0.000
dish_1564518586,carrot | cheese pizza | chicken thighs,361.41,315.00,"A varied plate containing a portion of cheese pizza, a roasted chicken drumstick, and several servings of cooked and raw vegetables.",470.00,345.00,0.750
dish_1564588483,sausage,175.75,51.00,A plate containing six slices of cooked smoked sausage and a tiny scrap of scrambled egg.,284.00,92.00,0.500
dish_1564588533,sausage | egg whites,236.07,167.00,A simple breakfast plate consisting of a portion of scrambled eggs and several slices of fried breakfast sausage.,335.00,160.00,1.000
dish_1564518542,carrot | chicken thighs | cheese pizza,342.38,234.00,"A mixed plate containing a small rectangular cheese pizza slice, a roasted chicken drumstick, sliced cooked carrots, and a fresh green salad.",288.00,190.00,1.000
dish_1564588567,sausage | scrambled eggs | egg whites,450.67,312.00,"A high-protein breakfast plate featuring a mix of scrambled whole eggs, cooked egg white pieces, and sliced sausages.",395.00,248.00,1.000
dish_1564588688,sausage,148.18,43.00,A small portion of four pan-fried sausage pieces served on a white square plate.,180.00,60.00,1.000
dish_1564588719,chilaquiles | sausage,222.28,81.00,"A breakfast plate featuring an egg benedict-style dish with hollandaise sauce on a muffin, accompanied by sausage slices and seasoned corn chips.",394.00,138.00,0.167
dish_1564588820,egg whites,81.12,156.00,"A plate of torn fresh white cheese, likely mozzarella, seasoned with black pepper.",176.00,63.00,0.000
dish_1564588859,egg whites | greek yogurt | milk | chia seeds,183.59,257.00,A high-protein breakfast plate featuring torn hard-boiled egg whites seasoned with pepper and a side of chia seed pudding topped with small pieces of peach and fresh blueberries.,141.00,178.00,0.400
dish_1564588889,egg whites | greek yogurt | chia seeds | milk,234.49,346.00,"A high-protein breakfast plate featuring cooked egg whites, chia seed pudding topped with a generous portion of blueberries, and small fruit pieces.",258.00,315.00,0.400
dish_1564589025,sweet potato,48.81,51.00,A very small portion consisting of five roasted potato pieces on a white plate.,90.00,60.00,1.000
dish_1564588919,milk | greek yogurt | egg whites | sweet potato | chia seeds,335.94,452.00,"A health-conscious breakfast plate featuring lean protein from egg whites, complex carbohydrates from roasted potatoes, antioxidants from blueberries, and healthy fats/fiber from chia pudding.",349.00,330.00,0.600
dish_1564589308,roasted potatoes,227.01,161.00,A small portion of roasted or baked potato chunks served on a white square plate.,170.00,130.00,1.000
dish_1564589366,egg whites | roasted potatoes,324.25,348.00,A breakfast plate containing a generous portion of scrambled egg whites and a side of seasoned roasted potato chunks.,320.00,265.00,1.000
dish_1564590115,sweet potato,115.81,121.00,A small serving of roasted potato chunks on a white plate.,145.00,110.00,1.000
dish_1564589072,sweet potato | chilaquiles,419.31,241.00,"A breakfast plate consisting of chilaquiles rojos with egg, roasted potato wedges, and a topping of crumbled white cheese.",665.00,305.00,0.667
dish_1564590146,watermelon | sweet potato,141.01,205.00,A small snack or side plate consisting of roasted potato chunks and fresh watermelon slices.,204.00,200.00,1.000
dish_1564590190,sweet potato | watermelon,194.02,298.00,"A breakfast or snack plate consisting of roasted potato pieces and a mixed fruit assortment of strawberries, blueberries, and watermelon.",272.00,320.00,1.000
dish_1564590288,pineapple | watermelon | egg whites | cantaloupe | sweet potato,464.86,848.00,"A high-protein breakfast plate featuring a large portion of scrambled egg whites, roasted breakfast potatoes, and a fruit medley of watermelon, melon, pineapple, and berries.",270.00,435.00,0.800
dish_1564590254,pineapple | watermelon | cantaloupe | sweet potato,248.54,432.00,"A mixed plate of fresh seasonal fruit and roasted potato cubes, served with a side of fresh white cheese chunks.",413.00,395.00,0.800
dish_1564590352,pineapple | cantaloupe | salsa | watermelon | sweet potato | egg whites,497.92,962.00,"A high-volume, nutrient-dense meal consisting of a large portion of steamed cauliflower and roasted potatoes topped with a savory red sauce, served alongside a variety of fresh fruit chunks.",408.00,730.00,0.125
dish_1564590226,watermelon | sweet potato | cantaloupe,220.54,376.00,"A breakfast plate with a variety of fresh fruit and roasted potato cubes, accompanied by a small portion of cottage cheese.",296.00,405.00,0.750
dish_1564601470,turnips,15.84,73.00,A very small portion consisting of four bite-sized pieces of boiled cassava on a white plate.,96.00,60.00,0.000
dish_1564601528,turnips | roasted potatoes,142.74,163.00,"A very small portion of mixed potatoes, consisting of plain boiled white potato chunks and seasoned roasted potato chunks with herbs.",155.00,110.00,0.333
dish_1564605293,cheese pizza,404.17,152.00,Three small rectangular slices of thin-crust cheese pizza on a white square plate.,360.00,135.00,1.000
dish_1564601569,turnips | roasted potatoes | brussels sprouts,208.10,291.00,"A small portion of roasted potatoes, brussels sprouts, and steamed white root vegetable cubes served as a side dish.",165.00,170.00,0.500
dish_1564675060,watermelon,23.10,77.00,A very small portion of diced fresh watermelon on a white plate.,15.00,50.00,1.000
dish_1564601638,chicken | roasted potatoes | fish | brussels sprouts,712.46,541.00,"A varied meal plate featuring two types of protein (fried chicken and baked fish), roasted potatoes, roasted Brussels sprouts, and cubed white root vegetables.",520.00,380.00,0.800
dish_1564601600,chicken | brussels sprouts | roasted potatoes,600.80,434.00,"A meal featuring a fried protein patty with a slaw garnish, accompanied by roasted potato chunks, roasted Brussels sprouts, and fresh jicama cubes.",483.00,300.00,0.333
dish_1564675118,watermelon | sweet potato,177.19,238.00,A small meal consisting of roasted potato cubes and fresh watermelon cubes.,192.00,200.00,1.000
dish_1564605328,cheese pizza,541.24,349.00,"A meal consisting of three small rectangular pieces of cheese pizza accompanied by a Mediterranean-style side salad with cucumbers, olives, and feta cheese.",560.00,285.00,0.200
dish_1564675157,grapes | watermelon | sweet potato,208.93,284.00,A side plate featuring seasoned roasted potato cubes accompanied by fresh watermelon chunks and red grapes.,256.00,240.00,1.000
dish_1564675193,grapes | egg whites | sweet potato,478.81,803.00,"A breakfast plate consisting of a large serving of egg whites, a side of roasted potato cubes, and a small fruit portion of grapes and watermelon.",401.00,490.00,0.750
dish_1564675380,turkey bacon,87.33,23.00,"A single strip of cooked, crispy bacon served on a white plate.",46.00,12.00,1.000
dish_1564675240,grapes | egg whites | sweet potato,502.88,886.00,"A breakfast plate consisting of a high-protein scrambled egg white base, roasted potato chunks, a side of fresh fruit (grapes and watermelon), and a topping of red salsa.",320.00,465.00,0.600
dish_1564685144,green beans,26.16,50.00,A very small portion of sautéed green beans on a white plate.,45.00,50.00,1.000
dish_1564685183,green beans,127.11,150.00,A small side meal consisting of a fresh mixed vegetable salad and a portion of sautéed green beans.,65.00,110.00,1.000
dish_1564675411,egg whites | turkey bacon,235.53,308.00,"A hearty meal featuring a large portion of mashed potatoes topped with brown gravy, accompanied by a single long strip of crispy bacon.",475.00,345.00,0.250
dish_1564685229,green beans | cherry tomatoes | bell peppers | lime | ketchup | spinach (raw) | millet | onions | lettuce | cucumbers,591.44,347.00,"A balanced plate consisting of seared beef strips, a mixed green garden salad, and a side of sautéed green beans.",370.00,225.00,0.182
dish_1564685360,millet,304.05,129.00,A very small portion/leftover amount of a grain-based dish with meat and a few vegetables on a large plate.,135.00,85.00,0.000
dish_1564685450,pizza,623.01,288.00,"A mixed meal featuring a piece of French bread pizza, a side of mixed leaf salad with carrots, and a portion of grain-based pilaf with strips of grilled beef.",555.00,295.00,0.500
dish_1564685482,pizza | brownies,851.40,337.00,"A varied meal plate featuring a cheesy flatbread pizza slice, lean sliced beef over a grain base, a side of mixed greens, and a small chocolate dessert wedge.",745.00,335.00,0.200
dish_1564686657,cheese pizza,279.19,105.00,"Two small squares of thin-crust flatbread pizza topped with cheese, red onions, and meat.",150.00,55.00,1.000
dish_1564685406,bell peppers | cherry tomatoes | ketchup | spinach (raw) | onions | lime | lettuce | cucumbers | millet,367.65,192.00,"A small portioned meal consisting of grilled beef strips, a side of seasoned grains, and a fresh mixed green salad.",305.00,175.00,0.000
dish_1564686740,cheese pizza,399.80,221.00,"A meal featuring two rectangular slices of flatbread pizza topped with cheese and red onions, served with a side of mixed greens and a small portion of Kalamata olives.",500.00,260.00,0.333
dish_1564686791,chicken breast | cheese pizza,601.35,343.00,"A balanced plate featuring two slices of thin-crust flatbread pizza, a portion of lean diced chicken, a side salad, and olives.",458.00,265.00,1.000
dish_1564686832,brownies | chicken breast | cheese pizza,829.74,392.00,"A varied plate consisting of two small flatbread pizza slices, diced chicken, mixed salad greens, olives, and a small chocolate treat.",545.00,275.00,0.400
dish_1564686966,ketchup | millet | bell peppers | spinach (raw) | onions,153.20,65.00,Two small slices of seared beef steak on a large white plate.,126.00,50.00,0.000
dish_1564686702,cheese pizza,307.94,130.00,"A small snack or light meal consisting of two mini flatbread pizza slices with steak and onions, a side of seven Kalamata olives, and a small serving of green vegetables.",290.00,125.00,0.333
dish_1564686855,brownies | chicken breast | cheese pizza,1030.16,435.00,"A varied plate consisting of two small pizza slices, a portion of diced grilled chicken, a fresh side salad, several olives, and two small chocolate dessert pieces.",700.00,330.00,0.333
dish_1564688969,cheese pizza,239.31,90.00,Two small portions of thin-crust cheese pizza with visible tomato sauce and melted mozzarella.,235.00,85.00,1.000
dish_1564687046,white rice | green beans | ketchup | fish,374.79,308.00,"A meal consisting of two strips of beef steak, a side of green beans, and a piece of baked eggplant with tomato sauce.",345.00,270.00,0.167
dish_1564687013,fish | ketchup | white rice,330.84,224.00,"A small portioned meal consisting of two slices of beef steak and a piece of fish topped with tomato sauce, served over a minimal amount of rice.",213.00,140.00,0.400
dish_1564687090,fish | white rice | ketchup | green beans,498.02,416.00,"A protein-rich meal consisting of steak, fish with tomato sauce, a generous portion of green beans, and a small lentil-tofu grain salad.",400.00,330.00,0.400
dish_1564689078,spinach (raw),72.36,55.00,A very small snack-sized portion of sautéed greens and four blueberries on a large square plate.,36.00,42.00,0.000
dish_1564689138,chickpeas,268.27,223.00,"A light, plant-based salad plate featuring a mixture of chickpeas, leafy greens, cucumber, red onion, a slice of fruit, and blueberries.",112.00,170.00,0.333
dish_1564689168,tofu | chickpeas,352.95,339.00,"A plant-based salad plate consisting of cubed tofu, chickpeas, a mix of leafy greens with cucumber and onion, black olives, and a light sprinkling of grains or seeds, likely dressed with a vinaigrette.",329.00,278.00,0.400
dish_1564689219,chickpeas | lentils | tofu,506.85,474.00,"A plant-forward protein bowl containing tofu, black lentils, and chickpeas served over a bed of mixed greens and cucumber salad.",388.00,365.00,0.750
dish_1564689108,chickpeas | arugula,203.66,159.00,"A small portion of salad consisting of chickpeas, mixed greens, apple slices, and blueberries on a large square white plate.",138.00,104.00,0.333
dish_1564690085,lentils | chickpeas,170.62,143.00,A very small portion of a meal consisting of a chickpea-arugula salad and a side of dark lentils with a protein component.,150.00,100.00,1.000
dish_1564690038,lentils,92.34,81.00,"A very small tasting or leftover portion consisting of protein topped with a dark lentil-based sauce, a single green bean, and a few kernels of corn.",80.00,55.00,0.500
dish_1564690167,lentils | chickpeas,251.78,207.00,"A small portioned meal consisting of green beans, a small piece of meat, a chickpea salad, and some roasted or sautéed vegetables.",295.00,220.00,0.200
dish_1564690138,lentils | green beans | chickpeas,190.50,181.00,"A small portion of mixed vegetables consisting of sautéed green beans, a chickpea and leafy green salad, and sautéed mushrooms served on a white square plate.",140.00,135.00,0.500
dish_1564691380,green beans | corn on the cob,96.26,111.00,A very small portion of vegetables consisting of sautéed green beans and two corn medallions.,90.00,135.00,1.000
dish_1564690194,white rice | fish | ketchup | lentils,500.92,430.00,"A multi-component meal featuring spiced rice, mixed proteins (fish and braised meat), sautéed green beans, chickpea salad, and a small side of dark legumes.",585.00,400.00,0.429
dish_1564691420,corn on the cob | green beans,212.35,226.00,"A light side plate featuring a portion of sauteed green beans, two rounds of corn on the cob, and a small mixed salad with red onion and carrots.",135.00,160.00,0.667
dish_1564761388,egg whites,54.60,105.00,A single portion of plain scrambled egg whites served on a white square plate.,48.00,92.00,1.000
dish_1564761426,egg whites | fried rice,207.57,202.00,A light meal consisting of a small portion of vegetable fried rice with corn and a side of scrambled egg whites.,220.00,195.00,1.000
dish_1564691450,corn on the cob,542.33,366.00,"A plate consisting of sliced beef with sauce, a side of sautéed green beans, two rounds of corn on the cob, and a small mixed green salad.",360.00,265.00,0.333
dish_1564761457,fried rice | turkey bacon | egg whites,287.31,223.00,"A breakfast or brunch plate featuring scrambled egg whites, a small side of corn-and-vegetable fried rice, and a single strip of lean bacon.",245.00,220.00,1.000
dish_1564761488,turkey bacon | egg whites | fried rice | honeydew melons,327.99,336.00,"A breakfast plate containing egg whites, a small portion of vegetable fried rice, one strip of bacon, and cubed honeydew melon.",277.00,300.00,1.000
dish_1564773847,salmon | mayonnaise | lentils,238.03,161.00,A small portion of cooked salmon with skin accompanied by seven grape tomatoes.,123.00,120.00,0.250
dish_1564773876,salmon | lentils | broccoli | mayonnaise,258.33,219.00,"A small, light meal consisting of a small portion of grilled fish, two broccoli florets, and several fresh grape tomatoes.",152.00,200.00,0.400
dish_1564773903,salmon | pineapple | mayonnaise | broccoli,316.83,336.00,"A light meal featuring a small portion of seasoned fish accompanied by broccoli, cherry tomatoes, and fresh pineapple chunks.",235.00,300.00,0.333
dish_1564773942,salmon | chicken breast | mayonnaise | pineapple,491.94,442.00,"A balanced meal plate featuring diced chicken breast, fresh pineapple chunks, cherry tomatoes, steamed broccoli, and a small portion of cooked fish.",330.00,320.00,0.286
dish_1564774773,broccoli,50.14,90.00,A very small serving of roasted broccoli florets.,45.00,75.00,1.000
dish_1564775147,salmon | mayonnaise | lentils,327.81,151.00,Two small pieces of seasoned salmon on a large white plate.,165.00,75.00,0.333
dish_1564774805,mayonnaise | salmon | lentils,621.09,353.00,A protein-focused meal consisting of two portions of pepper-crusted seared fish accompanied by a side of steamed broccoli.,345.00,255.00,0.000
dish_1564773976,chicken breast | mayonnaise | salmon | pineapple,516.09,463.00,"A high-protein meal plate containing diced chicken, a small portion of grilled fish, served with pineapple, broccoli, cherry tomatoes, and olives.",355.00,355.00,0.250
dish_1564773826,cherry tomatoes,10.08,56.00,"A small serving of cherry tomatoes on a white square plate, with a secondary plate partially visible containing a protein dish with sauce and green vegetables.",150.00,170.00,0.333
dish_1564777933,cheese pizza,103.70,39.00,"A single, very small rectangular piece of cheese pizza on a large white square plate.",78.00,28.00,1.000
dish_1564775182,salmon | lentils | mayonnaise | broccoli,398.00,277.00,A light meal consisting of two small pieces of cooked salmon accompanied by a side of roasted broccoli florets.,220.00,180.00,0.500
dish_1564777960,cheese pizza | beef,331.01,147.00,A very small meal consisting of a small rectangular piece of cheese pizza and three thin slices of roasted meat.,230.00,105.00,0.500
dish_1564775216,salmon | mayonnaise | broccoli | beef,530.60,340.00,"A meal consisting of cooked broccoli florets, two small pieces of grilled salmon, and two small chunks of grilled red meat.",340.00,260.00,0.500
dish_1564777986,cheese pizza | broccoli | beef,372.23,221.00,"A plate featuring a small portion of cheese pizza, several slices of roasted meat, and cooked broccoli florets.",315.00,195.00,0.500
dish_1565020755,bacon,43.28,8.00,A single slice of crispy cooked bacon on a white plate.,45.00,10.00,1.000
dish_1564778030,cheese pizza | broccoli | beef,504.42,283.00,"A balanced meal consisting of a small slice of cheese pizza, roasted meat slices, steamed broccoli, and a mixed side salad.",360.00,265.00,0.667
dish_1564778057,rice noodles | beef | cheese pizza,575.19,377.00,"A mixed meal plate containing a small cheese pizza slice, roasted meat slices, steamed broccoli, a tofu-based slaw, and raw salad greens.",440.00,355.00,0.167
dish_1565020796,egg whites,90.60,99.00,"A high-protein, low-carbohydrate breakfast consisting of a single strip of crispy bacon and a portion of cooked egg whites.",88.00,95.00,0.500
dish_1565020822,egg whites | sweet potato,180.56,193.00,"A small plate containing roasted sweet potato chunks, feta cheese crumbles, and a single strip of crispy bacon.",230.00,107.00,0.250
dish_1565020867,egg whites | sweet potato,255.80,325.00,"A breakfast or snack plate featuring a mix of raspberries and blackberries, roasted sweet potato chunks, a strip of bacon, and crumbles of soft white cheese.",252.00,143.00,0.250
dish_1565021054,tofu | waffles,263.75,144.00,A plate of three waffle segments topped with a savory scramble featuring green vegetables.,305.00,130.00,0.333
dish_1565020926,sweet potato | grapes | greek yogurt | egg whites | milk,398.50,489.00,"A breakfast plate consisting of mixed fresh berries, red grapes, a small portion of chia seed pudding, Greek yogurt, roasted sweet potato chunks, and a single strip of bacon.",275.00,277.00,0.429
dish_1565020895,egg whites | milk | greek yogurt | sweet potato,348.13,416.00,"A diverse breakfast or sampler plate containing fresh berries, a piece of bacon, chia pudding, soft white cheese, and roasted sweet potato chunks.",265.00,190.00,0.125
dish_1565021185,waffles | egg whites | sausage | tofu,481.50,296.00,"A breakfast plate consisting of waffle sections, sliced sausages, scrambled eggs with broccoli, topped with fresh cheese chunks, and a side of roasted potatoes.",585.00,265.00,0.500
dish_1565021141,waffles | egg whites | sausage | tofu,467.05,248.00,"A breakfast plate consisting of broken waffle pieces, sliced sausage, scrambled eggs with green vegetables, and topped with large chunks of soft white cheese.",485.00,180.00,0.600
dish_1565021104,waffles | tofu | egg whites,291.31,197.00,Three sections of a waffle topped with a savory vegetable scramble and dollops of a thick white topping.,355.00,180.00,0.200
dish_1565021220,egg whites | sweet potato | waffles | tofu | sausage,543.71,361.00,"A savory breakfast or brunch plate consisting of waffles topped with a vegetable egg scramble, roasted sweet potatoes, sliced sausage, and soft cheese dollops.",975.00,450.00,0.667
dish_1565021599,egg whites,206.96,398.00,A high-protein breakfast featuring a large portion of scrambled egg whites and a small side of roasted sweet potato cubes.,127.00,210.00,0.500
dish_1565021640,egg whites | sweet potato,304.58,500.00,"A health-conscious meal featuring a high-protein portion of scrambled egg whites, a side of roasted sweet potato cubes, and fresh cantaloupe slices.",193.00,295.00,0.667
dish_1565022027,sweet potato | egg whites,178.18,267.00,A high-protein breakfast or side dish consisting of scrambled egg whites and roasted sweet potato chunks.,197.00,225.00,1.000
dish_1565021965,egg whites,92.04,177.00,"A plate containing torn pieces of fresh white cheese, likely mozzarella.",330.00,120.00,0.000
dish_1565021714,egg whites | honeydew melons | sweet potato,381.17,662.00,"A high-protein breakfast plate featuring a large serving of scrambled egg whites, roasted sweet potato cubes, and a variety of fresh seasonal fruit.",254.00,430.00,0.750
dish_1565023128,granola,41.59,32.00,A very small starter-sized portion of mixed greens with a single piece of roasted mushroom.,12.00,30.00,0.000
dish_1565023157,scrambled eggs,379.03,260.00,A plate of scrambled eggs served over a small bed of fresh mixed greens.,190.00,140.00,1.000
dish_1565022062,egg whites | sweet potato,234.61,366.00,"A health-focused breakfast plate consisting of a large portion of scrambled egg whites, a side of roasted sweet potato cubes, and a serving of fresh mixed berries.",190.00,295.00,1.000
dish_1565021675,sweet potato | egg whites | honeydew melons,331.58,575.00,"A breakfast or light lunch plate consisting of scrambled egg whites, roasted sweet potato cubes, and fresh cantaloupe and honeydew melon.",193.00,330.00,1.000
dish_1565023182,scrambled eggs | bacon,638.71,308.00,"A breakfast plate consisting of a generous serving of scrambled eggs, three strips of crispy bacon, and a small side of fresh mixed salad greens.",420.00,205.00,1.000
dish_1565024675,turkey bacon,129.10,34.00,Two strips of turkey bacon garnished with small crumbs of scrambled egg.,85.00,33.00,0.500
dish_1565024707,turkey bacon | scrambled eggs,299.30,149.00,A high-protein breakfast consisting of two strips of turkey bacon and a side of scrambled eggs with visible vegetable inclusions.,285.00,170.00,1.000
dish_1565024741,turkey bacon | scrambled eggs | roasted potatoes,359.93,192.00,"A breakfast plate containing two strips of turkey bacon, a portion of scrambled eggs, and several roasted potato cubes.",320.00,205.00,1.000
dish_1565030350,lettuce | lime | cucumbers | onions | cherry tomatoes,62.59,62.00,"A very small side portion of mixed green salad with a few carrot slivers, lightly dressed.",46.00,28.00,0.000
dish_1565031283,beef | white rice,252.68,116.00,"A very small, leftover-sized portion of mixed white rice, braised meat chunks, and wilted green leafy vegetables on a large white plate.",111.00,75.00,0.250
dish_1565030391,white rice | beef,609.33,313.00,"A mixed plate featuring a large green salad, steamed broccoli, and a compact portion of savory rice with meat.",340.00,285.00,0.250
dish_1565031338,beef | white rice | caesar salad,296.24,215.00,"A meal featuring a Caesar salad with shaved parmesan and croutons, paired with a small side of savory mixed rice.",360.00,195.00,0.667
dish_1565031376,beef | cauliflower | caesar salad,319.49,308.00,"A mixed plate consisting of a side Caesar salad, steamed cauliflower, and a small portion of rice with protein.",350.00,265.00,0.500
dish_1565032714,figs | squash | arugula,315.59,330.00,A plate featuring roasted winter squash and a fresh salad of mixed greens and cantaloupe chunks.,190.00,260.00,0.250
dish_1565032680,figs | arugula,280.28,208.00,A small side salad or appetizer featuring fresh cantaloupe chunks and mixed baby greens with a light dressing.,97.00,175.00,0.000
dish_1565032748,beef | arugula | figs,544.31,435.00,"A balanced meal consisting of roasted meat topped with rice, served alongside roasted acorn squash and a side salad of greens and cantaloupe.",457.00,405.00,0.167
dish_1565033085,,15.40,55.00,A bowl of mixed curly red and green salad greens without visible toppings or dressing.,12.00,75.00,
dish_1565033110,broccoli,47.60,147.00,A fresh salad bowl containing mixed leafy greens and several steamed or raw broccoli florets.,50.00,165.00,1.000
dish_1565033189,chicken | broccoli,578.10,507.00,"A salad bowl featuring diced chicken breast, broccoli florets, red kidney beans, and mixed leafy greens.",325.00,325.00,0.667
dish_1565033139,broccoli,193.65,274.00,"A fresh vegetable salad consisting of mixed leafy greens, broccoli florets, and a large portion of kalamata olives.",269.00,225.00,0.500
dish_1565034234,cauliflower,43.75,175.00,A small serving of steamed cauliflower florets.,30.00,115.00,1.000
dish_1565033220,chicken,908.60,578.00,"A high-protein salad bowl containing grilled chicken cubes, steamed broccoli, and kidney beans on mixed greens, finished with a thick savory dressing.",415.00,295.00,0.333
dish_1565034281,roasted potatoes | cauliflower,228.46,306.00,A plate containing steamed cauliflower florets and a small serving of roasted purple potatoes.,185.00,285.00,1.000
dish_1565034330,cauliflower | beef | roasted potatoes,614.02,483.00,"A vegetable-heavy meal consisting of a large portion of steamed cauliflower, a side of mixed grains with leafy greens, and roasted purple potatoes.",320.00,385.00,0.500
dish_1565034605,lettuce | lime | cucumbers | onions | cherry tomatoes,52.49,52.00,A small side salad of mixed greens with vegetable bits and a light oil-based dressing.,57.00,55.00,0.000
dish_1565033265,chicken,1324.08,625.00,"A fresh salad bowl featuring grilled chicken cubes, broccoli, kidney beans, and mixed greens, drizzled with a thick savory brown dressing.",364.00,295.00,0.250
dish_1565035715,onions,15.60,39.00,"A small portion of raw, thinly sliced red onions on a white square plate.",6.00,15.00,1.000
dish_1565034661,cheese pizza,219.81,146.00,A single slice of lasagna served on a bed of and alongside a mixed green spinach salad with an oil-based dressing.,415.00,264.00,0.000
dish_1565034635,arugula,124.09,110.00,"A side salad of mixed greens topped with orange segments, walnuts, and raisins, coated in a vinaigrette.",188.00,75.00,0.000
dish_1565034681,cheese pizza | pizza,323.55,185.00,Two portions of baked lasagna or similar pasta casserole served over a bed of fresh mixed green salad.,420.00,290.00,0.000
dish_1565035746,onions | cauliflower,43.10,149.00,A light plate containing a few pieces of steamed cauliflower and thinly sliced raw red onions.,32.00,110.00,1.000
dish_1565035774,onions | cauliflower | bell peppers,57.50,185.00,"A side dish or small meal consisting of sautéed or steamed cauliflower florets, green bell pepper strips, and red onion slices.",99.00,205.00,0.750
dish_1565035802,onions | cherry tomatoes | cauliflower | bell peppers,69.20,250.00,"A vegetable-focused plate containing cauliflower florets, sliced green bell peppers, sliced red onions, and whole cherry tomatoes.",52.00,225.00,1.000
dish_1565035830,chicken breast | cauliflower,340.13,414.00,"A high-protein, low-carbohydrate meal consisting of lean diced chicken breast served with a variety of fresh and steamed vegetables.",290.00,390.00,0.400
dish_1565036788,cheese pizza,186.13,70.00,A small snack portion consisting of a single square-cut piece of cheese pizza on a white plate.,140.00,50.00,1.000
dish_1565036821,beef | cheese pizza,325.54,134.00,Small snack-sized portion of roast beef and two small squares of cheese pizza.,270.00,110.00,1.000
dish_1565035858,chicken breast | watermelon | cauliflower,375.23,531.00,"A high-protein, low-carb meal featuring a large portion of diced grilled chicken served with steamed cauliflower, watermelon chunks, and a side of fresh raw vegetables including tomatoes, peppers, and onions.",359.00,530.00,0.500
dish_1565036890,roasted potatoes | beef | cheese pizza | chicken thighs,520.86,260.00,"A mixed plate containing a small portion of cheese pizza, roasted chicken and beef pieces, and sautéed mushrooms.",420.00,200.00,0.600
dish_1565107066,scrambled eggs,127.28,86.00,A single small serving of scrambled eggs presented on a large square white plate.,130.00,80.00,1.000
dish_1565107092,scrambled eggs | egg whites,313.44,444.00,A high-protein breakfast plate featuring a large portion of chopped egg whites and a small serving of scrambled egg.,153.00,200.00,1.000
dish_1565036922,chicken thighs | roasted potatoes | cheese pizza | beef,539.86,336.00,"A sampler-style plate featuring a small portion of cheese pizza, roast beef, roasted chicken, cauliflower, and potatoes.",435.00,265.00,0.800
dish_1565036953,chicken thighs | caesar salad | beef | roasted potatoes | cheese pizza,586.94,443.00,"A diverse meal plate containing a portion of Caesar salad, sautéed mushrooms, steamed cauliflower, lean chicken and beef slices, and two small squares of cheese pizza.",575.00,355.00,0.571
dish_1565107119,sweet potato | scrambled eggs | egg whites,426.37,562.00,"A high-protein breakfast plate featuring a large portion of chopped egg whites, a small serving of scrambled eggs, and a side of roasted potato cubes.",293.00,300.00,0.667
dish_1565107143,watermelon | egg whites | scrambled eggs | sweet potato,454.27,655.00,"A breakfast or brunch plate featuring a mix of scrambled egg whites and whole eggs, accompanied by fried plantains and fresh watermelon cubes.",405.00,370.00,0.500
dish_1565107171,sweet potato | scrambled eggs | egg whites | watermelon | grapes,501.88,724.00,"A breakfast plate containing a high-volume portion of egg whites, a smaller portion of scrambled yolks, roasted potato chunks, and a side of fresh fruit consisting of red grapes and watermelon cubes.",360.00,410.00,0.800
dish_1565109606,sweet potato,89.96,94.00,A small side portion of golden-brown roasted potato chunks.,128.00,85.00,1.000
dish_1565109637,sweet potato | egg whites,172.64,253.00,A breakfast meal consisting of a pile of scrambled egg whites and a side of seasoned fried potato chunks.,360.00,305.00,1.000
dish_1565107211,sweet potato | scrambled eggs | egg whites | watermelon | grapes,523.63,799.00,"A breakfast plate containing scrambled eggs, chopped egg whites topped with salsa, roasted potatoes, red grapes, and watermelon cubes.",438.00,510.00,0.800
dish_1565109659,sweet potato | bacon | egg whites,226.74,263.00,"A breakfast plate consisting of a large serving of scrambled egg whites, a side of roasted home fries, and a single strip of bacon.",335.00,295.00,1.000
dish_1565117429,cheese pizza,390.87,147.00,A meal consisting of three small pieces of cheese pizza on a large plate and a partially visible taco on a side plate.,365.00,145.00,0.500
dish_1565117463,caesar salad | cheese pizza,435.31,248.00,A plate containing three small slices of cheese pizza accompanied by a side Caesar salad.,500.00,225.00,1.000
dish_1565117892,tuna,132.60,102.00,A split meal consisting of a tuna salad portion with carrots on a main plate and a side portion of diced cooked chicken and red peppers.,328.00,225.00,0.333
dish_1565117934,chicken breast | tuna,352.32,235.00,"A protein-rich meal consisting of diced cooked chicken breast, a portion of tuna salad with carrots, and sliced red peppers on the side.",407.00,270.00,0.667
dish_1565117990,tuna | chicken breast | cheese pizza,582.00,380.00,"A mixed meal plate featuring small cheese pizza wedges, a serving of tuna salad, chopped chicken pieces, and fresh bell pepper slices.",505.00,300.00,0.750
dish_1565118029,chicken breast | cheese pizza | tuna,595.14,453.00,"A mixed plate featuring small portions of cheese pizza and tuna salad, accompanied by fresh peppers, tomatoes, shredded carrots, and pineapple.",468.00,365.00,0.286
dish_1565117962,chicken breast | bell peppers | tuna,379.92,304.00,"A high-protein meal consisting of a pile of diced chicken, shredded tuna salad with vegetables, and fresh bell pepper slices.",375.00,310.00,1.000
dish_1565118067,chicken breast | tuna | cheese pizza,623.43,522.00,"A varied meal plate containing two small slices of cheese pizza, a large portion of tuna salad, shredded carrots, bell pepper strips, and some diced chicken.",635.00,435.00,0.600
dish_1565118700,chard | kale,16.66,49.00,An extremely small side portion of sautéed greens and beets on a large white plate.,30.00,45.00,0.000
dish_1565118096,chicken breast | tuna | cheese pizza | pineapple,656.43,588.00,"A varied plate consisting of two small cheese pizza slices, a portion of tuna salad, shredded carrots, raw bell peppers, tomatoes, and pineapple chunks.",496.00,375.00,0.500
dish_1565118729,beef | millet,435.49,248.00,A small portion of roasted meat topped with onions and served with a side of sautéed leafy greens and stems on a white plate.,285.00,140.00,0.000
dish_1565118782,beef | millet,557.52,353.00,"A plate containing braised meat, a large arugula and quinoa salad, and a side of sautéed beet greens.",475.00,260.00,0.000
dish_1565119418,cheese pizza,324.40,122.00,Three small rectangular slices of thin-crust cheese pizza.,255.00,95.00,1.000
dish_1565118999,lettuce | feta cheese,200.39,288.00,"A Mediterranean-style side salad consisting of mixed leafy greens, cherry tomatoes, cucumbers, red onions, kalamata olives, and feta cheese, tossed in a light oil-based dressing.",230.00,232.00,0.167
dish_1565119439,beef | cheese pizza,465.41,189.00,A small meal consisting of a few strips of cooked meat and two small rectangular pieces of cheesy pizza bread.,390.00,145.00,0.333
dish_1565119464,cheese pizza | beef,504.07,223.00,"A small mixed plate consisting of three cheese pizza squares, a small portion of cooked pork, and a side spinach salad with sun-dried tomatoes.",400.00,170.00,0.250
dish_1565119642,kale | chard,26.52,78.00,A small appetizer-sized portion of sautéed dark leafy greens with visible garlic bits.,55.00,45.00,0.500
dish_1565119669,kale | zucchini | chard | chayote squash,55.97,229.00,A side-dish portion consisting of sautéed summer squashes and mixed dark leafy greens.,125.00,235.00,0.500
dish_1565119493,beef | cheese pizza,529.14,280.00,"A varied plate containing a portion of lasagna, sliced lean meat, a side Caesar salad, and fresh spinach with sun-dried tomatoes.",745.00,385.00,0.200
dish_1565119698,zucchini | kale | beef | chayote squash,222.24,308.00,"A plate containing sliced cooked beef, a side of sautéed yellow and green summer squash, and a portion of cooked dark leafy greens (kale).",270.00,240.00,0.750
dish_1565123783,cheese pizza,93.06,35.00,A single very small bite-sized portion of cheese pizza on a large plate.,48.00,18.00,1.000
dish_1565119739,beef,396.80,461.00,"A balanced meal featuring sliced roast beef, a side of pearl couscous, sautéed kale, and roasted yellow squash and zucchini.",575.00,470.00,0.250
dish_1565123816,beef | cheese pizza,250.92,110.00,A very small snack plate containing a single bite-sized piece of cheese pizza and one small slice of roast beef served on a lettuce leaf.,150.00,60.00,1.000
dish_1565123845,cheese pizza | beef,268.66,201.00,"A small meal consisting of a snack-sized slice of cheese pizza, a small portion of cooked beef, and a side of mixed sautéed zucchini and yellow squash.",265.00,160.00,0.667
dish_1565123881,caesar salad | cheese pizza | beef,406.82,515.00,"A mixed meal plate consisting of a large Caesar salad, a small rectangular pizza slice, a slice of roasted meat, and roasted summer squashes.",595.00,355.00,0.750
dish_1565194684,egg whites,196.56,378.00,"A high-protein breakfast or snack plate consisting of a large portion of chopped cooked egg whites, accompanied by a small side of sweet potato chunks and fresh grapes.",195.00,318.00,0.333
dish_1565194781,sweet potato | carrot | egg whites,351.41,568.00,"A lean, high-protein meal featuring a generous serving of egg whites accompanied by roasted sweet potatoes and carrots.",219.00,305.00,0.667
dish_1565194852,watermelon | egg whites | sweet potato | grapes | carrot,428.60,759.00,"A healthy breakfast plate containing a large portion of scrambled egg whites, roasted sweet potatoes, and fresh fruit.",317.00,445.00,0.800
dish_1565194823,sweet potato | carrot | egg whites | grapes,386.60,619.00,"A breakfast or lunch plate consisting of a large portion of scrambled egg whites, roasted sweet potato chunks, and fresh red grapes.",300.00,450.00,0.750
dish_1565194752,sweet potato | egg whites,322.89,510.00,A meal consisting of a substantial portion of scrambled egg whites and a side of roasted sweet potato cubes.,325.00,370.00,1.000
dish_1565194906,grapes | watermelon | salsa | carrot | egg whites | sweet potato,451.80,839.00,"A high-protein, fiber-rich breakfast plate featuring scrambled egg whites with salsa, roasted sweet potato cubes, and a mixed fruit side of watermelon, cantaloupe, and grapes.",302.00,540.00,0.714
dish_1565195436,chicken apple sausage | sweet potato | bacon,340.96,164.00,"A high-protein breakfast plate consisting of multiple strips of crispy bacon, a portion of roasted sweet potato cubes, and two slices of sausage.",445.00,160.00,1.000
dish_1565195362,sweet potato,98.58,103.00,A small portion of roasted sweet potato chunks.,170.00,130.00,1.000
dish_1565195398,chicken apple sausage | sweet potato,135.38,126.00,"A small serving consisting of roasted sweet potato cubes and two small pieces of cooked protein, likely poultry-based meatballs.",195.00,145.00,0.333
dish_1565203015,chicken | brown rice,663.94,397.00,A moderate portion of stir-fried chicken with slices of zucchini and red/yellow bell peppers.,255.00,190.00,0.333
dish_1565203094,chicken | pizza,898.02,485.00,A mixed meal consisting of a single small slice of vegetable pizza and a large portion of chicken and vegetable stir-fry.,470.00,260.00,1.000
dish_1565196260,egg whites,74.36,143.00,A serving of torn fresh mozzarella cheese pieces on a square white plate.,364.00,130.00,0.000
dish_1565195493,sweet potato | chicken apple sausage | bacon | egg whites,407.00,291.00,"A high-protein breakfast platter featuring crispy bacon, a generous portion of scrambled egg whites, a savory sweet potato and mushroom hash, and two slices of fried plantain.",500.00,330.00,0.500
dish_1565204855,brussels sprouts,53.61,105.00,A very small portion of roasted or sautéed Brussels sprouts on a plate.,55.00,50.00,1.000
dish_1565204931,chicken thighs | white rice | caesar salad | brussels sprouts,391.33,515.00,"A balanced meal plate consisting of a Caesar salad with croutons and cheese, charred roasted Brussels sprouts, and a sautéed squash and chicken medley.",510.00,310.00,0.750
dish_1565204891,brussels sprouts | chicken thighs | white rice,302.89,314.00,"A plate containing roasted Brussels sprouts, a small portion of chicken and rice in a savory sauce, and sliced yellow squash.",300.00,265.00,0.500
dish_1565207662,white rice | fish | country rice,145.94,128.00,A very small meal or snack consisting of a few pieces of roasted chicken and a small amount of green vegetables on a square plate.,200.00,115.00,0.000
dish_1565207631,white rice,64.41,54.00,"An extremely small sampling of food, roughly equivalent to a single bite, consisting of a piece of breaded protein, a few segments of green beans, and a small sautéed component.",52.00,26.00,0.000
dish_1565207815,brussels sprouts,40.85,80.00,A very small portion of roasted brussels sprouts on a square white plate.,55.00,50.00,1.000
dish_1565207727,broccoli | white rice | fish | pizza | country rice,314.77,231.00,"A mixed plate containing grilled chicken, a small slice of vegetable pizza, roasted broccoli, and a side of green beans and mushrooms.",395.00,225.00,0.333
dish_1565207694,white rice | country rice | fish | broccoli,173.79,178.00,"A small, high-protein meal consisting of roasted chicken breast, a side portion of sautéed meat with green beans, and roasted broccoli florets.",240.00,170.00,0.200
dish_1565208562,caesar salad,40.48,92.00,"A small appetizer-sized portion of Caesar salad consisting of romaine lettuce, croutons, and shaved parmesan cheese.",180.00,67.00,0.250
dish_1565207865,brussels sprouts,112.96,129.00,A light portion consisting of roasted Brussels sprout halves and a small side salad.,115.00,135.00,0.500
dish_1565207896,brussels sprouts | tofu,298.38,383.00,"A health-conscious plate consisting of seared tofu with broccoli and a small amount of rice, accompanied by roasted Brussels sprouts and a light side salad.",265.00,325.00,0.400
dish_1565208611,brussels sprouts | caesar salad,73.67,157.00,"A very small appetizer-sized serving of Caesar salad with croutons and parmesan, accompanied by three roasted brussels sprout halves.",200.00,115.00,1.000
dish_1565209922,white rice | chicken thighs,201.57,169.00,"A small portion of chopped savory meat-filled pastry, likely a Chinese-style meat pancake or pan-fried stuffed bun.",175.00,65.00,0.000
dish_1565209963,chicken thighs | white rice | brussels sprouts,244.46,253.00,A small portion of seasoned chopped chicken served with a small side of roasted broccoli and Brussels sprouts.,200.00,125.00,0.667
dish_1565208637,chicken thighs | white rice | caesar salad | brussels sprouts,250.19,305.00,"A small appetizer portion of a chicken Caesar-style salad featuring roasted chicken, Brussels sprouts, parmesan shavings, and croutons.",310.00,147.00,0.333
dish_1565210009,white rice | chicken thighs | brussels sprouts,263.82,290.00,A small to medium-sized portion of roasted chopped chicken served with green beans and roasted cruciferous vegetables.,300.00,220.00,0.500
dish_1565210073,brussels sprouts | white rice | pineapple | chicken thighs | caesar salad,364.42,511.00,"A varied plate consisting of roasted chicken, a portion of Caesar salad, roasted mixed green vegetables, steamed green beans, and fresh pineapple chunks.",550.00,400.00,0.667
dish_1565210037,brussels sprouts | white rice | pineapple | chicken thighs,291.82,346.00,"A balanced plate featuring protein (chicken), fiber-rich vegetables (broccoli and green beans), and a fruit portion (pineapple).",265.00,240.00,0.333
dish_1565369938,bacon,167.71,31.00,Two individual strips of pan-fried crispy bacon served on a white square plate.,90.00,24.00,1.000
dish_1565378680,,92.42,81.00,A small serving of seasoned cooked pearl (Israeli) couscous mixed with a few leafy greens.,115.00,85.00,0.000
dish_1565378731,carrot,154.36,207.00,A simple meal consisting of a cooked buckwheat-based grain mixture and a side of diagonally sliced roasted carrots.,217.00,210.00,0.500
dish_1565370004,bacon | scrambled eggs | green beans,570.88,370.00,"A breakfast or brunch meal consisting of scrambled eggs, crispy bacon, and a side of sautéed green beans.",375.00,235.00,1.000
dish_1565379251,carrot,32.94,67.00,"A small portion of sliced, roasted carrots with slight charring on a white plate.",45.00,65.00,1.000
dish_1565378770,pork | carrot,319.28,287.00,"A balanced meal consisting of whole grain buckwheat, roasted carrots, and shredded protein.",370.00,320.00,0.333
dish_1565369971,green beans | bacon,221.60,134.00,A simple plate featuring a few strips of crispy bacon paired with a side of sautéed green beans.,205.00,135.00,1.000
dish_1565379320,pork | sugar | white rice | carrot,404.01,247.00,A modest portion consisting of a savory shredded meat and grain mixture served with roasted carrot slices.,315.00,200.00,0.200
dish_1565379788,carrot,49.65,101.00,"A very small side portion of sliced, cooked carrots on a white plate.",32.00,45.00,1.000
dish_1565379377,sugar | caesar salad | carrot | pork,470.01,397.00,"A meal consisting of roasted carrot rounds, a shredded meat and grain pilaf, and a creamy dressed green salad.",490.00,305.00,0.400
dish_1565382733,pepperoni pizza,287.64,102.00,Two small leftover pieces of pepperoni pizza on a large white square plate.,120.00,45.00,1.000
dish_1565379868,pork | rice noodles | sugar | carrot,560.77,434.00,"A meal consisting of stir-fried noodles with cabbage, a savory dark meat stir-fry with leafy greens, and roasted carrot wedges.",630.00,400.00,0.400
dish_1565379827,carrot | rice noodles,150.53,235.00,A meal featuring a vegetable noodle stir-fry and roasted carrots.,255.00,195.00,1.000
dish_1565382762,pepperoni pizza,305.83,139.00,A snack-sized portion of pepperoni pizza accompanied by a small serving of sliced cooked carrots.,165.00,90.00,0.500
dish_1565382803,roasted potatoes | pepperoni pizza,359.41,177.00,A small snack-sized portion of pepperoni pizza served with a side of roasted carrots and potatoes on a large white plate.,215.00,135.00,0.667
dish_1565382856,pepperoni pizza | tofu | rice noodles | roasted potatoes,446.33,294.00,"A varied meal consisting of small portions of pepperoni pizza, stir-fry noodles, seasoned tofu, roasted carrots, potatoes, and bell peppers.",470.00,300.00,0.667
dish_1565382886,tofu | roasted potatoes | caesar salad | rice noodles | pepperoni pizza,470.09,348.00,"A varied buffet-style meal including two small thick-crust pizza slices, a portion of Caesar salad, a side of shredded tofu skin salad, and roasted tofu with root vegetables.",710.00,395.00,0.500
dish_1565382969,spinach (raw),13.11,57.00,"A meal featuring a large bowl of raw baby spinach, a side of stir-fried vegetable noodles, and a small glazed bread roll.",244.00,165.00,0.333
dish_1565382833,tofu | pepperoni pizza | roasted potatoes,396.64,228.00,"A varied plate consisting of two small slices of thin-crust pepperoni pizza, several cubes of roasted tofu, and a side of mixed roasted vegetables including carrots and potatoes.",345.00,210.00,0.333
dish_1565383026,spinach (raw) | cucumbers,171.56,287.00,"A fresh salad consisting of baby spinach, sliced cucumbers, and a generous portion of kalamata olives.",242.00,205.00,0.667
dish_1565382995,spinach (raw) | cucumbers,23.21,158.00,A light meal consisting of a fresh spinach and cucumber salad and a side of vegetable stir-fried noodles.,179.00,205.00,0.667
dish_1565383062,chicken,362.96,403.00,"A protein-rich Mediterranean-style salad featuring diced chicken, a large portion of Kalamata olives, spinach, and cucumber, served with side noodles and bread.",608.00,395.00,0.167
dish_1565383097,chicken | parmesan cheese,479.25,430.00,"A protein-rich salad containing chicken, olives, and parmesan on a bed of spinach, accompanied by side portions of noodles and bread.",582.00,385.00,0.286
dish_1565383128,parmesan cheese | chicken,600.28,456.00,"A Mediterranean-style chicken salad topped with shaved parmesan and olives, served with a side of vegetable-flecked noodles.",707.00,433.00,0.286
dish_1565627751,sweet potato,68.91,72.00,A small side serving of cubed roasted sweet potatoes.,75.00,70.00,1.000
dish_1565383159,parmesan cheese | chicken,706.36,468.00,"A protein-focused spinach salad featuring grilled chicken, kalamata olives, cucumber, shaved parmesan, and a dark vinaigrette dressing.",485.00,311.00,0.400
dish_1565627800,sweet potato | egg whites,167.19,261.00,"A high-protein, whole-food meal featuring scrambled egg whites paired with roasted sweet potato cubes.",190.00,215.00,1.000
dish_1565637123,pasta salad,229.71,114.00,A very small portion of mixed green salad topped with a few pieces of macaroni pasta and shredded carrots.,38.00,55.00,0.500
dish_1565637504,pineapple,28.00,56.00,A small portion of fresh pineapple chunks served on a white square plate.,30.00,60.00,1.000
dish_1565637162,pasta salad | pork,581.51,286.00,A meal consisting of a portion of rice mixed with shredded meat alongside a mixed side salad containing leafy greens and small pasta shapes.,365.00,285.00,0.000
dish_1565638287,pork | white rice,357.93,175.00,A small portion of shredded meat served over a light scattering of white rice and fresh greens.,198.00,95.00,0.500
dish_1565637578,pineapple | quinoa | chicken breast,197.30,168.00,"A balanced meal featuring a moderate portion of cooked buckwheat topped with sliced breaded chicken, accompanied by sautéed onions and fresh mango chunks on a white plate.",320.00,255.00,0.167
dish_1565637548,pineapple | quinoa,93.44,102.00,A very small snack or side dish consisting of a portion of savory buckwheat with chili and a side of fresh pineapple pieces.,95.00,130.00,0.333
dish_1565637608,pork | quinoa | chicken breast | pineapple,422.29,278.00,"A small portioned meal consisting of a central heap of shredded meat and grains, a small piece of breaded cutlet, a few pieces of zucchini, and fresh pineapple cubes on the side.",314.00,222.00,0.286
dish_1565638478,green beans,47.62,91.00,A side dish consisting of cooked green asparagus stalks with a light sheen of oil and a small amount of seasoning garnish.,70.00,92.00,0.000
dish_1565638323,pork | brown rice,467.82,274.00,"A mixed meal consisting of roasted sliced pork, white rice, fried tempeh, and a small portion of mixed leafy vegetables.",418.00,230.00,0.500
dish_1565638515,pork | green beans,198.97,165.00,"A lean, low-carbohydrate meal featuring a portion of sautéed green asparagus and a small serving of shredded chicken.",135.00,145.00,0.000
dish_1565638365,pork | brown rice,612.35,389.00,"A varied meal featuring a large green salad, a portion of shredded braised protein, and a side of rice with tempeh and vegetables.",485.00,340.00,0.250
dish_1565638550,pork | chicken breast | green beans,277.66,215.00,"A light meal consisting of sautéed green asparagus, a small serving of breaded chicken strips, and a portion of savory stuffing.",340.00,210.00,0.200
dish_1565638599,green beans | pork | chicken breast | quinoa,368.70,279.00,"A balanced meal consisting of a large portion of steamed or sautéed asparagus, a small portion of breaded chicken, a side of grain pilaf, and a small serving of shredded meat.",475.00,340.00,0.167
dish_1565640227,bell peppers | pepperoni pizza,334.62,165.00,A meal consisting of two rectangular pieces of pepperoni pizza accompanied by a side of sliced red and green bell peppers.,398.00,200.00,1.000
dish_1565640195,bell peppers,21.60,54.00,A small portion of sliced red and green bell peppers on a plate.,14.00,45.00,1.000
dish_1565640272,bell peppers | pepperoni pizza | cherry tomatoes,377.82,405.00,"A meal featuring two small square slices of pepperoni pizza accompanied by fresh cherry tomatoes, bell pepper slices, and a side of asparagus and olives.",415.00,415.00,1.000
dish_1565640365,cherry tomatoes | chicken breast | pepperoni pizza,720.89,623.00,"A varied plate consisting of breaded chicken, two small pizza squares, and a selection of vegetables including cherry tomatoes, olives, peppers, asparagus, and artichokes.",687.00,525.00,0.429
dish_1565640528,arugula | mangos | tomatoes,38.55,105.00,"A very small portion of mixed green salad featuring lettuce, a tomato half, and diced mango, appearing to be a side or leftover serving.",65.00,80.00,0.667
dish_1565640601,chicken breast | pork,411.15,333.00,"A mixed plate featuring grilled and breaded meats, roasted asparagus and zucchini, a side salad, and a small scatter of white rice.",360.00,225.00,0.400
dish_1565640549,tomatoes | arugula | mangos,45.48,139.00,"A very small side salad featuring cooked asparagus, mixed greens, and small fruit accents.",75.00,100.00,0.250
dish_1565640427,brownies,195.76,42.00,"A meal featuring a very small triangular chocolate brownie on a main plate, accompanied by savory bread crusts and roasted chunks on a side plate.",251.00,95.00,0.000
dish_1565640576,white rice | pork,307.29,267.00,"A balanced meal plate featuring stir-fried pork chunks, fresh asparagus, a mixed leaf salad with fruit garnish, sautéed zucchini, and a small side portion of white rice.",314.00,270.00,0.333
dish_1565640772,chicken,241.17,191.00,A high-protein salad consisting of a bed of mixed greens topped with a substantial serving of diced grilled chicken breast.,210.00,170.00,1.000
dish_1565640842,chicken | black beans,307.43,329.00,"A protein-rich salad with chicken breast, black beans, and plenty of fresh cucumber over a bed of mixed greens.",205.00,265.00,0.667
dish_1565640812,black beans | chicken,297.93,234.00,"A protein-focused salad featuring mixed greens, black beans, and diced chicken breast.",295.00,245.00,1.000
dish_1565641844,cheese pizza,244.63,92.00,A single rectangular slice of cheese pizza served on a white plate.,210.00,75.00,1.000
dish_1565640894,chicken | black beans | parmesan cheese,464.89,422.00,"A Mediterranean-style salad featuring mixed greens, sliced cucumbers, Kalamata olives, grilled chicken, black beans, and shaved Parmesan flakes.",405.00,315.00,0.600
dish_1565640868,black beans | chicken,395.98,406.00,"A Mediterranean-style salad featuring mixed leafy greens, sliced cucumber, a large serving of Kalamata olives, grilled chicken breast, and black beans with a light dressing.",527.00,350.00,0.500
dish_1565640914,black beans | parmesan cheese | chicken,774.29,457.00,"A Mediterranean-style salad consisting of mixed greens topped with cucumber slices, whole kalamata olives, shaved parmesan, black beans, and seared tofu cubes, finished with a vinaigrette.",382.00,245.00,0.333
dish_1565641885,cheese pizza,254.22,139.00,A meal consisting of two square slices of cheese pizza and a side of green asparagus spears.,365.00,210.00,1.000
dish_1565711083,bacon,178.53,33.00,Two strips of crispy pan-fried bacon on a plate.,90.00,18.00,1.000
dish_1565711115,bacon | egg whites,321.53,308.00,A breakfast plate consisting of a large serving of scrambled egg whites and two strips of well-done bacon.,195.00,185.00,1.000
dish_1565641915,cheese pizza | quinoa,326.76,190.00,"A meal comprising two rectangular cheese pizza slices, a side of cooked bulgur wheat, and steamed asparagus stalks.",555.00,330.00,0.333
dish_1565641943,cheese pizza | quinoa | chicken breast,510.89,307.00,"A diverse meal plate containing a slice of cheese pizza, a portion of whole grain buckwheat, steamed asparagus stalks, and sliced breaded chicken cutlet.",635.00,390.00,0.400
dish_1565711183,bacon | granola | egg whites | brussels sprouts,460.42,461.00,"A high-protein, low-carb plate containing cooked egg whites, roasted Brussels sprouts, two strips of bacon, and a side of mixed greens.",250.00,291.00,0.750
dish_1565711270,cantaloupe,31.62,93.00,A small serving of fresh cubed cantaloupe melon.,41.00,120.00,1.000
dish_1565711154,bacon | granola | egg whites,421.62,385.00,"A high-protein breakfast plate featuring a large portion of scrambled egg whites, several strips of crispy bacon, and a side of fresh mixed green salad.",258.00,175.00,0.667
dish_1565711296,cantaloupe | grapes,43.35,110.00,A small snack plate consisting of fresh red grapes and cubed cantaloupe melon.,63.00,145.00,1.000
dish_1565711453,scrambled eggs,198.32,134.00,A single portion of plain scrambled eggs served on a white plate.,160.00,95.00,1.000
dish_1565711326,yam | cantaloupe | sweet potato,296.09,285.00,"A small plate featuring roasted potato cubes, fresh cantaloupe chunks, and a small serving of red grapes.",238.00,250.00,0.500
dish_1565711498,brussels sprouts | scrambled eggs,246.83,229.00,A plate containing a portion of scrambled eggs and a side of roasted brussels sprouts.,265.00,210.00,1.000
dish_1565711358,yam | cantaloupe | sweet potato | egg whites,490.05,658.00,"A breakfast plate consisting of scrambled egg whites, roasted potatoes and sweet potatoes, diced cantaloupe, and a small serving of red grapes.",405.00,470.00,0.600
dish_1565711527,brussels sprouts | scrambled eggs | hash browns,484.81,302.00,"A breakfast plate containing scrambled eggs, roasted brussels sprouts, and pan-fried shredded hash brown potatoes.",450.00,295.00,1.000
dish_1565711570,brussels sprouts | scrambled eggs | hash browns | bacon,603.83,324.00,"A breakfast plate containing scrambled eggs, crispy hash browns, roasted Brussels sprouts, and two strips of bacon.",553.00,319.00,1.000
dish_1565721800,zucchini | chayote squash,33.35,171.00,A small portion of sautéed or steamed yellow squash with one piece of green zucchini.,40.00,115.00,1.000
dish_1565721828,zucchini | chayote squash | roasted potatoes,129.23,239.00,A small side portion consisting of roasted potato chunks and sautéed mixed summer squashes.,90.00,170.00,1.000
dish_1565721855,chicken | roasted potatoes,479.03,450.00,"A varied meal featuring a piece of roasted chicken, a portion of white fish topped with lentils, roasted potato chunks, and a large side of sautéed summer squash.",610.00,500.00,0.500
dish_1565724196,broccoli,45.68,82.00,A very small serving of plain steamed broccoli florets.,12.00,35.00,1.000
dish_1565724050,arugula,84.72,72.00,A very small side salad consisting of mixed leafy greens and raw onion slivers with a light dressing coating.,56.00,48.00,0.000
dish_1565724235,chicken | broccoli,256.23,209.00,"A balanced meal featuring a small serving of roasted chicken, a side of steamed broccoli, and a small portion of whole grains.",190.00,190.00,0.667
dish_1565724087,chicken | arugula,230.61,160.00,A plate containing a piece of roasted chicken topped with lentils and a side portion of mixed leaf salad with sliced onions.,335.00,190.00,0.333
dish_1565724509,chayote squash | zucchini,30.81,158.00,A side serving of roasted yellow squash and zucchini pieces.,55.00,75.00,0.500
dish_1565724269,pizza | chicken | broccoli,527.55,311.00,"A balanced plate featuring roasted chicken, a small portion of lentils, steamed broccoli, and two pieces of vegetable-topped flatbread.",490.00,325.00,0.750
dish_1565724552,zucchini | broccoli | chayote squash,108.80,298.00,"A side plate consisting of sautéed broccoli florets, yellow squash, and zucchini chunks, accompanied by a single pecan half.",120.00,201.50,0.500
dish_1565725009,,50.60,44.00,A small portion of dark Kalamata olives served in a stainless steel bowl.,115.00,50.00,0.000
dish_1565724588,broccoli | roasted potatoes | chayote squash,266.72,410.00,"A plate of mixed roasted and sautéed vegetables including roasted potato wedges, broccoli florets, and pieces of yellow squash and zucchini.",315.00,320.00,1.000
dish_1565725047,carrot,77.66,110.00,"A small portion of raw shredded carrots and raisins in a stainless steel mixing bowl, likely the base for a carrot salad.",63.00,90.00,0.500
dish_1565725071,carrot | bell peppers,109.66,190.00,A light vegetable base in a metal bowl consisting primarily of raw shredded carrots and sliced bell peppers.,45.00,130.00,1.000
dish_1565724620,broccoli | roasted potatoes | chicken,473.95,535.00,"A balanced meal consisting of roasted chicken, roasted potato chunks, broccoli florets, and sautéed mixed squash.",438.00,405.00,0.750
dish_1565725095,cherry tomatoes | carrot | bell peppers,121.72,257.00,"A light vegetable salad base consisting of fresh cherry tomatoes, shredded carrots, and sliced red and green bell peppers.",71.00,300.00,1.000
dish_1565725123,bell peppers | carrot | chicken,430.27,444.00,"A salad base in a metal bowl featuring cubed cooked chicken breast, cherry tomatoes, bell pepper slices, and shredded carrots.",324.00,345.00,0.750
dish_1565726812,broccoli,36.21,65.00,A very small side portion of cooked broccoli florets.,17.00,50.00,1.000
dish_1565725188,bell peppers | chicken | parmesan cheese,543.12,521.00,"A protein-rich salad in a metal bowl featuring grilled chicken, shaved parmesan cheese, sliced red onions, cherry tomatoes, and shredded carrots on a bed of greens.",275.00,255.00,0.333
dish_1565725156,carrot | bell peppers | chicken,452.67,500.00,"A protein-rich salad bowl base consisting of diced cooked chicken, fresh red onion, cherry tomatoes, and mixed vegetable shreds.",235.00,245.00,0.400
dish_1565725244,parmesan cheese | chicken | bell peppers | caesar dressing,573.55,590.00,"A high-protein meal bowl containing cooked chicken, shaved cheese, and fresh vegetables topped with a thick creamy sauce.",462.00,325.00,0.222
dish_1565726887,roasted potatoes | arugula | broccoli,174.02,172.00,"A small side portion or starter consisting of a green salad, roasted broccoli, roasted potato pieces, and pecans.",163.00,147.00,0.500
dish_1565726848,broccoli | arugula,102.11,121.00,"A very small portion of mixed green salad with broccoli florets, likely a side dish or leftover serving.",47.00,99.00,0.667
dish_1565727738,,2.52,9.00,A bowl containing a portion of mixed leafy green salad without any clearly visible heavy dressings or toppings.,10.00,60.00,
dish_1565726949,roasted potatoes | beef,451.55,372.00,"A balanced meal consisting of sliced lean steak, roasted summer squash, roasted potatoes, steamed broccoli, and a small green salad.",390.00,335.00,0.500
dish_1565726915,roasted potatoes | squash | broccoli,196.88,251.00,"A light vegetarian meal featuring a variety of roasted vegetables, steamed broccoli, a side salad, and nuts.",230.00,225.00,0.750
dish_1565727765,broccoli,26.32,77.00,A simple green salad bowl containing mixed leafy greens and fresh broccoli florets with no visible dressing.,35.00,135.00,1.000
dish_1565727821,parmesan cheese | chicken | broccoli,281.12,196.00,"A chicken and broccoli salad on a bed of mixed greens, topped with parmesan shavings.",239.00,220.00,1.000
dish_1565727851,broccoli | parmesan cheese | chicken,406.47,305.00,"A Mediterranean-style salad featuring mixed greens, broccoli, chicken, a large portion of olives, and shaved cheese.",405.00,316.00,0.750
dish_1565728388,cheese pizza,124.97,47.00,A single small rectangular piece of cheese pizza or flatbread on a white plate.,105.00,38.00,1.000
dish_1565727791,broccoli | parmesan cheese,121.07,99.00,"A fresh salad bowl containing a mix of leafy greens, several steamed broccoli florets, and shaved Parmesan cheese, tossed in a light oil-based dressing.",192.00,196.00,1.000
dish_1565727875,parmesan cheese | black beans | chicken,485.67,365.00,"A nutrient-dense salad bowl containing mixed greens, broccoli, protein-rich tofu, black beans, kidney beans, and a sprinkle of hard cheese.",198.00,255.00,0.333
dish_1565728415,cheese pizza | beef,194.43,80.00,A very small meal or snack consisting of a small fragment of cheesy bread/pizza and a small piece of braised meat.,170.00,65.00,0.500
dish_1565727921,black beans | chicken | parmesan cheese,768.55,397.00,"A protein-rich plant-based salad bowl with mixed greens, steamed broccoli, black beans, kidney beans, and cubed tofu.",280.00,325.00,0.167
dish_1565728562,beef | chicken | roasted potatoes | cheese pizza | squash,354.98,262.00,"A mixed meal plate consisting of small portions of protein (chicken, beef), a carbohydrate (flatbread, potatoes), and sautéed vegetables.",390.00,240.00,1.000
dish_1565728453,beef | cheese pizza | chicken,293.90,140.00,"A plate containing a small portion of cheesy pizza or flatbread, a slice of roasted meat, and a chicken drumstick.",325.00,135.00,0.667
dish_1565728494,roasted potatoes | chicken | beef | cheese pizza,326.33,163.00,"A plate containing a small portion of cheesy bread, a slice of roast meat, a chicken drumstick, and a small piece of roasted potato.",330.00,160.00,0.333
dish_1565728591,squash | beef | chicken | cheese pizza | roasted potatoes | broccoli,388.41,322.00,"A mixed plate containing roasted chicken, sliced roast meat, a piece of cheesy bread, and roasted vegetables including broccoli, squash, and potatoes.",510.00,335.00,0.714
dish_1565797645,watermelon,21.00,70.00,Small snack of cubed watermelon,15.00,50.00,1.000
dish_1565797671,watermelon,39.24,102.00,"A small snack plate containing fresh fruit pieces including watermelon, strawberries, and blueberries.",51.00,155.00,1.000
dish_1565728634,chicken | beef | roasted potatoes | cheese pizza | pineapple,436.41,418.00,"A mixed plate containing two pieces of roasted chicken, a small cheesy bread slice, fresh pineapple, and roasted vegetables including broccoli, squash, and potatoes.",450.00,370.00,0.375
dish_1565728684,cheese pizza | beef | chicken | roasted potatoes | pineapple,493.30,464.00,"A varied plate consisting of roasted proteins (chicken and beef), a small slice of cheesy bread, pineapple chunks, and a vegetable assortment including mixed greens, broccoli, and roasted summer squash.",485.00,405.00,0.375
dish_1565797699,granola | watermelon,128.93,171.00,A small side plate featuring a light mixed green salad and fresh seasonal fruit including watermelon and berries.,87.00,165.00,0.500
dish_1565797723,scrambled eggs | granola | watermelon,202.93,221.00,"A breakfast plate featuring a small portion of scrambled eggs, a side of mixed leafy green salad, and fresh fruit including watermelon cubes and mixed berries.",180.00,255.00,0.667
dish_1565798531,cherry tomatoes | lettuce | lime | onions | cucumbers,61.58,61.00,"A very small portion of mixed garden salad on a white plate, likely a garnish or a starter.",50.00,54.00,0.250
dish_1565798591,egg whites | broccoli,148.12,224.00,"A lean, high-protein meal consisting of scrambled egg whites, steamed broccoli florets, and a fresh vegetable side salad.",160.00,280.00,0.667
dish_1565799507,sweet potato,74.65,78.00,A small serving of roasted sweet potato cubes on a white plate.,95.00,80.00,1.000
dish_1565798617,egg whites | broccoli,197.71,311.00,"A low-calorie, nutrient-dense meal consisting of scrambled egg whites, steamed broccoli, a garden side salad, and fresh mixed berries.",142.00,350.00,1.000
dish_1565798558,broccoli,88.32,109.00,"A small side salad consisting of steamed broccoli florets, shredded carrots, baby spinach, cucumber slices, and a cherry tomato half, lightly coated in an oil-based dressing.",81.00,119.00,0.200
dish_1565799565,sweet potato | egg whites,240.01,396.00,"A high-protein, whole-food meal featuring a large portion of scrambled egg whites and a side of roasted sweet potato cubes.",245.00,290.00,1.000
dish_1565799597,egg whites | watermelon | sweet potato,258.31,457.00,"A breakfast or light meal consisting of a large portion of scrambled egg whites, a side of roasted sweet potato cubes, and a few pieces of fresh watermelon.",192.00,280.00,1.000
dish_1565799617,egg whites | watermelon | sweet potato,294.22,520.00,"A balanced breakfast plate containing a high-protein portion of scrambled egg whites, complex carbohydrates from roasted sweet potatoes, and mixed fresh berries.",260.00,385.00,0.667
dish_1565799663,salsa | watermelon | egg whites | sweet potato,314.81,591.00,"A high-protein breakfast plate consisting of a large portion of scrambled egg whites topped with salsa verde, a side of roasted sweet potato cubes, and a fresh fruit medley of blueberries, strawberries, and watermelon.",261.00,435.00,1.000
dish_1565808975,cherry tomatoes | onions,35.72,130.00,A small prep bowl containing raw sliced red onion and whole cherry tomatoes.,29.00,110.00,1.000
dish_1565808943,cherry tomatoes,13.32,74.00,A very small serving consisting of seven raw grape tomatoes in a stainless steel bowl.,10.00,56.00,1.000
dish_1565809033,bell peppers | onions | tuna,341.42,433.00,"A high-protein bowl containing a large portion of flaked tuna mixed with chopped red onions, green and red bell peppers, and celery.",285.00,315.00,0.667
dish_1565810146,arugula,36.45,29.00,A small side serving of fresh arugula greens on a white plate.,5.00,20.00,1.000
dish_1565809080,onions | tuna | carrot | bell peppers,362.74,485.00,"A tuna salad preparation in a large stainless steel bowl consisting of flaked tuna, a pile of shredded carrots, and diced peppers and onions.",325.00,360.00,0.750
dish_1565810205,tofu,126.97,153.00,"A light vegetarian plate consisting of a small serving of mixed grain stir-fry with yellow squash and tomatoes, accompanied by fresh arugula.",190.00,140.00,0.000
dish_1565809120,bell peppers | onions | tuna | carrot,365.63,502.00,A large metal bowl containing a substantial portion of tuna salad topped with shredded carrots and mixed chopped vegetables.,620.00,390.00,0.400
dish_1565810969,spinach (raw),4.60,20.00,"A bowl containing a portion of fresh, raw baby spinach leaves.",14.00,60.00,1.000
dish_1565811000,chicken,342.85,225.00,A protein-focused meal consisting of a generous portion of diced roasted or grilled chicken breast served over a bed of fresh baby spinach leaves.,246.00,205.00,0.500
dish_1565810237,tofu | chicken thighs,349.87,306.00,"A balanced meal consisting of stir-fried protein and vegetables, a portion of brown rice with mixed vegetables, and a side of fresh arugula.",448.00,310.00,0.250
dish_1565811025,chicken | broccoli,361.05,277.00,"A clean, high-protein meal consisting of a bed of fresh baby spinach topped with steamed broccoli florets and diced lean chicken breast.",279.00,300.00,0.667
dish_1565811287,bok choy,16.51,127.00,"A single serving of chopped, cooked bok choy served on a white plate.",25.00,120.00,1.000
dish_1565811091,chicken | goat cheese,504.40,371.00,"A nutrient-dense salad featuring a baby spinach base topped with broccoli florets, shredded carrots, cubed chicken breast, and crumbled feta cheese.",305.00,285.00,0.400
dish_1565811061,chicken | carrot,380.32,324.00,"A fresh and lean salad bowl composed of spinach, shredded carrots, broccoli, and diced chicken breast.",223.00,280.00,0.500
dish_1565811139,goat cheese | chicken,902.20,416.00,"A nutrient-dense garden salad with a spinach base, topped with steamed broccoli, carrots, feta cheese, and lean chicken breast.",290.00,215.00,0.333
dish_1565811335,bok choy,121.48,219.00,A health-focused meal featuring a portion of leafy green bok choy alongside a side of seasoned whole grains.,170.00,200.00,0.500
dish_1565811423,salmon | bok choy | chicken thighs,240.06,290.00,"A balanced meal featuring a large portion of bok choy, seasoned cooked lentils, and pieces of herb-seasoned chicken breast.",315.00,340.00,0.500
dish_1565811390,salmon | bok choy,205.09,266.00,"A health-conscious meal featuring a large portion of sautéed bok choy, a small side of cooked grains and lentils, and three small pieces of cooked salmon.",307.00,330.00,0.500
dish_1565811588,chicken thighs,348.48,263.00,"A health-conscious meal consisting of a light mixed green salad and a protein-rich shredded chicken stir-fry with cabbage, garnished with watermelon radishes.",225.00,220.00,0.500
dish_1565812146,arugula | pineapple,72.94,93.00,"A light appetizer-sized salad containing arugula, pineapple chunks, and a small amount of pine nuts.",60.00,84.00,0.667
dish_1565811529,spinach (raw),116.84,104.00,"A small garden side salad featuring mixed greens, watermelon radish, shredded carrots, and red onions with a light dressing.",51.00,72.00,0.000
dish_1565812116,arugula,44.44,36.00,"A small portion of arugula salad topped with sundried tomatoes and nut fragments, finished with a light oil-based dressing.",107.00,35.00,0.333
dish_1565812186,chicken thighs | pineapple,324.98,266.00,"A balanced meal consisting of shredded seasoned chicken, a fresh arugula salad, and chunks of fresh pineapple.",270.00,215.00,0.667
dish_1565813386,tofu,113.88,156.00,A small portion of stir-fried brown rice with seasoned tofu cubes and mixed vegetables.,299.00,225.00,0.333
dish_1565813414,tofu,139.72,179.00,"A small-to-medium portion of brown and wild rice topped with seasoned tofu cubes, served with a decorative garnish of mixed greens, watermelon radish, and a dollop of creamy sauce.",273.00,220.00,0.333
dish_1565884692,egg whites,212.16,408.00,A plate of scrambled egg whites with a small side portion of watermelon chunks.,103.00,215.00,0.500
dish_1565813446,tofu,202.68,230.00,A health-focused meal featuring a large arugula salad with watermelon radish and a portion of stir-fried wild rice with tofu cubes and mixed vegetables.,217.00,210.00,0.200
dish_1565884738,watermelon | egg whites,228.66,463.00,A simple meal consisting of torn pieces of fresh white cheese and small cubes of watermelon.,531.00,270.00,0.333
dish_1565884766,waffles | egg whites,469.61,546.00,"A breakfast plate consisting of one toasted round waffle, a generous serving of scrambled egg whites, and several cubes of fresh watermelon.",195.00,250.00,0.667
dish_1565894858,cookies,132.84,27.00,A single chocolate cookie with white chocolate chips on a white square plate.,90.00,18.00,0.000
dish_1565884833,egg whites | waffles | salsa,497.74,643.00,"A breakfast plate consisting of a pile of scrambled egg whites topped with salsa verde, two waffle halves, and a side of diced watermelon.",332.00,355.00,0.750
dish_1565894889,cheese pizza | cookies,257.81,74.00,A small snack or light meal consisting of one rectangular piece of cheese pizza and one chocolate white chip cookie on a white plate.,375.00,103.00,0.333
dish_1565895808,green beans,51.80,99.00,A single portion of sautéed or roasted green beans on a white plate.,75.00,110.00,1.000
dish_1565894910,pizza | cheese pizza | cookies,537.11,179.00,A high-calorie meal consisting of three varied portions of pizza and a single chocolate-based cookie on a square plate.,745.00,250.00,0.500
dish_1565895966,kale | green beans | chard | beef,214.54,287.00,"A healthy plate featuring sautéed green beans, cooked dark leafy greens, and two small pieces of grilled salmon.",385.00,370.00,0.167
dish_1565895879,kale | chard | green beans,96.68,231.00,"A plate of two sautéed vegetable dishes, including long green beans and wilted dark leafy greens seasoned with garlic.",195.00,270.00,0.250
dish_1565896039,kale | quinoa | green beans | beef,352.53,384.00,"A health-conscious meal featuring a portion of grilled beef, quinoa, and a generous serving of sautéed green beans and leafy greens.",520.00,490.00,0.500
dish_1565896662,chard | kale,19.38,57.00,A very small side portion of cooked Swiss chard on a large white plate.,10.00,25.00,0.500
dish_1565896701,chard | kale | lime | garlic | cauliflower,294.47,184.00,A very small portion/appetizer serving consisting of seared beef strips on a bed of sautéed swiss chard with a light tomato garnish.,185.00,120.00,0.143
dish_1565897617,green beans,356.83,211.00,A plate containing a portion of whole green beans and a grain-based mixture with minced meat and fresh leafy greens.,290.00,230.00,0.500
dish_1565896745,arugula | garlic | walnuts | cauliflower | chard | kale | lime,368.54,244.00,"A light meal consisting of sliced beef with tomato sauce, a large portion of fresh arugula, and sautéed rainbow chard with radish slices.",278.00,220.00,0.222
dish_1565897569,cauliflower | garlic | lime,324.91,150.00,"A very small, snack-sized portion consisting of cooked meat strips, buckwheat, and fresh leafy greens.",143.00,87.00,0.000
dish_1565897680,blue cheese | walnuts,770.45,405.00,"A balanced meal consisting of a protein-rich sautéed meat hash, a side of green beans, and a fresh garden salad with cherry tomatoes.",360.00,305.00,0.000
dish_1565898128,salmon | brown rice,209.03,134.00,"A very small meal consisting of a small portion of white fish and a small side of seasoned rice, plated on a large square white plate.",150.00,115.00,0.333
dish_1565898158,salmon | green beans | brown rice,240.43,194.00,"A balanced meal featuring a baked white fish fillet, a generous side of sautéed green beans, and a small portion of rice.",295.00,270.00,0.500
dish_1565898230,beef | salmon,780.20,500.00,"A varied plate consisting of two types of protein (white fish and sliced meat/sausage), green beans, a small portion of brown rice, and a fresh leafy green salad.",480.00,360.00,0.000
dish_1565898193,brown rice | green beans | salmon,291.91,268.00,"A balanced meal featuring a lean white fish fillet, a large portion of green beans, a side of mixed greens, and a small serving of brown rice.",265.00,310.00,0.333
dish_1565898331,salmon | brown rice,155.99,100.00,A very small snack-sized portion of creamy rice or risotto with spinach leaves.,61.00,47.00,0.333
dish_1565898361,beef | salmon,370.67,202.00,"A small portioned meal consisting of beef stir-fry with a small side of rice and spinach, accompanied by a separate plate of olives, cherry tomatoes, and shredded carrots.",341.00,240.00,0.167
dish_1565898432,salmon | beef,450.22,282.00,"A varied meal consisting of a large portion of leafy greens, a small serving of rice with spinach, a portion of baked meat with topping, sautéed green beans, and a side of olives, cherry tomatoes, and carrots.",413.00,340.00,0.000
dish_1565898489,,46.00,40.00,"A plate primarily featuring a serving of Kalamata olives, accompanied by a side portion of white fish, green beans, and cherry tomatoes.",193.00,160.00,0.000
dish_1565898402,salmon | beef,384.80,229.00,"A lean protein meal featuring beef strips, green beans, and a small portion of rice and spinach, complemented by a side of olives, tomatoes, and carrots.",324.00,255.00,0.167
dish_1565898511,cherry tomatoes,57.16,102.00,A side plate containing a small portion of cherry tomatoes and black olives.,133.00,150.00,0.500
dish_1565898590,salmon | cherry tomatoes | carrot | brown rice,212.70,257.00,"A light and healthy meal consisting of lean white fish, a fresh salad of shredded carrots, cherry tomatoes, and olives, with a side of green beans.",199.00,270.00,0.333
dish_1565898544,cherry tomatoes | salmon | brown rice,181.95,182.00,"A light, Mediterranean-style plate featuring a small portion of cooked white fish accompanied by fresh cherry tomatoes and dark olives.",189.00,194.00,0.200
dish_1565898659,tuna | salmon | carrot,576.70,537.00,"A protein-rich salad plate containing a large portion of tuna salad, shredded carrots, cherry tomatoes, olives, a hard-boiled egg, and a preserved fish fillet.",495.00,450.00,0.333
dish_1565898723,tuna | salmon | carrot,603.39,588.00,"A high-protein salad platter featuring a large scoop of tuna salad accompanied by a hard-boiled egg, Kalamata olives, and a variety of fresh and steamed vegetables.",516.00,465.00,0.286
dish_1565972363,egg whites,289.64,557.00,"A plate containing several large, irregular chunks of fresh white cheese.",560.00,200.00,0.000
dish_1565972384,sweet potato | egg whites,432.24,706.00,A breakfast or side plate featuring roasted potato cubes and a generous serving of scrambled egg whites.,284.00,320.00,1.000
dish_1565898758,tuna | carrot | salmon,612.99,612.00,"A protein-rich cold platter featuring tuna salad, steamed fish, and a variety of fresh vegetables including tomatoes, shredded carrots, green beans, olives, and red onion.",440.00,455.00,0.250
dish_1565972429,egg whites | sweet potato | salsa,468.49,831.00,A high-protein and carbohydrate meal consisting of a large portion of fresh white cheese chunks served with roasted cubed potatoes and topped with green salsa.,735.00,450.00,0.500
dish_1565972591,chicken apple sausage,195.20,122.00,"A plate containing several bite-sized pieces of cooked, sliced sausage.",270.00,90.00,1.000
dish_1565972628,chicken apple sausage | scrambled eggs,545.96,359.00,A breakfast plate consisting of scrambled eggs and sliced breakfast sausages.,435.00,195.00,1.000
dish_1565974375,bacon,459.85,85.00,"A plate containing several strips of crispy, well-done bacon.",243.00,45.00,1.000
dish_1565974409,chicken apple sausage | bacon,688.65,228.00,A high-protein breakfast plate consisting of several strips of crispy bacon and sliced breakfast sausage links.,335.00,97.00,1.000
dish_1565972674,scrambled eggs | chicken apple sausage,613.59,426.00,"A breakfast meal consisting of a generous portion of scrambled eggs, several pieces of sliced breakfast sausage, and a small side salad of fresh spinach and carrots.",492.00,240.00,0.667
dish_1565972715,scrambled eggs | chicken apple sausage,657.55,510.00,"A high-protein breakfast plate featuring scrambled eggs, sliced sausages, sautéed green beans, and a simple spinach salad.",633.00,405.00,0.500
dish_1565981769,carrot,23.10,47.00,"A very small portion of roasted root vegetable pieces, primarily sweet potato, on a white plate.",72.00,80.00,0.000
dish_1565981802,carrot | tofu,99.75,152.00,"A small portion of stir-fried tofu with sliced carrots and roasted root vegetables, likely served as a side dish or snack.",135.00,160.00,0.667
dish_1565981848,carrot | tofu | fish,147.41,198.00,"A nutritionally balanced meal with modest portions of lean protein (fish and tofu), complex carbohydrates (grains), and various cooked vegetables.",270.00,210.00,0.500
dish_1565984245,carrot,38.34,78.00,A small serving consisting of several slices of roasted carrots and one black bean on a white plate.,66.00,76.00,0.500
dish_1565984299,carrot | cauliflower,93.34,298.00,"A side portion of mixed cooked vegetables, specifically cauliflower and carrots.",86.00,185.00,1.000
dish_1565981898,fish | tofu | arugula | carrot,260.98,290.00,"A healthy balanced plate featuring grilled salmon, sautéed tofu cubes, a large portion of arugula, and mixed carrots and roasted root vegetables, topped with lentils.",395.00,337.00,0.429
dish_1565984345,cauliflower | ground turkey | carrot,210.36,353.00,"A small portioned plate containing roasted carrot slices, steamed cauliflower florets, and a side of savory stuffing or meatloaf crumble.",180.00,230.00,0.500
dish_1565984434,quinoa | ground turkey | cauliflower | carrot,319.89,430.00,"A balanced meal featuring cooked buckwheat grain, steamed cauliflower, roasted carrots, and a small portion of a lean protein patty.",235.00,320.00,0.333
dish_1565986733,ground turkey | fish,387.93,287.00,"A plated meal featuring small portions of seared oily fish, a fish terrine or cake, accompanied by baby spinach, chili, and lentils.",310.00,185.00,0.200
dish_1565987015,spinach (raw),14.72,64.00,"A bowl filled with fresh, raw baby spinach leaves.",18.00,80.00,1.000
dish_1565986702,fish,211.34,204.00,A small appetizer-sized portion of pan-seared fish with wilted greens and a scatter of lentils.,205.00,97.00,0.333
dish_1565987054,spinach (raw) | chicken,260.57,213.00,"A high-protein, low-carbohydrate salad consisting of a generous portion of diced cooked chicken breast served over fresh baby spinach leaves.",200.00,175.00,1.000
dish_1565987081,spinach (raw) | chicken,268.07,288.00,A protein-focused salad featuring diced grilled chicken breast and sliced cucumbers on a generous bed of fresh spinach.,221.00,245.00,0.667
dish_1565987142,parmesan cheese | chicken,518.32,426.00,"A high-protein Mediterranean-style salad consisting of baby spinach, sliced grilled chicken, numerous kalamata olives, cucumber, and shaved parmesan cheese.",505.00,348.00,0.400
dish_1565987116,chicken,393.42,397.00,"A protein-rich salad with chicken breast, fresh cucumber, spinach, and a generous portion of kalamata olives.",403.00,350.00,0.250
dish_1565987269,cheese pizza,119.65,45.00,A single small rectangular slice of cheese pizza served on a large square white plate.,125.00,45.00,1.000
dish_1565987201,parmesan cheese | caesar dressing | chicken,560.66,522.00,"A nutrient-dense chicken salad bowl featuring a spinach base, cucumber, salty kalamata olives, and parmesan shavings, heavily finished with a creamy dressing.",550.00,280.00,0.333
dish_1565987298,ground turkey | cheese pizza,211.14,88.00,A meal consisting of a single slice of meatloaf and a small piece of cheese pizza served on a square white plate.,335.00,150.00,0.333
dish_1566316496,bell peppers,121.10,64.00,A very small side salad consisting of baby spinach and shredded carrots with a light oil coating.,73.00,57.00,0.000
dish_1566316525,bacon,223.89,83.00,"A light meal or snack consisting of two strips of crispy bacon and a small side salad of baby spinach leaves, shredded carrots, and a cherry tomato slice.",145.00,58.00,0.333
dish_1566316558,scrambled eggs | bacon,490.29,263.00,"A breakfast or brunch plate featuring scrambled eggs, two strips of crispy bacon, and a small side of fresh spinach and carrot salad.",337.00,197.00,0.667
dish_1566316587,bacon | scrambled eggs | hash browns,646.77,311.00,"A breakfast plate consisting of a large portion of scrambled eggs, crispy bacon, hash browns, and a side of spinach salad with carrots.",535.00,314.00,0.750
dish_1566316681,sweet potato,116.76,122.00,A very small serving of roasted potato cubes on a white square plate.,100.00,65.00,1.000
dish_1566316612,hash browns | bacon | scrambled eggs,665.24,367.00,"A breakfast plate containing scrambled eggs, crispy bacon, a small side of hash browns, roasted eggplant, and a fresh spinach side salad.",655.00,385.00,0.600
dish_1566316726,egg whites | sweet potato,409.52,685.00,A breakfast plate containing a high-volume portion of scrambled egg whites paired with a side of well-browned roasted cubed potatoes.,315.00,360.00,1.000
dish_1566316757,sweet potato | egg whites | salsa,448.38,819.00,"A high-protein breakfast plate featuring a large serving of scrambled egg whites and a side of roasted potato cubes, all topped with a green salsa.",270.00,390.00,1.000
dish_1566317742,oatmeal,154.72,254.00,"A healthy breakfast consisting of a bowl of cooked oatmeal topped with fresh blackberries, served with a side bowl of fresh strawberries.",210.00,375.00,1.000
dish_1566317711,oatmeal,123.76,182.00,A nutritious breakfast featuring a bowl of oatmeal served with side bowls of fresh raspberries and blackberries.,233.00,370.00,1.000
dish_1566317775,oatmeal,237.40,410.00,A breakfast bowl consisting of cooked oatmeal topped with a generous portion of fresh raspberries and a few blackberries.,169.00,275.00,1.000
dish_1566328724,chicken,275.55,167.00,"A portion of chopped, cooked skinless chicken breast on a white plate.",223.00,135.00,1.000
dish_1566317801,brown sugar | oatmeal,275.40,420.00,A bowl of hot oatmeal topped with a generous serving of fresh raspberries and brown sugar.,280.00,340.00,1.000
dish_1566328776,chicken | pizza,901.81,436.00,"A mixed plate containing four small pieces of Hawaiian-style pizza, a generous portion of diced white meat chicken, and a side of cherry tomatoes.",651.00,380.00,0.667
dish_1566328745,chicken,282.03,203.00,A light meal or high-protein snack consisting of a portion of chopped cooked chicken breast accompanied by six whole cherry tomatoes.,198.00,200.00,0.500
dish_1566328805,pizza | chicken,927.81,488.00,"A high-protein mixed plate consisting of several small squares of Hawaiian pizza, a large portion of chopped chicken breast, and sides of fresh pineapple and cherry tomatoes.",768.00,510.00,0.500
dish_1566328831,pizza | chicken,941.61,500.00,"A mixed plate consisting of four small squares of Hawaiian pizza, a generous portion of cubed chicken breast, fresh pineapple chunks, olives, and cherry tomatoes.",725.00,468.00,0.400
dish_1566328894,cheese pizza,236.65,89.00,Two small pieces of thin-crust cheese pizza on a large white plate.,185.00,70.00,1.000
dish_1566328929,beef | cheese pizza,396.61,165.00,A meal consisting of one slice of cheese pizza and three small portions of sliced cooked beef steak.,440.00,170.00,1.000
dish_1566328988,beef | fried rice | chicken | cheese pizza,747.75,398.00,"A mixed protein plate containing sliced beef, a piece of chicken, yellow seasoned rice, and a slice of cheese pizza.",720.00,360.00,1.000
dish_1566328961,cheese pizza | millet | beef | chicken,605.82,308.00,"A mixed protein-heavy plate consisting of lean beef steak slices, a small portion of thin-crust cheese pizza, and a piece of breaded chicken.",455.00,178.00,0.750
dish_1566329021,beef | cheese pizza | chicken | fried rice,792.68,486.00,"A varied dinner plate containing sliced beef, yellow rice, roasted brussels sprouts, a single slice of cheese pizza, and a piece of chicken breast.",870.00,465.00,0.800
dish_1566329049,beef | chicken | cheese pizza | fried rice,814.93,575.00,"A varied plate consisting of a pizza slice, stuffed breaded chicken, yellow rice, roasted Brussels sprouts, steamed cauliflower, and sliced steak.",885.00,490.00,0.429
dish_1566329234,cauliflower | beef,262.63,457.00,A simple meal consisting of a generous portion of steamed cauliflower florets accompanied by three slices of grilled seasoned meat.,300.00,385.00,0.500
dish_1566330399,millet | beef,265.19,126.00,A small serving of cooked meat chunks accompanied by a single green leaf garnish.,226.00,92.00,0.333
dish_1566329203,cauliflower,94.25,377.00,A plate containing a serving of cooked cauliflower florets.,46.00,185.00,1.000
dish_1566329257,tofu | beef | cauliflower,321.03,537.00,"A high-volume, protein-focused meal consisting of a large portion of cauliflower, sliced meatloaf, and small cubes of sautéed tofu.",402.00,470.00,0.500
dish_1566330428,beef | millet | cauliflower,290.69,228.00,A meal consisting of braised meat and steamed cauliflower florets on a white plate.,307.00,215.00,0.200
dish_1566331828,chicken | millet | brussels sprouts,349.58,306.00,A light meal featuring chicken breast topped with tomato sauce and a side of charred roasted Brussels sprouts.,320.00,235.00,0.667
dish_1566331801,chicken | millet,296.99,203.00,A modest portion consisting of two pieces of poultry coated in a chunky tomato sauce.,240.00,150.00,0.500
dish_1566330466,beef | fried rice | cauliflower,377.43,283.00,"A balanced meal consisting of sliced roasted beef, a portion of seasoned yellow rice, and steamed cauliflower florets with a single leaf garnish.",475.00,362.00,0.750
dish_1566332040,spinach (raw),14.95,65.00,"A bowl filled with fresh, raw baby spinach leaves.",17.00,75.00,1.000
dish_1566331914,chicken | fried rice | brussels sprouts | millet,589.50,481.00,"A varied plate consisting of a portion of yellow rice, roasted Brussels sprouts, chicken pieces in a red sauce, and a fresh leafy green side salad.",535.00,390.00,0.750
dish_1566332085,spinach (raw) | cucumbers,24.75,163.00,"A fresh, light green salad consisting of raw baby spinach leaves and sliced cucumbers without visible dressing.",28.00,165.00,1.000
dish_1566331868,brussels sprouts | millet | chicken | fried rice,453.67,372.00,"A balanced meal consisting of chicken pieces in tomato sauce, a side of yellow seasoned rice, and roasted Brussels sprouts.",500.00,370.00,0.750
dish_1566332116,spinach (raw) | cucumbers,153.55,275.00,"A fresh vegetable salad consisting of baby spinach leaves, sliced cucumbers, and a large portion of kalamata olives.",262.00,260.00,0.667
dish_1566332154,chicken,401.05,425.00,"A high-protein salad featuring a spinach base topped with a generous portion of chopped grilled chicken, kalamata olives, and cucumber.",323.00,260.00,0.250
dish_1566332268,chicken | avocado | caesar dressing,567.58,595.00,"A chicken and avocado salad on a bed of spinach, topped with kalamata olives, cucumber slices, and a generous portion of creamy white dressing.",630.00,365.00,0.333
dish_1566333118,cheese pizza,239.31,90.00,Two small rectangular pieces of thin-crust cheese pizza.,220.00,80.00,1.000
dish_1566332193,avocado | chicken,527.45,504.00,"A nutrient-dense salad featuring a high-protein portion of cubed chicken, healthy fats from avocado and olives, on a bed of fresh spinach.",334.00,280.00,0.400
dish_1566333167,beef | cheese pizza,344.54,140.00,Two small rectangular slices of cheese pizza and a single piece of seasoned meat on a white plate.,310.00,120.00,0.500
dish_1566333194,cheese pizza | beef | chicken,461.59,220.00,"A small mixed plate containing two rectangular pieces of cheese pizza, one sauced chicken drumstick, and a small portion of cooked meat.",425.00,190.00,0.667
dish_1566333228,beef | caesar salad | chicken | cheese pizza,498.55,304.00,"A varied plate consisting of two small pizza squares, roasted chicken pieces including a drumstick, and a portion of Caesar salad.",715.00,370.00,0.600
dish_1566333255,caesar salad | cheese pizza | chicken | beef,515.55,372.00,"A mixed plate containing two small slices of pizza, a chicken drumstick, a piece of braised meat, steamed cauliflower, and a Caesar salad.",660.00,405.00,0.500
dish_1566333291,caesar salad | brussels sprouts | beef | chicken | cheese pizza,549.76,439.00,"A varied meal plate consisting of two small cheese pizza rectangles, a portion of dressed green salad, cooked cauliflower, roasted Brussels sprouts, and two small servings of different proteins (chicken and another roasted meat).",660.00,455.00,0.667
dish_1566402041,egg whites,231.92,446.00,A plate containing a portion of scrambled egg whites.,120.00,150.00,1.000
dish_1566402095,sweet potato | yam | egg whites,421.12,577.00,A meal consisting of a large portion of cooked egg whites served with a side of roasted sweet potato cubes.,205.00,320.00,0.667
dish_1566402123,egg whites | watermelon | yam | sweet potato,445.12,657.00,"A health-conscious meal consisting of a large portion of cooked egg whites, a side of roasted sweet potato cubes, and fresh diced watermelon.",205.00,370.00,0.750
dish_1566402160,egg whites | watermelon | yam | sweet potato,458.72,697.00,"A high-protein, whole-food meal consisting of a large portion of scrambled egg whites, roasted sweet potato cubes, and a side of fresh cubed watermelon and cantaloupe.",277.00,450.00,0.600
dish_1566402197,egg whites | yam | sweet potato,480.95,736.00,"A high-protein breakfast plate consisting of a large portion of scrambled egg whites, roasted sweet potato chunks, and a fresh fruit medley of melons and berries.",309.00,510.00,0.500
dish_1566413321,spinach (raw),14.03,61.00,A bowl of fresh raw baby spinach leaves.,10.00,45.00,1.000
dish_1566333324,cheese pizza | caesar salad | chicken | beef | fried rice,608.10,476.00,"A mixed plate containing two small pizza squares, roasted chicken with sauce, yellow rice, a side of Caesar salad, cauliflower, and roasted Brussels sprouts.",830.00,505.00,0.571
dish_1566402232,salsa | egg whites | yam | sweet potato,511.40,841.00,"A substantial meal consisting of a large portion of mashed potatoes and roasted sweet potatoes topped with a savory green sauce, accompanied by a fresh fruit medley of watermelon, cantaloupe, strawberries, and blueberries.",519.00,630.00,0.167
dish_1566413356,spinach (raw) | chicken,183.98,164.00,A high-protein salad consisting of a bed of raw baby spinach topped with diced cooked chicken breast.,196.00,170.00,1.000
dish_1566413419,chicken | avocado | broccoli,285.83,280.00,"A healthy bowl containing fresh spinach, lean diced chicken, steamed broccoli, and avocado slices, appearing to be a high-protein, low-carb meal.",231.00,235.00,0.750
dish_1566413388,chicken | spinach (raw) | broccoli,207.43,231.00,A healthy salad bowl consisting of a fresh spinach base topped with cubed lean chicken breast and broccoli florets.,180.00,195.00,1.000
dish_1566413445,chicken | avocado | broccoli,377.83,360.00,"A healthy salad featuring fresh baby spinach, grilled chicken breast chunks, broccoli florets, avocado slices, and kalamata olives.",362.00,290.00,0.600
dish_1566414225,quinoa,125.18,88.00,A small portion of couscous accompanied by a light serving of roasted Mediterranean-style vegetables on a large white plate.,92.00,130.00,0.000
dish_1566413469,chicken | avocado | parmesan cheese | broccoli,459.66,379.00,"A vegetable-based salad featuring baby spinach, broccoli, kalamata olives, and topped with shaved parmesan cheese.",254.00,180.00,0.333
dish_1566414412,quinoa | chicken | roasted potatoes,920.12,658.00,"A varied meal consisting of roasted potatoes, a creamy protein-based casserole, a side of couscous with peppers, and a mixed leafy green salad.",570.00,360.00,0.667
dish_1566414342,chicken | quinoa | roasted potatoes,846.37,552.00,"A plate featuring roasted potato wedges, a vegetable couscous side, and a portion of creamy chicken mixed with grains and greens.",615.00,380.00,0.500
dish_1566414291,roasted potatoes | quinoa,345.14,244.00,"A small portion of roasted potato chunks served alongside a Mediterranean-style couscous salad with roasted peppers, onions, and squash.",340.00,270.00,0.333
dish_1566413510,parmesan cheese | chicken | avocado,751.38,412.00,"A fresh green salad featuring baby spinach leaves and raw broccoli, topped with salty kalamata olives, creamy avocado, and savory shaved parmesan cheese, lightly dressed with oil.",316.00,183.00,0.333
dish_1566414611,chicken,105.60,64.00,"A small portion of diced, cooked chicken breast served on a square white plate.",107.00,65.00,1.000
dish_1566414642,roasted potatoes | chicken,219.81,145.00,A lean meal consisting of a small portion of diced grilled chicken breast and a few chunks of roasted red potatoes.,310.00,215.00,1.000
dish_1566414686,roasted potatoes | chicken,646.18,407.00,"A plate containing plain diced chicken, roasted potatoes, and a portion of a creamy vegetable-based casserole or side dish.",600.00,390.00,0.667
dish_1566414723,chicken | fish | roasted potatoes,728.81,482.00,"A mixed plate consisting of diced poultry, skin-on roasted potatoes, a large portion of creamy grain-based salad, and a thin savory side piece.",717.00,415.00,0.400
dish_1566414754,roasted potatoes | fish | chicken,755.50,533.00,"A diverse plate containing plain diced chicken, green beans, roasted potatoes, a rich creamy chicken and spinach stew, and a small side of thin flatbread.",713.00,420.00,0.333
dish_1566414924,roasted potatoes | arugula | green beans,247.48,227.00,"A balanced plate featuring a large arugula salad with fruit and walnuts, a serving of green beans, and a small portion of roasted potatoes.",310.00,230.00,1.000
dish_1566414891,arugula | roasted potatoes,213.99,163.00,"Arugula salad with fruit, walnuts, and blueberries served with a side of small roasted potato chunks.",316.00,200.00,0.500
dish_1566414780,chicken | fish | caesar salad | roasted potatoes,807.42,651.00,"A high-protein meal featuring two types of chicken preparation, green beans, a roasted potato, and a side Caesar salad with tofu pieces.",675.00,410.00,0.429
dish_1566415520,green beans,74.82,143.00,A serving of cut green beans on a white plate.,40.00,125.00,1.000
dish_1566416299,green beans,45.00,86.00,A single portion of cooked green beans on a white plate.,30.00,85.00,1.000
dish_1566415558,fish | green beans,169.10,234.00,A simple meal consisting of a generous serving of green beans and two small portions of seasoned chicken breast.,223.00,245.00,0.333
dish_1566416339,eggplant | green beans,77.98,186.00,A simple vegetable-based meal consisting of a portion of green beans and sautéed eggplant chunks.,143.00,235.00,1.000
dish_1566415591,broccoli | green beans | fish,214.78,316.00,"A high-fiber, high-protein meal consisting of a large portion of green beans, roasted broccoli florets, a slice of roasted portobello mushroom, and two pieces of cooked chicken breast.",297.00,330.00,0.400
dish_1566416388,roasted potatoes | eggplant | green beans,259.87,315.00,"A vegetarian plate consisting of fresh green beans, herb-roasted potato chunks, and sautéed eggplant.",251.00,310.00,1.000
dish_1566416455,eggplant | green beans | chicken | fish | roasted potatoes,372.33,403.00,"A balanced meal consisting of a white fish fillet with sauce, roasted potatoes, roasted eggplant cubes, and a large portion of steamed green beans.",535.00,485.00,0.800
dish_1566416701,chicken,198.54,122.00,Small portion or leftover remains of a chicken salad with mixed greens and a creamy dressing.,141.00,65.00,0.500
dish_1566416421,green beans | fish | roasted potatoes | eggplant,313.74,367.00,"A health-conscious meal consisting of a white fish fillet served with a generous side of green beans, roasted potato chunks, and cooked eggplant.",465.00,455.00,1.000
dish_1566417442,eggplant,93.83,158.00,A small portion of cooked eggplant served alongside a fresh mixed leaf salad.,110.00,150.00,1.000
dish_1566417398,celery root | cherry tomatoes,56.89,46.00,A light side meal consisting of a small mixed green salad and a portion of sautéed chicken pieces.,92.00,80.00,0.000
dish_1566417475,roasted potatoes | eggplant,150.23,198.00,"A plate containing sautéed eggplant, a few roasted potato pieces, and a small side of mixed green salad.",168.00,170.00,1.000
dish_1566417516,eggplant | fish | roasted potatoes,385.40,425.00,A balanced meal consisting of breaded white fish pieces served with a side of roasted vegetables (eggplant and potatoes) and a fresh green salad.,408.00,275.00,0.667
dish_1566419510,cheese pizza,273.88,103.00,"Three small rectangular slices of cheese pizza, likely a Sicilian or 'Grandma' style crust.",365.00,135.00,1.000
dish_1566419546,caesar salad | cheese pizza,306.44,177.00,A meal consisting of three small rectangular slices of cheese pizza and a side Caesar salad with creamy dressing.,540.00,215.00,1.000
dish_1566488905,sweet potato,82.31,86.00,A small portion of roasted potato chunks accompanied by fresh cantaloupe cubes.,146.00,165.00,0.500
dish_1566419577,caesar salad | cheese pizza,323.70,210.00,"A meal plate containing three thin-crust cheese pizza slices, a side of creamy lettuce salad, and whole green beans.",640.00,325.00,0.667
dish_1566419603,caesar salad | roasted potatoes | cheese pizza,382.92,252.00,"A balanced meal featuring three small square slices of cheese pizza, a side of creamy green salad, roasted potato pieces, and whole green beans.",615.00,355.00,0.750
dish_1566488928,cantaloupe | sweet potato,103.05,147.00,A small snack-sized portion of roasted potato cubes and diced cantaloupe melon on a large white plate.,127.00,135.00,1.000
dish_1566419635,roasted potatoes | caesar salad | cheese pizza | chicken,605.87,389.00,"A varied meal plate featuring three small cheese pizza rectangles, a side salad with creamy dressing, roasted potatoes, chicken in a white sauce, green beans, and fried plantains.",790.00,435.00,0.500
dish_1566488956,egg whites | sweet potato | cantaloupe,280.89,489.00,"A breakfast plate consisting of a large portion of scrambled egg whites, a side of roasted potato cubes, and fresh diced cantaloupe.",230.00,345.00,1.000
dish_1566499564,,42.55,37.00,A small serving of dark Kalamata olives on a white square plate.,90.00,44.00,0.000
dish_1566500963,spinach (raw),5.75,25.00,"A white bowl containing a portion of raw, fresh baby spinach leaves.",12.00,50.00,1.000
dish_1566488981,cantaloupe | sweet potato | egg whites,279.33,486.00,"A high-protein breakfast plate featuring a large portion of egg whites, a side of roasted potato cubes, and fresh cantaloupe.",230.00,340.00,1.000
dish_1566499633,spinach (raw),161.39,139.00,"A vegetable salad featuring spinach, kalamata olives, broccoli, and hard cheese shavings, lightly dressed with oil.",142.00,115.00,0.200
dish_1566499686,pork | sugar,674.71,388.00,"A Mediterranean-inspired meal consisting of seasoned chicken mixed with yellow rice, a side of kalamata olives, and a mixed vegetable salad.",505.00,255.00,0.000
dish_1566500988,spinach (raw) | carrot,21.33,63.00,A simple fresh salad consisting of a base of baby spinach leaves topped with shredded carrots.,32.00,105.00,1.000
dish_1566501012,carrot,132.88,160.00,"A vegetable salad featuring a base of fresh baby spinach, topped with shredded carrots and a very large portion of Kalamata olives.",262.00,190.00,0.333
dish_1566501067,parmesan cheese | chicken,464.12,306.00,"A fresh spinach salad topped with a generous portion of chopped chicken breast, large shavings of parmesan cheese, kalamata olives, and shredded carrots.",346.00,250.00,0.400
dish_1566501041,carrot | parmesan cheese,279.32,194.00,"A fresh garden salad composed of a baby spinach base, topped with whole kalamata olives, shredded carrots, and shaved parmesan cheese flakes.",260.00,160.00,0.500
dish_1566501126,parmesan cheese | chicken | avocado,564.92,369.00,"A protein-rich spinach salad topped with diced chicken, fresh avocado, shaved parmesan cheese, and black olives.",428.00,275.00,0.500
dish_1566501258,onions,12.00,30.00,A very small portion of sliced raw red onions in a large metal bowl.,10.00,25.00,1.000
dish_1566501153,parmesan cheese | chicken | avocado,1006.92,419.00,"A high-protein salad containing chopped chicken breast, avocado, large parmesan shavings, olives, and carrots on a bed of fresh spinach.",647.00,330.00,0.429
dish_1566501324,onions | carrot,65.27,113.00,"A light salad base or ingredient prep consisting of shredded carrots, whole black olives, and slivered red onion in a metal bowl.",58.00,105.00,1.000
dish_1566501293,onions,41.90,56.00,A small amount of sliced red onions and several kalamata olives sitting in the bottom of a large stainless steel bowl.,91.00,50.00,0.500
dish_1566501382,tuna | carrot,283.53,330.00,"A tuna-based salad preparation in a large stainless steel bowl containing canned tuna, shredded carrots, cherry tomatoes, and black olives.",191.00,227.00,0.667
dish_1566501352,cherry tomatoes | onions | carrot,75.53,170.00,"A simple salad bowl containing shredded carrots, six cherry tomatoes, and a small quantity of glass noodles.",63.00,165.00,0.500
dish_1566501447,tuna | carrot,286.76,349.00,"A salad base in a metal mixing bowl consisting of flaked tuna, shredded carrots, cherry tomatoes, and black olives.",176.00,235.00,0.667
dish_1566501473,carrot | almonds | tuna,413.94,371.00,"A deconstructed tuna salad base consisting of canned tuna, shredded carrots, whole almonds, olives, and cherry tomatoes in a large metal mixing bowl.",293.00,224.00,0.500
dish_1566501575,brownies,251.69,54.00,"A high-protein salad or bowl preparation containing flaked and seared tuna with cherry tomatoes, shredded carrots, and almonds.",259.00,237.00,0.000
dish_1566502000,bok choy,63.01,184.00,"A side dish of cooked leafy greens, likely bok choy, prepared with a light glaze or oil.",65.00,130.00,1.000
dish_1566502033,corn on the cob | bok choy,136.22,253.00,A vegetable-focused side dish consisting of sautéed chopped leafy greens with stalks and two small rounds of corn on the cob.,110.00,215.00,1.000
dish_1566501594,brownies,508.05,109.00,"A salad of flaked tuna, almonds, shredded carrots, and cherry tomatoes in a metal bowl, paired with two large pieces of a dense chocolate-colored brownie or snack bar.",520.00,255.00,0.000
dish_1566502271,caesar salad | chicken,296.82,359.00,"A meal consisting of a piece of breaded chicken, a large portion of Caesar salad, a side of mixed greens, and a piece of corn on the cob.",465.00,335.00,0.667
dish_1566502061,pork | corn on the cob | bok choy,408.34,385.00,"A balanced plate consisting of a large portion of leafy green bok choy, several slices of roasted pork, two small rounds of corn on the cob, and a small amount of seasoned rice.",380.00,330.00,0.750
dish_1566502437,spinach (raw),74.56,64.00,A small side salad consisting of a small pile of baby spinach with tiny bits of mixed vegetables and a light oil coating.,46.00,43.00,0.500
dish_1566502315,pork | caesar salad | chicken,577.18,495.00,"A multi-component meal consisting of a large Caesar salad, breaded chicken breast, a savory meat side dish, corn on the cob, and a spinach salad.",940.00,540.00,0.333
dish_1566502472,spinach (raw) | corn on the cob,132.92,119.00,A light side salad featuring fresh baby spinach with a light dressing and a single slice of corn on the cob.,82.00,87.00,0.667
dish_1566502505,pork | corn on the cob | sugar,454.52,275.00,"Grilled meat slices topped with a light sprinkling of yellow rice, served with a fresh spinach salad and a small piece of corn on the cob.",365.00,215.00,0.400
dish_1566587143,chicken | avocado | millet,354.40,234.00,"A high-protein, high-fat meal consisting of a seasoned piece of chicken accompanied by fresh avocado slices.",287.00,160.00,0.667
dish_1566502537,corn on the cob | pork | chicken | sugar,517.64,315.00,"A health-conscious plate featuring sliced grilled chicken, a side of fresh baby spinach, and a single slice of corn on the cob.",264.00,215.00,0.333
dish_1566587102,chicken | millet,213.60,146.00,"A single small portion of breaded protein, likely chicken, topped with a thick sauce and served with a lime leaf on a large white plate.",195.00,75.00,0.500
dish_1566502573,chicken | pork | sugar | corn on the cob | chickpeas,821.51,487.00,"A balanced meal consisting of a chickpea vegetable salad, sliced roasted chicken with a side of yellow rice, fresh baby spinach, and a single slice of corn on the cob.",470.00,340.00,0.429
dish_1566587182,avocado | chicken,531.26,377.00,"A balanced meal consisting of a breaded chicken protein source, fresh avocado for healthy fats, and a side of mixed leaf salad with tomatoes and peppers.",540.00,320.00,0.667
dish_1566587689,salmon | kale | brown rice | chard,196.85,270.00,A light meal consisting of a generous serving of sautéed Swiss chard alongside two small pieces of salmon and a few scattered grains of rice.,242.00,240.00,0.750
dish_1566587714,salmon | chicken | chard | kale | millet,347.54,373.00,A healthy meal consisting of a large serving of sautéed rainbow Swiss chard and several pieces of breadcrumb-crusted baked salmon.,420.00,330.00,0.333
dish_1566587958,brown rice | salmon,398.50,224.00,Three small portions of seasoned pan-seared or roasted salmon served with minor garnishes of green onion and arugula.,215.00,105.00,0.500
dish_1566588016,salmon | brown rice | carrot,472.23,374.00,A health-focused meal of roasted salmon portions served with roasted sliced carrots on a small bed of greens.,485.00,340.00,0.667
dish_1566589933,tofu,89.06,122.00,A very small portion or remaining snack consisting of herb-seasoned tofu strips and a shredded vegetable slaw.,115.00,105.00,0.500
dish_1566588066,carrot | pineapple | brown rice | salmon,566.23,562.00,A high-protein meal consisting of three pieces of roasted salmon served with roasted carrot slices and fresh pineapple chunks.,450.00,375.00,0.750
dish_1566589967,millet | chicken | tofu,381.66,322.00,"A health-focused meal plate featuring plant-based protein strips, a seasoned grain mixture, and a light vegetable slaw.",270.00,205.00,0.200
dish_1566590536,carrot,25.07,51.00,A very small portion of roasted sweet potato pieces on a white plate.,82.00,65.00,0.000
dish_1566590056,tofu | chicken | pizza,815.65,519.00,"A varied plant-based plate consisting of a thin-crust vegetable flatbread, a scoop of red quinoa, grilled protein strips with slaw, and a fresh spinach salad.",578.00,350.00,0.167
dish_1566590566,carrot | salmon | brown rice,186.96,142.00,A small meal consisting of two strips of roasted fish and a serving of sliced roasted carrots.,230.00,165.00,0.667
dish_1566590007,pizza | tofu | chicken,740.76,457.00,"A balanced plant-based plate featuring herbed tofu, quinoa grain salad, vegetable flatbread, and a small side slaw.",525.00,315.00,0.167
dish_1566590946,brown rice | salmon,405.61,228.00,"Grilled salmon fillets topped with fresh chili and herbs, served with a side of roasted root vegetables.",410.00,245.00,0.250
dish_1566591048,chicken salad | chicken | salmon,876.20,481.00,"A protein-rich meal consisting of grilled salmon and chopped chicken breast served with roasted potatoes, olives, and a garnish of peppers and herbs.",542.00,313.00,0.400
dish_1566591080,salmon | chicken | chicken salad,909.63,549.00,"A balanced meal consisting of a pan-seared salmon fillet, a large portion of diced tofu, roasted root vegetables (carrots), and roasted potatoes, garnished with peppers and scallions.",607.00,435.00,0.200
dish_1566835603,sweet potato,63.17,66.00,A very small portion of cooked orange sweet potato cubes served on a white square plate.,42.00,48.00,1.000
dish_1566590987,chicken | salmon | brown rice,639.91,370.00,"A protein-dense meal consisting of two small grilled salmon fillets with skin, a portion of diced chicken breast, and a side of roasted root vegetables and peppers.",535.00,335.00,0.400
dish_1566835641,sweet potato | egg whites,312.77,546.00,A high-protein breakfast plate featuring a large portion of scrambled egg whites and a small side of roasted sweet potato cubes.,180.00,265.00,1.000
dish_1566592456,caesar salad,55.44,126.00,"A small side portion of Caesar salad consisting of romaine lettuce, dressing, croutons, and parmesan cheese on a white plate.",160.00,73.00,0.250
dish_1566838286,pineapple,72.50,145.00,A small serving of fresh cut pineapple chunks.,55.00,110.00,1.000
dish_1566835701,egg whites | salsa | sweet potato,370.19,744.00,"A plate of chunky mashed potatoes topped with savory gravy, served with a side of roasted sweet potato cubes.",540.00,535.00,0.250
dish_1566838317,watermelon | pineapple,114.20,284.00,A fruit plate featuring bite-sized pieces of fresh watermelon and pineapple.,96.00,240.00,1.000
dish_1566838351,watermelon | pineapple,190.01,417.00,"A light fruit plate containing fresh cubed watermelon, pineapple, blackberries, and raspberries.",118.00,295.00,1.000
dish_1566838378,scrambled eggs | watermelon | pineapple,286.21,482.00,"A breakfast plate containing scrambled eggs alongside a fresh fruit medley of watermelon, pineapple, blackberries, and raspberries.",181.00,235.00,1.000
dish_1566838407,pineapple | scrambled eggs | sweet potato | watermelon,358.95,558.00,"A breakfast plate containing a small serving of scrambled eggs and roasted sweet potato cubes, accompanied by a generous variety of fresh cut fruits including pineapple, watermelon, blackberries, and raspberries.",264.00,370.00,1.000
dish_1566844766,caesar salad,72.16,164.00,"A portion of Caesar salad consisting of chopped romaine lettuce, croutons, and creamy Caesar dressing.",275.00,172.00,0.250
dish_1566844803,caesar salad | pepperoni pizza,249.82,227.00,A meal plate containing a portion of Caesar salad with croutons and two small square slices of pepperoni pizza.,535.00,225.00,1.000
dish_1566846997,pork,343.71,168.00,A small portion of chopped roasted pork pieces on a white plate.,290.00,110.00,1.000
dish_1566844850,pork | pepperoni pizza | caesar salad,491.24,345.00,"A varied meal featuring a Caesar salad side, two small squares of pepperoni pizza, and a portion of crumbled or chopped meat.",775.00,350.00,0.500
dish_1566847431,quinoa,101.24,90.00,"A small, single portion of roasted chicken with skin, garnished with a sprig of arugula on a large square white plate.",166.00,77.00,0.000
dish_1566847043,squash | pork,434.88,483.00,"A high-protein, low-carb meal consisting of sliced sautéed zucchini paired with chunks of seasoned cooked meat.",285.00,295.00,0.333
dish_1566847483,pork | quinoa,476.23,314.00,A plate containing a portion of roasted pork served with a side of mixed leafy greens.,383.00,170.00,0.500
dish_1566849208,,19.60,70.00,A simple bowl of mixed salad greens without visible toppings or heavy dressing.,10.00,55.00,
dish_1566847454,pork | quinoa,346.75,210.00,A very small portion consisting of a piece of roasted chicken and a small pile of shredded braised meat with onions.,240.00,100.00,0.000
dish_1566849233,avocado,94.80,117.00,A fresh mixed green salad with slices of avocado.,82.00,100.00,1.000
dish_1566849269,avocado | parmesan cheese,249.85,153.00,"A fresh salad consisting of mixed leafy greens topped with a generous portion of shaved hard cheese, likely Parmesan or Grana Padano.",150.00,97.00,0.500
dish_1566849295,avocado | parmesan cheese,348.75,239.00,A salad bowl featuring mixed greens topped with a substantial amount of shaved hard cheese and dark olives.,332.00,181.00,0.333
dish_1566849862,,77.05,67.00,A very small portion of cooked red kidney beans in a large stainless steel bowl.,25.00,20.00,0.000
dish_1566849895,carrot,112.31,153.00,A small serving of shredded carrot salad in a large metal mixing bowl.,55.00,75.00,1.000
dish_1566849327,parmesan cheese | avocado | chicken,551.70,362.00,"A high-protein salad featuring diced grilled chicken, black beans, avocado slices, and cheese flakes over mixed greens.",379.00,275.00,0.750
dish_1566849387,parmesan cheese | caesar salad | chicken | avocado,619.90,517.00,"A chicken Caesar-style salad featuring grilled chicken cubes, mixed green and purple lettuces, black olives, and shaved parmesan, topped with a creamy dressing.",465.00,255.00,0.750
dish_1566849923,cherry tomatoes | carrot,127.97,240.00,"A salad preparation containing shredded raw carrots, whole cherry tomatoes, and some partially obscured dark ingredients, likely black olives.",105.00,305.00,1.000
dish_1566850031,carrot | chicken | caesar dressing,616.77,662.00,"A high-protein salad bowl featuring a large portion of diced chicken, cherry tomatoes, shredded carrots, red onion, and a thick creamy dollop of sauce/hummus.",624.00,425.00,0.333
dish_1566849955,onions | cherry tomatoes | carrot,147.17,288.00,"A fresh, raw vegetable base for a salad consisting of shredded carrots, sliced red onions, and whole cherry tomatoes in a metal mixing bowl.",85.00,275.00,1.000
dish_1566849987,carrot | chicken,562.97,540.00,"A high-protein meal prep bowl containing a large portion of chopped grilled chicken, fresh cherry tomatoes, shredded carrots, and red onions.",424.00,410.00,0.500
dish_1566850142,pork,464.95,284.00,A protein-focused meal featuring pulled meat with a small side of steamed broccoli and a fresh mixed green salad.,348.00,205.00,0.000
dish_1566850099,onions | cucumbers | lettuce | lime | cherry tomatoes,113.06,112.00,"A small, light side salad featuring mixed greens, broccoli, and carrots with a visible oily sheen from dressing.",65.00,80.00,0.000
dish_1566851115,spinach (raw),81.55,70.00,"A small portion of sautéed baby spinach garnished with seeds/grains and a small sliver of red vegetable, likely a side dish.",85.00,78.00,0.333
dish_1566851155,quinoa,295.28,260.00,A high-protein meal consisting of sliced grilled chicken breast and a side of fresh spinach salad garnished with whole grain mustard seeds.,225.00,165.00,0.000
dish_1566851549,cheese pizza,226.01,85.00,A single rectangular slice of thin-crust cheese pizza on a large white plate.,180.00,65.00,1.000
dish_1566851222,pizza | quinoa | pork,550.83,375.00,"A high-protein meal featuring grilled chicken slices, a fresh spinach and grain salad, and a small piece of tomato and pepper flatbread.",350.00,210.00,0.000
dish_1566851584,caesar salad | cheese pizza,286.29,222.00,A meal consisting of one rectangular slice of cheese pizza and a side portion of Caesar salad.,425.00,200.00,1.000
dish_1566851198,quinoa | pork,463.05,342.00,A lean meal featuring sliced cooked chicken breast and a baby spinach salad garnished with seeds.,380.00,220.00,0.000
dish_1566851677,quinoa | caesar salad | cheese pizza,354.77,296.00,"A varied meal plate featuring a thin-crust cheese pizza slice, a side Caesar salad with croutons, sliced grilled chicken breast, and a small portion of steamed broccoli.",530.00,300.00,0.400
dish_1566851616,caesar salad | cheese pizza,300.78,248.00,"A mixed plate containing a slice of cheese pizza, a side Caesar salad, and a small portion of steamed broccoli.",520.00,260.00,0.667
dish_1566920304,egg whites,296.40,570.00,A large portion of scrambled or chopped cooked egg whites served on a white square plate.,130.00,250.00,1.000
dish_1566851704,quinoa | pork | cheese pizza | caesar salad,461.16,348.00,"A varied plate consisting of a Caesar salad, a slice of cheese pizza, grilled chicken strips, and a small portion of steamed broccoli.",675.00,345.00,0.333
dish_1566922978,scrambled eggs,124.32,84.00,A very small portion of scrambled eggs served on a white square plate.,72.00,40.00,1.000
dish_1566920339,egg whites | sweet potato,449.53,730.00,A high-protein meal consisting of a large portion of chopped egg whites and roasted sweet potato chunks.,237.00,320.00,1.000
dish_1566920365,salsa | sweet potato | egg whites,490.42,871.00,"A high-protein, whole-food meal featuring a large portion of chopped egg whites and roasted sweet potato chunks topped with a savory green sauce.",255.00,380.00,1.000
dish_1566923030,hash browns | scrambled eggs | pineapple,396.80,226.00,"A small breakfast plate featuring scrambled eggs, golden-brown hash browns, and a side of fresh pineapple chunks.",295.00,215.00,1.000
dish_1566923004,scrambled eggs | pineapple,158.82,153.00,A modest breakfast portion consisting of scrambled eggs and fresh pineapple chunks served on a white square plate.,145.00,135.00,1.000
dish_1566923060,bacon | scrambled eggs | pineapple | hash browns,515.82,248.00,"A breakfast plate featuring bacon, fried hash brown potatoes, scrambled eggs, and fresh pineapple chunks.",425.00,280.00,1.000
dish_1566931116,cauliflower,35.50,142.00,A small serving of roasted cauliflower florets on a white plate.,52.00,65.00,1.000
dish_1566931140,cauliflower | avocado,126.70,199.00,A side plate featuring roasted cauliflower florets and several fresh avocado slices.,155.00,168.00,1.000
dish_1566931179,avocado | cauliflower,204.37,263.00,"A vegetable-focused plate with roasted cauliflower, a side spinach salad topped with cheese and beets, and sliced avocado.",207.00,230.00,0.667
dish_1566931482,,25.48,91.00,"A bowl filled with a variety of fresh mixed salad greens, including baby lettuce and frisée.",10.00,50.00,
dish_1566931217,fish | avocado | white beans | cauliflower,333.11,378.00,"A balanced meal consisting of a small portion of baked salmon, white cannellini beans, roasted cauliflower, a side salad with spinach and cranberries, and avocado.",405.00,305.00,0.500
dish_1566931519,,130.13,182.00,A fresh garden salad composed of mixed greens topped with a heavy serving of dark Kalamata-style olives.,230.00,150.00,0.000
dish_1566931548,broccoli,154.98,253.00,"A fresh salad bowl containing mixed leafy greens, steamed broccoli florets, and dark kidney beans.",95.00,190.00,0.500
dish_1566931586,chicken | broccoli,379.38,389.00,A high-protein salad featuring a large portion of diced chicken breast served over a bed of mixed leafy greens with steamed broccoli and whole olives.,333.00,315.00,0.667
dish_1566931620,avocado | chicken | broccoli,494.58,461.00,"A high-protein salad bowl containing diced chicken breast, avocado slices, broccoli, and black beans over a bed of mixed leafy greens.",320.00,270.00,0.750
dish_1566933180,chicken thighs,161.45,96.00,"A single piece of roasted chicken, appearing to be a drumstick with skin on, served on a white square plate.",160.00,70.00,1.000
dish_1566931650,chicken | avocado | parmesan cheese,610.87,488.00,"A fresh green salad topped with cubed chicken, avocado, broccoli, and shaved parmesan cheese.",362.00,280.00,0.750
dish_1566931674,chicken | avocado | parmesan cheese,990.99,531.00,"A protein-rich salad bowl featuring grilled chicken, fresh avocado, steamed broccoli, and shaved parmesan cheese on a bed of mixed greens.",395.00,295.00,0.750
dish_1566933401,bok choy,27.05,79.00,"A very small portion of cooked green leafy vegetables, likely bok choy, on a white square plate.",15.00,45.00,1.000
dish_1566933226,chicken thighs,245.45,171.00,A meal consisting of a single roasted chicken leg quarter served with a small side of yellow seasoned couscous.,500.00,250.00,1.000
dish_1566933454,bok choy | arugula | chickpeas,121.74,154.00,A small side salad of mixed green leaves and thick stalks with a light oil-based dressing and red pepper accents.,62.00,75.00,0.000
dish_1566933498,chickpeas | chicken thighs,318.48,284.00,"A health-conscious meal featuring a large portion of fresh greens, sautéed bok choy, and a small portion of crusted chicken.",265.00,225.00,0.333
dish_1566934057,bok choy,66.09,193.00,A single portion of chopped and cooked bok choy (Chinese cabbage) served on a white plate.,30.00,130.00,1.000
dish_1566934085,cauliflower | bok choy,82.59,259.00,A light vegetable side dish featuring sautéed bok choy and roasted cauliflower florets.,105.00,175.00,1.000
dish_1566934366,cheese pizza,87.75,33.00,A single small rectangular slice of thin-crust cheese pizza on a large white plate.,85.00,30.00,1.000
dish_1566934152,bok choy | chicken thighs | cauliflower | salmon,305.07,396.00,"A protein-rich plate consisting of a chicken drumstick, a small portion of salmon, roasted cauliflower, and a large serving of sautéed bok choy.",295.00,385.00,1.000
dish_1566934120,bok choy | salmon | cauliflower,183.99,316.00,A low-carbohydrate meal consisting of a small portion of baked salmon accompanied by generous servings of sautéed bok choy and roasted cauliflower.,260.00,315.00,1.000
dish_1566934401,white beans | fish | cheese pizza,435.90,344.00,"A protein-rich meal consisting of two portions of baked salmon, a small piece of cheesy toasted bread, and a side salad of white beans and artichoke hearts.",440.00,215.00,0.200
dish_1566934430,fish | cookies | white beans | cheese pizza,519.54,361.00,"A mixed plate containing two pieces of salmon, a small square of cheesy bread, an artichoke and bean salad, and a single cookie.",475.00,215.00,0.333
dish_1566934455,cookies | fish | white beans | cheese pizza,528.04,395.00,"A mixed plate featuring two portions of salmon, a small square of pizza, a side of roasted mixed vegetables, and a single cookie.",570.00,270.00,0.333
dish_1566936266,chicken thighs | quinoa,220.96,146.00,A single portion of breaded and fried chicken on a white square plate.,285.00,110.00,0.500
dish_1566936297,fish | chicken thighs | white beans,355.29,266.00,A split protein dish consisting of a piece of roasted chicken with light grains and flaked salmon with sparse vegetable garnish.,475.00,235.00,0.250
dish_1566936352,white beans | fish | chicken thighs,424.29,368.00,"A mixed protein plate containing chicken, salmon, yellow couscous, and cauliflower.",503.00,305.00,0.167
dish_1566936323,chicken thighs | white beans | fish,368.29,318.00,A plate featuring two types of protein—a breaded chicken piece and flaked salmon—accompanied by a small side of cauliflower.,405.00,235.00,0.200
dish_1566937992,cheese pizza,276.54,104.00,Two small rectangular slices of thick-crust cheese pizza served on a large square white plate.,285.00,110.00,1.000
dish_1566934487,fish | white beans | cookies | cheese pizza,553.04,468.00,"A diverse meal consisting of seasoned salmon fillets, a side of sautéed bok choy, a vegetable and bean medley, a small savory pastry piece, and a cookie.",550.00,310.00,0.000
dish_1566938026,cheese pizza | chicken thighs,450.58,219.00,A mixed plate containing roasted herb-crusted chicken pieces and two small rectangular slices of thick-crust cheese pizza.,695.00,290.00,1.000
dish_1567007719,cantaloupe,14.28,42.00,A very small portion of cantaloupe melon chunks on a white plate.,20.00,60.00,1.000
dish_1566938088,chicken thighs | cauliflower | cheese pizza,494.50,381.00,"A mixed plate containing two small slices of cheese pizza, roasted cauliflower florets, a roasted chicken drumstick, and a small portion of bok choy.",545.00,365.00,0.750
dish_1566938059,cheese pizza | chicken thighs,463.25,256.00,"A meal featuring two rectangular slices of cheese pizza, a small portion of cooked chicken with a grain coating, and a side of sautéed bok choy.",510.00,235.00,0.667
dish_1567007751,cantaloupe,39.93,87.00,"A small fresh fruit plate consisting of sliced strawberries, blueberries, and cantaloupe chunks.",42.00,122.00,1.000
dish_1567007814,pineapple | cantaloupe,73.00,152.00,A small portion of assorted fresh mixed fruits served on a white square plate.,73.00,179.00,1.000
dish_1567019993,brussels sprouts,28.08,55.00,A very small serving of charred roasted Brussels sprouts on a plate.,78.00,70.00,1.000
dish_1567007783,cantaloupe,50.00,106.00,"A small assortment of mixed fresh fruit including melon, strawberries, and various berries served on a white square plate.",50.00,133.00,1.000
dish_1567020340,broccoli,93.59,168.00,"A portion of cooked broccoli florets, likely roasted or sautéed, served on a white plate.",90.00,130.00,1.000
dish_1567007848,watermelon | cantaloupe | pineapple,100.30,243.00,"A colorful assortment of fresh fruit chunks including watermelon, pineapple, cantaloupe, and various berries served on a white square plate.",101.00,260.00,1.000
dish_1567020054,brussels sprouts | fish,122.00,145.00,Small portion of roasted chicken pieces with charred Brussels sprouts and a leaf garnish.,191.00,162.00,0.250
dish_1567020394,fish | broccoli | brussels sprouts,176.16,265.00,"A health-conscious meal consisting of a generous portion of roasted broccoli, a few Brussels sprouts, and a small piece of herb-topped chicken.",260.00,280.00,0.500
dish_1567020366,brussels sprouts | broccoli,111.46,203.00,A serving of roasted green vegetables consisting primarily of broccoli florets with a few Brussels sprouts.,143.00,215.00,1.000
dish_1567020091,fish | arugula | brussels sprouts,236.81,238.00,"A small sampler plate consisting of charred roasted Brussels sprouts, a mixed green salad with slivered almonds, and a portion of savory stuffing.",322.00,149.00,0.167
dish_1567020417,fish | chicken | broccoli,313.76,348.00,"A health-focused meal consisting of a generous serving of roasted broccoli, a small portion of roasted Brussels sprouts, and seasoned chicken breast pieces.",370.00,350.00,0.500
dish_1567021799,arugula,93.82,76.00,"A small portion of mixed baby greens, including arugula and red-veined leaves like beet greens or chard.",10.00,40.00,0.000
dish_1567021831,fish | arugula,252.44,228.00,A health-focused meal consisting of a serving of baked crusted fish paired with a generous portion of mixed baby salad greens.,245.00,170.00,0.500
dish_1567021864,fish | pizza,342.88,262.00,"A plate containing a large portion of mixed green salad, a small wedge of thin-crust pizza, and several pieces of breaded chicken.",365.00,195.00,0.333
dish_1567022147,cherry tomatoes | bell peppers,34.92,128.00,A small bowl containing raw sliced green and red bell peppers with cherry tomatoes.,23.00,105.00,1.000
dish_1567022212,bell peppers | carrot | cherry tomatoes,89.11,197.00,"A small salad base consisting of shredded carrots, kalamata olives, bell peppers, and onions in a metal mixing bowl.",118.00,120.00,0.400
dish_1567022180,bell peppers | carrot | cherry tomatoes,48.86,162.00,"A small portion of raw, chopped vegetables (shredded carrots, bell peppers, and onion) in a large stainless steel bowl, likely a salad base or stir-fry prep.",45.00,130.00,0.500
dish_1567022251,onions | cherry tomatoes | carrot | bell peppers,111.91,254.00,"A preparation bowl containing raw sliced red onions, shredded carrots, and bell pepper slices.",48.00,130.00,0.750
dish_1567022296,onions | bell peppers | chicken,425.41,444.00,A preparation bowl containing a large portion of diced cooked chicken breast mixed with raw red onion slices and shredded carrots.,216.00,165.00,0.500
dish_1567022338,chicken | parmesan cheese,507.24,463.00,"A high-protein bowl consisting of a large portion of diced cooked chicken breast topped with shaved parmesan cheese, red onions, and shredded carrots.",416.00,225.00,0.500
dish_1567022383,chicken | parmesan cheese,527.09,508.00,"A salad bowl composed of chopped chicken breast, shaved cheese, and shredded carrots/onions, topped with a thick, creamy-textured dressing.",496.00,265.00,0.500
dish_1567023132,kimchi,59.20,84.00,A very small snack or side dish plate containing a small serving of kimchi and roughly 11 dark Kalamata olives.,113.00,85.00,0.500
dish_1567023110,,46.00,40.00,"A small serving of dark olives, likely Kalamata, arranged on a white plate.",95.00,40.00,0.000
dish_1567023161,chicken | kimchi,141.70,134.00,"A small snack plate containing a portion of kimchi, several black olives, and diced pieces of cooked chicken breast.",152.00,140.00,1.000
dish_1567023184,chicken | kimchi | kale,191.51,195.00,"A low-carb, nutrient-dense plate featuring a kale and parmesan salad, diced chicken breast, fermented kimchi, and kalamata olives.",287.00,230.00,0.600
dish_1567023335,garlic | pecans | almonds | arugula | chard | carrot,138.34,117.00,"A small mixed green salad with a single cucumber slice, feta cheese, green olives, and a few almonds and raisins.",125.00,94.00,0.111
dish_1567023262,,72.32,64.00,"A very small, appetizer-sized portion of a Greek-style garden salad.",68.00,45.00,0.000
dish_1567023296,garlic | pecans | chard | arugula,107.18,92.00,"A small side salad featuring mixed greens, a cucumber slice, feta cheese, and olives with a light dressing.",83.00,67.00,0.000
dish_1567023375,tofu,248.57,268.00,"A balanced meal consisting of a large mixed green salad with feta cheese, olives, and cucumber, paired with a tofu and broccoli grain bowl.",325.00,313.00,0.333
dish_1567024066,cheese pizza,228.67,86.00,Two small rectangular pieces of cheese pizza on a large white square plate.,235.00,85.00,1.000
dish_1567024112,cheese pizza | chicken thighs,274.08,116.00,A small meal consisting of two small rectangular slices of cheese pizza and a side of sliced chicken breast in a creamy white sauce.,305.00,125.00,1.000
dish_1567024135,cheese pizza | chicken thighs | roasted potatoes,317.79,147.00,"A small plate containing two rectangular pieces of cheese pizza, a few roasted potatoes, and a small serving of chicken in a creamy white sauce.",360.00,170.00,1.000
dish_1567024187,cheese pizza | chicken thighs | roasted potatoes,334.95,235.00,"A mixed plate featuring two small rectangular pizza slices, a side of sautéed squash, several roasted potato chunks, and a small portion of chicken in a white cream sauce.",450.00,290.00,0.750
dish_1567106594,cherry tomatoes,15.84,88.00,A small serving of raw cherry tomatoes in a metal bowl.,18.00,96.00,1.000
dish_1567024224,chicken thighs | cheese pizza | cauliflower | roasted potatoes,354.95,315.00,"A mixed plate featuring cheese pizza, steamed cauliflower, sautéed zucchini, roasted potatoes, and chicken in a creamy sauce.",610.00,435.00,0.800
dish_1567024252,chicken thighs | roasted potatoes | cheese pizza,512.02,454.00,"A balanced meal consisting of two small rectangular pizza slices, a portion of steamed/sautéed zucchini, yellow squash, and cauliflower, a side salad with feta, and a few roasted potatoes.",489.00,385.00,0.333
dish_1567106646,cherry tomatoes | bell peppers | onions,61.04,201.00,"A small bowl of raw, chopped mixed vegetables including red onion, cherry tomatoes, bell peppers, and carrots, likely as salad ingredients.",33.00,110.00,0.750
dish_1567106668,onions | cherry tomatoes | carrot | bell peppers,80.31,248.00,"A metal prep bowl containing freshly sliced raw red onion, shredded carrots, and sliced bell peppers, likely intended as salad ingredients or stir-fry aromatics.",51.00,137.00,0.750
dish_1567106620,bell peppers | cherry tomatoes,39.04,146.00,"A small mix of raw chopped vegetables including cherry tomatoes, multicolored bell pepper slices, and shredded carrots in a metal bowl.",39.00,185.00,0.667
dish_1567106693,onions | chicken | bell peppers | carrot,359.16,417.00,"A stainless steel mixing bowl containing prepared ingredients for a salad or stir-fry, including chopped cooked chicken breast, shredded carrots, sliced red onion, and bell peppers.",236.00,225.00,1.000
dish_1567106794,walnuts | lettuce | garlic | blue cheese,102.34,48.00,"A very small side salad consisting of mixed greens, one cherry tomato, bean sprouts, and shredded carrots.",13.00,57.00,0.000
dish_1567107049,brownies,107.20,23.00,A single small piece of dark chocolate or fudge on a napkin.,27.00,5.00,0.000
dish_1567106825,beef,220.20,104.00,"A small appetizer plate consisting of a portion of mixed greens, one cherry tomato, bean sprouts, and a small piece of crusted protein.",164.00,140.00,0.000
dish_1567106870,pizza | beef,504.82,211.00,"A square white plate containing a portion of rectangular pizza, a side of mixed greens, and a small piece of grain-crusted protein.",625.00,280.00,0.250
dish_1567107989,chickpeas | arugula,140.14,111.00,"A small side salad of mixed greens with fruit and radish slices, lightly dressed.",65.00,60.00,0.333
dish_1567107839,ketchup | fish | white rice,174.28,156.00,A small portion (tasting size or leftover) of white fish with rice and wilted dark leafy greens in a light sauce.,115.00,95.00,0.500
dish_1567108037,chickpeas | beef,674.73,365.00,"A protein-focused meal consisting of sliced roasted beef topped with a savory herb and mustard condiment, served with a side of mixed green salad.",435.00,205.00,0.250
dish_1567110556,green beans,127.11,150.00,"A light side salad consisting of a generous portion of green beans over mixed salad greens, likely dressed with a vinaigrette.",97.00,177.00,0.333
dish_1567110519,lettuce | lime | onions | cucumbers | cherry tomatoes,100.94,100.00,"A small side salad consisting of mixed leafy greens and a few shredded carrots, lightly dressed.",55.00,52.00,0.000
dish_1567110631,green beans,252.61,260.00,"A plant-based meal consisting of a fresh green salad, long green beans, and a savory pearl couscous vegetable mix.",320.00,270.00,0.500
dish_1567110665,fish | white rice | ketchup,556.49,532.00,"A balanced plate containing a protein source (chicken) topped with rice and vegetables, served with pearl couscous, green beans, and a side salad.",560.00,430.00,0.200
dish_1567110756,pizza,111.72,42.00,A very small portion of thin-crust vegetable flatbread topped with slices of yellow squash and herbs.,75.00,35.00,0.000
dish_1567110783,pizza | beef,465.31,210.00,A small plate containing a small serving of sliced glazed steak and a square of squash flatbread.,335.00,130.00,0.000
dish_1567525712,bacon | hash browns,510.54,184.00,"A breakfast or brunch plate featuring shredded hash browns, a small fresh spinach salad with carrots, and a single slice of crispy bacon.",230.00,125.00,0.667
dish_1567110811,pizza | beef,537.99,282.00,"A small meal featuring sliced steak, a side of mixed greens, and a piece of vegetable flatbread.",355.00,170.00,0.000
dish_1567525637,bell peppers,153.26,81.00,A small side portion of spinach and carrot salad with a visible oil-based coating.,59.00,55.00,0.000
dish_1567526785,egg whites | sweet potato | yam,378.25,539.00,A breakfast or light meal consisting of a generous serving of scrambled egg whites and a side of cubed roasted sweet potatoes.,265.00,280.00,0.667
dish_1567526738,egg whites,225.16,433.00,A high-protein breakfast plate featuring a large portion of scrambled egg whites and a side of roasted sweet potato cubes.,220.00,265.00,0.500
dish_1567525744,bacon | scrambled eggs | hash browns,679.26,298.00,"A breakfast plate consisting of scrambled eggs, pan-fried hash browns, a single strip of bacon, and a fresh spinach and carrot garnish.",385.00,258.00,0.750
dish_1567526814,egg whites | watermelon | yam | sweet potato,408.25,639.00,"A health-focused meal plate consisting of a large portion of cooked egg whites, fresh watermelon chunks, and roasted sweet potato pieces.",229.00,405.00,0.750
dish_1567526845,egg whites | watermelon | yam | sweet potato,448.15,709.00,"A health-oriented breakfast plate consisting of a large serving of egg whites, fresh watermelon, strawberries, blueberries, and roasted sweet potato cubes.",251.00,450.00,0.750
dish_1567537185,beef | white rice,402.98,185.00,A very small portion of sliced beef steak with a light scatter of rice grains and a tiny piece of broccoli garnish on a large plate.,202.00,92.00,0.667
dish_1567526888,sweet potato | salsa | egg whites | watermelon | yam,479.18,816.00,"A nutrient-dense breakfast consisting of a high-protein egg white scramble with green salsa, accompanied by fresh fruit (watermelon, strawberries, blueberries) and roasted sweet potato chunks.",271.00,515.00,0.800
dish_1567537212,beef | white rice,432.51,238.00,A protein-focused meal consisting of sliced steak pieces topped with sparse rice grains and a side of steamed broccoli florets.,306.00,190.00,0.333
dish_1567537252,white rice | beef | carrot,464.46,303.00,"A balanced meal consisting of sliced lean beef steak, steamed broccoli florets, and roasted carrot slices, garnished with trace amounts of rice.",415.00,315.00,0.750
dish_1567537280,cheese pizza | beef,733.02,404.00,"A balanced plate containing sliced seared beef, mixed steamed vegetables (broccoli and carrots), and two small portions of cheese pizza squares.",635.00,355.00,0.500
dish_1567537422,broccoli | cantaloupe,109.32,203.00,"A fresh and healthy side plate consisting of cantaloupe melon chunks, steamed broccoli florets, and a small mixed leaf salad with a cherry tomato.",72.00,220.00,0.667
dish_1567537352,lettuce,50.79,73.00,A very small side salad consisting of mixed baby greens and a single cherry tomato with a light dressing.,43.00,50.00,0.000
dish_1567542778,cheese pizza,260.58,98.00,Two small rectangular slices of thin-to-medium crust cheese pizza.,265.00,100.00,1.000
dish_1567538303,white rice | beef,617.45,307.00,A plate featuring a savory meat and rice dish served with a fresh side salad of arugula and mixed greens.,340.00,190.00,0.500
dish_1567538263,arugula | chickpeas,70.70,56.00,A small portion of mixed leafy green salad with a few dried cranberries and a light dressing coating.,50.00,28.00,0.000
dish_1567537457,white rice | cantaloupe | chicken thighs | broccoli,297.77,361.00,"A plate featuring fresh cantaloupe, steamed broccoli, a side salad, and a protein-rich sautéed dish.",243.00,315.00,0.333
dish_1567542813,white rice | cheese pizza,316.64,145.00,A plate containing two small rectangular slices of thick-crust cheese pizza and a small fragment of a fried pastry or spring roll.,470.00,170.00,0.333
dish_1567542876,white rice | cheese pizza | beef,495.81,260.00,"A mixed plate containing a rectangular slice of cheese pizza, sliced seasoned beef, and a portion of broccoli florets.",545.00,275.00,0.400
dish_1567542843,beef | white rice | cheese pizza,471.30,216.00,"A mixed plate containing two pieces of rectangular cheese pizza, several slices of herb-seasoned beef, and a small side of roasted potatoes.",575.00,235.00,0.500
dish_1567542914,white rice | cheese pizza | beef,514.00,297.00,"A mixed plate containing rectangular pizza, herb-seasoned beef slices, steamed broccoli, and roasted carrots.",615.00,325.00,0.333
dish_1567542953,beef | white rice | pineapple | cheese pizza,542.50,354.00,"A mixed plate featuring a slice of cheese pizza, herb-seasoned roast beef, steamed broccoli, roasted carrots, fresh pineapple chunks, and a small savory pastry piece.",550.00,345.00,0.429
dish_1567612954,sweet potato,148.35,155.00,A small portion of roasted sweet potato cubes.,88.00,70.00,1.000
dish_1567542986,cheese pizza | pineapple | beef | caesar salad | white rice,605.86,498.00,"A balanced meal plate containing a square slice of cheese pizza, a large portion of creamy dressed salad, sliced beef with herbs, steamed broccoli, roasted carrots, and pineapple chunks.",710.00,500.00,0.375
dish_1567612986,egg whites | sweet potato,340.23,524.00,"A high-protein, moderate-carb breakfast consisting of a large portion of scrambled egg whites and a side of roasted sweet potato cubes.",183.00,250.00,1.000
dish_1567625294,avocado,51.20,32.00,Two small slices of fresh avocado on a white plate.,56.00,35.00,1.000
dish_1567613057,egg whites | watermelon | sweet potato | salsa,406.69,749.00,"A health-conscious meal consisting of roasted sweet potato cubes, cooked egg whites topped with green salsa, and a side of fresh watermelon cubes.",230.00,400.00,1.000
dish_1567625343,chard | avocado | kale,65.48,74.00,"A very small portion/snack consisting of two slices of avocado and a small serving of sautéed leafy greens, likely Swiss chard.",88.00,80.00,0.667
dish_1567613019,sweet potato | watermelon | egg whites,376.53,645.00,"A high-protein, low-fat meal consisting of a large portion of scrambled egg whites, roasted sweet potato cubes, and fresh diced tomatoes.",245.00,330.00,0.500
dish_1567625392,bulgur | avocado,208.23,171.00,"A fresh side salad composed of light greens, dark leafy greens, avocado, and cherry tomatoes.",97.00,160.00,0.250
dish_1567628099,kale,127.49,132.00,A very small portion of mixed greens with tiny cauliflower florets and a small amount of sautéed dark leafy greens.,25.00,65.00,0.000
dish_1567628069,garlic | arugula | lemon juice | bulgur | shallots | apple,107.43,73.00,"A very small portion of mixed greens and a single cauliflower floret, likely a side salad or garnish.",55.00,45.00,0.000
dish_1567625434,avocado | bulgur | chicken,581.25,396.00,"A balanced plate consisting of grilled chicken topped with seasoned rice, a large arugula salad, avocado slices, and sautéed dark greens.",440.00,340.00,0.286
dish_1567628157,fish | country rice,373.19,355.00,"A plant-based plate featuring a lentil and cauliflower stew, accompanied by a side of fresh salad greens and cooked dark leafy greens.",263.00,255.00,0.000
dish_1567629081,cheese pizza,239.31,90.00,Two small rectangular slices of cheese pizza on a large white square plate.,170.00,60.00,1.000
dish_1567629106,caesar salad | cheese pizza,292.55,211.00,A meal consisting of two small rectangular cheese pizza pieces and a large serving of cooked green cabbage.,285.00,245.00,0.333
dish_1567628193,quinoa | country rice | fish,492.68,439.00,"A nutritious plant-based meal featuring cooked buckwheat, roasted tofu with a lentil topping, fresh greens, steamed cauliflower, and sautéed chard.",407.00,420.00,0.000
dish_1567785130,granola,76.69,59.00,A small side dish of cooked spinach and shredded carrots.,58.00,100.00,0.000
dish_1567785165,sausage,273.11,116.00,A small meal consisting of a small portion of sliced sausage medallions and a side of sautéed spinach with shredded carrots.,190.00,125.00,0.500
dish_1567785622,,30.78,54.00,A small snack-sized portion of fresh cut strawberries and blueberries on a disposable plate.,28.00,71.00,
dish_1567785223,sausage | scrambled eggs,487.71,261.00,"A breakfast or brunch plate featuring scrambled eggs, sautéed spinach with carrots, and sliced smoked sausage.",470.00,305.00,0.667
dish_1567785654,pineapple,51.78,96.00,"A small fresh fruit plate containing pineapple, strawberries, and blueberries.",60.00,130.00,1.000
dish_1567785709,pineapple,131.25,138.00,"A health-conscious plate consisting of fresh fruit chunks (pineapple, strawberries, and blueberries) paired with a small dressed side salad.",117.00,185.00,0.500
dish_1567785739,sweet potato | pineapple,168.58,177.00,"A side plate consisting of roasted potato chunks, a mixed garden salad with carrots, and a variety of fresh fruit including pineapple, strawberries, and blueberries.",177.00,240.00,0.667
dish_1567785778,pineapple | greek yogurt | milk | chia seeds | sweet potato,303.51,310.00,"A diverse breakfast or brunch plate consisting of chia pudding, a side of roasted potatoes, fresh pineapple chunks, mixed berries, and a small fresh garden salad.",333.00,345.00,0.500
dish_1567789154,sausage,382.51,111.00,A serving of sliced and pan-fried sausage pieces with a small dollop of green herb sauce.,365.00,118.00,0.500
dish_1567789190,sausage,507.39,177.00,A meal consisting of pan-seared or smoked sausage slices served with a small garden side salad.,425.00,165.00,0.500
dish_1567789230,sausage | scrambled eggs,689.43,300.00,"A high-protein breakfast plate featuring scrambled eggs, sliced fried sausages, and a small fresh vegetable salad.",585.00,310.00,0.667
dish_1567789256,scrambled eggs | bacon | sausage,792.22,319.00,"A high-protein breakfast plate featuring scrambled eggs, multiple slices of smoked sausage, one strip of bacon, and a small portion of leafy green salad.",440.00,225.00,0.750
dish_1567801716,cheese pizza,101.04,38.00,A single small fragment of a cheese pizza slice on a white plate.,95.00,35.00,1.000
dish_1567801468,caesar salad,86.24,196.00,"A medium-sized portion of Caesar salad consisting of chopped romaine lettuce, large croutons, parmesan flakes, and a creamy dressing.",290.00,146.00,0.250
dish_1567801748,cheese pizza | pork,169.07,71.00,A snack-sized portion consisting of a small fragment of cheese pizza and a few pieces of cooked meat chunks.,190.00,66.00,0.500
dish_1567801520,white rice | sugar | caesar salad | pork,919.10,600.00,A split plate consisting of a creamy vegetable-based salad and a savory glazed meat stir-fry with broccoli.,695.00,400.00,0.000
dish_1568044528,sweet potato | watermelon,145.46,233.00,A small snack plate containing fresh watermelon chunks and roasted sweet potato cubes.,123.00,195.00,1.000
dish_1567801791,cheese pizza | roasted potatoes | pork,225.47,111.00,A small portion consisting of a single small piece of cheese pizza and several roasted potato chunks on a white plate.,213.00,107.00,0.667
dish_1568044496,watermelon,35.40,118.00,"A small portion of fresh watermelon cubes on a white plate, accompanied by a partial serving of fried food, likely plantain, on an adjacent plate.",102.00,120.00,0.500
dish_1568044634,salsa | sweet potato | egg whites | watermelon,413.19,789.00,"A breakfast plate consisting of a large portion of scrambled egg whites topped with green salsa, served with a side of roasted sweet potato cubes and fresh watermelon.",229.00,385.00,1.000
dish_1567801830,caesar salad | cheese pizza | roasted potatoes | pork,265.07,201.00,"A small-portioned meal featuring a single slice of cheese pizza, a side of creamy salad, roasted potatoes, and pieces of cooked meat on a disposable plate.",500.00,275.00,0.500
dish_1568044581,sweet potato | egg whites | watermelon,386.22,696.00,"A high-protein, low-fat meal consisting of a generous portion of egg whites served with roasted sweet potato cubes and fresh watermelon.",272.00,430.00,1.000
dish_1568047932,broccoli,30.64,55.00,A small side portion of roasted broccoli florets.,45.00,40.00,1.000
dish_1568047973,broccoli | scrambled eggs,295.56,234.00,A plate featuring a generous serving of scrambled eggs accompanied by charred/sautéed broccoli florets.,310.00,235.00,1.000
dish_1568048018,turkey bacon | scrambled eggs,496.80,287.00,"A high-protein breakfast plate featuring a large portion of scrambled eggs, two thin savory meat or meat-alternative strips, and a side of roasted broccoli florets.",500.00,335.00,0.250
dish_1568055963,,36.80,32.00,"Individual salad components including whole pitted kalamata olives, shredded carrots, and sliced red onions.",149.00,112.00,0.000
dish_1568048053,chicken apple sausage | turkey bacon | scrambled eggs,607.20,356.00,"A high-protein breakfast plate consisting of scrambled eggs, steamed broccoli, and two varieties of meat substitutes.",525.00,343.00,0.750
dish_1568055986,onions,54.40,76.00,A prep bowl containing sliced raw red onion and whole kalamata olives.,85.00,55.00,0.500
dish_1568056019,cherry tomatoes | onions,64.30,131.00,"Preparation for a salad containing cherry tomatoes, sliced red onion, and olives in a metal bowl.",74.00,175.00,0.667
dish_1568056046,carrot | cherry tomatoes | onions,88.08,189.00,"A simple salad base consisting of shredded carrots, cherry tomatoes, and sliced red onions in a metal bowl.",47.00,160.00,1.000
dish_1568056217,chicken,480.78,427.00,"A salad preparation bowl containing a high-protein base of diced chicken breast with fresh vegetables including shredded carrots, cherry tomatoes, and onion slices.",305.00,280.00,0.250
dish_1568060414,mangos | arugula | tomatoes,53.60,146.00,"A very small portion of mixed garden salad on a large square white plate, consisting of chopped greens, peppers, cucumbers, and corn with visible dressing.",51.00,62.00,0.000
dish_1568060461,white rice | pork,376.76,304.00,A meal consisting of a fresh garden salad and a side of pulled meat mixed with rice and greens.,335.00,285.00,0.333
dish_1568056258,chicken | caesar dressing,506.36,485.00,"A salad bowl containing a large portion of diced chicken breast, fresh shredded carrots, cherry tomatoes, red onion slivers, and a dollop of thick creamy sauce.",385.00,310.00,0.200
dish_1568060501,fried rice | pork,548.66,413.00,"A balanced plate consisting of a fresh garden salad, shredded protein, a portion of mixed grains, and cooked cruciferous vegetables.",420.00,380.00,0.200
dish_1568060616,,17.08,61.00,A simple bowl containing a mix of various fresh baby salad greens.,12.00,55.00,0.000
dish_1568060697,onions | avocado,133.88,161.00,A light fresh garden salad consisting of mixed leafy greens topped with half a sliced avocado and raw red onion slices.,148.00,160.00,1.000
dish_1568060542,pork | fried rice,583.38,481.00,"A varied plate consisting of a fresh vegetable salad, roasted Brussels sprouts, and a mixture of rice, shredded protein, roasted cruciferous vegetables, and cheese crumbles.",400.00,368.00,0.333
dish_1568060646,onions,31.48,97.00,A fresh side salad with a variety of mixed baby greens and thin slices of red onion.,22.00,85.00,1.000
dish_1568061145,cheese pizza | squash,187.05,196.00,A small meal consisting of a single rectangular slice of cheese pizza and a side of mixed yellow squash and zucchini slices.,230.00,155.00,1.000
dish_1568061097,cheese pizza,146.24,55.00,A single small rectangular slice of cheese pizza on a large white plate.,115.00,45.00,1.000
dish_1568060722,avocado | chicken,460.58,359.00,A high-protein salad consisting of a generous portion of cubed chicken breast and sliced avocado over a bed of mixed greens and red onions.,360.00,272.00,0.667
dish_1568060746,avocado | chicken,778.82,395.00,A high-protein salad featuring a generous portion of diced grilled chicken and avocado slices on a bed of mixed leafy greens with red onions and light dressing.,474.00,310.00,0.667
dish_1568061174,pineapple | squash | cheese pizza,232.55,287.00,A balanced plate featuring a small portion of cheese pizza accompanied by fresh pineapple and a side of mixed summer squash.,290.00,275.00,1.000
dish_1568061202,brussels sprouts | squash | pineapple | cheese pizza,256.55,334.00,"A small portion of cheese pizza served with a side of sautéed mixed squash, roasted Brussels sprouts, and fresh pineapple chunks.",360.00,330.00,1.000
dish_1568061272,quinoa | chicken breast | cheese pizza | pineapple | squash | brussels sprouts,380.39,415.00,"A balanced meal consisting of roasted chicken breast, buckwheat, a small piece of cheese pizza, roasted Brussels sprouts, sautéed squash, and fresh pineapple.",510.00,470.00,0.714
dish_1568061234,cheese pizza | brussels sprouts | squash | pineapple | quinoa,290.69,358.00,"A varied meal plate featuring a small portion of cheese pizza, buckwheat grains, roasted Brussels sprouts, sautéed zucchini/squash, and pineapple chunks.",340.00,335.00,0.667
dish_1568305225,turkey bacon,428.67,144.00,A light meal consisting of seared plant-based protein strips accompanied by a side of wilted spinach and shredded carrots.,205.00,125.00,0.000
dish_1568305198,turkey bacon,311.35,82.00,A white plate containing several strips of cooked turkey bacon.,185.00,65.00,1.000
dish_1568313487,,13.72,49.00,A plate of mixed fresh salad greens without visible dressing.,12.00,70.00,
dish_1568313527,avocado,48.92,71.00,A fresh side salad consisting of mixed green leafy vegetables and a single slice of avocado.,58.00,75.00,1.000
dish_1568061320,squash | pork | cheese pizza | pineapple | quinoa | chicken breast,535.84,491.00,"A diverse meal plate containing two types of meat protein, cooked buckwheat, a small slice of pizza, mixed squash, Brussels sprouts, and pineapple.",535.00,485.00,0.500
dish_1568305257,turkey bacon | scrambled eggs,837.15,420.00,"A high-protein breakfast plate featuring a large serving of scrambled eggs, a side of sautéed spinach with carrots, and several strips of seared meat.",500.00,310.00,0.250
dish_1568313676,avocado | chicken | onions,184.99,214.00,"A light salad consisting of mixed greens, grilled chicken cubes, red onion slices, and a piece of avocado.",213.00,170.00,1.000
dish_1568313640,onions | mushroom | avocado,71.14,145.00,"A fresh mixed green salad featuring avocado, red onions, and sautéed mushrooms, likely tossed with a light oil-based dressing.",126.00,122.00,1.000
dish_1568313575,mushroom | avocado,57.94,112.00,"A fresh mixed leaf salad topped with avocado slices and sautéed mushrooms, lightly tossed in an oil-based dressing.",166.00,107.00,0.667
dish_1568314823,avocado,144.00,90.00,A small portion of fresh avocado slices on a square white plate.,112.00,70.00,1.000
dish_1568314857,beef | avocado,295.54,162.00,A small portion consisting of a few strips of seasoned beef steak and several slices of fresh avocado.,243.00,120.00,1.000
dish_1568314907,beef | avocado | salmon,481.17,281.00,"A protein-focused meal featuring small portions of cooked white fish and beef, accompanied by two slices of avocado.",315.00,180.00,0.500
dish_1568314951,avocado | salmon | beef,496.13,325.00,"A high-protein meal consisting of two types of meat/fish, fresh avocado, and cherry tomatoes on a square plate.",505.00,325.00,0.400
dish_1568315001,salmon | beef | avocado,504.71,364.00,"A protein-rich meal consisting of cooked beef and white fish served with fresh avocado, cherry tomatoes, and sautéed mushrooms.",415.00,330.00,0.333
dish_1568315040,avocado | quinoa | salmon | beef,555.92,400.00,"A mixed protein plate featuring sliced steak, white fish, couscous, fresh avocado slices, cherry tomatoes, and sautéed mushrooms.",458.00,335.00,0.286
dish_1568315088,avocado | salmon | quinoa | beef,582.37,423.00,"A balanced plate featuring protein from beef and white fish, complex carbohydrates from couscous, and healthy fats from avocado and olives, accompanied by fresh tomatoes.",540.00,395.00,0.286
dish_1568315132,quinoa | beef | salmon | avocado,591.27,440.00,"A protein-rich meal consisting of sliced beef and white fish served with a side of couscous, fresh avocado, cherry tomatoes, green beans, and olives.",512.00,410.00,0.286
dish_1568315177,quinoa | avocado | salmon | beef,637.81,497.00,"A high-protein, balanced meal containing beef, fish, couscous, kale salad, avocado, and tomatoes.",660.00,470.00,0.250
dish_1568315988,tofu,50.37,69.00,"An extremely small, sampler-sized portion of a tofu and grain salad with shredded vegetables on a large white plate.",52.00,55.00,0.333
dish_1568316085,beef | tofu,378.54,258.00,"A plate containing sliced beef steak, a large arugula salad with radish and carrots, and a side of tofu with lentils and grains.",345.00,225.00,0.667
dish_1568318286,,32.20,115.00,A simple bowl of assorted fresh leafy salad greens without visible dressing or toppings.,10.00,55.00,
dish_1568316041,arugula | tofu,149.13,149.00,A very light meal or side consisting of a large portion of arugula salad and a small serving of tofu with grains.,100.00,110.00,1.000
dish_1568318316,,525.42,297.00,A salad bowl containing several slices of cooked beef steak on a bed of fresh mixed greens.,275.00,175.00,0.000
dish_1568318408,chicken,907.12,563.00,"A protein-dense salad consisting of a bed of mixed greens topped with a generous portion of diced grilled chicken, sliced beef, and steamed broccoli.",433.00,305.00,0.333
dish_1568318480,chicken,1119.28,587.00,A high-protein salad consisting of a large portion of diced grilled chicken and a piece of grilled salmon over a bed of mixed greens and broccoli.,421.00,310.00,0.333
dish_1568319725,bell peppers,111.64,59.00,A very small starter or garnish salad consisting of mixed greens and a few vegetable/fruit cubes.,11.00,35.00,0.000
dish_1568318361,broccoli,540.82,341.00,"A protein-focused salad bowl containing sliced grilled beef, steamed broccoli florets, and a bed of mixed leafy salad greens.",305.00,210.00,0.500
dish_1568319769,pizza,356.36,151.00,"A small meal consisting of a toasted flatbread topped with sautéed peppers and zucchini, accompanied by a fresh spinach and cucumber side salad.",147.00,110.00,0.000
dish_1568320296,cheese pizza,226.01,85.00,Two small snack-sized pieces of thin-crust rectangular cheese pizza.,168.00,60.00,1.000
dish_1568319838,pizza | salmon,607.51,312.00,"A balanced meal consisting of fresh mixed salad greens, a piece of flatbread topped with grilled zucchini and red peppers, and a portion of cooked white fish served with wilted greens.",270.00,190.00,0.000
dish_1568319899,pizza | salmon,627.66,377.00,"A balanced meal consisting of vegetable-topped flatbread, a large portion of mixed greens and green beans, and a serving of cooked fish.",385.00,300.00,0.000
dish_1568320338,cheese pizza | beef,390.18,163.00,A small portion meal consisting of two rectangular cheese pizza slices and one slice of roast beef.,360.00,140.00,1.000
dish_1568320383,beef | quinoa | cheese pizza,437.12,196.00,"A plate containing a slice of roasted meat, two small rectangular pieces of cheese pizza, and a small mound of couscous with a cherry tomato.",490.00,230.00,0.500
dish_1568400935,,11.76,42.00,A bowl filled with fresh mixed salad greens including baby spinach and chard.,17.00,75.00,
dish_1568320427,cheese pizza | beef | quinoa,450.76,240.00,"A plate containing small portions of roasted beef, rectangular cheese pizza, green beans, and couscous.",490.00,260.00,0.400
dish_1568320470,beef | quinoa | cheese pizza,521.04,341.00,"A balanced meal consisting of lean roast beef, a side of couscous, cheesy flatbread pieces, and a fresh salad with green beans and feta cheese.",560.00,340.00,0.333
dish_1568401018,chicken,587.71,447.00,A high-protein chicken salad consisting of a large portion of diced cooked chicken breast served over a bed of mixed greens and broccoli.,296.00,270.00,0.500
dish_1568400967,broccoli,36.61,113.00,A health-conscious bowl consisting of fresh mixed leafy greens topped with several pieces of broccoli.,44.00,140.00,1.000
dish_1568401199,tuna salad | squash,459.64,343.00,A simple meal consisting of a portion of mashed sweet potato and a serving of tuna salad with minced vegetables.,335.00,270.00,0.333
dish_1568401064,chicken | avocado,787.71,572.00,"A high-protein lunch consisting of a chicken and avocado salad over mixed greens, accompanied by a side of shredded carrots and tuna salad.",519.00,405.00,0.400
dish_1568401167,tuna salad,426.36,228.00,"A small portion of tuna salad with visible celery and red onion, served alongside a side of fresh shredded carrots.",205.00,180.00,0.500
dish_1568401233,carrot | tuna salad,490.39,418.00,"A high-protein, fiber-rich meal featuring a tuna salad scoop, a side of mashed sweet potatoes, and a portion of raw shredded carrots.",400.00,320.00,0.667
dish_1568401090,avocado | chicken,1158.99,614.00,"A high-protein salad bowl containing diced chicken breast and avocado on a bed of greens, served with shredded carrots and a protein-based mash on the side.",540.00,455.00,0.400
dish_1568401302,fried rice | avocado | tuna salad,716.48,561.00,"A balanced meal consisting of seasoned rice, flaked fish salad, roasted sweet potato chunks, raw shredded carrots, and avocado.",575.00,440.00,0.600
dish_1568401261,carrot | avocado | tuna salad,530.39,443.00,"A balanced meal consisting of tuna salad with vegetables, mashed sweet potato, raw shredded carrots, and avocado slices.",355.00,340.00,0.750
dish_1568404850,fried rice,157.70,100.00,A small single portion of vegetable and tofu fried rice served on a square white plate.,185.00,115.00,1.000
dish_1568404889,fried rice | rice noodles,247.29,219.00,"A small, light meal consisting of a small portion of vegetable fried rice and a cabbage-based side salad.",235.00,180.00,0.333
dish_1568405214,kale | spinach (raw),144.26,152.00,A split plate consisting of a portion of raw baby spinach and a dense kale salad with croutons and creamy dressing.,216.00,130.00,1.000
dish_1568405183,spinach (raw),72.40,64.00,A very small portion of baby spinach with a light garnish of sautéed vegetables and visible oil.,54.00,37.00,0.500
dish_1568405273,salmon | kale | brown rice,386.20,288.00,"A mixed salad plate consisting of fresh baby spinach, a dressed kale salad with croutons, and a whole grain salad with cherry tomatoes.",311.00,195.00,0.167
dish_1568405306,kale | salmon | brown rice | tofu,421.24,336.00,"A plant-based plate featuring fresh baby spinach, a seasoned kale salad with tofu, a small portion of seasoned rice, and a hearty grain salad with cherry tomatoes.",393.00,280.00,0.333
dish_1568405430,rice noodles | spinach (raw),119.10,121.00,"A very small side dish consisting of a wilted green salad with red peppers and onions, and a shredded cabbage and carrot slaw.",90.00,90.00,0.333
dish_1568405405,spinach (raw),83.72,74.00,"A very small portion of a spinach salad with sundried tomatoes and red onion, likely a side or leftover portion.",79.00,50.00,0.333
dish_1568405466,rice noodles | pineapple | spinach (raw),153.10,189.00,"A nutritious meal featuring a fresh baby spinach salad, a grain-based salad with shredded root vegetables, and a side of fresh pineapple chunks.",200.00,230.00,0.500
dish_1568405499,brown rice | salmon | pineapple,562.27,419.00,"A healthy plate consisting of cooked salmon, a side of sautéed spinach with lentils, fresh pineapple chunks, and a small portion of cabbage salad.",487.00,390.00,0.400
dish_1568649312,,44.46,78.00,"A small portion of fresh mixed berries, specifically blackberries and raspberries, served on a white square plate.",31.00,65.00,
dish_1568649387,sweet potato | broccoli | yam,163.86,192.00,"A side plate consisting of roasted broccoli florets, roasted sweet potato chunks, and fresh mixed berries.",123.00,155.00,0.667
dish_1568649354,broccoli,72.87,129.00,A small portion snack plate containing cooked broccoli florets and mixed fresh berries.,55.00,125.00,1.000
dish_1568660810,pepperoni pizza,132.54,47.00,A single small rectangular slice of pepperoni pizza served on a white plate.,125.00,45.00,1.000
dish_1568649430,yam | sweet potato | scrambled eggs,363.66,327.00,"A high-protein breakfast plate featuring a large serving of scrambled eggs accompanied by roasted sweet potatoes, steamed broccoli florets, and a side of fresh mixed berries.",432.00,380.00,0.500
dish_1568664972,chicken | millet,303.42,221.00,A lean and nutrient-dense meal featuring sliced chicken breast mixed with quinoa and a side of mixed baby greens.,215.00,170.00,0.250
dish_1568664931,spinach (raw),67.88,60.00,A side meal featuring a fresh green salad with carrots and a small portion of seasoned grains.,78.00,93.00,0.000
dish_1568665012,brussels sprouts | millet | chicken,327.42,268.00,"A balanced meal featuring roasted chicken pieces with a grain-based crust, accompanied by roasted Brussels sprouts and a fresh mixed green salad.",295.00,220.00,0.500
dish_1568665935,cheese pizza,154.22,58.00,A single small rectangular slice of cheese pizza served on a large white plate.,135.00,50.00,1.000
dish_1568665970,cheese pizza | caesar salad,202.18,167.00,A small meal consisting of a rectangular piece of cheese pizza and a side portion of Caesar salad.,355.00,182.00,1.000
dish_1568665052,brussels sprouts | millet | chicken,345.65,331.00,"A nutritious meal consisting of seasoned sliced chicken breast accompanied by a fresh mixed green side salad and a portion of sautéed zucchini, yellow squash, and Brussels sprouts.",285.00,270.00,0.500
dish_1568666032,caesar salad | cheese pizza | chicken,243.58,220.00,"A varied plate consisting of a slice of cheese pizza, lean roasted chicken, a creamy Caesar salad, a kale and cucumber side, and a small roasted potato.",390.00,240.00,0.600
dish_1568666089,cheese pizza | caesar salad | brussels sprouts | chicken,276.42,335.00,"A diverse meal plate consisting of a small portion of cheese pizza, lean chicken breast, and various vegetable sides including Brussels sprouts, squash, kale, and a dressed salad.",475.00,330.00,0.500
dish_1568666061,caesar salad | chicken | brussels sprouts | cheese pizza,260.43,253.00,"A varied plate consisting of a portion of cheese pizza, grilled chicken strips, roasted Brussels sprouts, and two distinct salads (one creamy and one green).",525.00,350.00,0.500
dish_1568666000,cheese pizza | caesar salad,209.93,197.00,A meal featuring a slice of cheese pizza accompanied by Caesar salad and a kale-based salad with roasted vegetable chunks.,490.00,280.00,0.667
dish_1568666184,lettuce,28.50,190.00,"A bowl of simple chopped green garden salad, predominantly lettuce with a single dark red leaf and a snap pea.",20.00,95.00,0.500
dish_1568666263,lettuce | broccoli | artichokes,93.40,348.00,A bowl containing stir-fried or steamed broccoli florets and green cabbage.,122.00,255.00,0.200
dish_1568666230,lettuce | broccoli,55.80,268.00,"A vegetable dish consisting of steamed broccoli florets and sliced light green leafy vegetables, likely cabbage.",77.00,250.00,0.333
dish_1568666303,artichokes | chicken | lettuce | broccoli,443.20,560.00,"A high-protein salad bowl featuring a large portion of cubed chicken breast, broccoli florets, and artichoke hearts on a bed of mixed greens.",361.00,425.00,0.750
dish_1568666357,chicken | artichokes,751.68,603.00,"A high-protein salad bowl featuring diced chicken breast, steamed broccoli florets, and lettuce with a savory dark glaze.",339.00,390.00,0.250
dish_1568666329,artichokes | chicken,743.76,594.00,"A healthy, protein-dense bowl containing a large serving of cubed chicken breast over a bed of steamed broccoli, cabbage, and artichoke hearts.",387.00,450.00,0.500
