dish_id,true_ingredients,true_calories,true_weight,ai_description,ai_calories,ai_weight,ingredient_jaccard
dish_1556572657,,41.40,36.00,Plate of Kalamata olives,50.00,35.00,0.000
dish_1556573514,,6.44,23.00,Small salad with mixed greens and red onions.,7.00,25.00,0.000
dish_1556575014,,71.30,62.00,Plate of black olives,150.00,100.00,
dish_1556575083,brussels sprouts,27.52,64.00,Plate with roasted Brussels sprouts,45.00,80.00,1.000
dish_1556575124,celery,4.48,28.00,Plate with chopped celery pieces.,5.00,20.00,1.000
dish_1556575273,brussels sprouts,103.30,152.00,"Plate of Brussels sprouts, celery, and olives",135.00,180.00,0.500
dish_1556575327,brussels sprouts,103.30,152.00,"A plate with Brussels sprouts, green bell pepper slices, and black olives.",125.00,180.00,0.500
dish_1556575386,brussels sprouts,103.30,152.00,"Plate with Brussels sprouts, kalamata olives, and celery.",120.00,170.00,0.333
dish_1556575446,brussels sprouts,103.30,152.00,"Plate with Brussels sprouts, olives, and green bell pepper strips",120.00,170.00,0.500
dish_1556575499,brussels sprouts,103.30,152.00,"A plate with Brussels sprouts, Kalamata olives, and celery slices.",105.00,135.00,0.333
dish_1556575558,brussels sprouts,103.30,151.00,"A plate with Brussels sprouts, kidney beans, and chopped celery.",145.00,170.00,0.333
dish_1557853154,,18.81,57.00,Small serving of strawberries and blueberries on a paper plate.,12.00,35.00,
dish_1557853229,eggs,195.93,126.00,Plate of scrambled eggs,210.00,150.00,1.000
dish_1557853314,yam,115.41,93.00,A plate of roasted sweet potato pieces.,150.00,150.00,0.000
dish_1557853429,eggs | yam,330.15,276.00,"Plate with scrambled eggs, sweet potatoes, and strawberries.",310.00,260.00,0.333
dish_1557861605,fish,35.10,39.00,A small piece of fish with garnish on a plate.,100.00,50.00,1.000
dish_1557861697,eggplant,13.14,53.00,A small portion of cooked eggplant with some type of sauce on a paper plate.,20.00,30.00,1.000
dish_1557861795,caesar salad,13.64,31.00,Small portion of a Caesar salad,40.00,35.00,0.000
dish_1557861837,eggplant | caesar salad | fish,61.88,123.00,"Plate with salad, grilled eggplant, and a piece of fish.",170.00,180.00,0.667
dish_1557862345,chicken,103.95,63.00,Small portion of chopped cooked chicken on a plate,80.00,60.00,1.000
dish_1557862696,cauliflower,19.25,77.00,A small portion of mashed potatoes on a paper plate.,60.00,80.00,0.000
dish_1557862738,,319.78,118.00,A small portion of cooked steak pieces on a plate.,250.00,150.00,
dish_1557862783,chicken,442.98,258.00,"Plate with steak, cauliflower, and chicken.",430.00,350.00,0.500
dish_1557862829,spinach (raw),5.52,24.00,A serving of fresh spinach leaves on a plate.,7.00,30.00,1.000
dish_1557863012,cucumbers,3.10,31.00,A small serving of cucumber slices on a plate.,5.00,30.00,1.000
dish_1557863056,avocado,75.20,47.00,Sliced avocado on a plate,120.00,80.00,1.000
dish_1557863104,,46.00,40.00,Small serving of mixed olives on a plate.,30.00,15.00,
dish_1557863170,avocado,129.82,142.00,"A salad with spinach, avocado, cucumber, and black olives.",165.00,190.00,0.333
dish_1557936555,eggs,149.28,96.00,A plate of scrambled eggs.,180.00,120.00,1.000
dish_1557936599,broccoli,22.05,63.00,Plate of steamed broccoli,40.00,100.00,1.000
dish_1557936645,,11.88,36.00,Small portion of sliced strawberries on a plate,10.00,30.00,
dish_1557937037,,25.97,49.00,Small portion of raspberries on a plate.,20.00,50.00,
dish_1557937079,bacon,146.07,27.00,Plate with slices of cooked bacon,80.00,20.00,1.000
dish_1557937157,broccoli | eggs | bacon,355.25,271.00,"A meal consisting of scrambled eggs, bacon, raspberries, strawberries, and broccoli.",330.00,290.00,1.000
dish_1557937335,yam,47.16,38.00,A few pieces of roasted or baked sweet potato on a plate.,40.00,50.00,0.000
dish_1557937427,eggs,26.43,17.00,Small portion of scrambled eggs on a plate.,50.00,40.00,1.000
dish_1557937574,,5.59,13.00,A plate with a small portion of blackberries.,10.00,20.00,
dish_1557937615,,6.93,21.00,Small portion of strawberries on a plate,6.00,10.00,
dish_1557937715,,20.67,39.00,Plate of raspberries,15.00,30.00,
dish_1557937758,yam | eggs,106.78,128.00,"A small portion of scrambled eggs, sweet potato pieces, raspberries, blackberries, and a strawberry.",125.00,115.00,0.333
dish_1558026623,honeydew melons,29.88,83.00,Plate of chopped honeydew melon,30.00,100.00,1.000
dish_1558026684,cantaloupe,24.14,71.00,Diced cantaloupe on a plate,30.00,100.00,1.000
dish_1558026714,bacon,129.84,24.00,Plate with two strips of cooked bacon,90.00,30.00,1.000
dish_1558026756,honeydew melons | cantaloupe | bacon,183.86,178.00,Plate with bacon and mixed melon cubes,205.00,225.00,0.500
dish_1558027057,yam,80.67,65.00,Plate with cooked sweet potato chunks,70.00,100.00,0.000
dish_1558027164,bacon,162.30,30.00,Plate with slices of cooked bacon,150.00,50.00,1.000
dish_1558028007,potatoes,54.67,71.00,Plate with roasted potato pieces.,60.00,70.00,1.000
dish_1558028057,bacon,151.48,28.00,A small portion of cooked bacon on a plate.,150.00,40.00,1.000
dish_1558028492,cantaloupe,20.74,61.00,Plate with cantaloupe pieces,25.00,100.00,1.000
dish_1558028690,honeydew melons,23.76,66.00,Plate with melon pieces,20.00,100.00,1.000
dish_1558029148,honeydew melons,38.88,108.00,Plate of chopped honeydew melon.,60.00,150.00,1.000
dish_1558029230,potatoes,88.55,115.00,Plate with roasted potato pieces,120.00,150.00,1.000
dish_1558029278,bacon,146.07,27.00,Plate with strips of cooked bacon,120.00,30.00,1.000
dish_1558029324,potatoes | bacon | honeydew melons,273.50,250.00,"Plate with roasted potatoes, bacon, and melon pieces",270.00,170.00,1.000
dish_1558029518,yam,137.75,111.00,Plate of roasted sweet potato cubes,120.00,100.00,0.000
dish_1558029686,bacon,119.02,22.00,Plate with bacon strips.,80.00,20.00,1.000
dish_1558029842,cantaloupe,22.78,67.00,A plate with pieces of cantaloupe.,70.00,150.00,1.000
dish_1558029923,bacon | yam | cantaloupe,279.55,200.00,"A plate containing bacon, sweet potatoes, and cantaloupe.",210.00,270.00,0.500
dish_1558030182,potatoes,67.76,88.00,Plate with roasted or boiled potato pieces,70.00,100.00,1.000
dish_1558030289,honeydew melons,38.52,107.00,Plate with pieces of honeydew melon.,30.00,100.00,1.000
dish_1558030383,bacon,140.66,26.00,Plate with a few strips of cooked bacon,140.00,40.00,1.000
dish_1558030435,honeydew melons | potatoes | bacon,246.94,221.00,"Plate with cooked potatoes, honeydew melon pieces, and strips of bacon.",260.00,290.00,1.000
dish_1558030832,yam,89.35,72.00,A plate of roasted sweet potato chunks.,110.00,150.00,0.000
dish_1558030910,bacon,81.15,15.00,Plate with two strips of cooked bacon.,84.00,16.00,1.000
dish_1558030971,honeydew melons,17.64,49.00,A small portion of honeydew melon cubes on a plate.,20.00,50.00,1.000
dish_1558031133,yam,136.51,110.00,Plate of roasted sweet potato chunks,110.00,150.00,0.000
dish_1558031237,cantaloupe,31.62,93.00,Plate of cubed cantaloupe,30.00,100.00,1.000
dish_1558031302,potatoes,56.98,74.00,Plate with roasted potato pieces,100.00,120.00,1.000
dish_1558031526,yam,76.94,62.00,Plate of cooked sweet potato cubes,80.00,100.00,0.000
dish_1558031566,bacon,140.66,26.00,Plate with strips of bacon,180.00,45.00,1.000
dish_1558031628,cantaloupe,31.28,92.00,Diced cantaloupe on a plate,60.00,180.00,1.000
dish_1558031675,yam | bacon | cantaloupe,248.88,180.00,"Plate with cantaloupe pieces, roasted sweet potatoes, and bacon strips.",250.00,240.00,0.500
dish_1558032156,bacon,140.66,26.00,Plate with cooked bacon strips,150.00,50.00,1.000
dish_1558109864,almonds,213.90,37.00,A plate of almonds,180.00,30.00,1.000
dish_1558109907,grapes,43.47,63.00,A plate of mixed grapes,35.00,60.00,1.000
dish_1558109986,sausage,258.45,75.00,Plate with sausages cut into pieces,250.00,150.00,1.000
dish_1558110245,,29.07,51.00,A small serving of berries including raspberries and blackberries on a plate.,20.00,30.00,
dish_1558110297,,29.07,51.00,A small serving of berries on a plate.,35.00,70.00,
dish_1558110335,bacon,37.87,7.00,Small portion of cooked bacon pieces on a plate.,120.00,30.00,1.000
dish_1558110385,eggs,52.87,34.00,Scrambled eggs on a small plate,140.00,100.00,1.000
dish_1558110436,yam,85.63,69.00,Plate of roasted sweet potato pieces.,80.00,100.00,0.000
dish_1558110478,eggs | yam,205.44,161.00,"A meal consisting of scrambled eggs, bacon, sweet potatoes, raspberries, and blackberries.",375.00,315.00,0.250
dish_1558113154,grapes,37.26,54.00,A small serving of red grapes on a paper plate.,60.00,90.00,1.000
dish_1558113204,almonds,179.21,31.00,A bowl of almonds.,210.00,35.00,1.000
dish_1558113255,cantaloupe,30.60,90.00,Bowl of cantaloupe cubes,35.00,100.00,1.000
dish_1558113304,grapes | cantaloupe | almonds,247.07,175.00,"A plate containing cantaloupe pieces, red grapes, and almonds.",190.00,215.00,1.000
dish_1558113430,,7.84,28.00,A salad with spinach leaves and shredded carrots.,15.00,40.00,0.000
dish_1558113477,almonds,289.05,50.00,A small bowl of almonds.,150.00,30.00,1.000
dish_1558113941,almonds,296.89,78.00,Plate with almonds and spinach salad,315.00,80.00,0.500
dish_1558114145,grapes,57.27,83.00,A small bowl of grapes.,60.00,100.00,1.000
dish_1558114209,cantaloupe,30.60,90.00,A small bowl containing cantaloupe pieces.,30.00,100.00,1.000
dish_1558114441,sausage,258.45,75.00,Plate of roasted small potatoes,150.00,200.00,0.000
dish_1558114484,bacon,151.48,28.00,Plate with several strips of cooked bacon,150.00,45.00,1.000
dish_1558114523,almonds,104.06,18.00,A small portion of almonds on a plate.,70.00,15.00,1.000
dish_1558114569,grapes,26.91,39.00,Plate with grapes,14.00,25.00,1.000
dish_1558114609,sausage | almonds | bacon,540.90,160.00,"Plate with grapes, almonds, bacon slices, and sausage slices.",400.00,195.00,0.750
dish_1558114937,,13.72,49.00,Salad with spinach leaves and carrot strips,30.00,60.00,0.000
dish_1558115011,almonds,115.62,20.00,Plate with almonds,100.00,20.00,1.000
dish_1558115169,bacon,151.48,28.00,Three strips of cooked bacon on a plate.,130.00,25.00,1.000
dish_1558115241,potatoes,85.47,111.00,A small serving of roasted or baked potato pieces on a plate.,100.00,80.00,1.000
dish_1558115320,almonds,173.43,30.00,Bowl of almonds,140.00,25.00,1.000
dish_1558115448,grapes,64.86,94.00,A bowl of mixed red and green grapes.,60.00,100.00,1.000
dish_1558115512,sausage,434.20,126.00,Plate of sliced sausages,300.00,150.00,1.000
dish_1558115601,potatoes,85.47,111.00,Plate of roasted potatoes.,150.00,120.00,1.000
dish_1558115641,grapes | sausage | potatoes,584.53,331.00,"A plate with sliced sausage, roasted potatoes, and grapes.",410.00,270.00,1.000
dish_1558115764,bacon,151.48,28.00,A small plate of bacon strips.,220.00,60.00,1.000
dish_1558115825,grapes,42.78,62.00,Plate with a small portion of grapes,35.00,60.00,1.000
dish_1558115867,almonds,132.96,23.00,Small serving of almonds on a plate,100.00,20.00,1.000
dish_1558115915,sausage,203.31,59.00,Plate of roasted potatoes,200.00,150.00,0.000
dish_1558115960,potatoes,39.27,51.00,A small portion of roasted potatoes on a plate.,40.00,30.00,1.000
dish_1558116001,almonds | grapes | sausage | bacon | potatoes,569.81,223.00,"A plate with bacon strips, sausage slices, potato chunks, grapes, and almonds.",400.00,200.00,1.000
dish_1558116090,cantaloupe,30.94,91.00,A small bowl of cantaloupe pieces.,40.00,100.00,1.000
dish_1558116146,grapes,76.59,111.00,Bowl of mixed grapes,70.00,100.00,1.000
dish_1558116201,sausage,313.59,91.00,Sliced sausage on a plate,300.00,150.00,1.000
dish_1558116260,almonds,433.58,75.00,Bowl of almonds,210.00,35.00,1.000
dish_1558116298,almonds | grapes | sausage,854.69,368.00,"Snack plate with grapes, cantaloupe, almonds, and sausage slices.",530.00,360.00,0.750
dish_1558116399,,7.00,25.00,Small salad with spinach and carrots,15.00,35.00,0.000
dish_1558116436,bacon,91.97,17.00,Plate with strips of cooked bacon,100.00,20.00,1.000
dish_1558116486,grapes,39.33,57.00,A plate of grapes,36.00,60.00,1.000
dish_1558122583,potatoes,46.97,61.00,Bowl of roasted potatoes.,80.00,100.00,1.000
dish_1558372525,almonds,242.80,42.00,A small bowl of almonds.,170.00,30.00,1.000
dish_1558372650,grapes,57.27,83.00,Plate of assorted grapes,70.00,100.00,1.000
dish_1558372695,sausage,148.18,43.00,Plate of cooked sausage slices,180.00,80.00,1.000
dish_1558372948,almonds,687.94,119.00,Bowl of almonds,520.00,80.00,1.000
dish_1558373008,sausage,251.56,73.00,Small plate with several dried dates.,240.00,90.00,0.000
dish_1558373284,sausage,389.40,113.00,A plate of sliced sausages.,350.00,150.00,1.000
dish_1558373352,grapes,69.00,100.00,A small bowl of mixed grapes.,105.00,150.00,1.000
dish_1558373405,cantaloupe,13.60,40.00,Diced cantaloupe pieces on a plate,15.00,50.00,1.000
dish_1558373449,almonds,416.23,72.00,A bowl of almonds,400.00,70.00,1.000
dish_1558373492,almonds | sausage | grapes,888.23,325.00,"Plate with sausages, almonds, cheese cubes, and grapes",640.00,275.00,0.750
dish_1558373639,,5.60,20.00,Small portion of salad on a plate,7.00,25.00,0.000
dish_1558373687,sausage,306.69,89.00,Plate of sliced sausage,300.00,150.00,1.000
dish_1558375667,almonds,687.94,119.00,A bowl of almonds,500.00,100.00,1.000
dish_1558375732,grapes,45.54,66.00,Plate with grapes,30.00,50.00,1.000
dish_1558375833,sausage,317.03,92.00,Plate of sliced sweet potatoes,160.00,200.00,0.000
dish_1558375886,almonds | sausage,1050.51,277.00,"A plate containing sliced sausage, almonds, and grapes.",650.00,240.00,0.667
dish_1558376212,almonds,300.61,52.00,A plate of almonds.,210.00,35.00,1.000
dish_1558376306,sausage,372.17,108.00,Plate of sliced sausages,300.00,150.00,1.000
dish_1558376364,grapes,48.99,71.00,A plate with a small portion of mixed grapes.,30.00,50.00,1.000
dish_1558376437,cantaloupe,13.26,39.00,Plate with a few pieces of cut orange fruit or vegetable.,15.00,30.00,0.000
dish_1558376483,almonds | grapes | sausage,735.03,270.00,"Plate with sausage slices, almonds, grapes, and cantaloupe.",640.00,335.00,0.750
dish_1558376734,sausage,206.76,60.00,Sliced sausage pieces on a plate,150.00,60.00,1.000
dish_1558376801,,4.20,15.00,Small portion of salad with greens and carrots,10.00,15.00,0.000
dish_1558376874,almonds,335.30,58.00,A bowl of almonds,160.00,30.00,1.000
dish_1558376938,grapes,51.06,74.00,A plate of cherry tomatoes.,30.00,150.00,0.000
dish_1558377105,sausage,389.40,113.00,Plate of sausages,300.00,150.00,1.000
dish_1558378516,grapes,92.46,134.00,A bowl of red and green grapes.,70.00,120.00,1.000
dish_1558378553,almonds,393.11,68.00,A bowl of almonds.,420.00,70.00,1.000
dish_1558378634,grapes | almonds | sausage,874.97,315.00,"Plate with roasted potatoes, grapes, and almonds",420.00,235.00,0.500
dish_1558379128,grapes,36.57,53.00,Small serving of grape tomatoes on a plate,15.00,80.00,1.000
dish_1558379182,almonds,323.74,56.00,A bowl of almonds,200.00,35.00,1.000
dish_1558379273,sausage,227.44,66.00,Sliced sausage pieces on a plate,150.00,80.00,1.000
dish_1558379324,cantaloupe,16.32,48.00,A small portion of diced cantaloupe on a plate.,25.00,70.00,1.000
dish_1558379391,sausage | almonds | grapes,604.06,223.00,"Plate with sausage slices, cantaloupe chunks, red grapes, and almonds.",325.00,190.00,0.750
dish_1558379639,sausage,385.95,112.00,A plate of sliced sausage pieces.,300.00,150.00,1.000
dish_1558379712,almonds,687.94,119.00,Bowl of almonds,800.00,120.00,1.000
dish_1558380014,grapes,92.46,134.00,A bowl of mixed grapes.,105.00,150.00,1.000
dish_1558380058,almonds,208.12,36.00,A small bowl of almonds.,150.00,28.00,1.000
dish_1558380414,grapes,35.88,52.00,A small serving of grapes on a plate.,15.00,30.00,1.000
dish_1558380464,almonds,277.49,48.00,Plate of almonds,170.00,30.00,1.000
dish_1558380527,sausage,385.95,112.00,Bowl of sliced sausage.,250.00,100.00,1.000
dish_1558380557,grapes | almonds | sausage,699.32,212.00,"A meal consisting of sliced sausage, almonds, and grapes on a red plate.",370.00,175.00,1.000
dish_1558380804,,7.56,27.00,A small salad with spinach and grated carrots.,15.00,30.00,0.000
dish_1558381032,almonds,115.62,20.00,A small plate of almonds,132.00,20.00,1.000
dish_1558381084,grapes,36.57,53.00,A small plate with grapes.,40.00,80.00,1.000
dish_1558381143,sausage,182.64,53.00,Plate with several sausage slices,150.00,100.00,1.000
dish_1558381206,grapes | almonds | sausage,342.39,153.00,"A plate with sausage slices, grapes, almonds, and cooked greens.",230.00,160.00,1.000
dish_1558381665,broccoli,17.85,51.00,A small plate with broccoli florets.,55.00,100.00,1.000
dish_1558381708,green beans,16.43,53.00,A plate of cooked green beans.,50.00,100.00,1.000
dish_1558381742,,78.20,68.00,Plate of dark olives,70.00,50.00,
dish_1558381819,tomatoes,22.10,65.00,Plate of cherry tomatoes,30.00,100.00,1.000
dish_1558381840,chicken,113.85,69.00,A small plate of diced chicken pieces,150.00,120.00,1.000
dish_1558381860,avocado,94.40,59.00,Sliced avocado on a plate,150.00,100.00,1.000
dish_1558381943,spinach (raw),13.80,60.00,A plate of fresh spinach leaves.,20.00,100.00,1.000
dish_1558382263,chicken | avocado | tomatoes | broccoli,356.63,425.00,"Salad with grilled chicken, avocado, cherry tomatoes, broccoli, olives, and mixed greens.",455.00,460.00,1.000
dish_1558457415,sweet potato,60.80,80.00,Plate of baked or fried pastry pieces,350.00,150.00,0.000
dish_1558457468,cantaloupe,23.80,70.00,Plate with pieces of cantaloupe.,50.00,150.00,1.000
dish_1558457530,cauliflower,16.00,64.00,Plate with roasted cauliflower,25.00,40.00,1.000
dish_1558457577,eggs,172.60,111.00,Plate of buttered popcorn.,150.00,30.00,0.000
dish_1558457665,cantaloupe | sweet potato | eggs | cauliflower,273.20,325.00,"Meal with roasted potatoes, cooked cauliflower, scrambled eggs, and cantaloupe.",350.00,350.00,1.000
dish_1558458438,spinach (raw),3.22,14.00,Plate of fresh spinach leaves,15.00,30.00,1.000
dish_1558458496,grapes,53.13,77.00,A small plate of mixed grapes.,40.00,70.00,1.000
dish_1558458541,almonds,294.83,51.00,Bowl of almonds,200.00,30.00,1.000
dish_1558458584,grapes | almonds,351.18,142.00,"Plate with grapes, almonds, and spinach.",245.00,150.00,0.667
dish_1558458737,white rice,41.60,32.00,A plate with a serving of white rice.,100.00,150.00,1.000
dish_1558458847,apple,74.36,143.00,A single apple on a plate,95.00,182.00,1.000
dish_1558458903,almonds,115.62,20.00,A small serving of almonds on a plate.,100.00,20.00,1.000
dish_1558459020,cherry tomatoes,10.98,61.00,A small serving of cherry tomatoes on a plate.,18.00,90.00,1.000
dish_1558459059,grapes,28.98,42.00,A small portion of grapes on a paper plate,10.00,20.00,1.000
dish_1558459115,almonds | apple | white rice | grapes,271.54,298.00,"A plate with an apple, cherry tomatoes, grapes, almonds, and cooked rice.",260.00,445.00,0.800
dish_1558459276,white rice,102.70,79.00,A small portion of white rice in a bowl.,150.00,120.00,1.000
dish_1558459395,almonds,208.12,36.00,Bowl of almonds,180.00,30.00,1.000
dish_1558459462,grapes,58.65,85.00,A plate of mixed grapes,60.00,100.00,1.000
dish_1558459528,cherry tomatoes,11.52,64.00,Plate of cherry tomatoes,35.00,150.00,1.000
dish_1558459602,spinach (raw),2.07,9.00,A bowl of fresh spinach leaves.,7.00,30.00,1.000
dish_1558459664,white rice | almonds | grapes,383.06,273.00,"A plate with almonds, grapes, cherry tomatoes, spinach, and rice.",427.00,325.00,0.600
dish_1558459945,apple,73.84,142.00,A single apple on a white plate.,95.00,182.00,1.000
dish_1558459994,grapes,25.53,37.00,A plate with a few red grapes.,20.00,40.00,1.000
dish_1558460061,grapes,40.71,59.00,Bowl of almonds,200.00,35.00,0.000
dish_1558460138,cherry tomatoes,10.08,56.00,Plate with cherry tomatoes.,15.00,100.00,1.000
dish_1558460205,spinach (raw),1.84,8.00,A small amount of fresh spinach leaves on a plate,7.00,30.00,1.000
dish_1558460908,apple | grapes | cherry tomatoes,152.00,302.00,"Plate with an apple, almonds, cherry tomatoes, spinach, and grapes.",345.00,350.00,0.600
dish_1558461431,spinach (raw),1.15,5.00,A small portion of fresh spinach leaves on a plate.,10.00,20.00,1.000
dish_1558461607,grapes,87.63,127.00,A small bowl of grapes,60.00,100.00,1.000
dish_1558461692,almonds,231.24,40.00,A small bowl of almonds,150.00,30.00,1.000
dish_1558461760,cherry tomatoes,10.98,61.00,Plate with cherry tomatoes,15.00,75.00,1.000
dish_1558461792,grapes | almonds,331.00,233.00,"A plate with cherry tomatoes, almonds, spinach leaves, and grapes.",305.00,270.00,0.500
dish_1558462036,spinach (raw),2.99,13.00,A small serving of fresh spinach leaves on a plate,7.00,30.00,1.000
dish_1558462106,grapes,25.53,37.00,Plate of grape tomatoes,21.00,130.00,1.000
dish_1558462228,white rice,22.10,17.00,A small portion of white rice on a paper plate.,40.00,30.00,1.000
dish_1558462531,cherry tomatoes,12.96,72.00,Plate of cherry tomatoes,35.00,100.00,1.000
dish_1558463113,white rice | grapes | cherry tomatoes,63.58,139.00,"Plate with fresh spinach, grape tomatoes, grapes, and white rice",60.00,150.00,0.400
dish_1558463362,cherry tomatoes,20.88,116.00,A plate of cherry tomatoes.,30.00,180.00,1.000
dish_1558463429,grapes,42.09,61.00,A small plate with red grapes.,50.00,80.00,1.000
dish_1558463562,almonds,369.98,64.00,A small bowl of almonds.,300.00,50.00,1.000
dish_1558463690,grapes | almonds,432.95,241.00,"A plate with almonds, cherry tomatoes, and red grapes.",275.00,335.00,0.667
dish_1558468285,,12.32,44.00,Mixed greens salad on a red plate,15.00,30.00,
dish_1558468401,avocado,75.20,47.00,Plate with two avocado slices,150.00,100.00,1.000
dish_1558468435,broccoli,28.00,80.00,Plate of steamed broccoli,50.00,100.00,1.000
dish_1558468494,squash,15.79,77.00,Plate with sautéed zucchini and yellow squash.,20.00,50.00,1.000
dish_1558468547,squash,6.97,34.00,Plate of kimchi,15.00,50.00,0.000
dish_1558468589,mushroom,12.10,55.00,Plate with whole mushrooms,25.00,100.00,1.000
dish_1558468632,chicken,169.95,103.00,Plate with chopped chicken pieces,200.00,150.00,1.000
dish_1558468731,avocado | chicken | broccoli | squash,320.33,440.00,"Salad with mixed greens, avocado, broccoli, Brussels sprouts, mushrooms, and shredded carrots.",210.00,260.00,0.286
dish_1558544427,eggs,160.16,103.00,Scrambled eggs with bits of bell pepper,190.00,135.00,0.500
dish_1558544482,,38.19,67.00,Plate with raspberries and blackberries,35.00,55.00,
dish_1558544663,oatmeal,141.44,208.00,Bowl of oatmeal,150.00,200.00,1.000
dish_1558544870,eggs,198.35,170.00,Scrambled eggs with raspberries and blackberries,250.00,250.00,1.000
dish_1558545738,apple,73.84,142.00,A single apple on a plate,95.00,182.00,1.000
dish_1558546434,spinach (raw),2.53,11.00,Plate of fresh spinach leaves,5.00,20.00,1.000
dish_1558546558,almonds,254.36,44.00,A small pile of whole almonds on a plate.,210.00,35.00,1.000
dish_1558546663,almonds | apple,330.73,197.00,"A plate with an apple, spinach, and almonds.",272.00,242.00,0.667
dish_1558546918,white rice,70.20,54.00,Plate of white rice,100.00,100.00,1.000
dish_1558547008,potatoes,73.92,96.00,Roasted potato pieces on a square plate,80.00,100.00,1.000
dish_1558547068,spinach (raw),2.53,11.00,A small serving of fresh spinach leaves on a plate.,5.00,20.00,1.000
dish_1558547124,almonds,144.53,25.00,A plate of almonds.,100.00,20.00,1.000
dish_1558547205,potatoes | almonds | white rice,291.17,186.00,"A plate with rice, spinach, almonds, and roasted potatoes.",370.00,250.00,0.750
dish_1558548666,white rice,97.50,75.00,A plate of white rice,205.00,150.00,1.000
dish_1558548958,spinach (raw),2.30,10.00,Small serving of fresh spinach on a plate,5.00,10.00,1.000
dish_1558549008,cherry tomatoes,20.70,115.00,Plate of cherry tomatoes.,30.00,150.00,1.000
dish_1558549086,potatoes,73.15,95.00,Plate of roasted potato wedges,120.00,100.00,1.000
dish_1558549150,grapes,45.54,66.00,Plate of grapes,50.00,80.00,1.000
dish_1558549214,white rice | potatoes | cherry tomatoes | grapes,239.19,361.00,"A meal consisting of rice, spinach, cherry tomatoes, grapes, and roasted potatoes on a red plate.",240.00,370.00,0.800
dish_1558549413,almonds,682.16,118.00,Plate of almonds,420.00,70.00,1.000
dish_1558549605,white rice,97.50,75.00,A serving of cooked white rice on a plate,130.00,150.00,1.000
dish_1558549773,spinach (raw),2.30,10.00,Plate with a small portion of fresh spinach leaves.,7.00,30.00,1.000
dish_1558549806,almonds | white rice,781.96,203.00,"A meal consisting of almonds, rice, and fresh spinach on a red plate.",415.00,155.00,0.667
dish_1558550079,apple,73.84,142.00,An apple on a plate,95.00,182.00,1.000
dish_1558550127,almonds,127.18,22.00,Plate with almonds,90.00,15.00,1.000
dish_1558550181,grapes,28.98,42.00,Plate with a few cherry tomatoes,20.00,50.00,0.000
dish_1558550218,almonds | grapes | apple,230.00,206.00,"A small meal with an apple, almonds, and grapes on a plate.",187.00,252.00,1.000
dish_1558628339,bacon,70.33,13.00,Plate with two strips of cooked bacon.,80.00,18.00,1.000
dish_1558628515,,31.92,56.00,Plate of mixed berries,18.00,38.00,
dish_1558628711,yam | sweet potato,129.06,129.00,Plate of roasted potato and sweet potato chunks,220.00,180.00,0.500
dish_1558628760,yam | sweet potato | bacon,231.31,198.00,"Meal with bacon, berries, and roasted potatoes (sweet and regular).",295.00,215.00,0.500
dish_1558628888,eggs,111.96,72.00,Scrambled eggs on a plate,180.00,120.00,1.000
dish_1558628921,carrot,24.60,60.00,A small portion of cooked carrots with a few small yellow bell pepper pieces.,30.00,80.00,0.500
dish_1558628956,garden salad,9.04,14.00,A small salad with spinach leaves and carrot sticks.,7.00,30.00,0.000
dish_1558629013,,26.40,80.00,Plate with several pieces of strawberries,36.00,120.00,
dish_1558629041,eggs | carrot | garden salad,172.00,226.00,"A meal consisting of scrambled eggs, strawberries, cooked carrots, and a spinach salad.",255.00,280.00,0.500
dish_1558629398,tomatoes,21.76,64.00,A plate with a few cherry tomatoes.,20.00,100.00,1.000
dish_1558629444,almonds,225.46,39.00,A small plate of almonds,210.00,35.00,1.000
dish_1558629488,cauliflower,16.00,64.00,Plate with cauliflower florets.,25.00,100.00,1.000
dish_1558629517,cauliflower | tomatoes | almonds,263.22,167.00,"Plate with almonds, cherry tomatoes, and cauliflower florets.",185.00,168.00,1.000
dish_1558629578,cauliflower,22.50,90.00,Plate with cauliflower florets,25.00,100.00,1.000
dish_1558629644,,4.20,15.00,A small portion of mixed leafy greens on a plate.,5.00,20.00,
dish_1558629677,apple,73.84,142.00,A single apple on a plate.,95.00,182.00,1.000
dish_1558629715,apple | cauliflower,100.54,247.00,"Plate with an apple, cauliflower, and mixed greens",130.00,312.00,1.000
dish_1558629818,almonds,156.09,27.00,Small serving of almonds on a plate,100.00,15.00,1.000
dish_1558629878,apple,73.84,142.00,An apple on a plate,95.00,182.00,1.000
dish_1558630006,grapes,51.75,75.00,Plate of grapes,38.00,65.00,1.000
dish_1558630038,cauliflower,12.75,51.00,A small portion of cauliflower,5.00,15.00,1.000
dish_1558630072,apple | almonds | grapes,294.43,295.00,"A plate with cauliflower, grapes, almonds, and an apple.",265.00,285.00,0.750
dish_1558630176,apple,73.84,142.00,Plate with a single apple,95.00,182.00,1.000
dish_1558630207,almonds,670.60,116.00,A plate of shelled almonds.,520.00,80.00,1.000
dish_1558630288,garden salad,7.11,11.00,Plate with mixed salad greens.,10.00,20.00,0.000
dish_1558630325,apple | almonds,751.54,269.00,"A plate with almonds, mixed salad greens, and an apple.",455.00,262.00,1.000
dish_1558630450,grapes,86.25,125.00,Plate of grapes,50.00,100.00,1.000
dish_1558630488,cantaloupe,29.92,88.00,Pieces of cut cantaloupe on a plate.,40.00,150.00,1.000
dish_1558630600,apple,73.84,142.00,A single apple on a plate.,95.00,182.00,1.000
dish_1558630649,cantaloupe | grapes | apple,190.01,355.00,"A plate with grapes, an apple, and cantaloupe pieces.",195.00,360.00,1.000
dish_1558630737,cauliflower,22.25,89.00,Plate of cauliflower florets,25.00,80.00,1.000
dish_1558630814,almonds,196.55,34.00,A plate of almonds,120.00,25.00,1.000
dish_1558630867,apple,73.84,142.00,A single apple on a plate.,95.00,182.00,1.000
dish_1558630932,apple | cauliflower | almonds,292.64,265.00,"A red plate with an apple, almonds, and cauliflower florets.",225.00,302.00,1.000
dish_1558631825,corn on the cob,118.83,112.00,Plate with two pieces of corn on the cob,60.00,90.00,1.000
dish_1558631872,cherry tomatoes,16.02,89.00,Plate of cherry tomatoes,50.00,150.00,1.000
dish_1558631904,apple,80.08,154.00,A single red apple on a plate,95.00,182.00,1.000
dish_1558631932,apple | corn on the cob | cherry tomatoes,214.93,355.00,"A meal consisting of half an ear of corn, cherry tomatoes, and an apple on a red plate.",195.00,422.00,1.000
dish_1558632080,corn on the cob,72.15,68.00,A small piece of corn on the cob on a plate.,30.00,40.00,1.000
dish_1558632130,cantaloupe,33.66,99.00,Plate of sliced cantaloupe,40.00,100.00,1.000
dish_1558632198,garden salad,16.80,26.00,A small portion of a green salad with a piece of asparagus and a corn kernel.,9.00,16.00,0.000
dish_1558632233,garden salad | corn on the cob | cantaloupe,122.60,193.00,"A meal with mixed greens, cantaloupe slices, and a piece of corn on the cob.",90.00,200.00,0.667
dish_1558632445,almonds,526.07,91.00,A plate of whole almonds.,700.00,120.00,1.000
dish_1558632475,corn on the cob,118.83,112.00,Two corn on the cob slices on a plate,70.00,90.00,1.000
dish_1558632799,corn on the cob,20.16,19.00,A piece of corn on the cob on a plate.,50.00,70.00,1.000
dish_1558632921,apple,80.60,155.00,Apple on a plate,95.00,182.00,1.000
dish_1558632959,cherry tomatoes,16.02,89.00,Plate of cherry tomatoes,30.00,150.00,1.000
dish_1558632990,cauliflower,25.25,101.00,Plate of cauliflower florets,30.00,100.00,1.000
dish_1558633158,carrot,34.85,85.00,A plate of sliced cooked carrots.,40.00,100.00,1.000
dish_1558633221,corn on the cob | cherry tomatoes | apple | cauliflower | carrot,176.88,449.00,"Plate with an apple, cauliflower, cherry tomatoes, cooked carrots, and a corn cob piece.",221.00,532.00,1.000
dish_1558635400,cauliflower,25.00,100.00,Plate of cauliflower florets.,25.00,100.00,1.000
dish_1558635489,corn on the cob,78.51,74.00,Plate with two corn cob halves,120.00,160.00,1.000
dish_1558635523,white rice,55.90,43.00,A small portion of cooked white rice on a plate.,60.00,60.00,1.000
dish_1558635546,apple,60.84,117.00,An apple on a white plate,95.00,182.00,1.000
dish_1558635618,corn on the cob | apple | white rice | cauliflower,220.25,334.00,"A meal consisting of corn on the cob, rice, cauliflower, and an apple.",240.00,370.00,1.000
dish_1558635865,corn on the cob,20.16,19.00,A portion of corn on the cob on a plate,30.00,40.00,1.000
dish_1558635933,cantaloupe,33.32,98.00,Plate of cantaloupe pieces,40.00,100.00,1.000
dish_1558635962,almonds,52.03,9.00,Plate of almonds,140.00,25.00,1.000
dish_1558635994,grapes,93.84,136.00,A plate of red and green grapes.,80.00,150.00,1.000
dish_1558636028,grapes | corn on the cob | cantaloupe,199.35,262.00,"A plate containing grapes, cantaloupe pieces, almonds, and a small piece of corn on the cob.",230.00,240.00,0.750
dish_1558636388,cauliflower,24.00,96.00,Plate with cauliflower florets.,20.00,80.00,1.000
dish_1558636483,apple,80.08,154.00,A plate with a single apple,95.00,182.00,1.000
dish_1558636514,cherry tomatoes,16.02,89.00,Plate with cherry tomatoes.,30.00,150.00,1.000
dish_1558636544,almonds,410.45,71.00,Plate of almonds,230.00,40.00,1.000
dish_1558636582,apple | almonds,530.55,410.00,"A plate with an apple, almonds, cherry tomatoes, and cauliflower.",350.00,467.00,0.500
dish_1558636763,apple,60.84,117.00,A single apple on a plate,95.00,182.00,1.000
dish_1558636813,grapes,60.72,88.00,Plate of mixed grapes,34.00,60.00,1.000
dish_1558636868,almonds,46.25,8.00,Plate of almonds,210.00,35.00,1.000
dish_1558636902,carrot,38.95,95.00,Plate of cooked carrot pieces,70.00,100.00,1.000
dish_1558636928,cherry tomatoes,16.02,89.00,Plate of cherry tomatoes,60.00,200.00,1.000
dish_1558636980,apple | grapes | carrot | cherry tomatoes,222.78,397.00,"Plate with an apple, grapes, cherry tomatoes, dried apricots, and almonds.",405.00,497.00,0.500
dish_1558637214,grapes,11.04,16.00,A plate with a few grapes.,15.00,30.00,1.000
dish_1558637247,corn on the cob,117.77,111.00,Two slices of corn on the cob on a plate.,60.00,70.00,1.000
dish_1558637351,apple,80.08,154.00,An apple on a plate,95.00,182.00,1.000
dish_1558637393,almonds,739.97,128.00,A plate of almonds,520.00,100.00,1.000
dish_1558637423,corn on the cob | apple | almonds,948.86,409.00,"A plate containing almonds, apple, corn on the cob, and grapes.",697.00,412.00,0.750
dish_1558637698,cauliflower,12.25,49.00,Plate with cauliflower florets,25.00,100.00,1.000
dish_1558637769,apple,80.08,154.00,A single apple on a plate,95.00,182.00,1.000
dish_1558637865,corn on the cob,71.09,67.00,Corn on the cob,40.00,50.00,1.000
dish_1558637896,grapes,84.87,123.00,A plate with red and green grapes.,55.00,80.00,1.000
dish_1558637932,corn on the cob | apple | grapes,248.29,393.00,"Plate with an apple, half corn cob, red grapes, and cauliflower florets.",230.00,424.00,0.750
dish_1558638137,apple,60.84,117.00,An apple on a plate,95.00,182.00,1.000
dish_1558638163,carrot,40.59,99.00,Plate of sliced carrots.,35.00,80.00,1.000
dish_1558638216,white rice,55.90,43.00,Plate of cooked white rice,200.00,150.00,1.000
dish_1558638292,cantaloupe | apple | white rice | carrot,190.31,356.00,"A meal consisting of papaya, carrots, an apple, and white rice.",330.00,540.00,0.600
dish_1558638844,apple,80.08,154.00,A single red apple on a plate,95.00,182.00,1.000
dish_1558638896,cherry tomatoes,22.68,126.00,Plate of grape tomatoes,36.00,180.00,1.000
dish_1558638924,cauliflower,6.25,25.00,Plate of cauliflower florets,25.00,100.00,1.000
dish_1558638954,grapes,89.01,129.00,A plate with red and green grapes.,60.00,120.00,1.000
dish_1558638983,corn on the cob,59.42,56.00,A piece of corn cob on a plate.,30.00,40.00,1.000
dish_1558639012,cherry tomatoes | corn on the cob | apple | grapes,257.44,490.00,"Plate with a variety of fruits and vegetables including an apple, grapes, cherry tomatoes, cauliflower florets, and a piece of corn on the cob.",300.00,572.00,0.800
dish_1558639089,grapes,19.32,28.00,Plate with grape tomatoes and one grape.,23.00,105.00,0.500
dish_1558639138,carrot,22.14,54.00,A plate of sliced carrots.,50.00,100.00,1.000
dish_1558639167,apple,80.08,154.00,A single apple on a plate.,95.00,182.00,1.000
dish_1558639195,grapes | carrot | corn on the cob | apple,238.25,346.00,"A plate with an apple, grapes, slices of sweet potato, corn, and carrot.",280.00,452.00,0.800
dish_1558639221,cauliflower,24.50,98.00,Plate of cauliflower florets,30.00,150.00,1.000
dish_1558639266,corn on the cob,30.77,29.00,Single corn cob piece on a plate,40.00,50.00,1.000
dish_1558639306,carrot,40.59,99.00,Sliced carrots on a plate,40.00,100.00,1.000
dish_1558639335,apple,60.32,116.00,Single apple on a plate,95.00,182.00,1.000
dish_1558639362,cauliflower | apple | carrot | corn on the cob,156.18,342.00,"A plate with raw cauliflower florets, a half cob of corn, a whole apple, and sliced carrots.",200.00,430.00,1.000
dish_1558639412,cantaloupe,32.98,97.00,A plate of cantaloupe slices,45.00,150.00,1.000
dish_1558639440,apple,60.32,116.00,A single apple on a plate,95.00,182.00,1.000
dish_1558639482,corn on the cob,30.77,29.00,One corn cob core,10.00,15.00,1.000
dish_1558639526,carrot,31.98,78.00,A plate of cooked carrots.,35.00,80.00,1.000
dish_1558639555,cantaloupe | corn on the cob | carrot | apple,156.05,320.00,"A meal consisting of an apple, cantaloupe pieces, corn on the cob, and carrot slices.",200.00,392.00,1.000
dish_1558639588,almonds,121.40,21.00,Plate of almonds,180.00,30.00,1.000
dish_1558639630,corn on the cob,116.71,110.00,Plate with two small corn on the cob pieces,80.00,100.00,1.000
dish_1558639662,cherry tomatoes,16.02,89.00,Plate of cherry tomatoes,35.00,200.00,1.000
dish_1558639673,cherry tomatoes,16.02,89.00,Plate of grape tomatoes,30.00,150.00,1.000
dish_1558639683,cherry tomatoes,16.02,89.00,A plate of cherry tomatoes.,30.00,150.00,1.000
dish_1558639752,corn on the cob | cherry tomatoes | almonds,254.13,220.00,"A plate with cherry tomatoes, almonds, and corn on the cob.",260.00,250.00,1.000
dish_1558639787,cauliflower,24.75,99.00,Plate with cauliflower florets,25.00,100.00,1.000
dish_1558639818,cantaloupe,20.06,59.00,Plate of sliced cantaloupe melon.,40.00,120.00,1.000
dish_1558639849,carrot,23.37,57.00,Plate with cooked carrots,25.00,60.00,1.000
dish_1558639876,carrot | cantaloupe | cauliflower,68.18,215.00,"A plate with sliced carrots, papaya pieces, and cauliflower.",100.00,200.00,0.500
dish_1558639907,cherry tomatoes,10.44,58.00,Plate of cherry tomatoes,30.00,150.00,1.000
dish_1558639949,cantaloupe,21.76,64.00,Plate with cantaloupe pieces,25.00,60.00,1.000
dish_1558639979,almonds,520.29,90.00,A plate of almonds,490.00,80.00,1.000
dish_1558640008,almonds,552.49,212.00,"Plate with almonds, grape tomatoes, and cantaloupe slices.",495.00,250.00,0.333
dish_1558640039,carrot,40.18,98.00,A plate of sliced carrots.,25.00,80.00,1.000
dish_1558640074,apple,60.32,116.00,A single red apple on a square white plate.,95.00,182.00,1.000
dish_1558640105,corn on the cob,77.45,73.00,Two pieces of corn on the cob on a plate.,60.00,90.00,1.000
dish_1558640145,carrot | apple | corn on the cob,177.95,287.00,"Plate with sliced carrots, an apple, and half an ear of corn.",224.00,402.00,1.000
dish_1558640190,cantaloupe,19.72,58.00,Plate of diced cantaloupe pieces,30.00,100.00,1.000
dish_1558640238,cherry tomatoes,22.68,126.00,Plate of cherry tomatoes,30.00,150.00,1.000
dish_1558640267,grapes,63.48,92.00,A plate of mixed grapes.,70.00,125.00,1.000
dish_1558640294,cantaloupe | cherry tomatoes,42.40,184.00,"Plate with grapes, cherry tomatoes, and cantaloupe slices",125.00,330.00,0.667
dish_1558640311,grapes | cantaloupe | cherry tomatoes,105.88,276.00,"A plate with cherry tomatoes, grapes, and cantaloupe pieces.",145.00,295.00,1.000
dish_1558640373,cherry tomatoes | grapes | cantaloupe,105.88,276.00,"A plate with grapes, cherry tomatoes, and sliced persimmon.",150.00,330.00,0.500
dish_1558640418,carrot,14.35,35.00,A plate of sliced carrots,25.00,100.00,1.000
dish_1558640450,apple,80.08,154.00,A single red apple on a plate.,95.00,182.00,1.000
dish_1558640477,corn on the cob,59.42,56.00,Partially eaten cob of corn on a plate,50.00,60.00,1.000
dish_1558640513,carrot | apple | corn on the cob,153.85,245.00,"A meal consisting of a whole apple, sliced carrots, and a small piece of corn on the cob.",166.00,312.00,1.000
dish_1558640563,cherry tomatoes,4.14,23.00,Plate with cherry tomatoes,10.00,50.00,1.000
dish_1558640593,apple,60.32,116.00,A single apple on a plate,95.00,182.00,1.000
dish_1558640604,apple,60.84,117.00,A plate with a single apple.,95.00,182.00,1.000
dish_1558640614,apple,60.32,116.00,An apple on a plate,95.00,182.00,1.000
dish_1558640671,cantaloupe,32.30,95.00,Plate with cantaloupe pieces,60.00,180.00,1.000
dish_1558640705,apple | cantaloupe,96.76,234.00,"Plate with an apple, cherry tomatoes, and cantaloupe pieces.",140.00,407.00,0.667
dish_1558640748,cauliflower,14.50,58.00,Plate of cauliflower florets,25.00,100.00,1.000
dish_1558640781,apple,80.08,154.00,A single red apple on a plate,95.00,182.00,1.000
dish_1558640808,carrot,10.66,26.00,A dish containing slices of cooked carrots.,35.00,80.00,1.000
dish_1558640849,apple | cauliflower | carrot,105.24,238.00,"Plate with cauliflower, sliced carrots, and an apple.",160.00,362.00,1.000
dish_1558640882,cantaloupe,32.30,95.00,Plate with chunks of cantaloupe,54.00,150.00,1.000
dish_1558640917,cauliflower,5.25,21.00,Plate with cauliflower florets,20.00,75.00,1.000
dish_1558640941,carrot,21.73,53.00,Plate of glazed carrots,70.00,100.00,1.000
dish_1558640979,cantaloupe | cauliflower | carrot,59.28,169.00,"Plate with cauliflower florets, sliced carrots, and sliced sweet potatoes.",70.00,160.00,0.500
dish_1558641007,carrot,23.37,57.00,Plate of sliced carrots,20.00,50.00,1.000
dish_1558641037,apple,60.84,117.00,An apple on a plate,95.00,182.00,1.000
dish_1558641075,cherry tomatoes,12.42,69.00,Plate with several cherry tomatoes.,30.00,150.00,1.000
dish_1558641108,cherry tomatoes | apple | carrot,96.63,243.00,"A meal consisting of an apple, baby carrots, and cherry tomatoes on a plate.",130.00,307.00,1.000
dish_1558641164,apple,80.08,154.00,A single apple on a plate.,95.00,182.00,1.000
dish_1558641200,carrot,3.28,8.00,Plate of sliced carrots,35.00,100.00,1.000
dish_1558641211,carrot,3.28,8.00,Plate of cooked baby carrots,50.00,100.00,1.000
dish_1558641253,corn on the cob,116.71,110.00,Plate with two pieces of corn on the cob,70.00,110.00,0.500
dish_1558641287,cherry tomatoes,11.52,64.00,Plate of cherry tomatoes,22.00,100.00,1.000
dish_1558641320,apple | corn on the cob | cherry tomatoes,211.59,336.00,"A plate containing an apple, sliced carrots, cherry tomatoes, and corn on the cob.",214.00,422.00,0.750
dish_1558641358,cauliflower,24.25,97.00,Plate of cauliflower florets,25.00,100.00,1.000
dish_1558641391,cantaloupe,19.72,58.00,A plate of sliced cantaloupe.,60.00,150.00,1.000
dish_1558641416,corn on the cob,59.42,56.00,A small portion of corn on the cob is served on a plate.,35.00,50.00,1.000
dish_1558641442,cauliflower | cantaloupe | corn on the cob,103.39,211.00,"Plate with cauliflower, cantaloupe slices, and corn on the cob.",105.00,235.00,1.000
dish_1558641897,corn on the cob,116.71,110.00,Corn on the cob pieces on a plate,160.00,150.00,1.000
dish_1558641926,apple,80.08,154.00,A single apple on a white plate.,95.00,182.00,1.000
dish_1558641954,cherry tomatoes,18.36,102.00,Plate with cherry tomatoes,30.00,120.00,1.000
dish_1558641989,cauliflower,13.75,55.00,Plate with cauliflower florets,20.00,100.00,1.000
dish_1558642021,apple | corn on the cob | cherry tomatoes | cauliflower,228.90,421.00,"A plate with an apple, cherry tomatoes, corn slices, and cauliflower florets.",190.00,492.00,1.000
dish_1558642089,carrot,39.36,96.00,A plate with cooked carrots,50.00,80.00,1.000
dish_1558642420,carrot,38.95,95.00,Sliced carrots on a plate,40.00,100.00,1.000
dish_1558642458,cauliflower,23.00,92.00,Plate with cauliflower florets,25.00,100.00,1.000
dish_1558642490,carrot | cauliflower,61.95,187.00,A plate with sliced carrots and cauliflower florets.,55.00,150.00,1.000
dish_1558717604,apple,73.84,142.00,An apple on a plate,95.00,182.00,1.000
dish_1558717886,apple,73.84,142.00,A single apple on a plate.,95.00,182.00,1.000
dish_1558718009,cantaloupe,25.84,76.00,Sliced papaya on a plate,40.00,100.00,0.000
dish_1558718051,cauliflower,24.25,97.00,Plate of cauliflower florets with a small carrot slice.,25.00,100.00,1.000
dish_1558718088,apple | corn on the cob | cantaloupe | cauliflower,219.42,405.00,"A plate with an apple, corn on the cob, cantaloupe pieces, and cauliflower florets.",250.00,507.00,1.000
dish_1558718587,cauliflower,10.25,41.00,A small portion of cauliflower florets on a plate.,15.00,50.00,1.000
dish_1558718610,corn on the cob,113.53,107.00,Two pieces of corn cob on a plate,70.00,100.00,1.000
dish_1558718649,cantaloupe,25.84,76.00,"Plate with cut pieces of a fruit or vegetable, likely cantaloupe or sweet potato.",40.00,100.00,1.000
dish_1558718680,almonds,132.96,23.00,A small portion of almonds on a plate,200.00,35.00,1.000
dish_1558718906,corn on the cob | cantaloupe | almonds,282.58,247.00,"Plate with corn, almonds, cantaloupe, and cauliflower",200.00,170.00,0.750
dish_1558718974,almonds,422.01,73.00,Plate of almonds,320.00,50.00,1.000
dish_1558719040,cantaloupe,31.96,94.00,Plate with pieces of sliced cantaloupe.,30.00,100.00,1.000
dish_1558719066,apple,73.84,142.00,A single apple on a plate.,95.00,182.00,1.000
dish_1558719097,cherry tomatoes,19.26,107.00,Plate of cherry tomatoes,30.00,150.00,1.000
dish_1558719145,cantaloupe | almonds | apple,547.07,416.00,"A plate with an apple, cherry tomatoes, cantaloupe pieces, and almonds",320.00,462.00,0.750
dish_1558719298,almonds,265.93,46.00,A bowl of almonds,210.00,35.00,1.000
dish_1558719336,cauliflower,24.25,97.00,Plate of cauliflower florets,30.00,100.00,1.000
dish_1558719377,apple,73.84,142.00,A single apple on a plate.,95.00,182.00,1.000
dish_1558719401,corn on the cob,51.99,49.00,Partial ear of corn on a plate,30.00,50.00,1.000
dish_1558719514,almonds | apple | corn on the cob | cauliflower,433.29,430.00,"A plate with almonds, an apple, cherry tomatoes, half a baby corn, and cauliflower florets.",358.00,479.00,0.800
dish_1558719570,apple,74.36,143.00,A single apple on a plate,95.00,182.00,1.000
dish_1558719994,almonds,768.87,133.00,A plate of almonds,400.00,70.00,1.000
dish_1558720097,carrot,30.34,74.00,A plate of baby carrots,40.00,80.00,1.000
dish_1558720133,cauliflower,14.25,57.00,Plate of cooked cauliflower florets,25.00,100.00,1.000
dish_1558720236,apple | almonds,887.82,407.00,"A plate with almonds, an apple, carrot slices, and cauliflower.",555.00,360.00,0.500
dish_1558720289,cauliflower,20.00,80.00,Plate of cauliflower florets,50.00,150.00,1.000
dish_1558720335,cantaloupe,15.64,46.00,Sliced fruit on a plate,30.00,60.00,0.000
dish_1558720364,apple,73.84,142.00,A single apple on a plate.,95.00,182.00,1.000
dish_1558720396,corn on the cob,95.49,90.00,Corn on the cob halves on a plate,50.00,65.00,1.000
dish_1558721272,carrot,29.52,72.00,Plate of cooked carrots,50.00,100.00,1.000
dish_1558721323,cantaloupe,31.62,93.00,Plate of sliced cantaloupe melon.,30.00,100.00,1.000
dish_1558721345,cauliflower,19.50,78.00,Plate with cauliflower pieces,25.00,100.00,1.000
dish_1558721380,cherry tomatoes,19.26,107.00,A plate with cherry tomatoes.,30.00,150.00,1.000
dish_1558721434,cherry tomatoes | carrot | cauliflower | cantaloupe,99.90,350.00,"A plate with carrots, cauliflower, cherry tomatoes, and cantaloupe.",105.00,360.00,1.000
dish_1558721484,cherry tomatoes,11.16,62.00,Plate of cherry tomatoes,12.00,60.00,1.000
dish_1558721533,cantaloupe,18.70,55.00,Plate of sliced carrots,15.00,50.00,0.000
dish_1558721559,carrot,37.72,92.00,Plate of sliced carrots,35.00,80.00,1.000
dish_1558721587,corn on the cob,95.49,90.00,Two small corn cobs on a plate.,80.00,90.00,1.000
dish_1558721636,carrot | corn on the cob | cantaloupe | cherry tomatoes,163.07,299.00,"A plate with sliced carrots, cherry tomatoes, cantaloupe slices, and corn cob halves.",110.00,280.00,1.000
dish_1558721669,cauliflower,24.25,97.00,Plate of cauliflower florets,25.00,100.00,1.000
dish_1558721700,cantaloupe,19.04,56.00,Plate with pieces of sliced cantaloupe.,20.00,40.00,1.000
dish_1558721726,apple,74.36,143.00,A single apple on a plate,95.00,182.00,1.000
dish_1558721757,almonds,768.87,133.00,Plate of almonds,340.00,60.00,1.000
dish_1558721827,apple | almonds,886.52,429.00,"Plate with almonds, apple, sliced persimmon, and cauliflower florets",600.00,472.00,0.500
dish_1558721904,apple,74.36,143.00,Single apple on a plate,95.00,182.00,1.000
dish_1558721931,cauliflower,13.25,53.00,Plate with cauliflower florets,10.00,50.00,1.000
dish_1558721959,cherry tomatoes,11.16,62.00,Plate of cherry tomatoes,15.00,90.00,1.000
dish_1558721980,cantaloupe,26.86,79.00,Plate of sliced cantaloupe,30.00,100.00,1.000
dish_1558722068,almonds,179.21,31.00,A small serving of almonds on a plate,120.00,20.00,1.000
dish_1558722103,apple | cantaloupe | almonds,304.84,368.00,"A plate with cauliflower, almonds, an apple, cherry tomatoes, and sliced persimmons.",340.00,380.00,0.333
dish_1558722125,almonds,497.17,86.00,Plate of whole almonds,260.00,40.00,1.000
dish_1558722171,cauliflower,24.25,97.00,Plate of cauliflower florets.,25.00,100.00,1.000
dish_1558722207,apple,83.20,160.00,A single apple on a plate,95.00,182.00,1.000
dish_1558722247,almonds | apple,604.62,343.00,"Plate with an apple, almonds, and cauliflower florets",380.00,322.00,0.667
dish_1558722322,carrot,37.72,92.00,Plate of sliced carrots,35.00,70.00,1.000
dish_1558722370,cauliflower,19.75,79.00,A plate of cauliflower florets.,25.00,100.00,1.000
dish_1558722398,apple,83.72,161.00,An apple on a plate,95.00,182.00,1.000
dish_1558722434,cherry tomatoes,8.46,47.00,Plate with cherry tomatoes,20.00,100.00,1.000
dish_1558722473,cherry tomatoes | cauliflower | apple | carrot,149.65,379.00,"Plate with an apple, cherry tomatoes, cauliflower, and carrot slices.",179.00,482.00,1.000
dish_1558722636,carrot,30.75,75.00,Plate of sliced cooked carrots,35.00,80.00,1.000
dish_1558722665,cauliflower,15.00,60.00,Small portion of cauliflower on a plate,12.00,50.00,1.000
dish_1558722685,cantaloupe,25.84,76.00,Plate of sliced cantaloupe,40.00,100.00,1.000
dish_1558722707,cherry tomatoes,19.26,107.00,Plate with cherry tomatoes,30.00,120.00,1.000
dish_1558722748,corn on the cob,51.99,49.00,A small portion of corn on the cob on a plate.,50.00,75.00,1.000
dish_1558722780,cauliflower | carrot | corn on the cob | cantaloupe | cherry tomatoes,142.84,367.00,"Plate with fruits and vegetables including cantaloupe, grape tomatoes, cauliflower, corn, and carrots.",175.00,450.00,1.000
dish_1558722842,cherry tomatoes,10.44,58.00,Plate with cherry tomatoes,15.00,50.00,1.000
dish_1558722871,cauliflower,15.00,60.00,Plate with cauliflower florets,15.00,60.00,1.000
dish_1558722883,cauliflower,15.00,60.00,Plate with cauliflower florets,15.00,50.00,1.000
dish_1558722906,corn on the cob,95.49,90.00,Corn on the cob,100.00,80.00,1.000
dish_1558722931,almonds,439.36,76.00,A plate of almonds,250.00,40.00,1.000
dish_1558722968,almonds | corn on the cob,560.29,284.00,"Plate with cauliflower, cherry tomatoes, almonds, and corn slices",335.00,280.00,0.500
dish_1558723047,cantaloupe,31.62,93.00,Plate with pieces of cantaloupe.,40.00,100.00,1.000
dish_1558723073,cherry tomatoes,16.20,90.00,Plate of cherry tomatoes,30.00,150.00,1.000
dish_1558723096,cauliflower,16.50,66.00,Small portion of cauliflower florets on a plate,15.00,50.00,1.000
dish_1558723123,corn on the cob,51.99,49.00,A small piece of corn on the cob on a plate.,20.00,30.00,1.000
dish_1558723414,corn on the cob,51.99,49.00,A portion of corn on the cob on a plate.,90.00,100.00,1.000
dish_1558723449,apple,74.36,143.00,A single apple on a plate.,95.00,182.00,1.000
dish_1558723475,cantaloupe,22.78,67.00,Pieces of cantaloupe on a plate,20.00,60.00,1.000
dish_1558723512,carrot,15.99,39.00,Plate of baby carrots,30.00,50.00,1.000
dish_1558723537,cauliflower,14.50,58.00,Plate with small pieces of cauliflower.,10.00,30.00,1.000
dish_1558723568,cantaloupe | corn on the cob | carrot | cauliflower | apple,179.62,356.00,"A meal consisting of an apple, cantaloupe pieces, cauliflower florets, a corn slice, and carrot slices on a red plate.",160.00,372.00,1.000
dish_1558723639,cauliflower,10.25,41.00,Plate with cauliflower florets,15.00,50.00,1.000
dish_1558723671,carrot,38.13,93.00,Plate of sliced carrots,40.00,100.00,1.000
dish_1558723695,corn on the cob,95.49,90.00,Two pieces of cooked corn on the cob on a plate.,60.00,70.00,1.000
dish_1558723719,almonds,231.24,40.00,A small serving of almonds on a plate.,70.00,12.00,1.000
dish_1558723742,carrot | almonds | corn on the cob,375.11,264.00,"A plate containing sliced carrots, almonds, cauliflower florets, and corn.",200.00,185.00,0.750
dish_1558723777,apple,74.36,143.00,A single apple on a plate.,95.00,182.00,1.000
dish_1558723818,corn on the cob,113.53,107.00,Corn on the cob halves on a plate,40.00,50.00,1.000
dish_1558723847,almonds,554.98,96.00,Bowl of almonds,350.00,60.00,1.000
dish_1558723866,cauliflower,14.75,59.00,Plate with a small portion of cauliflower florets,10.00,30.00,1.000
dish_1558723894,almonds | corn on the cob | apple,757.61,405.00,"A meal consisting of an apple, corn on the cob, almonds, and cauliflower florets.",335.00,352.00,0.750
dish_1558723926,cherry tomatoes,19.26,107.00,Plate of cherry tomatoes,30.00,150.00,1.000
dish_1558723960,cauliflower,13.00,52.00,Plate with cauliflower florets,10.00,30.00,1.000
dish_1558723982,almonds,294.83,51.00,A small serving of almonds on a square white plate.,230.00,40.00,1.000
dish_1558724005,cantaloupe,31.62,93.00,Small portion of cut cantaloupe on a plate,35.00,100.00,1.000
dish_1558724031,cherry tomatoes | cantaloupe | almonds,358.71,303.00,"Plate with cherry tomatoes, cauliflower florets, almonds, and sliced peaches.",165.00,260.00,0.400
dish_1558724574,brussels sprouts,50.74,118.00,Plate of roasted Brussels sprouts,100.00,150.00,1.000
dish_1558724607,honeydew melons,54.72,152.00,Plate of sliced honeydew melon.,50.00,150.00,1.000
dish_1558724633,broccoli,32.90,94.00,Plate of broccoli florets,30.00,100.00,1.000
dish_1558724658,brussels sprouts | honeydew melons | broccoli,138.36,364.00,"Plate with Brussels sprouts, broccoli, and cucumber pieces.",145.00,340.00,0.500
dish_1558724689,cauliflower,19.75,79.00,Plate with cauliflower florets.,30.00,100.00,1.000
dish_1558724723,broccoli,39.20,112.00,Plate of broccoli florets,30.00,100.00,1.000
dish_1558724766,apple,83.72,161.00,A single apple on a plate.,95.00,182.00,1.000
dish_1558724799,cauliflower | apple | broccoli,142.67,352.00,"Plate with an apple, broccoli, and cauliflower.",145.00,352.00,1.000
dish_1558724853,brussels sprouts,50.74,118.00,Plate of roasted Brussels sprouts.,90.00,130.00,1.000
dish_1558724891,apple,83.72,161.00,An apple on a plate,95.00,182.00,1.000
dish_1558724912,carrot,30.75,75.00,A plate of cooked carrot slices.,60.00,120.00,1.000
dish_1558724932,almonds,416.23,72.00,Plate of almonds,200.00,35.00,1.000
dish_1558724959,brussels sprouts | carrot | almonds | apple,581.44,426.00,"A plate with an apple, Brussel sprouts, almonds, and sliced carrots.",375.00,377.00,1.000
dish_1558724992,almonds,456.70,79.00,A plate of almonds.,240.00,40.00,1.000
dish_1558725049,brussels sprouts,43.00,100.00,Plate of Brussels sprouts,70.00,150.00,1.000
dish_1558725085,honeydew melons,54.36,151.00,Plate of cubed cantaloupe melon,25.00,100.00,1.000
dish_1558725112,almonds | brussels sprouts | honeydew melons,554.06,330.00,"Plate with almonds, diced melon, and roasted Brussels sprouts.",310.00,235.00,1.000
dish_1558725193,almonds,763.09,132.00,Plate of almonds,490.00,75.00,1.000
dish_1558725226,cauliflower,19.75,79.00,Plate with cauliflower florets,25.00,100.00,1.000
dish_1558725253,broccoli,33.95,97.00,Plate of broccoli florets,55.00,150.00,1.000
dish_1558725286,almonds,816.79,308.00,"Plate with almonds, broccoli, and cauliflower.",350.00,230.00,0.333
dish_1558725353,brussels sprouts,40.42,94.00,Plate of roasted Brussels sprouts,70.00,100.00,1.000
dish_1558725403,almonds,289.05,50.00,Plate with almonds.,140.00,25.00,1.000
dish_1558725576,cauliflower,19.75,79.00,Plate of cauliflower florets,25.00,110.00,1.000
dish_1558725621,brussels sprouts | almonds | cauliflower,349.22,223.00,"Plate with almonds, cauliflower, Brussels sprouts, and carrots",250.00,265.00,0.750
dish_1558725702,brussels sprouts,50.31,117.00,Plate of roasted Brussels sprouts,70.00,120.00,1.000
dish_1558725734,carrot,30.75,75.00,A plate of sliced carrots,35.00,100.00,1.000
dish_1558725760,apple,83.72,161.00,A single apple on a white plate.,95.00,182.00,1.000
dish_1558725786,corn on the cob,113.53,107.00,Two pieces of corn on the cob on a plate,50.00,85.00,1.000
dish_1558725829,brussels sprouts | carrot | corn on the cob | apple,278.31,460.00,"A plate with an apple, brussels sprouts, sliced carrots, and corn on the cob.",263.00,447.00,1.000
dish_1559059924,bacon,108.20,20.00,A plate with two strips of cooked bacon.,86.00,15.00,1.000
dish_1559059954,bacon,108.20,20.00,Plate with cooked bacon strips,130.00,30.00,1.000
dish_1559059992,sweet potato,71.44,94.00,Plate of roasted potato cubes,150.00,100.00,1.000
dish_1559060055,,26.73,81.00,A plate of strawberries.,25.00,80.00,
dish_1559060106,bacon | sweet potato,206.37,195.00,"Plate with bacon, roasted potatoes, and strawberries.",280.00,200.00,1.000
dish_1559061675,watermelon,24.90,83.00,Plate with cubes of watermelon,50.00,200.00,1.000
dish_1559061752,eggs,192.82,124.00,Plate of scrambled eggs with hot sauce.,205.00,160.00,0.500
dish_1559062005,turkey bacon,113.91,30.00,Plate with two strips of bacon,80.00,30.00,1.000
dish_1559062051,sweet potato,56.24,74.00,Plate with roasted potato pieces.,70.00,100.00,1.000
dish_1559062082,watermelon | eggs | turkey bacon | sweet potato,387.87,311.00,"Plate with scrambled eggs, watermelon, roasted potatoes, and bacon.",380.00,310.00,1.000
dish_1559149615,bacon,124.43,23.00,Plate with strips of cooked bacon.,120.00,30.00,1.000
dish_1559149650,carrot,26.24,64.00,Plate of cooked carrots,50.00,100.00,1.000
dish_1559149688,eggs,281.45,181.00,A plate of scrambled eggs,200.00,150.00,1.000
dish_1559149719,bacon | carrot | eggs,432.12,268.00,"Plate with scrambled eggs, roasted carrots, and bacon.",330.00,260.00,1.000
dish_1559157454,arugula,34.56,28.00,Small salad with mixed greens and a few blueberries.,13.00,25.00,0.000
dish_1559157777,spinach (raw),2.53,11.00,A plate of raw spinach leaves.,7.00,50.00,1.000
dish_1559157919,spinach (raw) | arugula,37.09,39.00,"Salad with greens, blueberries, walnuts, and spinach.",40.00,50.00,0.333
dish_1559158263,arugula,40.74,33.00,A small salad with greens and possibly some berries.,15.00,18.00,0.000
dish_1559158354,broccoli,21.00,60.00,Plate with broccoli florets,30.00,120.00,1.000
dish_1559158425,spinach (raw),2.99,13.00,Plate of fresh spinach leaves,5.00,30.00,1.000
dish_1559172356,brown rice | salmon,313.10,176.00,"This is not a meal, but an image of a phone attached to a wooden board",0.00,,0.000
dish_1559232986,bacon,189.35,35.00,Plate with cooked bacon strips,250.00,70.00,1.000
dish_1559233055,garden salad,25.19,39.00,"Simple salad with spinach, cherry tomatoes, and shredded carrots.",15.00,45.00,0.000
dish_1559233102,scrambled eggs,183.52,124.00,Plate of scrambled eggs,200.00,150.00,1.000
dish_1559233144,garden salad | scrambled eggs | bacon,398.06,198.00,"Plate with scrambled eggs, bacon, and a spinach salad.",600.00,330.00,0.500
dish_1559233445,pineapple,24.50,49.00,A small serving of pineapple slices on a plate.,25.00,50.00,1.000
dish_1559233570,,16.83,51.00,Plate with four strawberry halves,12.00,30.00,
dish_1559233627,bacon,64.92,12.00,Single strip of cooked bacon on a plate,42.00,10.00,1.000
dish_1559233715,sweet potato,83.60,110.00,Plate of roasted potato pieces,60.00,100.00,1.000
dish_1559233756,bacon | sweet potato | pineapple,189.85,222.00,"A small meal consisting of fruit pieces, bacon, and roasted potatoes.",150.00,125.00,1.000
dish_1559235639,,33.99,103.00,Plate of halved strawberries,35.00,100.00,
dish_1559235690,eggs,172.60,111.00,A plate of scrambled eggs.,200.00,150.00,1.000
dish_1559235771,cream cheese | bagels,145.80,54.00,Bagel with cream cheese on a plate,200.00,70.00,1.000
dish_1559235815,cream cheese | bagels | eggs,352.40,268.00,"Plate with scrambled eggs, a bagel with cream cheese, and strawberries.",505.00,320.00,0.667
dish_1559238435,pears,115.54,202.00,A single pear on a square plate,102.00,178.00,1.000
dish_1559238481,,59.69,127.00,A single mandarin orange on a plate.,47.00,100.00,0.000
dish_1559238566,,62.13,109.00,Plate with strawberries and blueberries,35.00,110.00,
dish_1559238608,pears,237.36,438.00,"A plate with a pear, a mandarin, strawberries, and blueberries.",196.00,436.00,0.500
dish_1559238993,,61.56,108.00,Plate with strawberries and blueberries,40.00,120.00,
dish_1559239151,spinach (raw),9.20,40.00,A small salad with spinach and shredded carrots.,15.00,50.00,0.500
dish_1559239256,,60.16,128.00,A single mandarin on a plate.,47.00,100.00,0.000
dish_1559239369,spinach (raw),130.92,276.00,"Plate with a spinach salad, strawberries, blueberries, and an orange.",110.00,270.00,1.000
dish_1559239753,carrot,26.55,54.00,Plate of cooked sliced carrots,50.00,100.00,1.000
dish_1559239912,,60.16,128.00,A single orange on a plate,62.00,130.00,
dish_1559239985,pears,116.12,203.00,Single green pear on a plate.,102.00,178.00,1.000
dish_1559240089,carrot | pears,202.82,385.00,"A plate with sliced carrots, an orange, and an apple.",187.00,382.00,0.333
dish_1559240256,broccoli,18.90,54.00,Plate with broccoli pieces,15.00,50.00,1.000
dish_1559240382,carrot,20.65,42.00,Plate of carrot sticks,25.00,50.00,1.000
dish_1559240441,,19.47,59.00,Plate of strawberries,16.00,100.00,
dish_1559240510,cauliflower | carrot | broccoli,73.52,213.00,"Plate with cauliflower, strawberries, broccoli, and carrots",80.00,260.00,1.000
dish_1559240875,pears,116.12,203.00,A single green pear on a white plate.,100.00,180.00,1.000
dish_1559240908,,60.16,128.00,A single orange on a plate,62.00,130.00,
dish_1559240987,carrot,25.07,51.00,Plate of cooked carrots,30.00,50.00,1.000
dish_1559241099,carrot | pears,201.35,382.00,"A red plate with an orange, a green pear, and sliced carrots.",189.00,360.00,1.000
dish_1559242066,carrot,26.05,53.00,Plate of sliced carrots,50.00,120.00,1.000
dish_1559242155,pears,116.12,203.00,A single pear on a plate.,101.00,178.00,1.000
dish_1559242221,almonds,659.03,114.00,Plate of almonds,350.00,60.00,1.000
dish_1559242568,pears,116.12,203.00,A single pear on a plate,100.00,180.00,1.000
dish_1559243139,carrot,26.05,53.00,Plate of cooked baby carrots,50.00,100.00,1.000
dish_1559243704,pears,116.12,203.00,A single pear on a plate.,102.00,178.00,1.000
dish_1559243887,almonds,289.05,50.00,A small plate of almonds.,140.00,25.00,1.000
dish_1559243974,almonds | pears,431.22,306.00,"A plate with a green apple, roasted or cooked carrot slices, and a handful of almonds.",305.00,290.00,0.250
dish_1559244305,chickpeas,113.07,64.00,Chickpeas with tomatoes and onions,95.00,105.00,0.333
dish_1559244417,arugula,72.83,59.00,A plate of leafy green salad with a few pieces of nuts and tomato.,40.00,60.00,0.000
dish_1559244546,brown rice | chicken,469.94,281.00,"A meal consisting of chicken, rice, and vegetables.",520.00,350.00,0.667
dish_1559244598,cookies,250.92,51.00,A single piece of fried chicken (possibly a chicken wing or thigh) on a plate.,250.00,100.00,0.000
dish_1559244649,chicken | chickpeas | cookies,906.76,455.00,"Plate with chicken, leafy greens, chickpeas with vegetables, and two small patties.",690.00,410.00,0.500
dish_1559245589,carrot,25.56,52.00,Plate of baby carrots,40.00,100.00,1.000
dish_1559245654,pears,115.54,202.00,A single green apple on a plate with a few carrot shreds.,95.00,182.00,0.000
dish_1559245697,pears | garden salad | carrot,163.72,289.00,"Salad with spinach and carrots, and a pear.",145.00,260.00,0.500
dish_1559245801,,60.99,107.00,Plate with strawberries and blueberries,43.00,115.00,
dish_1559245848,,59.69,127.00,A meal consisting of a single orange on a plate.,62.00,131.00,
dish_1559245920,cauliflower,14.25,57.00,Plate with cauliflower florets,20.00,50.00,1.000
dish_1559245979,pears,116.12,203.00,A pear on a plate with a small amount of carrot pieces.,104.00,183.00,0.500
dish_1559246053,cauliflower | pears,251.05,494.00,"Plate with strawberries, cauliflower florets, blueberries, an orange, and a pear.",234.00,525.00,1.000
dish_1559319826,,45.03,79.00,A small serving of mixed berries on a plate.,27.00,53.00,0.000
dish_1559319860,bacon,70.33,13.00,Single strip of cooked bacon on a plate.,42.00,8.00,1.000
dish_1559319902,pineapple,8.50,17.00,Small serving of pineapple pieces on a plate,10.00,20.00,1.000
dish_1559319971,sweet potato,72.96,96.00,Plate with roasted potato pieces.,150.00,120.00,1.000
dish_1559320019,sweet potato | bacon,196.82,205.00,"A meal with roasted potatoes, mixed berries, and bacon.",330.00,250.00,1.000
dish_1559332418,salmon | brown rice,482.11,271.00,Meal with fried fish and rice with vegetables.,550.00,350.00,0.333
dish_1559332487,zucchini | chayote squash,19.11,98.00,"Plate with cut pieces of yellow squash, zucchini, and possibly cucumber.",21.00,120.00,0.667
dish_1559332795,cucumbers | lime | lettuce | cherry tomatoes | onions,39.37,39.00,Spinach salad with walnuts and dressing,60.00,35.00,0.000
dish_1559332822,salmon | brown rice,540.59,408.00,"Plate with salmon, rice, vegetables, and salad.",510.00,370.00,0.500
dish_1559578551,bacon,124.43,23.00,Plate with a slice of cooked bacon,42.00,10.00,1.000
dish_1559578579,bacon,142.58,78.00,A plate with strips of bacon and strawberries.,95.00,65.00,1.000
dish_1559578599,bacon | sweet potato,229.98,193.00,"Plate with bacon, roasted potatoes, and strawberries",270.00,200.00,1.000
dish_1559581236,eggs,296.93,212.00,Scrambled eggs with a side salad.,230.00,200.00,0.500
dish_1559581333,bacon | eggs,415.95,234.00,"Plate of scrambled eggs, bacon, and salad.",326.00,230.00,1.000
dish_1559581356,bacon | eggs,436.95,294.00,"Plate with scrambled eggs, bacon, and a green salad with vegetables.",310.00,275.00,0.667
dish_1559581378,eggs | sausage | bacon,705.73,372.00,"A plate with scrambled eggs, sausage, bacon, and a vegetable salad.",610.00,380.00,0.750
dish_1559585533,broccoli,12.95,37.00,A few pieces of broccoli on a plate,25.00,80.00,1.000
dish_1559589873,mushroom,11.88,54.00,A small portion of cooked mushrooms on a plate.,30.00,50.00,1.000
dish_1559589902,mushroom,16.37,76.00,A small portion with asparagus and mushrooms.,11.00,60.00,1.000
dish_1559589942,pizza,290.35,179.00,"A meal with two slices of pizza, two asparagus spears, and some cooked mushrooms.",416.00,195.00,0.250
dish_1559590005,pizza,360.83,241.00,"A meal consisting of slices of pizza, salad, and mushrooms.",480.00,275.00,0.250
dish_1559590031,pizza,402.75,269.00,Plate with two slices of pizza and a side salad.,400.00,240.00,0.500
dish_1559590130,chicken,194.41,152.00,A meal with diced chicken and asparagus.,270.00,210.00,1.000
dish_1559590157,chicken | caesar salad,230.49,234.00,"Plate with grilled chicken, a green salad, and asparagus.",390.00,300.00,0.333
dish_1559590202,caesar salad | chicken,316.73,311.00,"Plate with grilled chicken, couscous or quinoa, asparagus, and a small salad.",505.00,480.00,0.333
dish_1559593646,kale,55.39,37.00,A small portion of mixed salad with vegetables.,40.00,60.00,0.000
dish_1559593722,kale | arugula,140.56,106.00,Mixed green salad with various vegetables,80.00,120.00,0.000
dish_1559593746,kale | squash | arugula,156.96,186.00,Mixed green salad with roasted vegetables.,90.00,140.00,0.000
dish_1559593794,quinoa | chicken thighs,450.56,380.00,"Plate with roasted chicken, roasted potatoes, and mixed green salad.",500.00,375.00,0.333
dish_1559667948,cream cheese | bagels,153.90,57.00,A bagel half with cream cheese on a plate,200.00,75.00,1.000
dish_1559667973,bagels | cream cheese | scrambled eggs,334.46,179.00,Scrambled eggs with hot sauce and a bagel with cream cheese,400.00,200.00,0.667
dish_1559667994,scrambled eggs | hash browns | bagels | cream cheese,445.30,213.00,"A breakfast plate with scrambled eggs, hash browns, and a bagel with cream cheese.",650.00,340.00,0.750
dish_1559668016,scrambled eggs | hash browns | bagels | cream cheese | honeydew melons,469.06,279.00,"A breakfast plate with scrambled eggs, hash browns, bagel with cream cheese, and melon pieces.",640.00,380.00,0.800
dish_1559668238,hash browns,290.14,89.00,Small portion of hash browns on a plate,120.00,75.00,1.000
dish_1559668272,scrambled eggs | hash browns,512.14,239.00,Scrambled eggs with hash browns,370.00,250.00,1.000
dish_1559668314,scrambled eggs | garden salad | hash browns,551.55,300.00,Scrambled eggs with hash browns and a side salad containing mixed greens and raspberries.,530.00,430.00,0.500
dish_1559674074,pizza,140.98,53.00,Slice of pepperoni pizza on a plate,300.00,125.00,1.000
dish_1559674689,honeydew melons,63.72,177.00,Plate of diced honeydew melon,50.00,150.00,1.000
dish_1559674781,grapes | honeydew melons,81.66,203.00,A plate with pieces of honeydew melon and green grapes,90.00,200.00,1.000
dish_1559674866,honeydew melons | grapes | caesar salad,125.66,303.00,Plate containing a salad with croutons and a side of diced honeydew melon and grapes.,175.00,210.00,1.000
dish_1559675101,brussels sprouts,13.33,31.00,Plate with three Brussels sprouts.,10.00,20.00,1.000
dish_1559675146,brussels sprouts | carrot,19.07,45.00,Plate with shredded carrots and Brussels sprouts.,35.00,70.00,1.000
dish_1559675178,carrot | cherry tomatoes | brussels sprouts,28.97,100.00,"Plate with carrots, cherry tomatoes, and Brussels sprouts",47.00,130.00,1.000
dish_1559675234,carrot | bell peppers | cherry tomatoes | brussels sprouts,36.97,120.00,"Plate with raw vegetables including carrots, cherry tomatoes, Brussels sprouts, and bell pepper.",65.00,115.00,1.000
dish_1559675268,cherry tomatoes | carrot | bell peppers | brussels sprouts | cucumbers,39.37,144.00,A small portion of salad ingredients on a plate,42.00,150.00,1.000
dish_1559678083,cucumbers | carrot | garlic | cherry tomatoes,75.81,66.00,Mixed green salad,20.00,50.00,0.000
dish_1559678104,broccoli,99.96,135.00,Plate of mixed salad greens and broccoli.,30.00,80.00,1.000
dish_1559678127,eggplant | broccoli,108.64,170.00,"Mixed salad with greens, broccoli, and grilled eggplant",75.00,140.00,1.000
dish_1559678146,beef | broccoli,348.58,284.00,"Plate with mixed salad, roasted vegetables, broccoli, and beef.",300.00,360.00,0.667
dish_1559678330,spinach (raw),169.69,150.00,Salad with spinach leaves and red bell peppers,15.00,35.00,0.500
dish_1559678367,broccoli | spinach (raw),192.44,215.00,Salad with spinach and broccoli,50.00,120.00,1.000
dish_1559678405,beef,552.35,386.00,"A meal with sliced steak, spinach, broccoli, and possibly rice with greens.",385.00,305.00,0.000
dish_1559678457,beef,624.24,465.00,"Plate with steak, spinach salad, broccoli, and cooked grains.",465.00,370.00,0.000
dish_1559678629,ketchup | fish,89.38,80.00,A meal consisting of grilled fish on a bed of salad.,170.00,130.00,0.500
dish_1559678651,ketchup | fish | caesar salad,107.86,122.00,Plate with grilled chicken and mixed salad,170.00,190.00,0.000
dish_1559700851,spinach (raw),61.09,54.00,Plate of mixed green salad with some carrots.,20.00,50.00,0.000
dish_1559751458,yam,152.64,123.00,Plate of roasted sweet potatoes,160.00,200.00,0.000
dish_1559751552,yam,227.31,254.00,Plate with roasted sweet potatoes and mixed berries.,185.00,275.00,0.000
dish_1559751710,,37.62,66.00,A plate with a few raspberries and blackberries.,35.00,45.00,
dish_1559751744,eggs,227.33,188.00,Scrambled eggs with raspberries and blackberries on a plate,245.00,250.00,1.000
dish_1559751775,eggs | yam,309.24,254.00,"A meal consisting of scrambled eggs, roasted sweet potatoes, and mixed berries.",380.00,320.00,0.333
dish_1559751801,yam | eggs | chicken apple sausage,451.64,343.00,"A meal consisting of scrambled eggs, sausages, roasted sweet potatoes, and mixed berries.",580.00,360.00,0.500
dish_1559838214,bacon,43.28,8.00,A small portion of bacon on a plate.,80.00,20.00,1.000
dish_1559838279,bacon,103.70,114.00,A small serving of mixed berries with a piece of bacon.,78.00,85.00,1.000
dish_1559838402,sweet potato | yam,222.76,233.00,"A plate with roasted vegetables, berries, and bacon.",250.00,215.00,0.000
dish_1559841023,chicken apple sausage,73.60,46.00,Three meatballs on a plate,150.00,90.00,0.000
dish_1559841061,chicken apple sausage,96.39,99.00,A meal with blackberries and sausage pieces.,110.00,100.00,1.000
dish_1559841091,chicken apple sausage | sweet potato | yam,163.42,166.00,"Plate with roasted potatoes, sausages, and blackberries",360.00,260.00,0.667
dish_1559841127,scrambled eggs | yam | chicken apple sausage | sweet potato,339.54,285.00,"Plate with scrambled eggs, roasted potatoes, blackberries, and sausage pieces.",560.00,400.00,0.750
dish_1559841163,scrambled eggs | yam | sweet potato | chicken apple sausage,357.04,335.00,"A meal with scrambled eggs, sausage, blackberries, roasted potatoes, and broccoli.",520.00,380.00,0.600
dish_1559841571,cereal,18.80,5.00,Small portion of ring-shaped cereal on a plate,40.00,10.00,1.000
dish_1559841781,grapes,45.02,43.00,Plate with grape tomatoes and cereal rings,70.00,115.00,0.500
dish_1559841808,grapes | mandarin oranges,73.11,96.00,"Plate with grapes, Cheerios, and a mandarin orange",90.00,140.00,0.667
dish_1559841870,pears,114.97,201.00,A single pear on a plate.,100.00,178.00,1.000
dish_1559841891,grapes | pears,163.96,272.00,A plate with grapes and a pear.,150.00,280.00,1.000
dish_1559841908,grapes | broccoli | pears,175.16,304.00,"Plate with grapes, broccoli, and a pear.",185.00,330.00,1.000
dish_1559841950,broccoli,11.20,32.00,Plate with steamed broccoli florets,15.00,50.00,1.000
dish_1559841979,broccoli | mandarin oranges,39.29,85.00,Plate with a mandarin orange and broccoli florets.,67.00,170.00,1.000
dish_1559842047,broccoli | pears | mandarin oranges,153.69,285.00,"A small meal consisting of a pear, a mandarin orange, and broccoli florets.",160.00,330.00,1.000
dish_1559842274,almonds,306.39,53.00,A small pile of almonds on a plate,200.00,35.00,1.000
dish_1559842326,almonds | mandarin oranges,334.48,106.00,A plate containing almonds and a clementine.,245.00,110.00,0.333
dish_1559842374,almonds | mandarin oranges,345.33,137.00,"Plate with broccoli, a mandarin, and almonds.",280.00,235.00,0.667
dish_1559842409,mandarin oranges | almonds,359.19,179.00,"Plate with almonds, strawberries, broccoli, and a mandarin orange.",285.00,320.00,0.667
dish_1559843030,,25.41,77.00,Plate of sliced strawberries,25.00,75.00,
dish_1559843052,mandarin oranges,53.50,130.00,A small portion of fruit consisting of one mandarin and several sliced strawberries.,70.00,176.00,1.000
dish_1559843185,mandarin oranges | broccoli,64.35,161.00,"Plate with broccoli, a mandarin, and sliced strawberries.",75.00,220.00,1.000
dish_1559843222,grapes | broccoli | mandarin oranges,111.27,229.00,"Plate with broccoli, mandarin orange, strawberries, and cherry tomatoes.",105.00,310.00,0.500
dish_1559843335,,25.41,77.00,A few sliced strawberries on a plate.,15.00,50.00,
dish_1559843492,broccoli,31.71,95.00,Plate containing broccoli and strawberries,30.00,90.00,1.000
dish_1559843690,potatoes | broccoli,61.74,134.00,"Plate with a portion of broccoli, strawberries, and roasted potatoes.",65.00,90.00,1.000
dish_1559843715,potatoes | pears,176.14,334.00,A plate with a variety of fruits and vegetables.,175.00,320.00,0.667
dish_1559844030,,25.41,77.00,Sliced strawberries on a plate,25.00,50.00,
dish_1559844063,pears,139.81,277.00,A meal consisting of a pear and sliced strawberries on a plate.,130.00,280.00,1.000
dish_1559844090,pears | mandarin oranges,168.43,331.00,"Plate with a pear, sliced strawberries, and a mandarin orange.",167.00,341.00,1.000
dish_1559844113,pears | mandarin oranges | almonds,312.96,356.00,"A plate with a pear, strawberries, almonds, and a mandarin.",246.00,392.00,1.000
dish_1559844272,almonds,462.48,80.00,A bowl of almonds.,200.00,35.00,1.000
dish_1559844323,grapes | almonds,518.37,161.00,Plate with almonds and red grapes,490.00,170.00,1.000
dish_1559844366,almonds | grapes,529.22,192.00,"Plate with almonds, cherry tomatoes, and broccoli florets.",330.00,260.00,0.250
dish_1559844458,grapes,55.89,81.00,Plate of cherry tomatoes,30.00,150.00,0.000
dish_1559844479,mandarin oranges | grapes,83.45,133.00,A plate with a small mandarin orange and a handful of red grapes.,100.00,175.00,1.000
dish_1559844490,grapes | mandarin oranges,108.36,180.00,"Plate with strawberries, a mandarin orange, and cherry tomatoes.",80.00,240.00,0.333
dish_1559844506,mandarin oranges | grapes,98.96,180.00,"Plate with strawberries, grapes, and a mandarin orange",142.00,320.00,1.000
dish_1559844611,grapes,55.89,81.00,A plate of red grapes.,70.00,120.00,1.000
dish_1559844657,potatoes | grapes,122.11,167.00,Plate with roasted potatoes and red grapes.,190.00,220.00,1.000
dish_1559844683,broccoli | potatoes | grapes,132.96,198.00,"Plate with broccoli, roasted potatoes, and red grapes.",265.00,330.00,1.000
dish_1559844928,potatoes,66.22,86.00,Plate of roasted potato cubes,130.00,100.00,1.000
dish_1559844951,almonds | potatoes,274.34,122.00,Plate with roasted almonds and roasted potatoes,350.00,135.00,1.000
dish_1559845018,almonds | mandarin oranges | potatoes,302.43,175.00,"Plate with roasted potatoes, almonds, and a clementine.",385.00,260.00,0.500
dish_1559845046,potatoes | mandarin oranges | almonds,313.63,207.00,"Plate with roasted potatoes, almonds, broccoli, and a clementine.",455.00,310.00,0.400
dish_1559845290,potatoes,66.22,86.00,Plate with roasted potatoes,75.00,100.00,1.000
dish_1559845370,potatoes | mandarin oranges,94.31,139.00,A meal consisting of roasted potato cubes and a mandarin orange.,190.00,280.00,1.000
dish_1559845399,potatoes | mandarin oranges,107.18,178.00,"Plate with roasted potatoes, a mandarin, and sliced strawberries.",205.00,260.00,1.000
dish_1559845513,potatoes | pears | mandarin oranges,222.15,379.00,Plate with mixed fruits and roasted potatoes.,295.00,390.00,0.500
dish_1559845745,pears | potatoes,208.14,322.00,Plate with a whole apple and roasted potato pieces,245.00,332.00,0.333
dish_1559845767,pears | mandarin oranges | potatoes,236.23,375.00,"A meal consisting of roasted potatoes, a mandarin orange, and a pear.",320.00,410.00,1.000
dish_1559846034,broccoli,11.20,32.00,Plate with a small portion of steamed broccoli.,15.00,40.00,1.000
dish_1559846073,mandarin oranges | broccoli,39.29,85.00,A small portion of broccoli and one mandarin orange on a plate.,70.00,150.00,1.000
dish_1559846099,mandarin oranges | almonds | broccoli,206.94,114.00,"Plate with almonds, a tangerine, and broccoli.",220.00,180.00,0.500
dish_1559846311,pears,114.97,201.00,A single pear on a plate.,103.00,178.00,1.000
dish_1559846334,pears | broccoli,126.17,233.00,A small meal with broccoli and a pear.,117.00,230.00,1.000
dish_1559846363,broccoli | pears | mandarin oranges,154.26,286.00,"A simple meal consisting of broccoli, a pear, and a mandarin orange.",160.00,316.00,1.000
dish_1559846450,pears,114.97,201.00,A single pear on a plate,102.00,180.00,1.000
dish_1559846504,broccoli | pears,126.17,233.00,A plate with broccoli florets and a pear.,130.00,280.00,1.000
dish_1559846528,pears | almonds,322.73,267.00,"The meal consists of broccoli, a pear, and almonds on a plate.",240.00,270.00,0.667
dish_1559846585,pears,114.97,201.00,A single pear on a plate,102.00,178.00,1.000
dish_1559846688,arugula,82.83,73.00,"Salad with mixed greens, beets, roasted vegetables, nuts, and a dollop of cream or cheese.",190.00,155.00,0.000
dish_1559846825,pizza,252.70,95.00,Two small slices of pizza with toppings.,150.00,80.00,1.000
dish_1559848857,mandarin oranges,28.09,53.00,A plate with a single clementine.,35.00,75.00,0.000
dish_1559848882,mandarin oranges | pears,143.06,254.00,A meal consisting of a pear and a mandarin orange.,149.00,266.00,1.000
dish_1559848929,pears | grapes | mandarin oranges,189.29,321.00,"A plate with grapes, a mandarin orange, and a pear.",201.00,366.00,1.000
dish_1559849020,grapes,46.23,67.00,Plate of cherry tomatoes,30.00,150.00,0.000
dish_1559849053,grapes | almonds,381.53,125.00,Plate with grapes and almonds,235.00,95.00,1.000
dish_1559849097,almonds | pears | grapes,495.93,325.00,"Plate with grape tomatoes, almonds, and a pear.",240.00,318.00,1.000
dish_1559849412,almonds,352.64,61.00,A plate of almonds.,210.00,35.00,1.000
dish_1559849466,pears | almonds,467.61,262.00,Plate with almonds and a pear,400.00,200.00,1.000
dish_1559849497,almonds | pears | grapes,521.43,340.00,"Plate with almonds, red grapes, and a pear.",355.00,305.00,1.000
dish_1559849537,grapes | pears | mandarin oranges | almonds,549.52,393.00,Plate with a variety of fruits and nuts.,410.00,385.00,0.600
dish_1559850283,almonds,271.71,47.00,A plate of almonds.,210.00,35.00,1.000
dish_1559850314,almonds,296.62,100.00,A small plate containing a mandarin and almonds.,217.00,130.00,0.500
dish_1559850338,almonds,307.12,130.00,"Plate with broccoli, almonds, and a small tomato",205.00,150.00,0.333
dish_1559925037,bacon,54.10,10.00,Single strip of cooked bacon on a plate.,42.00,8.00,1.000
dish_1559925083,yam | sweet potato | bacon,125.14,81.00,Plate with roasted sweet potatoes and bacon strips,250.00,150.00,0.667
dish_1559925174,,88.35,155.00,"A plate of mixed berries including strawberries, blueberries, blackberries, and raspberries.",45.00,120.00,
dish_1559932674,,58.28,124.00,A single orange on a plate,62.00,130.00,
dish_1559933793,brussels sprouts,56.68,111.00,Roasted Brussels sprouts on a plate,90.00,150.00,1.000
dish_1559933818,brussels sprouts,115.07,154.00,A plate with roasted Brussels sprouts and mixed green salad.,170.00,210.00,1.000
dish_1559933834,salmon | lentils | brussels sprouts | mayonnaise,775.03,458.00,"Meal with roasted Brussels sprouts, mixed greens salad, and cooked salmon.",350.00,280.00,0.500
dish_1559934477,caesar salad,25.08,57.00,Caesar salad with a piece of roasted chicken or similar protein.,125.00,70.00,0.000
dish_1559934645,caesar salad,24.64,56.00,A small portion of Caesar salad with croutons on a plate.,80.00,50.00,1.000
dish_1559934679,chicken thighs | caesar salad,160.85,146.00,A meal with a portion of Caesar salad and a piece of roasted or grilled chicken.,350.00,250.00,1.000
dish_1559934708,chicken thighs | white rice | caesar salad,202.45,178.00,"Plate with rice, salad, and a piece of grilled chicken.",390.00,270.00,0.667
dish_1560203400,pepperoni pizza,293.28,104.00,A slice of pepperoni pizza on a white plate.,285.00,150.00,1.000
dish_1560203424,pepperoni pizza | brownies,451.75,138.00,A meal consisting of a slice of pepperoni pizza and a piece of brownie.,400.00,180.00,0.333
dish_1560270537,pineapple,24.00,48.00,A few pieces of pineapple on a plate.,30.00,60.00,1.000
dish_1560270585,pineapple | watermelon,43.80,114.00,Plate with watermelon and pineapple cubes.,70.00,320.00,1.000
dish_1560270630,pineapple | watermelon | sweet potato,120.56,215.00,"Plate with roasted potatoes, watermelon chunks, and pineapple chunks.",320.00,350.00,1.000
dish_1560356314,spinach (raw),30.54,27.00,Simple spinach salad with shredded carrots,8.00,30.00,0.500
dish_1560356337,yam,144.72,119.00,"Plate with roasted sweet potatoes, spinach, and carrots",170.00,160.00,0.000
dish_1560356355,bacon | yam,301.61,148.00,"A plate with roasted sweet potatoes, cooked bacon, and a spinach salad with shredded carrots.",300.00,190.00,0.250
dish_1560356523,bacon,497.72,92.00,Plate with multiple strips of cooked bacon,240.00,80.00,1.000
dish_1560356566,scrambled eggs | bacon,676.80,213.00,Scrambled eggs with bacon,330.00,180.00,1.000
dish_1560356627,scrambled eggs | bacon | sausage,980.05,301.00,"Plate with scrambled eggs, bacon strips, and sausage pieces.",450.00,210.00,1.000
dish_1560357267,scrambled eggs,566.84,383.00,Plate of scrambled eggs with a sauce or stew on top,390.00,250.00,0.500
dish_1560357297,sausage | scrambled eggs,942.45,492.00,Plate of scrambled eggs with sausage pieces.,550.00,300.00,1.000
dish_1560357427,grapefruit juice,93.75,241.00,Glass of orange juice,120.00,240.00,1.000
dish_1560357792,waffles,145.15,50.00,Two waffle quarters on a plate,220.00,90.00,1.000
dish_1560357832,waffles,181.35,82.00,Waffles with salad on a plate,330.00,190.00,1.000
dish_1560360030,scrambled eggs,193.88,131.00,Plate of scrambled eggs,200.00,150.00,1.000
dish_1560360055,sausage | scrambled eggs,362.73,180.00,Plate of scrambled eggs and sausage slices,450.00,250.00,1.000
dish_1560360102,scrambled eggs | sausage,401.49,248.00,"Plate with scrambled eggs, sausage slices, and mixed berries.",400.00,280.00,1.000
dish_1560360112,scrambled eggs | sausage,401.49,248.00,"Plate with scrambled eggs, sausage slices, and mixed berries.",440.00,270.00,1.000
dish_1560360148,scrambled eggs | sausage | cream cheese | bagels,587.79,317.00,"A breakfast plate with toast topped with cream cheese, scrambled eggs, sausages, and mixed berries.",650.00,340.00,0.750
dish_1560366389,arugula,46.91,38.00,A small portion of arugula salad with a cherry tomato.,8.00,30.00,0.500
dish_1560366410,arugula,58.74,96.00,Plate with arugula salad and steamed asparagus.,35.00,100.00,1.000
dish_1560366438,eggplant | arugula,71.93,136.00,"Plate with a salad, eggplant, and asparagus.",75.00,140.00,1.000
dish_1560366460,pork,330.74,255.00,"A meal with chicken breast, salad, grilled vegetables, and asparagus.",285.00,260.00,0.000
dish_1560366963,cherry tomatoes,7.56,42.00,A small serving of grape tomatoes on a plate.,9.00,54.00,1.000
dish_1560366998,honeydew melons | cherry tomatoes,39.60,131.00,A small assortment of fruit and cherry tomatoes on a plate.,50.00,92.00,0.500
dish_1560367085,honeydew melons | tofu | cherry tomatoes,77.56,183.00,"A small portion meal with vegetables, eggs, and melon.",85.00,120.00,0.400
dish_1560367116,tofu | honeydew melons | fish | cherry tomatoes,108.41,211.00,"A small mixed meal with fruits, vegetables, and meat pieces.",145.00,200.00,0.333
dish_1560367153,honeydew melons | tofu | fish | cherry tomatoes,117.18,254.00,"A plate with asparagus, mixed grilled vegetables, cherry tomatoes, and melon pieces.",90.00,190.00,0.400
dish_1560367193,honeydew melons | cherry tomatoes | fish | mushroom | tofu,131.04,317.00,"A meal consisting of asparagus, tomatoes, melon, sweet potatoes, and sautéed mushrooms.",125.00,250.00,0.500
dish_1560367258,tofu | fish | mushroom | cherry tomatoes | honeydew melons,157.99,341.00,"Plate with asparagus, stuffed peppers, mushrooms, and greens.",155.00,210.00,0.167
dish_1560367296,tofu | fish | mushroom | honeydew melons,184.38,362.00,"Plate with grilled asparagus, salad, roasted vegetables, and mushroom topping.",180.00,310.00,0.200
dish_1560367333,fish | chicken | tofu | honeydew melons,291.63,427.00,"Plate with assorted vegetables, chicken, and mushrooms.",225.00,300.00,0.200
dish_1560367676,pork | brown rice,430.62,198.00,"A meal consisting of sliced chicken breast, steamed broccoli, and rice.",230.00,250.00,0.250
dish_1560367698,white rice | pork,556.72,295.00,"Plate with slices of meat, broccoli, and white rice.",400.00,340.00,0.333
dish_1560367715,pork | croutons | white rice,597.53,305.00,"Plate with grilled chicken, broccoli, croutons, and white rice.",530.00,370.00,0.400
dish_1560367733,white rice | croutons | pork | potatoes,661.44,388.00,"A meal consisting of rice, roasted meat with broccoli and croutons, and sweet potato wedges.",650.00,450.00,0.750
dish_1560367904,fish | country rice,76.02,69.00,A piece of cooked chicken with some garnish.,150.00,100.00,0.000
dish_1560367926,fish | pizza,408.52,194.00,A plate with a slice of pizza and a piece of chicken wing.,375.00,175.00,0.333
dish_1560367952,fish | pizza,414.73,221.00,"Flatbread pizza with melted cheese, sausage, pepperoni, and a large amount of fresh spinach on top.",460.00,250.00,0.333
dish_1560367980,pizza | fish,421.47,254.00,"A plate with spinach, asparagus, and a slice of pizza.",280.00,215.00,0.333
dish_1560368019,pizza | fish,436.97,301.00,"Plate with pizza slice, chicken wings, roasted eggplant, green beans, and spinach.",520.00,395.00,0.167
dish_1560368110,cherry tomatoes,16.02,89.00,Plate of cherry tomatoes,35.00,150.00,1.000
dish_1560368138,cherry tomatoes | mushroom,23.50,123.00,Plate of tomatoes and a portion of mushrooms,50.00,200.00,1.000
dish_1560368162,cherry tomatoes | mushroom | eggplant,41.64,178.00,"Plate with cherry tomatoes, roasted eggplant, and shredded chicken.",140.00,330.00,0.500
dish_1560368395,honeydew melons,49.32,137.00,A small serving of sliced honeydew melon.,20.00,50.00,1.000
dish_1560368464,honeydew melons | pork,349.45,275.00,Plate with slices of grilled chicken and diced cucumber.,160.00,170.00,0.000
dish_1560368506,fish | honeydew melons | pork | country rice,462.93,378.00,"Meal with sliced chicken, a vegetable or fruit side, and a casserole or layered dish with cheese.",380.00,330.00,0.167
dish_1560368570,honeydew melons | pork | fish,555.93,452.00,"Plate with roasted chicken, mixed greens, and diced cucumber.",295.00,270.00,0.000
dish_1560368691,arugula,140.76,112.00,Arugula salad with a few pieces of cheese.,65.00,80.00,0.500
dish_1560368712,arugula,146.88,142.00,Plate of mixed greens with asparagus,24.00,110.00,0.000
dish_1560368738,eggplant | arugula,174.25,225.00,"Salad with grilled eggplant, asparagus, and leafy greens",95.00,170.00,0.500
dish_1560368764,tofu | eggplant,207.10,270.00,"Salad with grilled eggplant, asparagus, arugula, and tofu.",140.00,230.00,0.667
dish_1560368815,eggplant | tofu | spinach (raw),400.34,442.00,"Salad with mixed greens, tofu cubes, green beans, and roasted eggplant.",170.00,280.00,0.500
dish_1560368944,pork,143.54,66.00,"Plate with small portions of cooked chicken, rice, and leafy greens.",125.00,100.00,0.000
dish_1560368972,pork | white rice,196.84,107.00,Plate with a small portion of rice and chicken with vegetables.,180.00,130.00,0.333
dish_1560368990,white rice | pork,211.92,119.00,"Plate with green vegetables, cooked rice, and a piece of grilled chicken.",240.00,220.00,0.250
dish_1560369008,pork | white rice | caesar salad,223.80,146.00,"Plate with rice, salad with lettuce and croutons, roasted meat, and green leafy vegetables.",310.00,280.00,0.200
dish_1560369080,spinach (raw),55.05,49.00,Plate with a small portion of mixed greens salad.,10.00,25.00,0.000
dish_1560369102,spinach (raw),69.74,121.00,Salad with asparagus and mixed greens,35.00,150.00,0.000
dish_1560369122,spinach (raw) | honeydew melons,92.06,183.00,"Plate with asparagus, salad greens, and diced potatoes",90.00,210.00,0.000
dish_1560369146,pork,474.83,359.00,"A plate with grilled chicken, brown rice, asparagus, broccoli, and mixed salad greens.",415.00,390.00,0.000
dish_1560369255,pork,132.67,61.00,"A small portion of rice, two slices of meat, and a few green and brown pieces on a plate.",155.00,105.00,0.000
dish_1560369273,fish | pork | country rice,308.95,221.00,"A meal with mixed meats, green pepper, and rice on a plate.",425.00,280.00,0.167
dish_1560369294,country rice | fish | pork,333.64,342.00,"Plate with grilled chicken, asparagus, shrimp, and possible pork.",545.00,480.00,0.200
dish_1560369313,fish | white rice | country rice | pork,392.14,387.00,"A meal consisting of rice, asparagus, roasted meat, and possibly chicken with nuts.",395.00,310.00,0.250
dish_1560369403,fish | white rice | pork | country rice,411.97,405.00,"Plate with rice, asparagus, roast meat, and stir-fried vegetables.",490.00,330.00,0.200
dish_1560369421,pork | fish | country rice | white rice,413.95,411.00,"Plate with grilled chicken, rice, asparagus, and stir-fried vegetables.",460.00,410.00,0.200
dish_1560370114,,7.96,39.00,Plate with cooked asparagus spears.,20.00,80.00,
dish_1560370137,arugula,89.64,104.00,Salad with asparagus and arugula,17.00,40.00,0.500
dish_1560370804,ice cream cones,25.13,6.00,A single plain waffle on a plate.,100.00,40.00,0.000
dish_1560370833,frozen yogurt,177.00,99.00,A small dessert item appears to be a pastry or tart with chocolate topping on a plate.,250.00,90.00,0.000
dish_1560441247,bok choy,2.21,17.00,Small portion of cooked vegetable on a plate,10.00,15.00,0.000
dish_1560441270,bok choy | potatoes,24.54,46.00,Small plate with roasted potatoes and grilled vegetables.,70.00,60.00,0.333
dish_1560441288,potatoes | bacon,165.20,72.00,Plate with roasted potatoes and bacon strips,170.00,80.00,1.000
dish_1560441311,bacon | quinoa | potatoes,190.40,93.00,"Plate with bacon, potato pieces, and quinoa or similar grain.",270.00,190.00,1.000
dish_1560441339,bacon | quinoa | potatoes | scrambled eggs,280.68,154.00,"A breakfast plate with scrambled eggs, bacon, roasted potatoes, and vegetables with quinoa.",460.00,280.00,1.000
dish_1560441464,,28.50,50.00,Plate with strawberries and blueberries,7.00,17.00,
dish_1560441487,cantaloupe,41.42,88.00,A small portion of mixed fresh fruit.,30.00,80.00,1.000
dish_1560441511,watermelon | cantaloupe,51.92,123.00,"A plate of assorted fruits including watermelon, cantaloupe, and blueberries.",45.00,160.00,1.000
dish_1560441529,cantaloupe | watermelon | pineapple,66.42,152.00,"Fruit salad with watermelon, melon, pineapple, and blueberries.",75.00,250.00,0.500
dish_1560442226,,83.79,147.00,A small serving of mixed berries on a plate,30.00,60.00,
dish_1560442258,bacon,289.37,185.00,A plate with bacon strips and mixed berries.,160.00,130.00,1.000
dish_1560442279,quinoa | bacon,333.77,222.00,"Plate with bacon, quinoa, and mixed berries.",300.00,185.00,1.000
dish_1560442303,scrambled eggs | quinoa | bacon,444.77,297.00,"A breakfast plate with scrambled eggs, bacon, fruit, and quinoa.",510.00,320.00,0.750
dish_1560442374,grapefruit juice,90.64,233.00,"A glass of orange liquid, likely juice, on a table.",110.00,240.00,1.000
dish_1560442450,yogurt,87.76,149.00,Bowl of plain yogurt,150.00,200.00,1.000
dish_1560443437,,116.28,204.00,"Plate of mixed berries including strawberries, raspberries, blueberries, and blackberries.",75.00,185.00,
dish_1560443474,pineapple,172.78,317.00,"Plate of mixed fruits including raspberries, blackberries, strawberries, blueberries, and pineapple.",115.00,225.00,1.000
dish_1560443537,pineapple | grapes,237.64,411.00,"Plate with a mixed fruit salad including raspberries, pineapple chunks, blueberries, blackberries, and grapes.",135.00,305.00,1.000
dish_1560443565,honeydew melons | pineapple | grapes,260.68,475.00,"A plate of mixed fruit salad consisting of melon, berries, and pineapple.",200.00,525.00,1.000
dish_1560443607,grapes | honeydew melons | egg whites | pineapple,380.80,706.00,Fruit salad with mixed berries and pieces of white cheese.,280.00,325.00,0.200
dish_1560444570,scrambled eggs,168.72,114.00,A plate with scrambled eggs,150.00,100.00,1.000
dish_1560444592,scrambled eggs | yam,244.42,175.00,A plate with scrambled eggs and roasted sweet potatoes.,330.00,200.00,0.333
dish_1560444616,scrambled eggs | yam,265.87,240.00,"Plate with scrambled eggs, strawberries, and roasted sweet potatoes.",290.00,280.00,0.333
dish_1560444637,bacon | yam | scrambled eggs,509.32,285.00,"Breakfast plate with bacon, scrambled eggs, strawberries, and sweet potatoes.",660.00,360.00,0.500
dish_1560444701,watermelon,51.00,170.00,Cubed watermelon on a plate,45.00,300.00,1.000
dish_1560444724,watermelon | honeydew melons,113.28,343.00,A plate with cubed honeydew melon and watermelon.,75.00,250.00,1.000
dish_1560444756,honeydew melons | pineapple | watermelon,150.78,418.00,Plate with assorted fruit pieces,75.00,250.00,1.000
dish_1560444785,bacon | watermelon | honeydew melons | pineapple,313.08,448.00,Plate with mixed fruit and bacon.,180.00,400.00,1.000
dish_1560444815,honeydew melons | watermelon | scrambled eggs | bacon | pineapple,495.12,571.00,"A breakfast plate with scrambled eggs, bacon, and assorted fruit.",355.00,380.00,1.000
dish_1560444869,honeydew melons,14.04,39.00,Small portion of melon pieces on a plate,15.00,50.00,1.000
dish_1560444892,honeydew melons | pineapple,39.54,90.00,A small portion of diced pineapple and honeydew melon.,25.00,55.00,1.000
dish_1560444914,honeydew melons | pineapple | watermelon,62.34,166.00,"Plate with assorted fruit pieces: watermelon, pineapple, and honeydew melon.",65.00,190.00,1.000
dish_1560444931,watermelon | honeydew melons | pineapple | scrambled eggs,112.66,200.00,"A meal consisting of scrambled eggs, watermelon, pineapple, and melon on a white plate.",165.00,290.00,1.000
dish_1560444948,watermelon | pineapple | scrambled eggs | honeydew melons,171.32,231.00,"A meal consisting of scrambled eggs, pineapple, watermelon, honeydew melon, and a small side salad with carrots, tomatoes, and spinach.",260.00,330.00,0.800
dish_1560444967,honeydew melons | yam | scrambled eggs | pineapple | watermelon,197.38,252.00,"Plate with scrambled eggs, mixed fruits, and cooked vegetables.",280.00,360.00,0.667
dish_1560444985,honeydew melons | pineapple | watermelon | yam | scrambled eggs,198.94,264.00,"Plate with scrambled eggs, mixed fruit, and vegetables.",220.00,310.00,0.667
dish_1560445004,watermelon | scrambled eggs | bacon | pineapple | yam,339.60,290.00,"A meal consisting of scrambled eggs, bacon, mixed vegetables, and assorted fruits.",305.00,340.00,0.571
dish_1560445069,grapefruit juice,94.53,243.00,A glass of orange or tomato juice.,70.00,200.00,1.000
dish_1560453132,spinach (raw),142.09,108.00,"Salad with mixed greens, carrots, blueberries, and seeds",25.00,65.00,0.000
dish_1560453150,spinach (raw) | green beans,152.32,141.00,"Plate with green beans and a mixed salad with blueberries, carrots, and pumpkin seeds.",85.00,140.00,0.333
dish_1560453174,chicken | spinach (raw),329.72,256.00,"A meal consisting of a chicken drumstick, green beans, and a mixed salad.",330.00,270.00,0.250
dish_1560453275,chicken,92.55,60.00,A small portion of grilled vegetables and cooked meat on a plate.,70.00,50.00,0.000
dish_1560453294,kimchi | chicken,115.95,138.00,"Small portion of fish, kimchi, and a cherry tomato on a plate.",70.00,80.00,0.250
dish_1560453328,kimchi | brown rice | chicken | salmon,340.11,264.00,"Plate with grilled chicken, kimchi, grilled vegetables, and a cherry tomato.",255.00,260.00,0.333
dish_1560453356,chicken | brown rice | salmon | kimchi | tomatoes,389.07,408.00,"A meal with grilled meat, cherry tomatoes, kimchi, and grilled vegetables.",370.00,380.00,0.333
dish_1560453380,brown rice | green beans | tomatoes | chicken | kimchi | salmon,411.39,480.00,"Plate with grilled fish, green beans, cherry tomatoes, and kimchi",280.00,400.00,0.429
dish_1560453412,salmon | tomatoes | chicken | wild rice,591.08,631.00,"Plate with mixed vegetables, red rice, and chicken.",560.00,450.00,0.600
dish_1560454488,garlic | cucumbers | cherry tomatoes | carrot,48.24,42.00,A small portion of mixed salad greens with a few pieces of orange segments.,15.00,35.00,0.000
dish_1560454513,green beans,54.44,62.00,Plate with green beans and a mixed salad.,25.00,80.00,1.000
dish_1560454539,green beans | wild rice,122.27,119.00,"Plate with brown rice, green beans, and mixed salad with mandarin slices.",225.00,250.00,0.667
dish_1560454562,corn | fish | wild rice,318.82,299.00,"A meal with fish, rice, green beans, and a side salad.",485.00,350.00,0.400
dish_1560454970,cherry tomatoes,9.90,55.00,A plate with four grape tomatoes.,12.00,40.00,1.000
dish_1560455000,cherry tomatoes | cucumbers,12.80,84.00,A small salad with cucumber slices and cherry tomatoes.,25.00,70.00,1.000
dish_1560455030,cherry tomatoes | cucumbers | baby carrots,20.59,103.00,"A salad with shredded carrots, sliced cucumbers, and cherry tomatoes.",30.00,100.00,1.000
dish_1560455059,cherry tomatoes | baby carrots | celery | cucumbers,25.55,134.00,"A vegetable salad with carrots, cherry tomatoes, cucumbers, and celery.",45.00,120.00,1.000
dish_1560455090,celery | chicken | cherry tomatoes | baby carrots,60.20,155.00,"A plate with shredded carrots, slices of cucumber, cherry tomatoes, chopped celery, and diced chicken breast.",119.00,240.00,0.800
dish_1560455158,arugula,69.12,55.00,Plate with arugula and a few black olives,15.00,50.00,1.000
dish_1560455179,honeydew melons,103.32,150.00,A plate with a small salad and pieces of honeydew melon.,130.00,200.00,0.500
dish_1560455203,green beans | honeydew melons,115.10,188.00,"A plate with green beans, arugula salad, and diced melon with a few olives or seeds.",65.00,120.00,0.667
dish_1560455224,honeydew melons | green beans | wild rice,181.74,244.00,"A meal consisting of rice with green beans, a leafy green salad, and diced melon.",260.00,300.00,0.500
dish_1560455263,chicken | wild rice | honeydew melons,360.68,360.00,"Meal with chicken, mixed salad, melon, rice and greens.",320.00,360.00,0.750
dish_1560455343,spinach (raw),53.94,41.00,A plate with a small serving of mixed salad greens.,10.00,30.00,0.000
dish_1560455380,chard | spinach (raw),60.97,78.00,Mixed green salad with shredded carrots,25.00,65.00,0.000
dish_1560455399,fish | chard,138.50,149.00,Grilled meat with mixed green salad,300.00,250.00,0.000
dish_1560455421,corn on the cob | fish,180.94,189.00,Grilled salmon with a side salad and corn on the cob.,370.00,305.00,0.333
dish_1560455442,corn on the cob | pizza | fish,457.58,293.00,"A meal consisting of pizza slices, grilled chicken, a salad, and corn on the cob.",560.00,370.00,0.500
dish_1560456305,lettuce | pumpkin seeds | arugula | carrot,26.39,21.00,A small portion of arugula on a plate.,5.00,10.00,0.250
dish_1560456326,chicken,206.87,138.00,A meal consisting of a piece of roasted chicken and a side of arugula on a plate.,260.00,170.00,0.500
dish_1560456348,chicken,210.28,149.00,"A meal with roasted chicken, green beans, and arugula.",275.00,210.00,0.333
dish_1560456370,chicken | white rice,258.38,186.00,"Meal with chicken, rice, green beans, and arugula",405.00,310.00,0.500
dish_1560456794,corn | fish,205.28,188.00,"Meal with fish, herbs, and vegetables",150.00,150.00,0.333
dish_1560456814,fish | corn | wild rice,318.33,283.00,Plate with a serving of mixed rice and grilled chicken with herbs.,550.00,330.00,0.250
dish_1560456833,broccoli | fish | wild rice | corn,351.58,378.00,"Plate with brown rice, broccoli, and chicken with vegetables.",405.00,370.00,0.400
dish_1560456853,broccoli | fish | corn | caesar salad | wild rice,405.70,501.00,"A plate with Caesar salad, broccoli, rice, and chicken with sauce.",680.00,520.00,0.500
dish_1560526408,spinach (raw),67.10,51.00,Small mixed green salad on a plate,60.00,60.00,0.000
dish_1560526447,spinach (raw),88.59,70.00,Mixed green salad with spinach and lettuce.,25.00,70.00,0.500
dish_1560526472,spinach (raw),113.67,114.00,"Salad composed of mixed greens, spinach, strawberries, and blueberries.",30.00,90.00,1.000
dish_1560526490,spinach (raw) | pineapple,141.67,170.00,"Salad with mixed greens, spinach, strawberries, and pineapple.",55.00,140.00,1.000
dish_1560526514,potatoes | pineapple | spinach (raw),183.25,224.00,"Salad with mixed greens, pineapple chunks, strawberries, and roasted potatoes",165.00,210.00,1.000
dish_1560526530,sausage | potatoes | pineapple,245.28,242.00,"Plate with mixed salad, pineapple, strawberries, and roasted potatoes.",180.00,210.00,0.667
dish_1560526552,sausage | pineapple | potatoes | scrambled eggs,359.24,319.00,"Plate with scrambled eggs, salad, potatoes, and fruit.",440.00,440.00,0.600
dish_1560527070,potatoes,53.13,69.00,Plate with a few pieces of roasted potatoes,70.00,50.00,1.000
dish_1560527105,potatoes,92.73,104.00,A small portion of roasted potatoes with a mixed salad of spinach and carrots.,100.00,110.00,0.500
dish_1560527140,potatoes | bacon,276.67,138.00,"Meal with bacon, roasted potatoes, and a spinach salad.",270.00,160.00,0.667
dish_1560527168,potatoes | bacon,322.84,219.00,"Plate with bacon, roasted potatoes, and a mixed salad with fruits",330.00,210.00,0.667
dish_1560527191,bacon | potatoes | sausage,663.99,318.00,"A mixed plate with bacon, sausage, salad, roasted potatoes, strawberries, and blueberries.",415.00,330.00,0.750
dish_1560527225,potatoes | bacon | sausage | scrambled eggs,937.79,503.00,"Breakfast plate with scrambled eggs, bacon, sausages, vegetables, potatoes, and strawberries.",730.00,460.00,0.800
dish_1560527745,yogurt,87.76,149.00,Bowl of yogurt,150.00,200.00,1.000
dish_1560527950,watermelon,23.10,77.00,A small portion of diced watermelon on a plate,20.00,100.00,1.000
dish_1560529804,watermelon,15.30,51.00,Plate with watermelon cubes,30.00,150.00,1.000
dish_1560529825,watermelon,52.92,117.00,"Plate with diced watermelon, raspberries, and blackberries.",55.00,150.00,1.000
dish_1560529844,sweet potato | watermelon,91.68,168.00,Plate with fruit and roasted sweet potatoes,235.00,345.00,1.000
dish_1560539314,fish | quinoa,165.74,158.00,Plate with breaded chicken on a bed of spinach,210.00,120.00,0.000
dish_1560539340,caesar salad | quinoa | fish,196.54,228.00,A plate with a serving of salad and quinoa.,300.00,220.00,0.667
dish_1560539368,quinoa | carrot | caesar salad | fish,238.81,314.00,"Plate with roasted carrots, couscous, and a side salad.",215.00,250.00,0.200
dish_1560539396,fish | quinoa | caesar salad | carrot | roasted potatoes,384.04,417.00,"Plate with roasted potatoes, glazed carrots, salad, and breaded chicken.",510.00,420.00,0.333
dish_1560541680,arugula,95.05,77.00,A plate of arugula salad with visible nuts and dressing.,110.00,70.00,0.500
dish_1560541706,arugula | cauliflower,110.80,140.00,Plate with arugula salad and romanesco pieces,35.00,80.00,0.333
dish_1560541760,white rice | chicken,465.58,372.00,"Salad with greens and nuts, green vegetable, and roasted meat with sauce.",380.00,270.00,0.000
dish_1560541793,carrot | chicken,509.83,462.00,"Plate with arugula salad, roasted chicken with sauce, and steamed vegetables including carrots and Romanesco broccoli.",520.00,380.00,0.500
dish_1560543465,caesar salad,33.88,77.00,Small portion of Caesar salad with chicken and olives.,130.00,80.00,0.333
dish_1560543505,tomatoes | caesar salad,66.18,172.00,Caesar salad with cherry tomatoes,95.00,150.00,1.000
dish_1560543525,tomatoes | caesar salad,83.43,187.00,"Salad with lettuce, cherry tomatoes, olives, and tuna.",85.00,130.00,0.250
dish_1560543557,tomatoes | caesar salad,87.87,191.00,"Plate with Caesar salad, cherry tomatoes, brown rice, and olives.",290.00,230.00,0.667
dish_1560543583,fish | tomatoes | quinoa | caesar salad,254.66,350.00,"A meal consisting of a salad, cherry tomatoes, olives, brown rice, and a quinoa and vegetable mixture.",375.00,420.00,0.400
dish_1560543605,chicken | tomatoes | caesar salad | quinoa | fish,485.57,501.00,"A mixed meal with a variety of items including salad, rice, quinoa, roasted vegetables, cherry tomatoes, and chicken.",600.00,490.00,0.667
dish_1560543625,chicken | roasted potatoes | caesar salad | fish | tomatoes,560.30,554.00,"Plate with salad, chicken drumstick, potatoes, rice, and vegetables.",640.00,460.00,0.571
dish_1560543682,roasted potatoes,121.26,86.00,Small portion of roasted potatoes on a plate,80.00,100.00,1.000
dish_1560543704,roasted potatoes | cauliflower,140.01,161.00,Plate with roasted potatoes and Romanesco broccoli,140.00,150.00,0.333
dish_1560543729,cauliflower | roasted potatoes | chicken,219.53,213.00,"A meal with roasted potatoes, grilled chicken, and Romanesco broccoli.",300.00,210.00,0.500
dish_1560543755,chicken | cauliflower | roasted potatoes | rice noodles,257.92,264.00,"Plate with a salad, roasted potatoes, and Romanesco broccoli.",260.00,270.00,0.200
dish_1560787696,bacon,37.87,7.00,A single strip of cooked bacon on a plate.,43.00,8.00,1.000
dish_1560787754,bacon,72.64,68.00,Plate with mixed berries and a strip of bacon,57.00,38.00,1.000
dish_1560787781,yam,108.63,97.00,"Plate with a strip of bacon, mixed berries, and roasted sweet potatoes.",93.00,58.00,0.000
dish_1560787817,yam | bagels | cream cheese,292.23,165.00,"Plate with a bagel with cream cheese, sweet potato cubes, mixed berries, and bacon.",400.00,225.00,0.200
dish_1560788338,yogurt,71.27,121.00,A bowl of plain yogurt.,150.00,200.00,1.000
dish_1560788349,yogurt,78.93,134.00,Bowl of yogurt topped with sliced strawberries,110.00,150.00,1.000
dish_1560788384,yogurt,111.20,242.00,A bowl of yogurt topped with strawberries and a few blueberries.,130.00,210.00,1.000
dish_1560798656,cheese pizza,287.17,108.00,A single slice of rectangular cheese pizza on a white plate.,290.00,125.00,1.000
dish_1560798707,cheese pizza,298.02,139.00,Plate with a slice of pizza and some broccoli florets.,315.00,155.00,0.500
dish_1560798744,cheese pizza | tofu,357.15,220.00,"A meal with a slice of lasagna, tempeh, and steamed broccoli.",485.00,270.00,0.000
dish_1560798785,cheese pizza | tofu | cauliflower,379.65,310.00,"A meal consisting of lasagna, tempeh, cauliflower, and broccoli.",465.00,390.00,0.167
dish_1560798815,cheese pizza | tofu | cauliflower,404.96,341.00,"Plate with a piece of pizza, steamed vegetables, tempeh, and a small salad.",455.00,300.00,0.400
dish_1560798854,tofu | cheese pizza,455.51,372.00,"A plate of mixed salad, vegetarian pizza, roasted tempeh, and steamed cauliflower.",435.00,335.00,0.250
dish_1560798928,tofu | cheese pizza,485.04,399.00,"Plate with salad, tempeh, broccoli, and a slice of pizza",475.00,345.00,0.250
dish_1560798960,tofu | cheese pizza,493.72,429.00,"Plate with a slice of cheese pizza, mixed green salad, and roasted vegetables with tempeh.",485.00,290.00,0.333
dish_1560799113,pizza,98.42,37.00,A small slice of pepperoni pizza on a plate.,120.00,60.00,1.000
dish_1560799277,pizza | broccoli,111.02,73.00,A small piece of pizza and two broccoli florets on a plate.,170.00,110.00,1.000
dish_1560799368,pork,108.40,53.00,Small portion of meat on a plate.,150.00,100.00,0.000
dish_1560799407,pork | carrot,220.90,122.00,"A salad with spinach, mixed greens, sliced vegetables, nuts, and dressing.",180.00,110.00,0.250
dish_1560799558,pizza,196.84,74.00,Two small square slices of pizza with tomato and basil.,200.00,100.00,1.000
dish_1560799590,pizza,298.02,163.00,Meal with spinach salad and pizza slices.,450.00,300.00,0.500
dish_1560799615,squash | pizza,332.75,283.00,"A meal consisting of a salad, roasted vegetables, and slices of pizza.",570.00,420.00,0.250
dish_1560799647,pork | pizza,723.41,474.00,"A plate with a variety of food, including salad, roasted squash, meat with vegetables, and a small slice of flatbread with tomatoes.",680.00,450.00,0.000
dish_1560800836,pepperoni pizza,479.40,170.00,Slices of pepperoni pizza on a plate,600.00,300.00,1.000
dish_1560800918,kale,70.83,40.00,"A small salad with mixed greens, roasted beet, and assorted vegetables.",45.00,65.00,0.000
dish_1560800951,cauliflower | kale,102.83,168.00,Plate with mixed salad and cauliflower.,55.00,150.00,0.500
dish_1560800988,cauliflower | bulgur,314.87,230.00,"A meal consisting of mixed greens, cooked cauliflower, and a serving of brown rice.",150.00,155.00,0.333
dish_1560801020,cauliflower | chicken breast | bulgur,346.34,250.00,"A salad plate with mixed greens, grilled chicken, bulgur, cauliflower, and roasted beets.",255.00,230.00,0.750
dish_1560801041,pork | chicken breast | cauliflower | bulgur,432.24,292.00,"A meal consisting of cauliflower, chicken, salad greens, grilled eggplant, bulgur wheat, and some grilled meat.",350.00,450.00,0.600
dish_1560801773,cauliflower,13.50,54.00,A plate with a small serving of cauliflower florets.,10.00,30.00,1.000
dish_1560801797,squash | cauliflower,25.66,96.00,"Small portions of roasted potatoes, roasted pumpkin, and cauliflower on a plate",35.00,35.00,0.250
dish_1560801829,pepperoni pizza | cauliflower,256.90,178.00,"A meal consisting of a slice of pizza, roasted potato chunks, a cauliflower floret, and a piece of roasted zucchini.",265.00,145.00,0.500
dish_1560801859,pepperoni pizza | pork,428.70,262.00,"Plate with assorted items: pizza, roast pork, cauliflower, squash, and lettuce.",392.00,245.00,0.400
dish_1560801883,chicken breast | pepperoni pizza | pork,512.11,315.00,"A plate with sliced roasted meat, roasted vegetables, a piece of pepperoni pizza, and some grilled chicken.",810.00,490.00,0.500
dish_1560802006,kale,35.93,44.00,Plate with a small portion of kale salad.,25.00,30.00,1.000
dish_1560802048,squash | kale,47.21,83.00,Plate with kale salad and roasted squash.,75.00,120.00,1.000
dish_1560802092,squash | chicken breast | kale,118.03,128.00,"A meal with slices of chicken, roasted squash, and a kale salad.",280.00,230.00,1.000
dish_1560802149,chicken breast | pork,365.52,249.00,"A meal consisting of grilled chicken, roasted vegetables, and a kale salad.",330.00,250.00,0.250
dish_1560802562,lemon juice | bulgur | kale | chickpeas,8.85,5.00,A small portion of arugula on a plate.,5.00,10.00,0.000
dish_1560802730,chicken breast,101.70,64.00,Plate with a breaded chicken piece and mixed greens.,160.00,105.00,1.000
dish_1560802764,chicken breast | squash,111.83,99.00,"A meal consisting of leafy greens, a piece of grilled or baked chicken, and some roasted squash.",125.00,130.00,1.000
dish_1560802853,squash | white rice | chicken breast,136.53,118.00,"Plate with baked salmon, salad, roasted squash, and rice.",330.00,240.00,0.500
dish_1560874548,,41.04,72.00,A few strawberries and blueberries on a plate,19.00,40.00,
dish_1560874667,bacon,100.55,83.00,A plate with bacon and mixed berries.,62.00,70.00,1.000
dish_1560874726,bacon | yam,177.49,145.00,"A meal consisting of strawberries, blueberries, bacon, and sweet potato.",170.00,130.00,0.333
dish_1560874751,bacon | bagels | cream cheese | yam,379.99,220.00,"A plate with a bagel half with cream cheese, strawberries, blueberries, sliced sweet potatoes, and bacon.",320.00,205.00,0.400
dish_1560887408,pizza,324.52,122.00,A small portion of lasagna on a plate.,250.00,150.00,0.000
dish_1560887435,pizza | kale,364.53,171.00,Plate with salad and lasagna,330.00,220.00,0.333
dish_1560887457,pizza,389.26,246.00,"A plate with a small portion of roasted vegetables, leafy greens, and a slice of layered dish with sauce and cheese.",235.00,220.00,0.000
dish_1560887480,pizza | beef,668.08,374.00,"Plate with steak, roasted vegetables, kale, and pasta with tomato sauce.",500.00,350.00,0.000
dish_1560888817,roasted potatoes,47.94,34.00,A few small slices of potato with some nuts.,45.00,25.00,0.500
dish_1560888849,chicken | roasted potatoes,168.96,107.00,Chicken breast with lentils and potato slices,220.00,190.00,0.667
dish_1560888893,roasted potatoes | chicken | white rice,213.16,141.00,"Plate with chicken breast, rice, potato wedges, and pine nuts",315.00,200.00,0.750
dish_1560888930,white rice | chicken | roasted potatoes,224.93,151.00,"Plate with chicken, arugula, rice, potato, and pecans.",435.00,260.00,0.600
dish_1560889008,carrot,41.29,84.00,A small portion of sliced carrots on a plate.,10.00,20.00,1.000
dish_1560889032,carrot | chicken,246.87,208.00,"A meal consisting of chicken, cooked carrots, and grains on a plate.",220.00,180.00,0.667
dish_1560889061,carrot | chicken,402.51,281.00,"Meal with grilled chicken, mixed salad, and sliced carrots.",190.00,200.00,1.000
dish_1560961012,cream cheese | bagels,191.70,71.00,A bagel with cream cheese on a plate.,350.00,130.00,1.000
dish_1560961059,cream cheese | bagels | sweet potato,268.46,172.00,A meal consisting of roasted eggplant pieces and a bagel with cream cheese.,350.00,190.00,0.250
dish_1560961107,bagels | cream cheese | sweet potato,352.82,320.00,"A meal consisting of a bagel with cream cheese, grilled vegetables, and mixed berries.",410.00,260.00,0.250
dish_1560961179,scrambled eggs,153.92,104.00,Plate of scrambled eggs possibly with some vegetables or sauce.,180.00,120.00,1.000
dish_1560961202,scrambled eggs | broccoli,171.07,153.00,Scrambled eggs with broccoli,220.00,200.00,1.000
dish_1560961261,broccoli | scrambled eggs,192.52,218.00,"A meal consisting of scrambled eggs, broccoli, and strawberries.",205.00,270.00,1.000
dish_1560961385,sweet potato | scrambled eggs | broccoli,249.52,293.00,"A balanced meal consisting of scrambled eggs, roasted eggplant, broccoli, and strawberries on a square plate.",235.00,260.00,0.500
dish_1560973936,arugula,75.24,44.00,A salad composed of arugula and possible toppings.,20.00,50.00,1.000
dish_1560973958,pecans | lime | raisins | arugula,145.31,121.00,A meal consisting of cooked lentils and arugula salad on a plate.,165.00,160.00,0.200
dish_1560973984,broccoli,171.21,195.00,"Plate with broccoli, arugula salad, and lentils",220.00,300.00,0.333
dish_1560974009,chicken thighs | broccoli,482.98,409.00,"Plate with lasagna, broccoli, and salad",480.00,400.00,0.333
dish_1560974707,spinach (raw) | black beans,55.03,60.00,Spinach salad with cherry tomatoes and mixed vegetables,30.00,65.00,0.250
dish_1560974769,white rice,3943.33,3051.00,Spinach salad with cherry tomatoes and a side of rice.,90.00,90.00,0.500
dish_1560975346,chicken thighs,326.34,224.00,Bowl of pasta with sauce and vegetables,350.00,350.00,0.000
dish_1560975491,caesar salad,37.84,86.00,A small portion of salad on a plate.,15.00,50.00,0.000
dish_1560975517,broccoli | caesar salad,42.39,99.00,Salad with broccoli,90.00,130.00,0.333
dish_1560975572,caesar salad,96.99,159.00,Plate with salad and a mix of vegetables and rice.,275.00,240.00,0.333
dish_1560975601,chicken thighs | caesar salad,233.94,253.00,"Plate with chicken in sauce, salad, broccoli, and mixed vegetables with rice.",430.00,320.00,0.250
dish_1560975628,caesar salad | cheese pizza | chicken thighs,348.27,296.00,"Plate with salad, pizza, lasagna, broccoli, and mixed vegetable rice.",770.00,545.00,0.333
dish_1560976044,,124.67,137.00,A small portion of cooked grains with vegetables.,200.00,180.00,0.000
dish_1561049320,bacon,102.79,19.00,Plate with three strips of bacon.,120.00,30.00,1.000
dish_1561049373,scrambled eggs | bacon,290.75,146.00,Plate with scrambled eggs and strips of bacon.,430.00,180.00,1.000
dish_1561049409,bacon | scrambled eggs,317.78,197.00,"A breakfast meal with scrambled eggs, bacon, and raspberries.",360.00,260.00,1.000
dish_1561049435,cantaloupe | scrambled eggs | bacon,338.18,257.00,"Breakfast plate with scrambled eggs, bacon, cantaloupe, honeydew, and raspberries.",395.00,290.00,0.750
dish_1561060448,cheese pizza,109.02,41.00,Small slice of pizza on a plate,100.00,50.00,1.000
dish_1561060477,pineapple | cheese pizza,141.02,105.00,A meal consisting of pineapple chunks and a piece of baked lasagna.,280.00,230.00,0.333
dish_1561060503,pineapple | cheese pizza,145.31,138.00,"A plate with pineapple chunks, cooked green vegetables, and a piece of baked dish with cheese on top.",260.00,250.00,0.667
dish_1561060531,brussels sprouts | cheese pizza | pineapple,162.08,177.00,"A meal consisting of a slice of pizza, pineapple chunks, Brussels sprouts, and bok choy.",335.00,280.00,0.750
dish_1561060558,pineapple | brussels sprouts | tofu | cheese pizza,194.20,221.00,"A diverse meal with pizza, pineapple, Brussels sprouts, tofu stir fry, and bok choy.",430.00,410.00,0.800
dish_1561060613,salmon | pineapple | cheese pizza | tofu | brussels sprouts,323.67,304.00,"A meal with a slice of pizza, cooked vegetables, tofu stir-fry, roasted vegetable, pineapple chunks, and green vegetables.",380.00,360.00,0.571
dish_1561060642,pasta | beef | tofu | pineapple | salmon | cheese pizza,468.41,387.00,"A varied meal with pasta, vegetables, pizza, tofu, and a vegetable casserole.",660.00,670.00,0.444
dish_1561060703,pasta | pineapple | salmon | tofu | cheese pizza | beef,538.47,445.00,"A plate with a variety of foods including salad, tofu, pineapple, Brussels sprouts, melon, pizza, and casserole.",550.00,430.00,0.300
dish_1561060787,brussels sprouts,46.46,91.00,A small portion of cooked Brussels sprouts on a plate.,40.00,80.00,1.000
dish_1561060925,brussels sprouts | tofu,93.91,156.00,Plate with roasted Brussels sprouts and mixed vegetables.,200.00,250.00,0.333
dish_1561060976,salmon | tofu | brussels sprouts | brown rice,265.51,266.00,"Plate with roasted Brussels sprouts, a side of sautéed vegetables, and salmon with rice.",450.00,320.00,0.400
dish_1561061123,tofu | salmon | bulgur | brussels sprouts,399.43,357.00,"Plate with salmon, Brussels sprouts, mixed salad, and tofu stir-fry.",480.00,440.00,0.750
dish_1561061593,kale,42.46,52.00,Small portion of chopped leafy greens,15.00,30.00,0.000
dish_1561061630,bulgur | kale,186.68,150.00,"Plate with two types of salads, one with arugula, berries and the other with kale and cheese.",190.00,250.00,0.333
dish_1561061658,brussels sprouts | kale | bulgur,226.00,227.00,"Plate with a mixed green salad, Brussels sprouts, and kale salad.",190.00,320.00,0.667
dish_1561061687,salmon | brown rice | brussels sprouts | bulgur,508.35,408.00,"A meal with baked salmon, Brussels sprouts, and mixed greens including arugula and kale, with olives and peppers.",400.00,340.00,0.400
dish_1561062171,pasta | beef,101.14,58.00,Small portion of pasta with sauce and a leaf of spinach,61.00,42.00,0.333
dish_1561062237,beef | pasta | salmon,182.26,110.00,"Partial serving of pasta with sauce, small piece of meat, and a bit of lettuce.",112.00,85.00,0.250
dish_1561062286,beef | pasta | white rice | salmon,256.36,167.00,"A meal with rice, a small portion of salad with dressing, and penne pasta with meat.",300.00,205.00,0.500
dish_1561062320,white rice | salmon | beef | pasta,307.87,202.00,"Plate with salad, rice, grilled chicken, and potato wedges.",455.00,335.00,0.167
dish_1561062555,apple | shallots | bulgur | lemon juice | arugula | garlic,47.09,32.00,"Salad with leafy greens, black olives, and red berries",20.00,25.00,0.000
dish_1561062586,white rice,121.19,89.00,Plate with salad and a small serving of rice,60.00,80.00,1.000
dish_1561134102,watermelon,24.30,81.00,Plate with watermelon pieces,30.00,150.00,1.000
dish_1561134128,watermelon,58.50,141.00,"A plate with watermelon cubes, strawberries, and blueberries.",50.00,210.00,1.000
dish_1561134156,watermelon | sweet potato,118.54,220.00,"A plate with roasted potatoes, strawberries, blueberries, and watermelon.",173.00,310.00,1.000
dish_1561145732,orange with peel,19.70,67.00,A single orange on a plate.,62.00,120.00,0.000
dish_1561146758,bagels,232.50,93.00,A plain bagel on a plate,250.00,100.00,1.000
dish_1561146781,bagels | apple,300.10,223.00,A meal consisting of a bagel and an apple on a plate.,345.00,270.00,1.000
dish_1561147944,arugula,42.37,34.00,Small portion of mixed salad greens with a few carrot shreds.,20.00,35.00,0.000
dish_1561147967,cheese pizza,177.98,85.00,Slice of pizza and small side salad,205.00,130.00,0.500
dish_1561147997,cheese pizza,185.18,133.00,A small piece of pizza with cooked zucchini and a mixed green salad.,245.00,190.00,0.500
dish_1561148021,cheese pizza | ground turkey,361.77,216.00,"A meal with a slice of pizza, stuffed mushroom, zucchini, and mixed salad.",315.00,230.00,0.250
dish_1561148042,ground turkey | cheese pizza,370.76,245.00,"A meal consisting of green beans, squash, rice-stuffed mushroom caps, mixed salad, and a slice of pizza.",330.00,270.00,0.200
dish_1561148303,cheese pizza,119.65,45.00,Single slice of cheese pizza on a plate,285.00,120.00,1.000
dish_1561148336,cheese pizza,128.10,68.00,A meal consisting of a small slice of cheese pizza and a small side salad.,210.00,115.00,0.500
dish_1561148481,cheese pizza | ground turkey,281.28,140.00,"A meal consisting of a slice of pizza, a small salad, and a serving of a mushroom and rice dish.",465.00,260.00,0.333
dish_1561392386,sausage,175.75,51.00,Plate with small sausages,150.00,80.00,1.000
dish_1561392410,sausage | broccoli,187.30,84.00,"Plate with broccoli, meatballs, and a small amount of cheese.",230.00,170.00,0.250
dish_1561392430,sausage | broccoli,208.75,149.00,"A meal consisting of strawberries, broccoli, meatballs, and scrambled eggs.",230.00,290.00,0.250
dish_1561392459,sausage | scrambled eggs,395.23,275.00,"Meal with scrambled eggs, sausage, broccoli, and fruit",455.00,360.00,0.500
dish_1561392512,,42.75,75.00,Plate with strawberry pieces and blueberries.,15.00,45.00,
dish_1561392543,radishes | garlic | bell peppers | cucumbers,126.00,119.00,"A small salad with mixed greens and carrots, with strawberries and blueberries on the side.",45.00,70.00,0.000
dish_1561392570,broccoli,149.80,187.00,"A plate with a salad, broccoli, strawberries, and blueberries.",80.00,150.00,0.500
dish_1561392593,broccoli | scrambled eggs,354.04,325.00,"A plate with scrambled eggs, broccoli, and a fruit mixture including strawberries, blueberries, and greens.",340.00,400.00,0.667
dish_1561392632,bacon | scrambled eggs,500.11,352.00,"Scrambled eggs with bacon, mixed fruit, and broccoli.",370.00,320.00,0.667
dish_1561392710,watermelon,31.80,106.00,Plate with cut watermelon pieces,30.00,150.00,1.000
dish_1561392734,watermelon,84.24,198.00,"A plate of watermelon, strawberries, and blueberries.",55.00,250.00,1.000
dish_1561393550,cottage cheese,172.48,176.00,Bowl of cottage cheese.,120.00,150.00,1.000
dish_1561393619,cottage cheese,234.04,284.00,Bowl of mixed strawberries and blueberries over a base that appears to be yogurt.,100.00,200.00,0.000
dish_1561393649,pineapple | cottage cheese,271.54,359.00,"A fruit salad with blueberries, strawberries, and pineapple chunks in a bowl.",75.00,140.00,0.500
dish_1561393715,broccoli,17.15,49.00,Roasted broccoli florets on a plate,30.00,50.00,1.000
dish_1561393741,broccoli | scrambled eggs,188.83,165.00,Plate with scrambled eggs and roasted broccoli.,220.00,160.00,1.000
dish_1561393764,broccoli | scrambled eggs | bacon,280.80,182.00,"A meal consisting of scrambled eggs, bacon, and roasted broccoli.",380.00,230.00,1.000
dish_1561404438,cauliflower | garlic | lime,366.07,169.00,"Plate with pieces of cooked beef, roasted potatoes, and sautéed spinach.",240.00,180.00,0.000
dish_1561404458,carrot,410.31,259.00,"Plate with roasted meat, carrots, and potatoes.",380.00,350.00,0.500
dish_1561404485,carrot,511.37,349.00,Grilled meat with roasted vegetables and salad,310.00,270.00,1.000
dish_1561404505,carrot | broccoli,543.92,442.00,"Plate with grilled chicken, roasted potatoes, steamed broccoli, carrots, and a mixed green salad.",470.00,410.00,0.500
dish_1561404924,kale,31.84,39.00,Small portion of cooked leafy greens with cheese.,50.00,70.00,0.000
dish_1561404956,chicken | kale,97.60,82.00,Small portion of cooked chicken with a side of kale salad.,180.00,110.00,1.000
dish_1561405008,chicken | kale,156.43,134.00,"Meal with grilled chicken, green salad, and creamy vegetable dish.",320.00,270.00,0.333
dish_1561405034,chicken | kale,178.28,153.00,"Plate with grilled chicken, leafy greens with carrots, sautéed greens, and olives.",280.00,250.00,0.250
dish_1561405332,broccoli,18.55,53.00,A plate with three broccoli florets.,10.00,30.00,1.000
dish_1561405356,broccoli | chicken | white rice,206.65,176.00,"Chicken with sauce, broccoli, and greens on a plate.",175.00,160.00,0.667
dish_1561405389,broccoli | chicken,265.98,223.00,"Plate with roasted chicken, broccoli, and arugula salad.",330.00,275.00,0.667
dish_1561405411,broccoli | chicken,332.06,282.00,"Plate with couscous, chicken, broccoli, arugula salad, and chickpeas.",450.00,320.00,0.500
dish_1561405836,cheese pizza,82.43,31.00,Small piece of cheese pizza on a plate,150.00,70.00,1.000
dish_1561405864,cheese pizza | chicken,197.12,106.00,Slice of pizza and chicken with some vegetables on a plate.,350.00,180.00,1.000
dish_1561405887,cheese pizza | chicken | carrot,213.34,139.00,"A meal with a slice of pizza, some chicken pieces, and grilled vegetables.",370.00,230.00,0.500
dish_1561405912,cheese pizza | chicken,270.88,196.00,"A meal with pizza, chicken, roasted peppers, and a salad.",430.00,290.00,0.667
dish_1561405934,cheese pizza | chicken | broccoli,287.33,243.00,"A meal consisting of a slice of pizza, broccoli, grilled chicken, salad, and grilled bell peppers.",445.00,420.00,0.750
dish_1561406762,carrot,17.21,35.00,Plate with a small serving of cooked carrots,30.00,50.00,1.000
dish_1561406789,white rice | carrot,184.91,164.00,Plate with white rice and glazed carrots.,280.00,250.00,1.000
dish_1561406817,carrot | white rice,273.39,243.00,"Plate with rice, couscous with nuts and vegetables, and roasted carrots.",550.00,400.00,0.667
dish_1561407208,chicken,44.35,29.00,Small portion of leftover cooked meat with some sauce and spices,50.00,20.00,0.000
dish_1561407249,chicken,73.88,56.00,Plate with a small salad and a piece of grilled meat,180.00,110.00,0.000
dish_1561407283,chicken | carrot,88.63,86.00,"Plate with cooked carrots, salad, and a small piece of chicken",140.00,150.00,1.000
dish_1561407312,chicken | carrot,127.83,121.00,"A plate with couscous, roasted carrots, a small piece of chicken, and a mixed salad.",360.00,270.00,1.000
dish_1561480391,,64.41,113.00,Plate of mixed berries including raspberries and blackberries,27.00,55.00,
dish_1561480414,turkey bacon,125.16,129.00,Plate with mixed berries and a strip of bacon or similar meat.,105.00,95.00,1.000
dish_1561480439,turkey bacon | pineapple,155.16,189.00,"A plate with mixed berries, pineapple chunks, and a slice of bacon.",120.00,165.00,1.000
dish_1561480460,pineapple | scrambled eggs | turkey bacon,285.40,277.00,"A plate with scrambled eggs, raspberries, blackberries, sliced meat, and mango cubes.",350.00,330.00,0.250
dish_1561481577,bacon,200.17,37.00,Plate with bacon strips,125.00,30.00,1.000
dish_1561481606,bacon | scrambled eggs,354.09,141.00,Scrambled eggs with bacon on a plate,400.00,210.00,1.000
dish_1561481634,scrambled eggs | bacon | yam,462.06,228.00,"Plate with scrambled eggs, bacon, and roasted sweet potatoes.",530.00,350.00,0.500
dish_1561481673,honeydew melons | yam | bacon | scrambled eggs,496.62,324.00,"Plate with scrambled eggs, bacon, sweet potatoes, and melon pieces.",530.00,350.00,0.600
dish_1561491121,spinach (raw),31.46,28.00,Small spinach and pear salad on a plate,15.00,30.00,0.500
dish_1561491154,fish,166.14,158.00,Meal consisting of cooked spinach and chicken,165.00,150.00,0.000
dish_1561491180,fish | wild rice,236.35,217.00,"Plate with rice, cooked chicken, and spinach",375.00,300.00,0.250
dish_1561491210,wild rice | fish | cauliflower,251.10,276.00,"Plate with rice, cooked greens, seasoned chicken, and Romanesco broccoli.",400.00,370.00,0.200
dish_1561492161,spinach (raw),48.31,43.00,Plate with a small portion of cooked spinach.,10.00,30.00,1.000
dish_1561492182,fried rice,250.17,171.00,A plate of yellow rice and a side of leafy greens.,225.00,200.00,1.000
dish_1561492204,fried rice | chicken | millet,488.64,334.00,"Plate with seasoned rice, fresh greens, and a piece of sauced protein with crumbled topping.",450.00,320.00,0.250
dish_1561492228,chicken | fish | fried rice,648.18,488.00,"Plate with rice, salad, and a piece of baked dish.",600.00,350.00,0.667
dish_1561492519,banana with peel | wheat bread,271.32,206.00,A slice of brown bread and a banana on a plate.,195.00,155.00,1.000
dish_1561492628,caesar salad,13.64,31.00,Small portion of a salad with lettuce and dressing.,45.00,30.00,0.000
dish_1561492665,caesar salad | fish,81.95,93.00,Small portion of lasagna and Caesar salad on a plate,230.00,150.00,0.333
dish_1561492687,fish | caesar salad | fried rice,105.61,108.00,"Small portion of rice, pizza slice, and salad on a plate.",320.00,190.00,0.250
dish_1561492703,caesar salad | fried rice | fish,113.13,134.00,"A meal consisting of salad, rice, potato, and pizza slice.",400.00,270.00,0.200
dish_1561493975,arugula,130.85,106.00,"Plate with a green leafy salad containing arugula, nuts, and cheese.",110.00,60.00,0.333
dish_1561494001,squash | arugula,162.69,216.00,A plate with roasted vegetables and a green salad.,110.00,150.00,0.000
dish_1561494032,arugula | squash | cauliflower,185.44,307.00,Plate with roasted vegetables and salad.,160.00,270.00,0.000
dish_1561567053,watermelon,26.10,87.00,Plate with watermelon cubes,18.00,100.00,1.000
dish_1561567086,watermelon | yam,142.75,181.00,Plate with roasted sweet potatoes and watermelon cubes.,160.00,300.00,0.333
dish_1561574215,lettuce,93.24,134.00,"Mixed green salad with cherry tomatoes, red onion, and possibly feta cheese.",55.00,85.00,0.000
dish_1561574368,caesar salad,22.00,50.00,Small portion of Caesar salad,60.00,50.00,1.000
dish_1561574394,caesar salad | arugula,61.50,82.00,A partial plate of Caesar salad and green salad with olives.,80.00,120.00,0.500
dish_1561574428,caesar salad | arugula | cauliflower,84.00,172.00,"A plate with a serving of Caesar salad, steamed broccoli and cauliflower, and a green salad with blueberries.",250.00,230.00,0.667
dish_1561574456,caesar salad | cheese pizza | cauliflower,203.66,217.00,"A meal consisting of pizza, caesar salad, steamed vegetables, and mixed greens.",440.00,315.00,1.000
dish_1561574479,beef | cauliflower | cheese pizza | caesar salad,363.61,293.00,"A mixed plate with pizza, meat, steamed vegetables, Caesar salad, and green salad.",525.00,360.00,0.750
dish_1561574600,eggplant,32.98,100.00,Plate of grilled or roasted eggplant pieces.,50.00,120.00,1.000
dish_1561574623,eggplant | chicken,117.60,152.00,Grilled eggplant and chicken skewers on a plate.,210.00,220.00,1.000
dish_1561574783,arugula,29.63,24.00,A small portion of leafy greens on a plate,10.00,20.00,0.000
dish_1561574815,arugula | lettuce,74.85,89.00,"A salad with mixed greens, cherry tomatoes, red onions, avocado, feta cheese, and cucumber.",95.00,145.00,0.000
dish_1561574848,chicken,182.26,155.00,"Salad with mixed greens, cherry tomatoes, cheese, and chicken slices",190.00,200.00,0.333
dish_1561574974,eggplant,50.13,152.00,Plate of roasted eggplant and possibly other vegetables.,45.00,100.00,1.000
dish_1561575033,chicken | eggplant,354.45,339.00,"Plate with mixed salad containing grains, chicken, and roasted vegetables.",370.00,270.00,0.667
dish_1561575068,eggplant | chicken,421.94,436.00,"Mixed salad with grilled chicken, greens, cherry tomatoes, cheese, and walnuts.",335.00,240.00,0.200
dish_1561575170,cauliflower,42.75,171.00,Plate of cooked cauliflower with parsley garnish,25.00,100.00,1.000
dish_1561575192,arugula | cauliflower,122.99,236.00,A plate consisting of mixed greens and cauliflower.,50.00,150.00,0.500
dish_1561575274,millet | beef,305.18,145.00,Plate with meat rolls containing rice and herbs,350.00,200.00,0.000
dish_1561575300,bell peppers | millet | beef,326.78,199.00,Meal with stuffed meat rolls and green bell peppers.,365.00,250.00,0.250
dish_1561575327,roasted potatoes | beef,453.68,289.00,"A plate with stuffed meat, cooked potatoes, and sliced green bell pepper.",520.00,450.00,0.250
dish_1561575347,roasted potatoes | pizza | beef,554.76,327.00,"A meal with bell pepper strips, pizza slice, grilled meat, and roasted potatoes.",385.00,320.00,0.500
dish_1561575410,cauliflower,16.00,64.00,Small portion of cooked cauliflower on a plate,15.00,30.00,1.000
dish_1561575445,eggplant | cauliflower,35.46,123.00,A small portion of cooked cauliflower and eggplant.,35.00,90.00,1.000
dish_1561575474,eggplant | roasted potatoes | cauliflower,120.06,183.00,"A small portion of mixed vegetables including cauliflower, eggplant, carrot, and potato.",70.00,125.00,0.750
dish_1561575506,roasted potatoes | beef,562.04,393.00,"Plate with slices of cooked beef, roasted potatoes, cauliflower, and eggplant.",365.00,290.00,0.500
dish_1561575613,arugula,86.41,70.00,"A small salad with mixed greens, walnuts, and blueberries.",75.00,50.00,0.000
dish_1561575661,beef,418.95,228.00,Meal with a beef dish and a side salad.,400.00,220.00,0.500
dish_1561575688,beef | roasted potatoes,607.89,362.00,"Steak with rice, mixed green salad with nuts and berries, and roasted potatoes.",800.00,450.00,0.250
dish_1561575908,cheese pizza,106.36,40.00,A piece of lasagna on a square plate.,250.00,150.00,0.000
dish_1561575951,cheese pizza | beef,213.70,91.00,A meal with a portion of lasagna and rice with vegetables.,350.00,230.00,0.000
dish_1561575977,parmesan cheese | beef | cheese pizza,261.08,102.00,"Plate with a piece of lasagna, rice with green vegetables, and sliced cheese.",570.00,330.00,0.200
dish_1561575996,parmesan cheese | beef | cheese pizza,290.98,128.00,"Plate with lasagna, olives, parmesan cheese, and a serving of rice with vegetables.",700.00,400.00,0.200
dish_1561576026,parmesan cheese | roasted potatoes | beef | cheese pizza,330.46,156.00,"A meal with lasagna, olives, risotto with greens and cheese slices.",550.00,340.00,0.167
dish_1561576051,chicken | beef | roasted potatoes | parmesan cheese | cheese pizza,367.89,179.00,"A plate with a slice of lasagna, kalamata olives, rice with vegetables, cheese slices, and a piece of chicken.",630.00,380.00,0.250
dish_1561576074,beef | cheese pizza | roasted potatoes | chicken | parmesan cheese,374.55,216.00,"A meal with lasagna, olives, cherry tomatoes, chicken, pineapple, and a grain dish.",555.00,455.00,0.111
dish_1561576212,roasted potatoes,145.23,103.00,Plate with a small portion of roasted potatoes.,60.00,50.00,1.000
dish_1561576257,roasted potatoes,180.88,134.00,Small portion of roasted potatoes and marinated olives.,75.00,90.00,0.500
dish_1561576295,roasted potatoes,249.07,232.00,"Meal with salad, roasted potatoes, and olives",260.00,210.00,1.000
dish_1561576320,chicken | roasted potatoes,494.80,383.00,"Plate with grapes, roasted potatoes, chicken salad, and mixed green salad.",420.00,370.00,0.667
dish_1561576449,cauliflower,77.00,308.00,A plate of cooked cauliflower.,50.00,150.00,1.000
dish_1561576483,cauliflower | beef,209.60,371.00,A meal consisting of cauliflower florets and a small portion of cooked meat with herbs.,175.00,250.00,0.500
dish_1561576590,squash,29.23,101.00,"Small portion of mixed vegetables including broccoli, bell peppers, cherry tomato, and zucchini.",40.00,60.00,0.000
dish_1561576618,squash | eggplant,57.92,188.00,Mixed roasted vegetables with a small potato on a plate.,135.00,240.00,0.167
dish_1561576652,cauliflower | squash | eggplant,91.42,322.00,"A plate with a mix of roasted or steamed vegetables, including cauliflower, zucchini, eggplant, broccoli, and cherry tomatoes.",95.00,320.00,0.333
dish_1561576680,cauliflower | chicken | squash | eggplant,307.86,455.00,"A meal consisting of roasted cauliflower, mixed vegetables, and a leafy salad with dressing",270.00,310.00,0.200
dish_1561576707,eggplant | caesar salad | chicken | cauliflower | squash,324.14,492.00,"A meal consisting of steamed cauliflower, grilled vegetables, romaine lettuce salad with dressing, and a creamy salad with grains.",275.00,350.00,0.125
dish_1561576737,squash | eggplant | chicken | cauliflower,357.47,519.00,"Plate with roasted vegetables, salad greens, cauliflower florets, and a creamy dish.",330.00,280.00,0.200
dish_1561576767,squash | eggplant | cauliflower | chicken | pineapple,408.47,621.00,A plate with various vegetables and salad items.,280.00,400.00,0.500
dish_1561576794,beef | chicken | pineapple | cauliflower,654.72,738.00,"Plate with mixed vegetables, salad, roast beef, and potato salad.",555.00,475.00,0.333
dish_1561576887,eggplant,15.50,47.00,Plate with roasted eggplant pieces and a small dollop of sauce.,50.00,80.00,1.000
dish_1561576916,eggplant | arugula,78.46,98.00,A meal consisting of a mixed green salad and grilled eggplant.,90.00,150.00,0.500
dish_1561576954,chicken,345.34,262.00,"Plate with green salad, potato salad, and roasted eggplant.",340.00,340.00,0.000
dish_1561576978,chicken | beef,511.61,341.00,"A meal with roasted meat, green salad, potato salad, and roasted vegetables.",600.00,510.00,0.000
dish_1561577083,cheese pizza,98.38,37.00,Slice of cheese pizza on a plate.,180.00,80.00,1.000
dish_1561577119,tofu | cheese pizza,128.31,78.00,A small piece of cheese pizza and a few cubes of tofu on a plate.,200.00,130.00,1.000
dish_1561577146,cheese pizza | tofu,154.24,99.00,"A small piece of cheese pizza, mixed greens salad, and tofu cubes.",260.00,160.00,1.000
dish_1561577177,tofu | cheese pizza | roasted potatoes,234.61,156.00,"Plate with a slice of pizza, salad, tofu cubes, and roasted potatoes",365.00,240.00,1.000
dish_1561577198,tofu | roasted potatoes | cheese pizza,240.54,174.00,"A meal consisting of a small slice of pizza, tofu cubes, salad, roasted potatoes, and grilled eggplant.",350.00,290.00,0.750
dish_1561577219,tofu | chicken | cheese pizza | roasted potatoes,308.89,216.00,"The meal consists of tofu cubes, mixed greens, roasted potatoes, a slice of pizza, eggplant, and a grain salad.",290.00,255.00,0.500
dish_1561577549,pizza,130.34,49.00,A small slice of pizza with tomato and cheese.,80.00,40.00,1.000
dish_1561577573,beef | pizza,755.43,346.00,A plate with several slices of cooked beef and a piece of pizza.,600.00,325.00,1.000
dish_1561577598,beef | pizza,813.45,393.00,"Plate with beef steak, side salad, and a slice of pizza.",415.00,290.00,0.667
dish_1561577678,beef | millet,218.89,104.00,Plate with pieces of cooked meat.,200.00,100.00,0.000
dish_1561577701,cauliflower | beef,258.64,263.00,A meal consisting of cooked cauliflower and slices of cooked beef.,235.00,220.00,1.000
dish_1561577731,mushroom | cauliflower | beef,274.26,334.00,"Plate with cooked beef, cauliflower, and mushroom sauce.",340.00,260.00,1.000
dish_1561577848,chicken,413.35,254.00,Chicken salad with leafy greens and dressing.,290.00,200.00,1.000
dish_1561577947,chicken,623.20,424.00,"Plate with sliced chicken, salad, and pasta.",500.00,370.00,0.500
dish_1561578156,eggplant,31.99,97.00,Chopped cooked eggplant on a plate,40.00,100.00,1.000
dish_1561578188,cauliflower | eggplant,57.99,201.00,A meal consisting of cooked eggplant and mashed potatoes on a white plate.,170.00,270.00,0.333
dish_1561578226,eggplant | cauliflower,119.22,289.00,"Plate with a portion of sauteed eggplant, cauliflower, and a mixed green salad with spinach and possibly some apple pieces.",175.00,190.00,1.000
dish_1561578344,cheese pizza,144.26,86.00,A small piece of pizza with a side salad.,300.00,170.00,0.500
dish_1561578373,cheese pizza | caesar salad,164.50,132.00,"A plate with one slice of pizza, Caesar salad, and mixed green salad.",410.00,240.00,1.000
dish_1561578394,cheese pizza | beef | caesar salad,276.04,185.00,"Plate with pizza, Caesar salad, and mixed salad with roast beef.",550.00,330.00,0.750
dish_1561578417,caesar salad | cheese pizza | beef,289.79,240.00,"Meal with pizza slice, Caesar salad, mixed green salad, roast beef, and mashed potatoes.",700.00,440.00,0.750
dish_1561578441,caesar salad | roasted potatoes | beef | cheese pizza,387.08,309.00,"A plate with assorted foods including pizza, Caesar salad, mixed green salad, roasted potatoes, cauliflower, and a slice of beef.",700.00,410.00,0.800
dish_1561578461,beef | roasted potatoes | cheese pizza | chicken,522.15,392.00,"Plate with pizza slice, Caesar salad, pasta salad, roasted potatoes, steak, cauliflower, and mixed green salad.",910.00,540.00,0.286
dish_1561578570,beef,136.80,65.00,Small serving of steak with herbs on a plate,120.00,70.00,0.000
dish_1561578603,roasted potatoes | beef,180.51,96.00,A small portion of meat with green sauce and two pieces of roasted potato on a plate.,220.00,135.00,1.000
dish_1561578623,roasted potatoes | beef | cauliflower,208.51,208.00,"Plate with steak, cauliflower, and roasted potatoes",285.00,220.00,0.667
dish_1561578676,cauliflower | roasted potatoes | beef,212.03,224.00,"Plate with cooked meat, mushrooms, cauliflower, and roasted potatoes.",290.00,290.00,0.500
dish_1561578775,cheese pizza,295.15,111.00,Piece of cheese pizza,180.00,100.00,1.000
dish_1561578800,cheese pizza,338.35,146.00,Plate with a slice of pizza and a small side salad.,300.00,150.00,0.500
dish_1561578839,cheese pizza | broccoli,362.15,214.00,"A meal plate with salad, grilled vegetables, and pizza.",305.00,250.00,1.000
dish_1561578865,pasta | broccoli | cheese pizza,417.19,246.00,"Pizza with side salad, roasted cherry tomatoes, broccoli, and penne pasta.",420.00,320.00,0.750
dish_1561579505,cauliflower,31.50,126.00,Mashed potatoes on a plate,70.00,100.00,0.000
dish_1561579576,cauliflower | eggplant,78.00,267.00,Meal with sautéed eggplant and steamed cauliflower.,130.00,190.00,1.000
dish_1561579617,eggplant | cauliflower | roasted potatoes,130.17,304.00,"A plate with roasted eggplant, boiled cauliflower, and a piece of boiled potato.",170.00,280.00,1.000
dish_1561579673,cauliflower | roasted potatoes | eggplant | chicken,221.30,360.00,"A plated meal consisting of roasted eggplant, mashed cauliflower, a piece of roasted potato, and cooked chicken breast.",400.00,450.00,1.000
dish_1561579706,eggplant | beef | roasted potatoes | chicken | cauliflower,284.44,390.00,"A plate with roasted eggplant, chicken, cauliflower, potatoes, and a slice of meatloaf or similar dish.",485.00,520.00,0.667
dish_1561579824,beef,185.21,88.00,Small portion of cooked steak on a plate.,100.00,60.00,0.000
dish_1561579845,beef | chicken,307.26,163.00,A small portion of meat with mashed potatoes and greens.,255.00,155.00,0.000
dish_1561579867,beef | chicken,369.36,217.00,"Plate with steak, cooked red kidney beans, and a piece of grilled fish with sauce.",370.00,250.00,0.000
dish_1561579902,chicken | beef,406.40,247.00,"A meal with salad, roasted meat, grapes, and a potato wedge with sauce.",305.00,300.00,0.000
dish_1561579933,chicken | beef,447.45,306.00,"Plate with salad, steak slices, olives, and cheese wedge with dressing.",360.00,270.00,0.000
dish_1561580278,caesar salad,23.32,53.00,Caesar salad with croutons on a plate,150.00,80.00,1.000
dish_1561580322,caesar salad,44.25,76.00,A small portion of salad with leafy greens and some grains on a plate.,70.00,70.00,0.000
dish_1561580370,pasta | caesar salad,126.80,124.00,"A mixed salad with pasta, quinoa, spinach, potatoes, and tofu.",275.00,230.00,0.167
dish_1561580406,caesar salad | chicken | pasta,203.28,171.00,"A mixed plate with pasta, salad, potato, and quinoa.",280.00,245.00,0.167
dish_1561580431,chicken | beef | caesar salad | pasta,258.00,197.00,"A mixed salad with leaves, vegetables, grains, and diced chicken.",260.00,170.00,0.333
dish_1561580552,cauliflower,22.25,89.00,Plate with a small portion of mashed potatoes.,50.00,60.00,0.000
dish_1561580608,cauliflower,20.25,81.00,Small portion of mashed potatoes on a plate,40.00,50.00,0.000
dish_1561580628,cauliflower | lettuce,72.43,156.00,A meal consisting of a small portion of mashed potatoes and a mixed green salad with dressing.,120.00,150.00,0.000
dish_1561580659,beef | millet,754.35,480.00,"Plate with salad, cauliflower, and rice with meat.",430.00,370.00,0.000
dish_1561654326,granola,59.79,46.00,Small salad with mixed greens and raspberries,15.00,30.00,0.000
dish_1561654346,brussels sprouts,79.20,84.00,"Plate with mixed greens, raspberries, and roasted Brussels sprouts.",65.00,100.00,1.000
dish_1561654374,scrambled eggs,326.36,251.00,"A meal consisting of scrambled eggs, Brussels sprouts, and a mixed green salad with raspberries.",325.00,350.00,0.500
dish_1561654392,bacon | scrambled eggs,494.07,282.00,"Plate with scrambled eggs, bacon, and mixed salad greens.",360.00,220.00,1.000
dish_1561654707,scrambled eggs,199.80,135.00,Scrambled eggs with hot sauce on a plate,200.00,150.00,1.000
dish_1561654732,sweet potato | scrambled eggs,242.36,191.00,Scrambled eggs with pieces of roasted sweet potato on a plate.,300.00,230.00,1.000
dish_1561654756,scrambled eggs | sweet potato | brussels sprouts,256.98,225.00,Scrambled eggs with potatoes and Brussels sprouts.,400.00,380.00,1.000
dish_1561661324,caesar salad,33.00,75.00,Small portion of Caesar salad on a plate,40.00,35.00,0.000
dish_1561661347,green beans | caesar salad,50.67,132.00,Plate with green beans and a romaine lettuce salad with dressing.,115.00,250.00,0.333
dish_1561661377,green beans | chicken | caesar salad,306.33,294.00,"Plate with green beans, a piece of fish with sauce, and a Caesar salad.",390.00,330.00,0.500
dish_1561661449,white rice | pork,237.08,115.00,Small portion of grilled or roasted meat on a plate.,120.00,80.00,0.000
dish_1561661479,pork | white rice,242.18,166.00,Plate with sliced cucumbers and grilled meat.,125.00,100.00,0.000
dish_1561661500,pork | white rice,374.78,268.00,"A plate with rice, sliced cucumber, and grilled meat.",340.00,250.00,0.333
dish_1561661552,pork | broccoli | white rice,394.73,325.00,"Plate with rice, broccoli, zucchini, and grilled meat.",375.00,350.00,0.500
dish_1561661806,pork,183.48,89.00,Rice with cooked meat and vegetables,215.00,130.00,0.000
dish_1561661850,pizza | pork,648.98,264.00,A meal with pizza slices and a serving of rice with vegetables and mushrooms.,650.00,400.00,0.333
dish_1561661972,green beans,12.09,39.00,Green beans on a plate,20.00,50.00,1.000
dish_1561662022,green beans | millet,159.69,166.00,"A salad with spinach, shredded carrots, cherry tomatoes, and green beans.",50.00,115.00,0.200
dish_1561662054,pork,419.44,292.00,"Plate with salad, grilled meat, rice, and green beans.",380.00,280.00,0.000
dish_1561662160,lemon juice | onions | apple | millet,41.84,36.00,"Small portion of salad with mixed greens, tomatoes, and quinoa.",20.00,25.00,0.000
dish_1561662190,brown rice,117.32,104.00,Salad with mixed greens and a portion of brown rice,65.00,90.00,1.000
dish_1561662216,brown rice | pork,300.79,193.00,"Plate with salad, chicken, and rice.",370.00,250.00,0.333
dish_1561662358,corn on the cob,96.55,91.00,Two slices of corn on the cob on a plate,50.00,70.00,1.000
dish_1561662458,corn on the cob,124.82,119.00,Plate with corn on the cob and mixed salad,80.00,110.00,0.500
dish_1561662501,corn on the cob | tofu,158.40,165.00,"A meal with tofu, salad, and corn on the cob.",240.00,210.00,0.667
dish_1561662532,tofu | corn on the cob,166.46,191.00,"A vegetarian meal with tofu, vegetables, and corn.",205.00,250.00,0.500
dish_1561662562,pork | tofu | corn on the cob,368.49,289.00,"Plate with grilled meat, tofu, vegetables, and corn.",450.00,260.00,0.500
dish_1561662814,lemon juice | onions | apple | millet,23.24,20.00,"A small portion of salad with quinoa, greens, and a piece of carrot.",18.00,20.00,0.000
dish_1561662842,chicken | brown rice,263.13,172.00,Plate of baked chicken with a small side of quinoa and greens.,300.00,180.00,0.333
dish_1561662869,chicken | corn on the cob,284.35,192.00,"A plate with grilled chicken, salad, and a piece of corn.",330.00,210.00,0.667
dish_1561662926,corn on the cob | chicken,288.34,213.00,"Meal with chicken, mixed salad, and a corn piece",300.00,190.00,1.000
dish_1561662948,corn on the cob | chicken,293.61,230.00,"Plate with chicken breast, cooked vegetables, green beans, corn, and salad.",225.00,230.00,0.500
dish_1561663035,cheese pizza,263.24,99.00,A single slice of pizza with toppings.,250.00,125.00,1.000
dish_1561663068,cheese pizza,332.89,168.00,Slice of pizza with a side salad.,280.00,170.00,0.500
dish_1561663541,brown rice,124.32,112.00,Two servings of rice with some sauce or seasoning.,150.00,100.00,1.000
dish_1561663580,chicken | brown rice,432.06,307.00,Plate with rice and chicken,350.00,270.00,1.000
dish_1561663606,brown rice | corn on the cob | chicken,474.50,347.00,"Plate with rice, chicken, and corn.",460.00,330.00,1.000
dish_1561663786,corn on the cob,46.68,44.00,Small piece of corn on the cob,10.00,15.00,1.000
dish_1561663817,corn on the cob,95.50,86.00,"A small salad with mixed greens, red bell pepper, cucumber, and a small piece of corn.",32.00,60.00,0.333
dish_1561663855,corn on the cob | chicken,179.14,139.00,"Plate with a chicken drumstick, mixed salad, and corn slice.",225.00,185.00,1.000
dish_1561663891,pork | chicken | corn on the cob,247.17,172.00,"Plate with roasted chicken drumstick, sliced pork, mixed salad, and corn on the cob.",440.00,340.00,1.000
dish_1561663914,chicken | corn on the cob | pork,257.40,205.00,"Plate with assorted meats, salad, green beans, and corn.",250.00,230.00,0.400
dish_1561663990,chicken,181.49,115.00,A small piece of pastry with some herbs.,60.00,30.00,0.000
dish_1561664013,chicken | pork,280.44,163.00,Plate with slices of meat and a piece of savory casserole or pie.,350.00,220.00,0.000
dish_1561664042,chicken | pork,285.04,209.00,"Meal with cucumber slices, meat slices, and a piece of lasagna or casserole.",408.00,300.00,0.000
dish_1561664061,chicken | green beans | pork,303.64,269.00,"A meal with cucumber slices, cooked green beans, a piece of grilled meat, and a portion of casserole.",260.00,240.00,0.200
dish_1561664977,green beans,14.57,47.00,A small portion of cooked green beans on a plate.,20.00,50.00,1.000
dish_1561665024,green beans,100.57,121.00,Plate of mixed greens with green beans and walnuts,75.00,65.00,0.500
dish_1561665065,chicken,387.80,303.00,"Plate with chicken, rice, and salad.",350.00,290.00,0.333
dish_1561665378,corn on the cob,74.27,70.00,Small portion of corn slices on a plate,60.00,75.00,1.000
dish_1561665422,corn on the cob | chicken,571.39,385.00,"A meal with chicken wings, corn, and salad.",320.00,165.00,1.000
dish_1561665452,chicken | corn on the cob,624.85,431.00,Mixed greens salad with breaded fish fillets.,280.00,170.00,0.000
dish_1561665626,corn on the cob,51.99,49.00,A small piece of corn on the cob on a plate.,25.00,50.00,1.000
dish_1561665671,corn on the cob | pizza,158.39,89.00,Slice of pizza and a piece of corn on the cob on a plate.,260.00,150.00,1.000
dish_1561665706,chickpeas | corn on the cob | pizza,386.35,228.00,"Plate with stuffed pastry, chickpea salad, and corn on the cob.",320.00,180.00,0.500
dish_1561665747,chickpeas | pizza | corn on the cob,486.30,314.00,"A plate with stuffed squash, corn, green beans with salad, and chickpeas.",400.00,330.00,0.400
dish_1561666619,grapes,35.88,52.00,A plate with cherry tomatoes.,30.00,150.00,0.000
dish_1561666640,cantaloupe | grapes,48.80,90.00,A plate with grapes and cantaloupe cubes.,100.00,200.00,1.000
dish_1561666761,cheese pizza,114.34,43.00,A small piece of cheese pizza on a plate,100.00,50.00,1.000
dish_1561666794,cheese pizza | caesar salad,138.10,97.00,A small serving of Caesar salad and a small slice of cheese pizza.,230.00,130.00,1.000
dish_1561666821,caesar salad | cheese pizza,211.79,170.00,"Plate with a slice of pizza, Caesar salad, and a mixed green salad.",270.00,165.00,1.000
dish_1561666849,cheese pizza | corn on the cob | caesar salad,347.59,298.00,"Plate with a slice of pizza, mixed salad, and corn.",400.00,260.00,1.000
dish_1561666875,corn on the cob | caesar salad | cheese pizza | chicken,443.86,359.00,"Plate with a slice of pizza, chicken drumstick, corn on the cob, and two types of salad.",655.00,420.00,0.800
dish_1561666897,chicken | pork | corn on the cob | cheese pizza,532.51,402.00,"Mixed meal with pizza slice, salad, corn, and chicken drumstick.",610.00,400.00,0.500
dish_1561666923,corn on the cob | cheese pizza | chicken | pork,539.64,425.00,"Plate with pizza slice, salads, corn, chicken drumsticks, and green beans.",760.00,555.00,0.500
dish_1561667207,pork | white rice,249.44,121.00,Plate with rice and slices of meat,250.00,160.00,0.500
dish_1561667238,caesar salad | white rice | pork,268.80,165.00,"Plate with rice, meat, and salad with croutons.",480.00,310.00,0.250
dish_1561667430,white rice | sugar | pork,342.21,166.00,Plate with grilled meat and rice.,350.00,200.00,0.333
dish_1561736715,scrambled eggs,161.32,109.00,Scrambled eggs on a plate,180.00,120.00,1.000
dish_1561736736,scrambled eggs | bacon,356.08,145.00,Plate with scrambled eggs and bacon strips,430.00,190.00,1.000
dish_1561737176,sausage,403.18,117.00,Small plate with sliced sausages.,200.00,100.00,1.000
dish_1561737200,egg whites | sausage,478.58,262.00,Scrambled eggs and sausage pieces on a plate,350.00,180.00,1.000
dish_1561737223,sausage | broccoli | egg whites,503.78,334.00,"A meal consisting of scrambled eggs, sausage pieces, and broccoli florets.",280.00,200.00,1.000
dish_1561737248,sausage | egg whites | hash browns,699.38,394.00,"Plate with scrambled eggs, pieces of sausage, broccoli, and cooked rice.",370.00,335.00,0.400
dish_1561737271,sausage | hash browns | pineapple | egg whites,762.38,520.00,"A meal with scrambled eggs, hash browns, sausage pieces, pineapple chunks, and broccoli.",365.00,290.00,0.800
dish_1561737293,sausage | pineapple | egg whites | hash browns,801.82,636.00,"A plate with a variety of foods including sausage, papaya, pineapple, broccoli, scrambled eggs, and rice.",460.00,470.00,0.429
dish_1561737776,bagels | cream cheese,375.30,139.00,Bagel with cream cheese,320.00,120.00,1.000
dish_1561737839,,210.90,370.00,Bowl of red grapes,120.00,200.00,0.000
dish_1561739160,,34.77,61.00,Small portion of mixed berries on a plate,10.00,25.00,
dish_1561739188,sweet potato,97.09,143.00,A small serving of roasted sweet potato and mixed berries.,95.00,80.00,1.000
dish_1561739212,egg whites | sweet potato,134.01,214.00,"A plate with scrambled eggs, sweet potato chunks, and mixed berries.",260.00,210.00,1.000
dish_1561739238,egg whites | hash browns | sweet potato,274.19,257.00,"A meal consisting of white cheese, hash browns, berries, and roasted sweet potatoes.",360.00,220.00,0.500
dish_1561739265,sweet potato | hash browns | broccoli | egg whites,292.04,308.00,"A plate with broccoli, sweet potatoes, rice, mixed berries, and white cheese.",290.00,260.00,0.333
dish_1561739576,sweet potato,63.84,84.00,Small portion of cooked sweet potatoes on a plate.,60.00,70.00,1.000
dish_1561739623,broccoli | sweet potato,156.24,348.00,"Plate with broccoli, sweet potatoes, and a single strawberry.",161.00,282.00,1.000
dish_1561739649,sweet potato | broccoli,208.23,388.00,"Plate with broccoli, sweet potatoes, and a side salad.",185.00,230.00,0.667
dish_1561739719,sweet potato | broccoli,350.16,637.00,"A plate with a mixed green salad, berries, cooked broccoli, and roasted sweet potatoes.",270.00,330.00,1.000
dish_1561739760,broccoli | cantaloupe | sweet potato,452.16,937.00,"Mixed fruit salad with broccoli, sweet potatoes, and leafy greens.",390.00,580.00,0.500
dish_1561739805,broccoli | sweet potato | scrambled eggs | cantaloupe,696.36,1102.00,"Plate with scrambled eggs, fresh fruit, and mixed greens.",380.00,400.00,0.200
dish_1561739930,sweet potato,60.04,79.00,Cube-shaped roasted sweet potatoes on a plate,80.00,100.00,1.000
dish_1561739954,sweet potato | scrambled eggs,276.12,225.00,Scrambled eggs with hot sauce and roasted sweet potatoes.,430.00,270.00,1.000
dish_1561739973,broccoli | scrambled eggs | sweet potato,295.37,280.00,Scrambled eggs with a side of roasted broccoli and sweet potatoes.,400.00,330.00,1.000
dish_1561740321,bell peppers | garlic | cucumbers | radishes,52.98,28.00,A small salad with spinach leaves and shredded carrots.,6.00,25.00,0.000
dish_1561740353,bell peppers | garlic | cucumbers | radishes,75.42,96.00,A small salad with strawberries and spinach.,25.00,80.00,0.000
dish_1561740385,broccoli,99.37,139.00,"A plate with fresh vegetables including spinach, bell pepper, and broccoli.",34.00,130.00,0.333
dish_1561740411,scrambled eggs,333.21,297.00,"A meal consisting of scrambled eggs, spinach, broccoli, and sliced watermelon.",240.00,270.00,0.250
dish_1561741063,cottage cheese,132.30,135.00,Bowl of cottage cheese,150.00,180.00,1.000
dish_1561741090,cottage cheese | cantaloupe,161.54,221.00,Bowl of cottage cheese with sliced papaya,160.00,200.00,0.333
dish_1561741139,bacon,108.20,20.00,Two strips of cooked bacon on a white plate.,80.00,20.00,1.000
dish_1561741174,scrambled eggs | bacon,245.84,113.00,Plate with scrambled eggs and bacon.,260.00,150.00,1.000
dish_1561746876,salmon | brown rice,149.44,84.00,A small piece of cooked fish on a plate.,90.00,60.00,0.000
dish_1561746912,brown rice | salmon,264.10,210.00,"Plate with barley, Brussels sprouts, and salmon.",400.00,270.00,0.250
dish_1561746970,tatsoi | salmon,303.64,363.00,"Meal with salmon, grains, and mixed vegetables.",480.00,320.00,0.250
dish_1561747075,tortilla | chicken thighs | cheese,646.59,301.00,Plate of pasta with tomato sauce,350.00,250.00,0.000
dish_1561748274,tortilla | chicken thighs | cheese,558.51,260.00,Plate of baked pasta with cheese and tomato sauce,350.00,250.00,0.333
dish_1561748862,brown rice | salmon,154.77,87.00,Small piece of cooked salmon on a plate,156.00,100.00,0.500
dish_1561748950,honeydew melons | brown rice | salmon,197.25,205.00,Grilled salmon with honeydew melon cubes,300.00,270.00,0.667
dish_1561749016,salmon | brown rice | honeydew melons,280.12,272.00,"A meal consisting of grilled salmon, honeydew melon cubes, and a mixed green salad.",330.00,325.00,0.667
dish_1561749061,salmon | honeydew melons,302.86,360.00,Salmon with a mixed green salad.,330.00,250.00,0.500
dish_1561749348,brown rice | salmon,165.45,93.00,Grilled fish with spinach and some rice,275.00,180.00,0.250
dish_1561749392,chicken thighs | cheese | salmon | tortilla,416.78,210.00,"Piece of grilled fish, cooked vegetables, and a small amount of leafy greens.",255.00,235.00,0.000
dish_1561749664,brown rice | salmon,288.20,162.00,A small portion of cooked salmon with some grains or seeds.,260.00,155.00,0.333
dish_1561749711,salmon | brown rice,300.08,228.00,Plate with grilled salmon and cherry tomatoes.,265.00,225.00,0.333
dish_1561749750,broccoli | brown rice | salmon,330.53,315.00,Salmon with broccoli and cherry tomatoes,305.00,330.00,0.500
dish_1561749778,broccoli | salmon | brown rice,334.53,340.00,"A meal consisting of salmon, broccoli, radishes, grape tomatoes, and red onion.",265.00,360.00,0.333
dish_1561749818,brown rice | salmon | broccoli,340.03,395.00,"A meal consisting of cooked salmon, broccoli, radishes, cherry tomatoes, cucumbers, and onions.",238.00,360.00,0.286
dish_1561749857,brown rice | salmon | broccoli | brussels sprouts,366.58,447.00,"A plate with salmon, vegetables, and salad.",313.00,490.00,0.333
dish_1561749908,brown rice | brussels sprouts | broccoli | salmon,377.26,472.00,"A plate with salmon, brussels sprouts, broccoli, radishes, cucumbers, cherry tomatoes, and roasted vegetables.",328.00,500.00,0.375
dish_1561751897,brown rice | salmon,354.02,199.00,"Grilled salmon with skin on a bed of greens, garnished with some rice grains.",230.00,145.00,1.000
dish_1561751958,brown rice | salmon,381.23,293.00,"Plate with salmon, mixed vegetables, and brown rice.",370.00,270.00,0.667
dish_1561752035,brown rice | salmon,454.94,374.00,"Plate with mixed grains, roasted vegetables, and leafy greens.",335.00,300.00,0.000
dish_1561752449,tortilla | chicken thighs | cheese,287.85,134.00,A serving of kimchi pancake on a plate.,150.00,75.00,0.000
dish_1561752481,tortilla | cheese | chicken thighs,297.98,169.00,Plate with a small portion of assorted vegetables and a pancake.,155.00,100.00,0.000
dish_1561752509,tortilla | chicken thighs | cheese,321.48,224.00,"A meal with a piece of fried fritter, roasted vegetables, and potato slices.",240.00,150.00,0.000
dish_1561752535,tortilla | chicken thighs | caesar salad | cheese,358.00,307.00,"A meal with roasted potatoes, mixed vegetables, chicken salad, and a fried pancake.",300.00,210.00,0.000
dish_1561752563,cheese | caesar salad | chicken thighs | tortilla,373.51,367.00,"A plate with various cooked and fresh foods including vegetables, a vegetable cake, and roasted items.",330.00,320.00,0.000
dish_1561752680,cheese pizza,465.32,175.00,Two slices of cheese pizza on a plate.,420.00,200.00,1.000
dish_1561752970,tortilla | chicken thighs | cheese,642.29,299.00,Plate of lasagna,300.00,200.00,0.000
dish_1561752996,cheese | salmon | chicken thighs | tortilla,848.66,415.00,A portion of lasagna and a piece of salmon on a plate.,600.00,320.00,0.200
dish_1561753021,cheese | caesar salad | chicken thighs | salmon | tortilla,918.18,573.00,"Plate with Caesar salad, baked salmon, and lasagna.",650.00,400.00,0.333
dish_1561753075,salmon | chicken thighs | caesar salad | cheese | tortilla,945.67,668.00,"A meal consisting of lasagna, Caesar salad, grilled salmon, and roasted vegetables.",780.00,560.00,0.286
dish_1561753168,brown rice | salmon,245.50,138.00,Two small pieces of stuffed chicken or similar meat dish on a plate.,150.00,80.00,0.000
dish_1561753203,brown rice | salmon | squash,265.47,207.00,Plate with a meat loaf slice and mixed squash.,240.00,160.00,0.250
dish_1561753238,brown rice | salmon | tatsoi,298.03,333.00,"Plate with grilled fish, mixed salad, and sautéed vegetables",280.00,240.00,0.000
dish_1561753275,brown rice | pineapple | salmon,330.03,397.00,"Plate with salmon, mixed salad, zucchini, cherry tomatoes, and pineapple",310.00,340.00,0.400
dish_1561753371,chicken thighs | cheese | tortilla,221.26,103.00,Small portion of shredded meat with vegetables and two thin pieces of an unknown fried or baked item.,120.00,70.00,0.000
dish_1561753400,cheese | salmon | tortilla | chicken thighs,354.68,178.00,A small portion of cooked fish and some vegetable fritters.,270.00,170.00,0.000
dish_1561753432,salmon | cheese | chicken thighs | tortilla,380.32,238.00,"Plate with salmon, roasted potatoes, and another protein or patty.",500.00,330.00,0.167
dish_1561753477,salmon | cheese | chicken thighs | tortilla,432.27,280.00,"Plate with salmon, roasted potatoes, salad, and pasta",455.00,300.00,0.167
dish_1561753589,brown rice | salmon,138.76,78.00,Small piece of grilled chicken with a few leaves of greens,85.00,65.00,0.000
dish_1561753623,squash | salmon | brown rice,159.31,149.00,A small portion of grilled or baked fish with a side of mixed vegetables.,120.00,120.00,0.000
dish_1561753649,brown rice | squash | salmon,164.01,196.00,A meal consisting of a piece of cooked chicken and a side of sautéed zucchini and yellow squash.,200.00,175.00,0.250
dish_1562007739,caesar salad,28.60,65.00,"Partially eaten Caesar salad with lettuce, cheese, and dressing",120.00,55.00,0.333
dish_1562007763,quinoa | caesar salad,290.70,298.00,Chicken breast with a small portion of Caesar salad,350.00,225.00,0.333
dish_1562007789,caesar salad | quinoa,302.95,322.00,"Plate with chicken, Brussels sprouts, and Caesar salad.",480.00,300.00,0.250
dish_1562007817,quinoa | caesar salad | pork,444.12,391.00,"Plate with a serving of salad, grilled chicken, roasted Brussels sprouts, and slices of roasted meat.",650.00,475.00,0.200
dish_1562007842,caesar salad | quinoa | pork,492.28,434.00,"A meal consisting of chicken, roasted meat, salad, and a small portion of yellow rice or couscous.",650.00,400.00,0.000
dish_1562007866,caesar salad | quinoa | pork,497.86,465.00,"A meal consisting of salad, meat, couscous, cherry tomatoes, and a breaded item.",595.00,450.00,0.000
dish_1562007904,quinoa | pork | caesar salad,525.46,489.00,"Plate with chicken, salad, roasted meat, couscous, cherry tomatoes, and olives.",740.00,490.00,0.000
dish_1562008394,cucumbers,2.40,24.00,A plate with a few slices of cucumber.,5.00,20.00,1.000
dish_1562008429,pork,94.47,69.00,Small serving of meat with grilled vegetables and cucumber slices.,75.00,65.00,0.000
dish_1562008476,brussels sprouts | pork,120.51,120.00,"A small portion of Brussels sprouts, meat, and cucumber slices on a plate.",125.00,170.00,0.333
dish_1562008517,quinoa | pork | brussels sprouts,401.73,370.00,"A meal with chicken, Brussels sprouts, and sliced cucumber.",305.00,290.00,0.200
dish_1562008549,brussels sprouts | pork | quinoa,417.13,405.00,"A meal with roasted chicken, salad, Brussels sprouts, and cucumber slices.",405.00,310.00,0.200
dish_1562008695,cauliflower,18.00,72.00,Plate with cauliflower florets,15.00,50.00,1.000
dish_1562008738,arugula | cauliflower,64.07,109.00,Salad with mixed greens and cauliflower on a plate,25.00,80.00,0.500
dish_1562008780,cauliflower,180.85,195.00,A plate of mixed greens with cauliflower and broccoli.,60.00,140.00,0.500
dish_1562008813,quinoa | cauliflower,214.59,225.00,"Plate with mixed greens, cauliflower, and grilled chicken wing",105.00,120.00,0.333
dish_1562008842,quinoa | pork | cauliflower,355.76,294.00,Mixed salad with roasted vegetables and grilled chicken.,205.00,260.00,0.167
dish_1562008936,caesar salad,57.64,131.00,Small portion of Caesar salad,50.00,30.00,0.000
dish_1562008979,pork | caesar salad,382.94,290.00,Plate with a portion of casserole and a side salad.,330.00,250.00,0.000
dish_1562009006,pork | pizza | caesar salad,470.72,323.00,"Plate with salad, a portion of pasta or casserole, and a small piece of pizza.",450.00,290.00,0.250
dish_1562009098,tofu,70.08,96.00,"Stir-fried dish with rice, vegetables, and tofu.",90.00,90.00,0.333
dish_1562009120,brussels sprouts | tofu,95.61,146.00,"Meal with Brussels sprouts, rice, and grilled chicken",300.00,265.00,0.250
dish_1562009148,tofu | pork | brussels sprouts,226.55,210.00,"A plate with brussels sprouts, rice with vegetables, and a portion of meat.",350.00,280.00,0.250
dish_1562009182,brussels sprouts | tofu | pork,306.23,274.00,"Plate with mixed greens, roasted Brussels sprouts, rice, and meat.",400.00,320.00,0.250
dish_1562009314,brussels sprouts,99.57,195.00,Plate of roasted Brussels sprouts,100.00,150.00,1.000
dish_1562009810,brown rice,119.88,108.00,A small portion of brown rice on a white plate.,110.00,100.00,1.000
dish_1562009894,brown rice,244.81,200.00,Salad with mixed greens and brown rice.,250.00,220.00,1.000
dish_1562009934,quinoa | brown rice,434.91,369.00,"A meal consisting of roasted chicken, mixed green salad, and brown rice.",580.00,400.00,0.333
dish_1562010048,pork,407.13,199.00,Small portion of mixed vegetables and meat on a plate.,150.00,100.00,0.000
dish_1562010085,brussels sprouts | pork,440.32,264.00,Meal with Brussels sprouts and mixed stir-fry vegetables with meat.,320.00,250.00,0.333
dish_1562010130,pork | chickpeas,638.19,376.00,"Plate with chicken, Brussels sprouts, and salad.",370.00,330.00,0.000
dish_1562010266,pork,581.03,284.00,Plate of fried rice with vegetables and pieces of grilled meat.,400.00,260.00,0.000
dish_1562010293,pork | caesar salad,633.83,404.00,Plate with a serving of cooked meat and a side salad.,350.00,250.00,0.000
dish_1562010315,caesar salad | pork,671.11,477.00,"A meal consisting of grilled meat, roasted Brussels sprouts, and a Caesar salad.",590.00,450.00,0.333
dish_1562010369,pork,141.17,69.00,Small serving of shredded meat with cabbage on a plate.,105.00,60.00,0.000
dish_1562010394,pork,188.61,116.00,A small serving of mixed greens salad with a portion of baked or grilled meat.,120.00,110.00,0.000
dish_1562010418,pork | brussels sprouts,209.55,157.00,"A small portion of roasted Brussels sprouts, mixed greens, and a piece of chicken.",205.00,210.00,0.333
dish_1562010440,pork | brussels sprouts,247.63,191.00,"A meal with couscous, Brussels sprouts, chicken, and mixed greens.",335.00,300.00,0.333
dish_1562010821,pork,274.15,134.00,Plate with a small portion of cooked grains and vegetables.,100.00,80.00,0.000
dish_1562010865,pork,376.24,216.00,"A salad with grilled chicken, arugula, blackberries, and goji berries.",195.00,160.00,0.000
dish_1562010891,pineapple | pork,438.74,341.00,"A salad with pineapple, blackberries, greens, and goji berries.",130.00,210.00,0.333
dish_1562010929,pork | pineapple,457.27,405.00,Salad with pineapple chunks and blackberries on a bed of mixed greens.,125.00,230.00,0.500
dish_1562011727,pork,372.35,182.00,A small portion of stir-fried vegetables and meat.,150.00,100.00,0.000
dish_1562011765,brussels sprouts | pork,423.92,283.00,"A meal consisting of Brussels sprouts and a meat dish, possibly pulled pork or similar.",250.00,250.00,1.000
dish_1562011794,pork | brussels sprouts,514.64,364.00,"Plate with couscous, roasted meat, and Brussels sprouts.",460.00,330.00,0.500
dish_1562012048,quinoa,278.97,248.00,Chicken breast with garnish on a plate,220.00,150.00,0.000
dish_1562012076,quinoa | white rice,525.97,438.00,Plate with chicken pieces and white rice.,430.00,300.00,0.333
dish_1562085132,bacon,91.97,17.00,Plate with two strips of cooked bacon.,86.00,24.00,1.000
dish_1562085163,scrambled eggs | bacon,279.93,144.00,Scrambled eggs with bacon on a plate.,400.00,200.00,1.000
dish_1562085185,bacon | hash browns | scrambled eggs,550.51,227.00,"Plate with scrambled eggs, hash browns, and bacon.",510.00,310.00,1.000
dish_1562085604,,241.11,423.00,"Bowl of mixed fruit including mango, strawberries, blueberries, and pineapple.",140.00,300.00,0.000
dish_1562085672,bread,122.08,46.00,Single slice of white bread on a plate,80.00,28.00,1.000
dish_1562086037,,68.97,121.00,Plate with raspberries and blackberries,45.00,80.00,
dish_1562086067,yam,178.18,209.00,A plate with sweet potato pieces and a mix of raspberries and blackberries.,180.00,175.00,0.000
dish_1562086116,scrambled eggs | yam,290.66,285.00,Scrambled eggs with berries and roasted sweet potatoes.,310.00,250.00,0.333
dish_1562086501,scrambled eggs,195.36,132.00,Scrambled eggs on a square plate,150.00,100.00,1.000
dish_1562086564,fruit salad | scrambled eggs,286.81,287.00,Scrambled eggs with a side of mixed fruit and lettuce.,255.00,280.00,0.667
dish_1562086595,fruit salad | scrambled eggs | yogurt,308.60,324.00,"A plate with scrambled eggs, mixed fruit, and a dollop of whipped cream or yogurt.",330.00,300.00,1.000
dish_1562086702,bacon,178.53,33.00,Plate with three strips of cooked bacon,120.00,30.00,1.000
dish_1562086740,scrambled eggs | bacon,447.89,215.00,Plate with scrambled eggs and bacon strips,450.00,240.00,1.000
dish_1562094621,green beans,10.54,34.00,Plate with green beans,40.00,100.00,1.000
dish_1562094694,green beans,134.60,142.00,Plate of salad with green beans.,70.00,140.00,1.000
dish_1562094730,chicken thighs,428.19,336.00,"A meal with a green salad, chicken drumstick, and bulgur on green beans.",260.00,280.00,0.500
dish_1562094877,quinoa | chicken thighs,234.58,155.00,Partially eaten chicken with some quinoa,165.00,110.00,1.000
dish_1562094931,chicken thighs | white beans | fish,376.75,282.00,Plate with pieces of roasted chicken and stuffed vegetables.,350.00,220.00,0.250
dish_1562095283,spinach (raw),229.52,197.00,"A green salad with spinach, bell pepper, and tomato.",25.00,100.00,0.333
dish_1562095340,pizza,718.96,381.00,A plate with pizza slices topped with pepperoni and a side salad.,450.00,300.00,0.500
dish_1562096343,cucumbers,6.20,62.00,Plate with a small portion of sliced cucumber.,5.00,25.00,1.000
dish_1562096372,chicken thighs | quinoa,346.71,287.00,Grilled chicken pieces with sliced cucumbers,360.00,250.00,0.333
dish_1562096401,chicken thighs | green beans | quinoa,366.86,352.00,"Plate with roasted chicken, green beans, and cucumber slices.",295.00,280.00,0.500
dish_1562096512,beets | artichokes | garlic,30.34,25.00,Small portion of a green leafy salad,10.00,15.00,0.000
dish_1562096542,green beans,38.09,50.00,Plate with green beans and chopped leafy greens.,15.00,60.00,1.000
dish_1562096584,quinoa | green beans,94.99,90.00,"Plate with quinoa, green beans, and a leafy green salad.",205.00,225.00,1.000
dish_1562096608,fish | quinoa,176.71,163.00,"Meal consisting of chicken, quinoa, green beans, and salad.",235.00,220.00,0.250
dish_1562096633,chicken thighs | quinoa | fish,288.70,237.00,"Plate with chicken wings, quinoa, green beans, and salad.",285.00,230.00,0.500
dish_1562096907,white beans | fish,297.78,266.00,Salad with fish and greens,170.00,150.00,0.500
dish_1562096933,white beans | fish,312.66,314.00,A plate with cooked fish and green beans.,235.00,250.00,1.000
dish_1562096973,white beans | fish,349.00,350.00,Fish with green salad on a plate,200.00,200.00,0.500
dish_1562097001,white beans | pizza | fish,529.88,418.00,"A meal consisting of mixed salad, baked fish, and a slice of pizza.",380.00,310.00,0.667
dish_1562097624,,77.59,68.00,Small portion of cooked grains or rice with herbs.,45.00,30.00,0.000
dish_1562097653,beets | onions | lettuce | carrot | arugula,116.17,102.00,A plate with a green salad and a portion of cooked lentils.,180.00,150.00,0.000
dish_1562097673,white beans | fish,345.66,307.00,Fish fillet on a bed of greens and grains.,330.00,260.00,0.333
dish_1562099053,cheese pizza,98.38,37.00,A small piece of flatbread on a plate,50.00,15.00,0.000
dish_1562099076,cheese pizza | carrot,110.18,61.00,Plate with sliced carrots and a piece of bread or pastry with toppings.,170.00,110.00,0.333
dish_1562099134,chicken thighs | cheese pizza,271.64,188.00,"A meal with salad, grilled chicken drumstick, roasted sweet potatoes, and a piece of browned cheese.",360.00,220.00,0.667
dish_1562099157,cheese pizza | chicken thighs,277.53,207.00,"A meal with salad, green beans, grilled meat, sweet potato, and chicken drumstick.",375.00,320.00,0.200
dish_1562168365,pineapple,70.00,140.00,Plate with pineapple pieces,50.00,100.00,1.000
dish_1562168399,pineapple,128.71,243.00,"A fruit plate consisting of pineapple, blueberries, and strawberries.",85.00,170.00,1.000
dish_1562168427,egg whites | pineapple,193.71,368.00,"A meal consisting of scrambled egg whites, pineapple chunks, blueberries, and strawberries.",170.00,290.00,1.000
dish_1562168450,pineapple | egg whites | roasted potatoes,282.54,431.00,"A plate with fried plantains, pineapple chunks, blueberries, strawberries, and scrambled eggs.",325.00,310.00,0.500
dish_1562168471,brussels sprouts | roasted potatoes | egg whites | pineapple,312.67,490.00,"Plate with a variety of fruits, vegetables, and egg whites.",250.00,470.00,1.000
dish_1562168648,granola,41.59,32.00,A small portion of mixed greens on a plate.,10.00,20.00,0.000
dish_1562168673,honeydew melons,56.35,73.00,"Salad with lettuce, cucumbers, and asparagus.",13.00,45.00,0.000
dish_1562168696,honeydew melons,95.11,141.00,A plate with mixed fruit and salad greens.,38.00,115.00,0.500
dish_1562168800,roasted potatoes | honeydew melons,237.52,242.00,"A plate with roasted potatoes, green melon, leafy greens, strawberries, and blueberries.",190.00,240.00,1.000
dish_1562169729,brussels sprouts,25.53,50.00,Plate of Brussels sprouts,50.00,100.00,1.000
dish_1562169762,scrambled eggs | brussels sprouts,262.33,210.00,Scrambled eggs with roasted Brussels sprouts on a plate.,230.00,170.00,1.000
dish_1562169818,scrambled eggs | granola | brussels sprouts,346.82,275.00,Scrambled eggs with Brussels sprouts and a side salad.,340.00,330.00,0.500
dish_1562169840,sausage | granola | scrambled eggs,739.66,389.00,"A meal consisting of scrambled eggs, Brussels sprouts, sausage patties, and a side salad.",460.00,350.00,0.400
dish_1562170163,pineapple,53.50,107.00,Plate with pineapple chunks,30.00,80.00,1.000
dish_1562170236,watermelon | pineapple,169.36,333.00,"Plate of assorted fresh fruits including watermelon, pineapple, strawberries, raspberries, and blueberries.",135.00,340.00,1.000
dish_1562170331,watermelon | roasted potatoes | pineapple,263.83,400.00,"A plate with mixed fruits including pineapple, watermelon, strawberries, raspberries, blueberries, and roasted potato wedges.",215.00,335.00,1.000
dish_1562170356,turkey bacon | pineapple | roasted potatoes,385.33,432.00,"A meal with fruit salad, roasted potatoes, and turkey bacon.",300.00,280.00,0.500
dish_1562172561,egg whites,150.80,290.00,Plate of scrambled egg whites,130.00,150.00,1.000
dish_1562172600,egg whites | roasted potatoes,263.60,370.00,Plate with scrambled egg whites and roasted potatoes.,190.00,250.00,1.000
dish_1562172643,egg whites | roasted potatoes | bacon,734.27,457.00,"Plate with scrambled egg whites, bacon strips, and roasted potatoes.",300.00,300.00,1.000
dish_1562173111,chia seeds,792.18,163.00,Chia pudding with diced fruit,190.00,180.00,0.500
dish_1562173175,milk | chia seeds | greek yogurt,165.37,163.00,A bowl containing chia pudding with diced apples.,200.00,200.00,0.250
dish_1562173200,pineapple | milk | chia seeds | greek yogurt,213.37,259.00,"Bowl with pineapple chunks, chia pudding, and nuts",255.00,220.00,0.400
dish_1562173247,chilaquiles,290.55,149.00,Plate of scrambled eggs with vegetables,250.00,150.00,0.000
dish_1562173267,chilaquiles | bacon,409.57,171.00,Scrambled eggs with bacon on a plate,340.00,170.00,0.333
dish_1562173381,sausage,389.40,113.00,Three sausage patties on a plate,210.00,90.00,1.000
dish_1562173411,bacon | sausage,638.26,159.00,Plate with strips of bacon and sausage patties.,410.00,140.00,1.000
dish_1562173742,bacon,81.15,15.00,A single strip of cooked bacon on a plate.,42.00,8.00,1.000
dish_1562180025,bacon | chicken | flour,798.91,256.00,Plate with fried chicken pieces and bacon strips.,600.00,240.00,0.667
dish_1562180089,flour | chicken | bacon,851.30,437.00,"Fried chicken, bacon strips, and roasted vegetables on a plate.",620.00,350.00,0.500
dish_1562180157,bacon | chicken | flour,1009.18,557.00,"A meal consisting of fried chicken, bacon strips, side salad, and roasted vegetables with fruit.",780.00,490.00,0.400
dish_1562181217,chicken | flour,546.48,199.00,Plate with two pieces of fried chicken and some coleslaw.,400.00,200.00,0.333
dish_1562181247,bacon | flour | chicken,660.09,220.00,"Plate with fried chicken wings, coleslaw, and bacon strips",500.00,240.00,0.500
dish_1562181285,flour | chicken | bacon,796.92,324.00,Fried chicken with salad and bacon,550.00,280.00,0.500
dish_1562183065,mushroom,16.50,75.00,Plate with a few whole mushrooms,15.00,50.00,1.000
dish_1562183096,mushroom | arugula,41.19,95.00,A small serving of mushrooms and arugula on a plate.,17.00,50.00,1.000
dish_1562183125,mushroom | spinach (raw),88.55,131.00,"A meal consisting of a salad with spinach, arugula, and whole mushrooms.",40.00,95.00,0.667
dish_1562183151,mushroom | green beans,108.39,195.00,"Plate with mixed vegetables including green beans, broccoli, mushrooms, and leafy greens.",80.00,180.00,0.667
dish_1562183175,roasted potatoes | green beans | mushroom,290.28,324.00,"A meal consisting of potatoes, mushrooms, green beans, broccoli, carrots, and mixed greens.",230.00,460.00,0.600
dish_1562183201,pizza | roasted potatoes,558.94,425.00,"A meal with vegetables, potatoes, mushrooms, and a slice of pizza.",440.00,370.00,0.500
dish_1562184604,,211.38,78.00,A small serving of cooked meat on a plate.,150.00,100.00,
dish_1562184628,bacon,444.01,121.00,Plate with bacon and slices of roast beef.,450.00,160.00,0.500
dish_1562184663,bacon | fish,600.54,271.00,"Plate with bacon, roast meat, and grain salad with cheese.",620.00,290.00,0.250
dish_1562184705,bacon | fish,635.19,376.00,"A meal with bacon, roast beef slices, green beans, broccoli, mashed potatoes, and lentils.",525.00,510.00,0.143
dish_1562602589,sausage,365.28,106.00,Small portion of sausages on a plate,150.00,70.00,1.000
dish_1562602627,hash browns | sausage,577.18,171.00,Plate with hash browns and sausage pieces,350.00,200.00,1.000
dish_1562602657,hash browns | sausage,610.37,236.00,"Plate with hash browns, Brussels sprouts, and sausage pieces.",420.00,300.00,0.667
dish_1562602687,sausage | hash browns | scrambled eggs,721.37,311.00,"A meal consisting of scrambled eggs, hash browns, Brussels sprouts, and sausage pieces.",650.00,400.00,0.750
dish_1562602803,chia seeds | greek yogurt | milk,121.74,120.00,Small portion of chia pudding with blackberries,90.00,75.00,0.333
dish_1562602832,greek yogurt | chia seeds | milk,144.18,188.00,"A plate with chia pudding, strawberries, blueberries, and blackberries",185.00,180.00,0.333
dish_1562602860,milk | chia seeds | greek yogurt | watermelon,165.18,258.00,"Plate with watermelon, strawberries, and chia pudding with berries.",155.00,300.00,0.500
dish_1562602888,watermelon | egg whites | greek yogurt | chia seeds | milk,209.38,343.00,"Plate with strawberries, scrambled egg whites, and chia pudding with berries",225.00,320.00,0.400
dish_1562602918,chia seeds | milk | greek yogurt | sweet potato | watermelon | egg whites,265.62,417.00,"A plate with strawberries, watermelon, scrambled eggs, roasted potatoes, mixed berries, and chia pudding.",360.00,340.00,0.667
dish_1562602945,greek yogurt | milk | watermelon | sweet potato | egg whites | chia seeds,308.37,492.00,"Plate with mixed fruits, chia pudding, scrambled egg whites, and roasted potatoes",320.00,350.00,0.667
dish_1562603536,bacon,75.74,14.00,Plate with two strips of cooked bacon.,80.00,30.00,1.000
dish_1562603569,bacon | sweet potato,121.68,62.00,A meal with bacon strips and roasted potato pieces on a plate.,200.00,80.00,1.000
dish_1562603598,bacon | sweet potato,175.26,156.00,"Plate with bacon, roasted potatoes, and a mix of berries.",190.00,130.00,1.000
dish_1562603626,sweet potato | bacon | pineapple,201.76,209.00,"Plate with mixed fruit, bacon, and roast potatoes.",270.00,270.00,1.000
dish_1562603813,hash browns,475.96,146.00,Plate of hash browns,180.00,120.00,1.000
dish_1562603842,hash browns | granola,594.25,237.00,Salad with greens and hash browns on a plate,230.00,190.00,0.500
dish_1562603867,hash browns | sausage | granola,1049.12,369.00,"A meal consisting of sausages, hash browns, and a mixed green salad.",550.00,330.00,0.667
dish_1562603895,hash browns | scrambled eggs | granola | sausage,1268.16,517.00,"Plate with scrambled eggs, sausage, hash browns, and salad.",530.00,350.00,0.750
dish_1562605315,scrambled eggs,217.56,147.00,Scrambled eggs on a plate,200.00,150.00,1.000
dish_1562605352,brussels sprouts | scrambled eggs,242.07,195.00,A plate with scrambled eggs and Brussels sprouts.,300.00,250.00,1.000
dish_1562605384,brussels sprouts | scrambled eggs | sweet potato,306.19,262.00,"Plate with scrambled eggs, roasted potatoes, and Brussels sprouts.",335.00,270.00,1.000
dish_1562605411,watermelon | brussels sprouts | scrambled eggs | sweet potato,336.49,363.00,"A meal with scrambled eggs, roasted potatoes, Brussels sprouts, and watermelon chunks.",430.00,390.00,1.000
dish_1562611522,cheese pizza,132.95,50.00,A plate with a single slice of pepperoni pizza.,170.00,85.00,1.000
dish_1562611580,pepperoni pizza,141.00,50.00,A small piece of pepperoni pizza on a plate.,100.00,50.00,1.000
dish_1562611620,pepperoni pizza,199.85,76.00,A small slice of pepperoni pizza and a piece of roast beef on a plate.,190.00,90.00,0.500
dish_1562611649,pepperoni pizza,278.49,146.00,"Plate with a slice of pizza, a small portion of salad, and a slice of beef.",300.00,180.00,0.333
dish_1562611680,pepperoni pizza | caesar salad,326.89,256.00,"A plate with a variety of foods including salad, pizza, and meat.",520.00,300.00,0.500
dish_1562611824,chickpeas,192.57,109.00,Mixed green salad with a cherry tomato and dressing,55.00,75.00,0.000
dish_1562611853,broccoli | chickpeas,267.21,243.00,Mixed green salad with broccoli and cherry tomato,38.00,110.00,0.333
dish_1562611878,chickpeas | broccoli,286.89,311.00,"Salad with mixed greens, broccoli, cherry tomato, and roasted squash.",90.00,150.00,0.250
dish_1562613010,cod,90.27,128.00,Salad with grilled chicken,170.00,150.00,0.000
dish_1562613045,corn | cod,166.11,207.00,"Salad with mixed greens, roasted corn, and grilled chicken.",175.00,155.00,0.333
dish_1562613285,figs | apple | arugula | lemon juice | goat cheese,111.74,84.00,A small salad with greens and carrots on a plate.,15.00,40.00,0.000
dish_1562613340,apple | arugula | onions | lemon juice | garlic | cilantro | pineapple | white rice | kale | jalapenos | goat cheese | figs,349.39,189.00,Salad with mixed greens and sliced beef,180.00,125.00,0.000
dish_1562613376,garlic | kale | jalapenos | arugula | figs | goat cheese | cilantro | onions | lemon juice | squash | apple | white rice | pineapple,371.96,267.00,Salad with roasted squash and sliced beef on a plate.,260.00,210.00,0.071
dish_1562613403,squash | jalapenos | lemon juice | cilantro | pineapple | white rice | apple | kale | arugula | broccoli | onions | goat cheese | garlic | figs,398.70,315.00,"A plate with roasted squash, arugula salad, slices of beef, and broccoli.",245.00,250.00,0.200
dish_1562613867,bulgur | shallots | arugula | lemon juice | apple | garlic,83.89,57.00,Plate of arugula leaves,15.00,30.00,0.167
dish_1562613898,broccoli,120.64,162.00,Salad with arugula and broccoli,40.00,80.00,0.500
dish_1562613918,broccoli | squash,133.66,207.00,"Plate with arugula, broccoli, and grilled eggplant.",130.00,200.00,0.250
dish_1562613974,chicken thighs | broccoli,416.20,375.00,"A plate with arugula salad, broccoli, mixed roasted vegetables, and chicken pieces with rice.",340.00,330.00,0.500
dish_1562614088,broccoli,23.45,67.00,A small portion of broccoli florets on a plate,15.00,50.00,1.000
dish_1562614121,broccoli | spinach (raw),123.49,155.00,A plate with a portion of spinach and broccoli.,40.00,150.00,1.000
dish_1562614158,broccoli,453.93,301.00,"Plate with cooked beef, broccoli, and spinach.",320.00,250.00,0.333
dish_1562614895,broccoli,51.80,148.00,Plate with steamed broccoli,35.00,100.00,1.000
dish_1562614952,broccoli | chicken thighs,548.11,403.00,"Plate with cooked steak, chicken, and broccoli.",550.00,350.00,1.000
dish_1562614980,chicken thighs | broccoli,566.15,485.00,"A meal consisting of steak slices, roasted chicken, mushrooms, and broccoli.",500.00,430.00,0.667
dish_1562615070,squash,14.47,50.00,A small portion of roasted potatoes and a small serving of meat on a plate.,90.00,50.00,0.000
dish_1562615103,squash,94.29,110.00,Small mixed salad with roasted vegetables.,65.00,80.00,0.000
dish_1562615128,apple | white rice | squash | garlic | goat cheese | pineapple | kale | jalapenos | lemon juice | onions | arugula | cilantro | figs,397.57,244.00,"Plate with grilled meat skewers, salad, and roasted vegetables.",380.00,320.00,0.000
dish_1562615153,chicken thighs,468.20,286.00,"Mixed plate with meats, roasted vegetables, and salad.",480.00,400.00,0.333
dish_1562615283,pineapple | white rice | lemon juice | jalapenos | kale | onions | garlic | cilantro,176.54,78.00,Small portion of sliced beef on a plate.,100.00,60.00,0.000
dish_1562615324,roasted potatoes,258.32,136.00,A small portion of sliced meat and roasted or boiled potatoes.,230.00,170.00,1.000
dish_1562615360,roasted potatoes,331.48,191.00,"Plate with slices of beef, roasted purple potatoes, and a spinach salad with pecans.",500.00,270.00,0.333
dish_1562615388,roasted potatoes | broccoli,360.18,273.00,"A meal consisting of broccoli, steak slices, roasted purple potatoes, and a spinach salad with pecans.",490.00,350.00,0.667
dish_1562617370,pepperoni pizza,155.10,55.00,Small slice of pepperoni pizza on a plate,150.00,65.00,1.000
dish_1562617395,caesar salad | pepperoni pizza,185.90,125.00,A small slice of pepperoni pizza and some Caesar salad on a plate.,220.00,140.00,1.000
dish_1562617416,broccoli | pepperoni pizza | caesar salad,200.95,168.00,"Plate with a slice of pizza, broccoli, and a small portion of salad.",295.00,200.00,0.667
dish_1562617446,broccoli | roasted potatoes | caesar salad | pepperoni pizza,291.19,232.00,"A plate with a slice of pepperoni pizza, broccoli, eggplant pieces, and a small green salad.",225.00,205.00,0.400
dish_1562617470,pepperoni pizza | roasted potatoes | chicken thighs | caesar salad,440.87,321.00,"Plate with chicken pieces, broccoli, pizza slice, eggplant pieces, and Caesar salad.",375.00,280.00,0.500
dish_1562617492,roasted potatoes | caesar salad | pepperoni pizza | chicken thighs,558.56,373.00,"Plate with assorted foods including meats, vegetables, and pizza.",720.00,460.00,0.800
dish_1562617703,frozen yogurt,179.63,110.00,Cup of soft serve ice cream,180.00,150.00,0.000
dish_1562617939,chickpeas,234.97,133.00,Plate of salad with leafy greens and some chickpeas.,35.00,60.00,1.000
dish_1562618000,chicken thighs | chickpeas,685.99,448.00,Salad with grilled chicken and broccoli.,280.00,320.00,0.333
dish_1562686492,chicken apple sausage,160.00,100.00,Plate with five small cooked meatballs,250.00,150.00,0.000
dish_1562686520,chicken apple sausage | scrambled eggs,346.48,226.00,Scrambled eggs with sausage links.,330.00,180.00,1.000
dish_1562686548,scrambled eggs | yam | chicken apple sausage,413.49,280.00,"Plate with scrambled eggs, sausages, and roasted vegetables.",510.00,270.00,0.500
dish_1562686577,chicken apple sausage | scrambled eggs | yam,556.56,531.00,"Plate with mixed fruits, scrambled eggs, sausage links, and roasted vegetables.",530.00,450.00,0.400
dish_1562686664,,119.13,209.00,A bowl of blueberries and sliced strawberries.,137.00,300.00,
dish_1562687246,bell peppers,115.42,61.00,"Small salad with spinach, carrot shreds, and cherry tomatoes",20.00,55.00,0.000
dish_1562687274,garlic | bell peppers | cucumbers | radishes,161.02,141.00,"A fresh salad with mixed greens, cherry tomatoes, sliced strawberries, and blueberries.",65.00,150.00,0.000
dish_1562687299,honeydew melons,180.82,196.00,"Plate with salad, melon, strawberries, blueberries, and tomatoes.",80.00,140.00,0.500
dish_1562687527,chicken apple sausage | honeydew melons,203.22,210.00,"A plate with mixed greens, cherry tomatoes, carrot sticks, melon pieces, blueberries, strawberries, and a small piece of bread.",105.00,175.00,0.200
dish_1562687554,waffles | chicken apple sausage,409.33,281.00,"Plate with half a waffle, mixed fruit, and salad.",240.00,170.00,0.333
dish_1562688382,chicken apple sausage,113.60,71.00,Plate with small meatballs,150.00,100.00,0.000
dish_1562688482,roasted potatoes | chicken apple sausage | grapes,193.46,169.00,"A plate containing sausages, grapes, a potato ball, and a small cube of cheese.",275.00,180.00,0.750
dish_1562688524,chicken apple sausage | grapes | roasted potatoes | watermelon,215.36,242.00,"Plate with red grapes, sliced sausage, and watermelon cubes",300.00,375.00,0.750
dish_1562688552,grapes | roasted potatoes | watermelon | chicken apple sausage,235.82,304.00,Plate with fruits and meatballs,280.00,340.00,0.333
dish_1562689519,cottage cheese,169.54,173.00,Bowl of cottage cheese,150.00,140.00,1.000
dish_1562689548,pineapple | cottage cheese,216.54,267.00,Bowl of cottage cheese topped with pineapple chunks,140.00,180.00,1.000
dish_1562689601,broccoli,20.61,37.00,Plate with two small pieces of broccoli.,8.00,20.00,1.000
dish_1562689645,bacon | scrambled eggs,302.43,169.00,"A meal consisting of scrambled eggs, cooked bacon, and broccoli florets.",240.00,155.00,0.667
dish_1562690047,onions | lime | lettuce | cucumbers | cherry tomatoes,68.64,68.00,Small spinach salad with cherry tomatoes and shredded carrots,20.00,65.00,0.143
dish_1562690074,bacon,263.40,104.00,A meal with spinach salad and bacon.,175.00,80.00,0.500
dish_1562690112,chicken apple sausage | bacon,428.20,207.00,"Plate with sausages, bacon, and spinach salad",470.00,260.00,0.667
dish_1562690144,chicken apple sausage | scrambled eggs | bacon,645.76,354.00,"Breakfast with scrambled eggs, sausages, bacon, and a salad.",630.00,350.00,1.000
dish_1562690886,broccoli,20.61,37.00,A small portion of roasted broccoli on a plate.,20.00,30.00,1.000
dish_1562690917,broccoli,69.06,122.00,A small portion of roasted broccoli with sliced strawberries and blueberries.,40.00,65.00,1.000
dish_1562690950,pineapple | broccoli,109.06,202.00,"A meal with broccoli, strawberries, blueberries, and pineapple chunks.",70.00,135.00,1.000
dish_1562691000,pineapple | scrambled eggs,326.62,349.00,"Scrambled eggs with roasted broccoli, strawberries, blueberries, and pineapple.",280.00,280.00,0.667
dish_1562691032,pineapple | scrambled eggs | roasted potatoes,419.68,415.00,"A diverse plate with scrambled eggs, roasted potatoes, broccoli, and mixed fruits.",390.00,380.00,0.750
dish_1562691064,fried rice | pineapple | scrambled eggs | roasted potatoes,555.30,501.00,"A plate with scrambled eggs, roasted potatoes, broccoli, mixed berries, pineapple, and fried rice.",650.00,550.00,0.800
dish_1562691383,yam,86.87,70.00,Plate with roasted sweet potato chunks.,90.00,100.00,0.000
dish_1562691409,yam | scrambled eggs,225.99,164.00,Scrambled eggs with roasted sweet potatoes.,350.00,220.00,0.333
dish_1562691441,broccoli | scrambled eggs | yam,263.87,232.00,"Plate with scrambled eggs, roasted sweet potatoes, and broccoli.",335.00,270.00,0.500
dish_1562691466,broccoli | yam | chicken apple sausage | scrambled eggs,319.87,267.00,"A meal with scrambled eggs, sausage slices, roasted sweet potatoes, and steamed broccoli.",495.00,350.00,0.600
dish_1562691538,egg whites,49.92,96.00,Plate with a small portion of scrambled egg whites and a piece of garlic.,34.00,55.00,0.500
dish_1562691566,broccoli | egg whites,100.61,187.00,A plate with broccoli and white fish.,120.00,220.00,0.333
dish_1562691613,egg whites | broccoli | yam | sweet potato,213.67,300.00,"Plate with broccoli, egg whites, and roasted sweet potatoes",181.00,350.00,0.750
dish_1562691674,sweet potato | broccoli | egg whites | yam | greek yogurt | chicken apple sausage | milk,376.98,435.00,"Plate with mixed vegetables, meatballs, and a creamy sauce",375.00,450.00,0.222
dish_1562691705,yam | egg whites | milk | greek yogurt | sweet potato | watermelon | broccoli | chicken apple sausage,412.68,554.00,Plate with a variety of vegetables and a chia seed pudding.,445.00,625.00,0.182
dish_1562691737,broccoli | egg whites | yam | chicken apple sausage | sweet potato | watermelon | pineapple,485.68,700.00,"A plate of roasted vegetables, chia seed pudding, and mixed fresh fruit.",370.00,430.00,0.000
dish_1562698100,squash,24.02,83.00,Plate with sliced zucchini,15.00,50.00,0.000
dish_1562698132,lentils | squash | fish,128.10,178.00,A meal consisting of fish with mixed vegetables.,200.00,180.00,0.250
dish_1562698209,millet | beef,284.13,135.00,Plate with two pieces of grilled meat,180.00,120.00,0.000
dish_1562698239,beef | white rice,407.63,230.00,Plate with rice and grilled meat.,290.00,190.00,0.500
dish_1562698276,broccoli | white rice | beef,434.58,307.00,"A meal consisting of white rice, broccoli, and grilled meat.",360.00,300.00,0.667
dish_1562699570,brown rice,24.42,22.00,Small portion of cooked brown rice on a plate.,20.00,15.00,1.000
dish_1562699612,brown rice | quinoa,98.39,74.00,Plate with two servings of rice or grain mixtures,160.00,110.00,0.333
dish_1562699652,brown rice | quinoa,132.18,103.00,"A meal with spinach, brown rice, and quinoa.",80.00,70.00,0.667
dish_1562699699,quinoa | beef | brown rice,372.11,217.00,"Meal with beef, spinach, and rice.",470.00,300.00,0.500
dish_1562700496,cauliflower,31.00,124.00,Small portion of cooked cauliflower on a plate,20.00,50.00,1.000
dish_1562700568,fish | cauliflower | lentils,246.86,318.00,"Plate with mixed greens, grains, nuts, and cauliflower.",205.00,220.00,0.250
dish_1562700593,cauliflower | fish | lentils | beef,385.77,384.00,"Plate with sliced beef, mixed salad with grains, cauliflower, and a casserole piece.",475.00,350.00,0.333
dish_1562700685,mushroom,24.20,110.00,A plate of cooked mushrooms with a few seeds scattered.,55.00,102.00,1.000
dish_1562700718,mushroom | beef | millet,329.38,255.00,Plate with sautéed mushrooms and slices of cooked meat.,200.00,180.00,0.333
dish_1562700760,beef | cauliflower | mushroom,370.13,418.00,"Plate with mashed cauliflower, cooked mushrooms, and pieces of meat.",285.00,350.00,0.667
dish_1562700885,cauliflower,29.25,117.00,Plate with a small portion of steamed cauliflower.,20.00,50.00,1.000
dish_1562700906,squash | cauliflower,59.64,222.00,Plate with cauliflower and mixed squash.,35.00,140.00,1.000
dish_1562700931,squash | cauliflower,164.23,312.00,Plate with salad greens and mixed vegetables.,75.00,160.00,1.000
dish_1562700957,fish | squash | cauliflower | lentils,286.93,424.00,"A plate with salad, chicken, and steamed vegetables.",250.00,230.00,0.400
dish_1562701956,cherry tomatoes,6.84,38.00,Plate with a few cherry tomatoes,10.00,30.00,1.000
dish_1562702007,cherry tomatoes | squash,24.78,100.00,Plate with zucchini and cherry tomatoes.,35.00,80.00,0.333
dish_1562702044,squash | cherry tomatoes | cauliflower,44.03,177.00,A small portion of roasted vegetables with cherry tomatoes.,45.00,120.00,0.500
dish_1562702091,cherry tomatoes | cauliflower | squash,86.53,214.00,"Mixed salad with cauliflower, cherry tomato, and cheese.",87.00,95.00,0.400
dish_1562702132,fish | squash | lentils | cauliflower,245.39,359.00,"Mixed salad with cauliflower, cherry tomatoes, diced cheese, and a seafood or chicken mixture",195.00,205.00,0.125
dish_1562702355,lettuce,68.88,99.00,"A small mixed salad with leafy greens, a few olives, and some cheese crumbles.",45.00,35.00,0.000
dish_1562702379,lettuce | cauliflower,100.88,227.00,Plate with cauliflower and mixed green salad,80.00,170.00,0.500
dish_1562702412,cauliflower | quinoa,183.39,285.00,"A meal consisting of cooked grains, salad greens, and cauliflower.",105.00,160.00,0.333
dish_1562702441,cauliflower | quinoa | watermelon,209.19,371.00,"Plate with lentils, cauliflower, and salad including watermelon and greens.",200.00,330.00,0.500
dish_1562702469,quinoa | cauliflower | beef,541.73,529.00,"A meal with roast beef, bulgur, mixed salad, cauliflower, and watermelon.",280.00,360.00,0.400
dish_1562702813,lettuce,41.05,59.00,A small salad with mixed greens and kidney beans.,40.00,50.00,0.000
dish_1562702853,beef,272.57,169.00,Plate with a serving of cooked meat and a green salad.,250.00,250.00,0.000
dish_1562702892,fish | beef | lentils,457.71,338.00,"A plate with a mix of green salad, rice and vegetable dish, and a meat dish.",480.00,300.00,0.000
dish_1562703345,pizza,154.28,58.00,A slice of pizza on a plate.,200.00,100.00,1.000
dish_1562703382,pizza,203.87,145.00,Plate with a slice of pizza and mixed berries.,290.00,185.00,1.000
dish_1562703408,pizza | beef,311.21,196.00,"A meal with a slice of pizza, steak, and mixed berries.",500.00,310.00,0.500
dish_1562703447,beef | pizza,384.43,259.00,A plate with a slice of pizza partially covered by a green salad.,300.00,250.00,0.500
dish_1562704528,cheese pizza,148.90,56.00,A small slice of cheese pizza on a plate.,150.00,75.00,1.000
dish_1562704564,cheese pizza | beef,292.02,124.00,Plate with a small portion of beef and a slice of bread with cheese.,350.00,160.00,1.000
dish_1562704616,squash | beef | cheese pizza,317.78,213.00,"A plate with beef, a portion of lasagna, and some roasted vegetables.",500.00,330.00,0.200
dish_1562704640,beef | squash | cheese pizza,333.28,275.00,"Meal with steak, roasted potatoes, halloumi cheese, and zucchini.",500.00,350.00,0.200
dish_1562704665,cheese pizza | caesar salad | beef,387.84,399.00,"Plate with steak slices, mashed potatoes, salad, roasted vegetables, and cheese bread.",570.00,410.00,0.200
dish_1562774099,granola,51.99,40.00,A salad with mixed greens on a plate.,10.00,30.00,0.000
dish_1562774129,granola,73.08,77.00,Mixed greens salad with strawberries and blueberries.,26.00,60.00,0.000
dish_1562774159,cantaloupe,90.76,129.00,"Mixed greens salad with cantaloupe, strawberries, and blueberries.",55.00,140.00,1.000
dish_1562774180,cantaloupe | roasted potatoes,164.08,181.00,"A plate with spinach salad, mixed fruit, and roasted potatoes.",190.00,190.00,0.667
dish_1562774206,scrambled eggs | roasted potatoes | cantaloupe,298.76,272.00,"Plate with scrambled eggs, roasted potatoes, green salad, and mixed fruit.",385.00,300.00,1.000
dish_1562774346,cheese | scrambled eggs,422.65,264.00,Scrambled eggs with shredded cheese and salsa on a square plate,260.00,200.00,0.667
dish_1562774475,sausage | roasted potatoes,320.96,128.00,Plate with roasted potatoes,80.00,60.00,0.500
dish_1562774504,sausage | roasted potatoes,335.36,176.00,"Plate with roasted potatoes, sausages, and watermelon chunks.",280.00,250.00,0.667
dish_1562774531,sausage | roasted potatoes,379.82,254.00,"A meal consisting of roasted potatoes, watermelon slices, strawberries, and blueberries.",190.00,280.00,0.333
dish_1562774980,oatmeal,136.68,201.00,Bowl of oatmeal with dried fruit pieces,180.00,220.00,0.500
dish_1562775047,oatmeal,284.88,461.00,"A bowl of mixed berries containing strawberries, blackberries, and blueberries.",139.00,320.00,0.000
dish_1562775110,honeydew melons,101.52,282.00,Bowl of mixed melon cubes,60.00,150.00,1.000
dish_1562775212,oatmeal,92.48,136.00,Bowl of porridge or oatmeal,150.00,200.00,1.000
dish_1562775241,oatmeal,140.36,220.00,Bowl of oatmeal topped with strawberries and blueberries,185.00,260.00,1.000
dish_1562775275,cantaloupe | oatmeal,173.68,318.00,"A bowl of oatmeal topped with chunks of cantaloupe, blueberries, and strawberries.",215.00,300.00,1.000
dish_1562775356,scrambled eggs,177.60,120.00,Plate of scrambled eggs,180.00,120.00,1.000
dish_1562775373,bacon | scrambled eggs,329.08,148.00,A plate with scrambled eggs and bacon.,300.00,195.00,1.000
dish_1562775456,sweet potato,50.16,66.00,Small portion of roasted potato cubes on a plate,40.00,30.00,1.000
dish_1562775488,egg whites | sweet potato,91.24,145.00,Plate with scrambled egg whites and roasted potato cubes.,114.00,175.00,1.000
dish_1562775510,egg whites | sweet potato | brussels sprouts,114.22,190.00,"A meal containing Brussels sprouts, roasted potatoes, and a portion of fish.",220.00,235.00,0.500
dish_1562775549,egg whites | brussels sprouts | sweet potato | cottage cheese,174.98,252.00,"Plate with roasted vegetables, fish, and cottage cheese.",245.00,265.00,0.600
dish_1562775574,egg whites | brussels sprouts | sweet potato | cottage cheese | pineapple,242.48,387.00,"Plate with various small portions including pineapple, roasted potatoes, Brussels sprouts, fish, and cottage cheese.",260.00,350.00,0.667
dish_1562776428,brussels sprouts,33.70,66.00,Plate of roasted Brussels sprouts,60.00,100.00,1.000
dish_1562776465,sweet potato | brussels sprouts,173.43,212.00,Plate with Brussels sprouts and roasted potatoes.,220.00,250.00,1.000
dish_1562776497,brussels sprouts | sweet potato | scrambled eggs,291.83,292.00,"A meal of scrambled eggs, roasted potatoes, and Brussels sprouts.",320.00,270.00,1.000
dish_1562777000,scrambled eggs,195.36,132.00,Scrambled eggs on a square white plate.,180.00,120.00,1.000
dish_1562777037,brussels sprouts | scrambled eggs,215.27,171.00,Scrambled eggs with Brussels sprouts,300.00,230.00,1.000
dish_1562777068,brussels sprouts | scrambled eggs,236.72,236.00,Scrambled eggs with Brussels sprouts and strawberries.,240.00,260.00,1.000
dish_1562777099,sweet potato | scrambled eggs | brussels sprouts,303.72,306.00,"Plate with scrambled eggs, roasted Brussels sprouts, potatoes, and mixed fruit.",420.00,350.00,0.750
dish_1562777566,toast,263.00,84.00,Toast with jam and a side of strawberries.,180.00,150.00,1.000
dish_1562783605,,75.60,270.00,Mixed salad with leafy greens and shredded vegetables,50.00,150.00,0.000
dish_1562783691,grilled chicken,421.69,423.00,"Salad with mixed greens, diced chicken breast, shredded carrots, and shredded cabbage in a bowl.",195.00,200.00,0.333
dish_1562784242,pizza,85.12,32.00,A small piece of pizza with cheese and tomato sauce.,50.00,30.00,1.000
dish_1562784266,corn on the cob | pizza,131.80,76.00,A small slice of pizza and a slice of corn on a plate.,190.00,100.00,1.000
dish_1562784307,pizza | eggplant | corn on the cob,158.52,157.00,"A meal consisting of a slice of pizza, grilled eggplant pieces, and a slice of corn on the cob.",290.00,220.00,1.000
dish_1562784347,pizza | corn on the cob | eggplant | bulgur,315.99,264.00,"A meal consisting of pizza, grilled eggplant, corn, and a green salad.",340.00,260.00,0.750
dish_1562784388,corn on the cob | pilaf | pizza | bulgur,465.64,358.00,"A balanced meal with pizza, bulgur, salad, eggplant, and corn.",520.00,400.00,0.600
dish_1562785132,fish | country rice,211.54,192.00,A small portion of casserole with visible vegetables and garnish.,250.00,150.00,0.000
dish_1562785159,caesar salad | country rice | fish,265.66,315.00,Plate with lasagna and Caesar salad.,600.00,420.00,0.250
dish_1562785184,caesar salad | country rice | eggplant | fish,290.40,390.00,"Plate with lasagna, roasted eggplant, and salad",500.00,375.00,0.200
dish_1562785328,bulgur,133.92,91.00,Mixed green salad on a plate,15.00,50.00,0.000
dish_1562785369,bulgur | pork,440.58,232.00,Plate with mixed green salad and sliced roasted meat.,225.00,150.00,0.000
dish_1562786103,frozen yogurt,93.08,57.00,Chocolate pudding in a bowl,180.00,150.00,0.000
dish_1562787745,garlic | bulgur | shallots | lemon juice | arugula | apple,85.36,58.00,Small portion of mixed salad with cauliflower.,10.00,35.00,0.000
dish_1562787783,pilaf,114.01,76.00,Small portion of cooked grains with a side salad,80.00,70.00,0.000
dish_1562787817,pilaf | pork,348.90,184.00,"Plate with sliced pork, quinoa, and a side salad.",370.00,230.00,0.250
dish_1562787848,pilaf | pork | corn on the cob,416.80,248.00,"Plate with a slice of roasted meat, corn on the cob, quinoa salad, and green salad.",455.00,360.00,0.250
dish_1562787956,caesar salad,26.84,61.00,Plate of Caesar salad,150.00,100.00,1.000
dish_1562787983,caesar salad | cantaloupe,56.76,149.00,Salad with chunks of cantaloupe,140.00,250.00,0.500
dish_1562788010,caesar salad | eggplant | cantaloupe,67.64,182.00,"Salad with cantaloupe, grilled eggplant, and lettuce.",100.00,260.00,0.500
dish_1562788032,caesar salad | cantaloupe | pork | eggplant,137.24,214.00,"A meal with chicken, papaya, lettuce, and grilled eggplant.",250.00,280.00,0.143
dish_1562788506,corn on the cob,114.59,108.00,Corn on the cob pieces on a plate,60.00,70.00,1.000
dish_1562788536,pilaf | corn on the cob,245.13,190.00,"Plate with mixed vegetables, rice, and corn on the cob",200.00,170.00,0.333
dish_1562788568,pilaf | corn on the cob | fish,289.20,230.00,"A meal with brown rice, vegetables, grilled meat, and corn on the cob.",330.00,220.00,0.250
dish_1562788601,fish | corn on the cob | pork | pilaf,413.17,287.00,"Plate with sliced chicken breast, mixed vegetables with rice, and corn on the cob",410.00,325.00,0.167
dish_1562788732,fish,57.29,52.00,Small portion of pizza with toppings,80.00,50.00,0.000
dish_1562788760,pork | fish,331.32,178.00,Plate with slices of cooked meat and a portion of baked spinach or leafy greens.,310.00,230.00,0.000
dish_1562788794,white rice | pork | fish,465.22,281.00,"Plate with slices of roasted meat, portion of spinach lasagna, and a serving of white rice.",370.00,280.00,0.250
dish_1562788816,pork | corn on the cob | fish | white rice,506.60,320.00,"Plate with rice, roasted meat, corn, and a vegetable slice.",390.00,355.00,0.400
dish_1562788845,white rice | corn on the cob | fish | pork,529.48,372.00,"Meal with pork, rice, corn, and salad.",460.00,410.00,0.750
dish_1562789207,cheese pizza,146.24,55.00,Small slice of pizza on a plate,150.00,100.00,1.000
dish_1562789240,cheese pizza | pork,361.56,154.00,Plate with a slice of pizza and a piece of grilled chicken.,400.00,220.00,0.333
dish_1562789268,pork | corn on the cob | cheese pizza,569.51,350.00,"A meal with corn, pizza, and a piece of chicken.",470.00,380.00,0.500
dish_1562789301,caesar salad | corn on the cob | cheese pizza | pork,606.91,435.00,"Plate with corn, pizza slice, salad, and grilled chicken",490.00,410.00,0.600
dish_1562789328,tofu | corn on the cob | pork | caesar salad | cheese pizza,656.55,503.00,"Plate with a variety of foods including pizza, corn, salad, mixed vegetables, and a grilled chicken piece.",640.00,450.00,0.667
dish_1562790170,arugula,103.69,84.00,A small salad with mixed greens.,10.00,20.00,0.000
dish_1562790224,walnuts,312.75,116.00,Salad with walnuts on a plate,140.00,60.00,1.000
dish_1562790259,walnuts | grilled chicken,518.59,207.00,"Salad with chicken, walnuts, and mixed greens",260.00,150.00,1.000
dish_1562790295,walnuts | grilled chicken,538.71,268.00,"Salad with chicken, walnuts, mixed greens, and eggplant.",280.00,220.00,0.667
dish_1562790321,walnuts | pizza | grilled chicken,767.47,354.00,"Salad with chicken, walnuts, grilled eggplant, greens, and a piece of flatbread.",360.00,245.00,0.400
dish_1562790775,bell peppers | cucumbers | garlic | radishes,75.69,40.00,Simple salad with spinach leaves and a few carrot shreds.,25.00,35.00,0.000
dish_1562790824,country rice | fish,437.07,368.00,Spinach salad with a portion of risotto or mixed rice dish.,270.00,180.00,0.333
dish_1562790855,fish | pork | country rice,739.38,507.00,Plate with cooked chicken and rice with vegetables,460.00,300.00,0.250
dish_1562859116,scrambled eggs,145.04,98.00,Scrambled eggs on a plate,140.00,100.00,1.000
dish_1562860045,scrambled eggs | bacon,280.29,123.00,Scrambled eggs with bacon on a plate,350.00,190.00,1.000
dish_1562860073,scrambled eggs | bacon,357.81,259.00,"A breakfast plate containing bacon, scrambled eggs, strawberries, and blueberries.",520.00,300.00,1.000
dish_1562860700,pineapple,23.50,47.00,A small serving of pineapple pieces on a plate,25.00,50.00,1.000
dish_1562860723,pineapple,87.91,160.00,A small serving of mixed fruits on a plate.,45.00,95.00,1.000
dish_1562861103,bell peppers,94.61,50.00,A small salad with spinach leaves and shredded carrots.,20.00,50.00,0.000
dish_1562861125,egg whites,190.81,235.00,A plate with scrambled eggs and a salad of spinach and carrots.,180.00,150.00,0.500
dish_1562861174,egg whites | bacon,401.80,274.00,"A meal with bacon strips, chopped egg whites, and a salad mix.",190.00,170.00,0.667
dish_1562862493,scrambled eggs,198.32,134.00,Scrambled eggs with bell peppers,200.00,150.00,1.000
dish_1562862550,cream cheese | scrambled eggs | bagels,364.52,257.00,"A breakfast meal with scrambled eggs, strawberries, and a bagel half with cream cheese.",475.00,300.00,0.667
dish_1562871297,cheese pizza,124.97,47.00,A single slice of cheese pizza on a plate,180.00,90.00,1.000
dish_1562871363,white rice | cheese pizza,245.87,140.00,A small slice of pizza and a portion of white rice on a plate.,350.00,225.00,1.000
dish_1562871408,cheese pizza | squash | white rice,271.34,228.00,"Plate with rice, cooked vegetables, and a small slice of pizza.",240.00,185.00,0.500
dish_1562871448,white rice | squash | cheese pizza | brussels sprouts,295.85,276.00,"A meal consisting of a slice of pizza, white rice, and roasted vegetables.",430.00,270.00,0.400
dish_1562871488,white rice | mushroom | squash | brussels sprouts | cheese pizza,321.59,393.00,"A meal with rice, vegetables, mushrooms, and a slice of pizza.",450.00,430.00,0.800
dish_1562871537,white rice | grilled chicken | cheese pizza,685.77,554.00,"Plate with chicken pieces, mushrooms, roasted vegetables, rice, and a slice of pizza.",640.00,530.00,0.600
dish_1562871731,bok choy,17.03,131.00,Small bowl of cooked greens,15.00,50.00,0.000
dish_1562872150,mushroom,7.48,34.00,Small portion of cooked mushrooms on a plate,10.00,20.00,1.000
dish_1562872182,mushroom | bok choy,41.54,296.00,A plate of bok choy and mushrooms.,30.00,150.00,1.000
dish_1562872223,chicken | bok choy,306.86,468.00,Chicken with leafy greens and mushrooms,300.00,300.00,0.333
dish_1562872365,bok choy,9.88,76.00,Small portion of cooked greens on a plate,10.00,30.00,0.000
dish_1562872396,chicken | bok choy,179.56,186.00,A meal consisting of cooked greens and baked poultry with stuffing,270.00,190.00,0.000
dish_1562872432,chicken,259.08,257.00,"Plate with couscous, sauteed greens, and a piece of baked chicken",250.00,190.00,1.000
dish_1562872470,fish | chicken,286.38,282.00,"Plate with couscous, vegetables, and meat pieces.",250.00,210.00,0.000
dish_1562872498,chicken,306.26,320.00,"A plate with couscous, green beans, mixed greens, and roasted meat.",365.00,270.00,0.000
dish_1562872662,corn | fish,133.22,122.00,Small portion of a stuffed vegetable with greens on top.,125.00,105.00,0.000
dish_1562872746,fish | corn | arugula,242.36,203.00,Salad with leafy greens and a savory dish topped with nuts or grains.,170.00,130.00,0.000
dish_1562872914,fish | corn,135.40,124.00,Small portion of lasagna with a side of vegetables.,270.00,180.00,0.000
dish_1562872945,corn | fish,258.60,234.00,A meal consisting of a piece of baked or grilled meat and a side of roasted vegetables.,350.00,250.00,0.000
dish_1562872981,corn | fish,268.32,288.00,"Plate with cherry tomatoes, a vegetable casserole, and mixed potato salad.",410.00,400.00,0.000
dish_1562873002,fish | corn,278.26,307.00,"A meal consisting of grilled fish, roasted potatoes, cherry tomatoes, and green beans.",430.00,480.00,0.200
dish_1562873028,fish | corn,280.34,320.00,"A meal consisting of grilled meat, green beans, cherry tomatoes, cucumber slices, and potato salad.",425.00,480.00,0.000
dish_1562873155,green beans,41.34,79.00,Plate of green beans,40.00,100.00,1.000
dish_1562873187,green beans | bok choy,64.22,255.00,Plate of mixed greens with green beans and leafy greens.,55.00,150.00,0.500
dish_1562873224,fish | corn | green beans | bok choy,261.86,436.00,"Plate with fish, green vegetables, and sauce.",340.00,300.00,0.200
dish_1562873264,fish | country rice,503.60,595.00,"Plate with salmon, mixed greens, and brown rice",450.00,320.00,0.333
dish_1562873416,caesar salad,52.36,119.00,Small serving of salad with leafy greens and tomatoes,35.00,55.00,0.000
dish_1562873495,caesar salad | cheese pizza,140.11,152.00,A small portion of salad and a piece of pizza on a plate.,150.00,100.00,0.500
dish_1562873544,fish | cheese pizza | caesar salad,193.61,201.00,Meal consisting of a green salad and a slice of lasagna with vegetable topping.,280.00,190.00,0.000
dish_1562873790,lettuce | lime | onions | cucumbers | cherry tomatoes,75.71,75.00,A plate of mixed greens.,10.00,30.00,0.000
dish_1562873814,green beans,106.58,134.00,Salad with green beans and mixed greens,65.00,150.00,1.000
dish_1562873838,chicken,427.44,342.00,Plate with a serving of cooked chicken pieces on mixed greens salad.,400.00,250.00,1.000
dish_1562874049,cheese pizza,412.14,155.00,A small cheese pizza cut into four slices on a plate.,300.00,180.00,1.000
dish_1562874203,sour cream | corn | fish,362.52,332.00,"Plate with pieces of grilled chicken, mixed vegetables, and grains.",450.00,370.00,0.000
dish_1562874250,fish | corn | sour cream,394.44,393.00,"A meal consisting of grilled chicken, mixed vegetables, and sautéed green beans.",400.00,350.00,0.000
dish_1562874282,corn | caesar salad | sour cream | fish,427.88,469.00,"Meal with mixed vegetables, grilled tofu, and salad.",450.00,400.00,0.000
dish_1562875159,pizza,260.68,98.00,A small piece of pizza on a plate.,180.00,80.00,1.000
dish_1562875211,pizza | caesar salad,282.24,147.00,Plate with a slice of pizza and Caesar salad,400.00,225.00,1.000
dish_1562875241,chicken | pizza,479.69,275.00,"Plate with roasted chicken, salad, and pizza slice.",510.00,320.00,1.000
dish_1562875273,pizza | chicken,495.91,306.00,"A meal with chicken, green beans, salad, and a slice of pizza.",570.00,330.00,0.500
dish_1562875320,chicken | country rice | pizza,603.86,377.00,"Plate with chicken, green beans, mixed rice, salad, and pizza.",720.00,520.00,0.600
dish_1562875833,corn | fish,156.15,143.00,Grilled fish pieces on a plate.,150.00,100.00,0.500
dish_1562875870,fish | corn,256.95,233.00,"Plate with salmon, couscous, and a cherry tomato.",355.00,235.00,0.000
dish_1562875898,bok choy | corn | fish,271.12,342.00,"A meal consisting of couscous, chicken, bok choy, and a cherry tomato.",350.00,250.00,0.200
dish_1562875940,country rice | fish,386.67,418.00,"Plate with rice, couscous, cooked vegetables, and a small piece of meat.",390.00,290.00,0.333
dish_1562876494,chicken,40.11,26.00,"Small portions of chicken, green beans, and rice.",50.00,45.00,0.333
dish_1562876531,chicken | caesar salad,66.07,85.00,"A small salad with lettuce, croutons, and cheese chunks.",70.00,45.00,0.000
dish_1562876618,cheese pizza,114.34,43.00,A small piece of cheese pizza on a large white plate.,100.00,60.00,1.000
dish_1562876645,chicken | cheese pizza,220.77,112.00,A serving of a pizza slice and a chicken drumstick.,270.00,155.00,1.000
dish_1562876674,cheese pizza | chicken | country rice,289.19,157.00,"A meal with a chicken drumstick, rice with vegetables, and a slice of pizza.",430.00,255.00,1.000
dish_1562876709,chicken | cheese pizza | country rice,304.37,186.00,"A meal consisting of a chicken drumstick, a slice of pizza, green beans, and a rice mixture.",470.00,330.00,0.750
dish_1562876732,cheese pizza | caesar salad | country rice | chicken,350.57,291.00,"Plate with roasted chicken leg, mixed rice, green beans, Caesar salad, and a slice of pizza.",820.00,445.00,0.800
dish_1562876756,cheese pizza | caesar salad | chicken | country rice,354.60,322.00,"Plate with roasted chicken leg, salad, rice mixture, green beans, cucumber slices, and pizza slice.",640.00,530.00,0.500
dish_1562945131,broccoli,37.32,67.00,"A small serving of broccoli florets on a plate, with additional mixed berries on the side.",15.00,30.00,1.000
dish_1562945186,broccoli | greek yogurt | chia seeds | milk,191.53,219.00,Meal with mince over sliced bananas and broccoli,170.00,190.00,0.167
dish_1562945332,chia seeds | broccoli | greek yogurt | egg whites | milk,246.65,325.00,"A meal consisting of scrambled egg whites, beef with mushrooms, and broccoli.",190.00,220.00,0.333
dish_1562945393,chia seeds | broccoli | greek yogurt | egg whites | sweet potato | milk,319.39,401.00,"A meal consisting of scrambled egg whites, roasted potatoes, minced meat, and broccoli.",270.00,320.00,0.500
dish_1562945445,sweet potato | broccoli | greek yogurt | egg whites | milk | chia seeds | grapes,362.17,463.00,"A plate with scrambled eggs, grapes, roasted potatoes, broccoli, and a ground meat with banana dish.",535.00,450.00,0.500
dish_1562945499,broccoli | greek yogurt | sweet potato | grapes | chia seeds | milk | egg whites,454.51,625.00,"A mixed plate with cottage cheese, berries, grapes, broccoli, and minced meat with banana slices.",315.00,410.00,0.200
dish_1562945779,granola,37.70,29.00,A small portion of mixed leafy greens on a plate.,5.00,20.00,0.000
dish_1562945803,honeydew melons,50.30,64.00,Salad with leafy greens and diced cheese.,90.00,70.00,0.000
dish_1562945823,honeydew melons | cantaloupe,62.20,99.00,"Salad with mixed greens, melon, and cubed fruit.",55.00,130.00,1.000
dish_1562945851,cantaloupe | honeydew melons,91.27,150.00,A plate with diverse fruit and salad greens.,85.00,270.00,0.333
dish_1562945879,succotash | cantaloupe | honeydew melons,174.43,234.00,"Mixed salad plate with fruits, leafy greens, and a corn mixture.",155.00,390.00,0.200
dish_1562945900,honeydew melons | succotash | roasted potatoes,240.70,281.00,"A mixed salad plate with fruits, greens, potatoes, and corn mixture.",250.00,350.00,0.400
dish_1562946006,sausage | scrambled eggs,535.98,224.00,Scrambled eggs and meatballs on a plate,350.00,220.00,0.333
dish_1562946075,sausage | scrambled eggs,557.88,297.00,"Plate with scrambled eggs, sausages, and watermelon.",530.00,370.00,0.667
dish_1562946106,sausage | scrambled eggs,578.96,359.00,"Plate with scrambled eggs, meatballs, watermelon, and cantaloupe cubes.",445.00,420.00,0.200
dish_1562947020,scrambled eggs | cheese,533.12,333.00,Plate of scrambled eggs with cheese.,250.00,150.00,0.500
dish_1562947376,pineapple,36.50,73.00,A small portion of pineapple pieces on a plate.,20.00,30.00,1.000
dish_1562947409,pineapple,103.19,190.00,"A small serving of mixed fruit consisting of pineapple chunks, strawberries, and blueberries.",65.00,115.00,1.000
dish_1562947436,sausage | pineapple,282.38,242.00,"Plate with sausage slices, strawberries, blueberries, and pineapple chunks",185.00,185.00,1.000
dish_1562947469,roasted potatoes | pineapple | sausage,392.36,320.00,Plate with fruit and sausage slices,290.00,310.00,0.500
dish_1562947503,sausage | roasted potatoes | egg whites | pineapple,438.12,408.00,"A plate with sliced fruit, pieces of sausage, cooked potatoes, and what appears to be scrambled eggs or soft cheese.",370.00,280.00,1.000
dish_1562947598,cantaloupe,87.72,258.00,Bowl of cubed cantaloupe,60.00,200.00,1.000
dish_1562947885,grapes,215.97,313.00,Bowl of mixed green and red grapes,150.00,250.00,1.000
dish_1562949162,bacon,64.92,12.00,Small portion of cooked bacon on a white plate.,70.00,20.00,1.000
dish_1562949205,cantaloupe | bacon,80.22,57.00,A small serving of diced cantaloupe with a piece of cooked bacon.,70.00,95.00,1.000
dish_1562949242,bacon | cantaloupe | sweet potato,139.56,119.00,"A small portion meal with cantaloupe pieces, bacon, and diced potatoes.",150.00,130.00,1.000
dish_1562949467,bok choy,24.66,72.00,A small portion of steamed or cooked green vegetables on a plate.,10.00,30.00,0.000
dish_1562949494,bok choy,68.55,149.00,A small portion of berries and cooked vegetables.,35.00,90.00,0.000
dish_1562949541,turkey bacon | scrambled eggs,494.23,374.00,"Scrambled eggs with sausages, mixed berries, and some vegetable slices.",520.00,375.00,0.250
dish_1562950018,roasted potatoes,200.22,142.00,A small portion of diced potatoes on a plate.,70.00,100.00,1.000
dish_1562950057,scrambled eggs | roasted potatoes,320.10,223.00,Scrambled eggs with roasted potatoes,280.00,250.00,1.000
dish_1562950091,roasted potatoes | scrambled eggs | sausage,550.98,290.00,"Plate with scrambled eggs, potato pieces, and sausage slices.",450.00,340.00,1.000
dish_1562950895,sweet potato,137.82,144.00,Plate of diced roasted potatoes,120.00,100.00,1.000
dish_1562950934,sweet potato | egg whites,304.22,464.00,A meal consisting of scrambled egg whites and roasted potatoes.,290.00,300.00,1.000
dish_1562956486,tofu,103.66,142.00,"A plate with tofu, cherry tomatoes, and mushrooms.",200.00,380.00,0.333
dish_1562956510,pork | tofu,221.17,199.00,"A meal with tofu cubes, cherry tomatoes, mushrooms, cooked meat, and possible herbs or vegetables.",285.00,250.00,0.250
dish_1562958445,,24.15,21.00,A small serving of dark olives on a plate.,30.00,20.00,
dish_1562958563,chicken salad,130.84,68.00,Plate with olives and chicken salad.,130.00,90.00,1.000
dish_1562958603,chicken salad | chickpeas,171.84,93.00,"Plate with chicken salad, chickpeas, and olives.",310.00,190.00,1.000
dish_1562958629,chicken salad | chickpeas | artichokes,208.97,172.00,"Plate with artichoke hearts, chickpeas, olives, and a chicken salad.",260.00,230.00,1.000
dish_1562958721,carrot | cabbage | rice noodles,125.72,167.00,"A small portion of mixed salad with lettuce, cabbage, carrots, and radishes.",35.00,70.00,0.333
dish_1562958775,rice noodles,227.18,251.00,Salad with leafy greens and root vegetables,35.00,90.00,0.000
dish_1562958809,rice noodles | pork,511.67,389.00,Stir-fry with vegetables and salad.,300.00,300.00,0.000
dish_1562958998,quinoa | fish,109.09,104.00,Small serving of breaded and fried fish with microgreens.,205.00,105.00,0.333
dish_1562959024,quinoa | pizza | fish,319.23,183.00,A plate with two small portions of pizza and a piece of fried food with greens.,500.00,250.00,0.250
dish_1562959059,pizza | fish | roasted potatoes,365.76,216.00,"Plate with a portion of fish, pizza slices, and roasted potatoes.",520.00,290.00,1.000
dish_1562959103,parsnips | roasted potatoes | pizza | fish,395.01,255.00,"The meal consists of breaded chicken, roasted potatoes, a slice of pizza, and a piece of bread or bun.",490.00,270.00,0.333
dish_1562959129,fish | pizza | parsnips | roasted potatoes,412.87,293.00,"A meal with fried fish, pizza slices, artichoke hearts, potatoes, and bread.",505.00,310.00,0.500
dish_1562959190,fish | roasted potatoes | pizza | parsnips,518.80,378.00,"A plate with pizza slices, breaded chicken, roasted potatoes, and a mixed salad.",680.00,410.00,0.400
dish_1562959295,radishes,3.04,19.00,A small portion of sliced radishes on a plate.,1.00,10.00,1.000
dish_1562959344,radishes | cucumbers,5.54,44.00,Plate with sliced radishes and cucumbers,9.00,50.00,1.000
dish_1562959379,radishes | arugula,57.07,85.00,"Salad with arugula, cucumber slices, and radish slices",17.00,60.00,0.250
dish_1562959485,arugula,45.24,36.00,"Plate with remnants of a meal, including a small portion of salad.",10.00,15.00,0.000
dish_1562959517,spinach (raw) | arugula | chard | cherry tomatoes | pumpkin seeds | carrot | lettuce | figs | cucumbers,91.14,74.00,A small portion of dressed mixed greens and arugula on a plate.,15.00,30.00,0.111
dish_1562959547,fish,165.62,145.00,"Plate with salad and a small portion of mixed dish, possibly including vegetables and protein.",95.00,100.00,0.000
dish_1562959570,fish | pork,311.99,216.00,"A plate with roasted potatoes, salad greens, and a vegetable mixture.",240.00,180.00,0.000
dish_1562959599,roasted potatoes | pork | fish,403.64,281.00,"Plate with roasted potatoes, mixed greens, and pieces of chicken with sauce.",275.00,180.00,0.250
dish_1562959700,pork | white rice | sugar,315.41,153.00,Pieces of sushi roll with rice and vegetables,120.00,100.00,0.000
dish_1562959732,pork | parsnips | sugar | white rice,374.66,232.00,A meal with cooked meat chunks and diced root vegetables.,250.00,180.00,0.000
dish_1562959766,sugar | rice noodles | pork | parsnips,431.13,307.00,"Plate with mixed noodles, roasted vegetables, and pieces of fish.",450.00,350.00,0.167
dish_1562959799,pork | parsnips | rice noodles | sugar,498.77,363.00,"Plate with salad, pasta, cooked meat, and roasted potatoes.",410.00,270.00,0.000
dish_1562960437,roasted potatoes,97.29,69.00,Three small roasted potatoes with a leaf on a plate.,151.00,101.00,0.500
dish_1562960472,roasted potatoes | caesar salad,139.97,166.00,Caesar salad with chicken and croutons.,180.00,125.00,0.200
dish_1562960520,pork | caesar salad | roasted potatoes,422.40,303.00,"Plate of salad with greens, croutons, and dressing",275.00,125.00,0.000
dish_1562961588,pizza,178.22,67.00,A small slice of pizza and a piece of an unknown dish with sauce.,250.00,100.00,0.500
dish_1562961609,pizza | pork,423.54,186.00,Plate with a small portion of pasta and a slice of pizza,350.00,230.00,0.333
dish_1562961650,pork | pizza | fish,555.71,312.00,A plate with a small piece of pizza and a serving of stir-fried meat and vegetables.,500.00,240.00,0.250
dish_1562963006,quinoa | fish,259.10,247.00,Plate of pasta with sauce and vegetables,300.00,230.00,0.000
dish_1562963033,quinoa | fish | roasted potatoes,356.39,316.00,A dish with a serving of casserole and two small potatoes.,430.00,350.00,0.250
dish_1562963059,fish | quinoa | roasted potatoes,369.53,389.00,"A meal with roasted chicken, cherry tomatoes, and small potatoes",360.00,320.00,0.200
dish_1562963084,quinoa | roasted potatoes | fish,375.13,424.00,"A plate with meat or casserole, cherry tomatoes, small potatoes, and sliced radishes.",445.00,390.00,0.167
dish_1562963109,fish | quinoa | roasted potatoes,381.53,488.00,"Meal with lasagna, cherry tomatoes, zucchini, radishes, and small roasted potatoes.",470.00,410.00,0.143
dish_1562963153,fish | quinoa | roasted potatoes,386.48,521.00,"A plate with meat dish, cherry tomatoes, cucumber, potatoes, radishes, and lettuce.",500.00,480.00,0.143
dish_1562963246,cheese pizza,324.40,122.00,Two slices of pizza on a plate,400.00,160.00,1.000
dish_1562963289,caesar salad | cheese pizza,349.92,180.00,Plate with two slices of pizza and a portion of salad.,550.00,300.00,0.500
dish_1562963325,sugar | pork | cheese pizza,760.16,379.00,"A meal consisting of rice with a stew, salad, and slices of pizza.",600.00,450.00,0.250
dish_1562963484,arugula,100.54,80.00,"Arugula salad with cucumber slices, almonds, and mozzarella.",70.00,75.00,0.250
dish_1562963517,fish | quinoa,552.65,511.00,"A plate with a mix of quinoa and vegetables, including arugula and cucumber.",365.00,300.00,0.250
dish_1562963583,pizza,138.32,52.00,A small slice of pizza on a plate.,150.00,50.00,1.000
dish_1562963612,pizza | caesar salad,184.08,156.00,A small slice of pizza and a side salad on a plate.,220.00,140.00,0.333
dish_1562963648,caesar salad | pizza | rice noodles,252.59,247.00,"Plate with spaghetti, pizza slice, and Caesar salad",500.00,300.00,0.500
dish_1562963676,roasted potatoes | caesar salad | pizza | rice noodles,397.82,350.00,"Plate with pasta, baby potatoes, salad, and pizza slice",680.00,425.00,0.400
dish_1562963704,roasted potatoes | caesar salad | pork | rice noodles | pizza,663.76,479.00,"A meal consisting of pasta, roasted potatoes, chicken pieces, salad, and a slice of pizza.",850.00,540.00,0.286
dish_1563205877,chicken apple sausage,56.00,35.00,Plate with six small round crackers.,60.00,12.00,0.000
dish_1563205903,chicken apple sausage | egg whites,101.24,122.00,Plate with cut hard-boiled eggs and small round crackers.,220.00,120.00,0.333
dish_1563205927,egg whites | yam | sweet potato | chicken apple sausage,160.27,181.00,"The meal consists of scrambled eggs, roasted vegetables, and sausage slices.",300.00,180.00,0.400
dish_1563205953,yam | sweet potato | egg whites | pineapple | chicken apple sausage,218.77,298.00,"Plate with scrambled egg whites, sausage slices, roasted vegetables, and pineapple chunks.",210.00,290.00,0.500
dish_1563205982,egg whites | yam | chicken apple sausage | sweet potato | pineapple,316.24,469.00,"A meal with egg whites, mixed berries, sausage slices, and pineapple chunks.",260.00,315.00,0.600
dish_1563206409,scrambled eggs | cheese,443.46,277.00,Scrambled eggs topped with shredded cheese,300.00,180.00,1.000
dish_1563206562,yam | sweet potato,98.21,68.00,Plate with roasted vegetables.,40.00,50.00,0.000
dish_1563206582,yam | egg whites | sweet potato,229.25,320.00,A meal consisting of scrambled egg whites and roasted vegetables.,180.00,270.00,0.250
dish_1563206601,sweet potato | turkey bacon | egg whites | yam,293.80,337.00,"Plate with egg whites, turkey bacon, and roasted vegetables.",240.00,300.00,0.400
dish_1563207277,yam | sweet potato,153.09,106.00,Plate of roasted vegetables,70.00,80.00,0.500
dish_1563207301,yam | egg whites | sweet potato,187.93,173.00,Plate with roasted sweet potatoes and mashed potatoes,150.00,130.00,0.333
dish_1563207332,scrambled eggs | yam | egg whites | sweet potato,288.57,241.00,"A meal with roasted sweet potatoes, scrambled eggs, and feta cheese.",170.00,125.00,0.500
dish_1563207364,scrambled eggs | yam | grapes | egg whites | sweet potato,309.27,271.00,"A plate with grapes, roasted vegetables, mashed potatoes, and a portion of soft cheese.",235.00,260.00,0.400
dish_1563207389,pineapple | sweet potato | scrambled eggs | egg whites | grapes | yam,337.27,327.00,"A plate with scrambled eggs, cottage cheese, roasted sweet potatoes, grapes, and pineapple chunks.",290.00,270.00,0.667
dish_1563207406,scrambled eggs | pineapple | egg whites | yam | watermelon | sweet potato | grapes,372.07,443.00,"A plate with a variety of foods including fruits, roasted vegetables, scrambled eggs, and cheese.",335.00,380.00,0.571
dish_1563208094,yam | sweet potato,160.31,111.00,Roasted mixed vegetables on a plate,160.00,200.00,0.250
dish_1563208129,yam | sweet potato | scrambled eggs,426.71,291.00,Plate with scrambled eggs and roasted vegetables,300.00,250.00,0.250
dish_1563208412,chicken apple sausage,62.40,39.00,Plate with five small sausage patties.,250.00,100.00,1.000
dish_1563208439,chicken apple sausage,92.61,96.00,A small plate with mini pancakes and raspberries.,110.00,70.00,0.000
dish_1563208459,yam | sweet potato | chicken apple sausage,186.49,161.00,"Plate with sausage pieces, raspberries, and roasted sweet potatoes.",210.00,180.00,0.667
dish_1563216381,broccoli,34.65,99.00,Small portion of cooked broccoli on a plate,10.00,40.00,1.000
dish_1563216412,white rice | broccoli,172.45,205.00,A small portion of white rice and broccoli on a plate.,125.00,125.00,1.000
dish_1563216440,chicken breast | white rice | broccoli,403.79,352.00,"Plate with breaded chicken, steamed broccoli, and white rice.",460.00,400.00,1.000
dish_1563216625,chicken breast,171.54,109.00,Breaded chicken strips with some vegetable filling.,120.00,70.00,1.000
dish_1563216659,chicken breast | squash,190.06,173.00,Partial serving of breaded chicken with zucchini and roasted squash.,220.00,170.00,1.000
dish_1563216689,squash | broccoli | chicken breast,235.21,302.00,"A meal consisting of breaded chicken, broccoli, and roasted squash.",335.00,270.00,1.000
dish_1563216717,squash | chicken breast | broccoli,246.01,332.00,"A meal with breaded chicken, broccoli, diced melon, and roasted squash.",340.00,300.00,0.750
dish_1563217736,broccoli,23.45,67.00,Plate with a small portion of broccoli,20.00,50.00,1.000
dish_1563217774,mangos | arugula | broccoli | tomatoes,96.14,265.00,Mixed salad with various vegetables,60.00,155.00,0.286
dish_1563217804,white rice | pork,492.93,459.00,"Plate with salad, rice, and grilled meat.",400.00,345.00,0.500
dish_1563217895,arugula,26.80,73.00,"Small salad with mixed greens, fruits, and vegetables",25.00,55.00,0.000
dish_1563217939,white rice | pork,227.24,171.00,"A meal with grilled meat, rice, salad greens, and fruit slices.",310.00,230.00,0.333
dish_1563217968,white rice | broccoli | pork,252.79,244.00,"A meal consisting of stir-fried meat with rice, broccoli, and a side of mixed salad with sliced fruits.",350.00,260.00,0.500
dish_1563217993,pork | squash | broccoli,279.71,337.00,"A plate with roasted pumpkin, broccoli, rice with meat, and mixed fruits and vegetables.",310.00,345.00,0.167
dish_1563218031,broccoli | pork | chicken breast,419.77,426.00,"A mixed plate with rice, breaded chicken, broccoli, plantains, and peach slices.",390.00,280.00,0.333
dish_1563218201,grilled chicken,352.87,156.00,Bowl of chopped cooked chicken pieces,200.00,150.00,1.000
dish_1563218408,pepperoni pizza,245.34,87.00,Two slices of pepperoni pizza in a bowl,350.00,150.00,1.000
dish_1563218959,white rice | pork,267.94,131.00,A small portion of beef with rice and zucchini slices.,230.00,150.00,0.250
dish_1563218987,pepperoni pizza | pork,383.56,172.00,"A meal consisting of a slice of pepperoni pizza, cooked rice, grilled beef, and zucchini slices.",480.00,270.00,0.200
dish_1563219009,pepperoni pizza | pork,388.36,202.00,"A small meal with pizza, rice with beef, and vegetables.",470.00,300.00,0.250
dish_1563219035,pepperoni pizza | pork,410.21,221.00,"A combination of pizza, olives, mixed vegetables, meat, and rice on a plate.",345.00,225.00,0.167
dish_1563219056,pepperoni pizza | pork,416.87,258.00,"Plate with pizza, salad, grilled meat, and rice.",650.00,390.00,0.200
dish_1563220058,pepperoni pizza,146.64,52.00,A single slice of pepperoni pizza on a plate.,150.00,80.00,1.000
dish_1563220087,broccoli | pepperoni pizza,162.74,98.00,A plate with a slice of pepperoni pizza and some broccoli florets.,215.00,150.00,1.000
dish_1563220109,pepperoni pizza | squash | broccoli,184.74,174.00,"A meal with a slice of pepperoni pizza, roasted squash, and broccoli.",215.00,170.00,1.000
dish_1563220143,pepperoni pizza | chicken breast,425.51,327.00,"A meal consisting of grilled chicken, a slice of pizza, roasted pumpkin, and broccoli.",510.00,365.00,0.500
dish_1563220171,brown rice | chicken breast | pepperoni pizza,465.47,363.00,"Plate with chicken, pizza, rice with vegetables, squash, and broccoli.",570.00,440.00,0.600
dish_1563220767,pork | white rice,265.89,130.00,Pieces of cooked meat on a plate,150.00,100.00,0.000
dish_1563220802,white rice | pork | broccoli,308.59,252.00,Plate with steamed broccoli and grilled meat pieces.,250.00,250.00,0.333
dish_1563220987,pork | white rice,224.99,110.00,Small portion of cooked meat with a green leaf on a plate.,151.00,102.00,0.000
dish_1563221025,white rice | pork | chicken breast,245.45,123.00,Small portion of grilled meat with a piece of breaded food,200.00,95.00,0.000
dish_1563221054,chicken breast | pork,298.88,170.00,Salad with leafy greens and grilled meat.,250.00,175.00,0.000
dish_1563221086,chicken breast | pork | broccoli,328.28,254.00,"Plate with roasted meat, steamed broccoli, and a mixed green salad.",225.00,230.00,0.333
dish_1563221157,broccoli | black beans | pork,418.15,352.00,"Plate with salad, steamed broccoli, and sliced meat.",280.00,320.00,0.333
dish_1563221495,pepperoni pizza | chicken breast,365.27,164.00,A slice of pepperoni pizza and a small portion of casserole with chicken and vegetables,435.00,200.00,1.000
dish_1563221519,chicken breast | pepperoni pizza,379.97,206.00,"A meal with a slice of pepperoni pizza, broccoli, and a portion of chicken.",420.00,270.00,0.667
dish_1563221562,chicken breast | pepperoni pizza,395.60,260.00,"A meal consisting of a slice of pepperoni pizza, steamed broccoli, a piece of chicken, and roasted squash.",480.00,350.00,0.500
dish_1563221602,pepperoni pizza | chicken breast,447.89,306.00,"Plate with pizza slice, broccoli, salad, chicken, and baked potato.",545.00,375.00,0.500
dish_1563221640,pepperoni pizza | chicken breast,469.19,364.00,"The meal consists of salad, pizza, broccoli, chicken, and a portion of stuffed squash.",415.00,300.00,0.500
dish_1563222745,pepperoni pizza,135.36,48.00,A single slice of pepperoni pizza.,200.00,80.00,1.000
dish_1563222775,pork | pepperoni pizza,190.58,75.00,A small slice of pepperoni pizza and a small piece of roasted meat.,230.00,125.00,0.500
dish_1563222800,chicken breast | pork | pepperoni pizza,302.32,146.00,"Plate with sliced chicken breast, pizza slice, and roasted mushroom.",430.00,240.00,0.500
dish_1563222830,broccoli | chicken breast | pork | pepperoni pizza,325.07,211.00,"Plate with chicken breast, slice of pizza, broccoli, and mushroom.",340.00,260.00,0.600
dish_1563222850,pork | broccoli | pepperoni pizza | brown rice | chicken breast,348.38,232.00,"A meal consisting of sliced chicken breast, a piece of pepperoni pizza, bulgur, broccoli, and a slice of stuffed mushroom.",535.00,320.00,0.429
dish_1563294408,pineapple,41.50,83.00,Plate with small pieces of pineapple,40.00,80.00,1.000
dish_1563294441,pineapple | watermelon,65.20,162.00,Small portions of pineapple and watermelon on a plate,55.00,180.00,1.000
dish_1563294465,pineapple | watermelon | grapes,116.95,237.00,"A small fruit plate with grapes, watermelon, and pineapple.",55.00,135.00,1.000
dish_1563294491,pineapple | grapes | watermelon,146.98,328.00,"A plate of mixed fruits including pineapple, watermelon, strawberries, green grapes, and a blueberry.",79.00,253.00,1.000
dish_1563294522,sweet potato | yam | watermelon | pineapple | grapes,250.97,400.00,Plate with mixed fruits and some cooked vegetables.,145.00,220.00,0.600
dish_1563294547,yam | sweet potato | grapes | watermelon | hash browns | pineapple,430.27,455.00,"A plate with assorted fruits, roasted sweet potatoes, and hashbrowns.",176.00,252.00,0.375
dish_1563294575,hash browns | grapes | sweet potato | egg whites | yam | pineapple,485.91,562.00,"A plate with scrambled eggs, assorted fruits, and roasted sweet potatoes.",350.00,350.00,0.500
dish_1563294987,bacon,97.38,18.00,A piece of cooked meat on a plate.,150.00,120.00,0.000
dish_1563295016,bacon | pineapple,127.88,79.00,Plate with a piece of bacon-wrapped chicken and pineapple chunks.,245.00,170.00,1.000
dish_1563295044,yam | sweet potato | pineapple | bacon,241.98,158.00,"Plate with roasted chicken, sweet potatoes, and pineapple chunks",400.00,280.00,0.400
dish_1563295292,bacon,119.02,22.00,Plate with two strips of cooked bacon.,84.00,24.00,1.000
dish_1563295334,bacon | scrambled eggs,228.54,96.00,Scrambled eggs with bacon on a plate.,280.00,150.00,1.000
dish_1563295360,bacon | scrambled eggs | broccoli,275.89,181.00,"A meal consisting of scrambled eggs, bacon, and broccoli on a plate.",360.00,225.00,1.000
dish_1563295400,broccoli | yam | sweet potato | scrambled eggs | bacon,402.98,269.00,Scrambled eggs with bacon and mixed vegetables.,430.00,260.00,0.333
dish_1563302315,mushroom,13.86,63.00,Small portion of cooked mushrooms on a plate,15.00,25.00,1.000
dish_1563302345,mushroom | chicken,265.86,215.00,Plate with mushrooms and a piece of fish with herbs.,170.00,150.00,0.333
dish_1563302391,roasted potatoes | chicken,401.22,311.00,"Plate with roasted potatoes, grilled chicken, and mushrooms.",405.00,320.00,0.667
dish_1563302420,chicken | roasted potatoes | carrot,435.63,381.00,"A plate with chicken, roasted potatoes, carrots, and mushrooms.",390.00,330.00,0.750
dish_1563302447,chicken | carrot | roasted potatoes,561.42,440.00,"Plate with chicken, carrots, potatoes, mushrooms, and salad greens.",405.00,330.00,0.750
dish_1563303298,chicken,170.76,103.00,Piece of lasagna on a plate.,250.00,150.00,0.000
dish_1563303350,chicken | carrot,202.22,167.00,Plate with a piece of lasagna and sliced carrots,275.00,180.00,0.333
dish_1563303386,roasted potatoes | chicken | carrot,274.13,218.00,"A plate with lasagna, carrots, and roasted potatoes.",375.00,270.00,0.500
dish_1563304261,kale,30.21,37.00,A small portion of chopped greens with a piece of crouton on a plate.,25.00,25.00,0.000
dish_1563304301,kale | roasted potatoes,190.95,151.00,A meal with roasted potatoes and a kale salad.,250.00,210.00,1.000
dish_1563304333,chicken | roasted potatoes,451.24,308.00,"Plate with roasted chicken, roasted potatoes, and a green salad.",460.00,320.00,1.000
dish_1563304369,roasted potatoes | chicken,457.17,326.00,Chicken breast with roasted potatoes and a side of salad.,450.00,320.00,1.000
dish_1563304881,chicken,739.41,446.00,Grilled chicken pieces with herbs on a plate,285.00,205.00,1.000
dish_1563304925,beef | chicken,874.46,508.00,Plate with grilled chicken and beef pieces with herbs.,350.00,210.00,1.000
dish_1563304958,beef | tofu | chicken,951.84,614.00,A plate with what appears to be chicken and roasted vegetables.,380.00,350.00,0.250
dish_1563305005,beef | chicken | tofu,1003.95,720.00,"Plate with chicken breast, cooked carrots, grilled vegetables including tofu.",360.00,330.00,0.500
dish_1563305047,tofu | beef | chicken,1032.31,806.00,Plate with roasted vegetables and chicken breast.,475.00,440.00,0.333
dish_1563305083,chicken | beef | tofu,1234.86,901.00,"A meal with roasted chicken, salad, roasted vegetables, and carrots.",605.00,500.00,0.200
dish_1563305321,carrot,32.94,67.00,Sliced carrots on a plate,15.00,50.00,1.000
dish_1563305354,beef | white rice | carrot,340.07,208.00,"Meal with cooked beef, carrots, and mixed vegetables.",230.00,240.00,0.500
dish_1563305401,carrot | quinoa | beef,483.22,332.00,"Plate with cooked meat, bell peppers, carrots, and a leafy green salad.",300.00,260.00,0.250
dish_1563305513,cheese pizza,606.25,228.00,Plate with five pieces of cheese pizza.,900.00,350.00,1.000
dish_1563305653,mushroom,25.74,117.00,A bowl of cooked mushrooms,70.00,100.00,1.000
dish_1563305689,mushroom | cucumbers,30.14,161.00,Plate with sautéed mushrooms and sliced zucchini.,60.00,100.00,0.333
dish_1563305722,mushroom | chicken,434.66,405.00,"Plate with a chicken drumstick, sliced zucchini, and cooked mushrooms.",225.00,235.00,0.667
dish_1563305837,kale,11.43,14.00,Small portion of mixed greens on a plate,5.00,10.00,0.000
dish_1563305883,spinach (raw) | kale,83.05,77.00,"Small portion of a mixed salad with greens, cherry tomato, and cheese",28.00,35.00,0.000
dish_1563305913,mushroom | spinach (raw) | kale,89.65,107.00,Salad with mushrooms and leafy greens,50.00,120.00,0.250
dish_1563305948,chicken,207.36,178.00,"Plate with chicken drumstick, sautéed mushrooms, and mixed greens.",220.00,200.00,0.500
dish_1563305982,roasted potatoes | chicken,273.63,225.00,"A meal consisting of roasted potatoes, a chicken drumstick, mushrooms, and a green salad with kale and other vegetables.",400.00,320.00,0.500
dish_1563306039,chicken | roasted potatoes | beef,493.64,326.00,"Plate with roasted chicken leg, roasted potatoes, sautéed mushrooms, and mixed green salad.",490.00,420.00,0.500
dish_1563306392,chicken,477.47,288.00,Stuffed chicken breast with herbs,400.00,250.00,1.000
dish_1563307488,beef | white rice,538.04,247.00,Stir-fried beef with vegetables on a plate.,300.00,220.00,0.333
dish_1563307519,beef | white rice | carrot,574.12,335.00,Plate of stir-fried beef with vegetables and steamed carrots.,290.00,230.00,0.667
dish_1563307575,carrot | beef,671.08,419.00,"Plate with cooked carrots, beef pieces, and a spinach salad with seeds and peppers.",355.00,320.00,0.667
dish_1563308323,carrot,27.06,66.00,Plate with sliced carrots.,20.00,50.00,1.000
dish_1563308353,carrot | eggplant,51.47,140.00,Plate with cooked carrots and eggplant.,45.00,90.00,1.000
dish_1563308386,carrot | eggplant | roasted potatoes,155.81,214.00,"A plate with roasted potatoes, sliced carrots, and eggplant.",115.00,250.00,1.000
dish_1563308428,carrot | beef | roasted potatoes,406.31,329.00,"A meal consisting of roasted potatoes, sliced carrots, eggplant, and steak strips.",305.00,310.00,0.500
dish_1563309189,,37.95,33.00,A few pieces of dark-colored olives on a plate.,30.00,20.00,
dish_1563309237,bell peppers,49.55,62.00,A small portion of olives and sliced bell peppers on a plate.,35.00,35.00,1.000
dish_1563309285,bell peppers | lettuce,59.45,128.00,"A salad with lettuce, olives, and sliced peppers.",45.00,75.00,0.500
dish_1563309315,chicken,613.18,462.00,"Meal consisting of roasted chicken, salad with mixed greens and bell peppers, and a piece of bread or stuffing.",470.00,280.00,0.333
dish_1563309353,chicken,625.24,529.00,Plate with roasted chicken and salad.,465.00,405.00,0.333
dish_1563309398,chicken,655.99,604.00,"Plate with chicken pieces, salad, and vegetables",460.00,420.00,0.200
dish_1563389042,carrot,30.48,62.00,Small portion of mixed vegetables on a plate,20.00,30.00,0.000
dish_1563389079,broccoli | carrot,50.43,119.00,"A small portion of mixed vegetables including carrots, bell peppers, broccoli, yellow squash, and possibly fennel.",40.00,95.00,0.400
dish_1563389114,carrot | broccoli | arugula,86.53,148.00,A plate of mixed salad with vegetables.,65.00,125.00,0.600
dish_1563389153,carrot | bulgur | broccoli,346.45,224.00,"A plate with vegetables, greens, and a grain dish.",175.00,200.00,0.167
dish_1563389199,broccoli | bulgur | tofu | carrot,390.25,284.00,"Plate with mixed vegetables, grains, and greens.",280.00,290.00,0.333
dish_1563389413,broccoli,34.65,99.00,A small portion of cooked broccoli on a plate,20.00,50.00,1.000
dish_1563389446,spinach (raw) | broccoli,117.79,173.00,Broccoli and mixed salad on a plate,85.00,300.00,0.500
dish_1563389548,grilled chicken,438.83,194.00,Bowl of diced cooked chicken breast.,210.00,150.00,1.000
dish_1563389600,grilled chicken,451.43,264.00,A salad bowl containing diced chicken and cherry tomatoes.,230.00,250.00,0.500
dish_1563389626,grilled chicken | carrot,498.62,360.00,"A bowl containing shredded carrots, cherry tomatoes, and possibly some cheese.",150.00,230.00,0.250
dish_1563389693,carrot | grilled chicken,500.22,383.00,Salad with shredded carrots and parmesan cheese,115.00,120.00,0.333
dish_1563389719,carrot | grilled chicken | onions,529.82,457.00,"Salad with shredded carrots, sliced red and white onions in a bowl.",60.00,160.00,0.667
dish_1563389742,onions | grilled chicken | carrot | bell peppers,569.42,556.00,"A bowl of mixed vegetables including bell peppers, red onions, and cabbage.",85.00,295.00,0.400
dish_1563389786,carrot | grilled chicken | bell peppers,640.14,564.00,"A bowl containing sliced bell peppers, onions, and possibly cabbage.",52.00,210.00,0.200
dish_1563391333,squash,23.44,81.00,"Small portion of mixed vegetables including zucchini, bell peppers, and yellow squash.",15.00,40.00,0.333
dish_1563391375,squash | fish,84.28,139.00,Small serving of baked fish with mixed vegetables.,120.00,110.00,0.333
dish_1563391413,fish | chicken thighs | squash,227.06,237.00,Mixed vegetables and chicken with a vegetable wrap.,230.00,150.00,0.250
dish_1563391647,arugula,27.39,22.00,"A small salad with greens, a blueberry, and a slice of tomato.",8.00,16.00,0.000
dish_1563391681,fish | quinoa,154.32,143.00,Chicken in sauce with a small side salad.,250.00,180.00,0.000
dish_1563391708,fish | pizza | quinoa,319.24,205.00,"A meal consisting of a slice of pizza, some nachos, and a small salad.",325.00,155.00,0.250
dish_1563391922,broccoli | squash | zucchini,24.44,104.00,"A small portion of steamed vegetables, including broccoli and zucchini.",25.00,70.00,0.667
dish_1563391959,quinoa | fish,245.77,315.00,Fried fish with broccoli and squash,350.00,300.00,0.250
dish_1563391989,chicken thighs | fish | quinoa,462.85,464.00,"Meal with grilled chicken, steamed broccoli, rice, and apple slices.",360.00,360.00,0.167
dish_1563392128,quinoa | fish,169.93,162.00,A plate of fried rice with shrimp and garnished with greens.,300.00,200.00,0.000
dish_1563393148,broccoli | squash | zucchini,27.73,118.00,A small portion of steamed broccoli florets and a piece of bell pepper.,20.00,55.00,0.250
dish_1563393182,zucchini | broccoli | squash | cucumbers,35.23,193.00,A meal consisting of mixed vegetables.,40.00,140.00,0.400
dish_1563393217,zucchini | broccoli | squash | onions | cucumbers,49.23,228.00,"Salad with broccoli, red onion, cucumber, and bell pepper.",39.00,135.00,0.500
dish_1563393244,broccoli | cucumbers | onions | squash | radishes | zucchini,57.55,280.00,"A salad with sliced radishes, broccoli, cucumber, red onion, and mixed greens.",39.00,150.00,0.667
dish_1563393341,broccoli | squash | zucchini,27.96,119.00,A small portion of mixed steamed vegetables.,35.00,110.00,0.500
dish_1563393366,squash | broccoli | fish | zucchini,89.85,178.00,A meal consisting of a piece of stuffed chicken breast and assorted vegetables.,205.00,180.00,0.286
dish_1563393403,broccoli | zucchini | squash | fish,103.15,216.00,"Meal with stuffed chicken breast, steamed broccoli, and mixed bell peppers.",250.00,250.00,0.167
dish_1563395341,cheese pizza,143.59,54.00,A small slice of pizza on a plate.,150.00,65.00,1.000
dish_1563395374,cheese pizza | carrot,158.33,84.00,A meal with a slice of pizza and some sliced vegetables.,220.00,130.00,0.333
dish_1563395415,carrot | broccoli | cheese pizza,182.54,187.00,"A small portion of pizza with mixed vegetables including broccoli, carrots, and zucchini.",190.00,170.00,0.750
dish_1563395449,carrot | broccoli | cheese pizza,214.64,222.00,"A meal consisting of a spinach salad, a slice of pizza, roasted carrots, and steamed zucchini with broccoli.",370.00,270.00,0.750
dish_1563395480,chicken thighs | cheese pizza,370.52,329.00,"A meal consisting of a spinach salad, grilled chicken, roasted mixed vegetables, and a slice of pizza.",530.00,330.00,0.500
dish_1563395510,chicken thighs | cheese pizza | fish,415.63,372.00,"A plate with salad, pizza slice, grilled chicken, mixed vegetables, and a casserole dish.",580.00,310.00,0.333
dish_1563464389,bacon,91.97,17.00,A plate with two strips of bacon.,80.00,15.00,1.000
dish_1563464429,bacon,140.99,103.00,"Plate with bacon, strawberries, and blueberries.",111.00,60.00,1.000
dish_1563464457,watermelon | bacon,158.99,163.00,"A meal consisting of bacon strips and a fruit salad with blueberries, strawberries, and watermelon.",126.00,120.00,0.333
dish_1563464480,bacon | watermelon | roasted potatoes,229.49,213.00,"A breakfast plate containing bacon, roasted potatoes, and mixed fruit.",190.00,160.00,0.500
dish_1563464543,bacon | roasted potatoes | scrambled eggs,386.37,319.00,"A breakfast plate with scrambled eggs, potato wedges, bacon, and mixed fruit.",550.00,340.00,0.750
dish_1563464627,cream cheese | bagels,310.50,115.00,Bagel with cream cheese,350.00,130.00,1.000
dish_1563464651,cream cheese | bagels,312.00,130.00,Bagel with cream cheese and cucumber slices.,349.00,140.00,0.667
dish_1563464670,cream cheese | bagels | mozzarella cheese,384.18,156.00,"Bagel with cream cheese, cucumber slices, and a cheese stick.",365.00,148.00,0.500
dish_1563465805,roasted potatoes,32.43,23.00,Plate with a few roasted potato wedges,70.00,50.00,1.000
dish_1563465847,roasted potatoes | scrambled eggs,267.75,182.00,Scrambled eggs with fried plantains on a plate,430.00,250.00,0.333
dish_1563466280,bacon,357.06,66.00,Plate of cooked bacon,300.00,100.00,1.000
dish_1563468199,pineapple,53.50,107.00,Plate with pineapple pieces and a small piece of apple,40.00,70.00,0.500
dish_1563468240,pineapple | watermelon,93.10,239.00,Plate with watermelon and pineapple chunks.,70.00,180.00,1.000
dish_1563468269,watermelon | pineapple,129.01,302.00,"A plate with assorted fruits including watermelon, pineapple, raspberries, and blackberries.",100.00,240.00,1.000
dish_1563468299,cottage cheese | pineapple | watermelon,210.35,385.00,A plate with various fruits and cottage cheese.,130.00,255.00,1.000
dish_1563468327,yam | sweet potato | cottage cheese | pineapple | watermelon,351.89,483.00,"Plate with berries, watermelon, roasted sweet potatoes, pineapple, and cottage cheese.",220.00,370.00,0.800
dish_1563468362,cottage cheese | pineapple | watermelon | sweet potato | yam | egg whites,411.69,598.00,Assorted fruits with roasted sweet potatoes and cottage cheese.,295.00,520.00,0.667
dish_1563475788,pineapple,39.00,78.00,Plate with pieces of pineapple,38.00,95.00,1.000
dish_1563475826,honeydew melons | pineapple,74.28,176.00,Plate with pieces of honeydew melon and pineapple.,50.00,110.00,1.000
dish_1563475874,pineapple | honeydew melons | cauliflower,93.03,251.00,A plate with a small portion of cauliflower and mixed fruit pieces.,45.00,75.00,1.000
dish_1563475921,pineapple | cauliflower | honeydew melons | brown rice | salmon,244.34,348.00,"A meal consisting of a small portion of rice with vegetables, cauliflower, and assorted fruit cubes.",130.00,130.00,0.333
dish_1563475953,pasta | salmon | pineapple | beef | honeydew melons,427.45,453.00,"A meal with penne pasta, rice, cauliflower, and mixed fruit.",280.00,260.00,0.286
dish_1563476267,brownies,237.71,51.00,A small chocolate cake slice and a side of stir-fried vegetables.,190.00,90.00,0.000
dish_1563476323,salmon | brown rice | brownies,686.97,339.00,Plate with rice casserole and a piece of meat.,450.00,300.00,0.333
dish_1563476408,salmon | pasta | brownies | beef,990.40,513.00,"A meal consisting of salmon with rice, pasta with vegetables, grilled vegetables, and a brownie.",600.00,370.00,0.333
dish_1563476463,brownies | beef | salmon | pasta | cheese pizza,1067.51,542.00,"A mixed meal with salmon rice, vegetables, a piece of pizza, a brownie, and a side of mixed vegetables.",1000.00,460.00,0.286
dish_1563476551,salmon | brownies | cheese pizza | beef | pasta,1116.39,750.00,"A plate with a variety of foods including pasta, pizza, vegetables, and a chocolate dessert.",635.00,360.00,0.250
dish_1563476577,beef | pasta | cheese pizza | salmon | brownies,1238.03,857.00,"Plate with mixed salad, rice, salmon, pizza slice, brownie, and pasta.",700.00,535.00,0.500
dish_1563476646,pasta | beef,380.16,218.00,Pasta with meat and greens,360.00,210.00,0.500
dish_1563477659,brussels sprouts,26.55,52.00,A small portion of roasted Brussels sprouts on a plate.,60.00,100.00,1.000
dish_1563477701,brussels sprouts | brown rice | salmon,179.42,150.00,Plate with a piece of fish and roasted Brussels sprouts.,280.00,220.00,0.250
dish_1563477736,salmon | brown rice | brussels sprouts,277.05,234.00,"Plate with a piece of fish, roasted Brussels sprouts, and green salad.",230.00,220.00,0.250
dish_1563478751,pasta | beef,950.40,545.00,Penne pasta with beef chunks and greens,385.00,310.00,1.000
dish_1563479526,apple | arugula | lemon juice | goat cheese | figs,67.84,51.00,A small portion of a salad with leafy greens and orange bell pepper.,7.00,20.00,0.000
dish_1563479568,brussels sprouts,83.67,82.00,Salad with Brussels sprouts and spinach leaves.,30.00,60.00,0.333
dish_1563479596,broccoli | cauliflower | brussels sprouts,104.37,151.00,"Salad with mixed greens, broccoli, cauliflower, Brussels sprouts, and diced carrots",35.00,80.00,0.750
dish_1563479625,brussels sprouts | salmon | broccoli,202.65,214.00,Plate with salad and vegetables with a piece of salmon.,125.00,140.00,0.500
dish_1563479655,beef | salmon | pasta,321.23,282.00,"A meal with pasta, salad, mixed vegetables, and a piece of salmon.",305.00,180.00,0.400
dish_1563480476,salmon | brown rice,517.90,332.00,Plate with pieces of baked salmon with a creamy herb topping.,380.00,250.00,0.500
dish_1563480505,salmon | brown rice | pasta | beef,767.27,475.00,Plate with salmon and stir-fried vegetables,450.00,300.00,0.200
dish_1563480534,brown rice | beef | pasta | salmon,797.57,576.00,"Plate with cooked salmon, mixed vegetables, and a sauce or dressing.",550.00,450.00,0.167
dish_1563480608,beef | brown rice | pasta | salmon,886.95,650.00,"Plate with baked salmon, mixed greens, roasted vegetables, and eggplant dish",565.00,405.00,0.167
dish_1563481030,figs | spinach (raw),155.81,129.00,"A mixed salad with spinach, broccoli, bell peppers, and possibly some cheese or dressing.",85.00,95.00,0.200
dish_1563481061,pasta | beef | figs,541.20,350.00,Pasta with mushrooms and sauce alongside a mixed green salad.,520.00,400.00,0.333
dish_1563550584,egg whites,75.40,145.00,Plate of chopped hard-boiled egg whites,34.00,100.00,1.000
dish_1563550614,sweet potato | egg whites,132.82,205.00,Meal with scrambled egg whites and fried potatoes.,170.00,230.00,1.000
dish_1563550950,scrambled eggs,183.17,93.00,"Plate with scrambled eggs, shredded cheese, and bacon.",270.00,140.00,0.333
dish_1563550976,scrambled eggs | roasted potatoes,284.69,165.00,"Breakfast plate with bacon, scrambled eggs with cheese, and diced potatoes.",312.00,210.00,0.667
dish_1563551006,scrambled eggs | roasted potatoes | country rice,357.67,213.00,"A breakfast plate with scrambled eggs, hash browns, bacon, and fried rice.",500.00,320.00,0.400
dish_1563551105,cream cheese | bagels,194.40,72.00,A single bagel with cream cheese,350.00,130.00,1.000
dish_1563551134,bagels | cream cheese | egg whites,246.92,173.00,"A plate with a toasted bagel topped with cream cheese, accompanied by scrambled eggs.",400.00,180.00,0.667
dish_1563551164,bagels | sweet potato | egg whites | cream cheese,339.76,270.00,"A dish with scrambled egg whites, roasted eggplant cubes, and a slice of bread with a spread.",230.00,210.00,0.167
dish_1563551194,sweet potato | egg whites | bagels | greek yogurt | chia seeds | milk | cream cheese,471.64,400.00,"Meal with oatmeal, bananas, toast with egg, and roasted vegetables.",430.00,310.00,0.111
dish_1563551220,cream cheese | greek yogurt | milk | chia seeds | bagels | egg whites | sweet potato,561.70,558.00,"A breakfast plate with porridge, scrambled eggs, roasted potatoes, and mixed fruits.",630.00,450.00,0.222
dish_1563551360,scrambled eggs,322.64,218.00,Plate of scrambled eggs,210.00,150.00,1.000
dish_1563551397,brussels sprouts | scrambled eggs,365.53,302.00,Plate with scrambled eggs and Brussels sprouts,320.00,280.00,1.000
dish_1563552016,syrup | waffles,493.59,174.00,Waffle on a plate,220.00,100.00,0.500
dish_1563553735,granola,114.39,88.00,A small portion of salad with mixed greens and berries.,25.00,45.00,0.000
dish_1563553756,granola | bacon,309.15,124.00,A meal with bacon and a side salad containing mixed greens and berries.,120.00,80.00,0.500
dish_1563553780,granola | bacon | almonds,557.73,167.00,"Salad with mixed greens, almonds, berries, and bacon strips.",315.00,125.00,0.667
dish_1563555072,scrambled eggs,165.76,112.00,Scrambled eggs on a plate,180.00,120.00,1.000
dish_1563555100,cantaloupe | scrambled eggs,190.92,186.00,Scrambled eggs with cantaloupe pieces on a plate.,250.00,250.00,1.000
dish_1563555160,scrambled eggs | sweet potato | cantaloupe | brussels sprouts,268.83,287.00,Scrambled eggs with roasted vegetables,450.00,400.00,0.200
dish_1563555510,scrambled eggs,193.88,131.00,Plate of scrambled eggs,180.00,120.00,1.000
dish_1563555543,scrambled eggs | pineapple,268.38,280.00,Scrambled eggs with pineapple,230.00,220.00,1.000
dish_1563555563,scrambled eggs | pineapple | bacon,398.22,304.00,Scrambled eggs with bacon and pineapple chunks on a plate.,280.00,230.00,1.000
dish_1563555605,scrambled eggs | pineapple | roasted potatoes | bacon,537.81,403.00,"Breakfast with scrambled eggs, bacon, home fries, and pineapple chunks.",500.00,360.00,0.600
dish_1563563240,,48.30,42.00,Metal bowl with a small portion of Kalamata olives.,20.00,15.00,0.000
dish_1563563264,grilled chicken,322.00,163.00,A bowl of chopped chicken breast and kidney beans.,160.00,150.00,0.500
dish_1563563289,grilled chicken,331.90,218.00,Chopped chicken with cherry tomatoes and olives in a bowl,200.00,170.00,0.500
dish_1563563317,grilled chicken,345.84,252.00,"Bowl with chicken, shredded carrots, and a cherry tomato",180.00,160.00,0.333
dish_1563563348,grilled chicken,362.64,294.00,"Salad with chicken, carrots, green bell peppers, and cherry tomatoes.",110.00,140.00,0.250
dish_1563563378,grilled chicken | onions,385.44,351.00,Salad with mixed vegetables and chicken.,135.00,170.00,0.333
dish_1563563467,bok choy,40.75,119.00,A small portion of cooked leafy greens on a plate.,25.00,80.00,0.000
dish_1563563492,pizza | bok choy,192.37,176.00,A small slice of pizza with a side of cooked greens.,280.00,170.00,0.500
dish_1563563527,fish | pizza,322.91,302.00,"Plate with a slice of pizza, some salad, and leafy greens.",320.00,240.00,0.333
dish_1563564676,kale,50.62,62.00,Small portion of kale salad with dressing and cheese shavings,70.00,50.00,1.000
dish_1563564707,kale | corn on the cob,143.99,150.00,Plate with corn on the cob and kale salad.,170.00,170.00,1.000
dish_1563564760,ground turkey | kale | corn on the cob,341.85,243.00,"A meal with salad, corn, and a piece of bread with spread.",270.00,200.00,0.500
dish_1563564797,ground turkey | kale | corn on the cob | fish,411.26,310.00,"A meal consisting of salad, fish with lentils, bread with spread, and corn slices.",560.00,400.00,0.600
dish_1563564828,fish | corn on the cob | ground turkey | kale,452.21,355.00,"Plate with stuffed pepper, grains, kale salad, bread with spread, and corn",510.00,380.00,0.286
dish_1563565289,corn on the cob,93.37,88.00,Two slices of corn on a disposable plate,50.00,100.00,1.000
dish_1563565323,corn on the cob | ground turkey,229.53,152.00,Small portion of chicken with sauce and a piece of corn on the cob,160.00,110.00,0.333
dish_1563565354,fish | corn on the cob | ground turkey,272.32,193.00,"A meal with fish, meatloaf with sauce, and corn on the cob.",400.00,295.00,0.500
dish_1563565415,corn on the cob | fish | ground turkey,303.48,284.00,"A meal consisting of salad, fish, potato, and corn on the cob.",330.00,280.00,0.500
dish_1563565454,fish | ground turkey | corn on the cob,350.79,322.00,"Salad with blueberries, a piece of baked potato, and corn on the cob.",220.00,250.00,0.250
dish_1563565508,ground turkey | kale | fish | corn on the cob,403.86,387.00,"A meal with salad, chicken, quinoa, and corn on the cob in a takeout container.",370.00,320.00,0.167
dish_1563565683,fish,65.74,63.00,Single piece of sushi or a small seafood wrap on a tray,60.00,40.00,0.000
dish_1563565720,mushroom | fish,84.66,149.00,A meal with fish and mushrooms on a takeout tray.,190.00,150.00,1.000
dish_1563565761,mushroom | fish,88.66,159.00,"A meal consisting of fish, mushrooms, and onions on a disposable plate.",155.00,160.00,0.667
dish_1563565805,mushroom | fish | bok choy,157.49,360.00,Meal with grilled vegetables and mushrooms,35.00,90.00,0.333
dish_1563566626,,62.10,54.00,A small amount of kalamata olives on a plate.,30.00,20.00,0.000
dish_1563566674,,100.89,88.00,Small portion of kidney beans and grains on a white plate.,130.00,90.00,0.000
dish_1563566725,wild rice,241.31,206.00,"A plate with assorted vegetables, grains, and grapes.",140.00,190.00,0.000
dish_1563566810,figs | wild rice,392.29,331.00,"Plate with mixed greens, cooked vegetables, grains, and black olives.",310.00,320.00,0.000
dish_1563566909,wild rice,222.53,187.00,"A mixed dish with tofu cubes, vegetables, and rice.",260.00,240.00,0.333
dish_1563566939,wild rice,286.03,238.00,"Plate with tofu, mixed vegetables, arugula salad, and whole grains",340.00,300.00,0.000
dish_1563566965,wild rice | chickpeas,370.83,286.00,"Salad with mixed greens, tofu, carrots, chickpeas, and mixed vegetables.",325.00,330.00,0.167
dish_1563567319,fish,398.63,382.00,"Fish fillet with lentils and vegetables, side of mixed fruit",360.00,300.00,0.333
dish_1563567372,fish | pizza,951.91,590.00,Pizza slices and fish with leafy greens on a plate,510.00,285.00,0.667
dish_1563567599,arugula,194.23,156.00,"Plate with arugula salad, blueberries, and a raspberry.",16.00,42.00,1.000
dish_1563567626,corn on the cob | arugula,291.84,248.00,"A meal consisting of arugula salad with mixed nuts and berries, a piece of corn on the cob, and additional berries.",150.00,160.00,1.000
dish_1563567663,fish | arugula | corn on the cob,514.11,461.00,"A plate with fish, corn, salad, and berries.",345.00,310.00,1.000
dish_1563567722,fish | corn on the cob,645.32,576.00,"Plate with fish, arugula salad, corn, and grains.",500.00,410.00,0.500
dish_1563567978,fish,118.96,114.00,Small portion of a mixed dish with meat and vegetables.,150.00,80.00,0.000
dish_1563568003,fish,126.15,135.00,A small portion of fish with bok choy and some spices.,85.00,80.00,0.500
dish_1563568025,fish | corn on the cob,244.99,247.00,"A meal consisting of corn, grilled fish, and vegetables.",320.00,300.00,0.667
dish_1563568118,fish,139.83,134.00,Grilled fish fillets on a plate,300.00,200.00,1.000
dish_1563568148,bok choy | fish,171.00,225.00,Grilled fish with steamed vegetables,180.00,150.00,0.333
dish_1563568263,cheese pizza,119.65,45.00,A small piece of cheese pizza on a plate.,150.00,70.00,1.000
dish_1563568292,corn on the cob | cheese pizza,276.68,193.00,A portion of casserole with slices of corn on the cob.,250.00,210.00,0.333
dish_1563568319,ground turkey | corn on the cob | cheese pizza,604.32,347.00,"A meal consisting of lasagna, vegetable and cheese bake, and corn on the cob slices.",490.00,370.00,0.500
dish_1563568338,corn on the cob | ground turkey | cheese pizza,631.71,371.00,"Plate with a slice of lasagna, spinach quiche, cooked bulgur, and corn slices.",480.00,330.00,0.167
dish_1563568357,cheese pizza | ground turkey | chickpeas | corn on the cob,767.74,448.00,"Plate with a salad, lasagna, corn, and bread.",670.00,450.00,0.333
dish_1563811412,egg whites,112.84,217.00,"Plate of white, dough-like food, possibly fufu, with a side dish containing a sauce or soup.",550.00,350.00,0.000
dish_1563811439,cantaloupe | egg whites,137.32,289.00,"A plate with pieces of papaya and steamed cauliflower, accompanied by a bowl of soup or sauce.",140.00,350.00,0.000
dish_1563811463,egg whites | sweet potato | cantaloupe,220.59,376.00,"Plate with roasted vegetables, cantaloupe, cauliflower, and a side dish with sauce.",190.00,220.00,0.500
dish_1563811490,sausage | cantaloupe | sweet potato | egg whites,268.83,390.00,"A plate with roasted potatoes, chorizo slices, cauliflower, and papaya chunks, accompanied by a separate bowl of soup.",325.00,460.00,0.125
dish_1563811515,egg whites | sausage | sweet potato | cantaloupe | salsa,298.12,491.00,"A meal consisting of diced melon, roasted potatoes and sausage, mashed potatoes, and a serving of gravy.",370.00,350.00,0.286
dish_1563811611,scrambled eggs,195.36,132.00,Plate of scrambled eggs,200.00,150.00,1.000
dish_1563811639,scrambled eggs,217.14,198.00,Scrambled eggs with strawberries on a plate,220.00,200.00,1.000
dish_1563811662,scrambled eggs | brussels sprouts,245.73,254.00,"Plate with scrambled eggs, strawberries, and brussels sprouts.",315.00,305.00,1.000
dish_1563811686,scrambled eggs | sweet potato | brussels sprouts,319.43,331.00,"Plate with scrambled eggs, roasted potatoes, Brussels sprouts, and a strawberry.",425.00,345.00,1.000
dish_1563812508,egg whites,112.84,217.00,Plate of chopped egg whites,80.00,160.00,1.000
dish_1563812535,turkey bacon | egg whites,298.89,266.00,Plate with scrambled egg whites and three strips of bacon.,200.00,170.00,1.000
dish_1563812570,egg whites | turkey bacon,369.08,320.00,"Plate with turkey bacon, salad, and scrambled egg whites.",215.00,210.00,1.000
dish_1563812615,turkey bacon | brussels sprouts | egg whites,402.78,386.00,"Plate with egg whites, bacon strips, mixed greens, and Brussels sprouts.",260.00,340.00,1.000
dish_1563813221,brussels sprouts,19.40,38.00,A small portion of roasted Brussels sprouts on a plate.,20.00,30.00,1.000
dish_1563813308,brussels sprouts | bacon,224.98,76.00,Plate with bacon strips and roasted Brussels sprouts.,285.00,110.00,1.000
dish_1563813395,bacon | pineapple | sausage,371.86,193.00,"A plate with bacon strips, pieces of sausage, Brussels sprouts, and chunks of pineapple.",490.00,210.00,0.750
dish_1563813436,pineapple | sausage | sweet potato | bacon,418.76,242.00,"Plate with bacon, sausage, pineapple chunks, Brussels sprouts, and roasted potatoes.",485.00,300.00,0.800
dish_1563813501,sausage | pineapple | bacon | scrambled eggs | sweet potato,694.12,414.00,"Breakfast with scrambled eggs, bacon, roasted Brussels sprouts and potatoes, and pineapple chunks.",570.00,330.00,0.800
dish_1563813806,egg whites,81.12,156.00,Plate of scrambled egg whites,51.00,100.00,1.000
dish_1563813833,sausage | egg whites,256.87,207.00,Plate of scrambled egg whites and slices of sausage.,240.00,180.00,1.000
dish_1563820775,zucchini | broccoli | squash,38.07,162.00,Plate of cut cucumbers and yellow squash.,18.00,110.00,0.250
dish_1563820806,chicken | squash | broccoli,207.81,273.00,Plate with chicken stir-fry and zucchini pieces,230.00,270.00,0.250
dish_1563820834,chicken | broccoli | pizza,308.89,311.00,"A meal consisting of a slice of pizza with vegetables, zucchini pieces, and cooked vegetables.",310.00,270.00,0.200
dish_1563822546,caesar salad,38.72,88.00,"Caesar salad with romaine lettuce, croutons, and parmesan cheese.",48.00,45.00,0.000
dish_1563822597,broccoli | caesar salad | squash | zucchini,59.40,176.00,Plate with Caesar salad and mixed vegetables,140.00,130.00,0.500
dish_1563822636,caesar salad,237.02,258.00,"Salad with croutons and cheese, grilled vegetables, and slices of beef steak.",320.00,210.00,0.333
dish_1563822663,caesar salad,303.10,317.00,"A meal consisting of salad, grilled vegetables, steak, and a portion of couscous.",550.00,350.00,0.500
dish_1563823292,lime | cauliflower | garlic,450.55,208.00,Plate with mixed vegetables and sliced meat.,230.00,190.00,0.000
dish_1563823359,chicken,641.70,333.00,"Plate with chicken, mixed vegetables, and beef strips.",430.00,320.00,0.333
dish_1563823390,chicken,670.17,372.00,"A meal with grilled chicken, vegetables, rice, and meat slices.",420.00,330.00,0.333
dish_1563823423,chicken,700.53,441.00,"A plate with a mixed salad, chicken with rice, roasted vegetables, and sliced meat.",660.00,470.00,0.333
dish_1563823814,turnips,25.59,85.00,Plate with roasted potatoes.,40.00,30.00,0.000
dish_1563823894,tatsoi,368.34,400.00,"Plate with sliced steak, roasted potatoes, and a side of mixed vegetables.",430.00,300.00,0.000
dish_1563824065,zucchini | broccoli | squash,15.51,66.00,Small portion of mixed squash slices on a plate,15.00,40.00,0.333
dish_1563824092,broccoli | zucchini | squash | turnips,36.28,135.00,A small serving of grilled chicken and mixed zucchini on a plate.,100.00,100.00,0.200
dish_1563824130,broccoli | turnips,111.32,202.00,"A meal with roasted root vegetables, cooked yellow squash and zucchini, and a portion of couscous.",220.00,195.00,0.000
dish_1563824155,garlic | turnips | broccoli | zucchini | squash | lime | cauliflower,455.73,361.00,"A meal consisting of steak slices, roasted root vegetables, squash, and couscous.",480.00,390.00,0.125
dish_1563824250,onions,17.20,43.00,A small amount of sliced red onion in a bowl,7.00,20.00,1.000
dish_1563824279,onions,58.60,79.00,A bowl containing sliced red onions and a few olives.,30.00,45.00,1.000
dish_1563824304,bell peppers | onions,75.80,122.00,"A small portion of salad with onions, red bell peppers, green bell peppers, and black olives.",25.00,90.00,1.000
dish_1563824339,onions | cherry tomatoes | bell peppers,85.34,175.00,"Bowl containing a mix of cherry tomatoes, red onion slices, bell pepper pieces, and olives.",85.00,165.00,1.000
dish_1563824377,grilled chicken,454.05,338.00,"Salad with diced chicken, bell peppers, onions, and tomatoes in a metal bowl",175.00,190.00,0.250
dish_1563824406,grilled chicken,474.14,387.00,"Salad with grilled chicken, shredded carrots, cherry tomatoes, and sliced cucumbers in a bowl.",220.00,260.00,0.250
dish_1563826223,lime | cauliflower | garlic,301.09,139.00,Sliced grilled meat on a plate,200.00,120.00,0.000
dish_1563826272,pepperoni pizza,645.13,261.00,Plate with beef slices and pizza slices.,650.00,330.00,0.500
dish_1563826306,brownies | pepperoni pizza,882.84,312.00,"Plate with sliced steak, pieces of pepperoni pizza, and a brownie.",700.00,380.00,0.333
dish_1563827060,cheese pizza,146.24,55.00,Single slice of pizza on a plate,285.00,125.00,1.000
dish_1563827086,cheese pizza | caesar salad,199.04,175.00,A portion of salad with a piece of baked bread.,200.00,135.00,0.000
dish_1563827110,pineapple | caesar salad | cheese pizza,220.04,217.00,"A portion of salad, a piece of cheese bread, and some pineapple chunks.",230.00,150.00,0.667
dish_1563827132,cheese pizza | caesar salad | pineapple,240.02,302.00,"Plate with a piece of pizza, mixed sautéed zucchini and yellow squash, and a side salad.",280.00,220.00,0.200
dish_1563827162,cheese pizza | caesar salad | pineapple | chicken,319.54,354.00,"A plate with roasted vegetables, grilled chicken, a piece of lasagna, and a green salad.",450.00,370.00,0.167
dish_1563827188,cheese pizza | caesar salad | pineapple | chicken,369.36,377.00,"A meal with a slice of pizza, mixed vegetables, grilled meat, and a salad.",610.00,355.00,0.200
dish_1563827425,caesar salad,60.72,138.00,Caesar salad on a plate,135.00,105.00,0.250
dish_1563827454,zucchini | caesar salad | squash | broccoli,86.57,248.00,Plate with salad and cooked potatoes,180.00,250.00,0.000
dish_1563827482,caesar salad,894.52,621.00,"Plate with salad, grilled beef slices, and steamed vegetables.",420.00,370.00,0.000
dish_1563897047,egg whites,66.04,127.00,A bowl containing scrambled eggs with some sauce.,150.00,100.00,1.000
dish_1563897087,broccoli | egg whites,102.44,231.00,A bowl containing broccoli and cauliflower,85.00,150.00,0.333
dish_1563897338,cantaloupe,29.92,88.00,Plate of cantaloupe pieces.,35.00,100.00,1.000
dish_1563897369,cantaloupe | sweet potato,117.01,179.00,Plate with cantaloupe pieces and roasted potatoes.,155.00,200.00,1.000
dish_1563897395,cantaloupe | sweet potato | broccoli,135.91,233.00,"A meal with cantaloupe, roasted potatoes, and broccoli.",215.00,325.00,1.000
dish_1563897439,cantaloupe | broccoli | egg whites | sweet potato,315.31,578.00,"Plate with eggs, sweet potatoes, chicken, and broccoli.",280.00,440.00,0.600
dish_1563897492,cantaloupe | broccoli | salsa | egg whites | sweet potato,339.67,662.00,"A meal consisting of mashed potatoes with tomato sauce, broccoli, roasted potatoes, and carrots.",310.00,290.00,0.286
dish_1563897794,,57.57,101.00,A plate with sliced strawberries and blueberries.,25.00,60.00,
dish_1563897837,watermelon,118.47,304.00,"A plate of mixed fruit including watermelon, strawberries, and blueberries.",120.00,370.00,1.000
dish_1563897870,oatmeal,169.32,249.00,A bowl of oatmeal,150.00,200.00,1.000
dish_1563897938,bacon,54.10,10.00,Single strip of bacon on a plate,42.00,10.00,1.000
dish_1563897981,scrambled eggs | bacon,243.54,138.00,Scrambled eggs with a strip of bacon on a plate.,220.00,135.00,1.000
dish_1563898019,bacon | chia seeds | greek yogurt | scrambled eggs | milk,343.98,237.00,"Plate with scrambled eggs, a strip of bacon, and a serving of chia pudding.",310.00,190.00,0.600
dish_1563898084,bacon | milk | greek yogurt | scrambled eggs | pineapple | chia seeds,419.49,384.00,"A breakfast plate with scrambled eggs, bacon, pineapple chunks, blueberries, and a chia seed pudding.",390.00,335.00,0.667
dish_1563898107,greek yogurt | bacon | pineapple | milk | chia seeds | scrambled eggs,440.69,424.00,"A breakfast plate with scrambled eggs, bacon, pineapple chunks, raspberries, blueberries, and chia pudding.",457.00,392.00,0.667
dish_1563898688,broccoli,32.55,93.00,Plate of broccoli florets,55.00,150.00,1.000
dish_1563898722,broccoli | scrambled eggs,343.35,303.00,Scrambled eggs with steamed broccoli.,275.00,250.00,1.000
dish_1563898786,broccoli | scrambled eggs,420.93,344.00,"A meal with scrambled eggs, steamed broccoli, and a spinach salad.",260.00,280.00,0.667
dish_1563898813,broccoli | scrambled eggs | bacon,626.51,382.00,"A meal consisting of scrambled eggs, cooked broccoli, bacon, and a spinach salad.",400.00,330.00,0.750
dish_1563898880,scrambled eggs | bacon | broccoli,643.62,441.00,"A meal consisting of scrambled eggs with salsa, broccoli, salad greens, and bacon.",470.00,330.00,1.000
dish_1563900120,sweet potato,46.90,49.00,Plate with roasted potato pieces,60.00,40.00,1.000
dish_1563900150,sweet potato | scrambled eggs,202.30,154.00,Scrambled eggs with roasted potatoes.,280.00,200.00,1.000
dish_1563900172,scrambled eggs | cantaloupe | sweet potato,236.64,255.00,"Plate with scrambled eggs, roasted potatoes, and cantaloupe.",330.00,350.00,1.000
dish_1563900205,sweet potato | broccoli | scrambled eggs | cantaloupe,262.26,301.00,"A meal consisting of scrambled eggs, broccoli, roasted potatoes, and cantaloupe.",420.00,375.00,1.000
dish_1563908923,caesar salad,49.28,112.00,Caesar salad on a plate,150.00,100.00,1.000
dish_1563908957,caesar salad | green beans,73.87,159.00,A plate with a portion of salad and green beans.,190.00,280.00,0.500
dish_1563908996,caesar salad | chicken | millet | green beans,269.92,293.00,"A meal consisting of fried chicken, green beans, and Caesar salad.",430.00,270.00,0.750
dish_1563909469,spinach (raw),72.40,64.00,A small salad with spinach and mixed vegetables.,15.00,50.00,0.500
dish_1563909507,spinach (raw) | green beans,117.93,151.00,Plate with green beans and spinach salad.,45.00,175.00,1.000
dish_1563909550,green beans | fried rice,310.32,273.00,"A meal with green beans, spinach, and yellow rice.",231.00,280.00,0.667
dish_1563909580,fried rice | cheese pizza,544.31,361.00,"The meal includes two slices of cheese pizza, steamed green beans, a portion of yellow rice, and a leafy green salad.",660.00,490.00,0.667
dish_1563909951,spinach (raw) | green beans,180.60,188.00,"A salad with spinach leaves, green beans, onions, and hard-boiled egg pieces.",60.00,105.00,0.500
dish_1563909982,chicken | spinach (raw) | millet,370.79,318.00,"Plate with green beans, spinach, and a piece of breaded chicken.",265.00,240.00,0.500
dish_1563910106,spinach (raw),101.46,84.00,A serving of cooked rainbow chard on a plate,20.00,50.00,0.000
dish_1563910137,green beans,131.28,141.00,Plate with cooked green beans and leafy greens.,55.00,120.00,1.000
dish_1563910171,salmon | brown rice,571.18,423.00,"A plate with rice and chicken, green beans, and sautéed greens.",370.00,310.00,0.250
dish_1563910276,salmon | brown rice,375.94,241.00,Plate with cooked chicken breast pieces,250.00,150.00,0.000
dish_1563910530,salmon | brown rice,333.83,214.00,Plate with pieces of cooked chicken,120.00,100.00,0.000
dish_1563910639,brown rice | salmon,697.29,447.00,Rice dish with chicken and leafy greens,340.00,250.00,0.333
dish_1563910676,brown rice | salmon,757.96,501.00,"Plate with cooked rice, pieces of chicken, and fresh spinach leaves.",360.00,230.00,0.250
dish_1563910708,salmon | brown rice,786.21,555.00,"Plate with rice, cooked chicken, green beans, and spinach.",430.00,380.00,0.200
dish_1563911156,millet | chicken,140.45,96.00,Piece of fried chicken on a plate,250.00,150.00,0.500
dish_1563911185,green beans | millet | chicken,159.81,133.00,Plate with a piece of roasted chicken and green beans.,180.00,150.00,0.667
dish_1563911215,millet | chicken | green beans | fried rice,218.16,170.00,"Plate with colored rice, green beans, and a piece of roasted chicken.",370.00,280.00,0.750
dish_1563911255,fried rice | quinoa | millet | chicken,293.19,235.00,"Plate with grilled chicken, yellow rice, green beans, and salad.",430.00,360.00,0.400
dish_1563913588,cheese pizza,180.81,68.00,A meal consisting of two small slices of cheese pizza on a plate with a coffee cup nearby.,250.00,100.00,1.000
dish_1563913627,cheese pizza,230.33,109.00,Two small slices of pizza and a small side salad on a white plate.,315.00,160.00,0.500
dish_1563913675,cheese pizza | caesar salad,282.69,228.00,"Plate with a salad, two slices of pizza, and some mixed greens.",460.00,280.00,1.000
dish_1563913709,fried rice | caesar salad | cheese pizza,337.89,263.00,"Meal with rice, salad, and pizza slices.",470.00,380.00,1.000
dish_1563913741,cheese pizza | fried rice | caesar salad,353.06,292.00,"A plate with mixed greens, salad, green beans, seasoned rice, and two slices of cheese pizza.",610.00,390.00,0.500
dish_1563984140,egg whites,245.44,472.00,A plate of chopped boiled egg whites.,60.00,100.00,1.000
dish_1563984167,egg whites | cantaloupe,291.68,608.00,Plate with scrambled egg whites and pieces of cantaloupe.,130.00,230.00,1.000
dish_1563984199,egg whites | cantaloupe | pineapple,322.68,670.00,Plate with egg whites and mixed fruit (pineapple and cantaloupe).,115.00,250.00,1.000
dish_1563984242,sweet potato | egg whites | pineapple | cantaloupe,402.12,753.00,"Plate with scrambled eggs, grilled pineapple, melon, and roasted eggplant.",430.00,480.00,0.333
dish_1563984296,egg whites | salsa | cantaloupe | sweet potato | pineapple,436.34,871.00,"Plate with cottage cheese, assorted fruits, tomato sauce, and roasted vegetables.",350.00,490.00,0.250
dish_1563984701,chicken apple sausage,275.20,172.00,Plate of sliced sausage pieces.,300.00,150.00,1.000
dish_1563984729,scrambled eggs | chicken apple sausage,495.72,321.00,Scrambled eggs with sliced sausages,550.00,330.00,1.000
dish_1563984771,granola | chicken apple sausage | scrambled eggs,582.81,388.00,"Scrambled eggs, salad, and sliced sausages on a plate",535.00,320.00,0.667
dish_1563984835,granola | scrambled eggs | chicken apple sausage,603.98,461.00,"Plate with scrambled eggs topped with sauce, sausages, and salad greens.",570.00,320.00,0.667
dish_1563986093,scrambled eggs,239.03,215.00,Scrambled eggs with mixed berries,230.00,200.00,1.000
dish_1563996251,cauliflower,39.50,158.00,Plate with cauliflower florets,25.00,100.00,1.000
dish_1563996279,carrot | cauliflower,98.49,278.00,Plate with steamed cauliflower and cooked carrots.,53.00,160.00,1.000
dish_1563996308,carrot | cream | chicken | cauliflower,718.51,659.00,"Plate with cooked chicken slices, steamed cauliflower, and chopped cooked carrots.",375.00,380.00,0.750
dish_1563996441,arugula,80.24,65.00,A plate of mixed greens salad.,15.00,30.00,0.000
dish_1563996464,arugula | cauliflower,100.49,146.00,Plate with a portion of arugula salad and cauliflower florets,35.00,90.00,1.000
dish_1563996485,arugula | roasted potatoes | cauliflower,178.04,201.00,"A plate with salad greens, roasted potatoes, and cauliflower.",105.00,150.00,0.667
dish_1563996509,cauliflower | chicken | roasted potatoes,365.18,316.00,"A meal consisting of arugula salad, cauliflower, grilled chicken, and roasted potatoes.",320.00,330.00,0.750
dish_1563996596,caesar salad,39.60,90.00,Caesar salad with romaine lettuce and parmesan cheese,190.00,200.00,0.333
dish_1563996625,brown rice | caesar salad,342.70,215.00,"Plate with a Caesar salad, sliced beef, and rice dish",530.00,340.00,0.667
dish_1563996656,carrot | brown rice | caesar salad,376.62,284.00,"Plate with salad, roasted carrots, and a grain-based dish",350.00,250.00,0.500
dish_1563997327,spinach (raw),157.88,120.00,A mixed green salad with various vegetables and fruits,60.00,95.00,0.000
dish_1563997386,spinach (raw) | carrot,215.88,238.00,Fresh salad with leafy greens and sliced carrots.,35.00,80.00,0.500
dish_1563997418,carrot,608.70,400.00,"A plate with salad including spinach, carrots, potatoes, and slices of beef.",225.00,230.00,0.250
dish_1563998210,chicken,148.09,91.00,Small portion of a plain bread or pastry on a plate,100.00,50.00,0.000
dish_1563998244,roasted potatoes | chicken,259.48,170.00,Plate with chicken breast and roasted potatoes,260.00,200.00,1.000
dish_1563998279,chicken | roasted potatoes,565.01,296.00,"Meal with beef, mashed potatoes, and roasted potatoes.",450.00,300.00,0.333
dish_1563998323,roasted potatoes | chicken | cauliflower,634.51,574.00,"A meal consisting of roasted beef, chicken breast, roasted potatoes, and steamed cauliflower.",530.00,425.00,0.750
dish_1563998513,chicken | cookies | roasted potatoes | cauliflower,757.51,599.00,"A plate with a variety of foods including chicken pieces, roast beef slices, roasted potatoes, cauliflower, and a muffin or baked good.",760.00,540.00,0.500
dish_1564000202,cheese pizza,396.19,149.00,Plate with three small slices of pizza.,300.00,150.00,1.000
dish_1564000417,cheese pizza,340.35,128.00,A slice of lasagna on a plate,350.00,200.00,0.000
dish_1564000459,cheese pizza | chicken,485.19,217.00,Meal consisting of a slice of pizza and some chicken with herbs.,380.00,180.00,1.000
dish_1564000490,caesar salad | cheese pizza | chicken,532.71,325.00,"Plate with salad, pizza slice, and some grilled chicken.",570.00,305.00,1.000
dish_1564000536,chickpeas | cheese pizza | chicken | caesar salad,659.91,397.00,"Plate with pizza, mixed salad, Caesar salad, and chicken.",605.00,365.00,0.600
dish_1564073641,sweet potato,49.77,52.00,A small portion of roasted sweet potatoes on a plate.,80.00,100.00,1.000
dish_1564073677,scrambled eggs | sweet potato,108.97,92.00,Scrambled eggs and roasted sweet potatoes on a plate.,160.00,110.00,1.000
dish_1564073716,scrambled eggs | sweet potato | egg whites,214.53,295.00,"A breakfast plate with scrambled eggs, egg whites, and roasted sweet potatoes.",180.00,225.00,1.000
dish_1564073860,bacon,492.31,91.00,Plate of cooked bacon strips.,355.00,100.00,1.000
dish_1564082212,pork | chicken,707.94,425.00,Plate with cooked chicken and roast beef slices.,500.00,300.00,0.333
dish_1564082323,caesar salad | pork | chicken,748.86,518.00,"Plate with roasted chicken, grilled beef, rice, and a green salad.",720.00,530.00,0.200
dish_1564082462,pesto | pork | pasta | chicken,905.35,609.00,"Plate with roasted chicken, salad, and pasta.",880.00,600.00,0.400
dish_1564083480,grilled chicken,259.70,133.00,A small portion of chopped grilled chicken and kidney beans.,140.00,125.00,0.500
dish_1564083508,grilled chicken | cherry tomatoes,276.26,225.00,"A small salad with chicken, grape tomatoes, and olives.",165.00,180.00,1.000
dish_1564083534,cherry tomatoes | grilled chicken | bell peppers,309.06,307.00,"Salad with grilled chicken, bell peppers, cherry tomatoes, and olives",240.00,255.00,1.000
dish_1564086602,cheese pizza,130.29,49.00,A small slice of pizza on a white plate.,150.00,75.00,1.000
dish_1564086624,cheese pizza | corn on the cob,217.29,131.00,A slice of pizza and two pieces of corn on the cob served on a white plate.,250.00,130.00,1.000
dish_1564086658,cheese pizza | corn on the cob | caesar salad,260.85,230.00,"A plate with a slice of pizza, Caesar salad, and two small corn pieces.",400.00,270.00,1.000
dish_1564086709,cheese pizza | caesar salad | pasta | corn on the cob,393.27,307.00,"A meal consisting of salad, pasta with pesto, corn, and pizza.",520.00,370.00,1.000
dish_1564086748,chicken | pasta | corn on the cob | cheese pizza | caesar salad,443.77,339.00,"A plate containing salad, pesto pasta, grilled chicken, a slice of pizza, and corn on the cob.",750.00,420.00,1.000
dish_1564086778,pork | cheese pizza | chicken | pasta | corn on the cob | caesar salad,645.80,437.00,"A meal consisting of pizza, salad, pasta, corn, and meat.",810.00,420.00,0.667
dish_1564159520,bacon,227.22,42.00,A plate with two strips of cooked bacon.,80.00,16.00,1.000
dish_1564159588,turkey bacon | sausage | bacon,477.15,113.00,Plate with strips of cooked bacon,270.00,60.00,0.333
dish_1564159636,sausage | turkey bacon | bacon,487.87,134.00,Bacon strips with Brussels sprouts,340.00,140.00,0.250
dish_1564160043,bagels,245.00,98.00,A cheese and herb flavored bagel.,280.00,100.00,1.000
dish_1564160161,bagels,242.50,97.00,A bagel on a plate.,250.00,100.00,1.000
dish_1564168695,pepperoni,385.01,78.00,Two slices of pepperoni pizza on a plate,420.00,180.00,1.000
dish_1564168739,pepperoni | sandwiches,585.30,164.00,Plate with two slices of pepperoni pizza and two sandwich halves.,620.00,300.00,0.333
dish_1564169197,sandwiches,116.45,50.00,A small sandwich piece,150.00,80.00,0.000
dish_1564169254,sandwiches | watermelon,161.75,201.00,Slice of sandwich and watermelon cubes on a plate.,180.00,190.00,0.333
dish_1564169298,tatsoi | sandwiches | watermelon,187.08,299.00,"Plate with a sandwich quarter, watermelon cubes, and salad.",120.00,235.00,0.250
dish_1564169340,watermelon | sandwiches | chicken thighs | tortilla | cheese,657.52,518.00,"Plate with shredded chicken, salad, watermelon, and bread.",410.00,390.00,0.286
dish_1564169644,cheese pizza,433.42,163.00,Pizza slices on a plate,500.00,190.00,0.333
dish_1564169878,tortilla | chicken thighs | cheese,732.51,341.00,Plate of shredded meat with vegetables and sauce,350.00,250.00,0.000
dish_1564169932,cheese | chicken thighs | tortilla,766.63,473.00,Meal with a portion of shredded chicken in sauce and a side salad.,400.00,350.00,0.250
dish_1564169958,tortilla | chicken thighs | cheese,787.78,563.00,"Plate with shredded chicken in tomato sauce, roasted zucchini, and a mixed vegetable salad.",410.00,400.00,0.200
dish_1564170010,tortilla | cheese | salmon | chicken thighs,1264.55,831.00,"Plate with shredded chicken dish, roasted vegetables, salad, and grilled fish.",600.00,600.00,0.167
dish_1564170071,onions,14.00,35.00,Bowl of sliced onions and a serving of cooked dish with onions and sauce.,160.00,130.00,1.000
dish_1564170098,onions,50.80,67.00,"A meal preparation with sliced red onions and olives in a bowl, and a portion of lasagna on a plate.",330.00,230.00,0.500
dish_1564170141,onions | cherry tomatoes,62.68,133.00,Mixed salad ingredients with a piece of lasagna on the side.,250.00,225.00,0.667
dish_1564170173,bell peppers | onions | cherry tomatoes,79.88,176.00,The meal consists of a salad with various vegetables and a portion of lasagna.,353.00,315.00,0.750
dish_1564170283,cheese | chicken thighs | tortilla,646.59,301.00,Plate with a portion of lasagna and a small piece of chicken.,380.00,220.00,0.250
dish_1564170474,zucchini | squash | broccoli,39.48,168.00,Stir-fried zucchini pieces on a plate.,30.00,60.00,0.333
dish_1564170542,salmon | brown rice,523.37,440.00,Meal with grilled zucchini and salmon on rice.,440.00,280.00,0.333
dish_1564170836,salmon | brown rice,240.16,135.00,A small serving of cooked salmon with a few greens on a plate.,155.00,110.00,0.500
dish_1564170880,salmon | brown rice,348.56,230.00,"Plate with salmon, grains, and vegetables.",450.00,325.00,0.250
dish_1564170923,kale | salmon | brown rice,378.82,319.00,"A meal with grilled salmon, a leafy green salad, and a grain and vegetable mix.",410.00,330.00,0.250
dish_1564170967,salmon | kale | brown rice,400.20,410.00,"Plate with salmon, kale, grains, and mixed vegetables.",470.00,430.00,0.400
dish_1564171888,brown rice | salmon,345.13,194.00,Plate with cooked chicken pieces and vegetables.,300.00,180.00,0.000
dish_1564171935,salmon | brown rice,476.34,309.00,Plate with salmon and quinoa salad.,430.00,250.00,0.333
dish_1564171970,brown rice | salmon,498.82,396.00,"A meal with salmon, lentils, and a vegetable salad.",490.00,350.00,0.250
dish_1564171996,brown rice | salmon,519.50,484.00,"A meal consisting of cooked salmon, mixed lentils, and a vegetable salad.",510.00,350.00,0.250
dish_1564427406,grilled chicken,305.37,135.00,Bowl of diced cooked chicken breast,150.00,150.00,1.000
dish_1564427430,grilled chicken,345.62,170.00,Diced grilled chicken with black olives in a bowl,150.00,100.00,1.000
dish_1564427455,grilled chicken,354.26,218.00,"A bowl containing diced chicken, cherry tomatoes, and kalamata olives.",250.00,190.00,0.333
dish_1564428102,arugula,133.22,107.00,Plate with a small portion of arugula salad with chopped garlic.,10.00,25.00,1.000
dish_1564428144,arugula | quinoa,205.21,171.00,Grilled chicken with a side of leafy greens.,170.00,135.00,0.000
dish_1564428181,quinoa | pork,510.05,320.00,"Plate with baked chicken, fried rice, and a green salad.",480.00,380.00,0.000
dish_1564428404,pears,113.75,104.00,Mixed greens salad with shredded carrots,25.00,70.00,0.000
dish_1564428444,cauliflower,157.00,277.00,Plate with a green salad and cauliflower florets.,75.00,180.00,1.000
dish_1564428475,cauliflower | quinoa,261.62,370.00,"A plate with a green salad, baked or grilled chicken, and cauliflower.",265.00,220.00,0.333
dish_1564428515,pork | quinoa | cauliflower,484.62,479.00,"Plate with salad, cauliflower, and roasted chicken.",325.00,330.00,0.250
dish_1564429184,tempeh,389.66,202.00,Small portion of rice with vegetables and tofu,120.00,120.00,0.000
dish_1564429235,chickpeas | tempeh,479.76,253.00,Plate with tofu stir-fry and side salad,400.00,300.00,0.333
dish_1564429270,chickpeas | tempeh,605.51,354.00,"Tofu with rice, peas, and a side salad with berries and chickpeas.",400.00,300.00,0.333
dish_1564429702,cauliflower,39.50,158.00,Plate of cooked cauliflower,25.00,100.00,1.000
dish_1564429744,cauliflower | quinoa,282.48,374.00,Plate with cauliflower and seasoned chicken pieces.,225.00,250.00,0.333
dish_1564429808,cauliflower | pork | quinoa,380.68,422.00,"A meal consisting of cauliflower, chicken with sauce, and a beef dish.",380.00,320.00,0.200
dish_1564429843,cauliflower | quinoa | pork,395.73,474.00,"Plate with cauliflower, roasted poultry, and roasted vegetables.",375.00,300.00,0.200
dish_1564429894,quinoa | pork | cauliflower,498.77,566.00,"A meal consisting of cauliflower, chicken, couscous with raisins, and roasted vegetables.",610.00,470.00,0.167
dish_1564432094,pepperoni pizza,177.66,63.00,A small slice of pizza on a square white plate.,180.00,85.00,1.000
dish_1564432128,pepperoni pizza,217.03,102.00,A small serving of mixed salad and a slice of pepperoni pizza on a plate.,290.00,185.00,1.000
dish_1564432165,pepperoni pizza | pineapple,246.03,160.00,"Plate with salad, pineapple pieces, and a slice of pepperoni pizza.",300.00,225.00,1.000
dish_1564432191,pepperoni pizza | cauliflower | pineapple,261.03,220.00,"A meal consisting of a salad, a slice of pizza, pineapple chunks, and cauliflower.",295.00,265.00,1.000
dish_1564432238,pepperoni pizza | pineapple | pork,455.39,315.00,"A plate with pizza, salad, pineapple, cauliflower, and a beef dish with rice.",625.00,455.00,0.400
dish_1564502063,bacon,497.72,92.00,Plate of cooked bacon slices,400.00,100.00,1.000
dish_1564503184,bacon,97.38,18.00,A single piece of bacon and a small piece of cheese on a plate.,52.00,11.00,0.500
dish_1564503219,bacon | egg whites,213.86,242.00,Egg whites with a strip of bacon.,105.00,165.00,1.000
dish_1564514906,white beans | fish,199.27,178.00,A small portion of a vegetable and cheese casserole.,150.00,100.00,0.000
dish_1564514953,white beans | fish | carrot,249.90,281.00,A meal consisting of a serving of casserole and roasted carrots.,300.00,250.00,0.250
dish_1564514997,carrot | fish | white beans,381.11,396.00,"Meal with grains, chicken with vegetables, and roasted carrots",530.00,430.00,0.200
dish_1564515049,carrot | white beans | broccoli | fish,431.64,611.00,"Plate with grains, vegetables, and chicken dish.",480.00,420.00,0.143
dish_1564516366,,31.05,27.00,Plate with a small portion of black olives,15.00,10.00,
dish_1564516397,cherry tomatoes,36.81,59.00,Plate with cherry tomatoes and black olives,45.00,100.00,1.000
dish_1564516429,fish | white beans,178.98,186.00,Portion of a vegetable dish with olives and cherry tomatoes,250.00,200.00,0.000
dish_1564516454,fish | chicken breast | white beans,311.14,266.00,"A plate with chicken, omelette or casserole, cherry tomatoes, and olives.",325.00,250.00,0.200
dish_1564516483,carrot | white beans | chicken breast | fish,364.23,374.00,"A plate with a variety of foods including fish, sweet potatoes, cherry tomatoes, olives, and tofu or chicken pieces.",525.00,365.00,0.333
dish_1564516732,carrot,26.55,54.00,Plate of dried apricots,150.00,75.00,0.000
dish_1564516760,chicken thighs | quinoa,442.73,329.00,Plate with roasted chicken and mixed roasted vegetables.,520.00,350.00,0.250
dish_1564518454,cheese pizza,164.86,62.00,A small piece of cheese pizza on a plate.,150.00,75.00,1.000
dish_1564518488,cheese pizza | chicken thighs,248.09,117.00,A meal consisting of a slice of pizza and a chicken drumstick.,400.00,195.00,1.000
dish_1564518512,cheese pizza | chicken thighs | carrot,270.71,163.00,"A slice of pizza, some sliced carrots, and a small piece of pie.",430.00,240.00,0.500
dish_1564518542,carrot | chicken thighs | cheese pizza,342.38,234.00,"A meal with a slice of pizza, a salad, a piece of chicken, and roasted carrots.",475.00,320.00,0.750
dish_1564518586,carrot | cheese pizza | chicken thighs,361.41,315.00,"A meal with salad, vegetable stir-fry, a slice of pizza, and a piece of stuffed chicken.",490.00,375.00,1.000
dish_1564518850,frozen yogurt,194.33,119.00,A cup of chocolate soft serve ice cream.,200.00,150.00,0.000
dish_1564588483,sausage,175.75,51.00,Plate with meatballs and a small piece of scrambled egg.,210.00,105.00,0.000
dish_1564588533,sausage | egg whites,236.07,167.00,Plate with scrambled eggs and pieces of sausage,370.00,220.00,1.000
dish_1564588567,sausage | scrambled eggs | egg whites,450.67,312.00,"A plate with scrambled eggs, sliced sausage, and cauliflower.",355.00,250.00,0.667
dish_1564588688,sausage,148.18,43.00,Plate with four pieces of sausage,120.00,60.00,1.000
dish_1564588719,chilaquiles | sausage,222.28,81.00,Meal portion with casserole and sausages.,350.00,180.00,0.333
dish_1564588820,egg whites,81.12,156.00,Plate with pieces of seasoned fish,120.00,100.00,0.000
dish_1564588859,egg whites | greek yogurt | milk | chia seeds,183.59,257.00,A plate with scrambled egg whites and chia pudding with fruits.,190.00,200.00,0.500
dish_1564588889,egg whites | greek yogurt | chia seeds | milk,234.49,346.00,Plate with scrambled egg whites and a chia seed pudding topped with blueberries and peach pieces.,230.00,330.00,0.400
dish_1564588919,milk | greek yogurt | egg whites | sweet potato | chia seeds,335.94,452.00,"Meal with scrambled eggs, potatoes, chia pudding with blueberries",470.00,370.00,0.600
dish_1564589025,sweet potato,48.81,51.00,A small serving of roasted potatoes on a plate.,60.00,50.00,1.000
dish_1564589072,sweet potato | chilaquiles,419.31,241.00,"Plate with scrambled eggs, tortilla chips, roasted potatoes, and salsa.",500.00,305.00,0.200
dish_1564589308,roasted potatoes,227.01,161.00,Roasted potato pieces on a plate,150.00,100.00,1.000
dish_1564589366,egg whites | roasted potatoes,324.25,348.00,Plate with scrambled egg whites and roasted potatoes.,220.00,220.00,1.000
dish_1564590115,sweet potato,115.81,121.00,Plate with seasoned potato pieces.,100.00,70.00,1.000
dish_1564590146,watermelon | sweet potato,141.01,205.00,Plate with roasted potatoes and watermelon cubes.,190.00,200.00,1.000
dish_1564590190,sweet potato | watermelon,194.02,298.00,"Plate with roasted potatoes, mixed berries, and watermelon.",230.00,280.00,1.000
dish_1564590226,watermelon | sweet potato | cantaloupe,220.54,376.00,A meal consisting of mixed fruits and roasted potatoes.,230.00,340.00,1.000
dish_1564590254,pineapple | watermelon | cantaloupe | sweet potato,248.54,432.00,A plate with a fruit assortment and roasted potatoes.,245.00,320.00,1.000
dish_1564590288,pineapple | watermelon | egg whites | cantaloupe | sweet potato,464.86,848.00,"A plate with scrambled egg whites, roasted potatoes, and assorted fruit.",340.00,500.00,0.600
dish_1564590352,pineapple | cantaloupe | salsa | watermelon | sweet potato | egg whites,497.92,962.00,"A meal consisting of scrambled eggs with sauce, roasted potatoes, and a variety of fresh fruits.",530.00,550.00,0.286
dish_1564601470,turnips,15.84,73.00,A few slices of peeled potato on a plate,20.00,35.00,0.000
dish_1564601528,turnips | roasted potatoes,142.74,163.00,Plate with jicama slices and roasted potatoes.,155.00,200.00,0.333
dish_1564601569,turnips | roasted potatoes | brussels sprouts,208.10,291.00,"Meal with roasted potatoes, steamed Brussels sprouts, and sliced daikon radish.",165.00,190.00,0.500
dish_1564601600,chicken | brussels sprouts | roasted potatoes,600.80,434.00,"A meal consisting of fried chicken with grated cheese, roasted potatoes, Brussels sprouts, and white radish slices.",410.00,320.00,0.750
dish_1564601638,chicken | roasted potatoes | fish | brussels sprouts,712.46,541.00,"A meal with roasted potatoes, Brussels sprouts, jicama, and a piece of fried meat or patty.",450.00,350.00,0.333
dish_1564605293,cheese pizza,404.17,152.00,Three small rectangular slices of cheese pizza on a plate,450.00,200.00,1.000
dish_1564605328,cheese pizza,541.24,349.00,A plate with three pieces of flatbread pizza and a side salad.,600.00,300.00,0.500
dish_1564675060,watermelon,23.10,77.00,Small serving of watermelon pieces on a plate,15.00,90.00,1.000
dish_1564675118,watermelon | sweet potato,177.19,238.00,Plate with roasted potatoes and watermelon cubes,180.00,200.00,1.000
dish_1564675157,grapes | watermelon | sweet potato,208.93,284.00,"Plate with roasted potatoes, red grapes, and watermelon pieces.",245.00,260.00,1.000
dish_1564675193,grapes | egg whites | sweet potato,478.81,803.00,"Plate with scrambled egg whites, roasted potatoes, watermelon, and grapes.",300.00,420.00,0.750
dish_1564675240,grapes | egg whites | sweet potato,502.88,886.00,"Meal with egg whites, roasted potatoes with sauce, watermelon, and grapes.",335.00,520.00,0.750
dish_1564675380,turkey bacon,87.33,23.00,A plate with a piece of cooked meat or processed meat product.,60.00,15.00,1.000
dish_1564675411,egg whites | turkey bacon,235.53,308.00,Mashed potatoes with gravy and a strip of bacon.,300.00,215.00,0.333
dish_1564685144,green beans,26.16,50.00,A small portion of green beans on a plate.,35.00,50.00,1.000
dish_1564685183,green beans,127.11,150.00,"Salad with mixed greens, green beans, and sliced vegetables.",65.00,140.00,0.500
dish_1564685229,green beans | cherry tomatoes | bell peppers | lime | ketchup | spinach (raw) | millet | onions | lettuce | cucumbers,591.44,347.00,"Plate with a salad, green beans, and beef with sauce",390.00,330.00,0.091
dish_1564685360,millet,304.05,129.00,Small portion of beef stir-fry with quinoa and vegetables on a plate,120.00,70.00,0.000
dish_1564685406,bell peppers | cherry tomatoes | ketchup | spinach (raw) | onions | lime | lettuce | cucumbers | millet,367.65,192.00,Plate with mixed greens salad and slices of meat.,300.00,250.00,0.000
dish_1564685450,pizza,623.01,288.00,"A meal with a slice of pizza, salad, and beef with grains.",650.00,350.00,0.500
dish_1564685482,pizza | brownies,851.40,337.00,"Plate with salad, pizza slice, beef with sauce on grain, and a brownie.",780.00,380.00,0.250
dish_1564686657,cheese pizza,279.19,105.00,Two small slices of pizza on a plate,250.00,120.00,1.000
dish_1564686702,cheese pizza,307.94,130.00,A meal consisting of two small slices of pizza and a few olives.,340.00,180.00,1.000
dish_1564686740,cheese pizza,399.80,221.00,"Slice of pizza, mixed green salad, and black olives.",360.00,240.00,1.000
dish_1564686791,chicken breast | cheese pizza,601.35,343.00,"Meal with pizza, salad, and grilled chicken.",650.00,330.00,1.000
dish_1564686832,brownies | chicken breast | cheese pizza,829.74,392.00,"A meal consisting of pizza slices, mixed salad, diced chicken, and a piece of bread or cracker.",600.00,390.00,0.500
dish_1564686855,brownies | chicken breast | cheese pizza,1030.16,435.00,"A meal with pizza slices, salad, grilled chicken pieces, chocolate desserts, and grapes.",890.00,650.00,0.400
dish_1564686966,ketchup | millet | bell peppers | spinach (raw) | onions,153.20,65.00,A small portion of cooked steak on a plate.,150.00,100.00,0.000
dish_1564687013,fish | ketchup | white rice,330.84,224.00,Plate with steak slices and vegetable lasagna.,350.00,250.00,0.000
dish_1564687046,white rice | green beans | ketchup | fish,374.79,308.00,"A meal consisting of steak, baked fish with tomato-based sauce, and green beans.",470.00,350.00,0.500
dish_1564687090,fish | white rice | ketchup | green beans,498.02,416.00,"Plate with steak, green beans, stuffed peppers, and a salad with grains and cheese.",395.00,380.00,0.167
dish_1564688969,cheese pizza,239.31,90.00,Two small slices of cheese pizza on a white plate.,300.00,120.00,1.000
dish_1564689078,spinach (raw),72.36,55.00,Small serving of spinach and blueberries on a plate.,7.00,20.00,1.000
dish_1564689108,chickpeas | arugula,203.66,159.00,"A salad with lettuce, chickpeas, blueberries, and sliced vegetables.",80.00,95.00,0.250
dish_1564689138,chickpeas,268.27,223.00,Salad with mixed greens and chickpeas,85.00,100.00,1.000
dish_1564689168,tofu | chickpeas,352.95,339.00,"Plate with mixed salad, tofu, chickpeas, and lentils.",270.00,300.00,0.667
dish_1564689219,chickpeas | lentils | tofu,506.85,474.00,"Salad with chickpeas, tofu, lentils, and mixed greens.",500.00,390.00,0.750
dish_1564690038,lentils,92.34,81.00,Small portion of cooked vegetables and some type of patty on a plate,110.00,70.00,0.000
dish_1564690085,lentils | chickpeas,170.62,143.00,"A meal consisting of roasted chicken, cooked green beans, arugula, and chickpeas.",305.00,260.00,0.200
dish_1564690138,lentils | green beans | chickpeas,190.50,181.00,"A meal consisting of green beans, chickpeas, mushrooms, and greens.",160.00,200.00,0.500
dish_1564690167,lentils | chickpeas,251.78,207.00,"Plate with green beans, a piece of chicken, and salad with chickpeas.",180.00,210.00,0.250
dish_1564690194,white rice | fish | ketchup | lentils,500.92,430.00,"Plate with spiced rice, chicken, green beans, and a salad with chickpeas.",650.00,405.00,0.143
dish_1564691380,green beans | corn on the cob,96.26,111.00,A meal consisting of cooked green beans and corn slices.,85.00,170.00,1.000
dish_1564691420,corn on the cob | green beans,212.35,226.00,"Plate with green beans, a garden salad, and corn on the cob slices.",95.00,190.00,0.667
dish_1564691450,corn on the cob,542.33,366.00,"A meal consisting of green beans, salad, corn on the cob slices, and slices of meat.",300.00,280.00,0.500
dish_1564761388,egg whites,54.60,105.00,Plate with scrambled egg whites,40.00,100.00,1.000
dish_1564761426,egg whites | fried rice,207.57,202.00,A meal consisting of scrambled egg whites and a portion of fried rice.,200.00,180.00,1.000
dish_1564761457,fried rice | turkey bacon | egg whites,287.31,223.00,"A meal with egg whites, fried rice with corn, and a slice of bacon.",240.00,235.00,1.000
dish_1564761488,turkey bacon | egg whites | fried rice | honeydew melons,327.99,336.00,"Plate with scrambled eggs, brown rice, sliced fruit, and a piece of bacon.",200.00,245.00,1.000
dish_1564773826,cherry tomatoes,10.08,56.00,Small portion of cherry tomatoes on a plate,18.00,80.00,1.000
dish_1564773847,salmon | mayonnaise | lentils,238.03,161.00,A small portion of salmon and cherry tomatoes on a plate.,115.00,130.00,0.250
dish_1564773876,salmon | lentils | broccoli | mayonnaise,258.33,219.00,"A small portion meal consisting of cherry tomatoes, broccoli, and a piece of grilled fish.",145.00,200.00,0.167
dish_1564773903,salmon | pineapple | mayonnaise | broccoli,316.83,336.00,"Plate with pineapple, cherry tomatoes, broccoli, and a piece of fish",210.00,350.00,0.333
dish_1564773942,salmon | chicken breast | mayonnaise | pineapple,491.94,442.00,"Plate with mixed vegetables, fruit, and chicken.",390.00,505.00,0.286
dish_1564773976,chicken breast | mayonnaise | salmon | pineapple,516.09,463.00,"A meal with chicken breast, pineapple, cherry tomatoes, olives, broccoli, and fish.",375.00,380.00,0.286
dish_1564774773,broccoli,50.14,90.00,Plate with a few pieces of broccoli,25.00,100.00,1.000
dish_1564774805,mayonnaise | salmon | lentils,621.09,353.00,A meal consisting of broccoli and seasoned meat or tofu on a white plate.,310.00,250.00,0.000
dish_1564775147,salmon | mayonnaise | lentils,327.81,151.00,Grilled or roasted salmon pieces on a plate,250.00,150.00,0.333
dish_1564775182,salmon | lentils | mayonnaise | broccoli,398.00,277.00,Plate with cooked broccoli and salmon,280.00,200.00,0.500
dish_1564775216,salmon | mayonnaise | broccoli | beef,530.60,340.00,"Plate with roasted broccoli, a piece of salmon, and a piece of grilled meat.",385.00,270.00,0.500
dish_1564777933,cheese pizza,103.70,39.00,A small slice of pizza on a plate.,180.00,70.00,1.000
dish_1564777960,cheese pizza | beef,331.01,147.00,Plate with a piece of lasagna and slices of roast meat,450.00,250.00,0.000
dish_1564777986,cheese pizza | broccoli | beef,372.23,221.00,"A meal with slices of meat, broccoli, and a piece of quesadilla.",380.00,210.00,0.250
dish_1564778030,cheese pizza | broccoli | beef,504.42,283.00,"A meal consisting of beef slices, broccoli, a green salad, and a piece of bread with cheese.",395.00,290.00,1.000
dish_1564778057,rice noodles | beef | cheese pizza,575.19,377.00,"Plate with pizza slice, grilled meat, broccoli, and salad.",530.00,400.00,0.200
dish_1565020755,bacon,43.28,8.00,A single strip of cooked bacon on a plate.,42.00,8.00,1.000
dish_1565020796,egg whites,90.60,99.00,A plate with scrambled eggs and a strip of bacon,130.00,115.00,0.500
dish_1565020822,egg whites | sweet potato,180.56,193.00,"Plate with bacon, roasted sweet potato chunks, and scrambled eggs.",240.00,185.00,0.667
dish_1565020867,egg whites | sweet potato,255.80,325.00,"Plate with fresh berries, roasted sweet potatoes, bacon, and cottage cheese.",260.00,200.00,0.250
dish_1565020895,egg whites | milk | greek yogurt | sweet potato,348.13,416.00,"A plate with mixed berries, bacon strips, chia pudding, sweet potato, and cheese pieces.",300.00,210.00,0.143
dish_1565020926,sweet potato | grapes | greek yogurt | egg whites | milk,398.50,489.00,"A plate with mixed fruits, chia pudding, cheese, and bacon.",320.00,290.00,0.125
dish_1565021054,tofu | waffles,263.75,144.00,Waffles with a small portion of scrambled eggs and vegetables.,290.00,120.00,0.333
dish_1565021104,waffles | tofu | egg whites,291.31,197.00,Waffles topped with vegetables and a dollop of cream or yogurt.,390.00,180.00,0.200
dish_1565021141,waffles | egg whites | sausage | tofu,467.05,248.00,"Waffles with scrambled eggs and vegetables, topped with sour cream and served with sausage pieces.",500.00,270.00,0.600
dish_1565021185,waffles | egg whites | sausage | tofu,481.50,296.00,"Plate with waffles, scrambled eggs with vegetables, sausage slices, potato pieces, and cream.",800.00,435.00,0.500
dish_1565021220,egg whites | sweet potato | waffles | tofu | sausage,543.71,361.00,"Waffles topped with roasted sweet potatoes, sausage slices, cheese, and cooked peppers.",800.00,380.00,0.500
dish_1565021599,egg whites,206.96,398.00,A meal with scrambled egg whites and roasted sweet potatoes.,150.00,250.00,0.500
dish_1565021640,egg whites | sweet potato,304.58,500.00,A plate of scrambled egg whites and roasted sweet potato chunks.,250.00,300.00,1.000
dish_1565021675,sweet potato | egg whites | honeydew melons,331.58,575.00,Egg whites with roasted sweet potatoes and mixed melon pieces.,230.00,380.00,1.000
dish_1565021714,egg whites | honeydew melons | sweet potato,381.17,662.00,"A plate with scrambled egg whites, roasted sweet potatoes, and mixed fruits.",215.00,460.00,0.750
dish_1565021965,egg whites,92.04,177.00,Plate of scrambled egg whites,60.00,100.00,1.000
dish_1565022027,sweet potato | egg whites,178.18,267.00,Plate with scrambled egg whites and roasted sweet potatoes,175.00,250.00,1.000
dish_1565022062,egg whites | sweet potato,234.61,366.00,"A meal consisting of scrambled egg whites, mixed berries, and roasted sweet potatoes.",280.00,370.00,1.000
dish_1565023128,granola,41.59,32.00,Small portion of mixed greens on a plate,5.00,15.00,0.000
dish_1565023157,scrambled eggs,379.03,260.00,Scrambled eggs served over a bed of mixed greens.,215.00,200.00,1.000
dish_1565023182,scrambled eggs | bacon,638.71,308.00,"A plate of scrambled eggs, bacon, and mixed greens.",470.00,240.00,1.000
dish_1565024675,turkey bacon,129.10,34.00,Two strips of bacon with small pieces of scrambled egg on a plate.,190.00,45.00,0.500
dish_1565024707,turkey bacon | scrambled eggs,299.30,149.00,Scrambled eggs with two strips of bacon.,230.00,150.00,1.000
dish_1565024741,turkey bacon | scrambled eggs | roasted potatoes,359.93,192.00,"Plate with scrambled eggs, bacon strips, and diced potatoes.",370.00,260.00,1.000
dish_1565030350,lettuce | lime | cucumbers | onions | cherry tomatoes,62.59,62.00,A green salad with leafy greens and some shredded carrots.,60.00,120.00,0.000
dish_1565030391,white rice | beef,609.33,313.00,"Plate with salad, broccoli, and rice with beef",235.00,230.00,0.333
dish_1565031283,beef | white rice,252.68,116.00,Small portion of rice with greens,85.00,60.00,0.500
dish_1565031338,beef | white rice | caesar salad,296.24,215.00,Plate with salad and rice dish,350.00,270.00,0.667
dish_1565031376,beef | cauliflower | caesar salad,319.49,308.00,"Plate with salad, rice dish, and cauliflower.",295.00,330.00,0.250
dish_1565032680,figs | arugula,280.28,208.00,Plate with cantaloupe cubes and mixed green salad.,70.00,190.00,0.000
dish_1565032714,figs | squash | arugula,315.59,330.00,"A plate with roasted eggplant, melon, and salad greens.",140.00,230.00,0.000
dish_1565032748,beef | arugula | figs,544.31,435.00,"Plate with roasted zucchini, mixed salad greens, cantaloupe, and rice with meat.",300.00,340.00,0.000
dish_1565033085,,15.40,55.00,Mixed salad greens on a white plate,15.00,75.00,
dish_1565033110,broccoli,47.60,147.00,Plate of mixed greens and broccoli florets,60.00,150.00,1.000
dish_1565033139,broccoli,193.65,274.00,"Salad with red kidney beans, mixed greens, and broccoli.",195.00,230.00,0.500
dish_1565033189,chicken | broccoli,578.10,507.00,"Salad with chicken, broccoli, red kidney beans, and greens",395.00,360.00,0.667
dish_1565033220,chicken,908.60,578.00,"A salad bowl containing greens, diced chicken, broccoli, kidney beans, and dressing.",470.00,390.00,0.333
dish_1565033265,chicken,1324.08,625.00,"Salad with chicken, broccoli, beans, and dressing",475.00,380.00,0.333
dish_1565034234,cauliflower,43.75,175.00,A plate of cooked cauliflower florets.,25.00,100.00,1.000
dish_1565034281,roasted potatoes | cauliflower,228.46,306.00,A plate with cauliflower florets and cooked eggplant.,60.00,180.00,0.333
dish_1565034330,cauliflower | beef | roasted potatoes,614.02,483.00,"Plate with cauliflower, rice with vegetables, and eggplant.",290.00,390.00,0.200
dish_1565034605,lettuce | lime | cucumbers | onions | cherry tomatoes,52.49,52.00,Small portion of mixed salad with leafy greens and some vegetables,30.00,50.00,0.000
dish_1565034635,arugula,124.09,110.00,Mixed green salad with assorted ingredients,175.00,95.00,0.000
dish_1565034661,cheese pizza,219.81,146.00,Plate with a piece of lasagna and mixed green salad.,300.00,250.00,0.000
dish_1565034681,cheese pizza | pizza,323.55,185.00,"Salad with two pieces of baked dish, possibly lasagna or pasta.",400.00,260.00,0.000
dish_1565035715,onions,15.60,39.00,Small portion of sliced red onions on a plate,5.00,15.00,1.000
dish_1565035746,onions | cauliflower,43.10,149.00,Plate with cauliflower and red onion.,35.00,130.00,1.000
dish_1565035774,onions | cauliflower | bell peppers,57.50,185.00,"Plate with cauliflower, green bell peppers, and red onions.",35.00,150.00,1.000
dish_1565035802,onions | cherry tomatoes | cauliflower | bell peppers,69.20,250.00,"Plate with fresh vegetables including cauliflower, cherry tomatoes, green bell pepper, and red onion.",60.00,260.00,1.000
dish_1565035830,chicken breast | cauliflower,340.13,414.00,"Plate with chicken, cauliflower, cherry tomatoes, green bell pepper, and red onion.",210.00,305.00,0.400
dish_1565035858,chicken breast | watermelon | cauliflower,375.23,531.00,"A salad with diced chicken, cauliflower, watermelon, grape tomatoes, green bell peppers, and red onions.",290.00,490.00,0.500
dish_1565036788,cheese pizza,186.13,70.00,Plate with a small piece of cheese pizza.,80.00,30.00,1.000
dish_1565036821,beef | cheese pizza,325.54,134.00,A small meal with a slice of pizza and a small portion of meat with vegetables.,350.00,150.00,0.333
dish_1565036890,roasted potatoes | beef | cheese pizza | chicken thighs,520.86,260.00,"Meal with roasted vegetables, meat, and a slice of pizza.",430.00,320.00,0.200
dish_1565036922,chicken thighs | roasted potatoes | cheese pizza | beef,539.86,336.00,"Plate with roasted vegetables, cauliflower, pizza slice, and cooked meat.",385.00,320.00,0.167
dish_1565036953,chicken thighs | caesar salad | beef | roasted potatoes | cheese pizza,586.94,443.00,"Plate with assorted foods including salad, pizza, roasted vegetables, and meat.",460.00,350.00,0.500
dish_1565107066,scrambled eggs,127.28,86.00,Scrambled eggs on a plate,120.00,100.00,1.000
dish_1565107092,scrambled eggs | egg whites,313.44,444.00,A plate with scrambled eggs and a portion of mashed potatoes.,170.00,195.00,0.500
dish_1565107119,sweet potato | scrambled eggs | egg whites,426.37,562.00,"Meal with scrambled eggs, roasted potatoes, and cottage cheese.",260.00,210.00,0.667
dish_1565107143,watermelon | egg whites | scrambled eggs | sweet potato,454.27,655.00,"A meal consisting of watermelon, scrambled eggs, scrambled egg whites, and sautéed eggplant.",230.00,340.00,0.500
dish_1565107171,sweet potato | scrambled eggs | egg whites | watermelon | grapes,501.88,724.00,"A plate with scrambled eggs, cheese, sliced bananas, grapes, watermelon, and egg whites.",415.00,460.00,0.500
dish_1565107211,sweet potato | scrambled eggs | egg whites | watermelon | grapes,523.63,799.00,"A meal with scrambled eggs, cottage cheese with tomato sauce, roasted potatoes, watermelon, and grapes.",475.00,500.00,0.800
dish_1565109606,sweet potato,89.96,94.00,Plate with fried potato pieces,150.00,100.00,1.000
dish_1565109637,sweet potato | egg whites,172.64,253.00,A plate with scrambled egg whites and roasted potatoes.,265.00,270.00,1.000
dish_1565109659,sweet potato | bacon | egg whites,226.74,263.00,"Breakfast plate with scrambled egg whites, bacon, and diced potatoes.",200.00,285.00,1.000
dish_1565117429,cheese pizza,390.87,147.00,Plate with three slices of cheese pizza,450.00,180.00,1.000
dish_1565117463,caesar salad | cheese pizza,435.31,248.00,A meal with pizza slices and a portion of salad.,750.00,350.00,0.500
dish_1565117892,tuna,132.60,102.00,A small portion of tuna salad with shredded carrots.,120.00,100.00,1.000
dish_1565117934,chicken breast | tuna,352.32,235.00,Chicken breast pieces with rice and vegetables,380.00,300.00,0.333
dish_1565117962,chicken breast | bell peppers | tuna,379.92,304.00,"Meal with chopped chicken breast, mixed rice with vegetables, and sliced bell peppers.",470.00,380.00,0.500
dish_1565117990,tuna | chicken breast | cheese pizza,582.00,380.00,"Plate with pizza slices, cooked rice or grain with vegetables, and fresh bell pepper slices.",510.00,340.00,0.200
dish_1565118029,chicken breast | cheese pizza | tuna,595.14,453.00,"Plate with vegetable salad, pizza slice, and shredded chicken.",550.00,350.00,0.500
dish_1565118067,chicken breast | tuna | cheese pizza,623.43,522.00,"A meal consisting of pizza slices, shredded chicken, raw vegetables, and shredded carrots.",520.00,360.00,0.400
dish_1565118096,chicken breast | tuna | cheese pizza | pineapple,656.43,588.00,"A meal consisting of pizza slices, cooked rice, chicken pieces, shredded carrots, sliced bell peppers, and pineapple chunks.",570.00,420.00,0.500
dish_1565118700,chard | kale,16.66,49.00,Small portion of mixed greens and chopped vegetables,10.00,15.00,0.000
dish_1565118729,beef | millet,435.49,248.00,Plate with slices of roast meat and mixed vegetables.,400.00,270.00,0.000
dish_1565118782,beef | millet,557.52,353.00,"Plate with quinoa salad, cooked greens, and meat.",470.00,320.00,0.000
dish_1565118999,lettuce | feta cheese,200.39,288.00,"A fresh salad with mixed greens, cherry tomatoes, olives, cucumber, red onion, and feta cheese.",115.00,175.00,0.200
dish_1565119418,cheese pizza,324.40,122.00,Three small slices of rectangular pizza.,250.00,110.00,1.000
dish_1565119439,beef | cheese pizza,465.41,189.00,Slice of pizza and pieces of grilled meat on a plate,400.00,220.00,0.500
dish_1565119464,cheese pizza | beef,504.07,223.00,"A plate with pizza slices, beef pieces, and a spinach salad.",580.00,290.00,0.667
dish_1565119493,beef | cheese pizza,529.14,280.00,"Mixed meal with steak, pizza slices, Caesar salad, and a green salad.",560.00,380.00,0.333
dish_1565119642,kale | chard,26.52,78.00,A small portion of sautéed greens on a plate.,25.00,40.00,0.500
dish_1565119669,kale | zucchini | chard | chayote squash,55.97,229.00,A plate with sautéed greens and yellow zucchini.,90.00,180.00,0.200
dish_1565119698,zucchini | kale | beef | chayote squash,222.24,308.00,"Plate with cooked greens, roasted squash, and slices of cooked meat.",215.00,260.00,0.250
dish_1565119739,beef,396.80,461.00,"A meal consisting of kale, roasted squash, barley, and sliced beef.",480.00,490.00,0.250
dish_1565123783,cheese pizza,93.06,35.00,A small piece of pizza on a plate,150.00,90.00,1.000
dish_1565123816,beef | cheese pizza,250.92,110.00,A small portion of pizza and a serving of roast beef on a white plate.,330.00,160.00,1.000
dish_1565123845,cheese pizza | beef,268.66,201.00,"Plate with a slice of pizza, a piece of roast meat, and mixed sautéed vegetables.",430.00,240.00,0.250
dish_1565123881,caesar salad | cheese pizza | beef,406.82,515.00,"Plate with Caesar salad, pizza slice, grilled meat, and mixed vegetables.",520.00,335.00,0.500
dish_1565194684,egg whites,196.56,378.00,Meal with scrambled egg whites and mixed vegetables/grapes.,210.00,300.00,0.500
dish_1565194752,sweet potato | egg whites,322.89,510.00,Plate with scrambled egg whites and roasted sweet potatoes.,270.00,430.00,1.000
dish_1565194781,sweet potato | carrot | egg whites,351.41,568.00,Egg whites with sweet potato on a plate,250.00,350.00,0.667
dish_1565194823,sweet potato | carrot | egg whites | grapes,386.60,619.00,"Plate with scrambled egg whites, sweet potato pieces, and red grapes.",310.00,400.00,0.750
dish_1565194852,watermelon | egg whites | sweet potato | grapes | carrot,428.60,759.00,"Plate with egg whites, sweet potatoes, watermelon, and grapes",365.00,710.00,0.800
dish_1565194906,grapes | watermelon | salsa | carrot | egg whites | sweet potato,451.80,839.00,"Plate with egg whites topped with sauce, roasted sweet potatoes, mixed fruits including watermelon, cantaloupe, and grapes.",350.00,550.00,0.500
dish_1565195362,sweet potato,98.58,103.00,Plate of roasted sweet potatoes,130.00,130.00,1.000
dish_1565195398,chicken apple sausage | sweet potato,135.38,126.00,Plate with roasted sweet potato and two small mushrooms,160.00,140.00,0.333
dish_1565195436,chicken apple sausage | sweet potato | bacon,340.96,164.00,"Plate with bacon, roasted vegetables, and stuffed mushrooms.",280.00,170.00,0.200
dish_1565195493,sweet potato | chicken apple sausage | bacon | egg whites,407.00,291.00,"A meal consisting of scrambled egg whites, cooked bacon, and roasted vegetables.",300.00,270.00,0.400
dish_1565196260,egg whites,74.36,143.00,Plate with chopped boiled potatoes,130.00,200.00,0.000
dish_1565203015,chicken | brown rice,663.94,397.00,Plate of mixed vegetables and chicken pieces,330.00,250.00,0.333
dish_1565203094,chicken | pizza,898.02,485.00,A serving of stir-fried chicken and vegetables with a slice of pizza.,530.00,330.00,1.000
dish_1565204855,brussels sprouts,53.61,105.00,Plate of roasted Brussels sprouts,40.00,70.00,1.000
dish_1565204891,brussels sprouts | chicken thighs | white rice,302.89,314.00,A meal featuring Brussels sprouts and chicken with rice and vegetables.,260.00,250.00,0.667
dish_1565204931,chicken thighs | white rice | caesar salad | brussels sprouts,391.33,515.00,"Plate with Caesar salad, roasted Brussels sprouts, and vegetable fried rice.",600.00,450.00,0.750
dish_1565207631,white rice,64.41,54.00,"A small portion of a meal with rice, green beans, and a piece of breaded protein.",120.00,85.00,0.333
dish_1565207662,white rice | fish | country rice,145.94,128.00,"Plate with a piece of chicken, vegetables, and some mashed potatoes.",250.00,200.00,0.000
dish_1565207694,white rice | country rice | fish | broccoli,173.79,178.00,"A plate with a piece of grilled chicken, one chicken wing, and steamed broccoli.",255.00,200.00,0.200
dish_1565207727,broccoli | white rice | fish | pizza | country rice,314.77,231.00,"Meal with pizza slice, chicken and broccoli.",460.00,270.00,0.400
dish_1565207815,brussels sprouts,40.85,80.00,A plate with some roasted Brussels sprouts.,40.00,50.00,1.000
dish_1565207865,brussels sprouts,112.96,129.00,A meal consisting of a side salad and roasted Brussels sprouts.,85.00,120.00,1.000
dish_1565207896,brussels sprouts | tofu,298.38,383.00,"A plate with tofu, roasted vegetables, salad, and broccoli.",320.00,300.00,0.667
dish_1565208562,caesar salad,40.48,92.00,Small Caesar salad with croutons and parmesan cheese on a plate,160.00,65.00,0.000
dish_1565208611,brussels sprouts | caesar salad,73.67,157.00,Caesar salad with Brussels sprouts,240.00,200.00,1.000
dish_1565208637,chicken thighs | white rice | caesar salad | brussels sprouts,250.19,305.00,"Plate with chicken, Caesar salad, and Brussels sprouts.",320.00,240.00,0.750
dish_1565209922,white rice | chicken thighs,201.57,169.00,Small portion of a cheesy pasta or casserole dish,250.00,150.00,0.000
dish_1565209963,chicken thighs | white rice | brussels sprouts,244.46,253.00,A meal consisting of cooked fish and roasted Brussels sprouts.,250.00,250.00,0.250
dish_1565210009,white rice | chicken thighs | brussels sprouts,263.82,290.00,"Plate with chicken, Brussels sprouts, and green beans.",335.00,280.00,0.500
dish_1565210037,brussels sprouts | white rice | pineapple | chicken thighs,291.82,346.00,"A meal with chicken, green beans, broccoli, Brussels sprouts, and pineapple.",355.00,310.00,0.600
dish_1565210073,brussels sprouts | white rice | pineapple | chicken thighs | caesar salad,364.42,511.00,"Plate with grilled chicken, Caesar salad, mixed vegetables, and pineapple chunks.",440.00,380.00,0.800
dish_1565369938,bacon,167.71,31.00,Plate with three strips of cooked bacon.,120.00,30.00,1.000
dish_1565369971,green beans | bacon,221.60,134.00,A plate with green beans and bacon.,150.00,130.00,1.000
dish_1565370004,bacon | scrambled eggs | green beans,570.88,370.00,"Plate with scrambled eggs, green beans, and bacon strips.",400.00,290.00,1.000
dish_1565378680,,92.42,81.00,Small portion of a grain-based dish with vegetables.,150.00,100.00,0.000
dish_1565378731,carrot,154.36,207.00,A meal consisting of sliced carrots and seasoned grains with herbs.,190.00,220.00,0.500
dish_1565378770,pork | carrot,319.28,287.00,"Meal with sliced carrots, a portion of roasted meat, and cooked grains.",390.00,300.00,0.333
dish_1565379251,carrot,32.94,67.00,Roasted carrot slices on a plate,30.00,50.00,1.000
dish_1565379320,pork | sugar | white rice | carrot,404.01,247.00,"A meal consisting of cooked rice with vegetables and meat, accompanied by roasted sweet potato slices.",310.00,220.00,0.200
dish_1565379377,sugar | caesar salad | carrot | pork,470.01,397.00,"Plate with roasted sweet potatoes, chicken stir fry, and a green salad.",580.00,370.00,0.000
dish_1565379788,carrot,49.65,101.00,A small portion of cooked carrots with some green vegetables.,25.00,50.00,1.000
dish_1565379827,carrot | rice noodles,150.53,235.00,A meal consisting of a noodle and vegetable stir-fry alongside cooked sausage.,500.00,280.00,0.333
dish_1565379868,pork | rice noodles | sugar | carrot,560.77,434.00,"Plate with a serving of coleslaw, roasted carrots, and a portion of rice with meat and herbs.",400.00,410.00,0.400
dish_1565382733,pepperoni pizza,287.64,102.00,Two slices of pepperoni pizza on a plate,400.00,220.00,1.000
dish_1565382762,pepperoni pizza,305.83,139.00,Two slices of pepperoni pizza with a few sliced carrots.,360.00,180.00,0.500
dish_1565382803,roasted potatoes | pepperoni pizza,359.41,177.00,"Plate with slices of pizza, roasted potatoes, and cooked carrots.",305.00,190.00,0.667
dish_1565382833,tofu | pepperoni pizza | roasted potatoes,396.64,228.00,"Plate with two pizza slices, mixed vegetables, and some legumes.",620.00,300.00,0.167
dish_1565382856,pepperoni pizza | tofu | rice noodles | roasted potatoes,446.33,294.00,"A meal consisting of two slices of pepperoni pizza, a serving of noodles, and some mixed roasted vegetables.",730.00,360.00,0.400
dish_1565382886,tofu | roasted potatoes | caesar salad | rice noodles | pepperoni pizza,470.09,348.00,"Plate with two slices of pepperoni pizza, Caesar salad, vegetable pasta, roasted vegetables, and tofu.",820.00,480.00,0.500
dish_1565382969,spinach (raw),13.11,57.00,A bowl of raw spinach leaves.,20.00,100.00,1.000
dish_1565382995,spinach (raw) | cucumbers,23.21,158.00,Salad with spinach and cucumber slices,18.00,120.00,1.000
dish_1565383026,spinach (raw) | cucumbers,171.56,287.00,"Salad with spinach, black olives, and cucumber slices",125.00,130.00,1.000
dish_1565383062,chicken,362.96,403.00,"Salad with spinach, grilled chicken, cucumber slices, and black olives.",258.00,210.00,0.333
dish_1565383097,chicken | parmesan cheese,479.25,430.00,"Salad with spinach, chicken, kidney beans, cucumber, and parmesan.",275.00,260.00,0.400
dish_1565383128,parmesan cheese | chicken,600.28,456.00,"Salad with chicken, kidney beans, cucumber, spinach, Parmesan cheese, and dressing",405.00,250.00,0.400
dish_1565383159,parmesan cheese | chicken,706.36,468.00,"Salad with chicken, olives, parmesan, cucumbers, mixed greens, and dressing.",405.00,310.00,0.667
dish_1565627751,sweet potato,68.91,72.00,Plate with roasted sweet potato cubes.,100.00,120.00,1.000
dish_1565627800,sweet potato | egg whites,167.19,261.00,Plate with roasted sweet potatoes and cauliflower.,105.00,200.00,0.333
dish_1565637123,pasta salad,229.71,114.00,Mixed salad with pasta and greens,75.00,75.00,0.500
dish_1565637162,pasta salad | pork,581.51,286.00,A meal consisting of rice with meat and a mixed salad.,380.00,300.00,0.000
dish_1565637504,pineapple,28.00,56.00,A small portion of cubed pineapple on a plate,20.00,50.00,1.000
dish_1565637548,pineapple | quinoa,93.44,102.00,"Plate with a portion of cooked grains, small amount of diced fruit, and a garnish.",180.00,150.00,0.333
dish_1565637578,pineapple | quinoa | chicken breast,197.30,168.00,"A meal consisting of breaded chicken, bell pepper, cooked grains, and pineapple.",400.00,310.00,0.400
dish_1565637608,pork | quinoa | chicken breast | pineapple,422.29,278.00,"Plate with rice, stir-fried or shredded meat, and diced pineapple.",235.00,190.00,0.200
dish_1565638287,pork | white rice,357.93,175.00,A plate of cooked meat with rice and green vegetables.,370.00,255.00,0.333
dish_1565638323,pork | brown rice,467.82,274.00,"Plate with rice, beef, green peppers, and carrots.",400.00,325.00,0.250
dish_1565638365,pork | brown rice,612.35,389.00,"Salad, grilled meat, and rice with vegetables on a plate.",430.00,370.00,0.500
dish_1565638478,green beans,47.62,91.00,Plate of steamed asparagus,20.00,100.00,0.000
dish_1565638515,pork | green beans,198.97,165.00,A plate with cooked asparagus and a small portion of meat.,170.00,175.00,0.000
dish_1565638550,pork | chicken breast | green beans,277.66,215.00,"Plate with asparagus, sliced meat, and breaded chicken strips",300.00,260.00,0.333
dish_1565638599,green beans | pork | chicken breast | quinoa,368.70,279.00,"Plate with steamed asparagus, grilled chicken, roasted vegetables, and cooked bulgur.",350.00,350.00,0.167
dish_1565640195,bell peppers,21.60,54.00,A small portion of sliced bell peppers on a plate.,10.00,20.00,1.000
dish_1565640227,bell peppers | pepperoni pizza,334.62,165.00,Meal with pizza slices and mixed bell peppers.,370.00,220.00,1.000
dish_1565640272,bell peppers | pepperoni pizza | cherry tomatoes,377.82,405.00,"Plate with bell peppers, cherry tomatoes, and two slices of pepperoni pizza.",455.00,310.00,1.000
dish_1565640365,cherry tomatoes | chicken breast | pepperoni pizza,720.89,623.00,"Plate with mixed salad, chicken slices, olives, and pizza slices.",605.00,570.00,0.750
dish_1565640427,brownies,195.76,42.00,A small slice of chocolate cake and a side of pizza.,350.00,130.00,0.000
dish_1565640528,arugula | mangos | tomatoes,38.55,105.00,"Small portion of a salad with lettuce, spinach, cherry tomatoes, and diced mango.",14.00,55.00,0.400
dish_1565640549,tomatoes | arugula | mangos,45.48,139.00,A plate with a mixed green salad and asparagus.,80.00,150.00,0.000
dish_1565640576,white rice | pork,307.29,267.00,"A meal consisting of grilled meat with rice, roasted vegetables, and a side salad on a white plate.",340.00,280.00,0.250
dish_1565640601,chicken breast | pork,411.15,333.00,"Plate with mixed salad, grilled vegetables, and meat pieces.",230.00,260.00,0.000
dish_1565640772,chicken,241.17,191.00,Salad with mixed greens and grilled chicken pieces,160.00,150.00,1.000
dish_1565640812,black beans | chicken,297.93,234.00,Salad with grilled chicken and black beans on a bed of mixed greens,335.00,250.00,1.000
dish_1565640842,chicken | black beans,307.43,329.00,"Salad with greens, sliced cucumber, black beans, and grilled chicken.",183.00,270.00,0.667
dish_1565640868,black beans | chicken,395.98,406.00,"Salad with mixed greens, cucumber slices, grapes, and grilled chicken pieces.",198.00,250.00,0.250
dish_1565640894,chicken | black beans | parmesan cheese,464.89,422.00,"Salad with cucumber, olives, greens, cheese shavings, and possibly croutons.",256.00,230.00,0.200
dish_1565640914,black beans | parmesan cheese | chicken,774.29,457.00,"Mixed salad with greens, cucumbers, kidney beans, croutons, and shaved cheese.",178.00,165.00,0.400
dish_1565641844,cheese pizza,244.63,92.00,Slice of cheese pizza on a plate.,285.00,125.00,1.000
dish_1565641885,cheese pizza,254.22,139.00,A plate with asparagus and a piece of cheese pizza.,270.00,230.00,1.000
dish_1565641915,cheese pizza | quinoa,326.76,190.00,"Meal with asparagus, bulgur, and cheese pizza slice.",375.00,300.00,0.333
dish_1565641943,cheese pizza | quinoa | chicken breast,510.89,307.00,"A meal with asparagus, bulgur, baked chicken, and pizza.",650.00,500.00,0.500
dish_1565711083,bacon,178.53,33.00,Plate with three strips of cooked bacon,130.00,30.00,1.000
dish_1565711115,bacon | egg whites,321.53,308.00,Plate with scrambled eggs and bacon.,270.00,180.00,1.000
dish_1565711154,bacon | granola | egg whites,421.62,385.00,"A meal consisting of scrambled egg whites, bacon, and mixed salad greens.",265.00,230.00,0.667
dish_1565711183,bacon | granola | egg whites | brussels sprouts,460.42,461.00,"Plate with scrambled eggs, roasted Brussels sprouts, mixed greens, and bacon.",300.00,230.00,0.750
dish_1565711270,cantaloupe,31.62,93.00,A small portion of chopped cantaloupe on a plate.,30.00,100.00,1.000
dish_1565711296,cantaloupe | grapes,43.35,110.00,A small portion of fruits including grapes and diced cantaloupe on a plate.,55.00,110.00,1.000
dish_1565711326,yam | cantaloupe | sweet potato,296.09,285.00,"Plate with roasted potatoes, sliced cantaloupe, and grapes.",230.00,260.00,0.500
dish_1565711358,yam | cantaloupe | sweet potato | egg whites,490.05,658.00,"Plate with scrambled egg whites, roasted vegetables, cantaloupe pieces, and grapes.",280.00,440.00,0.333
dish_1565711453,scrambled eggs,198.32,134.00,Plate of scrambled eggs,180.00,120.00,1.000
dish_1565711498,brussels sprouts | scrambled eggs,246.83,229.00,A plate with scrambled eggs and Brussels sprouts.,250.00,225.00,1.000
dish_1565711527,brussels sprouts | scrambled eggs | hash browns,484.81,302.00,"A meal consisting of scrambled eggs, Brussels sprouts, and hash browns.",400.00,310.00,1.000
dish_1565711570,brussels sprouts | scrambled eggs | hash browns | bacon,603.83,324.00,"Plate with scrambled eggs, Brussels sprouts, hash browns, and bacon.",500.00,330.00,1.000
dish_1565721800,zucchini | chayote squash,33.35,171.00,Plate with cooked yellow squash and zucchini pieces,18.00,70.00,0.500
dish_1565721828,zucchini | chayote squash | roasted potatoes,129.23,239.00,"Plate with roasted vegetables including yellow squash, zucchini, and a mix with potatoes.",105.00,180.00,1.000
dish_1565721855,chicken | roasted potatoes,479.03,450.00,"Plate with roasted chicken, yellow squash, zucchini, and roasted potatoes.",520.00,400.00,0.500
dish_1565724050,arugula,84.72,72.00,Plate of mixed leafy greens,15.00,30.00,0.000
dish_1565724087,chicken | arugula,230.61,160.00,Plate with a fresh green salad and a small portion of lasagna.,290.00,230.00,0.000
dish_1565724196,broccoli,45.68,82.00,A small serving of broccoli florets on a plate.,25.00,80.00,1.000
dish_1565724235,chicken | broccoli,256.23,209.00,"Plate with broccoli, chicken, and lentils.",220.00,250.00,0.667
dish_1565724269,pizza | chicken | broccoli,527.55,311.00,"Meal with broccoli, chicken with lentils, and two slices of vegetable-topped pizza.",440.00,350.00,1.000
dish_1565724509,chayote squash | zucchini,30.81,158.00,Plate of sautéed or roasted zucchini and squash pieces.,30.00,60.00,0.500
dish_1565724552,zucchini | broccoli | chayote squash,108.80,298.00,"Plate with steamed broccoli, mixed squash, and a pecan.",60.00,142.00,0.500
dish_1565724588,broccoli | roasted potatoes | chayote squash,266.72,410.00,A meal consisting of steamed broccoli and roasted vegetables including yellow squash and potatoes.,200.00,330.00,1.000
dish_1565724620,broccoli | roasted potatoes | chicken,473.95,535.00,"Plate with roasted chicken, steamed broccoli, and sautéed mixed vegetables.",440.00,350.00,1.000
dish_1565725009,,50.60,44.00,A small bowl containing a few olives.,30.00,15.00,
dish_1565725047,carrot,77.66,110.00,A bowl of shredded carrots.,50.00,100.00,1.000
dish_1565725071,carrot | bell peppers,109.66,190.00,"A salad with shredded carrots, green bell peppers, and red bell peppers in a metal bowl.",55.00,170.00,1.000
dish_1565725095,cherry tomatoes | carrot | bell peppers,121.72,257.00,"Salad with cherry tomatoes, green bell peppers, shredded carrots, and red bell peppers.",55.00,250.00,1.000
dish_1565725123,bell peppers | carrot | chicken,430.27,444.00,"Salad with grilled chicken, cherry tomatoes, bell peppers, and shredded carrots",215.00,280.00,0.750
dish_1565725156,carrot | bell peppers | chicken,452.67,500.00,"Salad with chicken, tomatoes, bell peppers, and red onions.",160.00,250.00,0.400
dish_1565725188,bell peppers | chicken | parmesan cheese,543.12,521.00,"Salad with cherry tomatoes, red onions, shredded cheese, and green olives.",170.00,250.00,0.200
dish_1565725244,parmesan cheese | chicken | bell peppers | caesar dressing,573.55,590.00,"Salad with chicken, cherry tomatoes, red onions, parmesan cheese, and a creamy dressing",390.00,300.00,0.333
dish_1565726812,broccoli,36.21,65.00,Plate with a small portion of broccoli and a pea pod stem.,10.00,36.00,0.500
dish_1565726848,broccoli | arugula,102.11,121.00,Mixed green salad with broccoli on a plate.,25.00,50.00,0.500
dish_1565726887,roasted potatoes | arugula | broccoli,174.02,172.00,"A plate with a salad consisting of leafy greens, broccoli, roasted potatoes, and pecans.",145.00,160.00,0.500
dish_1565726915,roasted potatoes | squash | broccoli,196.88,251.00,"A plate with mixed vegetables, salad, and roasted potatoes.",125.00,180.00,0.500
dish_1565726949,roasted potatoes | beef,451.55,372.00,"Plate with beef slices, mixed vegetables, and a green salad.",340.00,300.00,0.333
dish_1565727738,,2.52,9.00,A bowl of mixed leafy greens.,30.00,100.00,
dish_1565727765,broccoli,26.32,77.00,Salad with greens and broccoli,35.00,90.00,1.000
dish_1565727791,broccoli | parmesan cheese,121.07,99.00,"Salad with mixed greens, broccoli, and parmesan cheese",115.00,100.00,1.000
dish_1565727821,parmesan cheese | chicken | broccoli,281.12,196.00,"Salad with mixed greens, broccoli, chicken, and shredded cheese",245.00,245.00,1.000
dish_1565727851,broccoli | parmesan cheese | chicken,406.47,305.00,"Salad with mixed greens, broccoli, kidney beans, and grilled chicken.",230.00,290.00,0.500
dish_1565727875,parmesan cheese | black beans | chicken,485.67,365.00,"Salad with greens, broccoli, grapes, black beans, and chicken.",275.00,380.00,0.400
dish_1565727921,black beans | chicken | parmesan cheese,768.55,397.00,"Salad with mixed greens, broccoli, black beans, grapes, and chicken.",385.00,470.00,0.400
dish_1565728388,cheese pizza,124.97,47.00,Partially eaten pizza slice on a plate,120.00,60.00,1.000
dish_1565728415,cheese pizza | beef,194.43,80.00,Plate with a small piece of meat and grilled cheese.,125.00,60.00,0.500
dish_1565728453,beef | cheese pizza | chicken,293.90,140.00,"Plate with a piece of meat, a chicken drumstick, and a piece of flatbread.",270.00,140.00,0.250
dish_1565728494,roasted potatoes | chicken | beef | cheese pizza,326.33,163.00,"Portion of naan, roasted chicken leg, and a piece of roasted meat on a plate.",340.00,190.00,0.200
dish_1565728562,beef | chicken | roasted potatoes | cheese pizza | squash,354.98,262.00,"A meal with grilled cheese, roasted chicken, potatoes, and mixed vegetables.",450.00,250.00,0.500
dish_1565728591,squash | beef | chicken | cheese pizza | roasted potatoes | broccoli,388.41,322.00,"A meal consisting of chicken drumstick, roasted vegetables, broccoli, and a piece of flatbread.",355.00,290.00,0.429
dish_1565728634,chicken | beef | roasted potatoes | cheese pizza | pineapple,436.41,418.00,"Plate with pineapple, broccoli, zucchini, roasted potato, chicken drumstick, pork, and a piece of bread.",485.00,500.00,0.333
dish_1565728684,cheese pizza | beef | chicken | roasted potatoes | pineapple,493.30,464.00,"Meal with grilled chicken, roasted vegetables, pineapple, salad, and bread.",370.00,370.00,0.375
dish_1565797645,watermelon,21.00,70.00,Plate of watermelon cubes,20.00,100.00,1.000
dish_1565797671,watermelon,39.24,102.00,"A small serving of mixed fruit including watermelon cubes, strawberries, and blueberries.",40.00,170.00,1.000
dish_1565797699,granola | watermelon,128.93,171.00,"A plate with mixed greens, watermelon, strawberries, blueberries, and blackberries.",70.00,215.00,0.500
dish_1565797723,scrambled eggs | granola | watermelon,202.93,221.00,"A plate with mixed fruits, scrambled eggs, and a green salad.",165.00,190.00,0.250
dish_1565798531,cherry tomatoes | lettuce | lime | onions | cucumbers,61.58,61.00,"A small salad with spinach, cucumbers, carrots, and a cherry tomato.",20.00,65.00,0.286
dish_1565798558,broccoli,88.32,109.00,Plate with a vegetable salad and broccoli.,55.00,110.00,1.000
dish_1565798591,egg whites | broccoli,148.12,224.00,"Plate with a vegetable salad, broccoli, and scrambled egg whites",105.00,210.00,0.667
dish_1565798617,egg whites | broccoli,197.71,311.00,"A plate with egg whites, a green salad, steamed broccoli, and mixed berries.",175.00,280.00,1.000
dish_1565799507,sweet potato,74.65,78.00,Plate with roasted sweet potato cubes.,120.00,100.00,1.000
dish_1565799565,sweet potato | egg whites,240.01,396.00,Plate with scrambled egg whites and roasted sweet potatoes,180.00,300.00,1.000
dish_1565799597,egg whites | watermelon | sweet potato,258.31,457.00,"Plate with scrambled egg whites, roasted sweet potatoes, and watermelon chunks.",210.00,320.00,1.000
dish_1565799617,egg whites | watermelon | sweet potato,294.22,520.00,"A meal with egg whites, roasted sweet potatoes, and mixed fruits.",330.00,470.00,1.000
dish_1565799663,salsa | watermelon | egg whites | sweet potato,314.81,591.00,"Plate with egg whites, mixed berries, roasted sweet potatoes, watermelon, and salsa",200.00,410.00,1.000
dish_1565808943,cherry tomatoes,13.32,74.00,Bowl of cherry tomatoes,20.00,75.00,1.000
dish_1565808975,cherry tomatoes | onions,35.72,130.00,Bowl with sliced red onions and grape tomatoes,25.00,90.00,1.000
dish_1565809033,bell peppers | onions | tuna,341.42,433.00,Tuna salad with mixed vegetables,250.00,250.00,0.667
dish_1565809080,onions | tuna | carrot | bell peppers,362.74,485.00,"A bowl containing a mixture of shredded carrots, tuna, and diced vegetables.",215.00,250.00,0.400
dish_1565809120,bell peppers | onions | tuna | carrot,365.63,502.00,Tuna salad with shredded carrots and chopped vegetables,250.00,240.00,0.750
dish_1565810146,arugula,36.45,29.00,Plate with arugula leaves,5.00,10.00,1.000
dish_1565810205,tofu,126.97,153.00,Salad with arugula and mixed vegetable rice,210.00,210.00,0.000
dish_1565810237,tofu | chicken thighs,349.87,306.00,"A meal consisting of a salad, stir-fried vegetables with rice, and a chicken dish.",460.00,360.00,0.250
dish_1565810969,spinach (raw),4.60,20.00,A bowl of fresh spinach leaves,20.00,100.00,1.000
dish_1565811000,chicken,342.85,225.00,A plate of chopped chicken breast on a bed of fresh spinach leaves.,280.00,200.00,0.500
dish_1565811025,chicken | broccoli,361.05,277.00,"Salad with chicken, broccoli, and spinach",325.00,450.00,0.667
dish_1565811061,chicken | carrot,380.32,324.00,"Salad with spinach, shredded carrots, broccoli, and chicken.",200.00,220.00,0.500
dish_1565811091,chicken | goat cheese,504.40,371.00,"A salad with spinach, broccoli, shredded carrots, feta cheese, and grilled chicken.",334.00,390.00,0.400
dish_1565811139,goat cheese | chicken,902.20,416.00,"Salad with spinach, broccoli, carrots, chicken breast, and feta cheese",260.00,310.00,0.400
dish_1565811287,bok choy,16.51,127.00,Plate of steamed or boiled bok choy,9.00,80.00,1.000
dish_1565811335,bok choy,121.48,219.00,Plate with cooked buckwheat and steamed greens.,150.00,150.00,0.000
dish_1565811390,salmon | bok choy,205.09,266.00,"Plate with bok choy, cooked grains, and chicken chunks",250.00,250.00,0.250
dish_1565811423,salmon | bok choy | chicken thighs,240.06,290.00,"A meal with greens, lentils, and grilled chicken.",335.00,330.00,0.500
dish_1565811529,spinach (raw),116.84,104.00,"Mixed salad with leafy greens, carrots, and watermelon radish.",20.00,75.00,0.000
dish_1565811588,chicken thighs,348.48,263.00,Mixed greens salad with sliced radishes and a portion of shredded chicken with vegetables.,250.00,250.00,0.500
dish_1565812116,arugula,44.44,36.00,A small portion of arugula salad with nuts and cherry tomatoes,28.00,30.00,0.333
dish_1565812146,arugula | pineapple,72.94,93.00,Arugula salad with pineapple chunks and walnuts.,85.00,70.00,0.667
dish_1565812186,chicken thighs | pineapple,324.98,266.00,"Plate with cooked chicken, greens, and fruit pieces.",310.00,260.00,0.333
dish_1565813386,tofu,113.88,156.00,Tofu with mixed vegetables and brown rice,300.00,225.00,0.333
dish_1565813414,tofu,139.72,179.00,"Plate with a salad, grains, and tofu cubes.",290.00,210.00,0.500
dish_1565813446,tofu,202.68,230.00,A meal consisting of a salad with greens and a portion of rice with vegetables and tofu.,325.00,250.00,0.500
dish_1565884692,egg whites,212.16,408.00,Plate of scrambled egg whites,100.00,150.00,1.000
dish_1565884738,watermelon | egg whites,228.66,463.00,Plate with scrambled egg whites and diced watermelon.,115.00,300.00,1.000
dish_1565884766,waffles | egg whites,469.61,546.00,"A meal with scrambled egg whites, watermelon cubes, and waffle pieces.",340.00,430.00,0.667
dish_1565884833,egg whites | waffles | salsa,497.74,643.00,"A meal with scrambled egg whites, watermelon cubes, a waffle, and salsa.",340.00,370.00,0.750
dish_1565894858,cookies,132.84,27.00,A single chocolate cookie with white chocolate chips on a plate.,100.00,25.00,0.000
dish_1565894889,cheese pizza | cookies,257.81,74.00,Slice of pizza and a chocolate cookie on a plate.,460.00,160.00,0.333
dish_1565894910,pizza | cheese pizza | cookies,537.11,179.00,Pizza slices with a chocolate cookie.,800.00,290.00,0.250
dish_1565895808,green beans,51.80,99.00,Green beans on a plate.,30.00,100.00,1.000
dish_1565895879,kale | chard | green beans,96.68,231.00,A meal consisting of green beans and sautéed greens.,95.00,220.00,0.250
dish_1565895966,kale | green beans | chard | beef,214.54,287.00,"A meal consisting of cooked green beans, leafy greens, and slices of beef.",265.00,275.00,0.500
dish_1565896039,kale | quinoa | green beans | beef,352.53,384.00,"A meal with green beans, cooked greens, quinoa, and slices of meat.",325.00,360.00,0.500
dish_1565896662,chard | kale,19.38,57.00,Small portion of cooked Swiss chard,25.00,70.00,0.500
dish_1565896701,chard | kale | lime | garlic | cauliflower,294.47,184.00,Plate with cooked meat and mixed greens with stems,240.00,230.00,0.000
dish_1565896745,arugula | garlic | walnuts | cauliflower | chard | kale | lime,368.54,244.00,"A meal consisting of sliced meat, mixed greens, leafy vegetables, and a small amount of other vegetables.",285.00,210.00,0.000
dish_1565897569,cauliflower | garlic | lime,324.91,150.00,A small portion of mixed greens with grains and meats.,175.00,120.00,0.000
dish_1565897617,green beans,356.83,211.00,A meal consisting of sautéed green beans and a ground meat dish with herbs.,235.00,270.00,1.000
dish_1565897680,blue cheese | walnuts,770.45,405.00,"Plate with a mixed salad, cherry tomatoes, green beans, and a meat dish.",305.00,340.00,0.000
dish_1565898128,salmon | brown rice,209.03,134.00,A meal consisting of fish and rice on a plate.,290.00,170.00,0.333
dish_1565898158,salmon | green beans | brown rice,240.43,194.00,"A meal consisting of green beans, rice, and fish on a plate.",325.00,320.00,0.500
dish_1565898193,brown rice | green beans | salmon,291.91,268.00,"A meal consisting of fish, green beans, and mixed salad greens",205.00,250.00,0.250
dish_1565898230,beef | salmon,780.20,500.00,"The meal consists of fish, rice, green beans, salad, and some type of meat with vegetables.",480.00,385.00,0.000
dish_1565898331,salmon | brown rice,155.99,100.00,Small portion of rice mixed with spinach and possibly chicken or tofu.,55.00,50.00,0.250
dish_1565898361,beef | salmon,370.67,202.00,"Meal with beef strips, spinach with rice, and a side plate of olives, cherry tomatoes, and shredded carrots.",305.00,270.00,0.200
dish_1565898402,salmon | beef,384.80,229.00,"A meal with grilled meat, green beans, rice, and greens.",380.00,300.00,0.000
dish_1565898432,salmon | beef,450.22,282.00,"Plate with brown rice, cooked greens, grilled meat, and asparagus.",350.00,370.00,0.000
dish_1565898489,,46.00,40.00,Plate with a small portion of black olives.,30.00,40.00,
dish_1565898511,cherry tomatoes,57.16,102.00,A meal consisting of cherry tomatoes and olives.,120.00,150.00,1.000
dish_1565898544,cherry tomatoes | salmon | brown rice,181.95,182.00,"A meal with fish, cherry tomatoes, and olives.",280.00,250.00,0.250
dish_1565898590,salmon | cherry tomatoes | carrot | brown rice,212.70,257.00,"Plate with fish, cherry tomatoes, olives, and shredded carrots",240.00,350.00,0.400
dish_1565898659,tuna | salmon | carrot,576.70,537.00,"Plate with tuna salad, shredded carrots, cherry tomatoes, olives, egg, and pickled herring.",370.00,360.00,0.333
dish_1565898723,tuna | salmon | carrot,603.39,588.00,"A plate with tuna salad, green beans, shredded carrots, cherry tomatoes, olives, and mackerel.",405.00,360.00,0.333
dish_1565898758,tuna | carrot | salmon,612.99,612.00,"A plate with tuna salad, sliced red onions, cherry tomatoes, black olives, shredded carrots, and green beans.",285.00,340.00,0.400
dish_1565972363,egg whites,289.64,557.00,Plate of scrambled eggs,420.00,200.00,1.000
dish_1565972384,sweet potato | egg whites,432.24,706.00,Plate with cooked potatoes and scrambled egg whites,230.00,350.00,1.000
dish_1565972429,egg whites | sweet potato | salsa,468.49,831.00,"Plate with potatoes, scrambled eggs, and sauce.",550.00,400.00,0.500
dish_1565972591,chicken apple sausage,195.20,122.00,Plate with sliced sausage pieces,120.00,60.00,1.000
dish_1565972628,chicken apple sausage | scrambled eggs,545.96,359.00,Scrambled eggs with sausage pieces on a plate.,550.00,350.00,1.000
dish_1565972674,scrambled eggs | chicken apple sausage,613.59,426.00,"Plate with scrambled eggs, sausages, and a salad.",500.00,280.00,0.667
dish_1565972715,scrambled eggs | chicken apple sausage,657.55,510.00,"Plate with sausages, scrambled eggs, cooked green beans, and a salad.",620.00,370.00,0.667
dish_1565974375,bacon,459.85,85.00,Plate of cooked bacon strips.,400.00,100.00,1.000
dish_1565974409,chicken apple sausage | bacon,688.65,228.00,A plate with cooked bacon strips and sliced sausages.,650.00,200.00,1.000
dish_1565981769,carrot,23.10,47.00,Small portion of mixed dried fruits,30.00,15.00,0.000
dish_1565981802,carrot | tofu,99.75,152.00,"Plate with cubed tofu, sliced carrots, and roasted vegetables.",120.00,140.00,0.667
dish_1565981848,carrot | tofu | fish,147.41,198.00,"A meal with tofu, cooked carrots, roasted root vegetables, and a serving of grains.",235.00,280.00,0.400
dish_1565981898,fish | tofu | arugula | carrot,260.98,290.00,"Salad with arugula, grains, grilled vegetables, and tofu.",290.00,200.00,0.600
dish_1565984245,carrot,38.34,78.00,Plate with sliced carrots and a single black olive,35.00,54.00,1.000
dish_1565984299,carrot | cauliflower,93.34,298.00,A small serving of cooked carrots and cauliflower florets on a white plate.,65.00,170.00,1.000
dish_1565984345,cauliflower | ground turkey | carrot,210.36,353.00,"A meal consisting of roasted carrots, cauliflower, and slices of meatloaf on a plate.",175.00,210.00,0.500
dish_1565984434,quinoa | ground turkey | cauliflower | carrot,319.89,430.00,"Plate with carrots, cauliflower, meatloaf, and buckwheat.",365.00,450.00,0.333
dish_1565986702,fish,211.34,204.00,"A meal with fish, spinach, cherry tomatoes, and grains.",325.00,240.00,0.250
dish_1565986733,ground turkey | fish,387.93,287.00,A portion of meatloaf with spinach and lentils on a plate.,305.00,200.00,0.000
dish_1565987015,spinach (raw),14.72,64.00,A bowl of fresh spinach leaves.,15.00,100.00,1.000
dish_1565987054,spinach (raw) | chicken,260.57,213.00,Salad with chopped chicken and spinach,225.00,200.00,1.000
dish_1565987081,spinach (raw) | chicken,268.07,288.00,"Salad with spinach, cucumber, and chicken",180.00,210.00,0.667
dish_1565987116,chicken,393.42,397.00,"Salad with spinach, chicken, cucumbers, and olives",230.00,230.00,0.333
dish_1565987142,parmesan cheese | chicken,518.32,426.00,"Salad with spinach, chicken, grapes, zucchini, and Parmesan cheese.",365.00,330.00,0.400
dish_1565987201,parmesan cheese | caesar dressing | chicken,560.66,522.00,"Salad with spinach, chicken, grapes, cucumbers, Parmesan cheese, and dressing",460.00,370.00,0.333
dish_1565987269,cheese pizza,119.65,45.00,A small slice of cheese pizza on a plate.,150.00,60.00,1.000
dish_1565987298,ground turkey | cheese pizza,211.14,88.00,A meal consisting of a slice of pizza and a piece of meatloaf.,400.00,190.00,0.333
dish_1566316496,bell peppers,121.10,64.00,Spinach salad with shredded carrots and cherry tomatoes,35.00,65.00,0.000
dish_1566316525,bacon,223.89,83.00,Salad with bacon strips,111.00,70.00,0.500
dish_1566316558,scrambled eggs | bacon,490.29,263.00,"Plate with scrambled eggs, salad, and bacon.",380.00,290.00,1.000
dish_1566316587,bacon | scrambled eggs | hash browns,646.77,311.00,"Scrambled eggs, bacon strips, spinach salad with carrots and tomatoes, hash browns",580.00,350.00,0.750
dish_1566316612,hash browns | bacon | scrambled eggs,665.24,367.00,"A breakfast plate with scrambled eggs, sautéed eggplant, bacon, and a spinach salad.",470.00,370.00,0.400
dish_1566316681,sweet potato,116.76,122.00,A plate of roasted or fried potato cubes.,150.00,100.00,1.000
dish_1566316726,egg whites | sweet potato,409.52,685.00,Plate with scrambled egg whites and roasted potatoes.,250.00,300.00,1.000
dish_1566316757,sweet potato | egg whites | salsa,448.38,819.00,Scrambled eggs with sauce and roasted potatoes.,450.00,330.00,0.667
dish_1566317711,oatmeal,123.76,182.00,Oatmeal with mixed berries in separate bowls,200.00,290.00,1.000
dish_1566317742,oatmeal,154.72,254.00,Bowl of oatmeal topped with blackberries and a side of raspberries.,205.00,260.00,1.000
dish_1566317775,oatmeal,237.40,410.00,Bowl of raspberries,65.00,125.00,0.000
dish_1566317801,brown sugar | oatmeal,275.40,420.00,Bowl of oatmeal topped with raspberries and brown sugar.,230.00,260.00,1.000
dish_1566328724,chicken,275.55,167.00,Diced grilled chicken on a plate,250.00,150.00,1.000
dish_1566328745,chicken,282.03,203.00,A plate with chopped chicken breast and cherry tomatoes.,215.00,225.00,0.500
dish_1566328776,chicken | pizza,901.81,436.00,Pizza with chicken and cherry tomatoes,880.00,500.00,0.667
dish_1566328805,pizza | chicken,927.81,488.00,"Meal with pizza slices, grilled chicken, cherry tomatoes, and pineapple chunks.",610.00,410.00,0.500
dish_1566328831,pizza | chicken,941.61,500.00,"Plate with pizza slices, diced chicken, cherry tomatoes, olives, and pineapple chunks.",840.00,480.00,0.500
dish_1566328894,cheese pizza,236.65,89.00,Two slices of cheese pizza on a plate.,400.00,200.00,1.000
dish_1566328929,beef | cheese pizza,396.61,165.00,Plate with two slices of cheese pizza and three slices of steak.,720.00,390.00,0.500
dish_1566328961,cheese pizza | millet | beef | chicken,605.82,308.00,Pizza slices with cooked meat pieces on a plate.,500.00,250.00,0.250
dish_1566328988,beef | fried rice | chicken | cheese pizza,747.75,398.00,"A plate with pizza slices, grilled meat, and seasoned rice.",950.00,500.00,0.500
dish_1566329021,beef | cheese pizza | chicken | fried rice,792.68,486.00,"Plate with pizza, roasted chicken, beef slices, Brussels sprouts, and rice.",1000.00,545.00,0.800
dish_1566329049,beef | chicken | cheese pizza | fried rice,814.93,575.00,"A plate with pizza slices, roasted chicken, rice, Brussels sprouts, cauliflower, and meat slices.",1175.00,700.00,0.500
dish_1566329203,cauliflower,94.25,377.00,Steamed cauliflower on a plate,50.00,200.00,1.000
dish_1566329234,cauliflower | beef,262.63,457.00,Plate of cooked cauliflower and slices of meatloaf,300.00,300.00,0.333
dish_1566329257,tofu | beef | cauliflower,321.03,537.00,"Plate with cauliflower, grilled meat, and tofu with sauce",420.00,430.00,0.667
dish_1566330399,millet | beef,265.19,126.00,Plate with a serving of cooked meat and greens,155.00,110.00,0.000
dish_1566330428,beef | millet | cauliflower,290.69,228.00,Plate with beef and cauliflower,275.00,225.00,0.667
dish_1566330466,beef | fried rice | cauliflower,377.43,283.00,"Plate with meat, cauliflower, and rice.",480.00,370.00,0.667
dish_1566331801,chicken | millet,296.99,203.00,A small portion of mixed rice and vegetable dish with some sauce.,110.00,80.00,0.000
dish_1566331828,chicken | millet | brussels sprouts,349.58,306.00,A plate with a small portion of casserole and Brussels sprouts.,320.00,250.00,0.250
dish_1566331868,brussels sprouts | millet | chicken | fried rice,453.67,372.00,"Plate with chicken, yellow rice, and Brussels sprouts",430.00,340.00,0.750
dish_1566331914,chicken | fried rice | brussels sprouts | millet,589.50,481.00,"A plate with rice, salad, roasted Brussels sprouts, and a serving of lasagna or casserole.",530.00,410.00,0.400
dish_1566332040,spinach (raw),14.95,65.00,Bowl of fresh spinach leaves,20.00,100.00,1.000
dish_1566332085,spinach (raw) | cucumbers,24.75,163.00,Salad with spinach and cucumber,33.00,180.00,1.000
dish_1566332116,spinach (raw) | cucumbers,153.55,275.00,"Salad with spinach, cucumber, and kidney beans",150.00,180.00,0.667
dish_1566332154,chicken,401.05,425.00,"A salad with chopped grilled chicken, kidney beans, and fresh spinach.",360.00,270.00,0.333
dish_1566332193,avocado | chicken,527.45,504.00,"Salad with spinach, chicken, avocado, and kidney beans",430.00,360.00,0.500
dish_1566332268,chicken | avocado | caesar dressing,567.58,595.00,"Salad with spinach, grilled chicken, avocado, grapes, and dressing.",410.00,290.00,0.400
dish_1566333118,cheese pizza,239.31,90.00,Two small slices of cheese pizza on a plate.,300.00,150.00,1.000
dish_1566333167,beef | cheese pizza,344.54,140.00,Two slices of pizza and a piece of cooked meat on a plate,500.00,250.00,0.500
dish_1566333194,cheese pizza | beef | chicken,461.59,220.00,"Meal consisting of pizza slices, meat, and a chicken drumstick.",780.00,330.00,0.667
dish_1566333228,beef | caesar salad | chicken | cheese pizza,498.55,304.00,"Meal with pizza, chicken, meatloaf, and salad",700.00,375.00,0.600
dish_1566333255,caesar salad | cheese pizza | chicken | beef,515.55,372.00,"A meal with pizza slices, chicken leg, stuffing, cauliflower, and salad.",760.00,495.00,0.333
dish_1566333291,caesar salad | brussels sprouts | beef | chicken | cheese pizza,549.76,439.00,"A plate with pizza slices, meat, salad, cauliflower, and Brussels sprouts.",660.00,390.00,0.333
dish_1566333324,cheese pizza | caesar salad | chicken | beef | fried rice,608.10,476.00,"A mixed meal with pizza, salad, vegetables, and meat.",920.00,685.00,0.333
dish_1566402041,egg whites,231.92,446.00,Plate of scrambled egg whites,70.00,120.00,1.000
dish_1566402095,sweet potato | yam | egg whites,421.12,577.00,Plate with scrambled egg whites and cubed sweet potatoes.,190.00,300.00,0.667
dish_1566402123,egg whites | watermelon | yam | sweet potato,445.12,657.00,"A meal consisting of scrambled egg whites, roasted sweet potato cubes, and watermelon chunks.",250.00,450.00,0.750
dish_1566402160,egg whites | watermelon | yam | sweet potato,458.72,697.00,"A plate with scrambled egg whites, roasted sweet potatoes, and mixed fruit.",365.00,600.00,0.750
dish_1566402197,egg whites | yam | sweet potato,480.95,736.00,"Plate with scrambled egg whites, roasted sweet potatoes, and mixed fruit.",350.00,470.00,0.500
dish_1566402232,salsa | egg whites | yam | sweet potato,511.40,841.00,"A meal with scrambled eggs, potato cubes with sauce, and mixed fruit.",410.00,400.00,0.400
dish_1566413321,spinach (raw),14.03,61.00,Bowl of fresh spinach leaves,15.00,50.00,1.000
dish_1566413356,spinach (raw) | chicken,183.98,164.00,A salad consisting of spinach and grilled chicken pieces.,170.00,200.00,1.000
dish_1566413388,chicken | spinach (raw) | broccoli,207.43,231.00,"A salad with spinach, broccoli, and diced chicken.",200.00,220.00,1.000
dish_1566413419,chicken | avocado | broccoli,285.83,280.00,"Salad with spinach, avocado, chicken, and broccoli.",340.00,330.00,0.750
dish_1566413445,chicken | avocado | broccoli,377.83,360.00,"Salad with spinach, broccoli, avocado, black olives, and diced chicken.",300.00,310.00,0.750
dish_1566413469,chicken | avocado | parmesan cheese | broccoli,459.66,379.00,"Salad with spinach, broccoli, olives, zucchini, and parmesan cheese.",205.00,160.00,0.333
dish_1566413510,parmesan cheese | chicken | avocado,751.38,412.00,"Salad with spinach, broccoli, olives, parmesan cheese, and dressing",240.00,160.00,0.200
dish_1566414225,quinoa,125.18,88.00,A small portion of cooked couscous with mixed grilled vegetables.,120.00,100.00,0.000
dish_1566414291,roasted potatoes | quinoa,345.14,244.00,"A meal consisting of roasted potatoes, mixed vegetables, and some grains or couscous.",290.00,190.00,0.250
dish_1566414342,chicken | quinoa | roasted potatoes,846.37,552.00,"A plate with cooked potatoes, vegetable salad with couscous, and a creamy chicken dish.",700.00,450.00,0.500
dish_1566414412,quinoa | chicken | roasted potatoes,920.12,658.00,"A plate with seasoned roasted potatoes, salad with mixed greens, and creamy chicken or tuna salad.",390.00,300.00,0.667
dish_1566414611,chicken,105.60,64.00,Plate with diced chicken breast pieces.,200.00,120.00,1.000
dish_1566414642,roasted potatoes | chicken,219.81,145.00,Plate with diced chicken breast and roasted potato wedges.,250.00,180.00,1.000
dish_1566414686,roasted potatoes | chicken,646.18,407.00,"Plate with grilled chicken, roasted potatoes, and a creamy chicken dish with herbs.",470.00,330.00,1.000
dish_1566414723,chicken | fish | roasted potatoes,728.81,482.00,"A meal with diced chicken, roasted potatoes, and a creamy chicken dish.",580.00,380.00,0.667
dish_1566414754,roasted potatoes | fish | chicken,755.50,533.00,"A meal consisting of grilled chicken, green beans, roasted potato, and a cream-based sauce.",535.00,390.00,0.400
dish_1566414780,chicken | fish | caesar salad | roasted potatoes,807.42,651.00,"The meal consists of grilled chicken, green beans, a small baked potato, Caesar salad, and possibly some pieces of fried breaded eggplant or similar vegetable.",770.00,630.00,0.500
dish_1566414891,arugula | roasted potatoes,213.99,163.00,Plate with a side of roasted potatoes and a mixed greens salad.,230.00,175.00,0.500
dish_1566414924,roasted potatoes | arugula | green beans,247.48,227.00,Salad with roasted potatoes and green beans,240.00,280.00,0.667
dish_1566415520,green beans,74.82,143.00,Plate of green beans,40.00,150.00,1.000
dish_1566415558,fish | green beans,169.10,234.00,Plate with green beans and two pieces of breaded fish.,270.00,250.00,1.000
dish_1566415591,broccoli | green beans | fish,214.78,316.00,"Plate with green beans, broccoli, grilled mushroom, and grilled chicken.",230.00,360.00,0.400
dish_1566416299,green beans,45.00,86.00,Plate of green beans,45.00,150.00,1.000
dish_1566416339,eggplant | green beans,77.98,186.00,A meal consisting of green beans and roasted eggplant.,105.00,200.00,1.000
dish_1566416388,roasted potatoes | eggplant | green beans,259.87,315.00,A plate with green beans and roasted potatoes.,235.00,250.00,0.667
dish_1566416421,green beans | fish | roasted potatoes | eggplant,313.74,367.00,"Plate with green beans, roasted potatoes, and a portion of fish.",415.00,400.00,0.750
dish_1566416455,eggplant | green beans | chicken | fish | roasted potatoes,372.33,403.00,"Plate with green beans, grilled fish, and roasted potatoes.",440.00,400.00,0.600
dish_1566416701,chicken,198.54,122.00,Plate with remnants of a chicken and vegetable stir-fry.,70.00,55.00,0.500
dish_1566417398,celery root | cherry tomatoes,56.89,46.00,A plate with mixed leafy greens salad.,15.00,30.00,0.000
dish_1566417442,eggplant,93.83,158.00,Plate with cooked vegetables and mixed greens salad,60.00,110.00,1.000
dish_1566417475,roasted potatoes | eggplant,150.23,198.00,"A plate with a portion of roasted potatoes, grilled vegetables, and a green salad.",205.00,170.00,0.333
dish_1566417516,eggplant | fish | roasted potatoes,385.40,425.00,"Plate with mixed salad, roasted potatoes, diced eggplant, and rice with sauce.",460.00,450.00,0.500
dish_1566419510,cheese pizza,273.88,103.00,Three small slices of cheese pizza on a plate.,450.00,180.00,1.000
dish_1566419546,caesar salad | cheese pizza,306.44,177.00,A plate with Caesar salad and cheese pizza slices.,450.00,250.00,1.000
dish_1566419577,caesar salad | cheese pizza,323.70,210.00,"Plate with Caesar salad, green beans, and pizza.",445.00,300.00,0.667
dish_1566419603,caesar salad | roasted potatoes | cheese pizza,382.92,252.00,"A meal with salad, pizza, roasted potatoes, and green beans.",610.00,430.00,0.750
dish_1566419635,roasted potatoes | caesar salad | cheese pizza | chicken,605.87,389.00,"Plate with pizza slices, Caesar salad, green beans, roasted potatoes, and chicken with sauce.",820.00,450.00,0.800
dish_1566488905,sweet potato,82.31,86.00,Small serving of roasted potatoes and cantaloupe.,100.00,160.00,0.500
dish_1566488928,cantaloupe | sweet potato,103.05,147.00,Plate with roasted potatoes and cantaloupe pieces.,150.00,200.00,1.000
dish_1566488956,egg whites | sweet potato | cantaloupe,280.89,489.00,"A meal consisting of scrambled egg whites, roasted potatoes, and cantaloupe cubes.",220.00,350.00,1.000
dish_1566488981,cantaloupe | sweet potato | egg whites,279.33,486.00,"Meal consisting of scrambled eggs, roasted potatoes, and cantaloupe.",205.00,270.00,1.000
dish_1566499564,,42.55,37.00,Small amount of red grapes on a plate,17.00,30.00,0.000
dish_1566499633,spinach (raw),161.39,139.00,"A salad with spinach, olives, broccoli, red peppers, onions, and artichokes.",106.00,155.00,0.250
dish_1566499686,pork | sugar,674.71,388.00,"Plate with greens, broccoli, olives, and a rice and vegetable mixture.",275.00,250.00,0.000
dish_1566500963,spinach (raw),5.75,25.00,A bowl of fresh spinach leaves.,14.00,50.00,1.000
dish_1566500988,spinach (raw) | carrot,21.33,63.00,A salad with spinach and shredded carrots.,45.00,150.00,1.000
dish_1566501012,carrot,132.88,160.00,Spinach salad with grapes and shredded carrots.,95.00,160.00,0.333
dish_1566501041,carrot | parmesan cheese,279.32,194.00,"Salad with spinach, olives, shredded carrots, and Parmesan cheese.",270.00,160.00,0.667
dish_1566501067,parmesan cheese | chicken,464.12,306.00,"Salad with spinach, grilled chicken, olives, shredded carrots, and parmesan cheese.",310.00,200.00,0.500
dish_1566501126,parmesan cheese | chicken | avocado,564.92,369.00,"Salad with spinach, avocado, grilled chicken, parmesan, olives, and shredded carrots.",430.00,280.00,0.600
dish_1566501153,parmesan cheese | chicken | avocado,1006.92,419.00,"Chicken salad with spinach, lettuce, avocado, carrots, and sliced cheese.",570.00,315.00,0.500
dish_1566501258,onions,12.00,30.00,A bowl with sliced red onions,10.00,20.00,1.000
dish_1566501293,onions,41.90,56.00,A small amount of red onion slices and a few kidney beans in a metal bowl.,15.00,25.00,0.500
dish_1566501324,onions | carrot,65.27,113.00,Shredded carrots in a bowl,20.00,40.00,0.500
dish_1566501352,cherry tomatoes | onions | carrot,75.53,170.00,A salad mixture with shredded carrots and grape tomatoes.,45.00,90.00,0.667
dish_1566501382,tuna | carrot,283.53,330.00,Tuna salad with shredded carrots and cherry tomatoes,230.00,230.00,0.667
dish_1566501447,tuna | carrot,286.76,349.00,"Salad with tuna, shredded carrots, cherry tomatoes, and celery in a bowl.",240.00,250.00,0.500
dish_1566501473,carrot | almonds | tuna,413.94,371.00,"Salad with shredded chicken, almonds, cherry tomatoes, and shredded carrots",260.00,165.00,0.400
dish_1566501575,brownies,251.69,54.00,"A salad bowl containing shredded chicken, cherry tomatoes, shredded carrots, and almonds.",400.00,320.00,0.000
dish_1566501594,brownies,508.05,109.00,"A mixed salad with shredded chicken, cherry tomatoes, grated carrots, and slices of dark bread.",335.00,340.00,0.000
dish_1566502000,bok choy,63.01,184.00,Steamed or cooked greens on a plate.,30.00,100.00,0.000
dish_1566502033,corn on the cob | bok choy,136.22,253.00,A plate with steamed vegetables and corn.,70.00,140.00,0.500
dish_1566502061,pork | corn on the cob | bok choy,408.34,385.00,"A meal consisting of leafy greens, roasted meat, and corn on the cob.",340.00,270.00,0.333
dish_1566502271,caesar salad | chicken,296.82,359.00,Plate with Caesar salad and grilled chicken.,300.00,230.00,1.000
dish_1566502315,pork | caesar salad | chicken,577.18,495.00,"Plate with Caesar salad, grilled chicken, and stuffing.",580.00,400.00,0.500
dish_1566502437,spinach (raw),74.56,64.00,Salad with spinach and mixed vegetables,35.00,55.00,0.500
dish_1566502472,spinach (raw) | corn on the cob,132.92,119.00,Plate with spinach and a small piece of corn.,55.00,110.00,1.000
dish_1566502505,pork | corn on the cob | sugar,454.52,275.00,"Plate with cooked chicken, spinach salad, corn, and rice.",430.00,310.00,0.167
dish_1566502537,corn on the cob | pork | chicken | sugar,517.64,315.00,"Plate with cooked chicken, fresh spinach, rice with vegetables, and a piece of corn.",440.00,315.00,0.333
dish_1566502573,chicken | pork | sugar | corn on the cob | chickpeas,821.51,487.00,"A plate with chickpeas and vegetables, spinach, grilled chicken, and a slice of corn.",400.00,310.00,0.500
dish_1566587102,chicken | millet,213.60,146.00,A piece of breaded chicken on a plate.,250.00,120.00,0.500
dish_1566587143,chicken | avocado | millet,354.40,234.00,Plate with a piece of cooked chicken and avocado slices.,400.00,250.00,0.667
dish_1566587182,avocado | chicken,531.26,377.00,"Plate with fried chicken, avocado slices, and a mixed salad.",430.00,290.00,1.000
dish_1566587689,salmon | kale | brown rice | chard,196.85,270.00,A meal consisting of cooked green leafy vegetables and a portion of salmon.,210.00,230.00,0.200
dish_1566587714,salmon | chicken | chard | kale | millet,347.54,373.00,Meal with cooked leafy greens and breaded fish fillets,300.00,250.00,0.000
dish_1566587958,brown rice | salmon,398.50,224.00,Three pieces of grilled salmon on a plate.,450.00,300.00,0.500
dish_1566588016,salmon | brown rice | carrot,472.23,374.00,Meal with cooked salmon and roasted carrots.,500.00,350.00,0.667
dish_1566588066,carrot | pineapple | brown rice | salmon,566.23,562.00,"This meal consists of grilled salmon, sliced carrots, pineapple chunks, and some green vegetables.",540.00,450.00,0.600
dish_1566589933,tofu,89.06,122.00,Small portion of a mixed salad with chicken strips.,75.00,70.00,0.000
dish_1566589967,millet | chicken | tofu,381.66,322.00,Plate containing a pasta salad and a portion of casserole with vegetables.,400.00,250.00,0.000
dish_1566590007,pizza | tofu | chicken,740.76,457.00,"Plate with a slice of vegetable pizza, salad with chicken strips, and quinoa salad.",600.00,305.00,0.500
dish_1566590056,tofu | chicken | pizza,815.65,519.00,"A meal including a slice of pizza, quinoa salad, grilled chicken, and mixed greens.",620.00,390.00,0.500
dish_1566590536,carrot,25.07,51.00,Small portion of grilled or roasted carrots on a plate.,25.00,50.00,1.000
dish_1566590566,carrot | salmon | brown rice,186.96,142.00,Grilled meat with roasted carrots on a plate.,260.00,170.00,0.333
dish_1566590946,brown rice | salmon,405.61,228.00,Grilled salmon with red peppers and microgreens,315.00,190.00,0.333
dish_1566590987,chicken | salmon | brown rice,639.91,370.00,"A plate with grilled salmon topped with greens and bell peppers, and a side of tofu cubes.",450.00,270.00,0.250
dish_1566591048,chicken salad | chicken | salmon,876.20,481.00,"A meal consisting of grilled salmon, roasted potatoes, sliced chicken, olives, and garnished with greens and red peppers.",590.00,405.00,0.500
dish_1566591080,salmon | chicken | chicken salad,909.63,549.00,"Plate with salmon, roasted vegetables, and chicken or tofu pieces.",600.00,500.00,0.667
dish_1566592456,caesar salad,55.44,126.00,Caesar salad on a plate,120.00,65.00,0.250
dish_1566835603,sweet potato,63.17,66.00,Plate with a few pieces of sweet potato.,40.00,45.00,1.000
dish_1566835641,sweet potato | egg whites,312.77,546.00,Plate with scrambled egg whites and roasted sweet potatoes,180.00,220.00,1.000
dish_1566835701,egg whites | salsa | sweet potato,370.19,744.00,Mashed potatoes with gravy and roasted sweet potatoes.,330.00,350.00,0.250
dish_1566838286,pineapple,72.50,145.00,Plate with pineapple chunks,60.00,150.00,1.000
dish_1566838317,watermelon | pineapple,114.20,284.00,Plate of diced pineapple and watermelon,70.00,250.00,1.000
dish_1566838351,watermelon | pineapple,190.01,417.00,"A fruit plate with watermelon, pineapple, raspberries, and blackberries.",120.00,340.00,1.000
dish_1566838378,scrambled eggs | watermelon | pineapple,286.21,482.00,"Plate with scrambled eggs and mixed fruits including watermelon, pineapple, raspberries, and blackberries.",255.00,370.00,1.000
dish_1566838407,pineapple | scrambled eggs | sweet potato | watermelon,358.95,558.00,"A plate of mixed fruits, roasted sweet potatoes, and scrambled eggs.",215.00,390.00,1.000
dish_1566844766,caesar salad,72.16,164.00,Caesar salad with croutons,225.00,95.00,0.333
dish_1566844803,caesar salad | pepperoni pizza,249.82,227.00,Caesar salad with two small slices of pepperoni pizza.,450.00,350.00,1.000
dish_1566844850,pork | pepperoni pizza | caesar salad,491.24,345.00,"Plate with Caesar salad, beef strips, and pepperoni pizza.",650.00,370.00,0.500
dish_1566846997,pork,343.71,168.00,Plate of sliced cooked meat,250.00,150.00,0.000
dish_1566847043,squash | pork,434.88,483.00,Plate with grilled meat chunks and sautéed zucchini.,480.00,450.00,0.000
dish_1566847431,quinoa,101.24,90.00,Small portion of roasted chicken with garnish,102.00,85.00,0.000
dish_1566847454,pork | quinoa,346.75,210.00,Plate with a piece of stuffed chicken breast and beef stew.,550.00,270.00,0.000
dish_1566847483,pork | quinoa,476.23,314.00,Plate with a serving of roasted chicken and a green salad.,300.00,250.00,0.000
dish_1566849208,,19.60,70.00,A bowl of mixed salad greens,15.00,50.00,
dish_1566849233,avocado,94.80,117.00,Mixed green salad with avocado,75.00,90.00,1.000
dish_1566849269,avocado | parmesan cheese,249.85,153.00,A salad with mixed greens and parmesan cheese shavings.,125.00,80.00,0.500
dish_1566849295,avocado | parmesan cheese,348.75,239.00,"Salad with mixed greens, kidney beans, and Parmesan cheese shavings",180.00,120.00,0.333
dish_1566849327,parmesan cheese | avocado | chicken,551.70,362.00,"Salad with grilled chicken, kidney beans, lettuce, and avocado",370.00,310.00,0.400
dish_1566849387,parmesan cheese | caesar salad | chicken | avocado,619.90,517.00,"Salad with mixed greens, olives, chicken, and dressing.",300.00,200.00,0.250
dish_1566849862,,77.05,67.00,Bowl of kidney beans,70.00,60.00,0.000
dish_1566849895,carrot,112.31,153.00,Shredded carrots in a metal bowl,41.00,100.00,1.000
dish_1566849923,cherry tomatoes | carrot,127.97,240.00,Bowl of shredded carrots and cherry tomatoes,55.00,110.00,1.000
dish_1566849955,onions | cherry tomatoes | carrot,147.17,288.00,"Salad bowl containing shredded carrots, cherry tomatoes, and sliced red onions.",50.00,130.00,1.000
dish_1566849987,carrot | chicken,562.97,540.00,"Salad with grilled chicken, cherry tomatoes, shredded carrots, and red onion.",270.00,320.00,0.500
dish_1566850031,carrot | chicken | caesar dressing,616.77,662.00,"Salad with grilled chicken, cherry tomatoes, shredded carrots, red onion, and a creamy dressing.",490.00,285.00,0.400
dish_1566850099,onions | cucumbers | lettuce | lime | cherry tomatoes,113.06,112.00,"A plate of salad with mixed greens, broccoli, and shredded carrots.",30.00,60.00,0.000
dish_1566850142,pork,464.95,284.00,Plate with shredded meat and mixed green salad including broccoli.,250.00,200.00,0.000
dish_1566851115,spinach (raw),81.55,70.00,Spinach salad with cherry tomatoes and corn.,40.00,60.00,0.333
dish_1566851155,quinoa,295.28,260.00,Spinach salad with grilled chicken breast,295.00,220.00,0.000
dish_1566851198,quinoa | pork,463.05,342.00,Grilled chicken with a side of spinach and corn salad,430.00,300.00,0.000
dish_1566851222,pizza | quinoa | pork,550.83,375.00,"A meal consisting of salad, roasted chicken slices, and a slice of pizza.",480.00,350.00,0.200
dish_1566851549,cheese pizza,226.01,85.00,A single slice of cheese pizza on a white plate.,285.00,125.00,1.000
dish_1566851584,caesar salad | cheese pizza,286.29,222.00,Caesar salad with croutons and a slice of cheese pizza on a white plate.,400.00,240.00,1.000
dish_1566851616,caesar salad | cheese pizza,300.78,248.00,"A meal with Caesar salad, steamed broccoli, and a slice of cheese pizza.",430.00,270.00,0.667
dish_1566851677,quinoa | caesar salad | cheese pizza,354.77,296.00,"Plate with a slice of pizza, Caesar salad, broccoli, and sliced chicken.",565.00,320.00,0.400
dish_1566851704,quinoa | pork | cheese pizza | caesar salad,461.16,348.00,"Plate with salad, broccoli, chicken pieces, and a slice of pizza.",670.00,470.00,0.333
dish_1566920304,egg whites,296.40,570.00,A plate of scrambled egg whites.,150.00,250.00,1.000
dish_1566920339,egg whites | sweet potato,449.53,730.00,Sweet potatoes and scrambled egg whites on a plate.,232.00,300.00,1.000
dish_1566920365,salsa | sweet potato | egg whites,490.42,871.00,Plate of scrambled eggs with salsa and roasted vegetables,350.00,310.00,0.500
dish_1566922978,scrambled eggs,124.32,84.00,Small portion of scrambled eggs on a plate,90.00,80.00,1.000
dish_1566923004,scrambled eggs | pineapple,158.82,153.00,Plate with scrambled eggs and pineapple chunks.,200.00,170.00,1.000
dish_1566923030,hash browns | scrambled eggs | pineapple,396.80,226.00,"A plate with scrambled eggs, hash browns, and pineapple chunks.",380.00,270.00,1.000
dish_1566923060,bacon | scrambled eggs | pineapple | hash browns,515.82,248.00,"Breakfast plate with bacon, hash browns, scrambled eggs, and pineapple.",400.00,290.00,1.000
dish_1566931116,cauliflower,35.50,142.00,A small serving of roasted cauliflower on a plate.,25.00,50.00,1.000
dish_1566931140,cauliflower | avocado,126.70,199.00,A small serving of roasted cauliflower and avocado slices on a plate.,130.00,150.00,1.000
dish_1566931179,avocado | cauliflower,204.37,263.00,"Plate with roasted cauliflower, spinach salad with nuts and cranberries, and avocado slices.",260.00,230.00,0.667
dish_1566931217,fish | avocado | white beans | cauliflower,333.11,378.00,"A meal consisting of a salmon piece, white beans, cauliflower, salad with spinach and cranberries, and avocado slices.",420.00,320.00,0.500
dish_1566931482,,25.48,91.00,Mixed green salad in a bowl,15.00,50.00,
dish_1566931519,,130.13,182.00,Salad with mixed greens and kidney beans.,115.00,120.00,0.000
dish_1566931548,broccoli,154.98,253.00,A green salad with mixed greens and broccoli.,55.00,110.00,1.000
dish_1566931586,chicken | broccoli,379.38,389.00,Chicken and broccoli salad on a bed of mixed greens,200.00,230.00,1.000
dish_1566931620,avocado | chicken | broccoli,494.58,461.00,"Salad with chicken, avocado, broccoli, and mixed greens",345.00,295.00,1.000
dish_1566931650,chicken | avocado | parmesan cheese,610.87,488.00,"Salad with mixed greens, chicken, avocado, broccoli, and cheese.",460.00,310.00,0.750
dish_1566931674,chicken | avocado | parmesan cheese,990.99,531.00,"Salad with chicken, avocado, cheese, broccoli, and mixed greens.",405.00,300.00,0.750
dish_1566933180,chicken thighs,161.45,96.00,Single roasted chicken drumstick on a plate,160.00,120.00,1.000
dish_1566933226,chicken thighs,245.45,171.00,Chicken leg with a side of couscous.,430.00,270.00,1.000
dish_1566933401,bok choy,27.05,79.00,Small portion of leafy greens on a plate,5.00,30.00,0.000
dish_1566933454,bok choy | arugula | chickpeas,121.74,154.00,A plate of mixed leafy greens and some sliced vegetables,30.00,100.00,0.000
dish_1566933498,chickpeas | chicken thighs,318.48,284.00,Plate of mixed salad greens with a portion of baked or grilled chicken topped with a grain or herb mixture.,170.00,200.00,0.500
dish_1566934057,bok choy,66.09,193.00,Steamed or blanched greens on a plate,20.00,100.00,1.000
dish_1566934085,cauliflower | bok choy,82.59,259.00,Plate with stir-fried bok choy and roasted cauliflower.,35.00,120.00,1.000
dish_1566934120,bok choy | salmon | cauliflower,183.99,316.00,"Plate with salmon, cauliflower, and green leafy vegetables.",190.00,240.00,0.500
dish_1566934152,bok choy | chicken thighs | cauliflower | salmon,305.07,396.00,"Plate with chicken drumstick, salmon, bok choy, and cauliflower.",280.00,300.00,1.000
dish_1566934366,cheese pizza,87.75,33.00,A small piece of cheese pizza on a plate.,100.00,50.00,1.000
dish_1566934401,white beans | fish | cheese pizza,435.90,344.00,"Meal with salmon, vegetables, and a piece of pizza.",500.00,280.00,0.200
dish_1566934430,fish | cookies | white beans | cheese pizza,519.54,361.00,"A meal consisting of salmon, baked fish with artichokes and olives, a piece of pizza, and a cookie.",660.00,330.00,0.333
dish_1566934455,cookies | fish | white beans | cheese pizza,528.04,395.00,"A plate with a slice of pizza, cookie, salmon, and mixed vegetables.",680.00,335.00,0.143
dish_1566934487,fish | white beans | cookies | cheese pizza,553.04,468.00,"A plate with a variety of foods including salmon, green vegetables, grilled vegetables, a small piece of pizza, and a cookie.",580.00,360.00,0.143
dish_1566936266,chicken thighs | quinoa,220.96,146.00,A piece of fried chicken,250.00,120.00,0.500
dish_1566936297,fish | chicken thighs | white beans,355.29,266.00,Plate with a piece of fried chicken and a slice of salmon with vegetables.,430.00,220.00,0.250
dish_1566936323,chicken thighs | white beans | fish,368.29,318.00,"A meal consisting of fried chicken, baked salmon with vegetables, and cauliflower.",475.00,260.00,0.200
dish_1566936352,white beans | fish | chicken thighs,424.29,368.00,"A meal consisting of fried chicken, salmon, couscous, and cauliflower.",675.00,430.00,0.200
dish_1566937992,cheese pizza,276.54,104.00,Small portion of cheesy pizza on a plate,250.00,100.00,1.000
dish_1566938026,cheese pizza | chicken thighs,450.58,219.00,Plate with two pieces of pizza and a piece of chicken.,550.00,300.00,1.000
dish_1566938059,cheese pizza | chicken thighs,463.25,256.00,"Meal with a leafy vegetable, chicken dish, and two slices of pizza",610.00,360.00,0.667
dish_1566938088,chicken thighs | cauliflower | cheese pizza,494.50,381.00,"Meal with roasted cauliflower, cooked greens, a chicken drumstick, and cheese pizza.",445.00,375.00,1.000
dish_1567007719,cantaloupe,14.28,42.00,Plate of cantaloupe pieces,20.00,50.00,1.000
dish_1567007751,cantaloupe,39.93,87.00,"Plate with assorted fruits including strawberries, blueberries, and melon pieces.",35.00,105.00,0.000
dish_1567007783,cantaloupe,50.00,106.00,"A small serving of mixed fruits including strawberries, blueberries, raspberries, blackberries, and cantaloupe.",43.00,120.00,1.000
dish_1567007814,pineapple | cantaloupe,73.00,152.00,"A plate of mixed fruits including strawberries, blueberries, raspberries, blackberries, melon, and pineapple.",67.00,170.00,1.000
dish_1567007848,watermelon | cantaloupe | pineapple,100.30,243.00,Fruit salad with various berries and melon pieces.,80.00,180.00,1.000
dish_1567019993,brussels sprouts,28.08,55.00,A small serving of charred Brussels sprouts on a plate.,30.00,50.00,1.000
dish_1567020054,brussels sprouts | fish,122.00,145.00,"Plate with chicken pieces, roasted Brussels sprouts, and a jalapeño pepper.",195.00,195.00,0.250
dish_1567020091,fish | arugula | brussels sprouts,236.81,238.00,"A meal consisting of roasted Brussels sprouts, mixed greens salad, cooked grains, and pieces of cooked chicken.",210.00,190.00,0.200
dish_1567020340,broccoli,93.59,168.00,A plate of cooked broccoli florets.,55.00,200.00,1.000
dish_1567020366,brussels sprouts | broccoli,111.46,203.00,A plate of cooked broccoli and Brussels sprouts.,75.00,250.00,1.000
dish_1567020394,fish | broccoli | brussels sprouts,176.16,265.00,"Plate with broccoli, Brussels sprouts, and a small piece of meat.",150.00,350.00,0.500
dish_1567020417,fish | chicken | broccoli,313.76,348.00,"A meal with steamed broccoli, roasted Brussels sprouts, and a chicken dish with vegetables.",295.00,450.00,0.500
dish_1567021799,arugula,93.82,76.00,A plate of mixed leafy greens with a few blueberries.,18.00,35.00,0.000
dish_1567021831,fish | arugula,252.44,228.00,Plate with a green salad and a portion of breaded chicken.,205.00,150.00,0.000
dish_1567021864,fish | pizza,342.88,262.00,"Plate with mixed greens, a slice of pizza, and pieces of seasoned chicken.",370.00,270.00,0.333
dish_1567022147,cherry tomatoes | bell peppers,34.92,128.00,Sliced red and green bell peppers with cherry tomatoes in a bowl.,43.00,170.00,1.000
dish_1567022180,bell peppers | carrot | cherry tomatoes,48.86,162.00,"Salad with carrots, bell peppers, and onions in a bowl",45.00,110.00,0.500
dish_1567022212,bell peppers | carrot | cherry tomatoes,89.11,197.00,A mixed vegetable salad with olives.,90.00,140.00,0.500
dish_1567022251,onions | cherry tomatoes | carrot | bell peppers,111.91,254.00,A bowl of raw vegetable salad.,70.00,180.00,0.750
dish_1567022296,onions | bell peppers | chicken,425.41,444.00,"A bowl with chopped chicken, sliced onions, and shredded carrots.",375.00,250.00,0.500
dish_1567022338,chicken | parmesan cheese,507.24,463.00,"Salad mix with chicken, parmesan, and vegetables in a bowl",400.00,290.00,0.667
dish_1567022383,chicken | parmesan cheese,527.09,508.00,"Salad with chicken, vegetables, parmesan shavings, and dressing",390.00,250.00,0.667
dish_1567023110,,46.00,40.00,Plate of Kalamata olives,50.00,30.00,0.000
dish_1567023132,kimchi,59.20,84.00,Plate with kimchi and black olives,50.00,55.00,1.000
dish_1567023161,chicken | kimchi,141.70,134.00,"A plate with kimchi, kalamata olives, and diced grilled chicken.",175.00,155.00,0.667
dish_1567023184,chicken | kimchi | kale,191.51,195.00,"Plate with kale salad, kimchi, olives, and grilled chicken.",370.00,310.00,1.000
dish_1567023262,,72.32,64.00,Small portion of mixed salad with vegetables,70.00,80.00,0.000
dish_1567023296,garlic | pecans | chard | arugula,107.18,92.00,"Salad with mixed greens, cucumbers, and possibly cheese.",50.00,80.00,0.000
dish_1567023335,garlic | pecans | almonds | arugula | chard | carrot,138.34,117.00,"A green salad with various greens, sliced cucumbers, and some seeds or nuts on a plate.",55.00,90.00,0.000
dish_1567023375,tofu,248.57,268.00,Plate with green salad and rice with vegetables and tofu.,310.00,280.00,0.500
dish_1567024066,cheese pizza,228.67,86.00,Two small square slices of pizza on a plate,150.00,65.00,1.000
dish_1567024112,cheese pizza | chicken thighs,274.08,116.00,Two small slices of cheese pizza and a few pieces of grilled chicken on a plate.,230.00,105.00,1.000
dish_1567024135,cheese pizza | chicken thighs | roasted potatoes,317.79,147.00,"A meal with pizza slices, roasted potatoes, and a portion of chicken with sauce.",500.00,320.00,1.000
dish_1567024187,cheese pizza | chicken thighs | roasted potatoes,334.95,235.00,"Plate with pizza slices, roasted vegetables, and a portion of chicken.",560.00,390.00,0.750
dish_1567024224,chicken thighs | cheese pizza | cauliflower | roasted potatoes,354.95,315.00,"A meal consisting of two slices of pizza, roasted zucchini, roasted potatoes, grilled chicken, and cauliflower.",675.00,480.00,0.800
dish_1567024252,chicken thighs | roasted potatoes | cheese pizza,512.02,454.00,"A meal with pizza, sautéed zucchini, cauliflower, and a mixed salad.",445.00,380.00,0.200
dish_1567106594,cherry tomatoes,15.84,88.00,A bowl of cherry tomatoes.,20.00,80.00,1.000
dish_1567106620,bell peppers | cherry tomatoes,39.04,146.00,Bowl containing sliced bell peppers.,20.00,80.00,0.500
dish_1567106646,cherry tomatoes | bell peppers | onions,61.04,201.00,"Salad ingredients in a bowl including cherry tomatoes, sliced red onions, green pepper, and carrots.",55.00,175.00,0.500
dish_1567106668,onions | cherry tomatoes | carrot | bell peppers,80.31,248.00,"Salad bowl with shredded carrots, sliced onions, and bell peppers.",45.00,90.00,0.750
dish_1567106693,onions | chicken | bell peppers | carrot,359.16,417.00,"Salad with chicken, carrot, and onion",185.00,200.00,0.750
dish_1567106794,walnuts | lettuce | garlic | blue cheese,102.34,48.00,"Small salad with mixed greens, cherry tomato, and sprouts.",10.00,35.00,0.000
dish_1567106825,beef,220.20,104.00,Small salad with mixed greens and a piece of glazed chicken.,83.00,80.00,0.000
dish_1567106870,pizza | beef,504.82,211.00,"Plate with a slice of pizza, salad, and eggplant with sesame seeds.",420.00,275.00,0.333
dish_1567107049,brownies,107.20,23.00,Small piece of chocolate on a napkin,20.00,5.00,0.000
dish_1567107839,ketchup | fish | white rice,174.28,156.00,Small portion of mixed casserole or baked dish with vegetables.,150.00,100.00,0.000
dish_1567107989,chickpeas | arugula,140.14,111.00,A salad with mixed greens and some sliced vegetables.,25.00,70.00,0.000
dish_1567108037,chickpeas | beef,674.73,365.00,Salad with stuffed eggplant rolls,215.00,150.00,0.000
dish_1567110519,lettuce | lime | onions | cucumbers | cherry tomatoes,100.94,100.00,A small mixed green salad on a plate.,15.00,30.00,0.000
dish_1567110556,green beans,127.11,150.00,Plate of mixed greens and green beans,35.00,70.00,1.000
dish_1567110631,green beans,252.61,260.00,Plate with a salad mix and a portion of green beans with grains.,205.00,240.00,0.500
dish_1567110665,fish | white rice | ketchup,556.49,532.00,"Plate with mixed salad, green beans, couscous with vegetables, and rice with vegetables.",405.00,370.00,0.200
dish_1567110756,pizza,111.72,42.00,A small piece of vegetable-covered pizza.,150.00,80.00,1.000
dish_1567110783,pizza | beef,465.31,210.00,Plate with servings of roasted meat and a vegetable tart slice.,450.00,270.00,0.000
dish_1567110811,pizza | beef,537.99,282.00,"A meal with grilled meat, salad, and a slice of vegetable tart.",450.00,280.00,0.000
dish_1567525637,bell peppers,153.26,81.00,A salad consisting of spinach leaves and shredded carrots.,15.00,40.00,0.000
dish_1567525712,bacon | hash browns,510.54,184.00,"A meal with rice, spinach salad, and a strip of bacon.",230.00,185.00,0.250
dish_1567525744,bacon | scrambled eggs | hash browns,679.26,298.00,"A breakfast plate with scrambled eggs, bacon, hash browns, and a spinach salad.",440.00,290.00,0.750
dish_1567526738,egg whites,225.16,433.00,Plate of scrambled egg whites,150.00,250.00,1.000
dish_1567526785,egg whites | sweet potato | yam,378.25,539.00,A plate with cooked egg whites and roasted sweet potatoes.,230.00,300.00,0.667
dish_1567526814,egg whites | watermelon | yam | sweet potato,408.25,639.00,"A meal with egg whites, watermelon, and roasted sweet potatoes.",250.00,400.00,0.750
dish_1567526845,egg whites | watermelon | yam | sweet potato,448.15,709.00,"A plate with scrambled egg whites, mixed fruit, and roasted sweet potatoes.",280.00,450.00,0.750
dish_1567526888,sweet potato | salsa | egg whites | watermelon | yam,479.18,816.00,"Plate with scrambled egg whites, fresh fruit, and roasted sweet potatoes with sauce.",270.00,330.00,0.333
dish_1567537185,beef | white rice,402.98,185.00,Plate with pieces of cooked meat and some greens.,310.00,170.00,0.000
dish_1567537212,beef | white rice,432.51,238.00,Plate of steak pieces and broccoli,280.00,230.00,0.000
dish_1567537252,white rice | beef | carrot,464.46,303.00,"A meal consisting of sliced steak, broccoli, and carrots.",350.00,300.00,0.250
dish_1567537280,cheese pizza | beef,733.02,404.00,"Plate with steak, broccoli, carrots, and two slices of cheese pizza.",715.00,460.00,0.250
dish_1567537352,lettuce,50.79,73.00,Plate with a small mixed green salad including lettuce leaves and a cherry tomato,13.00,45.00,0.000
dish_1567537422,broccoli | cantaloupe,109.32,203.00,"A meal consisting of salad, broccoli, and cantaloupe.",90.00,190.00,1.000
dish_1567537457,white rice | cantaloupe | chicken thighs | broccoli,297.77,361.00,"A balanced meal with fruit, vegetables, salad, and a chicken dish.",265.00,370.00,0.600
dish_1567538263,arugula | chickpeas,70.70,56.00,Salad with leafy greens and a few small red pieces.,20.00,35.00,0.000
dish_1567538303,white rice | beef,617.45,307.00,Plate with rice and eggplant mix alongside green salad.,265.00,250.00,0.500
dish_1567542778,cheese pizza,260.58,98.00,A small piece of cheese pizza on a plate.,150.00,75.00,1.000
dish_1567542813,white rice | cheese pizza,316.64,145.00,Slice of pizza and a small portion of spring roll or similar pastry with filling on a plate.,385.00,175.00,0.333
dish_1567542843,beef | white rice | cheese pizza,471.30,216.00,"Plate with a slice of cheese pizza, cooked beef, and egg roll.",685.00,280.00,0.500
dish_1567542876,white rice | cheese pizza | beef,495.81,260.00,"A meal consisting of a slice of pizza, broccoli, beef with onion, and a small piece of lasagna.",670.00,455.00,0.400
dish_1567542914,white rice | cheese pizza | beef,514.00,297.00,"A plate with pizza, broccoli, beef with sauce, and roasted vegetables.",575.00,370.00,0.400
dish_1567542953,beef | white rice | pineapple | cheese pizza,542.50,354.00,"A meal consisting of pizza, meat, broccoli, cooked carrots, pineapple chunks, and a spring roll.",545.00,375.00,0.429
dish_1567542986,cheese pizza | pineapple | beef | caesar salad | white rice,605.86,498.00,"A diverse meal with pizza, salad, fruits, vegetables, and meat.",690.00,540.00,0.375
dish_1567612954,sweet potato,148.35,155.00,Plate with small portion of roasted sweet potatoes,100.00,100.00,1.000
dish_1567612986,egg whites | sweet potato,340.23,524.00,Plate with scrambled egg whites and roasted sweet potatoes.,220.00,250.00,1.000
dish_1567613019,sweet potato | watermelon | egg whites,376.53,645.00,"Plate with scrambled egg whites, roasted sweet potatoes, and diced watermelon.",198.00,420.00,1.000
dish_1567613057,egg whites | watermelon | sweet potato | salsa,406.69,749.00,"A plate with scrambled egg whites topped with green salsa, roasted sweet potatoes, and diced watermelon.",320.00,370.00,0.750
dish_1567625294,avocado,51.20,32.00,Small portion of sliced avocado on a plate.,60.00,40.00,1.000
dish_1567625343,chard | avocado | kale,65.48,74.00,A meal consisting of avocado slices and sautéed Swiss chard.,100.00,110.00,0.667
dish_1567625392,bulgur | avocado,208.23,171.00,"Salad with greens, cherry tomatoes, avocado slices, and possibly chard",95.00,120.00,0.250
dish_1567625434,avocado | bulgur | chicken,581.25,396.00,"Plate with rice, greens, and avocado slices.",280.00,270.00,0.167
dish_1567628069,garlic | arugula | lemon juice | bulgur | shallots | apple,107.43,73.00,Small portion of salad on a plate,10.00,20.00,0.000
dish_1567628099,kale,127.49,132.00,Plate with mixed green salad,15.00,30.00,0.000
dish_1567628157,fish | country rice,373.19,355.00,Plate with scrambled eggs mixed with vegetables and a side of leafy greens.,280.00,260.00,0.000
dish_1567628193,quinoa | country rice | fish,492.68,439.00,"Plate with mixed greens, cauliflower, tofu stir-fry, and bulgur with vegetables.",380.00,320.00,0.000
dish_1567629081,cheese pizza,239.31,90.00,Two slices of cheese pizza on a plate,300.00,150.00,1.000
dish_1567629106,caesar salad | cheese pizza,292.55,211.00,A meal consisting of two pizza squares and a portion of salad.,400.00,250.00,0.500
dish_1567785130,granola,76.69,59.00,A small salad with spinach and shredded carrots.,30.00,45.00,0.000
dish_1567785165,sausage,273.11,116.00,A meal with spinach salad and sliced sausage.,230.00,150.00,0.500
dish_1567785223,sausage | scrambled eggs,487.71,261.00,"A plate with scrambled eggs, sautéed spinach with carrots, and sliced sausages.",380.00,250.00,0.667
dish_1567785622,,30.78,54.00,A small serving of strawberries and blueberries on a plate.,22.00,50.00,
dish_1567785654,pineapple,51.78,96.00,A small serving of mixed fruit on a plate.,45.00,95.00,1.000
dish_1567785709,pineapple,131.25,138.00,A small plate with a variety of fruits and salad.,95.00,190.00,0.500
dish_1567785739,sweet potato | pineapple,168.58,177.00,"A small meal consisting of roasted potatoes, pineapple chunks, mixed berries, and a salad with greens, cucumber, and carrots.",115.00,160.00,0.667
dish_1567785778,pineapple | greek yogurt | milk | chia seeds | sweet potato,303.51,310.00,"A plate with a serving of fruit salad, leafy greens with vegetables, and oatmeal.",270.00,330.00,0.000
dish_1567789154,sausage,382.51,111.00,Plate with sliced sausages and a small green garnish.,150.00,70.00,1.000
dish_1567789190,sausage,507.39,177.00,Plate with sausage slices and mixed salad.,280.00,150.00,1.000
dish_1567789230,sausage | scrambled eggs,689.43,300.00,"Plate with scrambled eggs, sliced sausages, and a side salad.",430.00,240.00,0.667
dish_1567789256,scrambled eggs | bacon | sausage,792.22,319.00,"Plate with scrambled eggs, bacon, sausage slices, and a salad with cucumbers and carrots.",500.00,290.00,0.750
dish_1567801468,caesar salad,86.24,196.00,Caesar salad with chicken on a plate,390.00,240.00,0.200
dish_1567801520,white rice | sugar | caesar salad | pork,919.10,600.00,Plate with salad and grilled meat,500.00,350.00,0.000
dish_1567801716,cheese pizza,101.04,38.00,A small slice of pizza on a plate.,120.00,60.00,1.000
dish_1567801748,cheese pizza | pork,169.07,71.00,A small piece of pizza and a few pieces of grilled chicken on a plate.,200.00,105.00,0.333
dish_1567801791,cheese pizza | roasted potatoes | pork,225.47,111.00,A small portion of pizza with roasted potatoes.,250.00,130.00,0.667
dish_1567801830,caesar salad | cheese pizza | roasted potatoes | pork,265.07,201.00,"A plate with salad, roasted potatoes, baked chicken, and a small piece of pizza.",390.00,250.00,0.400
dish_1568044496,watermelon,35.40,118.00,Plate with pieces of watermelon.,35.00,200.00,1.000
dish_1568044528,sweet potato | watermelon,145.46,233.00,A meal with watermelon cubes and roasted sweet potato chunks.,175.00,250.00,1.000
dish_1568044581,sweet potato | egg whites | watermelon,386.22,696.00,Scrambled egg whites with roasted sweet potatoes and watermelon cubes on a plate,245.00,400.00,1.000
dish_1568044634,salsa | sweet potato | egg whites | watermelon,413.19,789.00,"A plate with scrambled egg whites, sweet potatoes, watermelon, and green salsa.",330.00,600.00,1.000
dish_1568047932,broccoli,30.64,55.00,Plate with cooked broccoli portions,20.00,50.00,1.000
dish_1568047973,broccoli | scrambled eggs,295.56,234.00,Scrambled eggs with broccoli.,230.00,220.00,1.000
dish_1568048018,turkey bacon | scrambled eggs,496.80,287.00,"A plate with scrambled eggs, broccoli, and bacon.",335.00,230.00,0.667
dish_1568048053,chicken apple sausage | turkey bacon | scrambled eggs,607.20,356.00,"Plate with scrambled eggs, roasted vegetables, sausage pieces, and bacon strips",530.00,350.00,0.750
dish_1568055963,,36.80,32.00,A small serving of black olives in a bowl with shredded carrots and onions on the side.,15.00,20.00,
dish_1568055986,onions,54.40,76.00,Small salad preparation with red onion and olives in a bowl.,30.00,50.00,1.000
dish_1568056019,cherry tomatoes | onions,64.30,131.00,"Salad ingredients in a bowl including cherry tomatoes, red onions, and olives",50.00,115.00,1.000
dish_1568056046,carrot | cherry tomatoes | onions,88.08,189.00,"Bowl with shredded carrots, cherry tomatoes, and sliced red onion.",50.00,160.00,1.000
dish_1568056217,chicken,480.78,427.00,"Salad with chicken, cherry tomatoes, grated carrots, and diced onions.",310.00,390.00,0.250
dish_1568056258,chicken | caesar dressing,506.36,485.00,"Salad with chicken, cherry tomatoes, shredded carrots, and a dollop of creamy dressing.",285.00,260.00,0.250
dish_1568060414,mangos | arugula | tomatoes,53.60,146.00,Mixed salad with various vegetables,20.00,50.00,0.000
dish_1568060461,white rice | pork,376.76,304.00,Plate with mixed vegetables and a meat dish with rice.,350.00,250.00,0.333
dish_1568060501,fried rice | pork,548.66,413.00,Plate with mixed salad and a main dish of rice with vegetables and possibly meat.,350.00,280.00,0.500
dish_1568060542,pork | fried rice,583.38,481.00,"Plate with rice, salad, Brussels sprouts, broccoli, and meat.",400.00,400.00,0.250
dish_1568060616,,17.08,61.00,A bowl of mixed salad greens.,20.00,100.00,
dish_1568060646,onions,31.48,97.00,A salad with mixed greens and sliced red onions.,20.00,70.00,1.000
dish_1568060697,onions | avocado,133.88,161.00,"A salad with mixed greens, sliced avocado, and onion.",145.00,150.00,1.000
dish_1568060722,avocado | chicken,460.58,359.00,"Salad with grilled chicken, avocado, and mixed greens",390.00,280.00,1.000
dish_1568060746,avocado | chicken,778.82,395.00,Salad with grilled chicken and avocado.,335.00,210.00,1.000
dish_1568061097,cheese pizza,146.24,55.00,Small piece of cheese pizza on a plate.,150.00,70.00,1.000
dish_1568061145,cheese pizza | squash,187.05,196.00,Plate with a small piece of pizza and zucchini and yellow squash.,170.00,140.00,1.000
dish_1568061174,pineapple | squash | cheese pizza,232.55,287.00,A small slice of pizza with pineapple chunks and cooked zucchini slices.,230.00,255.00,0.500
dish_1568061202,brussels sprouts | squash | pineapple | cheese pizza,256.55,334.00,"A meal consisting of pineapple chunks, roasted Brussels sprouts, sliced zucchini and yellow squash, and a slice of cheese pizza.",300.00,340.00,1.000
dish_1568061234,cheese pizza | brussels sprouts | squash | pineapple | quinoa,290.69,358.00,"A meal consisting of a slice of pizza, zucchini, yellow squash, Brussels sprouts, pineapple chunks, and a small serving of grains.",380.00,340.00,0.667
dish_1568061272,quinoa | chicken breast | cheese pizza | pineapple | squash | brussels sprouts,380.39,415.00,"A plate with various food items, including a slice of pizza, chicken, quinoa, Brussels sprouts, zucchini, and pineapple.",470.00,410.00,0.714
dish_1568061320,squash | pork | cheese pizza | pineapple | quinoa | chicken breast,535.84,491.00,"A meal with mixed vegetables, fruits, meats, and pizza.",530.00,570.00,0.625
dish_1568305198,turkey bacon,311.35,82.00,Plate of bacon strips,250.00,60.00,1.000
dish_1568305225,turkey bacon,428.67,144.00,A meal with turkey bacon and a spinach salad.,200.00,140.00,0.500
dish_1568305257,turkey bacon | scrambled eggs,837.15,420.00,"Plate with scrambled eggs, bacon slices, and sautéed spinach with carrots.",550.00,350.00,0.667
dish_1568313487,,13.72,49.00,Plate of mixed leafy greens,20.00,50.00,
dish_1568313527,avocado,48.92,71.00,Plate of mixed salad greens,25.00,75.00,0.000
dish_1568313575,mushroom | avocado,57.94,112.00,Leafy green salad with mixed greens and sliced avocado.,105.00,150.00,0.500
dish_1568313640,onions | mushroom | avocado,71.14,145.00,"A salad with mixed greens, red onions, and avocado slices.",75.00,100.00,0.667
dish_1568313676,avocado | chicken | onions,184.99,214.00,"Salad with tofu, mixed greens, red onion, and cucumber",120.00,170.00,0.200
dish_1568314823,avocado,144.00,90.00,Plate with a few slices of avocado.,50.00,30.00,1.000
dish_1568314857,beef | avocado,295.54,162.00,Plate with a portion of beef and slices of zucchini.,215.00,150.00,0.333
dish_1568314907,beef | avocado | salmon,481.17,281.00,"Meal with fish, beef, and grilled zucchini.",275.00,200.00,0.200
dish_1568314951,avocado | salmon | beef,496.13,325.00,"A meal consisting of a piece of grilled meat, vegetable casserole, avocado slices, cherry tomatoes, and squash.",530.00,370.00,0.167
dish_1568315001,salmon | beef | avocado,504.71,364.00,"A plate with grilled fish, beef, mushrooms, cherry tomatoes, and zucchini.",505.00,380.00,0.143
dish_1568315040,avocado | quinoa | salmon | beef,555.92,400.00,"A meal with fish, quinoa, avocado, cherry tomatoes, mushrooms, and beef.",555.00,410.00,0.429
dish_1568315088,avocado | salmon | quinoa | beef,582.37,423.00,"Plate with a variety of foods including meat, fish, quinoa, cherry tomatoes, avocado, mushrooms, and zucchini.",615.00,550.00,0.375
dish_1568315132,quinoa | beef | salmon | avocado,591.27,440.00,"Plate with assorted vegetables, quinoa, fish, and meat.",555.00,370.00,0.429
dish_1568315177,quinoa | avocado | salmon | beef,637.81,497.00,"Plate with steak, fish fillet, salad, couscous, avocado, zucchini, and cherry tomatoes.",790.00,650.00,0.143
dish_1568315988,tofu,50.37,69.00,"Small portion of mixed salad with tofu, lentils, and vegetables",110.00,100.00,0.333
dish_1568316041,arugula | tofu,149.13,149.00,Salad with mixed greens and tofu stir-fry.,170.00,150.00,0.333
dish_1568316085,beef | tofu,378.54,258.00,"Salad, grilled meat slices, and tofu with vegetables",400.00,280.00,0.333
dish_1568318286,,32.20,115.00,A bowl of mixed salad greens.,20.00,50.00,
dish_1568318316,,525.42,297.00,Salad with mixed greens and slices of beef,220.00,150.00,0.000
dish_1568318361,broccoli,540.82,341.00,Salad with grilled beef and broccoli,235.00,180.00,0.500
dish_1568318408,chicken,907.12,563.00,"Salad with grilled chicken, broccoli, and mixed greens.",290.00,300.00,0.500
dish_1568318480,chicken,1119.28,587.00,"Salad with grilled chicken, broccoli, and mixed greens",255.00,300.00,0.500
dish_1568319725,bell peppers,111.64,59.00,A small portion of fresh mixed greens on a plate.,5.00,25.00,0.000
dish_1568319769,pizza,356.36,151.00,A plate with a piece of vegetable-topped focaccia and a side of spinach salad.,230.00,150.00,0.000
dish_1568319838,pizza | salmon,607.51,312.00,"Plate with a green salad, vegetable flatbread, and a chicken dish with spinach.",350.00,240.00,0.000
dish_1568319899,pizza | salmon,627.66,377.00,"Plate with salad greens, green beans, a piece of flatbread, and a vegetable-topped casserole.",340.00,220.00,0.000
dish_1568320296,cheese pizza,226.01,85.00,Two small slices of cheese pizza on a plate.,180.00,100.00,1.000
dish_1568320338,cheese pizza | beef,390.18,163.00,Plate with two slices of pizza and several slices of roast beef.,500.00,250.00,1.000
dish_1568320383,beef | quinoa | cheese pizza,437.12,196.00,"A meal consisting of two small pizza slices, a portion of beef roast, and couscous with a cherry tomato.",450.00,230.00,0.500
dish_1568320427,cheese pizza | beef | quinoa,450.76,240.00,"A meal containing roasted meat, green beans, quinoa, and pizza slices.",570.00,350.00,0.500
dish_1568320470,beef | quinoa | cheese pizza,521.04,341.00,"A meal consisting of salad, green beans, quinoa, roast beef, and pizza.",615.00,430.00,0.600
dish_1568400935,,11.76,42.00,Bowl of mixed leafy greens,25.00,50.00,
dish_1568400967,broccoli,36.61,113.00,A salad bowl with mixed greens and broccoli florets.,45.00,110.00,1.000
dish_1568401018,chicken,587.71,447.00,Salad with grilled chicken and mixed greens including broccoli and leafy greens.,350.00,350.00,0.500
dish_1568401064,chicken | avocado,787.71,572.00,"Salad with chicken, avocado, and greens with sides of shredded carrots and rice.",585.00,490.00,0.400
dish_1568401090,avocado | chicken,1158.99,614.00,Chicken salad with avocado and greens,415.00,250.00,1.000
dish_1568401167,tuna salad,426.36,228.00,Tuna salad with vegetables,300.00,220.00,0.500
dish_1568401199,tuna salad | squash,459.64,343.00,Plate with a serving of mashed sweet potatoes and a tuna salad.,350.00,380.00,0.333
dish_1568401233,carrot | tuna salad,490.39,418.00,"Plate with shredded carrots, mashed sweet potato, and a tuna or chicken salad.",275.00,250.00,0.667
dish_1568401261,carrot | avocado | tuna salad,530.39,443.00,"Plate with sweet potato, tuna salad, shredded carrots, and avocado.",395.00,360.00,0.750
dish_1568401302,fried rice | avocado | tuna salad,716.48,561.00,"A meal with mashed sweet potatoes, brown rice, shredded chicken salad, grated carrots, and avocado slices.",615.00,450.00,0.333
dish_1568404850,fried rice,157.70,100.00,A small portion of fried rice with vegetables.,150.00,100.00,1.000
dish_1568404889,fried rice | rice noodles,247.29,219.00,Plate with fried rice and coleslaw.,450.00,350.00,0.333
dish_1568405183,spinach (raw),72.40,64.00,Small portion of mixed greens salad on a plate.,10.00,30.00,0.000
dish_1568405214,kale | spinach (raw),144.26,152.00,Salad with spinach leaves and a creamy kale mix with croutons,160.00,130.00,1.000
dish_1568405273,salmon | kale | brown rice,386.20,288.00,"Salad plate with kale Caesar, spinach, and lentil salad.",310.00,270.00,0.200
dish_1568405306,kale | salmon | brown rice | tofu,421.24,336.00,"Salad plate with spinach, kale and grain salad.",305.00,250.00,0.167
dish_1568405405,spinach (raw),83.72,74.00,Small spinach salad with red bell pepper and possibly onion.,17.00,50.00,0.333
dish_1568405430,rice noodles | spinach (raw),119.10,121.00,Plate with mixed greens and vegetable slaw,30.00,70.00,0.000
dish_1568405466,rice noodles | pineapple | spinach (raw),153.10,189.00,"Plate with spinach salad, coleslaw, and pineapple chunks.",105.00,150.00,0.500
dish_1568405499,brown rice | salmon | pineapple,562.27,419.00,"A meal consisting of salad greens, cooked salmon, pineapple chunks, and a vegetable slaw.",340.00,290.00,0.500
dish_1568649312,,44.46,78.00,A small serving of mixed berries on a plate.,25.00,50.00,
dish_1568649354,broccoli,72.87,129.00,"Plate with broccoli, blackberries, and raspberries.",55.00,130.00,1.000
dish_1568649387,sweet potato | broccoli | yam,163.86,192.00,"A plate with sweet potatoes, broccoli, blackberries, and raspberries.",160.00,260.00,0.667
dish_1568649430,yam | sweet potato | scrambled eggs,363.66,327.00,"Scrambled eggs, roasted sweet potatoes, broccoli, raspberries, and blackberries on a plate.",420.00,360.00,0.500
dish_1568660810,pepperoni pizza,132.54,47.00,A single slice of pepperoni pizza on a white plate.,285.00,125.00,1.000
dish_1568664931,spinach (raw),67.88,60.00,Plate of mixed leafy greens with carrots.,20.00,50.00,0.000
dish_1568664972,chicken | millet,303.42,221.00,Salad with chicken and grains,265.00,240.00,0.333
dish_1568665012,brussels sprouts | millet | chicken,327.42,268.00,"A meal consisting of mixed greens, chicken with sauce, and Brussels sprouts.",305.00,270.00,0.667
dish_1568665052,brussels sprouts | millet | chicken,345.65,331.00,Plate with mixed salad and chicken with vegetables.,230.00,220.00,0.667
dish_1568665935,cheese pizza,154.22,58.00,A small slice of cheese pizza on a plate.,200.00,80.00,1.000
dish_1568665970,cheese pizza | caesar salad,202.18,167.00,A meal with a slice of pizza and a serving of salad.,350.00,160.00,0.500
dish_1568666000,cheese pizza | caesar salad,209.93,197.00,"A plate with a piece of cheese pizza, a portion of green salad, and a portion of Caesar salad.",350.00,240.00,1.000
dish_1568666032,caesar salad | cheese pizza | chicken,243.58,220.00,"A meal consisting of pizza, chicken breast, and two types of salad.",430.00,330.00,0.400
dish_1568666061,caesar salad | chicken | brussels sprouts | cheese pizza,260.43,253.00,"A meal consisting of a piece of pizza, grilled chicken, kale salad, Brussels sprouts, and Caesar salad.",590.00,360.00,0.800
dish_1568666089,cheese pizza | caesar salad | brussels sprouts | chicken,276.42,335.00,"A meal consisting of a slice of pizza, mixed vegetables, chicken, and a salad.",490.00,405.00,0.667
dish_1568666184,lettuce,28.50,190.00,A bowl of mixed salad greens.,15.00,100.00,0.000
dish_1568666230,lettuce | broccoli,55.80,268.00,A bowl of salad containing broccoli and lettuce.,60.00,250.00,1.000
dish_1568666263,lettuce | broccoli | artichokes,93.40,348.00,"Salad with broccoli, dumplings, and lettuce",185.00,330.00,0.500
dish_1568666303,artichokes | chicken | lettuce | broccoli,443.20,560.00,Salad with grilled chicken and broccoli,260.00,300.00,0.750
dish_1568666329,artichokes | chicken,743.76,594.00,Salad with diced chicken and broccoli,315.00,350.00,0.250
dish_1568666357,chicken | artichokes,751.68,603.00,"A salad with broccoli, romaine lettuce, grilled chicken, and balsamic dressing.",485.00,480.00,0.200
