dish_id,true_ingredients,true_calories,true_weight,ai_description,ai_calories,ai_weight,ingredient_jaccard
dish_1556572657,,41.40,36.00,Small portion of dark roasted coffee beans arranged on a white square plate,12.00,8.00,0.000
dish_1556575014,,71.30,62.00,"A small white square plate containing dark brown olives, appears to be a single-item snack or appetizer portion",95.00,55.00,0.000
dish_1556575124,celery,4.48,28.00,A minimalist plate with chopped celery pieces on a white square plate,8.00,40.00,1.000
dish_1556573514,,6.44,23.00,"A small plated salad with mixed greens, purple onion, and what appears to be a dark protein or vegetable component, served on a white square plate",33.00,100.00,0.000
dish_1556575273,brussels sprouts,103.30,152.00,"A light vegetable plate consisting of roasted Brussels sprouts, dark olives, and fresh celery on a white square plate",132.00,185.00,0.333
dish_1556575327,brussels sprouts,103.30,152.00,"Plate with roasted Brussels sprouts, steamed broccoli, and dark olives",215.00,285.00,0.333
dish_1556575386,brussels sprouts,103.30,152.00,"Vegetable plate with roasted Brussels sprouts, black olives, and celery sticks on a red plate",122.00,190.00,0.500
dish_1556575083,brussels sprouts,27.52,64.00,"A small white square plate containing roasted or cooked Brussels sprouts, appears to be a side dish or appetizer portion",52.00,85.00,1.000
dish_1556575446,brussels sprouts,103.30,152.00,A plate of roasted Brussels sprouts and dark grapes on a white square plate,140.00,205.00,0.500
dish_1556575499,brussels sprouts,103.30,152.00,"Light vegetable appetizer plate with roasted Brussels sprouts, dark olives, and sliced white onion on a light blue plate",122.00,165.00,0.333
dish_1556575558,brussels sprouts,103.30,151.00,"A light appetizer or snack plate featuring dark olives, green olives, and diced green bell pepper on a red plate",182.00,155.00,0.000
dish_1557853154,,18.81,57.00,Small plate with sliced strawberries and blueberries on a white ceramic dish,36.00,80.00,
dish_1557853314,yam,115.41,93.00,Small bowl containing what appears to be fried sweet potato or pumpkin chunks in a light sauce or broth,100.00,90.00,0.000
dish_1557853429,eggs | yam,330.15,276.00,"Breakfast meal consisting of scrambled eggs, roasted sweet potato cubes, and fresh strawberry slices on a white plate",300.00,285.00,0.333
dish_1557853229,eggs,195.93,126.00,A single serving of what appears to be mashed potatoes with butter and seasonings (possibly paprika or red pepper flakes) in a clear glass bowl,185.00,150.00,0.000
dish_1557861605,fish,35.10,39.00,A single piece of what appears to be a breaded and fried protein item (possibly fish or chicken cutlet) on a white plate with some garnish,185.00,88.00,0.500
dish_1557861697,eggplant,13.14,53.00,Small portion of cooked dark leafy greens or seaweed in a white bowl with minimal liquid,17.00,65.00,0.000
dish_1557861795,caesar salad,13.64,31.00,A small bowl of what appears to be diced potatoes with green onions or scallions in a clear broth or light sauce,63.00,195.00,0.000
dish_1557862696,cauliflower,19.25,77.00,A small bowl of what appears to be mashed potatoes or cauliflower mash with visible lumps and a creamy white base,85.00,120.00,1.000
dish_1557862345,chicken,103.95,63.00,A small portion of what appears to be cooked chicken or poultry pieces on a white plate with a clear liquid or broth,50.00,85.00,0.500
dish_1557862738,,319.78,118.00,"A small white bowl containing cooked meat pieces, appears to be beef or similar red meat with some browning and possible sauce or cooking residue",185.00,85.00,0.000
dish_1557861837,eggplant | caesar salad | fish,61.88,123.00,"Asian meal with vegetables, tofu, and rice on a white plate with QR codes",275.00,350.00,0.143
dish_1557862829,spinach (raw),5.52,24.00,Small portion of fresh raw spinach leaves on a white plate with QR codes,7.00,25.00,1.000
dish_1557862783,chicken,442.98,258.00,"Plate with sliced cooked meat, diced potatoes, and diced chicken or light protein",580.00,330.00,0.333
dish_1557863056,avocado,75.20,47.00,A plate containing what appears to be cooked zucchini slices,35.00,120.00,0.000
dish_1557863104,,46.00,40.00,"Small bowl containing approximately 8-9 dark berries, appearing to be blueberries or similar small dark fruit, arranged in a white circular dish on a measurement/documentation sheet with QR codes",12.00,15.00,
dish_1557863170,avocado,129.82,142.00,Mixed green salad with dark olives and cucumber slices on a white plate,68.00,130.00,0.000
dish_1557936555,eggs,149.28,96.00,A small portion of scrambled eggs on a white square plate,110.00,60.00,1.000
dish_1557936599,broccoli,22.05,63.00,"Small portion of cooked broccoli florets on a white plate, appears to be steamed or boiled",45.00,100.00,1.000
dish_1557937037,,25.97,49.00,Small portion of red currants on a white plate,28.00,70.00,0.000
dish_1557936645,,11.88,36.00,"Three strawberry slices on a white square plate, appearing to be a minimal snack or dessert component",16.00,40.00,
dish_1557937079,bacon,146.07,27.00,Cooked bacon strips on a white plate,280.00,35.00,1.000
dish_1557937335,yam,47.16,38.00,Small portion of roasted sweet potato cubes on a white square plate,45.00,75.00,0.000
dish_1557863012,cucumbers,3.10,31.00,Sliced cucumbers in water or clear liquid served in a white bowl on a white plate,35.00,340.00,0.500
dish_1557937157,broccoli | eggs | bacon,355.25,271.00,"A balanced breakfast plate with scrambled eggs, bacon, fresh vegetables, and tomatoes on a white square plate",375.00,305.00,0.750
dish_1557937427,eggs,26.43,17.00,Small portion of scrambled eggs on a white plate,90.00,50.00,1.000
dish_1557937574,,5.59,13.00,Blackberries on a white plate,32.00,50.00,
dish_1557937615,,6.93,21.00,Minimal meal consisting of sliced strawberry pieces on a white plate,12.00,30.00,
dish_1557937715,,20.67,39.00,Small portion of red berries (appears to be strawberries or similar red fruit) on a white plate,16.00,40.00,
dish_1558026623,honeydew melons,29.88,83.00,Small portion of diced green apple on a white square plate,32.00,95.00,0.000
dish_1557937758,yam | eggs,106.78,128.00,Mixed fresh fruits and what appears to be scrambled eggs on a white plate,250.00,275.00,0.250
dish_1558026714,bacon,129.84,24.00,Three strips of cooked bacon on a white square plate,245.00,35.00,1.000
dish_1558026684,cantaloupe,24.14,71.00,"Small plate with cubed orange-colored vegetable, appears to be sweet potato or pumpkin, with one pale/white cube visible among orange pieces",45.00,80.00,0.000
dish_1558027164,bacon,162.30,30.00,Cooked bacon strips on a white square plate,245.00,35.00,1.000
dish_1558026756,honeydew melons | cantaloupe | bacon,183.86,178.00,"Light breakfast or brunch plate with bacon, cantaloupe melon cubes, and cucumber slices on a light blue plate",198.00,245.00,0.500
dish_1558027057,yam,80.67,65.00,Small portion of roasted root vegetables on a white square plate,65.00,95.00,0.000
dish_1558028007,potatoes,54.67,71.00,Small portion of roasted potato pieces on a white square plate with what appears to be a garnish of red pepper or paprika,47.00,62.00,0.500
dish_1558028057,bacon,151.48,28.00,A small portion of cooked bacon strips on a white square plate,95.00,28.00,1.000
dish_1558028492,cantaloupe,20.74,61.00,"Small portion of cooked sweet potato or pumpkin cubes on a white square plate, appears to be a side dish or sample portion",35.00,60.00,0.000
dish_1558028690,honeydew melons,23.76,66.00,"A small white square plate containing diced raw apple pieces, appears to be a light snack or side portion",52.00,80.00,0.000
dish_1558029230,potatoes,88.55,115.00,Roasted potato cubes on a white square plate,95.00,110.00,1.000
dish_1558029148,honeydew melons,38.88,108.00,Diced raw honeydew melon on a white square plate,32.00,85.00,1.000
dish_1558029278,bacon,146.07,27.00,Single serving of cooked bacon strips on a white square plate,120.00,28.00,1.000
dish_1558029324,potatoes | bacon | honeydew melons,273.50,250.00,"Breakfast plate with roasted potatoes, bacon strips, and diced melon",300.00,295.00,1.000
dish_1558029518,yam,137.75,111.00,Roasted sweet potato cubes on a white square plate,95.00,140.00,0.000
dish_1558029842,cantaloupe,22.78,67.00,Small portion of cooked sweet potato cubes on a white square plate,45.00,75.00,0.000
dish_1558029686,bacon,119.02,22.00,A white square plate containing cooked bacon strips arranged in a loose loop shape,155.00,28.00,1.000
dish_1558030182,potatoes,67.76,88.00,Roasted potato wedges on a white square plate,95.00,110.00,1.000
dish_1558030383,bacon,140.66,26.00,Single strip of cooked bacon on a white square plate,85.00,14.00,1.000
dish_1558030289,honeydew melons,38.52,107.00,Plate with diced cucumber pieces on a white square plate,24.00,120.00,0.000
dish_1558029923,bacon | yam | cantaloupe,279.55,200.00,"Plate with bacon strips, roasted sweet potato cubes, and cubed cantaloupe arranged in a face pattern on a light blue plate",310.00,285.00,0.500
dish_1558030832,yam,89.35,72.00,Plate of fried sweet potato cubes on a white square plate,180.00,120.00,0.000
dish_1558030910,bacon,81.15,15.00,Two strips of cooked bacon on a white square plate,85.00,28.00,1.000
dish_1558030435,honeydew melons | potatoes | bacon,246.94,221.00,"Breakfast plate with roasted potatoes, sautéed zucchini, and bacon strips",220.00,260.00,0.500
dish_1558030971,honeydew melons,17.64,49.00,Small portion of diced raw honeydew melon on a white square plate,15.00,60.00,1.000
dish_1558031237,cantaloupe,31.62,93.00,Small portion of diced cooked sweet potato on a white square plate,45.00,75.00,0.000
dish_1558031133,yam,136.51,110.00,Roasted sweet potato and what appears to be roasted meat or protein cubes on a white square plate,205.00,165.00,0.000
dish_1558031302,potatoes,56.98,74.00,"Roasted potato wedges on a white square plate, appears to be a simple preparation with minimal seasoning",95.00,110.00,1.000
dish_1558031526,yam,76.94,62.00,"Roasted sweet potato cubes on a white square plate, appears to be a small side portion or snack",45.00,60.00,0.000
dish_1558031566,bacon,140.66,26.00,Cooked bacon strips on a white square plate,120.00,28.00,1.000
dish_1558031628,cantaloupe,31.28,92.00,Plate of cubed cooked sweet potato or pumpkin pieces on a white square plate,85.00,140.00,0.000
dish_1558032156,bacon,140.66,26.00,Three strips of cooked bacon on a white square plate,105.00,21.00,1.000
dish_1558031675,yam | bacon | cantaloupe,248.88,180.00,"Plate with roasted sweet potato cubes, cooked sweet potato chunks, and bacon strips on a light blue plate",445.00,325.00,0.200
dish_1558109864,almonds,213.90,37.00,A white square plate containing roasted almonds on a scale or measurement device,163.00,28.00,1.000
dish_1558109907,grapes,43.47,63.00,A small white square plate containing a mix of red and green grapes,46.00,120.00,1.000
dish_1558110245,,29.07,51.00,Small bowl of fresh berries - red currants and blackberries on white plate,41.00,90.00,0.000
dish_1558110297,,29.07,51.00,Small bowl of fresh berries consisting of red currants and blackberries on a white plate,30.00,70.00,0.000
dish_1558109986,sausage,258.45,75.00,Small portion of roasted or fried chestnuts on a white square plate,105.00,55.00,0.000
dish_1558110335,bacon,37.87,7.00,Small portion of cooked bacon strips on a white disposable plate with minimal liquid/grease,120.00,28.00,1.000
dish_1558110385,eggs,52.87,34.00,"A small portion of scrambled eggs with what appears to be diced vegetables (possibly peppers) served in a white bowl on a white plate, placed on what looks like a 3D printer build platform",95.00,75.00,1.000
dish_1558110436,yam,85.63,69.00,"Sweet potato chunks in a white bowl with what appears to be a light sauce or liquid, placed on a 3D printer bed",110.00,180.00,0.000
dish_1558113154,grapes,37.26,54.00,"Small bowl of red grapes on a white plate, positioned on what appears to be a scientific or measurement apparatus",61.00,95.00,1.000
dish_1558113204,almonds,179.21,31.00,"A small white bowl containing roasted almonds on a white plate, placed on what appears to be a scale or measurement device",161.00,28.00,1.000
dish_1558110478,eggs | yam,205.44,161.00,"Breakfast plate with scrambled eggs, bacon, sweet potato, berries, and red peppers on a white square plate",460.00,305.00,0.250
dish_1558113255,cantaloupe,30.60,90.00,"A bowl of yogurt or milk-based dessert with diced orange/apricot pieces, appears to be served in a white bowl on a 3D printer bed",115.00,200.00,0.000
dish_1558113304,grapes | cantaloupe | almonds,247.07,175.00,"Snack plate with cubed cheese, red grapes, and almonds on a white square plate",480.00,170.00,0.500
dish_1558113477,almonds,289.05,50.00,A white bowl containing roasted almonds on a white plate/tray,245.00,42.00,1.000
dish_1558113430,,7.84,28.00,"Small bowl of fresh green leafy vegetables (appears to be spinach or similar greens) with orange/red pepper strips, placed on a white dish within what appears to be a scientific or testing apparatus",17.00,70.00,0.000
dish_1558113941,almonds,296.89,78.00,A light meal consisting of roasted almonds and fresh spinach leaves with red pepper strips on a white square plate,350.00,155.00,0.333
dish_1558114209,cantaloupe,30.60,90.00,"A small white bowl containing diced papaya or cantaloupe in what appears to be a yogurt or cream-based sauce, placed on a printer or device platform",80.00,135.00,0.500
dish_1558114145,grapes,57.27,83.00,"A white bowl containing red and green grapes, appears to be a light fruit snack or portion of fresh fruit",80.00,130.00,1.000
dish_1558114441,sausage,258.45,75.00,"A small white bowl containing approximately 7-8 chocolate-covered spherical candies or truffles, placed on a light-colored surface inside what appears to be a 3D printer or similar device",185.00,65.00,0.000
dish_1558114484,bacon,151.48,28.00,"Cooked bacon strips on a white paper plate, appearing to be placed inside a 3D printer or similar device",280.00,32.00,1.000
dish_1558114523,almonds,104.06,18.00,"A small white bowl containing almonds in milk or yogurt, placed on a white platform inside what appears to be a laboratory or measurement device",120.00,67.00,0.500
dish_1558114569,grapes,26.91,39.00,"A small bowl of yogurt or sour cream with red grapes, a green grape, and what appears to be pink food coloring or berries mixed in",123.00,160.00,0.500
dish_1558114937,,13.72,49.00,Small plate of raw spinach leaves with red pepper strips,17.00,60.00,0.000
dish_1558114609,sausage | almonds | bacon,540.90,160.00,"A charcuterie-style plate with cured meat, roasted vegetables, nuts, and fresh fruit arranged on a white square plate",445.00,255.00,0.400
dish_1558115169,bacon,151.48,28.00,"Cooked bacon strips on a white disposable plate, appears to be a single serving or snack portion",280.00,35.00,1.000
dish_1558115320,almonds,173.43,30.00,A small white bowl containing roasted almonds on a white plate/base mounted on what appears to be a scale or measurement device,164.00,28.00,1.000
dish_1558115011,almonds,115.62,20.00,"A white bowl containing almonds in milk with what appears to be food coloring or fruit pieces, placed on a wooden platform inside a dark frame structure",335.00,140.00,0.333
dish_1558115241,potatoes,85.47,111.00,"A white bowl containing cubed potatoes in what appears to be a cream-based sauce or dressing, placed on a light-colored surface inside what looks like a 3D printer or similar device",180.00,160.00,0.500
dish_1558115601,potatoes,85.47,111.00,"A white bowl containing cooked potato cubes, appears to be boiled or steamed potatoes with skin on",95.00,150.00,1.000
dish_1558115512,sausage,434.20,126.00,"A white bowl containing cooked sausage pieces, appears to be sliced smoked sausage or kielbasa",420.00,140.00,1.000
dish_1558115448,grapes,64.86,94.00,"A bowl of red and green grapes in what appears to be a yogurt or dairy base, photographed from above on a white plate against a light background",95.00,150.00,0.500
dish_1558115641,grapes | sausage | potatoes,584.53,331.00,"Plate with sliced sausage, roasted potatoes, and red grapes on a red plate",570.00,400.00,1.000
dish_1558115764,bacon,151.48,28.00,Cooked bacon strips on a white plate/bowl,280.00,40.00,1.000
dish_1558115825,grapes,42.78,62.00,A bowl of yogurt or sour cream with red and green grapes,173.00,255.00,0.500
dish_1558115867,almonds,132.96,23.00,A small white bowl containing roasted almonds on what appears to be a laboratory or testing scale platform,164.00,28.00,1.000
dish_1558115915,sausage,203.31,59.00,A small bowl containing approximately 4 roasted or cooked chestnuts with what appears to be a small amount of white cream or sauce on a white disposable plate/bowl,85.00,50.00,0.000
dish_1558115960,potatoes,39.27,51.00,A small bowl containing what appears to be yogurt or sour cream with cubed potato pieces,80.00,130.00,0.500
dish_1558116090,cantaloupe,30.94,91.00,A bowl of yogurt or sour cream with diced carrots on top,135.00,210.00,0.000
dish_1558116201,sausage,313.59,91.00,A white bowl containing approximately 10-11 fried donut holes or hushpuppies,380.00,110.00,0.000
dish_1558116146,grapes,76.59,111.00,"A bowl of red and green grapes, appears to be a fruit snack or light dessert",81.00,130.00,1.000
dish_1558116260,almonds,433.58,75.00,A white bowl containing roasted peanuts placed on what appears to be a 3D printer or similar device,375.00,65.00,0.000
dish_1558116001,almonds | grapes | sausage | bacon | potatoes,569.81,223.00,"Mixed protein and carbohydrate meal with processed meats, potatoes, grapes, and nuts on a red plate",655.00,360.00,1.000
dish_1558116436,bacon,91.97,17.00,A small bowl containing what appears to be yogurt or sour cream with two strips of cooked bacon on top,140.00,120.00,0.500
dish_1558116298,almonds | grapes | sausage,854.69,368.00,"A charcuterie/snack plate with grapes, cured meats, cheese, nuts, and crackers arranged on a red plate",885.00,345.00,0.600
dish_1558116486,grapes,39.33,57.00,"A small bowl of grapes in what appears to be yogurt or cream sauce, containing red and green grapes",92.00,130.00,0.500
dish_1558122583,potatoes,46.97,61.00,Roasted potato cubes in a white bowl with what appears to be a cream-based sauce or dip,180.00,170.00,0.500
dish_1558372525,almonds,242.80,42.00,A white bowl containing roasted almonds on a light-colored surface with black frame border,163.00,28.00,1.000
dish_1558372650,grapes,57.27,83.00,A small white bowl containing a mix of red and green grapes on what appears to be a scale or measurement device,64.00,123.00,1.000
dish_1558372695,sausage,148.18,43.00,A small white bowl containing approximately 5-6 pieces of what appears to be chocolate-covered or cocoa-dusted confections or truffles arranged on a white disposable plate,180.00,60.00,0.000
dish_1558372948,almonds,687.94,119.00,"A white bowl containing roasted/salted almonds, positioned on a wooden platform inside what appears to be a 3D printer or similar device",495.00,85.00,1.000
dish_1558373008,sausage,251.56,73.00,"Small bowl of roasted/cooked dates on a white plate, appears to be a snack or dessert portion",140.00,50.00,0.000
dish_1558373284,sausage,389.40,113.00,"A white bowl containing fried potato nuggets or croquettes, approximately 10-12 pieces",285.00,120.00,0.000
dish_1558373352,grapes,69.00,100.00,A bowl of mixed red and green grapes,136.00,210.00,1.000
dish_1558116399,,7.00,25.00,"Light salad with fresh greens and vegetables in a white bowl, appears to be a small portion served in what looks like a clinical or institutional setting",20.00,105.00,0.000
dish_1558373405,cantaloupe,13.60,40.00,Small portion of cooked carrots in a white bowl on what appears to be a 3D printer build platform,15.00,30.00,0.000
dish_1558373449,almonds,416.23,72.00,"A white bowl containing roasted almonds on a white platform with wooden slats, appears to be a single snack portion",164.00,28.00,1.000
dish_1558375667,almonds,687.94,119.00,A white bowl containing roasted almonds on a wooden base with metal frame,320.00,57.00,1.000
dish_1558373492,almonds | sausage | grapes,888.23,325.00,"A mixed snack platter on a red plate containing nuts, fresh fruit, and roasted potatoes",591.00,330.00,0.167
dish_1558373687,sausage,306.69,89.00,A white bowl containing approximately 6 chocolate truffles or similar round chocolate confections on what appears to be a kitchen scale or measurement surface.,280.00,60.00,0.000
dish_1558373639,,5.60,20.00,"A small bowl containing fresh green leafy vegetables, appears to be spinach or mixed greens with some red pepper pieces",14.00,55.00,0.000
dish_1558375732,grapes,45.54,66.00,"Small bowl of red and green grapes on a white plate, positioned on what appears to be a laboratory or measurement setup",45.00,110.00,1.000
dish_1558375833,sausage,317.03,92.00,"Small white bowl containing roasted or fried nuts, appears to be almonds or similar tree nuts, placed on what looks like a scale or measurement device",95.00,23.00,0.000
dish_1558375886,almonds | sausage,1050.51,277.00,"Light snack plate with mixed nuts, dried fruits, and what appears to be chocolate-covered items on a light blue plate",535.00,185.00,0.250
dish_1558376212,almonds,300.61,52.00,A white bowl containing roasted almonds on a scale or measurement platform,245.00,42.00,1.000
dish_1558376306,sausage,372.17,108.00,"A white bowl containing what appears to be chocolate-coated or dark-colored round food items, possibly chocolate truffles, donuts, or similar confections, placed on a white plate/scale setup",320.00,110.00,0.000
dish_1558376364,grapes,48.99,71.00,Small bowl of mixed grapes (red and green seedless varieties) served on a white disposable plate,57.00,90.00,1.000
dish_1558376437,cantaloupe,13.26,39.00,Small portion of diced carrots in a white bowl on what appears to be a 3D printer build platform,13.00,30.00,0.000
dish_1558376483,almonds | grapes | sausage,735.03,270.00,"A light snack/appetizer plate with mixed nuts, dried fruits, fresh grapes, and cheese cubes arranged on a light blue plate",550.00,185.00,0.400
dish_1558376801,,4.20,15.00,A small portion of mixed salad greens with red pepper strips served in a white bowl on a white plate,16.00,45.00,0.000
dish_1558376734,sausage,206.76,60.00,"A small white bowl containing what appears to be roasted or cooked root vegetables, possibly beets or similar dark root vegetables, placed on a white plate mounted on what looks like laboratory or medical equipment",45.00,85.00,0.000
dish_1558376874,almonds,335.30,58.00,A white bowl containing roasted almonds on a weighing scale platform,261.00,45.00,1.000
dish_1558378553,almonds,393.11,68.00,A white bowl containing roasted almonds on a white plate against a light background,320.00,55.00,1.000
dish_1558378516,grapes,92.46,134.00,A small white bowl containing a mixture of red and green grapes,64.00,105.00,1.000
dish_1558377105,sausage,389.40,113.00,A white bowl containing roasted or cooked chestnuts on a light-colored surface,245.00,120.00,0.000
dish_1558376938,grapes,51.06,74.00,Small white bowl containing red grapes on a light colored surface with dark frame border,52.00,85.00,1.000
dish_1558379128,grapes,36.57,53.00,Small bowl of grapes in milk or yogurt,67.00,140.00,0.500
dish_1558379273,sausage,227.44,66.00,Small plate with chocolate truffles or chocolate-covered confections,180.00,45.00,0.000
dish_1558379182,almonds,323.74,56.00,A white bowl containing roasted almonds placed on a wooden surface inside what appears to be a measurement or monitoring device,385.00,65.00,1.000
dish_1558378634,grapes | almonds | sausage,874.97,315.00,"Snack plate with dates, grapes, and almonds on a red plate",520.00,270.00,0.500
dish_1558379324,cantaloupe,16.32,48.00,Small bowl of yogurt with diced carrots,53.00,90.00,0.000
dish_1558379712,almonds,687.94,119.00,Bowl of roasted almonds on a white bowl placed on what appears to be a scale or measurement device,495.00,85.00,1.000
dish_1558379639,sausage,385.95,112.00,"Small white bowl containing cooked mushrooms, appears to be sautéed or roasted brown mushrooms",24.00,120.00,0.000
dish_1558379391,sausage | almonds | grapes,604.06,223.00,"A snack plate containing roasted potatoes, cheese cubes, grapes, almonds, and what appears to be meatballs or similar protein",465.00,280.00,0.333
dish_1558380014,grapes,92.46,134.00,A small white bowl containing red and green grapes on what appears to be a laboratory or measurement device,57.00,95.00,1.000
dish_1558380058,almonds,208.12,36.00,A white bowl containing roasted almonds on a white plate/board with mounting hardware visible in the background,280.00,45.00,1.000
dish_1558380464,almonds,277.49,48.00,A small white bowl containing roasted almonds on a white plate/scale surface,164.00,28.00,1.000
dish_1558380414,grapes,35.88,52.00,"A small white bowl containing red and green grapes in what appears to be milk or yogurt, placed on a wooden platform inside what looks like a scientific or laboratory apparatus",55.00,92.00,0.500
dish_1558380527,sausage,385.95,112.00,"Small white bowl containing roasted or cooked meat pieces, appears to be chicken or similar protein, placed on a scale or measurement device",245.00,140.00,0.000
dish_1558380804,,7.56,27.00,"A small white bowl containing what appears to be sautéed green beans with red peppers or carrots, placed on a wooden board mounted on a white panel",34.00,95.00,0.000
dish_1558380557,grapes | almonds | sausage,699.32,212.00,"Mixed nuts and dried fruits on a red plate, appearing to be a snack or appetizer portion",475.00,150.00,0.500
dish_1558381032,almonds,115.62,20.00,A small white bowl containing roasted almonds on a weighing scale platform,195.00,32.00,1.000
dish_1558381084,grapes,36.57,53.00,"A small white bowl containing a mixture of red and green grapes on what appears to be a white plate or surface, positioned on a light-colored backing board within a dark frame.",49.00,84.00,1.000
dish_1558381665,broccoli,17.85,51.00,A small white bowl containing steamed broccoli florets,45.00,95.00,1.000
dish_1558381143,sausage,182.64,53.00,"Small plate with roasted root vegetables, appears to be beets and possibly potatoes or other tubers",60.00,105.00,0.000
dish_1558381206,grapes | almonds | sausage,342.39,153.00,"Light snack plate with nuts, grapes, sautéed mushrooms, and leafy greens on a red plate",298.00,238.00,0.400
dish_1558381708,green beans,16.43,53.00,"A single plate containing steamed or boiled green beans arranged on a white plate, placed on what appears to be a scale or measurement device",45.00,120.00,1.000
dish_1558381819,tomatoes,22.10,65.00,"Small bowl of cherry tomatoes, appears to be a light snack or appetizer",27.00,150.00,1.000
dish_1558381742,,78.20,68.00,"Small bowl of dark red beans (appears to be kidney beans or similar) on a white plate, placed on a wooden surface inside what looks like a 3D printer or similar device",95.00,75.00,0.000
dish_1558381943,spinach (raw),13.80,60.00,Raw fresh spinach leaves in a red bowl,13.00,50.00,1.000
dish_1558381840,chicken,113.85,69.00,"Small bowl of diced/cubed cooked chicken breast, appears to be a light protein portion",95.00,75.00,1.000
dish_1558382263,chicken | avocado | tomatoes | broccoli,356.63,425.00,"Mixed green salad with grilled chicken, avocado, cherry tomatoes, and cheese on a white plate",445.00,475.00,0.429
dish_1558457415,sweet potato,60.80,80.00,"A small plate of fried potato pieces served on a white disposable plate, appearing to be homemade fried potatoes or chips",185.00,85.00,1.000
dish_1558457468,cantaloupe,23.80,70.00,"Small portion of diced orange vegetables (likely sweet potato or pumpkin) in a white bowl with clear liquid or light sauce, appears to be a minimalist preparation or possibly a test/sample portion",28.00,170.00,0.000
dish_1558457530,cauliflower,16.00,64.00,"A simple meal consisting of boiled potatoes and what appears to be corn or hominy, served on a white disposable plate",110.00,170.00,0.000
dish_1558381860,avocado,94.40,59.00,Three cooked potato wedges or potato slices on a white disposable plate,95.00,120.00,0.000
dish_1558457577,eggs,172.60,111.00,A single bowl of mixed vegetables with what appears to be potato salad or similar starch-based dish with vegetables,185.00,220.00,0.000
dish_1558458438,spinach (raw),3.22,14.00,Small portion of fresh raw spinach leaves in a white bowl on a scale or measurement device,8.00,35.00,1.000
dish_1558458496,grapes,53.13,77.00,Small bowl of mixed grapes (red and green varieties),50.00,80.00,1.000
dish_1558458541,almonds,294.83,51.00,"A white bowl containing roasted almonds on a white plate/backing, appears to be a snack or nutritional assessment portion",285.00,32.00,1.000
dish_1558457665,cantaloupe | sweet potato | eggs | cauliflower,273.20,325.00,"Mixed vegetable and protein meal with roasted/fried potatoes, cauliflower, carrots, and what appears to be egg or protein-based items on a white square plate",295.00,325.00,0.600
dish_1558458903,almonds,115.62,20.00,A small white paper bowl containing roasted almonds on what appears to be a scale or measurement device,161.00,28.00,1.000
dish_1558458584,grapes | almonds,351.18,142.00,"A balanced plate containing red grapes, fresh spinach leaves, and roasted almonds served on a white square plate",430.00,250.00,0.667
dish_1558458737,white rice,41.60,32.00,"A white bowl containing what appears to be mashed potatoes or cauliflower mash, placed on a wooden platform inside what looks like a 3D printer or experimental equipment",45.00,60.00,0.000
dish_1558458847,apple,74.36,143.00,"Single medium apple on a white plate, appears to be a whole fruit serving",95.00,182.00,1.000
dish_1558459059,grapes,28.98,42.00,"Small portion of grapes on a white disposable plate, appears to be a snack or side item",35.00,65.00,1.000
dish_1558459020,cherry tomatoes,10.98,61.00,Small portion of cherry tomatoes in a white disposable bowl on what appears to be a scale or measurement platform,21.00,120.00,1.000
dish_1558459276,white rice,102.70,79.00,"A white bowl containing what appears to be mashed potatoes or cauliflower mash with a creamy white base and some brown/tan colored pieces mixed throughout, placed on what looks like a 3D printer build plate",185.00,220.00,0.000
dish_1558459115,almonds | apple | white rice | grapes,271.54,298.00,"Light snack plate with fresh fruit, nuts, and what appears to be cottage cheese or ricotta",390.00,402.00,0.600
dish_1558459395,almonds,208.12,36.00,"A small white bowl containing roasted peanuts, placed on a scale or measurement platform",205.00,35.00,0.000
dish_1558459462,grapes,58.65,85.00,Small bowl of grapes with one green grape and multiple red grapes on a white plate placed on what appears to be a scale or measuring device,54.00,90.00,1.000
dish_1558459528,cherry tomatoes,11.52,64.00,Small white bowl containing cherry tomatoes on what appears to be a scale or measurement device,15.00,100.00,1.000
dish_1558459602,spinach (raw),2.07,9.00,Small portion of fresh leafy greens (appears to be spinach or similar raw leafy vegetable) in a white bowl on what appears to be a hydroponic or growing system,8.00,35.00,1.000
dish_1558459664,white rice | almonds | grapes,383.06,273.00,"A balanced plate with protein, carbohydrates, healthy fats, and vegetables including almonds, grapes, tomatoes, rice, and leafy greens",662.00,505.00,0.600
dish_1558459994,grapes,25.53,37.00,Small bowl of red grapes on white plate against light background,45.00,75.00,1.000
dish_1558459945,apple,73.84,142.00,Single medium apple in a white bowl on a scale or measurement platform,95.00,182.00,1.000
dish_1558460061,grapes,40.71,59.00,A white bowl containing roasted almonds on what appears to be a scale or measurement platform,320.00,55.00,0.000
dish_1558460138,cherry tomatoes,10.08,56.00,Small portion of cherry tomatoes in a white bowl on what appears to be a 3D printer build plate,15.00,85.00,1.000
dish_1558460205,spinach (raw),1.84,8.00,A small portion of fresh green leafy vegetables (appears to be arugula or mixed greens) in a white bowl on what looks like a hydroponic or indoor growing system,8.00,25.00,0.000
dish_1558461431,spinach (raw),1.15,5.00,Small portion of fresh green leafy vegetables (appears to be spinach or similar greens) in a white bowl on what looks like a hydroponic or growing system setup,8.00,25.00,1.000
dish_1558460908,apple | grapes | cherry tomatoes,152.00,302.00,"Healthy snack plate with fresh fruit, vegetables, nuts, and leafy greens on a light blue plate",607.00,335.00,0.400
dish_1558461607,grapes,87.63,127.00,A small white bowl containing red grapes and green grapes on what appears to be a laboratory or testing platform,60.00,100.00,1.000
dish_1558461692,almonds,231.24,40.00,"A white bowl containing roasted almonds, placed on a wooden and white platform inside what appears to be a measurement or calibration device",207.00,35.00,1.000
dish_1558461760,cherry tomatoes,10.98,61.00,"Small white bowl containing approximately 5-6 cherry tomatoes in water or clear liquid, placed on a white platform inside what appears to be laboratory or testing equipment",27.00,250.00,0.500
dish_1558462106,grapes,25.53,37.00,"Small bowl of red grapes on white plate, appears to be a light snack or fruit portion",45.00,100.00,1.000
dish_1558462036,spinach (raw),2.99,13.00,Small portion of fresh raw spinach leaves in a white bowl on what appears to be a hydroponic or experimental growing setup,7.00,25.00,1.000
dish_1558461792,grapes | almonds,331.00,233.00,"Light snack plate with fresh vegetables, nuts, and fresh herbs on a light blue plate",297.00,290.00,0.500
dish_1558462228,white rice,22.10,17.00,A small portion of what appears to be mashed potatoes or a similar starchy side dish in a white bowl on a wooden board within a frame,45.00,60.00,0.000
dish_1558463362,cherry tomatoes,20.88,116.00,Small white bowl containing cherry tomatoes on a laboratory or measurement scale setup,32.00,160.00,1.000
dish_1558462531,cherry tomatoes,12.96,72.00,"Small portion of cherry tomatoes on a white disposable plate, placed on what appears to be a 3D printer or similar equipment",18.00,100.00,1.000
dish_1558463113,white rice | grapes | cherry tomatoes,63.58,139.00,"Light salad plate with fresh spinach, cherry tomatoes, red grapes, and crumbled white cheese",117.00,215.00,0.400
dish_1558463429,grapes,42.09,61.00,"Small bowl of red grapes, appears to be a light snack or fruit portion",34.00,80.00,1.000
dish_1558463562,almonds,369.98,64.00,A white bowl containing roasted almonds on a scale or measurement platform,378.00,65.00,1.000
dish_1558463690,grapes | almonds,432.95,241.00,Light snack plate with roasted almonds and cherry tomatoes in red and orange varieties,575.00,365.00,0.333
dish_1558468285,,12.32,44.00,Mixed green salad with dark leafy greens and lighter lettuces on a red plate,15.00,80.00,0.000
dish_1558468401,avocado,75.20,47.00,Two pickled gherkin/dill pickle spears on a white square plate,16.00,63.00,0.000
dish_1558468435,broccoli,28.00,80.00,A white square plate containing steamed or boiled broccoli florets,55.00,150.00,1.000
dish_1558468547,squash,6.97,34.00,"A small portion of what appears to be fried shrimp or breaded seafood on a white square plate, garnished with herbs",87.00,51.00,0.000
dish_1558468589,mushroom,12.10,55.00,"A white square plate containing approximately 15-16 brown spherical food items, appearing to be chocolate truffles or similar confections, arranged on a white plate placed on what looks like a digital scale.",720.00,180.00,0.000
dish_1558468632,chicken,169.95,103.00,Cubed tofu or similar protein on a white square plate,180.00,220.00,0.000
dish_1558468494,squash,15.79,77.00,"A plate of cooked zucchini slices with herbs, appearing to be sautéed or roasted",92.00,156.00,0.000
dish_1558544427,eggs,160.16,103.00,Scrambled eggs with diced carrots on a white square plate,195.00,125.00,0.500
dish_1558544663,oatmeal,141.44,208.00,"A single bowl of cooked oatmeal or porridge with a lumpy, coarse texture",180.00,220.00,1.000
dish_1558544482,,38.19,67.00,A minimalist plated dessert featuring fresh berries (red currants and blackberries) arranged on a white square plate with what appears to be a light sauce or reduction,31.00,55.00,0.000
dish_1558468731,avocado | chicken | broccoli | squash,320.33,440.00,"Mixed green salad with roasted vegetables, legumes, and leafy greens in a white bowl",212.00,277.00,0.000
dish_1558544870,eggs,198.35,170.00,"Breakfast plate with scrambled eggs, hash browns, and mixed berries on a white square plate",420.00,295.00,0.500
dish_1558545738,apple,73.84,142.00,"Single apple on white plate, appears to be a minimal meal or snack setup in what looks like a food photography or research environment",95.00,182.00,1.000
dish_1558546558,almonds,254.36,44.00,A white square plate containing roasted almonds on a white background with visible mounting hardware,285.00,45.00,1.000
dish_1558546434,spinach (raw),2.53,11.00,A small portion of fresh raw spinach leaves on a white square plate,7.00,25.00,1.000
dish_1558547008,potatoes,73.92,96.00,Roasted potato wedges on a white square plate,95.00,120.00,1.000
dish_1558546918,white rice,70.20,54.00,A single serving of what appears to be cauliflower rice or finely chopped cauliflower on a white square plate,35.00,150.00,1.000
dish_1558546663,almonds | apple,330.73,197.00,"Light snack plate with fresh greens, fruit, and nuts",347.00,190.00,0.667
dish_1558547068,spinach (raw),2.53,11.00,"Small portion of raw green leafy vegetables, appears to be a salad green mixture on a white square plate",8.00,40.00,0.000
dish_1558547124,almonds,144.53,25.00,A small white square plate containing roasted almonds,165.00,30.00,1.000
dish_1558548666,white rice,97.50,75.00,A single portion of cooked white rice served on a white square plate,195.00,150.00,1.000
dish_1558549008,cherry tomatoes,20.70,115.00,Small white square plate containing approximately 12 cherry tomatoes,55.00,180.00,1.000
dish_1558548958,spinach (raw),2.30,10.00,A small portion of raw leafy greens (appears to be spinach or similar lettuce) on a white square plate,5.00,15.00,1.000
dish_1558549086,potatoes,73.15,95.00,"Roasted potato cubes on a white square plate, appears to be a side dish or snack portion",95.00,120.00,1.000
dish_1558549150,grapes,45.54,66.00,Small portion of red and green grapes on a white square plate,44.00,70.00,1.000
dish_1558549413,almonds,682.16,118.00,A white square bowl containing roasted almonds on a scale or measurement device,495.00,85.00,1.000
dish_1558549214,white rice | potatoes | cherry tomatoes | grapes,239.19,361.00,"A balanced meal plate with white rice, roasted potatoes, cherry tomatoes, spinach, and red grapes on a red plate",463.00,565.00,0.800
dish_1558549773,spinach (raw),2.30,10.00,Small portion of mixed green vegetables on a white square plate,12.00,40.00,1.000
dish_1558549605,white rice,97.50,75.00,"A single serving of cooked white rice on a white square plate, appears to be plain steamed or boiled rice",195.00,150.00,1.000
dish_1558547205,potatoes | almonds | white rice,291.17,186.00,"A balanced meal plate with white rice, green vegetables, roasted potatoes, and what appears to be roasted nuts or legumes",518.00,370.00,0.750
dish_1558550127,almonds,127.18,22.00,Small portion of roasted almonds on a white square plate,135.00,23.00,1.000
dish_1558549806,almonds | white rice,781.96,203.00,"A protein and carbohydrate-focused meal consisting of roasted almonds, white rice, fresh spinach leaves, and garnish on a red plate",808.00,240.00,0.667
dish_1558550181,grapes,28.98,42.00,Small portion of red grapes on a white square plate,45.00,75.00,1.000
dish_1558550079,apple,73.84,142.00,Single apple on a white plate,52.00,100.00,1.000
dish_1558628339,bacon,70.33,13.00,Single fried shrimp on a white square plate,45.00,18.00,0.000
dish_1558550218,almonds | grapes | apple,230.00,206.00,"Light snack plate with raw almonds, grapes, and an apple on a white plate",347.00,230.00,1.000
dish_1558628711,yam | sweet potato,129.06,129.00,Roasted root vegetables consisting of diced potatoes and sweet potatoes on a white square plate,100.00,155.00,0.500
dish_1558628515,,31.92,56.00,A small white square plate containing a mix of fresh berries - red raspberries and dark blackberries arranged on a plain background,56.00,90.00,
dish_1558628888,eggs,111.96,72.00,Scrambled eggs on a white square plate,180.00,90.00,1.000
dish_1558628760,yam | sweet potato | bacon,231.31,198.00,"Breakfast plate with bacon, roasted potatoes, and fresh berries arranged in a heart shape",450.00,380.00,0.667
dish_1558628921,carrot,24.60,60.00,"A white square plate containing sliced red bell peppers, appears to be a side vegetable dish or snack",32.00,150.00,0.000
dish_1558629013,,26.40,80.00,"Fresh strawberries, sliced and whole, on a white square plate",27.00,100.00,
dish_1558629444,almonds,225.46,39.00,A white square plate containing roasted almonds,205.00,35.00,1.000
dish_1558629041,eggs | carrot | garden salad,172.00,226.00,"Balanced plate meal with scrambled eggs, fresh vegetables (strawberries, spinach, bell peppers, carrots), served on a white square plate",258.00,350.00,0.400
dish_1558628956,garden salad,9.04,14.00,Light salad with fresh spinach leaves and julienned carrots on a white square plate,19.00,55.00,0.000
dish_1558629398,tomatoes,21.76,64.00,Small portion of fresh cherry tomatoes on a white square plate,15.00,100.00,1.000
dish_1558629488,cauliflower,16.00,64.00,Small portion of cauliflower florets on a white square plate,25.00,80.00,1.000
dish_1558629578,cauliflower,22.50,90.00,White square plate containing cooked cauliflower florets with what appears to be a small piece of red pepper or carrot,53.00,135.00,0.500
dish_1558629517,cauliflower | tomatoes | almonds,263.22,167.00,"Light meal consisting of roasted almonds, cherry tomatoes, and cauliflower florets on a light blue plate",245.00,190.00,1.000
dish_1558629644,,4.20,15.00,"Small mixed green salad with dark leafy greens and light greens on a white square plate, appears to be a starter or light side portion",20.00,100.00,0.000
dish_1558629677,apple,73.84,142.00,Single medium apple on a white plate,95.00,182.00,1.000
dish_1558629878,apple,73.84,142.00,"Single medium red apple on a white plate, appears to be a light/minimal meal or snack",95.00,182.00,1.000
dish_1558629818,almonds,156.09,27.00,A white square plate containing a portion of roasted almonds,164.00,28.00,1.000
dish_1558629715,apple | cauliflower,100.54,247.00,"Light salad meal with fresh vegetables, cauliflower, and an apple on a light blue plate",130.00,300.00,0.667
dish_1558630006,grapes,51.75,75.00,A white square plate containing red/dark grapes and one green grape on a wooden surface,88.00,135.00,1.000
dish_1558630176,apple,73.84,142.00,Single medium red apple on a white plate,95.00,182.00,1.000
dish_1558630038,cauliflower,12.75,51.00,"Small portion of cooked cauliflower on a white square plate, appears to be steamed or boiled",21.00,85.00,1.000
dish_1558630207,almonds,670.60,116.00,A white square plate containing roasted almonds,495.00,85.00,1.000
dish_1558630072,apple | almonds | grapes,294.43,295.00,Light snack plate with fresh produce and nuts on a light blue plate,405.00,397.00,0.750
dish_1558630288,garden salad,7.11,11.00,"Mixed green salad with lettuce and red/purple leafy greens on a white square plate, appears to be an undressed or lightly dressed salad",14.00,60.00,0.000
dish_1558630488,cantaloupe,29.92,88.00,Plate of cooked sweet potato cubes,95.00,150.00,0.000
dish_1558630450,grapes,86.25,125.00,A white square plate containing red and green grapes on what appears to be a kitchen scale or light box,107.00,150.00,1.000
dish_1558630325,apple | almonds,751.54,269.00,"Light meal with almonds, mixed salad greens, and a fresh apple on a light blue plate",587.00,225.00,0.667
dish_1558630600,apple,73.84,142.00,"Single medium apple on a white plate, appears to be a red/pink variety with yellow undertones",95.00,182.00,1.000
dish_1558630737,cauliflower,22.25,89.00,"A plate of cooked cauliflower florets on a white square plate, appears to be steamed or boiled",45.00,150.00,1.000
dish_1558630814,almonds,196.55,34.00,A small white square plate containing roasted almonds,195.00,35.00,1.000
dish_1558630649,cantaloupe | grapes | apple,190.01,355.00,"A light fruit plate consisting of red grapes, cubed cantaloupe/melon, and a whole apple on a light blue plate",190.00,387.00,1.000
dish_1558631825,corn on the cob,118.83,112.00,"Two halves of corn on the cob, kernels removed, served on a white square plate",35.00,120.00,1.000
dish_1558630867,apple,73.84,142.00,"Single red apple on a white square plate, appears to be a minimalist or light meal presentation",95.00,182.00,1.000
dish_1558630932,apple | cauliflower | almonds,292.64,265.00,"Light snack plate with raw vegetables, nuts, and fruit on a red plate",282.00,210.00,1.000
dish_1558631872,cherry tomatoes,16.02,89.00,"Small white square plate containing cherry tomatoes, appears to be a light snack or appetizer portion",55.00,165.00,1.000
dish_1558631904,apple,80.08,154.00,Single medium apple on a white plate,95.00,182.00,1.000
dish_1558632080,corn on the cob,72.15,68.00,"Half of a corn cob on a white square plate, appearing to be part of a minimal or experimental meal setup",18.00,35.00,1.000
dish_1558631932,apple | corn on the cob | cherry tomatoes,214.93,355.00,"A light meal consisting of fresh produce arranged on a red plate, including corn, tomatoes, and an apple",172.00,410.00,1.000
dish_1558632130,cantaloupe,33.66,99.00,"Sweet potato chunks on a white plate, appears to be a single vegetable side dish or snack",65.00,100.00,0.000
dish_1558632198,garden salad,16.80,26.00,Mixed green salad with dark leafy greens on a white square plate,20.00,75.00,0.000
dish_1558632475,corn on the cob,118.83,112.00,Two halves of corn on the cob on a white plate,140.00,240.00,1.000
dish_1558632233,garden salad | corn on the cob | cantaloupe,122.60,193.00,"Light meal consisting of mixed greens salad, roasted sweet potato cubes, and corn on the cob served on a red plate",145.00,230.00,0.200
dish_1558632445,almonds,526.07,91.00,A white square bowl filled with roasted almonds on a digital scale,495.00,85.00,1.000
dish_1558632921,apple,80.60,155.00,Single medium apple on a white plate,95.00,182.00,1.000
dish_1558632799,corn on the cob,20.16,19.00,"Single ear of corn on a white square plate, appears to be a minimalist presentation",77.00,102.00,1.000
dish_1558632959,cherry tomatoes,16.02,89.00,"A small white square plate containing cherry tomatoes, appears to be a light appetizer or side dish",55.00,200.00,1.000
dish_1558632990,cauliflower,25.25,101.00,Plate of cooked cauliflower florets,65.00,200.00,1.000
dish_1558633158,carrot,34.85,85.00,"Plate of cooked carrot slices, appears to be steamed or boiled",35.00,85.00,1.000
dish_1558635400,cauliflower,25.00,100.00,"Plate of cooked cauliflower florets, appears to be steamed or boiled",45.00,200.00,1.000
dish_1558635489,corn on the cob,78.51,74.00,"Two halves of corn on the cob, kernels removed, served on a white square plate",35.00,120.00,1.000
dish_1558633221,corn on the cob | cherry tomatoes | apple | cauliflower | carrot,176.88,449.00,"Raw vegetable plate with fresh produce including apple, cauliflower, tomatoes, and carrots on a red plate",143.00,420.00,1.000
dish_1558635523,white rice,55.90,43.00,"A single portion of cooked white rice on a white square plate, appears to be a light meal or side dish",195.00,150.00,1.000
dish_1558635546,apple,60.84,117.00,"Single red apple on a white square plate, appears to be a light snack or meal component",95.00,182.00,1.000
dish_1558635865,corn on the cob,20.16,19.00,Half of a corn cob (likely boiled or steamed) on a white square plate,35.00,65.00,1.000
dish_1558635933,cantaloupe,33.32,98.00,"Plate of cooked carrots, cut into various stick and chunk shapes",35.00,80.00,0.000
dish_1558635618,corn on the cob | apple | white rice | cauliflower,220.25,334.00,"A light meal consisting of raw vegetables and fruit arranged on a red plate, including corn, cauliflower, diced onions, and an apple",205.00,490.00,0.600
dish_1558635962,almonds,52.03,9.00,A small white square plate containing roasted almonds on a wooden surface,163.00,28.00,1.000
dish_1558636388,cauliflower,24.00,96.00,Small portion of cooked cauliflower florets on a white square plate,35.00,85.00,1.000
dish_1558636483,apple,80.08,154.00,"Single medium apple on a white plate, appears to be a red/pink variety",95.00,182.00,1.000
dish_1558635994,grapes,93.84,136.00,A small white square plate containing red and green grapes arranged in a circular pattern on what appears to be a kitchen scale or measurement device,60.00,93.00,1.000
dish_1558636028,grapes | corn on the cob | cantaloupe,199.35,262.00,Light snack plate with fresh fruits and nuts on a red plate,433.00,380.00,0.750
dish_1558636514,cherry tomatoes,16.02,89.00,"A small white square plate containing cherry tomatoes arranged on a white background, photographed from above",55.00,180.00,1.000
dish_1558636544,almonds,410.45,71.00,A white square plate containing roasted almonds,249.00,42.00,1.000
dish_1558636763,apple,60.84,117.00,"Single medium apple on a white square plate, appears to be a whole fruit",95.00,182.00,1.000
dish_1558636813,grapes,60.72,88.00,"Small plate of red and green grapes, appears to be a light snack or fruit portion",44.00,70.00,1.000
dish_1558636582,apple | almonds,530.55,410.00,"A light, nutrient-dense meal on a light blue plate consisting of fresh produce, nuts, and vegetables arranged in sections",619.00,514.00,0.500
dish_1558636868,almonds,46.25,8.00,A small white square plate containing roasted almonds,160.00,28.00,1.000
dish_1558636902,carrot,38.95,95.00,"A small white square plate containing what appears to be cooked baby carrots, likely steamed or boiled",35.00,85.00,1.000
dish_1558636928,cherry tomatoes,16.02,89.00,Small plate of cherry tomatoes arranged in a circle pattern on a white square plate,27.00,150.00,1.000
dish_1558637214,grapes,11.04,16.00,Small plate of fresh red grapes,52.00,85.00,1.000
dish_1558637247,corn on the cob,117.77,111.00,Two halves of corn on the cob on a white square plate,140.00,200.00,1.000
dish_1558636980,apple | grapes | carrot | cherry tomatoes,222.78,397.00,"Healthy snack plate with fresh fruit, dried fruit, and nuts on a red plate",700.00,612.00,0.500
dish_1558637393,almonds,739.97,128.00,A white square bowl containing roasted almonds on a scale or measurement surface,495.00,85.00,1.000
dish_1558637351,apple,80.08,154.00,"Single apple on a white plate, appearing to be a whole or nearly whole medium-sized apple",95.00,182.00,1.000
dish_1558637423,corn on the cob | apple | almonds,948.86,409.00,"Light snack plate with nuts, fresh fruit, and corn arranged artistically on a light blue plate",700.00,350.00,0.750
dish_1558637769,apple,80.08,154.00,Single red apple on a white plate,95.00,182.00,1.000
dish_1558637865,corn on the cob,71.09,67.00,Single half of corn on the cob on a white square plate,35.00,50.00,1.000
dish_1558637698,cauliflower,12.25,49.00,"A small portion of cooked cauliflower on a white square plate, appears to be steamed or boiled",21.00,85.00,1.000
dish_1558637896,grapes,84.87,123.00,Small portion of red and green grapes on a white square plate,50.00,78.00,1.000
dish_1558638163,carrot,40.59,99.00,A white square plate containing cheese puffs or similar fried snack food,185.00,35.00,0.000
dish_1558637932,corn on the cob | apple | grapes,248.29,393.00,"A light, healthy meal composed of fresh raw vegetables and fruits arranged on a light blue plate",187.00,380.00,0.750
dish_1558638216,white rice,55.90,43.00,"A white square bowl containing cooked white rice, photographed from above on what appears to be a scale or measurement device",206.00,150.00,1.000
dish_1558638137,apple,60.84,117.00,Single medium apple on a white plate,95.00,182.00,1.000
dish_1558638844,apple,80.08,154.00,Single medium red apple on a white square plate,95.00,182.00,1.000
dish_1558638292,cantaloupe | apple | white rice | carrot,190.31,356.00,"A plate containing white rice, roasted root vegetables (sweet potato and carrots), a tomato, and red bell pepper strips",390.00,530.00,0.286
dish_1558638896,cherry tomatoes,22.68,126.00,"Small plate of cherry tomatoes, appears to be a light appetizer or snack portion",45.00,200.00,1.000
dish_1558638924,cauliflower,6.25,25.00,Small portion of cooked cauliflower on a white square plate,18.00,50.00,1.000
dish_1558638954,grapes,89.01,129.00,"A white square plate containing red grapes arranged in a circular pattern and green grapes clustered to the side, presented on a light background",110.00,168.00,1.000
dish_1558638983,corn on the cob,59.42,56.00,"Single corn cob (kernel removed) on a white square plate, appears to be part of a nutrition or clinical assessment setup",12.00,45.00,1.000
dish_1558639089,grapes,19.32,28.00,A small white square plate containing red and green grapes,50.00,89.00,1.000
dish_1558639012,cherry tomatoes | corn on the cob | apple | grapes,257.44,490.00,"Light vegetable and fruit plate with raw vegetables, fresh fruits, and cauliflower arranged on a light blue plate",192.00,560.00,0.800
dish_1558639138,carrot,22.14,54.00,"Small plate of cooked carrots, appears to be steamed or boiled baby carrots",35.00,80.00,1.000
dish_1558639167,apple,80.08,154.00,"Single medium red apple on a white square plate, appears to be a light/minimal meal or snack",95.00,182.00,1.000
dish_1558639221,cauliflower,24.50,98.00,"A small portion of cooked cauliflower on a white square plate, appearing to be steamed or boiled",35.00,85.00,1.000
dish_1558639266,corn on the cob,30.77,29.00,A single ear of corn (cross-section) on a white square plate,35.00,60.00,1.000
dish_1558639306,carrot,40.59,99.00,A small portion of cooked carrot slices on a white square plate,35.00,85.00,1.000
dish_1558639195,grapes | carrot | corn on the cob | apple,238.25,346.00,"A light, colorful plate featuring fresh and cooked vegetables with fruits, arranged on a light blue plate",230.00,415.00,1.000
dish_1558639335,apple,60.32,116.00,Single red apple on a white square plate against a white wooden background,95.00,182.00,1.000
dish_1558639362,cauliflower | apple | carrot | corn on the cob,156.18,342.00,"Raw vegetable plate with fresh produce including cauliflower, carrots, corn, and apple on a red plate",199.00,415.00,1.000
dish_1558639412,cantaloupe,32.98,97.00,"A plate of raw carrot sticks, appears to be a vegetable snack or appetizer",35.00,85.00,0.000
dish_1558639482,corn on the cob,30.77,29.00,Single ear of corn on a white square plate,77.00,102.00,1.000
dish_1558639440,apple,60.32,116.00,"Single medium apple on a white square plate, appears to be a red/pink variety with yellow undertones",95.00,182.00,1.000
dish_1558639526,carrot,31.98,78.00,Small portion of cooked carrots arranged on a white square plate,35.00,85.00,1.000
dish_1558639588,almonds,121.40,21.00,A white square plate containing roasted almonds on a white wooden surface,285.00,35.00,1.000
dish_1558639630,corn on the cob,116.71,110.00,Two halves of corn on the cob on a white square plate,140.00,200.00,1.000
dish_1558639662,cherry tomatoes,16.02,89.00,A white square plate containing approximately 12-14 cherry tomatoes arranged on a wooden surface,32.00,180.00,1.000
dish_1558639555,cantaloupe | corn on the cob | carrot | apple,156.05,320.00,Light meal consisting of fresh fruits and cooked vegetables on a red plate,320.00,427.00,0.333
dish_1558639673,cherry tomatoes,16.02,89.00,Small plate with cherry tomatoes arranged in a smiley face pattern,55.00,150.00,1.000
dish_1558639787,cauliflower,24.75,99.00,Cooked cauliflower florets on a white square plate,68.00,170.00,1.000
dish_1558639752,corn on the cob | cherry tomatoes | almonds,254.13,220.00,"Light snack plate with almonds, cherry tomatoes, and corn on the cob halves",450.00,355.00,1.000
dish_1558639683,cherry tomatoes,16.02,89.00,Small plate with cherry tomatoes arranged in a smiley face pattern,55.00,150.00,1.000
dish_1558639818,cantaloupe,20.06,59.00,Plate of cooked carrot chunks on a white square plate,35.00,85.00,0.000
dish_1558639949,cantaloupe,21.76,64.00,Sliced cheese (appears to be cheddar) arranged on a white square plate,280.00,80.00,0.000
dish_1558639907,cherry tomatoes,10.44,58.00,Small white square plate containing whole cherry tomatoes arranged on a white surface,27.00,150.00,1.000
dish_1558639876,carrot | cantaloupe | cauliflower,68.18,215.00,"Light meal consisting of processed meat products, potatoes, and cauliflower served on a red plate",545.00,380.00,0.200
dish_1558639849,carrot,23.37,57.00,Small portion of sliced cooked carrots on a white square plate,28.00,70.00,1.000
dish_1558639979,almonds,520.29,90.00,A white square plate containing roasted almonds as a single-item snack or side,495.00,85.00,1.000
dish_1558640008,almonds,552.49,212.00,"A light snack plate with fresh tomatoes, roasted peanuts, and cheddar cheese cubes on a red plate",565.00,210.00,0.000
dish_1558640074,apple,60.32,116.00,Single medium apple on a white square plate,95.00,182.00,1.000
dish_1558640105,corn on the cob,77.45,73.00,"Two halves of corn on the cob, kernels removed, served on a white square plate",35.00,120.00,1.000
dish_1558640190,cantaloupe,19.72,58.00,Cooked sweet potato cubes on a white plate,95.00,120.00,0.000
dish_1558640238,cherry tomatoes,22.68,126.00,A white square plate containing approximately 12-13 cherry tomatoes arranged in a circular pattern on a light background,44.00,200.00,1.000
dish_1558640145,carrot | apple | corn on the cob,177.95,287.00,"Light vegetable plate with raw and cooked vegetables including sliced carrots, corn, and an apple on a light blue plate",207.00,362.00,1.000
dish_1558640039,carrot,40.18,98.00,"A small white square plate containing cooked carrot pieces, appearing to be steamed or boiled carrots cut into chunks and slices",35.00,85.00,1.000
dish_1558640267,grapes,63.48,92.00,A small white square plate containing red and green grapes,57.00,95.00,1.000
dish_1558640294,cantaloupe | cherry tomatoes,42.40,184.00,Light fruit plate consisting of grapes in various colors and papaya slices on a light blue plate,175.00,312.00,0.000
dish_1558640418,carrot,14.35,35.00,A small white square bowl containing sliced cooked carrots on a white wooden surface,35.00,85.00,1.000
dish_1558640311,grapes | cantaloupe | cherry tomatoes,105.88,276.00,Light fruit plate with fresh grapes and papaya chunks served on a light blue plate,165.00,303.00,0.250
dish_1558640373,cherry tomatoes | grapes | cantaloupe,105.88,276.00,"Light fruit platter with red and green grapes, papaya chunks, and what appears to be raisins",205.00,317.00,0.200
dish_1558640450,apple,80.08,154.00,Single medium apple on a white square plate,95.00,182.00,1.000
dish_1558640563,cherry tomatoes,4.14,23.00,A white square plate containing four cherry tomatoes on what appears to be a kitchen scale or measurement device,14.00,120.00,1.000
dish_1558640477,corn on the cob,59.42,56.00,A single cooked yellow squash ring (likely yellow summer squash) served on a white square plate,12.00,60.00,0.000
dish_1558640513,carrot | apple | corn on the cob,153.85,245.00,A plate of raw fruits and vegetables arranged to form a face-like composition on a red plate,95.00,195.00,1.000
dish_1558640593,apple,60.32,116.00,"Single medium apple on a white square plate, appears to be a red/pink variety with some yellow coloring",95.00,182.00,1.000
dish_1558640604,apple,60.84,117.00,"Single medium apple on a white square plate, appears to be a red/pink variety apple",95.00,182.00,1.000
dish_1558640614,apple,60.32,116.00,"Single medium apple on a white square plate, appears to be a red/pink variety apple",95.00,182.00,1.000
dish_1558640671,cantaloupe,32.30,95.00,Sliced sweet potato pieces on a white square plate,95.00,130.00,0.000
dish_1558640748,cauliflower,14.50,58.00,A small portion of cooked cauliflower on a white square plate,28.00,110.00,1.000
dish_1558640781,apple,80.08,154.00,"Single red apple on a white plate, appears to be a whole medium-sized apple",95.00,182.00,1.000
dish_1558640705,apple | cantaloupe,96.76,234.00,"Simple meal with roasted vegetables on a red plate consisting of sweet potato, onion, cherry tomatoes, and what appears to be roasted or boiled potatoes",209.00,370.00,0.000
dish_1558640808,carrot,10.66,26.00,Sliced cooked carrots on a white square plate,35.00,85.00,1.000
dish_1558640917,cauliflower,5.25,21.00,Small portion of cooked cauliflower florets on a white square plate,24.00,85.00,1.000
dish_1558640849,apple | cauliflower | carrot,105.24,238.00,"Light vegetable meal consisting of raw cauliflower florets, sliced carrots, and a whole apple on a light blue plate",132.00,315.00,1.000
dish_1558640941,carrot,21.73,53.00,Small portion of cooked carrots on a white square plate,23.00,50.00,1.000
dish_1558640882,cantaloupe,32.30,95.00,Plate of sliced cooked sweet potato pieces,85.00,120.00,0.000
dish_1558641037,apple,60.84,117.00,Single red apple on a white square plate,95.00,182.00,1.000
dish_1558641075,cherry tomatoes,12.42,69.00,Small plate with cherry tomatoes arranged in a cross pattern,30.00,150.00,1.000
dish_1558640979,cantaloupe | cauliflower | carrot,59.28,169.00,"Light meal with popcorn, sweet potato wedges, and what appears to be plantain chips on a red plate",235.00,152.00,0.000
dish_1558641007,carrot,23.37,57.00,Small portion of cooked carrots on a white square plate,18.00,35.00,1.000
dish_1558641164,apple,80.08,154.00,Single medium apple on a white plate,95.00,182.00,1.000
dish_1558641108,cherry tomatoes | apple | carrot,96.63,243.00,"Light snack plate with fresh produce including one apple, cherry tomatoes, and carrot slices on a light blue plate",157.00,417.00,1.000
dish_1558641211,carrot,3.28,8.00,Red bell peppers on a white square plate with what appears to be a small amount of another ingredient,63.00,135.00,0.500
dish_1558641253,corn on the cob,116.71,110.00,Two halves of corn on the cob on a white plate,140.00,180.00,1.000
dish_1558641200,carrot,3.28,8.00,"A white square plate containing red bell peppers and what appear to be small orange/red spherical items (possibly cherry tomatoes or peppercorns), placed in what looks like a 3D printer or food scanner device",53.00,140.00,0.000
dish_1558641287,cherry tomatoes,11.52,64.00,Small white square plate containing approximately 8-9 cherry tomatoes,27.00,150.00,1.000
dish_1558641358,cauliflower,24.25,97.00,Cooked cauliflower florets on a white square plate,45.00,120.00,1.000
dish_1558641391,cantaloupe,19.72,58.00,A white square plate containing sliced cantaloupe melon pieces,42.00,140.00,1.000
dish_1558641320,apple | corn on the cob | cherry tomatoes,211.59,336.00,"A light vegetable and fruit plate arranged on a light blue plate, featuring fresh produce with minimal preparation",173.00,420.00,0.750
dish_1558641416,corn on the cob,59.42,56.00,Single corn cob (likely a corn kernels remnant or stripped corn) on a white square plate,12.00,30.00,1.000
dish_1558641442,cauliflower | cantaloupe | corn on the cob,103.39,211.00,"Light vegetable plate with cauliflower, corn, sweet potato, and cheese cubes on a red plate",172.00,218.00,0.400
dish_1558641926,apple,80.08,154.00,Single red apple on a white plate,72.00,150.00,1.000
dish_1558641897,corn on the cob,116.71,110.00,Two halves of corn on the cob on a white square plate,140.00,220.00,1.000
dish_1558641954,cherry tomatoes,18.36,102.00,Small portion of cherry tomatoes on a white square plate,27.00,150.00,1.000
dish_1558641989,cauliflower,13.75,55.00,A small portion of cooked cauliflower florets on a white square plate,35.00,85.00,1.000
dish_1558642089,carrot,39.36,96.00,A white bowl containing sliced and whole cooked carrots on what appears to be a kitchen scale or measurement device,35.00,85.00,1.000
dish_1558642420,carrot,38.95,95.00,"A white square plate containing sliced carrots, appears to be raw or lightly cooked",37.00,85.00,1.000
dish_1558642021,apple | corn on the cob | cherry tomatoes | cauliflower,228.90,421.00,"Light meal consisting of fresh produce including one apple, cherry tomatoes, corn, and cashews on a light blue plate",361.00,440.00,0.600
dish_1558642458,cauliflower,23.00,92.00,"Cooked cauliflower florets on a white square plate, appears to be steamed or boiled preparation",35.00,120.00,1.000
dish_1558642490,carrot | cauliflower,61.95,187.00,A light meal consisting of sliced carrots and cauliflower florets served on a light blue plate,63.00,195.00,1.000
dish_1558717604,apple,73.84,142.00,Single medium apple on a white square plate,95.00,182.00,1.000
dish_1558717886,apple,73.84,142.00,Single medium apple on a white plate,95.00,182.00,1.000
dish_1558718009,cantaloupe,25.84,76.00,A white square plate containing baked or fried potato wedges/sticks arranged on a light wooden surface,185.00,110.00,0.000
dish_1558718051,cauliflower,24.25,97.00,Steamed cauliflower florets on a white square plate with a small piece of red pepper,51.00,135.00,1.000
dish_1558718587,cauliflower,10.25,41.00,A small portion of cooked cauliflower on a white square plate,22.00,85.00,1.000
dish_1558718088,apple | corn on the cob | cantaloupe | cauliflower,219.42,405.00,"Light, colorful meal on a red plate containing raw vegetables and fresh fruit",211.00,365.00,0.600
dish_1558718610,corn on the cob,113.53,107.00,"Two halved corn cobs on a white square plate, appears to be a minimal preparation or possibly part of a nutrition study/clinical assessment",28.00,110.00,1.000
dish_1558718680,almonds,132.96,23.00,A small white square bowl containing roasted almonds on a white wooden surface,165.00,30.00,1.000
dish_1558718974,almonds,422.01,73.00,A white square plate containing roasted almonds,391.00,65.00,1.000
dish_1558718649,cantaloupe,25.84,76.00,"A white square plate containing cooked carrot pieces, appears to be steamed or boiled carrots",35.00,85.00,0.000
dish_1558719040,cantaloupe,31.96,94.00,"White square plate with cut orange pieces arranged on a light background, appears to be a single vegetable side dish or snack",35.00,85.00,0.000
dish_1558718906,corn on the cob | cantaloupe | almonds,282.58,247.00,"Balanced meal with vegetables, legumes, and protein sources arranged on a red plate",445.00,320.00,0.167
dish_1558719097,cherry tomatoes,19.26,107.00,"Small plate of fresh cherry tomatoes, appears to be a light snack or appetizer",32.00,160.00,1.000
dish_1558719066,apple,73.84,142.00,"Single medium red apple on a white square plate, appears to be part of a portion size/food measurement study",95.00,182.00,1.000
dish_1558719298,almonds,265.93,46.00,A white square bowl containing roasted almonds on a white wooden surface,207.00,35.00,1.000
dish_1558719336,cauliflower,24.25,97.00,Cooked cauliflower florets on a white square plate,45.00,120.00,1.000
dish_1558719145,cantaloupe | almonds | apple,547.07,416.00,"Healthy snack plate with fresh fruit, nuts, and cheese on a red plate",625.00,447.00,0.400
dish_1558719377,apple,73.84,142.00,"Single red apple on a white plate, appears to be a light snack or part of a meal",95.00,182.00,1.000
dish_1558719401,corn on the cob,51.99,49.00,Single yellow bell pepper half on a white plate,15.00,75.00,0.000
dish_1558719570,apple,74.36,143.00,Single red apple on a white square plate against a dark background,95.00,182.00,1.000
dish_1558719994,almonds,768.87,133.00,A white square bowl containing roasted almonds on a white wooden surface,495.00,85.00,1.000
dish_1558720097,carrot,30.34,74.00,A white square plate containing sliced cooked carrots,35.00,85.00,1.000
dish_1558719514,almonds | apple | corn on the cob | cauliflower,433.29,430.00,"A light, nutrient-dense meal featuring raw and cooked vegetables, fresh fruit, nuts, and corn on a light blue plate",562.00,689.00,0.800
dish_1558720335,cantaloupe,15.64,46.00,Small portion of cooked carrots on a white square plate,25.00,60.00,0.000
dish_1558720133,cauliflower,14.25,57.00,Small portion of cooked cauliflower florets on a white square plate,28.00,85.00,1.000
dish_1558720289,cauliflower,20.00,80.00,A plate of steamed or boiled dumplings/potstickers on a white square plate,180.00,150.00,0.000
dish_1558720236,apple | almonds,887.82,407.00,"Light snack plate with roasted carrots, raw cauliflower, almonds, and an apple on a light blue plate",420.00,395.00,0.500
dish_1558720364,apple,73.84,142.00,Single medium apple on a white square plate,95.00,182.00,1.000
dish_1558720396,corn on the cob,95.49,90.00,"Two halves of corn on the cob, freshly cut, displayed on a white square plate",140.00,200.00,1.000
dish_1558721272,carrot,29.52,72.00,A white square plate containing roasted or fried carrots with what appears to be a glaze or seasoning,95.00,180.00,1.000
dish_1558721323,cantaloupe,31.62,93.00,A plate of cooked sweet potato wedges on a white square plate,95.00,120.00,0.000
dish_1558721345,cauliflower,19.50,78.00,Plate of cooked cauliflower florets on a white square plate,45.00,120.00,1.000
dish_1558721380,cherry tomatoes,19.26,107.00,A white square plate containing fresh cherry tomatoes arranged in two groups,27.00,150.00,1.000
dish_1558721484,cherry tomatoes,11.16,62.00,Small portion of cherry tomatoes on a white square plate,12.00,60.00,1.000
dish_1558721434,cherry tomatoes | carrot | cauliflower | cantaloupe,99.90,350.00,"A vegetable platter with raw cauliflower, cherry tomatoes, sliced carrots, and cubed sweet potato on a light blue plate",132.00,390.00,0.600
dish_1558721559,carrot,37.72,92.00,A white diamond-shaped plate containing sliced cooked carrots on a white wooden surface with black frame,35.00,85.00,1.000
dish_1558721587,corn on the cob,95.49,90.00,"Two halves of a yellow bell pepper on a white square plate, appears to be raw or possibly roasted",66.00,200.00,0.000
dish_1558721669,cauliflower,24.25,97.00,A white square plate containing roasted or steamed cauliflower florets,30.00,120.00,1.000
dish_1558721700,cantaloupe,19.04,56.00,"A plate of cooked carrot pieces arranged to show numbers, appearing to be a creative presentation of steamed or boiled carrots",35.00,85.00,0.000
dish_1558721636,carrot | corn on the cob | cantaloupe | cherry tomatoes,163.07,299.00,"A plate of raw, freshly cut vegetables including carrots, okra, and cherry tomatoes arranged on a white square plate",97.00,235.00,0.333
dish_1558721533,cantaloupe,18.70,55.00,Small portion of cooked carrots on a white square plate,35.00,85.00,0.000
dish_1558721726,apple,74.36,143.00,"Single medium red apple on a white square plate, appears to be a light snack or part of a nutritional assessment",95.00,182.00,1.000
dish_1558721757,almonds,768.87,133.00,A white square plate containing roasted almonds,520.00,75.00,1.000
dish_1558721904,apple,74.36,143.00,Single medium apple on a white square plate,95.00,182.00,1.000
dish_1558721931,cauliflower,13.25,53.00,A plate with cooked cauliflower florets of varying sizes on a white diamond-shaped plate,28.00,110.00,1.000
dish_1558721827,apple | almonds,886.52,429.00,"Healthy snack plate with nuts, fresh fruit, and vegetables on a light blue plate",790.00,427.00,0.500
dish_1558721959,cherry tomatoes,11.16,62.00,Small white square bowl containing cherry tomatoes on what appears to be a kitchen scale or platform,15.00,100.00,1.000
dish_1558721980,cantaloupe,26.86,79.00,"A small white square plate containing cut orange-colored root vegetable pieces, appears to be cooked sweet potato or carrot",35.00,60.00,0.000
dish_1558722068,almonds,179.21,31.00,A small white square bowl containing roasted almonds on a white wooden surface,165.00,28.00,1.000
dish_1558722125,almonds,497.17,86.00,A white square plate containing roasted almonds arranged on a scale or measurement device,495.00,85.00,1.000
dish_1558722103,apple | cantaloupe | almonds,304.84,368.00,"Healthy snack plate with fresh produce, nuts, and vegetables arranged on a light blue plate",325.00,320.00,0.333
dish_1558722207,apple,83.20,160.00,Single red apple on a white square plate against a white wooden background,95.00,182.00,1.000
dish_1558722171,cauliflower,24.25,97.00,A small portion of cooked cauliflower florets on a white square plate,35.00,85.00,1.000
dish_1558722322,carrot,37.72,92.00,A white square plate containing what appears to be sweet potato or carrot fries/chips,95.00,85.00,1.000
dish_1558722398,apple,83.72,161.00,Single medium apple on a white plate,95.00,182.00,1.000
dish_1558722370,cauliflower,19.75,79.00,A plate of cooked cauliflower florets served on a white square plate,45.00,150.00,1.000
dish_1558722247,almonds | apple,604.62,343.00,"Light snack plate with fresh fruit, nuts, and raw cauliflower florets on a light blue plate",640.00,377.00,0.667
dish_1558722434,cherry tomatoes,8.46,47.00,"Small white square plate containing approximately 4-5 cherry tomatoes, appears to be a minimal snack or appetizer portion",14.00,100.00,1.000
dish_1558722636,carrot,30.75,75.00,A white diamond-shaped plate containing sliced cooked carrots,35.00,90.00,1.000
dish_1558722665,cauliflower,15.00,60.00,A small white bowl containing cooked cauliflower florets on a white wooden surface,35.00,85.00,1.000
dish_1558722707,cherry tomatoes,19.26,107.00,Small plate of fresh cherry tomatoes,45.00,150.00,1.000
dish_1558722473,cherry tomatoes | cauliflower | apple | carrot,149.65,379.00,A light snack plate with fresh vegetables and fruit on a red plate,157.00,445.00,1.000
dish_1558722685,cantaloupe,25.84,76.00,Cooked carrot pieces on a white square plate,35.00,85.00,0.000
dish_1558722871,cauliflower,15.00,60.00,Small portion of cooked cauliflower on a white square plate placed on a scale,35.00,85.00,1.000
dish_1558722842,cherry tomatoes,10.44,58.00,Small plate with cherry tomatoes,15.00,100.00,1.000
dish_1558722748,corn on the cob,51.99,49.00,Single ear of corn on a white square plate,77.00,102.00,1.000
dish_1558722883,cauliflower,15.00,60.00,Small portion of cooked cauliflower on a white square plate,18.00,60.00,1.000
dish_1558722931,almonds,439.36,76.00,A white square plate containing roasted almonds,261.00,45.00,1.000
dish_1558722780,cauliflower | carrot | corn on the cob | cantaloupe | cherry tomatoes,142.84,367.00,"Vegetable platter on red plate containing raw and cooked vegetables with corn, tomatoes, squash, cauliflower, and carrots",198.00,615.00,0.571
dish_1558722906,corn on the cob,95.49,90.00,"Two halves of corn on the cob on a white square plate, appears to be cooked/boiled",140.00,240.00,1.000
dish_1558723073,cherry tomatoes,16.20,90.00,Small portion of cherry tomatoes on a white square plate,27.00,150.00,1.000
dish_1558722968,almonds | corn on the cob,560.29,284.00,"Mixed vegetable and protein snack plate with almonds, fresh tomatoes, mozzarella, and corn",515.00,310.00,0.500
dish_1558723096,cauliflower,16.50,66.00,Small portion of roasted or boiled cauliflower florets on a white square plate,28.00,70.00,1.000
dish_1558723123,corn on the cob,51.99,49.00,Single ear of corn on a white plate,77.00,102.00,1.000
dish_1558723047,cantaloupe,31.62,93.00,A white square plate containing cubed and sliced cooked carrots,35.00,85.00,0.000
dish_1558723414,corn on the cob,51.99,49.00,Single ear of corn on a white plate against a dark background,77.00,102.00,1.000
dish_1558723449,apple,74.36,143.00,Single medium apple on a white square plate,95.00,182.00,1.000
dish_1558723512,carrot,15.99,39.00,A small white square bowl containing sliced cooked carrots,35.00,85.00,1.000
dish_1558723537,cauliflower,14.50,58.00,"Small portion of cauliflower florets on a white square plate, appears to be raw or lightly cooked",25.00,85.00,1.000
dish_1558723475,cantaloupe,22.78,67.00,Small portion of cooked carrot pieces on a white square plate,28.00,70.00,0.000
dish_1558723671,carrot,38.13,93.00,Plate of sliced cooked carrots on a white square plate,45.00,120.00,1.000
dish_1558723568,cantaloupe | corn on the cob | carrot | cauliflower | apple,179.62,356.00,"A light vegetable plate with fresh produce including a whole apple, corn, cauliflower, and sliced carrots and sweet potato on a red plate",191.00,365.00,0.667
dish_1558723695,corn on the cob,95.49,90.00,"Two halves of corn on the cob, deseeded and cooked, served on a white square plate",35.00,120.00,1.000
dish_1558723719,almonds,231.24,40.00,A small white square plate containing roasted almonds,135.00,23.00,1.000
dish_1558723639,cauliflower,10.25,41.00,Small portion of cooked cauliflower florets on a white diamond-shaped plate,35.00,85.00,1.000
dish_1558723777,apple,74.36,143.00,"Single red apple on a white square plate, appears to be a minimal meal or snack",95.00,182.00,1.000
dish_1558723818,corn on the cob,113.53,107.00,Two halves of corn on the cob on a white square plate,140.00,180.00,1.000
dish_1558723742,carrot | almonds | corn on the cob,375.11,264.00,Light meal/snack plate with raw vegetables and nuts on a red plate,203.00,208.00,0.750
dish_1558723847,almonds,554.98,96.00,A white square plate containing roasted almonds,495.00,85.00,1.000
dish_1558723866,cauliflower,14.75,59.00,"Small portion of cauliflower, appears to be roasted or steamed, served on a white square plate",25.00,85.00,1.000
dish_1558723960,cauliflower,13.00,52.00,Three florets of cooked cauliflower on a white square plate,18.00,60.00,1.000
dish_1558723894,almonds | corn on the cob | apple,757.61,405.00,"Mixed raw vegetables and nuts on a white square plate, including corn, apple, almonds, and cauliflower",467.00,340.00,0.750
dish_1558723982,almonds,294.83,51.00,Small portion of roasted almonds on a white diamond-shaped plate placed on a digital kitchen scale,195.00,35.00,1.000
dish_1558723926,cherry tomatoes,19.26,107.00,Small white square plate containing cherry tomatoes,27.00,150.00,1.000
dish_1558724005,cantaloupe,31.62,93.00,A white square plate containing sliced and diced cooked carrots arranged on a white background,35.00,85.00,0.000
dish_1558724574,brussels sprouts,50.74,118.00,"Roasted Brussels sprouts on a white square plate, appearing to be seasoned and cooked until golden brown",85.00,150.00,1.000
dish_1558724607,honeydew melons,54.72,152.00,Small portion of fresh cucumber chunks on a white square plate,32.00,120.00,0.000
dish_1558724633,broccoli,32.90,94.00,Raw broccoli florets arranged on a white diamond-shaped plate,55.00,120.00,1.000
dish_1558724689,cauliflower,19.75,79.00,A small portion of cooked cauliflower served on a white square plate,45.00,120.00,1.000
dish_1558724658,brussels sprouts | honeydew melons | broccoli,138.36,364.00,"Vegetable plate with roasted brussels sprouts, steamed broccoli florets, and diced zucchini on a red plate",180.00,380.00,0.500
dish_1558724031,cherry tomatoes | cantaloupe | almonds,358.71,303.00,"A colorful snack plate with fresh vegetables, fruit, nuts, and cauliflower arranged on a red plate",280.00,420.00,0.400
dish_1558724723,broccoli,39.20,112.00,Steamed or raw broccoli florets served on a white square plate,52.00,130.00,1.000
dish_1558724766,apple,83.72,161.00,Single medium apple on a white square plate,95.00,182.00,1.000
dish_1558724853,brussels sprouts,50.74,118.00,Roasted Brussels sprouts served on a white square plate,85.00,150.00,1.000
dish_1558724799,cauliflower | apple | broccoli,142.67,352.00,"Light vegetable meal with fresh produce on a red plate consisting of raw broccoli florets, cauliflower florets, and a whole apple",124.00,355.00,1.000
dish_1558724912,carrot,30.75,75.00,A white square plate containing sliced cooked carrots,35.00,85.00,1.000
dish_1558724891,apple,83.72,161.00,"Single red apple on a white square plate, appears to be a whole medium-sized apple",95.00,182.00,1.000
dish_1558724992,almonds,456.70,79.00,A white square plate containing roasted almonds,408.00,65.00,1.000
dish_1558724932,almonds,416.23,72.00,A small white square plate containing roasted almonds on a white wooden surface with a black frame border,164.00,28.00,1.000
dish_1558725049,brussels sprouts,43.00,100.00,"Roasted brussels sprouts on a white square plate, appears to be a vegetable side dish",85.00,150.00,1.000
dish_1558724959,brussels sprouts | carrot | almonds | apple,581.44,426.00,"Healthy snack/side dish plate with roasted vegetables, nuts, and fresh fruit on a red plate",455.00,470.00,1.000
dish_1558725085,honeydew melons,54.36,151.00,A white square plate containing chopped raw cucumber pieces on a wooden surface,45.00,150.00,0.000
dish_1558725193,almonds,763.09,132.00,A white square plate containing roasted almonds,520.00,75.00,1.000
dish_1558725112,almonds | brussels sprouts | honeydew melons,554.06,330.00,"A light snack plate with roasted nuts, fresh melon cubes, and roasted Brussels sprouts on a light blue plate",450.00,325.00,1.000
dish_1558725226,cauliflower,19.75,79.00,A small white square plate containing cooked cauliflower florets of varying sizes,35.00,85.00,1.000
dish_1558725253,broccoli,33.95,97.00,A white square plate containing steamed or raw broccoli florets,42.00,120.00,1.000
dish_1558725353,brussels sprouts,40.42,94.00,Roasted Brussels sprouts served on a white square plate,85.00,150.00,1.000
dish_1558725286,almonds,816.79,308.00,"A balanced plate with roasted almonds, raw cauliflower, and steamed broccoli on a light blue plate",610.00,370.00,0.333
dish_1558725403,almonds,289.05,50.00,A white square plate containing roasted almonds on a wooden surface,164.00,28.00,1.000
dish_1558725576,cauliflower,19.75,79.00,Cooked cauliflower florets served on a white square plate,45.00,120.00,1.000
dish_1558725702,brussels sprouts,50.31,117.00,Roasted Brussels sprouts on a white square plate,95.00,150.00,1.000
dish_1558725760,apple,83.72,161.00,Single red apple on a white plate against a light background,95.00,182.00,1.000
dish_1558725734,carrot,30.75,75.00,"A white square plate containing baby carrots, appears to be a raw vegetable snack or side dish",35.00,85.00,1.000
dish_1558725621,brussels sprouts | almonds | cauliflower,349.22,223.00,"A balanced vegetable and protein plate featuring roasted brussels sprouts, raw cauliflower, roasted red peppers, almonds, and what appears to be a small jalapeño pepper on a light blue plate",490.00,440.00,0.600
dish_1558725786,corn on the cob,113.53,107.00,"Two halves of corn on the cob on a white square plate, appears to be boiled or steamed",140.00,240.00,1.000
dish_1559059924,bacon,108.20,20.00,Bacon strips arranged in a cross/X pattern on a white square plate,280.00,35.00,1.000
dish_1559059954,bacon,108.20,20.00,Bacon strips arranged in a cross/plus pattern on a white square plate,280.00,40.00,1.000
dish_1558725829,brussels sprouts | carrot | corn on the cob | apple,278.31,460.00,"A light vegetable and fruit meal arranged on a light blue plate, consisting of roasted Brussels sprouts, sliced carrots, corn on the cob halves, and an apple",320.00,525.00,1.000
dish_1559059992,sweet potato,71.44,94.00,Small portion of what appears to be fried or roasted potato cubes on a white square plate,95.00,75.00,1.000
dish_1559060055,,26.73,81.00,Small plate with sliced fresh strawberries,27.00,100.00,
dish_1559061675,watermelon,24.90,83.00,Diced red tomato pieces arranged on a white square plate,18.00,110.00,0.000
dish_1559061752,eggs,192.82,124.00,Scrambled eggs with diced tomatoes or peppers on a white square plate,195.00,130.00,0.500
dish_1559060106,bacon | sweet potato,206.37,195.00,"Breakfast plate with bacon, roasted potatoes, and fresh strawberries",263.00,235.00,1.000
dish_1559062005,turkey bacon,113.91,30.00,A white square plate containing what appears to be two cooked red peppers or similar red vegetables arranged on the plate,45.00,120.00,0.000
dish_1559062051,sweet potato,56.24,74.00,Roasted potato cubes on a white square plate,95.00,110.00,1.000
dish_1559149615,bacon,124.43,23.00,Bacon strips arranged on a white square plate,280.00,45.00,1.000
dish_1559149650,carrot,26.24,64.00,A small plate of roasted or cooked carrot pieces served on a white square plate,42.00,85.00,1.000
dish_1559149688,eggs,281.45,181.00,Scrambled eggs served on a white square plate,180.00,100.00,1.000
dish_1559062082,watermelon | eggs | turkey bacon | sweet potato,387.87,311.00,"Breakfast plate with scrambled eggs, bacon, roasted potatoes, and fresh watermelon",485.00,350.00,1.000
dish_1559149719,bacon | carrot | eggs,432.12,268.00,"Breakfast plate with scrambled eggs, bacon strips, and roasted sweet potato slices",495.00,255.00,0.500
dish_1559157454,arugula,34.56,28.00,"Small salad bowl with mixed greens, arugula, and blueberries on a white square plate",26.00,60.00,1.000
dish_1559157777,spinach (raw),2.53,11.00,"Small portion of fresh green leafy vegetables, appears to be spinach or similar greens on a white square plate",8.00,25.00,1.000
dish_1559158354,broccoli,21.00,60.00,Small portion of raw broccoli florets on a white square plate,28.00,100.00,1.000
dish_1559158263,arugula,40.74,33.00,Mixed green salad with leafy vegetables and what appears to be black seeds or garnish on a white square plate,23.00,65.00,0.500
dish_1559157919,spinach (raw) | arugula,37.09,39.00,Small green salad with mixed leafy greens and what appears to be microgreens or sprouts with some dark berries or garnish on a white plate,24.00,85.00,0.250
dish_1559158425,spinach (raw),2.99,13.00,"Small side dish of fresh green leafy vegetables, appears to be microgreens or young spinach/arugula leaves in a white square bowl",8.00,25.00,1.000
dish_1559172356,brown rice | salmon,313.10,176.00,This is not a meal photo. The image shows an electronic device (appears to be a motion sensor or similar component) mounted on a wooden board inside a black frame. No food items are visible.,0.00,,0.000
dish_1559233102,scrambled eggs,183.52,124.00,A single serving of scrambled eggs on a white square plate,180.00,100.00,1.000
dish_1559233055,garden salad,25.19,39.00,"A light salad plate featuring fresh spinach leaves with julienned carrots, cherry tomatoes, and what appears to be a light dressing or moisture on the greens",40.00,140.00,0.000
dish_1559232986,bacon,189.35,35.00,"Cooked bacon strips on a white square plate, consisting of approximately 3-4 strips of varying doneness levels",245.00,28.00,1.000
dish_1559233445,pineapple,24.50,49.00,A single piece of what appears to be butter or margarine on a white square plate,81.00,9.00,0.000
dish_1559233144,garden salad | scrambled eggs | bacon,398.06,198.00,"Breakfast plate with scrambled eggs, bacon strips, and a side salad with mixed greens and shredded carrots",455.00,250.00,0.500
dish_1559233570,,16.83,51.00,"A small white square plate containing fresh strawberry pieces cut into wedges, appearing to be a light snack or dessert portion",24.00,100.00,0.000
dish_1559233715,sweet potato,83.60,110.00,A light meal consisting of sautéed mushrooms and roasted potatoes on a white diamond-shaped plate,110.00,180.00,0.500
dish_1559233627,bacon,64.92,12.00,Two strips of cooked bacon arranged in a smile/arc pattern on a white square plate,80.00,16.00,1.000
dish_1559235639,,33.99,103.00,A small white square plate containing sliced fresh strawberries,32.00,100.00,
dish_1559233756,bacon | sweet potato | pineapple,189.85,222.00,"A light breakfast or brunch plate featuring fresh fruit, cheese, processed meat, and roasted potatoes on a white diamond-shaped plate",471.00,395.00,0.750
dish_1559235690,eggs,172.60,111.00,A single serving of scrambled eggs on a white square plate,185.00,100.00,1.000
dish_1559235815,cream cheese | bagels | eggs,352.40,268.00,"Breakfast plate with a bagel with cream cheese, scrambled eggs, and fresh strawberries",490.00,275.00,0.667
dish_1559235771,cream cheese | bagels,145.80,54.00,Open-faced sandwich with toasted bread and spread on a white square plate,175.00,65.00,0.333
dish_1559238435,pears,115.54,202.00,Single green pear on a white square plate,101.00,182.00,1.000
dish_1559238481,,59.69,127.00,Single medium orange on a white square plate,62.00,154.00,0.000
dish_1559238566,,62.13,109.00,A small plate with fresh strawberries and blueberries arranged decoratively on a white square plate,36.00,130.00,
dish_1559238993,,61.56,108.00,Light fruit plate with sliced strawberries and blueberries arranged on a white square plate,44.00,130.00,
dish_1559238608,pears,237.36,438.00,"Light fruit plate consisting of a whole green apple, whole small orange/mandarin, sliced strawberries, and blueberries arranged on a light blue plate",128.00,313.00,0.000
dish_1559239151,spinach (raw),9.20,40.00,A fresh green salad with spinach leaves and shredded carrots served on a white square plate,20.00,70.00,0.500
dish_1559239753,carrot,26.55,54.00,Small portion of cooked red bell peppers on a white square plate,35.00,85.00,0.000
dish_1559239912,,60.16,128.00,Single medium orange on a white square plate,79.00,150.00,
dish_1559239369,spinach (raw),130.92,276.00,"A light, fresh meal consisting of a spinach salad with shredded carrots, fresh berries, and citrus fruit on a light blue plate",94.00,250.00,0.500
dish_1559239256,,60.16,128.00,"A single medium orange on a white square plate with some residue marks, placed on a white wooden surface",62.00,154.00,
dish_1559239985,pears,116.12,203.00,Single green apple on a white plate,95.00,180.00,0.000
dish_1559240256,broccoli,18.90,54.00,"Three small broccoli florets on a white square plate, appearing to be raw or lightly cooked",32.00,80.00,1.000
dish_1559240441,,19.47,59.00,"Small plate with fresh strawberry pieces, appears to be a light snack or dessert portion",24.00,60.00,
dish_1559240089,carrot | pears,202.82,385.00,Light snack plate with sliced red peppers and two whole fruits (orange and green apple),123.00,400.00,0.000
dish_1559240382,carrot,20.65,42.00,A small white square plate containing sliced red peppers on a wooden surface,24.00,85.00,0.000
dish_1559240875,pears,116.12,203.00,Single green apple on a white square plate,95.00,180.00,0.000
dish_1559240510,cauliflower | carrot | broccoli,73.52,213.00,"A light, colorful plate with raw vegetables and cauliflower florets arranged on a light blue plate",142.00,380.00,0.500
dish_1559240908,,60.16,128.00,"Single medium orange on a white square plate, appears to be a minimalist meal or snack",62.00,154.00,0.000
dish_1559240987,carrot,25.07,51.00,"A plate of roasted or fried carrot strips, appearing to be a vegetable side dish or snack",95.00,120.00,1.000
dish_1559241099,carrot | pears,201.35,382.00,Light snack consisting of two whole fruits and a small portion of dried fruit on a red plate,168.00,260.00,0.000
dish_1559242155,pears,116.12,203.00,Single green apple on a white plate,52.00,120.00,0.000
dish_1559242221,almonds,659.03,114.00,A white square plate containing roasted almonds,385.00,65.00,1.000
dish_1559242568,pears,116.12,203.00,"Single green apple on a white square plate, appears to be a minimal meal or snack",52.00,120.00,0.000
dish_1559242066,carrot,26.05,53.00,A small white square plate containing roasted or fried carrot pieces,45.00,65.00,1.000
dish_1559243704,pears,116.12,203.00,Single green apple on a white plate,95.00,180.00,0.000
dish_1559243139,carrot,26.05,53.00,A small white square bowl containing cooked carrots - a mix of cut pieces and whole baby carrots on what appears to be a white surface with some residue,35.00,85.00,1.000
dish_1559243887,almonds,289.05,50.00,A white square plate containing roasted almonds on a scale or measurement device,285.00,32.00,1.000
dish_1559244305,chickpeas,113.07,64.00,A small portion of chickpeas with diced red peppers on a white square plate,146.00,130.00,0.500
dish_1559243974,almonds | pears,431.22,306.00,"A light snack plate featuring a green apple, sliced carrots, and almonds arranged on a light blue plate",284.00,210.00,0.250
dish_1559244417,arugula,72.83,59.00,"A small white square bowl containing mixed fresh green leafy vegetables, appearing to be a light salad with minimal or no dressing",12.00,85.00,1.000
dish_1559244598,cookies,250.92,51.00,Single chocolate cookie or brownie bite on a white square plate,45.00,20.00,0.000
dish_1559244546,brown rice | chicken,469.94,281.00,Plated dish with poached or steamed chicken breast topped with sautéed vegetables including dark leafy greens and mushrooms on a white square plate,263.00,215.00,0.200
dish_1559245589,carrot,25.56,52.00,"A plate of cooked carrots, appearing to be steamed or boiled baby carrots with some pieces cut into chunks",35.00,120.00,1.000
dish_1559245654,pears,115.54,202.00,Single green apple on a white plate with some debris/residue visible on the plate surface,52.00,130.00,0.000
dish_1559244649,chicken | chickpeas | cookies,906.76,455.00,"Mixed plate with leafy greens, protein items, legumes, and vegetable sides",710.00,475.00,0.286
dish_1559245697,pears | garden salad | carrot,163.72,289.00,"Light meal consisting of fresh spinach salad with red bell pepper strips, a whole pear, and what appears to be a garnish of red pepper or carrot on the spinach",132.00,320.00,0.200
dish_1559245801,,60.99,107.00,Fresh fruit plate with sliced strawberries and blueberries on a white square plate,44.00,130.00,
dish_1559245920,cauliflower,14.25,57.00,Small portion of cooked cauliflower on a white square plate with minimal seasoning visible,35.00,85.00,1.000
dish_1559245848,,59.69,127.00,Single small citrus fruit (appears to be a tangerine or small orange) on a white square plate with some scattered peel fragments,47.00,120.00,0.000
dish_1559245979,pears,116.12,203.00,Single green apple on a white square plate,52.00,120.00,0.000
dish_1559319860,bacon,70.33,13.00,Single strip of cooked bacon on a white square plate,80.00,12.00,1.000
dish_1559319826,,45.03,79.00,A small white square plate containing fresh berries - sliced strawberries and one blackberry,23.00,72.00,
dish_1559246053,cauliflower | pears,251.05,494.00,"Light breakfast or snack plate with fresh fruits, dairy product, and nuts on a light blue plate",497.00,448.00,0.250
dish_1559319902,pineapple,8.50,17.00,Minimal meal consisting of two small cubes of what appears to be cheese or tofu on a white square plate with some residual marks or stains,80.00,40.00,0.000
dish_1559319971,sweet potato,72.96,96.00,Roasted or fried potato cubes served on a white square plate,185.00,150.00,1.000
dish_1559320019,sweet potato | bacon,196.82,205.00,"Breakfast plate with bacon, roasted potatoes, fresh berries, and pineapple chunks",420.00,390.00,0.667
dish_1559332418,salmon | brown rice,482.11,271.00,"Asian-style meal with two protein items and a grain-based side dish, garnished with fresh herbs",680.00,355.00,0.200
dish_1559332487,zucchini | chayote squash,19.11,98.00,"A small plate with chopped vegetables including yellow squash, zucchini, and what appears to be nuts or seeds scattered on a white square plate",75.00,160.00,0.500
dish_1559578551,bacon,124.43,23.00,Single strip of cooked bacon on a white square plate,45.00,12.00,1.000
dish_1559332795,cucumbers | lime | lettuce | cherry tomatoes | onions,39.37,39.00,A small plate of sautéed spinach with what appears to be garlic and possibly nuts or seeds scattered on a white square plate,103.00,103.00,0.000
dish_1559332822,salmon | brown rice,540.59,408.00,"Asian-style meal with protein, grain, and vegetables served on a white square plate with chopsticks",580.00,485.00,0.200
dish_1559578579,bacon,142.58,78.00,Breakfast plate with bacon strips and fresh strawberries,215.00,155.00,1.000
dish_1559581236,eggs,296.93,212.00,"Plate with scrambled eggs, stir-fried green vegetables with carrot strips, served on a white square plate",265.00,230.00,0.500
dish_1559581333,bacon | eggs,415.95,234.00,"Breakfast plate with scrambled eggs, bacon, and sautéed spinach with carrots",335.00,238.00,0.667
dish_1559578599,bacon | sweet potato,229.98,193.00,"A mixed breakfast or brunch plate with bacon strips, roasted potatoes, fresh strawberries, and what appears to be a whole cherry tomato on a white square plate",430.00,330.00,0.667
dish_1559581356,bacon | eggs,436.95,294.00,"Breakfast plate with scrambled eggs, bacon strips, and steamed broccoli with carrots",430.00,285.00,0.500
dish_1559585533,broccoli,12.95,37.00,Plate of steamed broccoli florets on a white square plate,45.00,95.00,1.000
dish_1559589873,mushroom,11.88,54.00,Small portion of cooked mushrooms on a white square plate,18.00,45.00,1.000
dish_1559581378,eggs | sausage | bacon,705.73,372.00,"Breakfast plate with bacon, scrambled eggs, and stir-fried broccoli with carrot",500.00,295.00,0.500
dish_1559589902,mushroom,16.37,76.00,Minimalist plated dish with green beans and sautéed mushrooms arranged in an artistic presentation on a white square plate,40.00,80.00,0.500
dish_1559589942,pizza,290.35,179.00,"Plated protein and vegetable meal consisting of seared seafood (appears to be scallops or fish), green beans, mushrooms, and tomato slices on a white square plate",270.00,310.00,0.000
dish_1559590031,pizza,402.75,269.00,"Plated meal featuring baked salmon with tomato and cheese topping, accompanied by fresh mixed green salad with microgreens and herbs",360.00,273.00,0.000
dish_1559590130,chicken,194.41,152.00,Plated meal consisting of diced poultry with vegetables and green beans arranged on a white square plate,255.00,255.00,0.250
dish_1559590157,chicken | caesar salad,230.49,234.00,"Plated meal consisting of diced poultry with vegetables, green beans, and a fresh salad",308.00,360.00,0.250
dish_1559590005,pizza,360.83,241.00,"Plated meal with salmon fillet, fresh spinach salad, tomato slices, and sautéed mushrooms",345.00,270.00,0.000
dish_1559590202,caesar salad | chicken,316.73,311.00,"Mixed plate with protein, yellow rice pilaf, green beans, and lettuce salad",545.00,525.00,0.200
dish_1559593646,kale,55.39,37.00,"A small side salad with mixed greens, vegetables, and herbs on a white square plate",19.00,68.00,0.000
dish_1559593722,kale | arugula,140.56,106.00,"A mixed green salad with leafy greens, herbs, and diced vegetables on a white square plate",55.00,145.00,0.250
dish_1559593746,kale | squash | arugula,156.96,186.00,"A salad plate with leafy greens, chopped vegetables, and roasted potato wedges",130.00,215.00,0.250
dish_1559593794,quinoa | chicken thighs,450.56,380.00,"Plate with roasted chicken, roasted potatoes, and kale salad with vegetables",425.00,400.00,0.250
dish_1559667948,cream cheese | bagels,153.90,57.00,A bagel half with cream cheese spread on a white square plate,235.00,85.00,1.000
dish_1559667994,scrambled eggs | hash browns | bagels | cream cheese,445.30,213.00,"Breakfast plate with hash browns, scrambled eggs with vegetables, and a toasted bagel with cream cheese spread",735.00,345.00,1.000
dish_1559668016,scrambled eggs | hash browns | bagels | cream cheese | honeydew melons,469.06,279.00,"Breakfast plate with whole wheat toast with spread, scrambled eggs with vegetables, hash browns, and cucumber slices",655.00,385.00,0.500
dish_1559668238,hash browns,290.14,89.00,"A small portion of mixed rice dish with what appears to be white rice and brown/red rice or possibly a rice and legume mixture, served on a white square plate with chopsticks",95.00,75.00,0.000
dish_1559667973,bagels | cream cheese | scrambled eggs,334.46,179.00,"Breakfast meal consisting of scrambled eggs with mixed vegetables, a whole grain English muffin with cream cheese spread, and what appears to be diced potatoes or hash browns with red pepper",420.00,297.00,0.400
dish_1559668272,scrambled eggs | hash browns,512.14,239.00,"Breakfast plate with scrambled eggs, mixed rice with red/brown rice, served on a white square plate with black chopsticks",390.00,230.00,0.333
dish_1559674074,pizza,140.98,53.00,A single slice of pepperoni pizza on a white square plate,285.00,110.00,1.000
dish_1559674689,honeydew melons,63.72,177.00,A plate of fresh honeydew melon chunks,92.00,220.00,1.000
dish_1559668314,scrambled eggs | garden salad | hash browns,551.55,300.00,"Mixed plate with scrambled eggs, rice pilaf, and fresh salad with berries and greens on a white square plate",475.00,385.00,0.250
dish_1559674866,honeydew melons | grapes | caesar salad,125.66,303.00,"A simple salad bowl with mixed greens, cucumber chunks, and crispy croutons or fried bread cubes",105.00,200.00,0.000
dish_1559674781,grapes | honeydew melons,81.66,203.00,A light snack plate containing cubed honeydew melon and green grapes on a white square plate,80.00,185.00,1.000
dish_1559675146,brussels sprouts | carrot,19.07,45.00,A minimalist plated meal consisting of shredded raw carrots and roasted Brussels sprouts on a white square plate,80.00,155.00,1.000
dish_1559675178,carrot | cherry tomatoes | brussels sprouts,28.97,100.00,"Light vegetable plate with shredded carrots, cherry tomatoes, and roasted Brussels sprouts on a white square plate",100.00,255.00,1.000
dish_1559675101,brussels sprouts,13.33,31.00,Three roasted Brussels sprouts on a white square plate,45.00,75.00,1.000
dish_1559675234,carrot | bell peppers | cherry tomatoes | brussels sprouts,36.97,120.00,"A vegetable plate consisting of shredded carrots, cherry tomatoes, lettuce, and what appears to be roasted Brussels sprouts, arranged on a white square plate",100.00,245.00,0.600
dish_1559675268,cherry tomatoes | carrot | bell peppers | brussels sprouts | cucumbers,39.37,144.00,Vegetable plate with raw and pickled vegetables arranged on a white square plate,89.00,325.00,0.429
dish_1559678083,cucumbers | carrot | garlic | cherry tomatoes,75.81,66.00,Mixed green salad with dark leafy greens and lighter greens on a white square plate,20.00,105.00,0.000
dish_1559678104,broccoli,99.96,135.00,Green salad with mixed leafy greens and vegetables on a white square plate,30.00,110.00,0.333
dish_1559678330,spinach (raw),169.69,150.00,"A light salad composed of fresh greens, spinach leaves, and red peppers on a white square plate",27.00,100.00,0.500
dish_1559678146,beef | broccoli,348.58,284.00,"Mixed green salad with roasted vegetables, cured meat, and greens on a white square plate",245.00,275.00,0.000
dish_1559678127,eggplant | broccoli,108.64,170.00,Mixed green salad with roasted eggplant and leafy greens on a white square plate,150.00,187.00,0.167
dish_1559678367,broccoli | spinach (raw),192.44,215.00,A salad composed of fresh broccoli florets and leafy greens with red pepper pieces on a white square plate,65.00,200.00,0.667
dish_1559678405,beef,552.35,386.00,"A salad-based meal with mixed greens, broccoli, and sliced beef or steak on a white square plate",235.00,275.00,0.250
dish_1559678457,beef,624.24,465.00,"Balanced plate with grilled meat, roasted whole grains, steamed broccoli, and mixed green salad with tomato",560.00,470.00,0.250
dish_1559678629,ketchup | fish,89.38,80.00,A plated fish dish with greens and what appears to be a potato or grain-based component on a white square plate,163.00,165.00,0.250
dish_1559678651,ketchup | fish | caesar salad,107.86,122.00,A plated meal consisting of a protein portion with fresh mixed greens and vegetables on a white square plate,170.00,192.00,0.167
dish_1559700851,spinach (raw),61.09,54.00,Mixed green salad with leafy greens and julienned vegetables on a white square plate,35.00,105.00,0.500
dish_1559751710,,37.62,66.00,A small plate of fresh berries with some scattered nuts or seeds,54.00,78.00,0.000
dish_1559751552,yam,227.31,254.00,A light meal or snack consisting of roasted sweet potato pieces and fresh strawberries on a white square plate,127.00,215.00,0.000
dish_1559751744,eggs,227.33,188.00,"Breakfast plate with scrambled eggs, and mixed berries (raspberries and strawberries)",228.00,210.00,1.000
dish_1559751458,yam,152.64,123.00,A small portion of fried sweet potato cubes on a white square plate,95.00,60.00,0.000
dish_1559751775,eggs | yam,309.24,254.00,"Breakfast plate with scrambled eggs, roasted sweet potato, and fresh berries",335.00,305.00,0.333
dish_1559838214,bacon,43.28,8.00,A white square plate with a single strip of cooked bacon on a minimalist setting,45.00,12.00,1.000
dish_1559751801,yam | eggs | chicken apple sausage,451.64,343.00,"A balanced plate meal with protein, starch, vegetables, and fresh berries served on a white square plate",560.00,430.00,0.200
dish_1559838279,bacon,103.70,114.00,"Breakfast plate with fresh berries, bacon strips, and what appears to be a blackberry, served on a white square plate",152.00,223.00,1.000
dish_1559838402,sweet potato | yam,222.76,233.00,"Breakfast plate with roasted potatoes, bacon, fresh berries (strawberries and raspberries), and what appears to be a blackberry",275.00,300.00,0.333
dish_1559841023,chicken apple sausage,73.60,46.00,Three small meatballs on a white square plate,95.00,45.00,0.000
dish_1559841061,chicken apple sausage,96.39,99.00,Small plate with fresh blackberries and what appears to be roasted or baked nuts/legumes,83.00,75.00,0.000
dish_1559841091,chicken apple sausage | sweet potato | yam,163.42,166.00,"A light meal consisting of roasted potatoes, blackberries, and what appears to be small meatballs or protein balls on a white square plate",212.00,260.00,0.250
dish_1559841127,scrambled eggs | yam | chicken apple sausage | sweet potato,339.54,285.00,"Breakfast or brunch plate with scrambled eggs, potatoes, sausage, and berries",695.00,345.00,0.600
dish_1559841163,scrambled eggs | yam | sweet potato | chicken apple sausage,357.04,335.00,"Mixed plate with protein, vegetables, and starches including broccoli, blackberries, scrambled eggs with bacon, roasted potatoes, and what appears to be sautéed mushrooms or tofu",635.00,545.00,0.333
dish_1559841571,cereal,18.80,5.00,"A white square bowl containing a small portion of breakfast cereal (Cheerios or similar O-shaped cereal) on a white plate, placed on a digital scale for measurement",35.00,10.00,1.000
dish_1559841781,grapes,45.02,43.00,Simple breakfast or snack consisting of red grapes and breakfast cereal (appears to be Cheerios or similar O-shaped cereal) on a white square plate,79.00,75.00,0.500
dish_1559841870,pears,114.97,201.00,Single green apple on a white plate/bowl with scale measurement setup,72.00,182.00,0.000
dish_1559841891,grapes | pears,163.96,272.00,Fresh fruit snack consisting of red grapes and a green apple on a white square plate,117.00,240.00,0.333
dish_1559841808,grapes | mandarin oranges,73.11,96.00,Light snack plate with fresh fruit and breakfast cereal,134.00,208.00,0.667
dish_1559841950,broccoli,11.20,32.00,Minimalist meal consisting of two small broccoli florets on a white square plate,12.00,40.00,1.000
dish_1559841979,broccoli | mandarin oranges,39.29,85.00,Simple meal with fresh produce consisting of one orange/citrus fruit and broccoli florets on a white square plate,102.00,250.00,0.500
dish_1559841908,grapes | broccoli | pears,175.16,304.00,"A light, healthy snack plate with fresh produce including raw broccoli florets, red grapes, and a green apple on a white square plate",132.00,290.00,0.500
dish_1559842274,almonds,306.39,53.00,A small white square bowl containing roasted almonds on a scale or measurement platform,162.00,28.00,1.000
dish_1559842047,broccoli | pears | mandarin oranges,153.69,285.00,"Light meal consisting of fresh produce on a white plate - one green apple, one small orange/mandarin, and broccoli florets",145.00,340.00,0.500
dish_1559842374,almonds | mandarin oranges,345.33,137.00,"A plate with fresh broccoli, an orange/mandarin, and roasted almonds - a light, nutrient-dense snack or light meal",402.00,245.00,0.667
dish_1559843030,,25.41,77.00,A white square bowl containing sliced fresh strawberries on what appears to be a wooden surface with measurement scale,27.00,100.00,
dish_1559842409,mandarin oranges | almonds,359.19,179.00,"A balanced snack plate with fresh vegetables, fruit, nuts, and legumes on a white square plate",310.00,280.00,0.667
dish_1559842326,almonds | mandarin oranges,334.48,106.00,Simple snack plate with almonds and a small orange on a white square plate,455.00,155.00,0.500
dish_1559843052,mandarin oranges,53.50,130.00,Light snack plate with fresh fruit consisting of one small orange and sliced strawberries on a white square plate,59.00,180.00,1.000
dish_1559843335,,25.41,77.00,"A white square plate with sliced strawberries, appears to be a light snack or dessert portion",16.00,40.00,
dish_1559843185,mandarin oranges | broccoli,64.35,161.00,"A light, fresh meal consisting of raw vegetables and fresh fruit on a white square plate",114.00,295.00,1.000
dish_1559843222,grapes | broccoli | mandarin oranges,111.27,229.00,"A fruit and vegetable plate featuring raw broccoli, grapes, strawberries, and an orange, arranged on a white square plate",171.00,375.00,0.667
dish_1559843492,broccoli,31.71,95.00,Light meal with steamed broccoli and fresh strawberry slices on a white square plate,62.00,150.00,1.000
dish_1559844030,,25.41,77.00,"A white square plate with fresh strawberry slices arranged on it, appears to be a light snack or dessert portion",27.00,100.00,
dish_1559843690,potatoes | broccoli,61.74,134.00,"A light meal consisting of fresh vegetables and fruit arranged on a white square plate, including steamed broccoli, sliced strawberries, and roasted potato cubes",144.00,205.00,1.000
dish_1559843715,potatoes | pears,176.14,334.00,"A light, fresh meal consisting of raw vegetables and fruits arranged on a white square plate, appearing to be a healthy snack or light lunch with fresh produce.",131.00,300.00,0.250
dish_1559844063,pears,139.81,277.00,Light fruit snack consisting of a green apple and sliced strawberries on a white square plate,79.00,195.00,0.000
dish_1559844090,pears | mandarin oranges,168.43,331.00,"Light fruit plate consisting of a green apple, sliced strawberries, and a small mandarin orange on a white square plate",126.00,283.00,0.333
dish_1559844272,almonds,462.48,80.00,A small white square bowl containing roasted almonds on a digital scale,206.00,35.00,1.000
dish_1559844323,grapes | almonds,518.37,161.00,A snack plate consisting of roasted almonds and red grapes on a white square plate,605.00,200.00,1.000
dish_1559844113,pears | mandarin oranges | almonds,312.96,356.00,"Snack plate with fresh fruit, nuts, and berries on a white square plate",332.00,298.00,0.500
dish_1559844366,almonds | grapes,529.22,192.00,"A plate with almonds, red grapes, and fresh mint leaves arranged on a white square plate",367.00,130.00,0.667
dish_1559844479,mandarin oranges | grapes,83.45,133.00,A white bowl containing fresh fruit: one small orange/mandarin and a cluster of red grapes,151.00,280.00,1.000
dish_1559844490,grapes | mandarin oranges,108.36,180.00,"Fresh fruit plate consisting of sliced strawberries, grapes, and a small citrus fruit on a white square plate",124.00,288.00,0.333
dish_1559844458,grapes,55.89,81.00,A small white bowl containing red grapes on a digital kitchen scale,95.00,150.00,1.000
dish_1559844611,grapes,55.89,81.00,Small bowl containing red grapes on a scale or measurement platform,62.00,95.00,1.000
dish_1559844506,mandarin oranges | grapes,98.96,180.00,"Light fruit plate consisting of sliced strawberries, red grapes, and a small orange/clementine on a white square plate",97.00,240.00,0.333
dish_1559844683,broccoli | potatoes | grapes,132.96,198.00,"A light, balanced meal consisting of raw broccoli florets, roasted potato cubes, and red grapes on a white square plate",155.00,275.00,1.000
dish_1559844928,potatoes,66.22,86.00,A plate of fried potato wedges or chips with a few crumbs scattered on a white square plate,285.00,95.00,1.000
dish_1559844657,potatoes | grapes,122.11,167.00,A light snack plate containing roasted potato cubes and red grapes on a white square plate,160.00,210.00,1.000
dish_1559844951,almonds | potatoes,274.34,122.00,Light snack consisting of roasted almonds and baked potato wedges on a white square plate,425.00,185.00,1.000
dish_1559845018,almonds | mandarin oranges | potatoes,302.43,175.00,"Light snack plate with roasted almonds, roasted potato cubes, and a small mandarin orange on a white square plate",335.00,210.00,1.000
dish_1559845046,potatoes | mandarin oranges | almonds,313.63,207.00,"A balanced plate meal consisting of roasted almonds, roasted potato wedges, steamed broccoli florets, and a small orange/tangerine, arranged on a white square plate",512.00,390.00,0.400
dish_1559845290,potatoes,66.22,86.00,"A white square plate containing fried potato wedges or chunks, appears to be a side dish or snack",185.00,95.00,1.000
dish_1559845370,potatoes | mandarin oranges,94.31,139.00,A white plate containing a whole small orange/mandarin and roasted potato cubes on a digital kitchen scale,227.00,270.00,1.000
dish_1559845399,potatoes | mandarin oranges,107.18,178.00,A light meal consisting of fresh fruits and roasted potato cubes on a white plate,175.00,230.00,1.000
dish_1559845745,pears | potatoes,208.14,322.00,"A plate with sliced and cubed apple pieces and one whole green apple on a white square plate, placed on a digital scale",100.00,250.00,0.000
dish_1559846034,broccoli,11.20,32.00,Minimalist meal consisting of raw broccoli florets on a white square plate,28.00,100.00,1.000
dish_1559845767,pears | mandarin oranges | potatoes,236.23,375.00,Light snack or light meal consisting of fresh fruits and baked potato cubes on a white plate placed on a digital scale,192.00,358.00,0.500
dish_1559846073,mandarin oranges | broccoli,39.29,85.00,A white square plate containing one whole orange/mandarin and raw broccoli florets on what appears to be a scale or measurement device,75.00,205.00,1.000
dish_1559845513,potatoes | pears | mandarin oranges,222.15,379.00,Light snack plate with fresh fruits and baked potato cubes,179.00,345.00,0.500
dish_1559846311,pears,114.97,201.00,"Single green apple on a white square plate, appears to be a minimal meal or snack setup",52.00,120.00,0.000
dish_1559846099,mandarin oranges | almonds | broccoli,206.94,114.00,"Light meal consisting of fresh fruit, nuts, and raw vegetables on a white square plate",264.00,190.00,1.000
dish_1559846334,pears | broccoli,126.17,233.00,A light meal consisting of raw broccoli florets and a green apple on a white square plate,87.00,215.00,0.333
dish_1559846363,broccoli | pears | mandarin oranges,154.26,286.00,Light meal consisting of raw vegetables and fruit on a white square plate,117.00,260.00,0.200
dish_1559846504,broccoli | pears,126.17,233.00,Light meal consisting of raw broccoli florets and what appears to be a green apple on a white square plate,84.00,205.00,0.333
dish_1559846450,pears,114.97,201.00,Single medium green apple on a white plate with scale measurement setup,72.00,182.00,0.000
dish_1559846528,pears | almonds,322.73,267.00,"A light, healthy meal consisting of raw vegetables and nuts arranged on a white square plate. The composition includes broccoli, an apple, and almonds.",307.00,200.00,0.250
dish_1559846585,pears,114.97,201.00,"Single apple on a white plate, appears to be a green/yellow variety, photographed on a scale",65.00,150.00,0.000
dish_1559846688,arugula,82.83,73.00,"A plated salad with mixed greens, vegetables, and protein toppings on a white square plate",163.00,160.00,0.200
dish_1559848882,mandarin oranges | pears,143.06,254.00,Two whole fruits on a white plate - an orange and a green apple,99.00,270.00,0.000
dish_1559846825,pizza,252.70,95.00,"Two small appetizer-sized spring rolls or wraps with visible fillings including cucumber and what appears to be protein, served on a white square plate",170.00,110.00,0.000
dish_1559848857,mandarin oranges,28.09,53.00,Single orange/mandarin on a white square plate against a dark background with mounting hardware visible,47.00,100.00,1.000
dish_1559848929,pears | grapes | mandarin oranges,189.29,321.00,"Fresh fruit plate consisting of red grapes, a small orange/clementine, and a green apple on a white plate",164.00,370.00,0.200
dish_1559849020,grapes,46.23,67.00,"Small white square bowl containing red grapes on a white plate with wooden supports, viewed from above",45.00,95.00,1.000
dish_1559849053,grapes | almonds,381.53,125.00,A snack plate containing red grapes and roasted almonds on a white square plate,387.00,210.00,1.000
dish_1559849412,almonds,352.64,61.00,A white square plate containing a pile of roasted almonds,252.00,42.00,1.000
dish_1559849097,almonds | pears | grapes,495.93,325.00,A snack plate with fresh fruit and nuts arranged on a white square plate,480.00,350.00,0.500
dish_1559850283,almonds,271.71,47.00,Small white square plate containing roasted almonds,285.00,32.00,1.000
dish_1559849466,pears | almonds,467.61,262.00,A simple snack plate containing roasted almonds and a green apple,372.00,185.00,0.333
dish_1559849537,grapes | pears | mandarin oranges | almonds,549.52,393.00,Light snack plate with fresh fruits and roasted nuts,543.00,448.00,0.600
dish_1559850314,almonds,296.62,100.00,A white square plate containing one small orange/mandarin and a pile of almonds on a scale or measurement surface,253.00,125.00,0.500
dish_1559925037,bacon,54.10,10.00,Single strip of cooked bacon on a white square plate,45.00,12.00,1.000
dish_1559850338,almonds,307.12,130.00,"A light meal consisting of raw broccoli florets, roasted almonds, and a small tomato on a white square plate",233.00,202.00,0.333
dish_1559932674,,58.28,124.00,Single orange on a white plate with minimal accompaniments,47.00,100.00,
dish_1559925083,yam | sweet potato | bacon,125.14,81.00,Light breakfast or side meal consisting of roasted sweet potato cubes and bacon strips on a white square plate,205.00,148.00,0.667
dish_1559925174,,88.35,155.00,"A small white square plate containing a mixed berry snack with fresh strawberries (whole and sliced), and a few blueberries",40.00,115.00,
dish_1559849497,almonds | pears | grapes,521.43,340.00,"A light snack plate containing roasted almonds, red grapes, and a green apple on a white square plate",465.00,315.00,0.500
dish_1559933793,brussels sprouts,56.68,111.00,"Roasted Brussels sprouts served on a white square plate, appearing to be seasoned and caramelized with visible browning",85.00,150.00,1.000
dish_1559933818,brussels sprouts,115.07,154.00,Roasted vegetables plate featuring Brussels sprouts and mixed green salad with visible char marks from roasting,132.00,250.00,0.333
dish_1559934477,caesar salad,25.08,57.00,"A plated salad dish with shrimp, green beans, and creamy dressing on a square white plate",190.00,180.00,0.000
dish_1559934645,caesar salad,24.64,56.00,Caesar salad with shrimp and croutons on a white square plate,280.00,250.00,0.200
dish_1559933834,salmon | lentils | brussels sprouts | mayonnaise,775.03,458.00,Grilled protein with roasted Brussels sprouts and mixed green salad on a white square plate,480.00,390.00,0.167
dish_1560203400,pepperoni pizza,293.28,104.00,Single slice of pepperoni pizza on a white square plate,245.00,85.00,1.000
dish_1559934708,chicken thighs | white rice | caesar salad,202.45,178.00,"Asian-style meal with ground meat, stir-fried vegetables, and white rice on a square white plate",721.00,520.00,0.167
dish_1559934679,chicken thighs | caesar salad,160.85,146.00,"Asian-style meal with ground meat patty, stir-fried vegetables with cashews, and green onion garnish on a white square plate",605.00,335.00,0.000
dish_1560203424,pepperoni pizza | brownies,451.75,138.00,Light meal consisting of a slice of pepperoni pizza and a small brownie served on a white square plate,450.00,165.00,0.333
dish_1560270537,pineapple,24.00,48.00,A small portion of boiled or steamed potatoes served on a white square plate,108.00,120.00,0.000
dish_1560270585,pineapple | watermelon,43.80,114.00,A simple plate with cubed fresh fruit - pineapple and watermelon,51.00,185.00,1.000
dish_1560270630,pineapple | watermelon | sweet potato,120.56,215.00,"A light meal consisting of sautéed mushrooms, fresh watermelon chunks, and boiled or steamed potatoes on a white square plate",198.00,350.00,0.500
dish_1560356314,spinach (raw),30.54,27.00,Green leafy salad with shredded carrot garnish on a white square plate,24.00,80.00,0.500
dish_1560356337,yam,144.72,119.00,"A vegetable-based meal consisting of sautéed sweet potato cubes, fresh spinach leaves, and shredded carrots served on a white square plate",115.00,220.00,0.000
dish_1560356523,bacon,497.72,92.00,Three strips of cooked bacon on a white square plate,240.00,32.00,1.000
dish_1560356566,scrambled eggs | bacon,676.80,213.00,Breakfast plate with scrambled eggs and bacon strips,420.00,150.00,1.000
dish_1560356355,bacon | yam,301.61,148.00,"A balanced plate consisting of cured meat, roasted sweet potato cubes, fresh spinach salad with shredded carrots, and green onions",250.00,245.00,0.000
dish_1560356627,scrambled eggs | bacon | sausage,980.05,301.00,"Breakfast plate with scrambled eggs, bacon strips, and diced sausage on a white square plate",480.00,167.00,1.000
dish_1560357297,sausage | scrambled eggs,942.45,492.00,Plate with mashed potatoes and glazed meatballs,520.00,340.00,0.000
dish_1560357427,grapefruit juice,93.75,241.00,"A clear glass bowl containing an orange/amber colored liquid, likely juice or broth, placed on a white mounting board over a wooden surface with laboratory equipment visible",85.00,240.00,1.000
dish_1560357792,waffles,145.15,50.00,"Two Belgian-style waffles on a white plate, appearing to be freshly cooked with a golden-brown color",420.00,140.00,1.000
dish_1560357832,waffles,181.35,82.00,Waffle with mixed green salad,305.00,200.00,0.500
dish_1560357267,scrambled eggs,566.84,383.00,Plate of mashed potatoes with what appears to be sautéed mushrooms or onions mixed throughout,325.00,340.00,0.000
dish_1560360030,scrambled eggs,193.88,131.00,Egg fried rice with carrots and peas on a square white plate,307.00,265.00,0.333
dish_1560360055,sausage | scrambled eggs,362.73,180.00,Plate with sautéed sausage slices and scrambled eggs with vegetables on a white square plate,500.00,265.00,1.000
dish_1560360102,scrambled eggs | sausage,401.49,248.00,"Breakfast plate with scrambled eggs mixed with vegetables, sliced sausage, and fresh berries",403.00,300.00,1.000
dish_1560366389,arugula,46.91,38.00,"A small green salad consisting primarily of arugula and mixed greens with a small piece of tomato, plated on a white square plate",15.00,60.00,0.500
dish_1560360148,scrambled eggs | sausage | cream cheese | bagels,587.79,317.00,"Breakfast plate with toasted bread with cream cheese spread, scrambled eggs with vegetables, fresh berries, and sautéed mushrooms",595.00,425.00,0.400
dish_1560366410,arugula,58.74,96.00,A plate with arugula salad and steamed green beans,43.00,125.00,0.500
dish_1560360112,scrambled eggs | sausage,401.49,248.00,"Breakfast plate with scrambled eggs, sausage slices, and mixed berries on a white square plate",440.00,265.00,1.000
dish_1560366963,cherry tomatoes,7.56,42.00,Minimalist meal consisting of three cherry tomatoes on a white square plate,9.00,45.00,1.000
dish_1560366438,eggplant | arugula,71.93,136.00,"Light vegetable side dish consisting of arugula salad, sautéed mushrooms, and steamed green beans on a white square plate",95.00,230.00,0.250
dish_1560366460,pork,330.74,255.00,"Plated meal consisting of sliced meat protein, sautéed mushrooms, green beans, and arugula salad with tomato",385.00,420.00,0.250
dish_1560366998,honeydew melons | cherry tomatoes,39.60,131.00,"A plate of raw vegetable pieces including diced potatoes, bell peppers, tomatoes, and celery arranged on a white square plate",70.00,170.00,0.200
dish_1560367085,honeydew melons | tofu | cherry tomatoes,77.56,183.00,"A plated meal with roasted vegetables and what appears to be a grain or protein base, arranged on a white square plate",190.00,260.00,0.125
dish_1560367153,honeydew melons | tofu | fish | cherry tomatoes,117.18,254.00,"Mixed vegetable plate with asparagus, potato, cherry tomatoes, bell peppers, and what appears to be a small portion of protein/grain mixture",124.00,255.00,0.125
dish_1560367193,honeydew melons | cherry tomatoes | fish | mushroom | tofu,131.04,317.00,"Mixed protein and vegetable plate with sautéed meat, asparagus, potatoes, cherry tomatoes, and mushrooms",416.00,420.00,0.286
dish_1560367116,tofu | honeydew melons | fish | cherry tomatoes,108.41,211.00,"A plated dish with mixed vegetables and protein, arranged on a white square plate with components scattered across the surface",287.00,345.00,0.111
dish_1560367296,tofu | fish | mushroom | honeydew melons,184.38,362.00,"Mixed vegetable and protein plate with asparagus, sautéed mushrooms and onions, leafy greens, potato, and beets",205.00,345.00,0.167
dish_1560367258,tofu | fish | mushroom | cherry tomatoes | honeydew melons,157.99,341.00,"Mixed vegetable and meat stir-fry dish with asparagus, roasted vegetables, and a grain-based component on a white square plate",328.00,355.00,0.111
dish_1560367333,fish | chicken | tofu | honeydew melons,291.63,427.00,"Mixed vegetable and protein dish with asparagus, potatoes, leafy greens, and what appears to be sautéed mushrooms and onions with meat or protein",252.00,345.00,0.000
dish_1560367676,pork | brown rice,430.62,198.00,"Plated protein and vegetable dish with sliced meat, broccoli, and green beans on a white square plate",320.00,265.00,0.500
dish_1560367715,pork | croutons | white rice,597.53,305.00,"Asian-style meal with sliced meat, stir-fried vegetables with tofu, white rice, and fresh parsley garnish on a white square plate",469.00,360.00,0.400
dish_1560367698,white rice | pork,556.72,295.00,"Plate with sliced meat, roasted vegetables (broccoli and what appears to be root vegetables), and mashed potatoes",510.00,425.00,0.200
dish_1560367904,fish | country rice,76.02,69.00,"A small portion of what appears to be a fried or breaded protein item with a garnish, served on a white square plate",90.00,48.00,0.000
dish_1560367733,white rice | croutons | pork | potatoes,661.44,388.00,"Asian-style plate with stir-fried vegetables and meat, served with white rice and crispy potato wedges",775.00,500.00,0.500
dish_1560367952,fish | pizza,414.73,221.00,Fresh spinach salad with roasted red peppers on a white square plate,30.00,75.00,0.000
dish_1560367926,fish | pizza,408.52,194.00,A plated meal consisting of a fried appetizer and a slice of pizza with toppings on a white square plate,380.00,160.00,0.333
dish_1560367980,pizza | fish,421.47,254.00,A light meal consisting of fresh spinach leaves and what appears to be two small portions of cooked protein with tomato-based topping on a white square plate,192.00,180.00,0.000
dish_1560368110,cherry tomatoes,16.02,89.00,"A white square plate containing cherry tomatoes, with one appearing to be yellow/orange and five appearing to be red, photographed from above on a wooden surface near a window",18.00,120.00,1.000
dish_1560368019,pizza | fish,436.97,301.00,Plated meal featuring grilled protein with vegetables and fresh spinach garnish on a white square plate,505.00,403.00,0.167
dish_1560368138,cherry tomatoes | mushroom,23.50,123.00,"Light salad plate with cherry tomatoes, one green olive, and sautéed mushrooms on a white square plate",74.00,218.00,1.000
dish_1560368162,cherry tomatoes | mushroom | eggplant,41.64,178.00,"Light meal consisting of sautéed mushrooms, cherry tomatoes, and one yellow tomato on a white square plate",71.00,295.00,0.667
dish_1560368395,honeydew melons,49.32,137.00,Small portion of diced potatoes on a white plate,45.00,75.00,0.000
dish_1560368691,arugula,140.76,112.00,A plate of fresh arugula (rocket) salad with what appears to be a light vinaigrette dressing,57.00,75.00,0.500
dish_1560368506,fish | honeydew melons | pork | country rice,462.93,378.00,"Plate with breaded/fried protein, sliced potatoes, and diced green vegetables",400.00,305.00,0.000
dish_1560368464,honeydew melons | pork,349.45,275.00,A plate with roasted/baked poultry (appears to be chicken breast) and boiled potatoes,250.00,260.00,0.000
dish_1560368712,arugula,146.88,142.00,"A plate of fresh green leafy vegetables, appears to be arugula or mixed salad greens with some longer stems visible",18.00,85.00,1.000
dish_1560368570,honeydew melons | pork | fish,555.93,452.00,"Plated meal consisting of seared meat, boiled potatoes, and sautéed spinach with garnish",390.00,310.00,0.000
dish_1560368738,eggplant | arugula,174.25,225.00,A mixed green salad with sautéed mushrooms and what appears to be roasted vegetables on a white square plate,180.00,345.00,0.667
dish_1560368944,pork,143.54,66.00,"Small plated appetizer or side dish with breaded/crusted protein, fresh herb garnish on white square plate",187.00,82.00,0.000
dish_1560368764,tofu | eggplant,207.10,270.00,"A salad bowl with mixed greens, green beans, sautéed mushrooms, and tofu cubes",245.00,430.00,0.200
dish_1560368815,eggplant | tofu | spinach (raw),400.34,442.00,Mixed green salad with grilled vegetables and cheese cubes on a white plate,258.00,380.00,0.143
dish_1560368972,pork | white rice,196.84,107.00,"Plate with white rice, breaded/fried protein (appears to be chicken or fish), and a small garnish of fresh herbs on a white square plate",453.00,255.00,0.250
dish_1560369080,spinach (raw),55.05,49.00,Mixed green salad with dark leafy greens on a white square plate,15.00,75.00,0.000
dish_1560368990,white rice | pork,211.92,119.00,"Asian-style meal with white rice, stir-fried meat with vegetables, and fresh greens on a white square plate",461.00,300.00,0.500
dish_1560369008,pork | white rice | caesar salad,223.80,146.00,"Asian-style plate with rice, grilled/pan-fried meat, stir-fried vegetables, and what appears to be a small piece of sweet potato or pumpkin",569.00,440.00,0.333
dish_1560369102,spinach (raw),69.74,121.00,"A plate of steamed green vegetables consisting of asparagus and mixed leafy greens with dark red/purple coloring, likely red leaf lettuce or similar variety",44.00,205.00,0.000
dish_1560369122,spinach (raw) | honeydew melons,92.06,183.00,"A vegetable plate consisting of fresh green beans, mixed salad greens with dark leafy varieties, and diced potatoes on a white square plate",89.00,210.00,0.000
dish_1560369255,pork,132.67,61.00,"Minimalist plated dish with two seared scallops, crispy bacon bits, and microgreens garnish on a white square plate",128.00,102.00,0.000
dish_1560369146,pork,474.83,359.00,"Plated meal with sliced poultry, mixed green salad, asparagus, and what appears to be a grain or vegetable stuffing",340.00,410.00,0.000
dish_1560369294,country rice | fish | pork,333.64,342.00,"Plated meal with grilled protein, sliced potatoes, fresh asparagus, and crispy garnish",493.00,310.00,0.167
dish_1560369273,fish | pork | country rice,308.95,221.00,"Plated dish with seared protein (appears to be duck breast or similar), sliced white protein (possibly scallops or fish), scattered nuts/almonds, and a small green herb garnish on a white square plate",477.00,228.00,0.167
dish_1560369313,fish | white rice | country rice | pork,392.14,387.00,"Plated meal with grilled protein, steamed asparagus, rice pilaf with nuts, and sliced potatoes on a white square plate",483.00,410.00,0.167
dish_1560369403,fish | white rice | pork | country rice,411.97,405.00,"Plated meal with protein, starch, vegetable, and grain components on a white square plate",724.00,530.00,0.143
dish_1560370114,,7.96,39.00,A minimalist plate with steamed or boiled green beans arranged in a crosshatch pattern on a white square plate,24.00,60.00,0.000
dish_1560369421,pork | fish | country rice | white rice,413.95,411.00,"Plate with cauliflower rice, asparagus, sliced chicken breast, roasted potatoes, and what appears to be a grain-based side with vegetables",459.00,550.00,0.167
dish_1560370137,arugula,89.64,104.00,Stir-fried green beans with visible garnish on a white square plate,85.00,129.00,0.000
dish_1560370833,frozen yogurt,177.00,99.00,"Single food item on a white square plate - appears to be a small portion of a brown/dark colored substance, possibly chocolate, cocoa powder, or a similar ingredient",25.00,8.00,0.000
dish_1560370804,ice cream cones,25.13,6.00,"This image shows a white ceiling-mounted exhaust fan or ventilation unit with an orange/yellow damper mechanism in the center, mounted on wooden backing inside what appears to be a cabinet or enclosed space. This is not a meal photo.",0.00,,0.000
dish_1560441270,bok choy | potatoes,24.54,46.00,"A small plate with roasted potato pieces, appearing to be a minimal side dish or appetizer portion",130.00,115.00,0.333
dish_1560441247,bok choy,2.21,17.00,Minimalist plated dish with potato and what appears to be a small portion of protein or vegetable preparation on a white square plate,65.00,65.00,0.000
dish_1560441288,potatoes | bacon,165.20,72.00,"A light breakfast or brunch plate consisting of bacon strips, roasted potato cubes, and what appears to be cheese cubes on a white square plate",350.00,150.00,0.667
dish_1560441311,bacon | quinoa | potatoes,190.40,93.00,"Breakfast plate with bacon, potatoes, hash browns, and what appears to be cheese or a bread item",535.00,235.00,0.400
dish_1560441339,bacon | quinoa | potatoes | scrambled eggs,280.68,154.00,"Breakfast plate with scrambled eggs, bacon, hash browns, and what appears to be a breaded/fried item with diced onions",840.00,340.00,0.333
dish_1560441487,cantaloupe,41.42,88.00,"Creative fruit arrangement on a white square plate featuring strawberries, blueberries, and cantaloupe arranged to form a face design",65.00,160.00,1.000
dish_1560441464,,28.50,50.00,Yogurt-based dessert or snack with fresh berries arranged in a decorative face pattern on a white square plate,148.00,210.00,0.000
dish_1560441511,watermelon | cantaloupe,51.92,123.00,"Fresh fruit plate with watermelon, cantaloupe, and blueberries arranged on a white square plate",106.00,275.00,1.000
dish_1560442226,,83.79,147.00,A white square plate with a small portion of mixed berries consisting of strawberries and blueberries arranged on the plate,53.00,130.00,
dish_1560441529,cantaloupe | watermelon | pineapple,66.42,152.00,"Fruit plate arrangement on white square dish containing strawberries, black olives, pineapple, and orange segments",102.00,204.00,0.250
dish_1560442279,quinoa | bacon,333.77,222.00,"Breakfast plate with bacon, hash browns, and fresh berries",460.00,255.00,0.333
dish_1560442258,bacon,289.37,185.00,"Breakfast plate with bacon strips, fresh berries (strawberries and blueberries), and what appears to be a small amount of whipped cream or yogurt",226.00,193.00,0.500
dish_1560442450,yogurt,87.76,149.00,"A single bowl containing what appears to be yogurt or sour cream, photographed from above on a wooden surface with natural lighting from a window",85.00,100.00,1.000
dish_1560442303,scrambled eggs | quinoa | bacon,444.77,297.00,"Breakfast plate with scrambled eggs, bacon strips, fresh berries, and what appears to be hash browns or a grain-based side, served on a white square plate",533.00,345.00,0.500
dish_1560442374,grapefruit juice,90.64,233.00,"A beverage that appears to be tea, broth, or a similar liquid in a clear bowl/cup",0.00,240.00,0.000
dish_1560443437,,116.28,204.00,"A plate of fresh berries arranged on a white square plate, consisting of sliced strawberries and blueberries",53.00,150.00,
dish_1560443474,pineapple,172.78,317.00,"Fresh fruit salad consisting of diced watermelon, pineapple, and blueberries served on a white square plate",117.00,290.00,0.500
dish_1560443537,pineapple | grapes,237.64,411.00,Fresh fruit plate with mixed berries and melon cubes on a white square plate,152.00,325.00,0.000
dish_1560443565,honeydew melons | pineapple | grapes,260.68,475.00,"Mixed fresh fruit platter on a white square plate, containing melons, berries, and stone fruits",252.00,560.00,0.500
dish_1560443607,grapes | honeydew melons | egg whites | pineapple,380.80,706.00,"Mixed fruit and cheese platter with red grapes, blueberries, pineapple, melon, strawberries, and what appears to be mozzarella cheese cubes",335.00,420.00,0.600
dish_1560444570,scrambled eggs,168.72,114.00,A single serving of cheese puffs/cheese curls on a white square plate,180.00,32.00,0.000
dish_1560444592,scrambled eggs | yam,244.42,175.00,Simple meal consisting of pasta with diced red peppers and what appears to be a small protein item,355.00,260.00,0.000
dish_1560444701,watermelon,51.00,170.00,Small portion of diced raw tomato on a white plate,14.00,85.00,0.000
dish_1560444637,bacon | yam | scrambled eggs,509.32,285.00,"Breakfast plate with bacon, scrambled eggs, fresh strawberries, and roasted sweet potato cubes",512.00,295.00,0.500
dish_1560444616,scrambled eggs | yam,265.87,240.00,"Light meal consisting of pasta, fresh strawberries, and roasted vegetables on a white square plate",283.00,315.00,0.000
dish_1560444724,watermelon | honeydew melons,113.28,343.00,"A fruit salad composed of cubed honeydew melon, cubed pineapple, and cubed watermelon arranged on a white square plate",90.00,270.00,0.667
dish_1560444756,honeydew melons | pineapple | watermelon,150.78,418.00,"Mixed fruit platter with melon, pineapple, and watermelon cubes on a white square plate",143.00,380.00,1.000
dish_1560444785,bacon | watermelon | honeydew melons | pineapple,313.08,448.00,"Mixed fruit and protein plate with cubed melon, pineapple, watermelon, and bacon strips on a white square plate",228.00,287.00,1.000
dish_1560444869,honeydew melons,14.04,39.00,Minimal meal consisting of two small pieces of what appears to be boiled or steamed potato on a white plate,28.00,65.00,0.000
dish_1560444815,honeydew melons | watermelon | scrambled eggs | bacon | pineapple,495.12,571.00,"Mixed plate with fresh fruits, fried items, and processed meats",396.00,350.00,0.429
dish_1560444892,honeydew melons | pineapple,39.54,90.00,Minimal meal consisting of two small portions of prepared vegetables on a white square plate,57.00,75.00,0.000
dish_1560444914,honeydew melons | pineapple | watermelon,62.34,166.00,"A plate of raw chopped vegetables including yellow bell pepper, red bell pepper, and cucumber pieces",58.00,180.00,0.000
dish_1560444948,watermelon | pineapple | scrambled eggs | honeydew melons,171.32,231.00,"Mixed vegetable and protein plate with fried shrimp, tofu, and fresh vegetables",407.00,385.00,0.000
dish_1560444931,watermelon | honeydew melons | pineapple | scrambled eggs,112.66,200.00,Mixed vegetable and protein side dish with diced vegetables and what appears to be breaded/fried protein items on a white square plate,255.00,255.00,0.000
dish_1560444967,honeydew melons | yam | scrambled eggs | pineapple | watermelon,197.38,252.00,"Mixed vegetable and starch plate with fried noodles, roasted vegetables, and raw vegetable pieces",340.00,305.00,0.111
dish_1560444985,honeydew melons | pineapple | watermelon | yam | scrambled eggs,198.94,264.00,"Mixed vegetable and carbohydrate plate with fried shrimp, potatoes, and assorted raw vegetables",384.00,330.00,0.000
dish_1560445069,grapefruit juice,94.53,243.00,A single beverage - appears to be a glass of fruit juice or tomato-based drink on a light-colored surface,110.00,240.00,1.000
dish_1560453132,spinach (raw),142.09,108.00,"A plated salad with mixed greens, shredded carrots, and blueberries on a white square plate",47.00,120.00,0.500
dish_1560445004,watermelon | scrambled eggs | bacon | pineapple | yam,339.60,290.00,"Mixed breakfast/brunch plate with bacon, scrambled eggs, fried potatoes, and fresh vegetables",570.00,350.00,0.200
dish_1560453275,chicken,92.55,60.00,A single baked potato wedge or chunk on a white square plate,45.00,50.00,0.000
dish_1560453150,spinach (raw) | green beans,152.32,141.00,"A plated salad with green beans, mixed leafy greens with shredded carrots, and black olives on a white square plate",82.00,190.00,0.667
dish_1560453174,chicken | spinach (raw),329.72,256.00,Plated salad with protein and vegetables on white square plate,260.00,330.00,0.400
dish_1560453294,kimchi | chicken,115.95,138.00,Small plate with what appears to be bacon strips and sautéed vegetables with a red sauce,145.00,100.00,0.000
dish_1560453328,kimchi | brown rice | chicken | salmon,340.11,264.00,"Plated meal with seared protein, roasted vegetables, and sauce on white square plate",325.00,350.00,0.125
dish_1560453412,salmon | tomatoes | chicken | wild rice,591.08,631.00,"Plate with ground beef mixed with diced tomatoes, roasted potatoes, and steamed green beans",555.00,430.00,0.167
dish_1560453356,chicken | brown rice | salmon | kimchi | tomatoes,389.07,408.00,Grilled protein with roasted vegetables and cherry tomatoes on a white square plate,360.00,470.00,0.222
dish_1560453380,brown rice | green beans | tomatoes | chicken | kimchi | salmon,411.39,480.00,"Grilled protein with roasted vegetables including green beans, cherry tomatoes, and what appears to be zucchini or eggplant",385.00,470.00,0.429
dish_1560454539,green beans | wild rice,122.27,119.00,"A plated meal consisting of whole grain rice, steamed green beans, sautéed leafy greens, and diced carrots on a white square plate",313.00,370.00,0.500
dish_1560454513,green beans,54.44,62.00,"A plated vegetable side dish consisting of green beans, mixed salad greens with carrot pieces, and what appears to be leafy vegetables",60.00,215.00,0.250
dish_1560454488,garlic | cucumbers | cherry tomatoes | carrot,48.24,42.00,"A minimalist plated salad with mixed greens and what appears to be a small protein component, served on a white square plate",65.00,85.00,0.167
dish_1560454970,cherry tomatoes,9.90,55.00,Minimalist plated dish with halved cherry tomatoes on a white square plate,15.00,75.00,1.000
dish_1560454562,corn | fish | wild rice,318.82,299.00,"Plated meal consisting of protein, starch, and vegetables with garnish on a white square plate",530.00,430.00,0.286
dish_1560455000,cherry tomatoes | cucumbers,12.80,84.00,A minimalist plated dish consisting of sliced zucchini and halved cherry tomatoes arranged on a white square plate,42.00,205.00,0.333
dish_1560455030,cherry tomatoes | cucumbers | baby carrots,20.59,103.00,"Plated vegetable appetizer or side dish with shredded carrot, cucumber slices, and cherry tomatoes arranged decoratively on a white square plate",65.00,230.00,1.000
dish_1560455059,cherry tomatoes | baby carrots | celery | cucumbers,25.55,134.00,"A vegetable salad plated on a white square dish, featuring shredded carrots, sliced cucumbers, and cherry tomatoes arranged artfully",83.00,370.00,0.750
dish_1560455158,arugula,69.12,55.00,A small side salad or vegetable dish consisting of mixed green leafy vegetables on a white square plate,12.00,40.00,1.000
dish_1560455090,celery | chicken | cherry tomatoes | baby carrots,60.20,155.00,"A vegetable-based plate with shredded carrots, sliced cucumbers, diced tomatoes, and diced onions arranged on a white square plate",81.00,320.00,0.333
dish_1560455179,honeydew melons,103.32,150.00,"A light salad meal consisting of cubed melon, arugula/rocket greens, and what appears to be a black olive or capers",45.00,165.00,0.333
dish_1560455203,green beans | honeydew melons,115.10,188.00,"Light salad meal with diced potato, mixed greens, and green beans on a white square plate",98.00,245.00,0.250
dish_1560455263,chicken | wild rice | honeydew melons,360.68,360.00,"Mixed plate with roasted poultry, green beans, diced potatoes, and arugula salad",545.00,510.00,0.167
dish_1560455343,spinach (raw),53.94,41.00,A small green salad with mixed lettuce and red/purple leaves on a white square plate,13.00,65.00,0.000
dish_1560455224,honeydew melons | green beans | wild rice,181.74,244.00,"Mixed salad plate with diced potatoes, arugula greens, diced cheese or tofu, and what appears to be minced meat or legume-based protein",219.00,275.00,0.000
dish_1560455380,chard | spinach (raw),60.97,78.00,Mixed green salad with leafy greens and shredded carrots on a white square plate,25.00,90.00,0.333
dish_1560456305,lettuce | pumpkin seeds | arugula | carrot,26.39,21.00,A white square plate with a small portion of fresh arugula/rocket leaves on the right side,5.00,15.00,0.250
dish_1560455399,fish | chard,138.50,149.00,Mixed green salad with grilled or seared protein and colorful vegetables on a white square plate,280.00,218.00,0.000
dish_1560455442,corn on the cob | pizza | fish,457.58,293.00,"Grilled protein with sautéed vegetables including leafy greens, corn, and what appears to be a stir-fried vegetable medley on a white square plate",455.00,445.00,0.400
dish_1560455421,corn on the cob | fish,180.94,189.00,"A plated meal consisting of sautéed leafy greens with vegetables, a piece of cooked protein, corn, and mixed salad greens on a white square plate",380.00,390.00,0.200
dish_1560456348,chicken,210.28,149.00,"Plate with roasted chicken thigh, green beans, and arugula salad",280.00,235.00,0.333
dish_1560456326,chicken,206.87,138.00,"A plated meal consisting of a fried chicken drumstick, a bed of creamy sauce or mashed potatoes, and fresh arugula garnish on a white square plate",280.00,180.00,0.333
dish_1560456370,chicken | white rice,258.38,186.00,"Plated meal with roasted poultry, mashed potatoes, green beans, and fresh arugula salad",360.00,340.00,0.200
dish_1560456794,corn | fish,205.28,188.00,"Sautéed shrimp with vegetables on a white square plate, appears to be an appetizer or light protein dish with green onions/scallions and possibly garlic",188.00,115.00,0.000
dish_1560456814,fish | corn | wild rice,318.33,283.00,Plate with cooked ground meat served with whole grain rice and sautéed vegetables with green onions/scallions,630.00,400.00,0.200
dish_1560456833,broccoli | fish | wild rice | corn,351.58,378.00,"Plate with cooked buckwheat, sautéed vegetables with herbs, and steamed broccoli",351.00,420.00,0.167
dish_1560526408,spinach (raw),67.10,51.00,Minimalist plated dish with seared protein and fresh greens on a white square plate,220.00,160.00,0.000
dish_1560456853,broccoli | fish | corn | caesar salad | wild rice,405.70,501.00,"Mixed vegetable stir-fry dish with broccoli, cabbage, and what appears to be ground meat or crispy protein",385.00,385.00,0.100
dish_1560526472,spinach (raw),113.67,114.00,"A fresh salad bowl with mixed greens, berries, and sliced strawberries on a white square plate",84.00,155.00,0.500
dish_1560526447,spinach (raw),88.59,70.00,A mixed green salad with sautéed spinach and red/dark leafy greens on a white square plate,73.00,140.00,0.250
dish_1560526490,spinach (raw) | pineapple,141.67,170.00,Mixed green salad with cheese cubes and tomato on a white square plate,176.00,220.00,0.200
dish_1560526514,potatoes | pineapple | spinach (raw),183.25,224.00,"A plated salad with mixed greens, roasted potatoes, cheese, and tomatoes served on a white square plate",370.00,360.00,0.333
dish_1560526552,sausage | pineapple | potatoes | scrambled eggs,359.24,319.00,"Mixed vegetable plate with roasted potatoes, mixed greens salad, and what appears to be hummus or similar spread",367.00,410.00,0.143
dish_1560526530,sausage | potatoes | pineapple,245.28,242.00,"A plated salad meal with mixed greens, roasted potatoes, tomatoes, and cheese on a white square plate",267.00,298.00,0.143
dish_1560527070,potatoes,53.13,69.00,Fried potato wedges with sour cream or yogurt dollop on a white square plate,215.00,105.00,0.500
dish_1560527105,potatoes,92.73,104.00,"A plated meal consisting of sautéed green vegetables with shredded carrots, roasted potato pieces, and what appears to be bacon or ham strips on a white square plate",173.00,200.00,0.250
dish_1560527140,potatoes | bacon,276.67,138.00,"Breakfast plate with bacon, roasted potatoes, and sautéed green peppers with carrots",300.00,255.00,0.667
dish_1560527191,bacon | potatoes | sausage,663.99,318.00,"Breakfast or brunch plate with cooked bacon, roasted potatoes, fresh fruit, and vegetables",436.00,400.00,0.400
dish_1560527168,potatoes | bacon,322.84,219.00,"Breakfast plate with bacon, roasted potatoes, fresh salad with greens and vegetables, and fresh berries",325.00,345.00,0.500
dish_1560527745,yogurt,87.76,149.00,A single bowl of plain yogurt or sour cream on a wooden tray with a glass panel,180.00,200.00,1.000
dish_1560529804,watermelon,15.30,51.00,Diced red tomato pieces on a white square plate,12.00,50.00,0.000
dish_1560527950,watermelon,23.10,77.00,Small portion of diced red peppers on a white square plate,15.00,60.00,0.000
dish_1560527225,potatoes | bacon | sausage | scrambled eggs,937.79,503.00,"Mixed breakfast/brunch plate with scrambled eggs, crispy bacon, roasted potatoes, and sautéed vegetables on a white square plate",610.00,365.00,0.500
dish_1560529825,watermelon,52.92,117.00,"A small plate of fresh berries consisting of watermelon cubes, raspberries, and blackberries arranged on a white square plate",53.00,115.00,1.000
dish_1560529844,sweet potato | watermelon,91.68,168.00,"Mixed fruit and protein plate with roasted potato cubes, watermelon chunks, raspberries, and blackberries arranged on a white square plate",172.00,330.00,1.000
dish_1560539314,fish | quinoa,165.74,158.00,"A plated dish consisting of a breaded and fried protein (appears to be chicken or fish) topped with sliced green chili peppers, served on a white square plate with some breadcrumb scattered on the plate",320.00,170.00,0.250
dish_1560539340,caesar salad | quinoa | fish,196.54,228.00,Stir-fried vegetable dish with tofu and vegetables on a white square plate,350.00,340.00,0.000
dish_1560539368,quinoa | carrot | caesar salad | fish,238.81,314.00,"Stir-fried dish with vegetables and protein, served on a white square plate",328.00,347.00,0.000
dish_1560539396,fish | quinoa | caesar salad | carrot | roasted potatoes,384.04,417.00,"Mixed vegetable and protein dish with roasted/fried tofu cubes, red bell peppers, and what appears to be cabbage or mixed vegetables on a white square plate",252.00,370.00,0.000
dish_1560541706,arugula | cauliflower,110.80,140.00,"Mixed green salad with arugula, white cheese (appears to be feta or similar), and what looks like quinoa or couscous as a base, dressed lightly",227.00,145.00,0.200
dish_1560541680,arugula,95.05,77.00,"A small portion of sautéed leafy greens (appears to be arugula or mixed greens) with what looks like garlic and possibly nuts or breadcrumbs scattered throughout, served on a white square plate",90.00,61.00,0.250
dish_1560541793,carrot | chicken,509.83,462.00,Grilled protein with roasted vegetables and leafy greens salad on a white square plate,460.00,455.00,0.400
dish_1560543505,tomatoes | caesar salad,66.18,172.00,"A light salad meal consisting of mixed greens with vegetables and protein, accompanied by sliced tomatoes",107.00,210.00,0.333
dish_1560541760,white rice | chicken,465.58,372.00,"Asian-style meal with glazed protein, leafy greens, and rice base on a white square plate",443.00,283.00,0.400
dish_1560543465,caesar salad,33.88,77.00,A small portion of what appears to be an avocado-based salad or guacamole mixture with diced tomatoes and possibly other vegetables on a white square plate,118.00,120.00,0.000
dish_1560543557,tomatoes | caesar salad,87.87,191.00,"A plated meal consisting of a Caesar salad with protein, brown/whole grain rice, cherry tomatoes, and black olives",500.00,385.00,0.667
dish_1560543525,tomatoes | caesar salad,83.43,187.00,"A plated salad with tomatoes and olives, appearing to be a Mediterranean-style composed salad with lettuce, possibly chicken or protein, cherry tomatoes, and Kalamata olives on a white square plate",262.00,295.00,0.200
dish_1560543583,fish | tomatoes | quinoa | caesar salad,254.66,350.00,"A balanced meal plate containing a green salad with mixed vegetables, a protein-based grain dish, cherry tomatoes, and olives on a white square plate",380.00,390.00,0.167
dish_1560543605,chicken | tomatoes | caesar salad | quinoa | fish,485.57,501.00,"Mixed plate containing a salad with greens and dressing, rice pilaf with vegetables, grilled protein with glaze, black beans, and fresh tomato slices",608.00,520.00,0.286
dish_1560543682,roasted potatoes,121.26,86.00,Fried potato wedges or potato chunks on a white square plate,145.00,85.00,1.000
dish_1560543704,roasted potatoes | cauliflower,140.01,161.00,A plate with roasted potato wedges and steamed broccoli florets,180.00,195.00,0.333
dish_1560543625,chicken | roasted potatoes | caesar salad | fish | tomatoes,560.30,554.00,"Mixed plate with grilled protein, rice pilaf, garden salad, roasted vegetables, and what appears to be glazed meat",848.00,650.00,0.375
dish_1560787696,bacon,37.87,7.00,Single strip of cooked bacon on a white square plate,45.00,12.00,1.000
dish_1560543729,cauliflower | roasted potatoes | chicken,219.53,213.00,"A plated meal consisting of roasted potatoes, grilled chicken with a glossy sauce, and steamed broccoli on a white square plate",295.00,290.00,0.500
dish_1560787754,bacon,72.64,68.00,"Light breakfast or snack plate with fresh berries, bacon, and what appears to be a small pastry or waffle stick",240.00,150.00,0.500
dish_1560543755,chicken | cauliflower | roasted potatoes | rice noodles,257.92,264.00,"Asian stir-fry dish with noodles, vegetables, and protein served on a white square plate",565.00,290.00,0.286
dish_1560787781,yam,108.63,97.00,"Light breakfast plate with crispy bacon strips, sweet potato hash, and fresh berries (raspberries and blackberries)",350.00,205.00,0.000
dish_1560787817,yam | bagels | cream cheese,292.23,165.00,"Breakfast plate with bagel and cream cheese, bacon strips, and mixed fresh berries",545.00,260.00,0.200
dish_1560788338,yogurt,71.27,121.00,"Single white bowl containing what appears to be sour cream, yogurt, or similar dairy product",240.00,200.00,1.000
dish_1560788384,yogurt,111.20,242.00,Light dessert or snack consisting of fresh strawberries and blueberries with whipped cream in a white bowl,94.00,165.00,0.000
dish_1560798656,cheese pizza,287.17,108.00,A single slice of pizza with tomato sauce and melted cheese on a white square plate,285.00,85.00,1.000
dish_1560788349,yogurt,78.93,134.00,Whipped cream or yogurt topped with fresh strawberry slices in a white bowl,135.00,175.00,1.000
dish_1560798707,cheese pizza,298.02,139.00,A plated meal consisting of a baked salmon fillet with broccoli florets on a white square plate,305.00,150.00,0.000
dish_1560798744,cheese pizza | tofu,357.15,220.00,"Plate with baked fish fillet, fried potato wedges, and steamed broccoli",535.00,340.00,0.000
dish_1560798785,cheese pizza | tofu | cauliflower,379.65,310.00,"Plate with baked fish fillet, breaded shrimp, boiled potatoes, cauliflower, and fresh broccoli garnish",650.00,530.00,0.143
dish_1560798815,cheese pizza | tofu | cauliflower,404.96,341.00,"Plate with baked fish fillet, fried potato wedges, boiled potatoes, and steamed kale",600.00,470.00,0.000
dish_1560798854,tofu | cheese pizza,455.51,372.00,"Plate with baked fish fillet, roasted potatoes, mixed green salad with kale, and what appears to be tempura or battered vegetables",740.00,500.00,0.000
dish_1560798928,tofu | cheese pizza,485.04,399.00,"Plated meal consisting of baked salmon fillet, roasted sweet potato wedges, and mixed green salad with kale and microgreens",410.00,280.00,0.000
dish_1560799113,pizza,98.42,37.00,A single slice of pizza with tomato sauce and cheese on a white square plate,185.00,65.00,1.000
dish_1560798960,tofu | cheese pizza,493.72,429.00,"A plated meal consisting of baked fish fillet, roasted root vegetables, and mixed green salad on a white square plate",445.00,345.00,0.000
dish_1560799277,pizza | broccoli,111.02,73.00,A light meal consisting of steamed broccoli florets and what appears to be a small portion of baked fish or protein with tomato topping on a white square plate,130.00,160.00,0.333
dish_1560799558,pizza,196.84,74.00,Two slices of pizza with tomato sauce and herbs on a white square plate,320.00,140.00,1.000
dish_1560799368,pork,108.40,53.00,"Small portion of cooked meat pieces on a white square plate, appears to be beef or similar protein, displayed on a scale or measurement device",95.00,50.00,0.000
dish_1560799590,pizza,298.02,163.00,"Light meal consisting of a small pizza or flatbread with tomato sauce and herbs, accompanied by a fresh green salad with shredded vegetables and red peppers",325.00,260.00,0.500
dish_1560799407,pork | carrot,220.90,122.00,"A colorful salad composed of mixed greens, green beans, shredded carrots, and what appears to be bacon or crispy meat on a white square plate",138.00,220.00,0.200
dish_1560800836,pepperoni pizza,479.40,170.00,Two slices of pepperoni pizza on a white square plate,520.00,200.00,1.000
dish_1560799615,squash | pizza,332.75,283.00,"A balanced meal plate with roasted vegetables, leafy salad, and what appears to be pizza or flatbread with tomato topping",460.00,400.00,0.250
dish_1560799647,pork | pizza,723.41,474.00,"Mixed plate with grilled meat, roasted potatoes, fresh salad greens, tomato, and what appears to be a flatbread or naan with toppings",805.00,615.00,0.000
dish_1560800918,kale,70.83,40.00,"Plated salad with mixed greens, roasted beets, and garnishes on a white square plate",103.00,135.00,0.000
dish_1560800951,cauliflower | kale,102.83,168.00,"Plated meal consisting of mashed potatoes, roasted cauliflower, and a mixed green salad with roasted vegetables",355.00,440.00,0.143
dish_1560801020,cauliflower | chicken breast | bulgur,346.34,250.00,"Mixed plate with ground meat, mashed potatoes, green beans, beets, and fresh greens on a white square plate",475.00,340.00,0.000
dish_1560800988,cauliflower | bulgur,314.87,230.00,"Mixed grain and vegetable bowl with cauliflower, ground meat, leafy greens, and beetroot on a white square plate",515.00,485.00,0.143
dish_1560801773,cauliflower,13.50,54.00,Small portion of what appears to be cauliflower florets on a white square plate,34.00,85.00,1.000
dish_1560801041,pork | chicken breast | cauliflower | bulgur,432.24,292.00,"Mixed protein and vegetable plate with mashed potatoes, quinoa, roasted meat pieces, and fresh greens on a white square plate",580.00,445.00,0.000
dish_1560801797,squash | cauliflower,25.66,96.00,"A plated fine dining presentation with roasted potato chips, cauliflower florets, and what appears to be a dark protein or vegetable component on a white square plate",88.00,90.00,0.250
dish_1560801829,pepperoni pizza | cauliflower,256.90,178.00,"Light meal consisting of pizza, potato chips, eggplant, cauliflower, and what appears to be a dark vegetable or protein item on a white square plate",480.00,260.00,0.333
dish_1560801883,chicken breast | pepperoni pizza | pork,512.11,315.00,"Mixed meat and vegetable plate with sliced meat, roasted potatoes, mashed potatoes, eggplant, and what appears to be a meat/cheese topped item",560.00,400.00,0.143
dish_1560802048,squash | kale,47.21,83.00,"A plated meal consisting of roasted squash cubes with what appears to be a dark glaze or sauce, and a generous portion of chopped kale salad, served on a white square plate",160.00,205.00,1.000
dish_1560802006,kale,35.93,44.00,A small portion of mixed green salad with leafy greens and what appears to be shredded cheese on a white square plate,30.00,48.00,0.500
dish_1560801859,pepperoni pizza | pork,428.70,262.00,"Mixed grill plate with roasted vegetables, meat, and protein items on a white square plate",468.00,365.00,0.000
dish_1560802092,squash | chicken breast | kale,118.03,128.00,"Plated meal consisting of grilled protein, roasted squash, sautéed leafy greens, and garnish on a white square plate",300.00,315.00,0.750
dish_1560802149,chicken breast | pork,365.52,249.00,"Mixed protein and vegetable plate featuring sliced meat, poultry, roasted vegetables, sautéed greens, and fresh vegetable sides on a white square plate",485.00,415.00,0.167
dish_1560802562,lemon juice | bulgur | kale | chickpeas,8.85,5.00,Minimal salad with mixed greens on a white square plate,8.00,25.00,0.000
dish_1560802730,chicken breast,101.70,64.00,A plated dish consisting of protein with fresh greens on a white square plate,218.00,205.00,0.000
dish_1560802764,chicken breast | squash,111.83,99.00,"Plated restaurant dish with grilled protein, roasted vegetables, and fresh greens on a white square plate",355.00,273.00,0.200
dish_1560802853,squash | white rice | chicken breast,136.53,118.00,"A plated meal consisting of grilled salmon, roasted squash, fresh arugula salad, and a white creamy sauce on a square white plate",470.00,300.00,0.167
dish_1560874548,,41.04,72.00,White frosted cake with fresh strawberry and blueberry garnish on top,304.00,195.00,0.000
dish_1560874667,bacon,100.55,83.00,"Dessert plate with whipped cream base, fresh strawberries, blueberries, and what appears to be chocolate sauce or coulis arranged decoratively",261.00,195.00,0.000
dish_1560874726,bacon | yam,177.49,145.00,"Breakfast plate with fresh fruits, bacon, and hash browns on a white square plate",316.00,260.00,0.333
dish_1560887408,pizza,324.52,122.00,"A small portion of what appears to be a baked or pan-fried dish with tomato sauce, cheese, and herbs on a white square plate",95.00,65.00,0.000
dish_1560874751,bacon | bagels | cream cheese | yam,379.99,220.00,"Breakfast plate with toasted bagel with cream cheese, bacon, roasted sweet potato cubes, and fresh berries",645.00,345.00,0.333
dish_1560887435,pizza | kale,364.53,171.00,"A plated meal consisting of sautéed kale with tofu cubes on the left side and what appears to be pan-fried tofu or tempeh with tomato sauce on the right side, served on a white square plate",205.00,220.00,0.333
dish_1560888817,roasted potatoes,47.94,34.00,A white square plate with roasted potatoes and what appears to be a small portion of meat (possibly beef or pork),150.00,160.00,0.500
dish_1560887457,pizza,389.26,246.00,"Vegetarian meal with roasted vegetables, kale, and what appears to be tofu or cheese skewers on a white square plate",270.00,315.00,0.000
dish_1560887480,pizza | beef,668.08,374.00,"Plated meal with grilled meat, roasted vegetables, leafy greens, and potatoes on a white square plate",410.00,405.00,0.111
dish_1560888849,chicken | roasted potatoes,168.96,107.00,"Protein-based meal with baked/grilled chicken breast topped with nuts and seeds, accompanied by roasted potato wedges",595.00,355.00,0.667
dish_1560889008,carrot,41.29,84.00,A white square plate with sliced red peppers arranged on it,24.00,100.00,0.000
dish_1560888893,roasted potatoes | chicken | white rice,213.16,141.00,"Plate with protein, starch, and vegetable components. Appears to be chicken or fish with rice and roasted potatoes.",510.00,320.00,0.750
dish_1560888930,white rice | chicken | roasted potatoes,224.93,151.00,"Plated meal with protein, starch, vegetables, and roasted potatoes on a white square plate",567.00,380.00,0.600
dish_1560889032,carrot | chicken,246.87,208.00,"Plated appetizer or side dish featuring a spread/dip with garnish, roasted red peppers, and crispy accompaniment on a white square plate",159.00,142.00,0.000
dish_1560961012,cream cheese | bagels,191.70,71.00,A bagel with cream cheese spread on a white plate,235.00,85.00,1.000
dish_1560961059,cream cheese | bagels | sweet potato,268.46,172.00,"Light meal consisting of roasted root vegetables, what appears to be a bagel or bread roll with spread, and a beverage",300.00,180.00,0.500
dish_1560961179,scrambled eggs,153.92,104.00,"A small portion of what appears to be rice krispies cereal or similar puffed rice cereal with red/orange coloring, served on a white square plate",45.00,12.00,0.000
dish_1560889061,carrot | chicken,402.51,281.00,"A plated meal consisting of mixed green salad with dark leafy greens, sliced poultry (likely chicken breast), decorative carrot slices, and what appears to be a sauce or dressing component",255.00,250.00,0.500
dish_1560961107,bagels | cream cheese | sweet potato,352.82,320.00,"A dessert plate featuring fresh berries, toasted bread cubes, and a spread (likely cream cheese or similar), arranged on a white square plate",191.00,190.00,0.200
dish_1560961202,scrambled eggs | broccoli,171.07,153.00,"A plated dish consisting of what appears to be shrimp or seafood with breadcrumb coating, served with fresh green leafy vegetables (likely lettuce or mixed greens) on a white square plate",193.00,130.00,0.000
dish_1560961261,broccoli | scrambled eggs,192.52,218.00,"Plate with scrambled eggs or egg-based preparation, fresh parsley garnish, and sliced tomatoes",280.00,290.00,0.250
dish_1560973958,pecans | lime | raisins | arugula,145.31,121.00,A plated meal consisting of a portion of cooked lentils and fresh arugula salad on a white square plate,107.00,115.00,0.200
dish_1560961385,sweet potato | scrambled eggs | broccoli,249.52,293.00,"Mixed protein and vegetable plate with shrimp, tofu, fresh greens, and tomato slices on a white square plate",260.00,310.00,0.000
dish_1560973936,arugula,75.24,44.00,A small portion of mixed green salad on a white square plate,12.00,40.00,1.000
dish_1560973984,broccoli,171.21,195.00,A salad plate with mixed greens and a warm lentil-based side dish,220.00,260.00,0.000
dish_1560974707,spinach (raw) | black beans,55.03,60.00,"Small green salad with mixed leafy greens, cherry tomato, and what appears to be nuts or seeds on a white square plate",40.00,83.00,0.250
dish_1560974769,white rice,3943.33,3051.00,A plated meal consisting of a portion of cooked rice with vegetables and a fresh green salad with tomato on a white square plate,220.00,270.00,0.333
dish_1560974009,chicken thighs | broccoli,482.98,409.00,"A plate with crispy fried onions/shallots mixture, ground meat patty, and fresh green leafy vegetables (appears to be arugula or mixed greens)",635.00,280.00,0.000
dish_1560975346,chicken thighs,326.34,224.00,"A bowl of what appears to be baked beans in tomato sauce, served in a white bowl on a wooden tray. A red sneaker is visible in the lower left corner for scale reference.",185.00,280.00,0.000
dish_1560975517,broccoli | caesar salad,42.39,99.00,"A plate with sautéed cabbage and broccoli, appearing to be a vegetable-based side dish",100.00,185.00,0.333
dish_1560975491,caesar salad,37.84,86.00,"Stir-fried vegetables with what appears to be cabbage, zucchini, and egg on a white square plate",168.00,190.00,0.000
dish_1560975601,chicken thighs | caesar salad,233.94,253.00,"Plate with stir-fried vegetables, fried protein, and fresh herbs on white square plate",375.00,335.00,0.200
dish_1560975628,caesar salad | cheese pizza | chicken thighs,348.27,296.00,"Asian meal with stir-fried vegetables, tofu or similar protein, and what appears to be meat or additional protein items with garnish",480.00,465.00,0.000
dish_1560976044,,124.67,137.00,Asian stir-fried noodle dish with vegetables and garnish on a white square plate,358.00,188.00,0.000
dish_1561049320,bacon,102.79,19.00,Plate of cooked bacon strips on a white square plate,280.00,45.00,1.000
dish_1561049373,scrambled eggs | bacon,290.75,146.00,Breakfast plate with bacon strips and hash browns on a white square plate,600.00,190.00,0.333
dish_1561049409,bacon | scrambled eggs,317.78,197.00,"Breakfast plate with bacon, scrambled eggs, and fresh raspberries on a white square plate",565.00,235.00,1.000
dish_1561049435,cantaloupe | scrambled eggs | bacon,338.18,257.00,"Breakfast plate with bacon, scrambled eggs, hash browns, and fresh fruit (melon and berries)",570.00,380.00,0.750
dish_1561060477,pineapple | cheese pizza,141.02,105.00,Simple meal consisting of boiled/steamed potatoes and what appears to be a breaded and baked fish or protein fillet,275.00,250.00,0.000
dish_1561060448,cheese pizza,109.02,41.00,Single portion of baked pasta with cheese and tomato sauce on a white plate,280.00,120.00,0.000
dish_1560975572,caesar salad,96.99,159.00,"A plated meal consisting of sautéed vegetables with eggs, fresh herbs, and what appears to be a protein-based side dish",336.00,240.00,0.000
dish_1561060503,pineapple | cheese pizza,145.31,138.00,"Light meal consisting of fried potatoes, cucumber slices, and what appears to be a cheese-based protein item, plated on a white square plate",408.00,230.00,0.250
dish_1561060531,brussels sprouts | cheese pizza | pineapple,162.08,177.00,"Light meal consisting of protein, starch, and vegetables served on a white square plate",173.00,210.00,0.000
dish_1561060558,pineapple | brussels sprouts | tofu | cheese pizza,194.20,221.00,"Plated meal with protein, starch, and vegetables including what appears to be salmon or fish fillet, potatoes, green beans, celery, and tofu or white cheese",532.00,465.00,0.125
dish_1561060613,salmon | pineapple | cheese pizza | tofu | brussels sprouts,323.67,304.00,"A plated meal consisting of salmon fillet, roasted potatoes, sautéed tofu with green onions, steamed leek, and jalapeño peppers",640.00,530.00,0.250
dish_1561060787,brussels sprouts,46.46,91.00,A small portion of roasted Brussels sprouts on a white square plate,45.00,75.00,1.000
dish_1561060642,pasta | beef | tofu | pineapple | salmon | cheese pizza,468.41,387.00,"Mixed protein and vegetable plate with fried items, tofu, vegetables, and starches",957.00,475.00,0.091
dish_1561060703,pasta | pineapple | salmon | tofu | cheese pizza | beef,538.47,445.00,"Mixed protein and vegetable plate with salmon, tofu, potatoes, lettuce, and green vegetables",563.00,500.00,0.200
dish_1561060925,brussels sprouts | tofu,93.91,156.00,"Vegetable side dish consisting of roasted/sautéed Brussels sprouts, green beans, and what appears to be diced potatoes or cauliflower with herbs and seasonings",138.00,205.00,0.200
dish_1561060976,salmon | tofu | brussels sprouts | brown rice,265.51,266.00,Asian-inspired meal with protein and vegetable sides on a white square plate,420.00,470.00,0.333
dish_1561061123,tofu | salmon | bulgur | brussels sprouts,399.43,357.00,"Plated meal with grilled chicken breast, roasted brussels sprouts, arugula salad, and grain-based side dish",525.00,450.00,0.143
dish_1561061593,kale,42.46,52.00,A small portion of mixed leafy greens and herbs on a white square plate,33.00,43.00,0.500
dish_1561061658,brussels sprouts | kale | bulgur,226.00,227.00,"Mixed green salad with black olives, roasted Brussels sprouts, and leafy greens on a white square plate",143.00,210.00,0.500
dish_1561062171,pasta | beef,101.14,58.00,A minimalist plated meal consisting of fried potato wedges and what appears to be a small portion of sautéed greens or herb garnish on a white square plate,305.00,115.00,0.000
dish_1561061630,bulgur | kale,186.68,150.00,"Mixed green salad with leafy greens, cherry tomato, and what appears to be cheese or other toppings on a white square plate",110.00,115.00,0.200
dish_1561061687,salmon | brown rice | brussels sprouts | bulgur,508.35,408.00,"A plate with terrine or pâté, roasted green beans, mixed green salad with tomato, and herbs",365.00,345.00,0.000
dish_1561062237,beef | pasta | salmon,182.26,110.00,A plated meal consisting of fried potato wedges/fries with a small portion of what appears to be breaded and fried protein (possibly chicken or fish) garnished with fresh herbs on a white square plate,382.00,168.00,0.000
dish_1561062555,apple | shallots | bulgur | lemon juice | arugula | garlic,47.09,32.00,"Simple salad with mixed greens, black olives, and red peppers on a white plate",55.00,115.00,0.143
dish_1561062320,white rice | salmon | beef | pasta,307.87,202.00,"Plated meal consisting of a green salad with vegetables, white rice, grilled/pan-fried meat (appears to be chicken or pork), and fried potato wedges, garnished with a black olive",602.00,428.00,0.125
dish_1561062286,beef | pasta | white rice | salmon,256.36,167.00,"Plated meal consisting of white rice, grilled or pan-seared protein (appears to be chicken or fish), crispy fried potatoes, and fresh herbs as garnish on a white square plate",520.00,280.00,0.143
dish_1561134102,watermelon,24.30,81.00,Watermelon chunks on a white plate,46.00,140.00,1.000
dish_1561062586,white rice,121.19,89.00,"A light salad plate with mixed greens, cherry tomatoes, black olives, and white rice on a square white plate",185.00,220.00,0.333
dish_1561134128,watermelon,58.50,141.00,"Light fruit plate consisting of fresh strawberries (sliced and cubed), blueberries, arranged on a white square plate",40.00,140.00,0.000
dish_1561134156,watermelon | sweet potato,118.54,220.00,"Light snack plate with fried tofu cubes, fresh berries, and watermelon chunks",215.00,360.00,0.333
dish_1561145732,orange with peel,19.70,67.00,Minimalist meal consisting of two small oranges or tangerines on a white square plate,82.00,225.00,0.000
dish_1561146781,bagels | apple,300.10,223.00,Two whole apples on a white square plate,200.00,382.00,0.333
dish_1561146758,bagels,232.50,93.00,Single bagel on a white square plate,210.00,55.00,1.000
dish_1561147944,arugula,42.37,34.00,A small salad portion consisting of mixed green and red leafy vegetables on a white plate,20.00,95.00,0.000
dish_1561147967,cheese pizza,177.98,85.00,A plated meal consisting of a protein item with tomato sauce and a side salad with mixed greens on a white plate,205.00,205.00,0.500
dish_1561148303,cheese pizza,119.65,45.00,Single slice of cheese pizza on a white square plate with an orange utensil,285.00,100.00,1.000
dish_1561147997,cheese pizza,185.18,133.00,"A plated meal consisting of a protein item with melted cheese, roasted vegetables including potatoes and zucchini, and a mixed green salad with purple/red leafy greens",350.00,310.00,0.333
dish_1561148042,ground turkey | cheese pizza,370.76,245.00,"Balanced plate meal with protein, vegetables, and starches. Includes what appears to be meatloaf or pâté, fresh green beans, roasted potatoes, leafy green salad with beetroot, and a cheese-topped item.",495.00,505.00,0.167
dish_1561148336,cheese pizza,128.10,68.00,"Light plated meal with a protein item, fresh greens salad, and cucumber garnish on a white square plate",208.00,175.00,0.000
dish_1561148021,cheese pizza | ground turkey,361.77,216.00,"A plated meal consisting of protein, starches, and vegetables on a white square plate. Includes what appears to be meatloaf or ground meat patty, rice pilaf, roasted vegetables, and a fresh green salad.",640.00,490.00,0.000
dish_1561148481,cheese pizza | ground turkey,281.28,140.00,"Plated meal consisting of two protein items (appears to be fish or seafood dishes), fresh salad greens with cucumber, and what appears to be a sauce or spread on the side",410.00,330.00,0.000
dish_1561392386,sausage,175.75,51.00,Small plate with approximately 5-6 roasted or fried potato balls and a small amount of what appears to be a condiment or sauce,180.00,90.00,0.000
dish_1561392410,sausage | broccoli,187.30,84.00,"A plated meal consisting of roasted potatoes, steamed broccoli, and what appears to be a garnish of citrus segments on a white square plate",145.00,230.00,0.250
dish_1561392430,sausage | broccoli,208.75,149.00,"A plated meal consisting of sliced red bell pepper, steamed broccoli, roasted potatoes, and what appears to be a small portion of crackers or bread on a white square plate",170.00,245.00,0.200
dish_1561392512,,42.75,75.00,A minimalist plate presentation with fresh berries on a white square plate,39.00,110.00,
dish_1561392459,sausage | scrambled eggs,395.23,275.00,"Mixed vegetable and protein plate with scrambled eggs, fresh vegetables, and roasted mushrooms on a white square plate",300.00,395.00,0.167
dish_1561392593,broccoli | scrambled eggs,354.04,325.00,"Balanced plate with rice pilaf, roasted broccoli, and fresh berries with strawberries",395.00,440.00,0.333
dish_1561392570,broccoli,149.80,187.00,"Light healthy meal with fresh vegetables, strawberries, blueberries, and what appears to be a yogurt or dairy-based dressing/sauce",134.00,335.00,0.333
dish_1561392632,bacon | scrambled eggs,500.11,352.00,"A balanced breakfast plate with scrambled eggs, bacon, roasted vegetables, and fresh berries",420.00,340.00,0.667
dish_1561392543,radishes | garlic | bell peppers | cucumbers,126.00,119.00,"Light meal consisting of a salad with leafy greens and julienned vegetables, fresh berries, and what appears to be a white cheese or dairy component",130.00,255.00,0.000
dish_1561392710,watermelon,31.80,106.00,A white square plate with red bell pepper strips arranged on it. Minimal meal with only raw vegetables visible.,24.00,120.00,0.000
dish_1561393550,cottage cheese,172.48,176.00,"A bowl of what appears to be mashed potatoes or similar white creamy starch, photographed from above on a wooden surface with a 3D printer visible in the background",180.00,200.00,0.000
dish_1561392734,watermelon,84.24,198.00,"Fresh fruit plate with strawberries, watermelon chunks, and blueberries arranged on a white square plate",56.00,160.00,1.000
dish_1561393649,pineapple | cottage cheese,271.54,359.00,"Mixed fresh fruit salad in a white bowl, containing diced pineapple, strawberries, and blueberries",77.00,195.00,0.500
dish_1561393715,broccoli,17.15,49.00,A small portion of roasted or air-fried broccoli florets on a white square plate,35.00,85.00,1.000
dish_1561393619,cottage cheese,234.04,284.00,Bowl of fresh berries and sliced strawberries - appears to be a light fruit snack or breakfast component,56.00,175.00,0.000
dish_1561393741,broccoli | scrambled eggs,188.83,165.00,A light meal consisting of roasted broccoli and what appears to be a cheese-based or curry-flavored rice/grain dish on a white square plate,200.00,205.00,0.333
dish_1561393764,broccoli | scrambled eggs | bacon,280.80,182.00,"A plate with roasted broccoli, bacon strips, and what appears to be scrambled eggs or hash browns on a white square plate",345.00,190.00,1.000
dish_1561404438,cauliflower | garlic | lime,366.07,169.00,Stir-fried beef with potatoes and green peppers on a white square plate,430.00,239.00,0.000
dish_1561404458,carrot,410.31,259.00,"Grilled meat and vegetable skewer plate with sliced tomatoes, bell peppers, and grilled vegetables",372.00,350.00,0.000
dish_1561404485,carrot,511.37,349.00,"Mixed grill plate with sliced sausage/meat, roasted potatoes, sautéed bell peppers, and grilled vegetables including green beans and mixed greens",505.00,370.00,0.000
dish_1561404924,kale,31.84,39.00,Minimal plate with sautéed kale and what appears to be a small portion of potato or root vegetable,70.00,115.00,0.500
dish_1561404505,carrot | broccoli,543.92,442.00,"Mixed grill plate with meat, roasted vegetables, and fresh salad greens on a white square plate",485.00,440.00,0.333
dish_1561404956,chicken | kale,97.60,82.00,Light meal consisting of a fried protein item and sautéed leafy greens on a white square plate,255.00,175.00,0.333
dish_1561405008,chicken | kale,156.43,134.00,A plate with sautéed leafy greens and what appears to be a small portion of cooked protein,130.00,225.00,0.667
dish_1561405332,broccoli,18.55,53.00,Three small florets of raw broccoli on a white square plate,32.00,80.00,1.000
dish_1561405034,chicken | kale,178.28,153.00,"A plated meal consisting of dark olives, fried potato or vegetable fritter, and two portions of leafy greens (appears to be kale or similar dark leafy vegetable) with garnish on a white square plate",207.00,230.00,0.200
dish_1561405356,broccoli | chicken | white rice,206.65,176.00,"Plated protein dish with sliced poultry, microgreens garnish, and roasted broccoli florets on a white square plate",225.00,190.00,0.500
dish_1561405836,cheese pizza,82.43,31.00,A single baked good (appears to be a scone or biscuit with cinnamon sugar topping) on a white plate,180.00,60.00,0.000
dish_1561405389,broccoli | chicken,265.98,223.00,"Plated protein dish with sliced meat, green vegetables, and garnish on white square plate",272.00,285.00,0.500
dish_1561405411,broccoli | chicken,332.06,282.00,Plated protein with herb crust served on a bed of fresh green salad with diced vegetables,380.00,275.00,0.200
dish_1561405864,cheese pizza | chicken,197.12,106.00,"Light meal consisting of a savory baked item, what appears to be a meat-based dish with herbs, on a white square plate",180.00,100.00,1.000
dish_1561405887,cheese pizza | chicken | carrot,213.34,139.00,"Light protein meal with roasted vegetables and a baked good, plated on a white square dish",340.00,250.00,0.667
dish_1561406762,carrot,17.21,35.00,Small portion of cooked carrots on a white square plate,35.00,85.00,1.000
dish_1561405912,cheese pizza | chicken,270.88,196.00,"Mixed plate with protein, starch, and vegetables including what appears to be meat, a baked item, sautéed greens, and roasted peppers",425.00,315.00,0.667
dish_1561406789,white rice | carrot,184.91,164.00,Simple meal consisting of cooked rice and roasted red peppers on a white square plate,243.00,260.00,0.500
dish_1561405934,cheese pizza | chicken | broccoli,287.33,243.00,"Mixed plate with protein, starch, and vegetables including what appears to be breaded fish or meat, rice/grain item, broccoli, sautéed greens, and roasted red peppers",760.00,585.00,0.500
dish_1561406817,carrot | white rice,273.39,243.00,"A plate with yellow rice pilaf, white rice, sliced carrots, and what appears to be a protein item",645.00,420.00,0.500
dish_1561407208,chicken,44.35,29.00,"A white square plate containing a small portion of what appears to be a cooked meat item, likely beef or similar protein, with brown coloring and visible texture",85.00,45.00,0.000
dish_1561407249,chicken,73.88,56.00,"A salad plate with mixed greens, vegetables, and what appears to be a protein component",130.00,175.00,0.000
dish_1561407283,chicken | carrot,88.63,86.00,"A plate with roasted red peppers, sautéed green vegetables (appears to be peppers or similar), and what looks like sautéed mushrooms or another cooked vegetable on a white square plate",105.00,240.00,0.000
dish_1561480391,,64.41,113.00,A small plate of fresh berries consisting of red raspberries and black berries (likely blackberries) arranged on a white square plate,56.00,100.00,
dish_1561407312,chicken | carrot,127.83,121.00,"Plate with roasted vegetables, rice pilaf, and what appears to be a meat protein. Includes roasted carrots, green beans, yellow rice with spices, and a portion of cooked meat.",395.00,350.00,0.200
dish_1561480439,turkey bacon | pineapple,155.16,189.00,Mixed berry and tropical fruit plate with chocolate pieces on a white square plate,168.00,160.00,0.000
dish_1561481577,bacon,200.17,37.00,Single serving of cooked bacon strips on a white square plate,280.00,32.00,1.000
dish_1561481606,bacon | scrambled eggs,354.09,141.00,"Breakfast meal consisting of scrambled eggs with cheese, bacon strips, and hash browns on a white square plate",580.00,285.00,0.667
dish_1561480460,pineapple | scrambled eggs | turkey bacon,285.40,277.00,"Fruit and protein plate containing mixed berries, mango chunks, and what appears to be scrambled eggs with chocolate",314.00,295.00,0.200
dish_1561481634,scrambled eggs | bacon | yam,462.06,228.00,"Breakfast plate with scrambled eggs, bacon strips, and roasted sweet potato cubes",630.00,280.00,0.500
dish_1561480414,turkey bacon,125.16,129.00,"A plate with fresh berries and what appears to be a meat protein, arranged on a white square plate",170.00,130.00,0.000
dish_1561491121,spinach (raw),31.46,28.00,Minimalist plated dish with sautéed dark leafy greens and sliced apple on a white square plate,40.00,75.00,0.500
dish_1561481673,honeydew melons | yam | bacon | scrambled eggs,496.62,324.00,"Plate with rice pilaf, bacon strips, roasted sweet potato cubes, and fresh melon cubes",540.00,450.00,0.333
dish_1561491154,fish,166.14,158.00,"A plated dish consisting of a fish or poultry protein with a cream or butter sauce, garnished with fresh green basil leaves on a white square plate",283.00,145.00,0.500
dish_1561491180,fish | wild rice,236.35,217.00,"Plated meal consisting of yellow rice with herbs, a protein item (appears to be chicken or fish), and sautéed dark leafy greens",380.00,330.00,0.667
dish_1561492182,fried rice,250.17,171.00,Plate with yellow rice and fresh green leafy vegetables (appears to be spinach or similar greens),305.00,280.00,0.500
dish_1561492161,spinach (raw),48.31,43.00,Sautéed leafy greens (appears to be spinach or similar) with minimal garnish on a white square plate,80.00,90.00,0.500
dish_1561491210,wild rice | fish | cauliflower,251.10,276.00,"Plated meal consisting of what appears to be seared meat, sautéed leafy greens, and shredded potatoes on a white square plate",475.00,310.00,0.000
dish_1561492204,fried rice | chicken | millet,488.64,334.00,"Plated meal consisting of yellow rice, sautéed spinach, and a breaded/crusted protein with tomato sauce",635.00,380.00,0.500
dish_1561492519,banana with peel | wheat bread,271.32,206.00,Simple meal consisting of whole grain bread and a banana on a white plate,185.00,148.00,1.000
dish_1561492228,chicken | fish | fried rice,648.18,488.00,"Mixed plate with yellow rice, sautéed greens, ground meat preparation, and what appears to be a tomato-based protein item",760.00,520.00,0.167
dish_1561492628,caesar salad,13.64,31.00,Small appetizer or side dish consisting of breaded/fried vegetable items on a white square plate,108.00,98.00,0.000
dish_1561493975,arugula,130.85,106.00,"A plate of wilted/sautéed mixed greens, appearing to be spinach or similar leafy vegetables with some browning, served on a white square plate",45.00,85.00,0.000
dish_1561492687,fish | caesar salad | fried rice,105.61,108.00,"A plated meal consisting of scrambled eggs, roasted potatoes with vegetables, green salad with dressing, and what appears to be grilled or roasted meat",610.00,370.00,0.000
dish_1561492665,caesar salad | fish,81.95,93.00,A plated meal consisting of grilled or sautéed protein with vegetables on a white square plate,300.00,290.00,0.000
dish_1561492703,caesar salad | fried rice | fish,113.13,134.00,"Mixed plate with roasted poultry, starches, and vegetables arranged on a white square plate",435.00,335.00,0.000
dish_1561567053,watermelon,26.10,87.00,Small portion of diced watermelon on a white plate,42.00,110.00,1.000
dish_1561567086,watermelon | yam,142.75,181.00,Raw vegetable cubes consisting of cooked sweet potato and raw watermelon on a white diamond-shaped plate,115.00,230.00,0.333
dish_1561494001,squash | arugula,162.69,216.00,"A plated meal consisting of roasted root vegetables, sautéed leafy greens, and what appears to be a small portion of dark leafy green vegetable, served on a white square plate",135.00,210.00,0.250
dish_1561494032,arugula | squash | cauliflower,185.44,307.00,"A plate with roasted potatoes, mixed vegetables including bell peppers and olives, served with fresh greens (appears to be arugula or mixed leafy greens)",215.00,260.00,0.167
dish_1561574215,lettuce,93.24,134.00,"Mixed green salad with dark leafy greens, purple onion, cherry tomatoes, and dressing, served on a white square plate",96.00,180.00,0.250
dish_1561574368,caesar salad,22.00,50.00,"Caesar salad with romaine lettuce, croutons, and parmesan cheese - a modest portion plated on a square white dish",151.00,80.00,0.250
dish_1561574394,caesar salad | arugula,61.50,82.00,"A salad plate with mixed greens, green beans, black olives, and what appears to be a breaded/fried protein item, arranged vertically on a white square plate",263.00,265.00,0.000
dish_1561574428,caesar salad | arugula | cauliflower,84.00,172.00,"Vegetable medley plate with roasted vegetables including broccoli, cauliflower, leafy greens, and what appears to be black olives, served on a white square plate",175.00,310.00,0.167
dish_1561574600,eggplant,32.98,100.00,"Roasted potato and eggplant pieces on a white square plate, appearing to be seasoned with oil and herbs",170.00,270.00,0.500
dish_1561574479,beef | cauliflower | cheese pizza | caesar salad,363.61,293.00,"Mixed plate with salmon, roasted vegetables including broccoli and leafy greens, potatoes, and what appears to be a grain or lentil-based item",605.00,535.00,0.000
dish_1561574456,caesar salad | cheese pizza | cauliflower,203.66,217.00,"Grilled salmon fillet with roasted vegetables including broccoli, leafy greens, and potatoes on a white square plate",465.00,395.00,0.000
dish_1561574623,eggplant | chicken,117.60,152.00,"Roasted eggplant cubes with what appears to be a white sauce or dip, served on a white square plate",160.00,260.00,0.333
dish_1561574783,arugula,29.63,24.00,Small portion of mixed green salad leaves on a white square plate,8.00,25.00,0.000
dish_1561574815,arugula | lettuce,74.85,89.00,Mixed green salad with vegetables on a white square plate,80.00,145.00,0.200
dish_1561574974,eggplant,50.13,152.00,"A small portion of roasted vegetables, primarily eggplant and potatoes on a white square plate",140.00,195.00,0.500
dish_1561574848,chicken,182.26,155.00,"Mixed green salad with grilled chicken breast, red peppers, and what appears to be a white cheese or feta topping",325.00,320.00,0.200
dish_1561575170,cauliflower,42.75,171.00,"Boiled or steamed potatoes with fresh herbs (appears to be parsley), served on a white square plate",148.00,225.00,0.000
dish_1561575033,chicken | eggplant,354.45,339.00,"Mixed protein and vegetable dish with what appears to be chicken or fish, roasted vegetables, and a grain or rice-based component on a white square plate",395.00,335.00,0.200
dish_1561575192,arugula | cauliflower,122.99,236.00,A meal consisting of mashed potatoes and a green leafy salad served on a white square plate,205.00,280.00,0.333
dish_1561575068,eggplant | chicken,421.94,436.00,"Mixed salad/grain bowl with roasted vegetables, greens, and protein component on a square white plate",327.00,245.00,0.000
dish_1561575327,roasted potatoes | beef,453.68,289.00,"Plate with roasted meat (appears to be beef), roasted potatoes, and sautéed green peppers on a white square plate",760.00,500.00,0.667
dish_1561575274,millet | beef,305.18,145.00,"Three small patties or croquettes of mixed composition on a white square plate, appearing to be fried or baked items with brown and greenish coloring",255.00,135.00,0.000
dish_1561575300,bell peppers | millet | beef,326.78,199.00,Plate with three meat patties/croquettes and sautéed green bell pepper strips on a white square plate,455.00,260.00,0.667
dish_1561575410,cauliflower,16.00,64.00,Small portion of what appears to be breaded and fried potato or cauliflower pieces on a white square plate,95.00,50.00,1.000
dish_1561575347,roasted potatoes | pizza | beef,554.76,327.00,"Plated meal with roasted potatoes, ground beef patty with cheese and red peppers, sautéed green peppers, and what appears to be additional meat portions",700.00,455.00,0.286
dish_1561575445,eggplant | cauliflower,35.46,123.00,A plate with roasted potatoes and what appears to be roasted vegetables including eggplant and possibly red pepper,145.00,225.00,0.333
dish_1561575474,eggplant | roasted potatoes | cauliflower,120.06,183.00,"Mixed vegetable and protein plate with diced potatoes, roasted vegetables including eggplant and mushrooms, served on a white square plate",173.00,265.00,0.333
dish_1561575506,roasted potatoes | beef,562.04,393.00,"Plated meal consisting of sliced medium-rare steak with herbs, roasted potatoes with seasonings, and grilled eggplant",580.00,430.00,0.500
dish_1561575613,arugula,86.41,70.00,Mixed green salad with vegetables and garnishes on a white square plate,98.00,112.00,0.250
dish_1561575908,cheese pizza,106.36,40.00,Single baked item with cheese and tomato sauce on a white square plate,120.00,65.00,1.000
dish_1561575661,beef,418.95,228.00,"A plated salad with mixed greens, ground meat, grains, and garnishes on a white square plate",370.00,235.00,0.200
dish_1561575688,beef | roasted potatoes,607.89,362.00,"Mixed salad with grilled meat, roasted potatoes, and leafy greens on a white square plate",430.00,315.00,0.500
dish_1561575951,cheese pizza | beef,213.70,91.00,"A plated meal consisting of a cheese-topped protein item, ground meat preparation, and sautéed greens on a white square plate",535.00,280.00,0.667
dish_1561575977,parmesan cheese | beef | cheese pizza,261.08,102.00,"Plated meal consisting of a baked cheese-topped item, sliced cheese, cooked meat with herbs, and leafy greens on a white square plate",715.00,285.00,0.750
dish_1561575996,parmesan cheese | beef | cheese pizza,290.98,128.00,"Mediterranean-style plate with protein, cheese, olives, and leafy greens",665.00,405.00,0.286
dish_1561576051,chicken | beef | roasted potatoes | parmesan cheese | cheese pizza,367.89,179.00,"Mixed plate with baked cheese, shredded meat, potatoes, olives, and vegetables on a white square plate",570.00,350.00,0.429
dish_1561576212,roasted potatoes,145.23,103.00,Small portion of crackers on a white square plate,85.00,25.00,0.000
dish_1561576026,parmesan cheese | roasted potatoes | beef | cheese pizza,330.46,156.00,"Mediterranean-style plate with cheese, processed meat, potatoes, olives, and what appears to be a vegetable-based side dish",650.00,380.00,0.333
dish_1561576074,beef | cheese pizza | roasted potatoes | chicken | parmesan cheese,374.55,216.00,"Mediterranean-style plate with protein, cheese, vegetables, and olives",673.00,415.00,0.222
dish_1561576295,roasted potatoes,249.07,232.00,"Light salad plate with mixed greens, red grapes, and seasoned croutons",155.00,170.00,0.000
dish_1561576257,roasted potatoes,180.88,134.00,"Light appetizer plate with red grapes, lettuce, and cheese crackers on a white square plate",185.00,110.00,0.000
dish_1561576449,cauliflower,77.00,308.00,"A plate of mixed roasted vegetables including cauliflower, potatoes, and corn",240.00,340.00,0.333
dish_1561576320,chicken | roasted potatoes,494.80,383.00,"Mixed salad plate with protein, vegetables, crackers and olives",510.00,325.00,0.167
dish_1561576483,cauliflower | beef,209.60,371.00,"A plate with roasted/boiled potatoes, corn, and what appears to be a small portion of cooked meat or protein on the side",325.00,315.00,0.250
dish_1561576590,squash,29.23,101.00,"Small plated dish with grilled vegetables and protein, appears to be a fine dining presentation with minimal portions on a white square plate",123.00,122.00,0.000
dish_1561576618,squash | eggplant,57.92,188.00,"Mixed vegetable and protein stir-fry dish with meat, potatoes, and vegetables on a white square plate",317.00,260.00,0.000
dish_1561576652,cauliflower | squash | eggplant,91.42,322.00,Mixed protein and vegetable meal with cauliflower and roasted vegetables on a white square plate,380.00,430.00,0.600
dish_1561576680,cauliflower | chicken | squash | eggplant,307.86,455.00,"Mixed plate with roasted potatoes, sautéed vegetables, and what appears to be ground meat mixture with herbs",685.00,470.00,0.167
dish_1561576737,squash | eggplant | chicken | cauliflower,357.47,519.00,"Mixed plate with roasted potatoes, sautéed meat with vegetables, fresh green salad, and what appears to be a rice or grain-based salad",885.00,560.00,0.143
dish_1561576707,eggplant | caesar salad | chicken | cauliflower | squash,324.14,492.00,"Mixed plate with roasted potatoes, sautéed vegetables, cooked poultry with herbs, and what appears to be a grain or legume-based side dish",595.00,510.00,0.111
dish_1561576767,squash | eggplant | cauliflower | chicken | pineapple,408.47,621.00,"Mixed plate with roasted potatoes, sautéed leafy greens, diced yellow bell peppers, and what appears to be ground meat or minced protein with herbs",690.00,520.00,0.000
dish_1561576794,beef | chicken | pineapple | cauliflower,654.72,738.00,"Mixed grill plate with sliced beef, roasted potatoes, sautéed vegetables, and salad",920.00,790.00,0.111
dish_1561576916,eggplant | arugula,78.46,98.00,A simple salad bowl with mixed greens and roasted vegetables on a white square plate,100.00,190.00,0.333
dish_1561576887,eggplant,15.50,47.00,"A plate with roasted vegetable cubes, appears to be eggplant and zucchini with some browning/charring",128.00,220.00,0.333
dish_1561576954,chicken,345.34,262.00,"A plate with chicken salad, mixed green salad with leafy greens, and roasted potato cubes",455.00,330.00,0.333
dish_1561577083,cheese pizza,98.38,37.00,A small portion of what appears to be a baked cheese or tomato-based dish on a white square plate,85.00,35.00,1.000
dish_1561577119,tofu | cheese pizza,128.31,78.00,A minimalist meal consisting of cubed white cheese and a small piece of what appears to be pizza or flatbread with tomato sauce and cheese on a white square plate,270.00,140.00,0.333
dish_1561576978,chicken | beef,511.61,341.00,"Plated meal consisting of sliced cured meat, creamy potato-based salad, mixed green salad with croutons, and what appears to be roasted vegetables",560.00,345.00,0.000
dish_1561577146,cheese pizza | tofu,154.24,99.00,"Light appetizer plate with cheese, greens, and tomato-based protein",267.00,150.00,0.333
dish_1561577177,tofu | cheese pizza | roasted potatoes,234.61,156.00,"A plated appetizer or light meal consisting of fresh mozzarella cheese, mixed greens salad, roasted potato wedges, and what appears to be tomato-based protein (possibly salmon or similar)",400.00,265.00,0.500
dish_1561577549,pizza,130.34,49.00,A single small slice of cheese pizza on a white square plate,180.00,65.00,1.000
dish_1561577219,tofu | chicken | cheese pizza | roasted potatoes,308.89,216.00,"Mixed plated meal with protein, vegetables, potatoes, cheese, and eggplant",710.00,420.00,0.125
dish_1561577198,tofu | roasted potatoes | cheese pizza,240.54,174.00,"Plated Mediterranean-style meal with protein, vegetables, starches, and dairy components on a white square plate",357.00,270.00,0.750
dish_1561577573,beef | pizza,755.43,346.00,Plated meal consisting of sliced medium-rare beef with herb garnish and a slice of pepperoni pizza,565.00,255.00,0.667
dish_1561577598,beef | pizza,813.45,393.00,Grilled meat plate with mixed greens salad and tomato slice on white square plate,357.00,300.00,0.250
dish_1561577678,beef | millet,218.89,104.00,Small portion of cooked meat (appears to be beef or similar red meat) with herbs/garnish on a white plate,148.00,90.00,0.333
dish_1561577701,cauliflower | beef,258.64,263.00,"Plated meal consisting of roasted cauliflower, sliced cooked beef, and what appears to be a sauce or garnish",275.00,290.00,1.000
dish_1561578156,eggplant,31.99,97.00,Roasted potato cubes on a white square plate,95.00,110.00,0.000
dish_1561577731,mushroom | cauliflower | beef,274.26,334.00,"Plated meal consisting of sliced cooked beef, roasted cauliflower, boiled potatoes, and what appears to be a mushroom-based sauce or preparation",570.00,460.00,0.750
dish_1561577947,chicken,623.20,424.00,"Mixed protein and vegetable plate with what appears to be shredded chicken or turkey, sautéed greens, fried potato strips, and fresh greens salad on a white plate",542.00,375.00,0.250
dish_1561577848,chicken,413.35,254.00,"A protein-based salad dish served on a white square plate, appearing to be tuna or chicken salad with mayonnaise-based dressing, mixed with vegetables and fresh herbs",538.00,230.00,0.200
dish_1561578226,eggplant | cauliflower,119.22,289.00,"Plated meal with roasted potatoes, sautéed mushrooms, mashed potatoes, and fresh spinach salad",340.00,365.00,0.000
dish_1561578188,cauliflower | eggplant,57.99,201.00,A plate with sautéed mushrooms and diced potatoes,110.00,270.00,0.000
dish_1561578344,cheese pizza,144.26,86.00,Light meal consisting of a small piece of salmon or fish fillet with a mixed green salad on a white square plate,135.00,140.00,0.000
dish_1561578394,cheese pizza | beef | caesar salad,276.04,185.00,"Mixed plate with salmon, ground meat/meatballs, green beans, and leafy greens salad with red cabbage",540.00,375.00,0.000
dish_1561578417,caesar salad | cheese pizza | beef,289.79,240.00,"Mixed plate with protein, vegetables, and starches including what appears to be baked salmon, ground meat, green beans, salad greens, mashed potatoes, and a baked item",575.00,445.00,0.333
dish_1561578373,cheese pizza | caesar salad,164.50,132.00,"A plated meal consisting of a baked/broiled protein with cheese, mixed green salad with various lettuce varieties and vegetables",405.00,325.00,0.167
dish_1561578441,caesar salad | roasted potatoes | beef | cheese pizza,387.08,309.00,"Mixed plate with protein, vegetables, and starches including what appears to be baked fish or chicken, ground meat, potatoes, green beans, and salad greens",498.00,410.00,0.143
dish_1561578570,beef,136.80,65.00,A small portion of mixed green salad with lettuce and herbs on a white square plate,8.00,25.00,0.000
dish_1561578461,beef | roasted potatoes | cheese pizza | chicken,522.15,392.00,"Mixed plate with grilled meat, roasted potatoes, vegetables, salad, and what appears to be cheese or dairy-based dish",910.00,640.00,0.500
dish_1561578603,roasted potatoes | beef,180.51,96.00,Light meal consisting of what appears to be a small portion of cooked vegetables with leafy greens and roasted potato pieces on a white plate,60.00,90.00,0.333
dish_1561578775,cheese pizza,295.15,111.00,Two slices of cheese pizza on a white plate,320.00,140.00,1.000
dish_1561578800,cheese pizza,338.35,146.00,"A plated meal consisting of what appears to be pizza or flatbread with cheese and tomato sauce, accompanied by a fresh green salad with black olives",330.00,195.00,0.500
dish_1561578676,cauliflower | roasted potatoes | beef,212.03,224.00,"A plated meal consisting of sautéed mushrooms, what appears to be a leafy green vegetable side, roasted potatoes, and a protein item (possibly breaded/pan-fried meat or fish). The meal is served on a white square plate.",440.00,400.00,0.167
dish_1561579505,cauliflower,31.50,126.00,"Small portion of what appears to be cauliflower, possibly roasted or battered, on a white square plate",95.00,85.00,1.000
dish_1561578839,cheese pizza | broccoli,362.15,214.00,"Plate with protein, vegetables and salad - appears to be a balanced meal with baked/grilled protein, roasted vegetables, and fresh green salad with black olives",340.00,370.00,0.200
dish_1561578623,roasted potatoes | beef | cauliflower,208.51,208.00,"A light meal consisting of roasted potatoes, what appears to be a breaded/fried protein item, and a green vegetable side on a white square plate",310.00,265.00,0.200
dish_1561578865,pasta | broccoli | cheese pizza,417.19,246.00,"Mixed plate with protein, vegetables, and starches. Includes what appears to be baked fish or poultry, fresh salad greens, roasted vegetables, and pasta or potato.",376.00,435.00,0.400
dish_1561579576,cauliflower | eggplant,78.00,267.00,A plated meal consisting of sautéed mushrooms and mashed potatoes on a white square plate,180.00,260.00,0.000
dish_1561579617,eggplant | cauliflower | roasted potatoes,130.17,304.00,"A plate with sautéed eggplant, mashed potatoes, and roasted potato cubes",320.00,320.00,0.667
dish_1561579673,cauliflower | roasted potatoes | eggplant | chicken,221.30,360.00,"Mixed protein and vegetable plate with roasted eggplant, grilled fish or chicken, mashed potatoes, and herbs",345.00,363.00,0.500
dish_1561579824,beef,185.21,88.00,A single ground meat patty with fresh herb garnish on a white square plate,182.00,88.00,0.500
dish_1561579706,eggplant | beef | roasted potatoes | chicken | cauliflower,284.44,390.00,"Plated meal consisting of grilled/seared meat, roasted vegetables, mashed potatoes, and what appears to be a poultry item with herbs",770.00,505.00,0.667
dish_1561579845,beef | chicken,307.26,163.00,"A plated meal consisting of a brown meat patty/burger, white protein (appears to be fish or chicken), and mixed green vegetables on a white square plate",345.00,220.00,0.250
dish_1561579867,beef | chicken,369.36,217.00,"A plated appetizer or light meal consisting of a protein patty, fresh grapes, cheese with microgreens, and garnish on a white square plate",315.00,188.00,0.200
dish_1561579902,chicken | beef,406.40,247.00,"A plated meal consisting of mixed greens salad, cooked ground meat patty, roasted vegetables, and fresh beetroot slices on a white square plate",315.00,295.00,0.167
dish_1561580278,caesar salad,23.32,53.00,"A small salad composed of leafy greens with what appears to be a vinaigrette or creamy dressing, served on a white square plate",92.00,87.00,0.000
dish_1561579933,chicken | beef,447.45,306.00,"A plated salad with mixed greens, roasted beets, a protein patty, and creamy dressing on a white square plate",310.00,245.00,0.167
dish_1561580322,caesar salad,44.25,76.00,"A salad dish with quinoa, mixed greens, and what appears to be a protein-based topping on a white square plate",315.00,230.00,0.000
dish_1561580370,pasta | caesar salad,126.80,124.00,"A plated dish consisting of protein, pasta, vegetables and garnish on a white square plate",565.00,285.00,0.167
dish_1561580431,chicken | beef | caesar salad | pasta,258.00,197.00,"Mixed plate with sliced meat, roasted potatoes, green salad, and yellow squash or zucchini strips",375.00,385.00,0.167
dish_1561580552,cauliflower,22.25,89.00,Small portion of what appears to be mashed potatoes or a potato-based dish on a white square plate,85.00,75.00,0.000
dish_1561580406,caesar salad | chicken | pasta,203.28,171.00,"Mixed plate with protein, starch, and vegetables including what appears to be ground meat, potatoes, and sautéed vegetables",680.00,350.00,0.000
dish_1561580608,cauliflower,20.25,81.00,Small portion of what appears to be cornflakes or similar breakfast cereal on a white square plate,45.00,12.00,0.000
dish_1561654326,granola,59.79,46.00,"Small mixed green salad with lettuce, dark leafy greens, and red pepper on a white square plate",20.00,65.00,0.000
dish_1561580628,cauliflower | lettuce,72.43,156.00,A plated meal consisting of a mixed green salad with what appears to be a vinaigrette dressing and a serving of mashed potatoes on a white square plate,235.00,245.00,0.333
dish_1561580659,beef | millet,754.35,480.00,"Mixed protein and carbohydrate meal with beef, fried rice, leafy greens, and mashed potatoes on a white square plate",865.00,480.00,0.250
dish_1561654346,brussels sprouts,79.20,84.00,Small salad plate with mixed greens and capers,28.00,92.00,0.000
dish_1561654392,bacon | scrambled eggs,494.07,282.00,"Breakfast plate with scrambled eggs, bacon strips, and mixed green salad on a white square plate",425.00,220.00,1.000
dish_1561654374,scrambled eggs,326.36,251.00,"Plated meal with scrambled eggs, roasted Brussels sprouts, and mixed salad greens",310.00,250.00,0.333
dish_1561654707,scrambled eggs,199.80,135.00,A single portion of cheese puffs or similar cheese-flavored snack on a white square plate,185.00,35.00,0.000
dish_1561654732,sweet potato | scrambled eggs,242.36,191.00,Fried potato preparation served with what appears to be scrambled eggs or egg fried rice mixture on a white square plate,405.00,230.00,1.000
dish_1561661324,caesar salad,33.00,75.00,"A small portion of what appears to be sautéed celery or similar pale green vegetable, lightly cooked with minimal oil, served on a white square plate",28.00,85.00,0.000
dish_1561654756,scrambled eggs | sweet potato | brussels sprouts,256.98,225.00,"A plate with seasoned rice pilaf, sautéed potatoes with green peppers, served on a white square plate",500.00,350.00,0.250
dish_1561661347,green beans | caesar salad,50.67,132.00,"A plate with steamed green beans and what appears to be a potato-based side dish, likely mashed or roasted potatoes with herbs",225.00,320.00,0.333
dish_1561661377,green beans | chicken | caesar salad,306.33,294.00,"Plated meal consisting of a protein with herbs, green beans, and a potato-based side dish",435.00,365.00,0.500
dish_1561661479,pork | white rice,242.18,166.00,A plated meal consisting of sliced zucchini and cooked meat pieces on a white square plate,225.00,250.00,0.333
dish_1561661500,pork | white rice,374.78,268.00,"A plate with mashed potatoes, sliced zucchini, and what appears to be sliced meat (possibly beef or steak)",485.00,430.00,0.000
dish_1561661449,white rice | pork,237.08,115.00,A plate with sautéed mushrooms and what appears to be a protein item with garnish on a white square plate,135.00,193.00,0.000
dish_1561661806,pork,183.48,89.00,"Breakfast plate with scrambled eggs, bacon strips, and green onion garnish on a white square plate",323.00,130.00,0.000
dish_1561661972,green beans,12.09,39.00,A small portion of cooked green beans on a white square plate with a measurement scale visible at the bottom,24.00,60.00,1.000
dish_1561661552,pork | broccoli | white rice,394.73,325.00,"A balanced meal plate with mashed potatoes, steamed broccoli, sliced zucchini, and sautéed mushrooms with what appears to be a protein component",300.00,440.00,0.167
dish_1561661850,pizza | pork,648.98,264.00,"Pizza slices with cheese and tomato sauce, accompanied by sautéed mushrooms and what appears to be a white cheese or cream-based topping",650.00,320.00,0.250
dish_1561662022,green beans | millet,159.69,166.00,"Asian-style salad with spinach leaves, long beans, shredded carrots, and red chili peppers on a white square plate",52.00,160.00,0.200
dish_1561662160,lemon juice | onions | apple | millet,41.84,36.00,"A mixed green salad with dark leafy greens, red tomatoes, and what appears to be a protein component, plated on a white square plate",156.00,150.00,0.000
dish_1561662054,pork,419.44,292.00,"Asian-style meal with spinach salad, stir-fried vegetables, grilled meat, and white rice",309.00,315.00,0.167
dish_1561662190,brown rice,117.32,104.00,Mixed salad plate with grains and leafy greens,235.00,205.00,0.000
dish_1561662358,corn on the cob,96.55,91.00,Two sliced yellow squash rounds on a white square plate,32.00,160.00,0.000
dish_1561662458,corn on the cob,124.82,119.00,A light meal consisting of sautéed vegetables and fried potato croquettes served on a white square plate,255.00,180.00,0.000
dish_1561662501,corn on the cob | tofu,158.40,165.00,"Plated meal consisting of tofu, sautéed vegetables with green beans and carrots, and two fried potato cakes",505.00,400.00,0.250
dish_1561662562,pork | tofu | corn on the cob,368.49,289.00,"Grilled vegetable plate with sliced eggplant, zucchini, bell peppers, and leafy greens on a white square plate",138.00,395.00,0.000
dish_1561662532,tofu | corn on the cob,166.46,191.00,"Plated vegetable dish with sautéed zucchini, green beans, potatoes, and tomato garnish on a white square plate",158.00,250.00,0.000
dish_1561662814,lemon juice | onions | apple | millet,23.24,20.00,"Minimalist plated dish with sautéed vegetables including leafy greens, diced vegetables, and a red pepper strip on a white square plate",39.00,80.00,0.167
dish_1561662216,brown rice | pork,300.79,193.00,"A plated meal consisting of sliced cooked meat with vegetable accompaniments and a grain side, presented on a white square plate",425.00,300.00,0.200
dish_1561662842,chicken | brown rice,263.13,172.00,Plated protein dish with sautéed greens and vegetable garnish on white square plate,272.00,227.00,0.200
dish_1561662869,chicken | corn on the cob,284.35,192.00,"Plated restaurant dish featuring a protein with herb garnish, vegetable accompaniment, and minimal garnish elements",263.00,170.00,0.500
dish_1561662926,corn on the cob | chicken,288.34,213.00,Plated protein dish with sautéed vegetables and garnish on white square plate,273.00,244.00,0.400
dish_1561662948,corn on the cob | chicken,293.61,230.00,"Plated protein dish with vegetables including sliced poultry, green beans, mixed salad greens, and roasted vegetables on a white square plate",267.00,280.00,0.333
dish_1561663035,cheese pizza,263.24,99.00,"A single slice of pizza with tomato sauce, cheese, and what appears to be bacon or ham pieces on a white square plate",285.00,110.00,1.000
dish_1561663068,cheese pizza,332.89,168.00,"A meal consisting of a slice of pizza with cheese and toppings, and a fresh green salad with tomatoes on a white square plate",320.00,230.00,0.500
dish_1561663541,brown rice,124.32,112.00,"Three small clusters of what appears to be a cereal-based food item (possibly granola, rice cereal clusters, or similar breakfast cereal) on a white square plate with a ruler for scale reference",95.00,25.00,0.000
dish_1561663580,chicken | brown rice,432.06,307.00,Baked fish fillet with a crumb or breadcrumb coating on a white plate,220.00,150.00,0.000
dish_1561663606,brown rice | corn on the cob | chicken,474.50,347.00,"A plate with what appears to be a breaded and fried protein (possibly chicken or fish), corn slices, and a starch-based side dish",535.00,320.00,1.000
dish_1561663786,corn on the cob,46.68,44.00,A single slice of yellow squash or summer squash on a white square plate,8.00,35.00,0.000
dish_1561663817,corn on the cob,95.50,86.00,"A plated salad with mixed greens, raw vegetables, and a sliced yellow tomato on a white square plate",49.00,145.00,0.000
dish_1561663855,corn on the cob | chicken,179.14,139.00,"Plated protein and vegetable dish featuring roasted poultry with fresh salad greens, roasted vegetables, and garnish",272.00,325.00,0.143
dish_1561663990,chicken,181.49,115.00,"A single baked item on a white plate, appears to be a small potato or vegetable casserole/gratin with a browned top",85.00,60.00,0.000
dish_1561663891,pork | chicken | corn on the cob,247.17,172.00,"Plated meal with sliced meat, roasted poultry, mixed green salad with vegetables, and sliced squash",470.00,430.00,0.286
dish_1561663914,chicken | corn on the cob | pork,257.40,205.00,"Plated meal with sliced poultry, mixed green beans, sautéed greens, roasted vegetables, and fresh salad greens",358.00,410.00,0.125
dish_1561664013,chicken | pork,280.44,163.00,"Small portion of cooked meat on a white square plate, appears to be sliced pork or similar protein with browning/searing marks",95.00,60.00,0.500
dish_1561664042,chicken | pork,285.04,209.00,"Plated meal consisting of sliced zucchini, sliced cooked meat (appears to be beef or pork), and what looks like a breaded/herb-crusted protein portion",532.00,330.00,0.667
dish_1561664061,chicken | green beans | pork,303.64,269.00,"Plated meal with protein, vegetables, and green beans on white square plate",322.00,315.00,0.500
dish_1561665024,green beans,100.57,121.00,A mixed green vegetable dish consisting primarily of dark leafy greens with green beans and scattered pieces of what appears to be roasted or fried tofu or similar protein,148.00,235.00,0.333
dish_1561665378,corn on the cob,74.27,70.00,Two sliced tomato rounds on a white square plate,16.00,80.00,0.000
dish_1561665065,chicken,387.80,303.00,"A plate with protein and vegetable sides, including what appears to be two baked/roasted protein portions, a starch side, and sautéed leafy greens with green beans",460.00,375.00,0.333
dish_1561664977,green beans,14.57,47.00,A small portion of cooked green beans on a white square plate,28.00,75.00,1.000
dish_1561665626,corn on the cob,51.99,49.00,Single piece of buttered corn on the cob on a white square plate,155.00,85.00,1.000
dish_1561665422,corn on the cob | chicken,571.39,385.00,Fried protein with vegetable garnish on white square plate,410.00,185.00,0.250
dish_1561665452,chicken | corn on the cob,624.85,431.00,"Plated dish with protein, mixed greens salad, and yellow garnish on white square plate",293.00,220.00,0.000
dish_1561665671,corn on the cob | pizza,158.39,89.00,"A plated appetizer or light meal consisting of a small pastry with red filling and cheese topping, and a piece of grilled corn on a white square plate",130.00,75.00,0.333
dish_1561666619,grapes,35.88,52.00,Small white plate containing approximately 12 red/dark grapes arranged loosely on the plate,36.00,90.00,1.000
dish_1561665706,chickpeas | corn on the cob | pizza,386.35,228.00,"Plated meal featuring roasted fish with chickpea salad, roasted potato, and scattered legumes on a white square plate",400.00,300.00,0.167
dish_1561665747,chickpeas | pizza | corn on the cob,486.30,314.00,"Plate with protein, legumes, vegetables and starch - appears to be a balanced meal with grilled/baked protein, green beans, chickpeas, corn, and what appears to be a grain or starch component",430.00,385.00,0.400
dish_1561666640,cantaloupe | grapes,48.80,90.00,"Simple snack plate with red grapes, black grapes, and cheddar cheese cubes on a white square plate",150.00,117.00,0.333
dish_1561666761,cheese pizza,114.34,43.00,Minimal meal consisting of a single small piece of what appears to be cheese pizza or flatbread on a white square plate,85.00,35.00,1.000
dish_1561666794,cheese pizza | caesar salad,138.10,97.00,"A light salad meal consisting of lettuce, cheese, and bacon on a white square plate",205.00,115.00,0.250
dish_1561666821,caesar salad | cheese pizza,211.79,170.00,"Mixed green salad with lettuce, leafy greens, vegetables, and what appears to be cheese or protein on a white square plate",93.00,165.00,0.143
dish_1561666849,cheese pizza | corn on the cob | caesar salad,347.59,298.00,"Mixed salad plate with lettuce, vegetables, and protein items including what appears to be bacon and cheese",249.00,230.00,0.143
dish_1561666875,corn on the cob | caesar salad | cheese pizza | chicken,443.86,359.00,"Mixed salad plate with lettuce, raw vegetables, cheese, processed meat, and mushroom",253.00,280.00,0.100
dish_1561666897,chicken | pork | corn on the cob | cheese pizza,532.51,402.00,"Mixed plate with lettuce salad, cooked vegetables, and protein items including what appears to be bacon and chicken",267.00,335.00,0.100
dish_1561666923,corn on the cob | cheese pizza | chicken | pork,539.64,425.00,"Mixed salad plate with lettuce, vegetables, bacon, and what appears to be chicken or turkey",250.00,310.00,0.111
dish_1561667207,pork | white rice,249.44,121.00,Open-faced sandwich with toasted bread and cottage cheese or similar white cheese spread with visible nuts or dried fruit mixed in,195.00,97.00,0.000
dish_1561667238,caesar salad | white rice | pork,268.80,165.00,"Plate with sliced meat topped with diced onions, vegetable side dish with diced vegetables and crackers",460.00,365.00,0.167
dish_1561736715,scrambled eggs,161.32,109.00,A single serving of scrambled eggs on a white square plate,140.00,75.00,1.000
dish_1561667430,white rice | sugar | pork,342.21,166.00,"A plate containing cooked protein with what appears to be a starch or grain component, served on a white square plate",300.00,175.00,0.500
dish_1561736736,scrambled eggs | bacon,356.08,145.00,Breakfast plate with crispy bacon strips and waffle fries on a white square plate,390.00,155.00,0.333
dish_1561737176,sausage,403.18,117.00,Small portion of cooked red meat cubes on a white square plate,95.00,60.00,0.000
dish_1561737200,egg whites | sausage,478.58,262.00,A plate with mashed potatoes and what appears to be sautéed red potatoes or beets,245.00,235.00,0.000
dish_1561737248,sausage | egg whites | hash browns,699.38,394.00,"Plate with mashed potatoes, roasted vegetables (broccoli and cherry tomatoes), and what appears to be a grain-based or potato-based side dish with herbs",385.00,405.00,0.000
dish_1561737223,sausage | broccoli | egg whites,503.78,334.00,"Plate with mashed potatoes, sliced sausage/hot dog, steamed broccoli, served on a white square plate",355.00,310.00,0.500
dish_1561737271,sausage | hash browns | pineapple | egg whites,762.38,520.00,"A balanced plate meal consisting of mashed potatoes, roasted potatoes with herbs, broccoli, cherry tomatoes, and what appears to be a protein-based dish with breadcrumbs or coating",500.00,445.00,0.000
dish_1561737839,,210.90,370.00,"A bowl of dark-colored legumes, appearing to be cooked beans or lentils",185.00,200.00,0.000
dish_1561737776,bagels | cream cheese,375.30,139.00,Two open-faced sandwiches with toasted bread and cream cheese spread topped with herbs,325.00,107.00,0.250
dish_1561737293,sausage | pineapple | egg whites | hash browns,801.82,636.00,"A balanced plate meal consisting of roasted vegetables, protein, and grains on a white square plate",315.00,455.00,0.000
dish_1561739160,,34.77,61.00,A plate with fresh berries arranged to form a face - two blackberries as eyes and red raspberries as a mouth on a white square plate,46.00,42.00,
dish_1561739188,sweet potato,97.09,143.00,"Creative fruit and vegetable arrangement on a white square plate forming a face-like composition with berries, orange vegetables, and chocolate pieces",126.00,132.00,0.333
dish_1561739212,egg whites | sweet potato,134.01,214.00,"A mixed plate with raw cauliflower, mixed berries, and diced root vegetables on a white square plate",165.00,307.00,0.000
dish_1561739238,egg whites | hash browns | sweet potato,274.19,257.00,"A mixed plate with cauliflower, shredded coconut, mixed berries, and diced sweet potato on a white square plate",295.00,260.00,0.200
dish_1561739576,sweet potato,63.84,84.00,"A white square plate with a small portion of fried sweet potato or root vegetable pieces on the right side, with water droplets visible on the plate surface",85.00,50.00,1.000
dish_1561739265,sweet potato | hash browns | broccoli | egg whites,292.04,308.00,"Mixed vegetable and protein plate with cauliflower, rice, broccoli, bell peppers, berries, and what appears to be a protein source",435.00,505.00,0.125
dish_1561739623,broccoli | sweet potato,156.24,348.00,"A plate with roasted broccoli florets and diced roasted sweet potato or carrot, with what appears to be a small red item (possibly radish or tomato)",165.00,270.00,0.667
dish_1561739649,sweet potato | broccoli,208.23,388.00,"A plate with roasted broccoli, roasted sweet potato or carrot, and mixed green salad with what appears to be a bay leaf garnish",146.00,292.00,0.500
dish_1561739719,sweet potato | broccoli,350.16,637.00,"Mixed vegetable plate with raw and cooked components including red bell peppers, broccoli, blackberries, mixed greens, and roasted sweet potato",172.00,385.00,0.667
dish_1561739930,sweet potato,60.04,79.00,A small portion of cooked sweet potato or pumpkin pieces on a white square plate,45.00,85.00,1.000
dish_1561739954,sweet potato | scrambled eggs,276.12,225.00,A plate with scrambled eggs with red peppers and roasted sweet potato pieces on a white square plate,275.00,230.00,1.000
dish_1561739760,broccoli | cantaloupe | sweet potato,452.16,937.00,Mixed vegetable salad with grilled protein and lettuce base,290.00,615.00,0.250
dish_1561739805,broccoli | sweet potato | scrambled eggs | cantaloupe,696.36,1102.00,"Mixed plate with scrambled eggs, fresh fruit salad, roasted sweet potato, and green salad base",375.00,525.00,0.429
dish_1561740321,bell peppers | garlic | cucumbers | radishes,52.98,28.00,A single hop flower (used in brewing) placed on a white square plate with some green leafy material and stems,5.00,9.50,0.000
dish_1561740353,bell peppers | garlic | cucumbers | radishes,75.42,96.00,A plate with red bell pepper strips and fresh green leafy vegetables (appears to be lettuce or similar greens),32.00,115.00,0.200
dish_1561739973,broccoli | scrambled eggs | sweet potato,295.37,280.00,"Plate with scrambled eggs topped with diced tomatoes, steamed broccoli, diced red bell peppers, and what appears to be grated cheese or breadcrumb topping",342.00,300.00,0.400
dish_1561740385,broccoli,99.37,139.00,A salad plate with sliced red bell pepper and mixed leafy greens on a white square plate,27.00,140.00,0.000
dish_1561741063,cottage cheese,132.30,135.00,A white bowl containing diced white cheese (appears to be feta or similar fresh cheese) on a wooden surface with a scale visible,320.00,200.00,1.000
dish_1561741139,bacon,108.20,20.00,Single strip of cooked bacon on a white plate,45.00,12.00,1.000
dish_1561740411,scrambled eggs,333.21,297.00,"A balanced meal plate containing scrambled eggs, red bell peppers, green leafy vegetables, and what appears to be a green apple or avocado",295.00,360.00,0.250
dish_1561741090,cottage cheese | cantaloupe,161.54,221.00,"A white bowl containing cooked orange vegetables (appears to be sweet potato or pumpkin chunks) with what looks like a white sauce or cream coating, placed on a wooden surface with a scale visible in the background",70.00,150.00,0.000
dish_1561746876,salmon | brown rice,149.44,84.00,A single small piece of what appears to be baked or roasted meat (possibly beef or salmon) on a white square plate,85.00,50.00,0.500
dish_1561741174,scrambled eggs | bacon,245.84,113.00,"Breakfast meal consisting of scrambled eggs, bacon strips, and what appears to be hash browns on a white square plate",360.00,185.00,0.667
dish_1561747075,tortilla | chicken thighs | cheese,646.59,301.00,Fried chicken pieces on a white square plate,385.00,110.00,0.333
dish_1561746912,brown rice | salmon,264.10,210.00,"Plate with seared protein, grain pilaf, and roasted vegetables",390.00,260.00,0.250
dish_1561748274,tortilla | chicken thighs | cheese,558.51,260.00,A fried potato-based appetizer or side dish served on a white square plate,285.00,95.00,0.000
dish_1561746970,tatsoi | salmon,303.64,363.00,"A plated meal consisting of grilled/seared protein, lentils or legumes, fresh green salad with vegetables",505.00,405.00,0.000
dish_1561748862,brown rice | salmon,154.77,87.00,"Single baked/fried item on a white square plate, appears to be a small savory baked good or fritter",85.00,35.00,0.000
dish_1561748950,honeydew melons | brown rice | salmon,197.25,205.00,Simple meal consisting of a cooked protein portion and boiled potato cubes on a white square plate,160.00,190.00,0.000
dish_1561749016,salmon | brown rice | honeydew melons,280.12,272.00,"A light meal consisting of a breaded and fried protein patty, boiled or steamed potatoes, and a mixed green salad on a white square plate",310.00,285.00,0.000
dish_1561749061,salmon | honeydew melons,302.86,360.00,Asian-style meal with a fried protein item served over mixed greens and vegetables with sprouts,372.00,320.00,0.000
dish_1561749348,brown rice | salmon,165.45,93.00,Plated fish fillet with garnish on white square plate,182.00,117.00,0.000
dish_1561749392,chicken thighs | cheese | salmon | tortilla,416.78,210.00,Plated fish dish with roasted vegetables and garnish on a white square plate,282.00,263.00,0.000
dish_1561749664,brown rice | salmon,288.20,162.00,"A plated fish dish consisting of two pieces of cooked fish fillet with skin on a white square plate, with some scattered crumbs and what appears to be a small garnish or sauce element",515.00,255.00,0.250
dish_1561749711,salmon | brown rice,300.08,228.00,"Plated meal consisting of cooked fish with skin, what appears to be a grain or legume-based item, and fresh cherry tomatoes",425.00,290.00,0.250
dish_1561749778,broccoli | salmon | brown rice,334.53,340.00,"A balanced plate with grilled fish, roasted vegetables, and fresh raw vegetables arranged on a white square plate",380.00,395.00,0.333
dish_1561749750,broccoli | brown rice | salmon,330.53,315.00,"Plated meal with grilled fish fillets, steamed broccoli florets, sliced red onion, and cherry tomatoes on a white square plate",545.00,390.00,0.333
dish_1561749818,brown rice | salmon | broccoli,340.03,395.00,"Plated meal with grilled protein, roasted vegetables, and fresh vegetable sides on a white square plate",469.00,565.00,0.250
dish_1561749908,brown rice | brussels sprouts | broccoli | salmon,377.26,472.00,Mixed vegetable plate with protein and roasted vegetables,560.00,630.00,0.222
dish_1561751897,brown rice | salmon,354.02,199.00,"Plated Asian-inspired meal with sliced meat, rice, and green vegetable garnish on a white square plate",375.00,190.00,0.250
dish_1561749857,brown rice | salmon | broccoli | brussels sprouts,366.58,447.00,"Mixed vegetable plate with protein sources including what appears to be salmon, dark fish or seaweed, and various raw and cooked vegetables",367.00,505.00,0.200
dish_1561752449,tortilla | chicken thighs | cheese,287.85,134.00,Single fried potato pancake or latke on a white plate,95.00,35.00,0.000
dish_1561751958,brown rice | salmon,381.23,293.00,"Plated protein-focused meal with sliced meat, rice, and sautéed vegetables including zucchini and green beans",530.00,365.00,0.143
dish_1561752481,tortilla | cheese | chicken thighs,297.98,169.00,"A plate with a breaded and fried protein patty, boiled potato slices, and what appears to be a sauce or condiment residue",355.00,240.00,0.200
dish_1561752035,brown rice | salmon,454.94,374.00,"A plated meal consisting of buckwheat or lentil grain base with sautéed vegetables (zucchini, bell peppers) and what appears to be seasoned ground meat or protein, garnished with fresh herbs",466.00,302.00,0.000
dish_1561752509,tortilla | chicken thighs | cheese,321.48,224.00,"A plate with a breaded and fried cutlet/schnitzel, boiled potato slices, and roasted sweet potato cubes",420.00,275.00,0.200
dish_1561752680,cheese pizza,465.32,175.00,"A single slice of pizza on a white square plate, appearing to be cheese pizza with red sauce and possibly some toppings",285.00,120.00,1.000
dish_1561752535,tortilla | chicken thighs | caesar salad | cheese,358.00,307.00,"Mixed plate meal containing a breaded protein patty, roasted potatoes, cooked vegetables (appears to be cabbage-based slaw), and additional roasted root vegetables",405.00,385.00,0.000
dish_1561752563,cheese | caesar salad | chicken thighs | tortilla,373.51,367.00,"A plated meal consisting of a breaded cutlet, roasted potatoes, sautéed vegetables, and a fresh salad with leafy greens",595.00,485.00,0.125
dish_1561752970,tortilla | chicken thighs | cheese,642.29,299.00,Two fried potato pancakes or hash brown patties on a white square plate,280.00,95.00,0.000
dish_1561752996,cheese | salmon | chicken thighs | tortilla,848.66,415.00,"A plate with two crispy fried potato pancakes/latkes and what appears to be a small portion of ground meat patty or similar protein, garnished with a small herb leaf",400.00,170.00,0.000
dish_1561753021,cheese | caesar salad | chicken thighs | salmon | tortilla,918.18,573.00,"A plate with sautéed greens (appears to be cabbage or similar), two potato pancakes or hash browns, and what appears to be a small meat patty or fritter",510.00,385.00,0.000
dish_1561753168,brown rice | salmon,245.50,138.00,A minimalist plated dish with what appears to be a small portion of pan-seared protein with herbs on a white square plate,97.00,68.00,0.000
dish_1561753203,brown rice | salmon | squash,265.47,207.00,Light protein meal with cooked meat portion and boiled potato wedges with zucchini,300.00,280.00,0.000
dish_1561753075,salmon | chicken thighs | caesar salad | cheese | tortilla,945.67,668.00,"A plated meal consisting of a vegetable salad, roasted hash browns, and two meat patties (appears to be ground meat or burger patties) served on a white square plate",760.00,495.00,0.000
dish_1561753275,brown rice | pineapple | salmon,330.03,397.00,"Mixed plate with grilled meat, stir-fried vegetables with sprouts, and boiled potatoes",515.00,450.00,0.000
dish_1561753400,cheese | salmon | tortilla | chicken thighs,354.68,178.00,A plate with fried food items consisting of what appears to be breaded and fried protein/vegetable items on a white plate,235.00,110.00,0.000
dish_1561753371,chicken thighs | cheese | tortilla,221.26,103.00,"A small portion of fried food on a white square plate, appears to be a light meal or snack",185.00,70.00,0.250
dish_1561753238,brown rice | salmon | tatsoi,298.03,333.00,"Asian-style meal with pan-fried tofu or tempeh cakes, boiled potatoes, and mixed green salad with vegetables",335.00,470.00,0.000
dish_1561753623,squash | salmon | brown rice,159.31,149.00,A plated meal consisting of a breaded and fried protein cutlet with boiled or steamed potato wedges on a white square plate,375.00,270.00,0.000
dish_1561753432,salmon | cheese | chicken thighs | tortilla,380.32,238.00,"A plate with fried/breaded protein item, roasted potato wedges, and what appears to be a dark leafy green vegetable",520.00,335.00,0.143
dish_1561753477,salmon | cheese | chicken thighs | tortilla,432.27,280.00,"Plate with cooked fish fillet, roasted potatoes, and fresh arugula salad",505.00,325.00,0.143
dish_1561753649,brown rice | squash | salmon,164.01,196.00,Plate with breaded and fried meat cutlet and sautéed zucchini slices with what appears to be potato,425.00,350.00,0.000
dish_1562007763,quinoa | caesar salad,290.70,298.00,"Plate with crispy hash browns, what appears to be a protein item with topping, and a Caesar salad with dressing",680.00,285.00,0.250
dish_1562007739,caesar salad,28.60,65.00,A small portion of what appears to be a salad with leafy greens and possibly potato or egg components on a white square plate,57.00,75.00,0.000
dish_1561753589,brown rice | salmon,138.76,78.00,A minimalist plated dish consisting of a fried or breaded cutlet with a small garnish of fresh herbs on a white square plate,222.00,88.00,0.000
dish_1562007789,caesar salad | quinoa,302.95,322.00,"Plated meal consisting of baked/roasted potato wedges with herbs, Caesar salad with parmesan, and pickled capers or small pickles",417.00,295.00,0.250
dish_1562007817,quinoa | caesar salad | pork,444.12,391.00,"Plated meal consisting of an omelet, roasted potatoes, Caesar salad, and pickled vegetables",495.00,355.00,0.167
dish_1562007842,caesar salad | quinoa | pork,492.28,434.00,"Mixed protein and vegetable plate with what appears to be an omelet, roasted potatoes, sautéed greens, and a yellow curry or turmeric-based dish",450.00,365.00,0.000
dish_1562007866,caesar salad | quinoa | pork,497.86,465.00,"Mixed plate with Caesar salad, omelet, sautéed mushrooms, and tomato slices",517.00,410.00,0.167
dish_1562008394,cucumbers,2.40,24.00,A white square plate with sliced cucumber pieces arranged on it,24.00,120.00,1.000
dish_1562007904,quinoa | pork | caesar salad,525.46,489.00,"Mixed plate with an omelet, sautéed mushrooms and vegetables, caesar salad, and fresh tomatoes",540.00,440.00,0.143
dish_1562008476,brussels sprouts | pork,120.51,120.00,"A plated meal consisting of pickled capers, what appears to be sautéed mushrooms or similar protein preparation, and sliced cucumber on a white square plate",55.00,115.00,0.000
dish_1562008429,pork,94.47,69.00,"A minimalist plate with what appears to be fried/breaded protein on the left side and sliced cucumber on the right side, served on a white square plate",197.00,155.00,0.000
dish_1562008695,cauliflower,18.00,72.00,Small portion of cooked cauliflower florets on a white square plate,16.00,40.00,1.000
dish_1562008549,brussels sprouts | pork | quinoa,417.13,405.00,"Plated meal consisting of protein (appears to be chicken or fish), roasted vegetables including Brussels sprouts, a salad with dressing, and cucumber slices as garnish",415.00,390.00,0.200
dish_1562008517,quinoa | pork | brussels sprouts,401.73,370.00,"Plated meal consisting of breaded and glazed protein, roasted brussels sprouts, cucumber slices, and what appears to be a sauce or glaze",475.00,315.00,0.167
dish_1562008780,cauliflower,180.85,195.00,Mixed green salad with leafy greens and raw cauliflower florets on a white square plate,31.00,130.00,0.500
dish_1562008813,quinoa | cauliflower,214.59,225.00,"Light salad plate with mixed greens, cauliflower, and what appears to be sautéed mushrooms or eggplant",120.00,245.00,0.250
dish_1562008738,arugula | cauliflower,64.07,109.00,A simple plate with mixed green salad and raw cauliflower florets,33.00,130.00,0.333
dish_1562008842,quinoa | pork | cauliflower,355.76,294.00,"Asian stir-fry meal with meat, vegetables, and cauliflower rice served on a white square plate",360.00,330.00,0.167
dish_1562008936,caesar salad,57.64,131.00,"A plate of sautéed leafy greens, appears to be collard greens or similar dark leafy vegetable with visible oil/butter coating",150.00,157.00,0.000
dish_1562008979,pork | caesar salad,382.94,290.00,Asian stir-fried dish with crispy chow mein noodles and sautéed green vegetables on a white square plate,325.00,205.00,0.000
dish_1562009006,pork | pizza | caesar salad,470.72,323.00,"Plate with crispy fried noodles/chow mein, steamed green vegetable (appears to be Chinese broccoli or similar), and what appears to be a small amount of red sauce or condiment",380.00,225.00,0.000
dish_1562009098,tofu,70.08,96.00,"A small portion of mixed stir-fried dish with rice, vegetables, and protein on a white square plate",232.00,162.00,0.200
dish_1562009120,brussels sprouts | tofu,95.61,146.00,"A plated meal consisting of ground meat mixture, roasted Brussels sprouts, and what appears to be a potato or root vegetable component",300.00,245.00,0.250
dish_1562009148,tofu | pork | brussels sprouts,226.55,210.00,"Mixed protein and vegetable plate with what appears to be shrimp, ground meat preparation, and roasted Brussels sprouts",295.00,195.00,0.400
dish_1562009314,brussels sprouts,99.57,195.00,"Roasted Brussels sprouts on a white square plate, appearing to be seasoned and pan-roasted with visible browning",95.00,150.00,1.000
dish_1562009182,brussels sprouts | tofu | pork,306.23,274.00,Mixed vegetable stir-fry dish with protein and fresh greens on a white square plate,355.00,330.00,0.000
dish_1562009810,brown rice,119.88,108.00,"A small portion of cooked rice with what appears to be carrots mixed in, served on a white square plate",85.00,120.00,1.000
dish_1562009934,quinoa | brown rice,434.91,369.00,"Mixed green salad with grilled chicken breast, brown rice, and crispy potato wedges on a white square plate",480.00,410.00,0.200
dish_1562010085,brussels sprouts | pork,440.32,264.00,Plated meal with roasted Brussels sprouts and what appears to be a meat patty with crispy onion topping on a white square plate,420.00,285.00,0.250
dish_1562009894,brown rice,244.81,200.00,"A balanced plate with mixed green salad, whole grain rice, and what appears to be sautéed vegetables with cheese crumbles",355.00,360.00,0.250
dish_1562010048,pork,407.13,199.00,Small portion of what appears to be a meat-based dish with vegetables and garnish on a white square plate,182.00,127.00,0.000
dish_1562010130,pork | chickpeas,638.19,376.00,Asian-style stir-fried meal with meat and leafy greens on a white square plate,265.00,290.00,0.250
dish_1562010266,pork,581.03,284.00,"A single serving of fried rice with mixed ingredients including rice, vegetables, and protein",320.00,240.00,0.000
dish_1562010293,pork | caesar salad,633.83,404.00,A plate with two main components: a brown crispy preparation on the left (appears to be hash browns or fried potato shreds) and a green salad on the right (appears to be lettuce-based with some visible inclusions),365.00,300.00,0.000
dish_1562010315,caesar salad | pork,671.11,477.00,"Mixed vegetable dish with what appears to be sautéed or fried vegetables including Brussels sprouts, leafy greens, and root vegetables on a white plate",375.00,340.00,0.000
dish_1562010369,pork,141.17,69.00,Small portion of what appears to be a meat-based dish (possibly ground meat or minced meat preparation) with minimal garnish on a white square plate,125.00,65.00,0.000
dish_1562010394,pork,188.61,116.00,"A plated salad with mixed greens and what appears to be a small protein component, presented on a white square plate",110.00,105.00,0.000
dish_1562010418,pork | brussels sprouts,209.55,157.00,"A plate with roasted Brussels sprouts, mixed salad greens with purple/red leaves, and what appears to be a small portion of ground meat or protein",162.00,215.00,0.333
dish_1562010821,pork,274.15,134.00,A small portion of what appears to be fried chicken pieces or breaded meat on a white square plate,185.00,85.00,0.000
dish_1562010440,pork | brussels sprouts,247.63,191.00,"A plated dish consisting of a bed of mixed greens topped with what appears to be couscous or similar grain mixed with protein, garnished with capers",280.00,223.00,0.000
dish_1562010865,pork,376.24,216.00,"Mixed green salad with black olives, red peppers, and what appears to be a protein base (possibly tuna or chicken salad) on a white square plate",247.00,190.00,0.000
dish_1562010891,pineapple | pork,438.74,341.00,Mixed salad with pineapple chunks and leafy greens on a white square plate,93.00,225.00,0.250
dish_1562010929,pork | pineapple,457.27,405.00,"Plate with grilled polenta or cornmeal sticks, roasted potatoes, mixed greens salad with red pepper, and black olives",337.00,350.00,0.000
dish_1562011727,pork,372.35,182.00,"A small portion of what appears to be a hash or stir-fried mixture of potatoes and onions, lightly browned, served on a white square plate",85.00,75.00,0.000
dish_1562011765,brussels sprouts | pork,423.92,283.00,"A plated dish consisting of crispy fried onions/shallots, roasted or sautéed Brussels sprouts, and what appears to be a protein component, served on a white square plate",245.00,190.00,0.667
dish_1562012048,quinoa,278.97,248.00,"Protein-based meal consisting of what appears to be chicken or white fish with herbs/seasoning, plated on a white dish",167.00,115.00,0.000
dish_1562011794,pork | brussels sprouts,514.64,364.00,"A plated meal consisting of yellow rice with raisins and nuts, shredded meat with green peas, and what appears to be a vegetable side dish",545.00,350.00,0.000
dish_1562085132,bacon,91.97,17.00,A plate with cooked bacon strips arranged in a cross pattern on a white square plate,240.00,32.00,1.000
dish_1562012076,quinoa | white rice,525.97,438.00,Plate with seared/pan-fried protein and rice pilaf or seasoned rice,450.00,290.00,0.333
dish_1562085185,bacon | hash browns | scrambled eggs,550.51,227.00,"Breakfast meal consisting of bacon strips, scrambled eggs, and hash browns on a white square plate",520.00,265.00,1.000
dish_1562085163,scrambled eggs | bacon,279.93,144.00,Breakfast meal consisting of bacon strips and scrambled eggs on a white square plate,360.00,138.00,1.000
dish_1562085672,bread,122.08,46.00,Single slice of white bread on a white square plate,79.00,28.00,1.000
dish_1562085604,,241.11,423.00,"Mixed fresh fruit bowl containing mango chunks, strawberries, and blueberries served in a white bowl",102.00,190.00,0.000
dish_1562086037,,68.97,121.00,A small portion of mixed fresh berries (raspberries and blackberries) on a white square plate,56.00,105.00,
dish_1562086501,scrambled eggs,195.36,132.00,A small portion of scrambled eggs on a white square plate with a digital scale visible at the bottom,85.00,50.00,1.000
dish_1562086116,scrambled eggs | yam,290.66,285.00,"Breakfast plate with scrambled eggs, berries, and sweet potato chips",445.00,250.00,0.250
dish_1562086067,yam,178.18,209.00,Plate with fresh berries and crispy vegetable chips on a white square plate,196.00,140.00,0.000
dish_1562086740,scrambled eggs | bacon,447.89,215.00,A breakfast plate with bacon strips and scrambled eggs on a white square plate,320.00,113.00,1.000
dish_1562086595,fruit salad | scrambled eggs | yogurt,308.60,324.00,"Breakfast or brunch plate featuring fresh fruit salad, whipped cream, cereal, and garnish on a white square plate",262.00,218.00,0.167
dish_1562086702,bacon,178.53,33.00,Cooked bacon strips on a white square plate,280.00,40.00,1.000
dish_1562086564,fruit salad | scrambled eggs,286.81,287.00,"A plate with mixed fresh fruits, vegetables, and what appears to be a grain-based or cereal item. Includes colorful fruit pieces, lettuce, berries, and a golden cereal or cornflake-based component.",190.00,195.00,0.200
dish_1562094621,green beans,10.54,34.00,A minimalist plating of fresh green beans on a white square plate,28.00,65.00,1.000
dish_1562094877,quinoa | chicken thighs,234.58,155.00,A single protein item with a crumb/breading topping on a white plate with minimal garnish,282.00,137.00,0.250
dish_1562094730,chicken thighs,428.19,336.00,"Plated salad with seared protein and couscous, garnished with fresh herbs and vegetables",280.00,293.00,0.000
dish_1562094694,green beans,134.60,142.00,"Mixed green salad with leafy greens, red/purple vegetables, and green beans on a white square plate",53.00,185.00,0.333
dish_1562094931,chicken thighs | white beans | fish,376.75,282.00,"Plated protein dish with two pieces of what appears to be breaded and baked poultry (likely chicken breast), garnished with a crumb topping and fresh herbs, served on a white square plate",367.00,188.00,0.200
dish_1562095283,spinach (raw),229.52,197.00,Mixed green salad with sliced red bell peppers and lime wedge on white square plate,30.00,145.00,0.000
dish_1562096343,cucumbers,6.20,62.00,White square plate with sliced cucumber pieces arranged on it,45.00,150.00,1.000
dish_1562095340,pizza,718.96,381.00,Plate with pepperoni pizza pieces and mixed green salad with red peppers,560.00,300.00,0.333
dish_1562096372,chicken thighs | quinoa,346.71,287.00,"A plated meal consisting of breaded and fried poultry (likely chicken), a white sauce or spread, and fresh cucumber slices",387.00,265.00,0.250
dish_1562096401,chicken thighs | green beans | quinoa,366.86,352.00,Glazed protein with green beans and sliced zucchini on a white square plate,340.00,370.00,0.500
dish_1562096542,green beans,38.09,50.00,A minimalist vegetable plate consisting of green beans and mixed salad greens on a white square plate,30.00,85.00,0.500
dish_1562096584,quinoa | green beans,94.99,90.00,"A light plated meal with quinoa, green beans, and mixed greens salad on a white square plate",190.00,250.00,1.000
dish_1562096512,beets | artichokes | garlic,30.34,25.00,A small portion of mixed green salad on a white square plate,8.00,35.00,0.000
dish_1562096633,chicken thighs | quinoa | fish,288.70,237.00,"Asian-style meal with fried chicken, fried rice with green onions, and steamed leafy greens on a white square plate",565.00,365.00,0.200
dish_1562096608,fish | quinoa,176.71,163.00,"Asian-style meal with quinoa or couscous base, topped with diced vegetables and garnishes, served with green beans and what appears to be a leafy green salad or herb mixture",310.00,320.00,0.167
dish_1562096907,white beans | fish,297.78,266.00,Plated protein dish with microgreens and garnish on white square plate,278.00,218.00,0.000
dish_1562097001,white beans | pizza | fish,529.88,418.00,"Plated meal consisting of protein (appears to be fish or chicken), roasted potatoes, and sautéed green beans with herbs",535.00,410.00,0.400
dish_1562097624,,77.59,68.00,A small portion of what appears to be a ground meat-based dish (possibly seasoned ground beef or similar) with a single green herb garnish on a white square plate,96.00,62.00,0.000
dish_1562096933,white beans | fish,312.66,314.00,Plated meal consisting of a protein with vegetables - appears to be fish or chicken with microgreens and fresh green beans on the side,268.00,232.00,0.500
dish_1562096973,white beans | fish,349.00,350.00,"Plated dish with seared protein, green beans, and mixed greens salad with vegetables",308.00,345.00,0.333
dish_1562097653,beets | onions | lettuce | carrot | arugula,116.17,102.00,A simple plated dish consisting of fresh arugula/rocket greens and what appears to be crispy bacon bits or similar protein component on a white square plate,97.00,60.00,0.167
dish_1562099053,cheese pizza,98.38,37.00,Minimalist meal with a cracker and what appears to be a beverage in a white bowl/cup,35.00,215.00,0.000
dish_1562099076,cheese pizza | carrot,110.18,61.00,"Light snack plate with fresh vegetables, whole grain crackers, and what appears to be a cheese or spread accompaniment",94.00,110.00,0.000
dish_1562168365,pineapple,70.00,140.00,Plate of french fries (chips) served on a white square plate,245.00,85.00,0.000
dish_1562097673,white beans | fish,345.66,307.00,"A plated salad with protein and vegetables on a white square plate, consisting of arugula/rocket greens, what appears to be seared tofu or fish with herbs, roasted potatoes, and other mixed vegetables",313.00,315.00,0.400
dish_1562099134,chicken thighs | cheese pizza,271.64,188.00,"Light meal consisting of a small roasted chicken leg, mixed green salad with shredded carrots, whole grain crackers, and what appears to be roasted root vegetables in the background",205.00,220.00,0.200
dish_1562099157,cheese pizza | chicken thighs,277.53,207.00,"A plated meal consisting of a protein item, green vegetables, roasted root vegetables, whole grain crackers, and fresh herbs",340.00,328.00,0.143
dish_1562168399,pineapple,128.71,243.00,"A plate with fried potato strips, fresh fruit including pineapple chunks, tomato pieces, and blueberries arranged on a white square plate",292.00,265.00,0.333
dish_1562168427,egg whites | pineapple,193.71,368.00,"A plate with mango slices, fresh berries, cottage cheese, and what appears to be fried potato or cheese curds",319.00,325.00,0.000
dish_1562168450,pineapple | egg whites | roasted potatoes,282.54,431.00,"A plate with fried potato wedges, grilled chicken pieces, fresh fruit (pineapple, strawberries, blueberries), and what appears to be crumbled white cheese or feta",640.00,420.00,0.400
dish_1562168648,granola,41.59,32.00,A small portion of mixed green salad leaves on a white square plate,8.00,30.00,0.000
dish_1562168673,honeydew melons,56.35,73.00,Simple salad plate with mixed greens and diced apple,47.00,110.00,0.000
dish_1562168471,brussels sprouts | roasted potatoes | egg whites | pineapple,312.67,490.00,"Mixed plate with fried potatoes, grilled chicken strips, white cheese or feta, and a salad with olives, capers, and red peppers",590.00,370.00,0.143
dish_1562169729,brussels sprouts,25.53,50.00,A small portion of pickled capers or similar brined vegetables on a white plate with a scale visible,8.00,12.00,0.000
dish_1562169762,scrambled eggs | brussels sprouts,262.33,210.00,Scrambled eggs with capers on a white square plate,185.00,110.00,0.333
dish_1562168800,roasted potatoes | honeydew melons,237.52,242.00,"A balanced plate with roasted potatoes, fresh greens, fresh fruits, and vegetables on a white square plate",157.00,335.00,0.250
dish_1562168696,honeydew melons,95.11,141.00,"Light salad plate with fresh vegetables and fruits, consisting of mixed greens, strawberries, blueberries, and diced melon",54.00,180.00,0.500
dish_1562170163,pineapple,53.50,107.00,Minimal meal consisting of a small portion of cooked mango pieces on a white square plate,45.00,75.00,0.000
dish_1562169818,scrambled eggs | granola | brussels sprouts,346.82,275.00,"A plate containing scrambled eggs, sautéed Brussels sprouts, and a mixed green salad with red peppers",410.00,340.00,0.667
dish_1562169840,sausage | granola | scrambled eggs,739.66,389.00,"Plate with scrambled eggs, two pan-fried patties (likely sausage or hash brown patties), sautéed okra, and fresh parsley garnish",490.00,310.00,0.400
dish_1562170331,watermelon | roasted potatoes | pineapple,263.83,400.00,"A plate with fried potato slices, mango chunks, and mixed berries (strawberries and blueberries) arranged to form a face design",190.00,235.00,0.250
dish_1562170356,turkey bacon | pineapple | roasted potatoes,385.33,432.00,"A plate containing fried potato slices, bacon strips, mango chunks, and mixed fresh berries (strawberries and blueberries)",662.00,410.00,0.500
dish_1562172561,egg whites,150.80,290.00,"A plate of diced or crumbled white cheese, appears to be feta or similar fresh cheese",320.00,110.00,0.000
dish_1562170236,watermelon | pineapple,169.36,333.00,"A creative fruit arrangement on a white square plate designed to resemble a character or face, consisting of strawberries, blueberries, and mango pieces",72.00,195.00,0.000
dish_1562172600,egg whites | roasted potatoes,263.60,370.00,"A plate containing mashed potatoes, roasted potato wedges, and what appears to be a protein item (partially visible)",420.00,350.00,0.333
dish_1562172643,egg whites | roasted potatoes | bacon,734.27,457.00,"Breakfast plate with bacon, mashed potatoes, and roasted potato wedges",780.00,370.00,0.500
dish_1562173175,milk | chia seeds | greek yogurt,165.37,163.00,"A bowl containing a gray-colored paste or puree (possibly poppy seed paste, sesame paste, or similar) with golden-brown chickpeas mixed throughout",275.00,140.00,0.000
dish_1562173200,pineapple | milk | chia seeds | greek yogurt,213.37,259.00,A bowl containing diced mango pieces and chia seed pudding or similar creamy base,181.00,250.00,0.200
dish_1562173111,chia seeds,792.18,163.00,A bowl containing what appears to be a grey/blue-colored grain or flour mixture with golden-brown fried pieces on the side,320.00,95.00,0.000
dish_1562173247,chilaquiles,290.55,149.00,Fried potato pancakes or hash brown patties on a white square plate,280.00,85.00,0.000
dish_1562173267,chilaquiles | bacon,409.57,171.00,Breakfast plate with fried hash browns and bacon strips,380.00,123.00,0.333
dish_1562173381,sausage,389.40,113.00,Two round cookies or biscuits on a white square plate,180.00,60.00,0.000
dish_1562173742,bacon,81.15,15.00,Single serving of cooked bacon strips on a white square plate,240.00,32.00,1.000
dish_1562173411,bacon | sausage,638.26,159.00,A plate containing fried bacon strips and what appears to be fried potato rounds or hash browns,460.00,135.00,0.333
dish_1562180025,bacon | chicken | flour,798.91,256.00,Breakfast plate with crispy bacon strips and what appears to be hash browns or potato pancakes with melted cheese,600.00,180.00,0.250
dish_1562180089,flour | chicken | bacon,851.30,437.00,"Breakfast plate with crispy bacon strips, hash browns, and roasted potatoes with vegetables",680.00,270.00,0.200
dish_1562181247,bacon | flour | chicken,660.09,220.00,A plated dish containing crispy fried chicken pieces and a coleslaw-based side salad on a white square plate,405.00,165.00,0.250
dish_1562180157,bacon | chicken | flour,1009.18,557.00,Fried protein with roasted vegetables and fresh greens on a white square plate,702.00,410.00,0.333
dish_1562181217,chicken | flour,546.48,199.00,A small plated dish consisting of fried/breaded protein with diced onions and herbs as garnish on a white square plate,190.00,100.00,0.250
dish_1562181285,flour | chicken | bacon,796.92,324.00,"A plate with crispy bacon strips, fresh spinach salad with vegetables, and diced onions",333.00,175.00,0.143
dish_1562183065,mushroom,16.50,75.00,A small white plate with approximately 5 whole longans (dragon's eye fruit),65.00,100.00,0.000
dish_1562183096,mushroom | arugula,41.19,95.00,Minimalist plated dish with mushrooms and microgreens on a white square plate,43.00,100.00,1.000
dish_1562183125,mushroom | spinach (raw),88.55,131.00,"A light plate with mixed greens, raw vegetables, and mushrooms",51.00,210.00,0.250
dish_1562183151,mushroom | green beans,108.39,195.00,"A vegetable side dish consisting of steamed green beans, sautéed mushrooms with carrots, and leafy greens (appears to be arugula or mixed salad greens) on a white square plate",94.00,280.00,0.500
dish_1562183175,roasted potatoes | green beans | mushroom,290.28,324.00,"A vegetable side dish consisting of green beans, mixed mushrooms, potatoes, and leafy greens on a white square plate",187.00,400.00,0.750
dish_1562184604,,211.38,78.00,A small portion of cooked meat on a white square plate,120.00,75.00,0.000
dish_1562183201,pizza | roasted potatoes,558.94,425.00,"A balanced plate meal consisting of green beans, red bell pepper, mushrooms, potatoes, and lettuce on a white square plate",206.00,455.00,0.167
dish_1562184628,bacon,444.01,121.00,Breakfast plate with bacon strips and cooked meat portion,500.00,125.00,0.500
dish_1562184663,bacon | fish,600.54,271.00,"Breakfast plate with cured meat, cooked meat protein, and a grain-based side dish with vegetables",510.00,235.00,0.250
dish_1562602589,sausage,365.28,106.00,Small portion of cooked red meat cubes on a white square plate,180.00,85.00,0.000
dish_1562184705,bacon | fish,635.19,376.00,"Balanced plate with protein, vegetables, and grain components",605.00,300.00,0.167
dish_1562602627,hash browns | sausage,577.18,171.00,A simple meal consisting of hash browns and what appears to be sliced sausage or processed meat on a white square plate,400.00,205.00,1.000
dish_1562602687,sausage | hash browns | scrambled eggs,721.37,311.00,"Plate with scrambled eggs, rice pilaf, roasted vegetables (Brussels sprouts and tomatoes)",500.00,390.00,0.167
dish_1562602657,hash browns | sausage,610.37,236.00,"A plate with rice, sautéed vegetables (okra/green beans and tomatoes), served on a white square plate",360.00,340.00,0.000
dish_1562602803,chia seeds | greek yogurt | milk,121.74,120.00,"Minimalist plated dish with a small mound of white/gray granular substance (possibly couscous, quinoa, or rice) garnished with dark green microgreens or herbs",68.00,55.00,0.000
dish_1562602832,greek yogurt | chia seeds | milk,144.18,188.00,"A breakfast or dessert plate with a mound of what appears to be poppy seed or chia seed pudding/yogurt mixture, garnished with fresh strawberries, blueberries, and blackcurrants",228.00,270.00,0.250
dish_1562602860,milk | chia seeds | greek yogurt | watermelon,165.18,258.00,"A minimalist plate with diced raw tomatoes, a gray-colored grain or protein base topped with black berries (possibly blueberries or currants)",122.00,165.00,0.000
dish_1562602888,watermelon | egg whites | greek yogurt | chia seeds | milk,209.38,343.00,"A plated meal with diced red tomatoes, diced white onions, a gray/tan colored spread or paste (possibly hummus or similar), and black olives on a white square plate",284.00,355.00,0.000
dish_1562602918,chia seeds | milk | greek yogurt | sweet potato | watermelon | egg whites,265.62,417.00,"A plated meal with chopped red bell peppers, diced onions, roasted potato cubes, a gray-colored patty (likely a veggie or meat burger), and black berries as garnish",292.00,400.00,0.100
dish_1562602945,greek yogurt | milk | watermelon | sweet potato | egg whites | chia seeds,308.37,492.00,"A plate with fresh fruits, vegetables, and what appears to be a coconut-based item, arranged in sections on a white square plate",375.00,420.00,0.250
dish_1562603536,bacon,75.74,14.00,Bacon strips on a white plate,280.00,32.00,1.000
dish_1562603569,bacon | sweet potato,121.68,62.00,A simple breakfast plate containing crispy bacon strips and fried potato cubes on a white square plate,215.00,90.00,1.000
dish_1562603813,hash browns,475.96,146.00,"A small portion of what appears to be mashed potatoes with visible brown bits, likely butter or crispy skin pieces, served on a white square plate",85.00,90.00,0.000
dish_1562603598,bacon | sweet potato,175.26,156.00,"Light breakfast or dessert plate with mixed fresh berries, sliced tropical fruits, and what appears to be a pastry or baked item",244.00,210.00,0.000
dish_1562603626,sweet potato | bacon | pineapple,201.76,209.00,"Breakfast plate with bacon, mixed fresh fruits, and what appears to be potatoes",252.00,245.00,1.000
dish_1562603842,hash browns | granola,594.25,237.00,"A plate with fried rice and stir-fried vegetables, served on a white square plate",405.00,320.00,0.000
dish_1562605315,scrambled eggs,217.56,147.00,A single portion of scrambled eggs on a white square plate,155.00,75.00,1.000
dish_1562603867,hash browns | sausage | granola,1049.12,369.00,"A plate containing sautéed sausage pieces, mashed potatoes, and sautéed greens (appears to be kale or similar leafy vegetable)",595.00,370.00,0.200
dish_1562605352,brussels sprouts | scrambled eggs,242.07,195.00,Scrambled eggs with sliced jalapeño peppers served on a white square plate,188.00,125.00,0.333
dish_1562603895,hash browns | scrambled eggs | granola | sausage,1268.16,517.00,"Plate with sliced sausage, scrambled eggs, sautéed greens with bacon, and two portions of rice",845.00,365.00,0.286
dish_1562605384,brussels sprouts | scrambled eggs | sweet potato,306.19,262.00,"Breakfast meal consisting of scrambled eggs, roasted potatoes, and pickled jalapeños on a white square plate",380.00,250.00,0.500
dish_1562611522,cheese pizza,132.95,50.00,A single slice of pepperoni pizza on a white plate in an open refrigerator,285.00,95.00,1.000
dish_1562605411,watermelon | brussels sprouts | scrambled eggs | sweet potato,336.49,363.00,"Scrambled eggs with roasted potatoes, red bell peppers, and green peppers/jalapeños on a white plate",342.00,310.00,0.333
dish_1562611649,pepperoni pizza,278.49,146.00,"Light plated meal consisting of a small salad with greens and protein, a slice of pepperoni pizza, and a slice of cooked meat",475.00,275.00,0.333
dish_1562611580,pepperoni pizza,141.00,50.00,"A slice of pizza with cheese and pepperoni on a white plate, placed in what appears to be a refrigerator",285.00,100.00,1.000
dish_1562611620,pepperoni pizza,199.85,76.00,"Sparse meal consisting of a small slice of pepperoni pizza, a small piece of what appears to be cooked beef or steak, served on a white plate",300.00,105.00,0.500
dish_1562611680,pepperoni pizza | caesar salad,326.89,256.00,"Mixed plate with pizza slice, salad with protein, sliced meat, and what appears to be a sandwich or toast item",895.00,430.00,0.200
dish_1562611853,broccoli | chickpeas,267.21,243.00,"Mixed green salad with leafy greens, broccoli florets, and cherry tomatoes on a white square plate",62.00,190.00,0.250
dish_1562611824,chickpeas,192.57,109.00,"Small mixed green salad with leafy greens, red cabbage, and cherry tomato on a white square plate, positioned on a digital scale",27.00,130.00,0.000
dish_1562613010,cod,90.27,128.00,A mixed green salad with sliced chicken breast and what appears to be a grain-based coating or crust,285.00,270.00,0.000
dish_1562611878,chickpeas | broccoli,286.89,311.00,Mixed green salad with roasted vegetables and fresh herbs on a white square plate,98.00,230.00,0.167
dish_1562613045,corn | cod,166.11,207.00,"A salad bowl with mixed greens, quinoa or couscous grain, white cheese (appears to be feta or mozzarella), and fresh vegetables on a white plate",283.00,295.00,0.167
dish_1562613340,apple | arugula | onions | lemon juice | garlic | cilantro | pineapple | white rice | kale | jalapenos | goat cheese | figs,349.39,189.00,Plated meal consisting of sliced cooked beef with a fresh mixed green salad featuring leafy greens and shredded carrots,265.00,220.00,0.077
dish_1562613285,figs | apple | arugula | lemon juice | goat cheese,111.74,84.00,A light salad composed of mixed greens with julienned vegetables and what appears to be a light dressing or garnish,37.00,130.00,0.125
dish_1562613376,garlic | kale | jalapenos | arugula | figs | goat cheese | cilantro | onions | lemon juice | squash | apple | white rice | pineapple,371.96,267.00,"Plated restaurant dish with sliced grilled meat, roasted root vegetables, and fresh greens salad",410.00,275.00,0.000
dish_1562613867,bulgur | shallots | arugula | lemon juice | apple | garlic,83.89,57.00,A small portion of mixed green leafy salad on a white square plate,12.00,45.00,0.167
dish_1562613403,squash | jalapenos | lemon juice | cilantro | pineapple | white rice | apple | kale | arugula | broccoli | onions | goat cheese | garlic | figs,398.70,315.00,Grilled meat with roasted vegetables and fresh greens on a white square plate,392.00,287.00,0.200
dish_1562613898,broccoli,120.64,162.00,A plate of mixed green vegetables consisting of leafy greens and broccoli florets on a white square plate,40.00,140.00,0.500
dish_1562613918,broccoli | squash,133.66,207.00,"A salad plate with mixed greens, broccoli florets, and roasted root vegetables on a white square plate",108.00,230.00,0.250
dish_1562614088,broccoli,23.45,67.00,Minimalist meal consisting of a small portion of raw broccoli florets on a white plate,22.00,70.00,1.000
dish_1562614121,broccoli | spinach (raw),123.49,155.00,A white plate containing mixed fresh salad greens including spinach and lettuce leaves,12.00,65.00,0.500
dish_1562613974,chicken thighs | broccoli,416.20,375.00,A plated meal consisting of mixed green salad with protein and vegetables on the side,385.00,400.00,0.200
dish_1562614895,broccoli,51.80,148.00,A small portion of cooked broccoli florets on a white square plate,35.00,85.00,1.000
dish_1562614158,broccoli,453.93,301.00,"A plate with cooked beef pieces, fresh broccoli florets, and mixed green salad leaves",330.00,245.00,0.333
dish_1562615070,squash,14.47,50.00,A small portion of roasted or fried potato wedges on a white square plate,85.00,60.00,0.000
dish_1562614952,broccoli | chicken thighs,548.11,403.00,Protein and vegetable plate featuring sliced meat with broccoli florets on a white square plate,355.00,290.00,0.250
dish_1562614980,chicken thighs | broccoli,566.15,485.00,"Plate with sliced red meat, sautéed mushrooms in sauce, and steamed broccoli florets",515.00,390.00,0.250
dish_1562615103,squash,94.29,110.00,"Plated meal with roasted potato wedges, cooked protein (appears to be ground meat or similar), fresh green salad with cherry tomatoes and microgreens",367.00,290.00,0.000
dish_1562615128,apple | white rice | squash | garlic | goat cheese | pineapple | kale | jalapenos | lemon juice | onions | arugula | cilantro | figs,397.57,244.00,"Plated meal with sliced grilled beef, roasted potato wedges, fresh green salad with cherry tomatoes and mixed greens",455.00,300.00,0.000
dish_1562615283,pineapple | white rice | lemon juice | jalapenos | kale | onions | garlic | cilantro,176.54,78.00,"Minimal protein portion on white plate, appears to be cooked meat or protein-based food item",85.00,45.00,0.000
dish_1562615324,roasted potatoes,258.32,136.00,"Small portion of what appears to be cooked beef or dark meat, cut into irregular chunks, served on a white plate",95.00,50.00,0.000
dish_1562615153,chicken thighs,468.20,286.00,"Plated meal featuring sliced beef, roasted potato wedges, fresh green salad with tomatoes, and green beans",558.00,365.00,0.000
dish_1562615360,roasted potatoes,331.48,191.00,Plated dish with sliced cooked beef and mixed green salad with nuts on a white square plate,300.00,185.00,0.000
dish_1562615388,roasted potatoes | broccoli,360.18,273.00,Grilled meat with steamed broccoli and sautéed greens/herbs on a white square plate,345.00,300.00,0.250
dish_1562617395,caesar salad | pepperoni pizza,185.90,125.00,"Light meal consisting of a slice of pizza with cheese and tomato topping, and a side salad with mixed greens",255.00,180.00,0.500
dish_1562617370,pepperoni pizza,155.10,55.00,A small portion of what appears to be pizza or flatbread with cheese and tomato topping on a white plate,180.00,85.00,1.000
dish_1562617416,broccoli | pepperoni pizza | caesar salad,200.95,168.00,"A plated meal consisting of broccoli florets, leafy greens (appears to be lettuce or similar), and a small portion of what appears to be pizza or cheese-topped bread with pepperoni",145.00,205.00,0.500
dish_1562617446,broccoli | roasted potatoes | caesar salad | pepperoni pizza,291.19,232.00,"Light lunch plate with protein, vegetables, and leafy greens",425.00,385.00,0.500
dish_1562617470,pepperoni pizza | roasted potatoes | chicken thighs | caesar salad,440.87,321.00,"Mixed plate with roasted chicken, pizza with pepperoni, steamed broccoli, caesar salad, and roasted root vegetables",755.00,505.00,0.800
dish_1562617703,frozen yogurt,179.63,110.00,"Unable to analyze - image shows interior mechanical/electrical equipment setup, not a meal",0.00,,0.000
dish_1562617492,roasted potatoes | caesar salad | pepperoni pizza | chicken thighs,558.56,373.00,"Mixed plate with grilled/roasted meats, roasted vegetables, and salad",755.00,590.00,0.250
dish_1562617939,chickpeas,234.97,133.00,Small salad portion with mixed green leafy vegetables and scattered vegetable pieces on a white plate,18.00,70.00,0.000
dish_1562686492,chicken apple sausage,160.00,100.00,Small portion of cooked mushrooms on a white plate,15.00,35.00,0.000
dish_1562686520,chicken apple sausage | scrambled eggs,346.48,226.00,A meal consisting of scrambled eggs and sautéed mushrooms served on a white square plate,220.00,185.00,0.333
dish_1562618000,chicken thighs | chickpeas,685.99,448.00,"Stir-fried dish with ground meat, broccoli, snap peas, and mixed vegetables on a white square plate",310.00,295.00,0.143
dish_1562686548,scrambled eggs | yam | chicken apple sausage,413.49,280.00,"A plate containing fried potatoes, mushrooms, and red bell peppers",350.00,290.00,0.000
dish_1562686664,,119.13,209.00,Fresh fruit bowl containing sliced strawberries and blueberries on a white square plate,61.00,175.00,
dish_1562687246,bell peppers,115.42,61.00,"Small green salad with spinach or leafy greens, red bell pepper strips, and what appears to be a red tomato or red pepper, plated on a white square plate",26.00,100.00,0.333
dish_1562687274,garlic | bell peppers | cucumbers | radishes,161.02,141.00,A light appetizer or snack plate featuring fresh berries and leafy greens on a white square plate,61.00,165.00,0.000
dish_1562687299,honeydew melons,180.82,196.00,"Light fruit and vegetable plate with mixed greens, fresh berries, melon, and strawberries",79.00,230.00,0.500
dish_1562687554,waffles | chicken apple sausage,409.33,281.00,"Breakfast plate with waffle, fresh fruit, and salad greens",373.00,355.00,0.250
dish_1562687527,chicken apple sausage | honeydew melons,203.22,210.00,"A light salad plate with fresh greens, raw vegetables, fresh fruits, and what appears to be a small protein item",112.00,265.00,0.000
dish_1562688382,chicken apple sausage,113.60,71.00,Small plate with approximately 5 fried or baked potato balls/croquettes arranged on a white square plate,185.00,85.00,0.000
dish_1562686577,chicken apple sausage | scrambled eggs | yam,556.56,531.00,"Mixed fruit and vegetable plate with what appears to be fried potato chips or similar fried starch, fresh berries, diced pineapple, mushrooms, and other vegetables",431.00,395.00,0.000
dish_1562688524,chicken apple sausage | grapes | roasted potatoes | watermelon,215.36,242.00,"Light snack plate with red grapes, sliced tomatoes, and what appears to be whole grain crackers or bread",123.00,210.00,0.167
dish_1562688552,grapes | roasted potatoes | watermelon | chicken apple sausage,235.82,304.00,"A fruit and cheese plate consisting of red grapes, strawberries, and what appears to be cheese cubes on a white square plate",256.00,300.00,0.200
dish_1562688482,roasted potatoes | chicken apple sausage | grapes,193.46,169.00,"Light snack plate with roasted potato cubes, what appears to be a baked good or bread item, and red grapes on a white square plate",225.00,205.00,0.500
dish_1562689601,broccoli,20.61,37.00,A single small floret of cooked broccoli on a white square plate,8.00,20.00,1.000
dish_1562689548,pineapple | cottage cheese,216.54,267.00,A bowl containing cooked mango pieces and what appears to be rice or a starchy base,219.00,220.00,0.000
dish_1562689519,cottage cheese,169.54,173.00,"A white bowl containing what appears to be a white granular substance, likely salt, sugar, or flour, positioned on a scale or measurement platform",0.00,85.00,0.000
dish_1562689645,bacon | scrambled eggs,302.43,169.00,"Simple breakfast plate with broccoli, scrambled eggs, and bacon on a white square plate",310.00,195.00,0.667
dish_1562690074,bacon,263.40,104.00,"A plated salad with mixed greens, vegetables, and crispy bacon on a white square plate",120.00,135.00,0.250
dish_1562690047,onions | lime | lettuce | cucumbers | cherry tomatoes,68.64,68.00,"A fresh green salad with spinach or mixed greens, shredded carrots, and cherry tomatoes on a white square plate",32.00,100.00,0.143
dish_1562690112,chicken apple sausage | bacon,428.20,207.00,"Plated meal consisting of roasted potatoes, crispy bacon strips, and a fresh green salad with shredded carrots and tomatoes on a white square plate",250.00,270.00,0.167
dish_1562690886,broccoli,20.61,37.00,Roasted broccoli florets on a white square plate,45.00,85.00,1.000
dish_1562690144,chicken apple sausage | scrambled eggs | bacon,645.76,354.00,"Breakfast plate with scrambled eggs, sausage links, bacon, fresh greens salad with shredded carrots, and what appears to be hash browns or potato cubes",695.00,350.00,0.600
dish_1562690917,broccoli,69.06,122.00,"Small plate with steamed broccoli, sliced strawberries, and blueberries",85.00,185.00,1.000
dish_1562690950,pineapple | broccoli,109.06,202.00,"A light meal plate with roasted broccoli, sliced tomato, black olives, and roasted potato cubes on a white square plate",170.00,275.00,0.250
dish_1562691000,pineapple | scrambled eggs,326.62,349.00,"A balanced plate meal consisting of pasta, roasted vegetables, and fresh fruit served on a white square plate",385.00,315.00,0.167
dish_1562691032,pineapple | scrambled eggs | roasted potatoes,419.68,415.00,"Mixed plate with roasted potatoes, scrambled eggs, roasted broccoli, bell peppers, and pineapple chunks",380.00,445.00,0.600
dish_1562691383,yam,86.87,70.00,Small portion of roasted sweet potato cubes on a white square plate,45.00,65.00,0.000
dish_1562691064,fried rice | pineapple | scrambled eggs | roasted potatoes,555.30,501.00,"Mixed plate with roasted chicken, roasted potatoes, steamed broccoli, and fresh tomato slices, garnished with parsley",460.00,440.00,0.125
dish_1562691409,yam | scrambled eggs,225.99,164.00,Breakfast meal consisting of scrambled eggs and roasted sweet potato cubes on a white square plate,225.00,210.00,0.333
dish_1562691466,broccoli | yam | chicken apple sausage | scrambled eggs,319.87,267.00,"Plate containing roasted sweet potato cubes, mashed potatoes, sautéed broccoli, and what appears to be a meat protein (possibly sausage or ground meat patty)",465.00,390.00,0.400
dish_1562691441,broccoli | scrambled eggs | yam,263.87,232.00,"Plate with roasted sweet potato cubes, mashed potatoes, and steamed broccoli florets",250.00,295.00,0.250
dish_1562691566,broccoli | egg whites,100.61,187.00,Light meal consisting of roasted broccoli florets and what appears to be shredded or flaked chicken breast on a white square plate,150.00,175.00,0.333
dish_1562691538,egg whites,49.92,96.00,A light meal consisting of cauliflower florets with seasoning and what appears to be roasted vegetables on accompanying plates,105.00,228.00,0.000
dish_1562691613,egg whites | broccoli | yam | sweet potato,213.67,300.00,"A balanced plate with roasted vegetables, protein, and a starch component on a white square plate",380.00,480.00,0.333
dish_1562691705,yam | egg whites | milk | greek yogurt | sweet potato | watermelon | broccoli | chicken apple sausage,412.68,554.00,"A balanced plate meal consisting of breaded protein, fresh vegetables including broccoli, diced bell peppers, and what appears to be cauliflower or another white vegetable, served on a white square plate",335.00,470.00,0.182
dish_1562698100,squash,24.02,83.00,Small plate of roasted vegetables consisting of zucchini and potato slices,90.00,130.00,0.000
dish_1562698209,millet | beef,284.13,135.00,Two pieces of grilled or pan-seared meat on a white plate,320.00,160.00,0.500
dish_1562691674,sweet potato | broccoli | egg whites | yam | greek yogurt | chicken apple sausage | milk,376.98,435.00,"A plated meal consisting of a protein item with breadcrumb coating, roasted vegetables, and mashed potatoes with broccoli and red pepper garnish",615.00,505.00,0.333
dish_1562698132,lentils | squash | fish,128.10,178.00,Mixed vegetable and protein stir-fry dish with poultry and assorted vegetables on a white square plate,228.00,250.00,0.000
dish_1562698276,broccoli | white rice | beef,434.58,307.00,"Plate with sliced beef, mashed potatoes, and steamed broccoli florets",505.00,390.00,0.500
dish_1562698239,beef | white rice,407.63,230.00,"Simple meal consisting of mashed potatoes and cooked meat (appears to be beef or steak), plated on a white square dish",500.00,340.00,0.333
dish_1562699570,brown rice,24.42,22.00,Small portion of cooked grains (appears to be rice or similar grain) on a white square plate,58.00,45.00,1.000
dish_1562699612,brown rice | quinoa,98.39,74.00,Two small portions of what appears to be cooked cereal or grain-based mixture on a white square plate,95.00,60.00,0.500
dish_1562699652,brown rice | quinoa,132.18,103.00,A simple meal consisting of cooked grains and fresh spinach leaves on a white square plate,118.00,130.00,0.333
dish_1562700496,cauliflower,31.00,124.00,"Three small portions of what appears to be cauliflower florets, possibly roasted or boiled, on a white square plate",45.00,120.00,1.000
dish_1562691737,broccoli | egg whites | yam | chicken apple sausage | sweet potato | watermelon | pineapple,485.68,700.00,"A mixed vegetable plate with what appears to be a grain or protein base, consisting of broccoli, diced pineapple, red bell peppers, and other vegetables on a white square plate",270.00,415.00,0.200
dish_1562700568,fish | cauliflower | lentils,246.86,318.00,"A plate with ground meat and vegetable mixture, boiled potatoes, and fresh arugula salad",415.00,380.00,0.000
dish_1562699699,quinoa | beef | brown rice,372.11,217.00,"Plate with sliced red meat, two portions of grain (appears to be quinoa or couscous), and steamed green leafy vegetables (appears to be bok choy or similar)",495.00,350.00,0.400
dish_1562700685,mushroom,24.20,110.00,A small portion of mixed nuts on a white square plate,95.00,23.00,0.000
dish_1562700593,cauliflower | fish | lentils | beef,385.77,384.00,"Plate with sliced meat, potato rounds, mixed greens salad with nuts, and what appears to be a grain or legume-based component",550.00,420.00,0.143
dish_1562700718,mushroom | beef | millet,329.38,255.00,"A plate containing sautéed mushrooms, cooked meat (appears to be beef or pork), and a small herb garnish on a white square plate",367.00,273.00,0.500
dish_1562700760,beef | cauliflower | mushroom,370.13,418.00,"Plate with sautéed mushrooms, mashed potatoes with herbs, and what appears to be a meat protein",485.00,400.00,0.500
dish_1562700885,cauliflower,29.25,117.00,"A small portion of mashed potatoes with what appears to be a small piece of red meat or tomato visible, plated on a white square plate",110.00,130.00,0.000
dish_1562700906,squash | cauliflower,59.64,222.00,A plated dish consisting of sliced potatoes with yellow bell pepper pieces arranged on a white square plate,113.00,165.00,0.000
dish_1562701956,cherry tomatoes,6.84,38.00,Small portion of red cherry tomatoes on a white plate with measurement scale visible,15.00,85.00,1.000
dish_1562700931,squash | cauliflower,164.23,312.00,"Plated meal consisting of mixed green salad, roasted vegetables including yellow bell peppers, and mashed potatoes",155.00,290.00,0.000
dish_1562700957,fish | squash | cauliflower | lentils,286.93,424.00,"Plated meal consisting of sliced poultry with vegetables including roasted bell peppers, leafy greens salad, and mashed potatoes with what appears to be beets or red vegetables mixed in",400.00,400.00,0.000
dish_1562702007,cherry tomatoes | squash,24.78,100.00,Minimalist plated dish featuring roasted vegetables with creative presentation on a white square plate,90.00,275.00,0.200
dish_1562702044,squash | cherry tomatoes | cauliflower,44.03,177.00,A minimalist plated dish with roasted vegetables and garnishes on a white square plate,105.00,170.00,0.333
dish_1562702091,cherry tomatoes | cauliflower | squash,86.53,214.00,"Artfully plated vegetable-based dish with mixed greens, shredded carrots, zucchini, cauliflower puree, and garnish",82.00,171.00,0.286
dish_1562702355,lettuce,68.88,99.00,"Mixed green salad with dark leafy greens, lighter lettuce varieties, and dark purple olives on a white square plate",65.00,125.00,0.333
dish_1562702132,fish | squash | lentils | cauliflower,245.39,359.00,"Plated fine dining dish featuring what appears to be fish or seafood with vegetables, garnished with microgreens and tomato dots",163.00,210.00,0.100
dish_1562702379,lettuce | cauliflower,100.88,227.00,A plated meal consisting of boiled potatoes and a mixed green salad with dark leafy greens,120.00,230.00,0.333
dish_1562702412,cauliflower | quinoa,183.39,285.00,"Plate with lentils, boiled potatoes, and mixed green salad",285.00,340.00,0.000
dish_1562702813,lettuce,41.05,59.00,Small bowl of mixed green salad with dark leafy greens,12.00,45.00,1.000
dish_1562702441,cauliflower | quinoa | watermelon,209.19,371.00,"A mixed plate with legumes, roasted vegetables, and fresh salad on a white square plate",279.00,360.00,0.143
dish_1562702853,beef,272.57,169.00,"A plate with mixed green salad and what appears to be a breaded, fried protein item",235.00,180.00,0.000
dish_1562702892,fish | beef | lentils,457.71,338.00,"Mixed plate with fried rice balls or croquettes, crispy fried items, and fresh green salad",525.00,285.00,0.000
dish_1562703345,pizza,154.28,58.00,Small portion of what appears to be a vegetable and meat skewer or kebab with sauce on a white square plate,80.00,75.00,0.000
dish_1562703382,pizza,203.87,145.00,A plate with grilled meat skewer and mixed berries,245.00,230.00,0.000
dish_1562703408,pizza | beef,311.21,196.00,"Mixed protein and vegetable plate with what appears to be grilled meat, skewered vegetables, and fresh berries on a white square plate",480.00,340.00,0.250
dish_1562702469,quinoa | cauliflower | beef,541.73,529.00,"Plate with sliced meat, roasted vegetables, mashed potatoes, and fresh salad greens with tomato",500.00,500.00,0.143
dish_1562703447,beef | pizza,384.43,259.00,A plate with fresh leafy greens (appears to be lettuce or mixed salad greens) and what looks like a small piece of cooked meat or protein item on the side,110.00,120.00,0.333
dish_1562704528,cheese pizza,148.90,56.00,Single baked/toasted item with chocolate chips or raisins on a white square plate,120.00,35.00,0.000
dish_1562704564,cheese pizza | beef,292.02,124.00,Light meal consisting of sliced cooked meat and what appears to be a baked item with toppings on a white square plate,325.00,175.00,0.333
dish_1562704616,squash | beef | cheese pizza,317.78,213.00,"Plated meal with sliced meat, roasted vegetables, and what appears to be a protein with sauce",735.00,480.00,0.167
dish_1562704640,beef | squash | cheese pizza,333.28,275.00,"Plate with sliced cooked meat, mashed potatoes, roasted vegetables (zucchini and potatoes), and what appears to be a breaded/topped protein item",805.00,500.00,0.143
dish_1562704665,cheese pizza | caesar salad | beef,387.84,399.00,"Plate with grilled meat, mashed potatoes, roasted vegetables, salad, and what appears to be cheese or flatbread",915.00,585.00,0.400
dish_1562774099,granola,51.99,40.00,A small mixed green salad with lettuce and vegetables on a white square plate,13.00,55.00,0.000
dish_1562774129,granola,73.08,77.00,"A light salad composed of mixed greens with red bell pepper strips on top, served on a white square plate",30.00,100.00,0.000
dish_1562774159,cantaloupe,90.76,129.00,"A simple salad plate with mixed greens and raw vegetables including lettuce, bell peppers, and what appears to be tofu or cheese",100.00,195.00,0.000
dish_1562774346,cheese | scrambled eggs,422.65,264.00,A plate of scrambled eggs with shredded cheddar cheese on a white square plate,290.00,150.00,1.000
dish_1562774206,scrambled eggs | roasted potatoes | cantaloupe,298.76,272.00,"Mixed plate with scrambled eggs, roasted potatoes, fresh vegetables, and leafy greens",340.00,350.00,0.400
dish_1562774180,cantaloupe | roasted potatoes,164.08,181.00,"A light vegetarian meal consisting of fresh greens, roasted vegetables, and potatoes on a white square plate",155.00,260.00,0.250
dish_1562774475,sausage | roasted potatoes,320.96,128.00,A plate of roasted potatoes and sausage - appears to be red/brown potatoes cut into chunks and cooked sausage pieces served on a white square plate,420.00,300.00,1.000
dish_1562774531,sausage | roasted potatoes,379.82,254.00,"A plate containing roasted potato wedges, fresh strawberries, and blueberries arranged on a white plate",148.00,260.00,0.500
dish_1562774980,oatmeal,136.68,201.00,A bowl of oatmeal or porridge with red fruit pieces (likely strawberries or cranberries) mixed in,205.00,230.00,0.500
dish_1562775047,oatmeal,284.88,461.00,A bowl of mixed fresh berries consisting of strawberries and blueberries,47.00,150.00,0.000
dish_1562775110,honeydew melons,101.52,282.00,"A bowl of mixed fresh fruit salad containing diced apples, melon, and red bell pepper",75.00,185.00,0.333
dish_1562774504,sausage | roasted potatoes,335.36,176.00,"A plate with cooked sausage, roasted potatoes, and fresh red bell pepper pieces",410.00,245.00,0.667
dish_1562775212,oatmeal,92.48,136.00,A bowl of cooked cereal or grain-based porridge in a white bowl on a wooden surface,150.00,200.00,1.000
dish_1562775241,oatmeal,140.36,220.00,Bowl of oatmeal or grain cereal topped with fresh strawberries and blueberries,192.00,285.00,1.000
dish_1562775275,cantaloupe | oatmeal,173.68,318.00,"A bowl of cubed orange vegetables (appears to be sweet potato or pumpkin) with what looks like black olives or dark garnish, placed on a kitchen scale. Partial view of other items on the left side of the counter.",130.00,205.00,0.000
dish_1562775356,scrambled eggs,177.60,120.00,A small portion of scrambled eggs on a white square plate,95.00,60.00,1.000
dish_1562775373,bacon | scrambled eggs,329.08,148.00,Breakfast plate with scrambled eggs and bacon strips,340.00,130.00,1.000
dish_1562775456,sweet potato,50.16,66.00,Small portion of fried or roasted potato cubes on a white square plate,85.00,60.00,1.000
dish_1562775488,egg whites | sweet potato,91.24,145.00,Simple meal consisting of roasted potato cubes and what appears to be crumbled cheese or feta with black pepper seasoning,195.00,150.00,0.333
dish_1562775510,egg whites | sweet potato | brussels sprouts,114.22,190.00,"A plated meal consisting of roasted potatoes, what appears to be cod or white fish with seasoning, and roasted Brussels sprouts or similar green vegetables",250.00,350.00,0.500
dish_1562775549,egg whites | brussels sprouts | sweet potato | cottage cheese,174.98,252.00,"A plate with roasted potato cubes, sautéed vegetables (appears to be okra or green beans), and a white crumbly cheese or paneer with black pepper seasoning",320.00,300.00,0.400
dish_1562775574,egg whites | brussels sprouts | sweet potato | cottage cheese | pineapple,242.48,387.00,"A plate containing roasted potatoes, sautéed dark leafy greens, and what appears to be crumbled white cheese or feta, seasoned with black pepper",265.00,270.00,0.333
dish_1562776428,brussels sprouts,33.70,66.00,Small portion of roasted brussels sprouts on a white square plate,45.00,75.00,1.000
dish_1562776465,sweet potato | brussels sprouts,173.43,212.00,A plate with roasted Brussels sprouts and roasted potato cubes,195.00,290.00,1.000
dish_1562777000,scrambled eggs,195.36,132.00,"A plate of what appears to be scrambled eggs with diced vegetables (likely peppers or tomatoes), served on a white square plate",180.00,150.00,1.000
dish_1562777037,brussels sprouts | scrambled eggs,215.27,171.00,A plate containing yellow rice with tomato-based sauce and sautéed mushrooms on the side,325.00,280.00,0.000
dish_1562776497,brussels sprouts | sweet potato | scrambled eggs,291.83,292.00,Fried protein with waffle fries and sautéed dark leafy greens on a white square plate,685.00,350.00,0.000
dish_1562777068,brussels sprouts | scrambled eggs,236.72,236.00,"Breakfast plate with scrambled eggs, fresh strawberries, and olives served on a white square plate",312.00,250.00,0.500
dish_1562777566,toast,263.00,84.00,"A slice of toasted bread with what appears to be jam or preserves spread on top, served on a white square plate",135.00,48.00,0.000
dish_1562783605,,75.60,270.00,"Mixed green salad with raw vegetables in a metal bowl, containing leafy greens, red/purple onions, and shredded carrots",75.00,215.00,0.000
dish_1562777099,sweet potato | scrambled eggs | brussels sprouts,303.72,306.00,"Breakfast plate with scrambled eggs, roasted potatoes, fresh berries, and strawberry slices on a white square plate",345.00,325.00,0.667
dish_1562784242,pizza,85.12,32.00,Single small piece of what appears to be tomato-based flatbread or pizza with a garnish of green onion/scallion on a white square plate,37.00,33.00,0.500
dish_1562783691,grilled chicken,421.69,423.00,Mixed vegetable stir-fry with tofu in a wok/pan,180.00,380.00,0.000
dish_1562784266,corn on the cob | pizza,131.80,76.00,"A minimalist plated meal consisting of a small round cracker or wafer and a small piece of what appears to be tomato-based appetizer or canapé with a garnish, served on a white square plate",60.00,28.00,0.000
dish_1562784307,pizza | eggplant | corn on the cob,158.52,157.00,"A plated meal consisting of a cheese cracker, tomato-based dish with vegetables, and roasted eggplant cubes on a white square plate",190.00,202.00,0.200
dish_1562784347,pizza | corn on the cob | eggplant | bulgur,315.99,264.00,"A plated lunch consisting of a mixed green salad with vegetables, grilled eggplant, tomato-based dish with cheese, and a corn tartlet",340.00,340.00,0.286
dish_1562785132,fish | country rice,211.54,192.00,"A small portion of what appears to be a ground meat-based dish with vegetables, garnished with green onions, plated on a white square plate",165.00,123.00,0.000
dish_1562784388,corn on the cob | pilaf | pizza | bulgur,465.64,358.00,"A plated meal consisting of quinoa or couscous as the base grain, grilled vegetables including eggplant and yellow squash, fresh green salad with radish and mixed greens, and what appears to be a tomato-based preparation, served on a white square plate",388.00,455.00,0.000
dish_1562785159,caesar salad | country rice | fish,265.66,315.00,"A plated meal consisting of a protein-based dish with tomatoes and herbs on the left, and a green salad with croutons on the right, served on a white square plate",375.00,275.00,0.000
dish_1562785328,bulgur,133.92,91.00,Mixed green salad with dark leafy greens and red vegetables on a white square plate,20.00,110.00,0.000
dish_1562785184,caesar salad | country rice | eggplant | fish,290.40,390.00,"A balanced meal plate with protein, roasted vegetables, and salad on a white square plate",400.00,370.00,0.400
dish_1562785369,bulgur | pork,440.58,232.00,Plate with sliced pork/meat and mixed green salad with red peppers,285.00,270.00,0.500
dish_1562786103,frozen yogurt,93.08,57.00,A bowl containing what appears to be chocolate mousse or chocolate pudding,185.00,120.00,0.000
dish_1562787783,pilaf,114.01,76.00,"Plated meal consisting of couscous/grain pilaf and roasted artichoke florets with green beans, presented on a white square plate",238.00,240.00,0.333
dish_1562787745,garlic | bulgur | shallots | lemon juice | arugula | apple,85.36,58.00,"A small plated dish consisting of cooked vegetables including what appears to be artichoke hearts, leafy greens, and possibly some protein or prepared vegetable component, arranged on a white square plate",70.00,135.00,0.000
dish_1562787848,pilaf | pork | corn on the cob,416.80,248.00,"Plated meal with sliced meat, corn, grain/rice mixture, and fresh vegetables",380.00,365.00,0.333
dish_1562787817,pilaf | pork,348.90,184.00,"Plated meal consisting of a breaded and seared protein (appears to be pork or chicken), quinoa or couscous grain, roasted cauliflower with herbs, and microgreens garnish on a white square plate",380.00,248.00,0.200
dish_1562787983,caesar salad | cantaloupe,56.76,149.00,Simple vegetable side dish consisting of steamed or boiled carrot chunks and leafy green vegetables on a white square plate,30.00,140.00,0.000
dish_1562788010,caesar salad | eggplant | cantaloupe,67.64,182.00,"A vegetable side dish consisting of roasted or sautéed carrots, broccoli, and eggplant on a white square plate",105.00,215.00,0.200
dish_1562788032,caesar salad | cantaloupe | pork | eggplant,137.24,214.00,"Plated meal with sliced protein, roasted vegetables including carrots, broccoli, and what appears to be mushrooms and zucchini",255.00,370.00,0.125
dish_1562787956,caesar salad,26.84,61.00,"Small portion of cooked leafy greens, appears to be lettuce or similar salad greens, lightly dressed or sautéed, served on a white square plate",8.00,40.00,0.000
dish_1562788506,corn on the cob,114.59,108.00,"Two fried potato products on a white plate, appears to be hash browns or potato cakes",180.00,85.00,0.000
dish_1562788536,pilaf | corn on the cob,245.13,190.00,"A plated meal consisting of a mixed grain and vegetable hash with sautéed vegetables, accompanied by roasted root vegetable slices",335.00,275.00,0.250
dish_1562788568,pilaf | corn on the cob | fish,289.20,230.00,"Plated meal consisting of a ground meat mixture with vegetables, fried potato rounds, and corn on the cob",545.00,340.00,0.200
dish_1562788601,fish | corn on the cob | pork | pilaf,413.17,287.00,"Plated meal consisting of sliced meat, roasted vegetables, corn, and potatoes on a white square plate",390.00,335.00,0.333
dish_1562788760,pork | fish,331.32,178.00,Plate with sliced poultry (appears to be chicken breast) and a vegetable-based side dish with herbs,260.00,180.00,0.000
dish_1562788794,white rice | pork | fish,465.22,281.00,"Plate with sliced poultry, herb-garnished protein, and white rice",435.00,255.00,0.500
dish_1562788732,fish,57.29,52.00,"A single serving of what appears to be a vegetable-based fritter or patty with herbs, placed on a white square plate",85.00,65.00,0.000
dish_1562788816,pork | corn on the cob | fish | white rice,506.60,320.00,"Plated meal with sliced meat, herb-garnished protein patty, rice, and vegetable garnish",675.00,370.00,0.333
dish_1562789207,cheese pizza,146.24,55.00,Plate with a small portion of what appears to be a baked good with cheese and tomato topping in the upper right corner of an otherwise empty white plate,85.00,35.00,1.000
dish_1562788845,white rice | corn on the cob | fish | pork,529.48,372.00,"Plate with grilled protein, rice, and steamed vegetables with sliced yellow squash garnish",681.00,535.00,0.125
dish_1562789268,pork | corn on the cob | cheese pizza,569.51,350.00,"A plate with fried plantain slices, what appears to be a meat protein (possibly bacon or cured meat), and another cooked protein item",485.00,195.00,0.000
dish_1562789328,tofu | corn on the cob | pork | caesar salad | cheese pizza,656.55,503.00,"Plated meal with protein, roasted vegetables, salad, and starchy sides",515.00,470.00,0.125
dish_1562789240,cheese pizza | pork,361.56,154.00,"Two baked/roasted food items on a white plate, appearing to be potato-based preparations with browning on top",150.00,165.00,0.000
dish_1562789301,caesar salad | corn on the cob | cheese pizza | pork,606.91,435.00,"Plated meal consisting of fried plantain rounds, green salad with dressing, grilled/pan-seared fish fillet, and what appears to be a meat or protein item in the background",705.00,390.00,0.000
dish_1562790224,walnuts,312.75,116.00,Mixed green salad with legumes and vegetables on a white square plate,210.00,155.00,0.250
dish_1562790259,walnuts | grilled chicken,518.59,207.00,"A composed salad with chopped poultry, nuts, and fresh greens on a white square plate",337.00,180.00,0.500
dish_1562790170,arugula,103.69,84.00,A small green salad with mixed leafy greens and what appears to be shredded vegetables on a white square plate,25.00,70.00,0.333
dish_1562790775,bell peppers | cucumbers | garlic | radishes,75.69,40.00,Small portion of fresh spinach leaves on a white square plate,7.00,25.00,0.000
dish_1562790824,country rice | fish,437.07,368.00,A plate with a ground meat-based dish (appears to be seasoned ground beef or similar) served with fresh spinach leaves on a white square plate,293.00,150.00,0.000
dish_1562790295,walnuts | grilled chicken,538.71,268.00,"A salad bowl containing mixed greens with nuts, grains, and cheese crumbles",355.00,258.00,0.000
dish_1562790321,walnuts | pizza | grilled chicken,767.47,354.00,"A plated salad dish with roasted vegetables, grains, fresh greens, and cheese crumbles on a white square plate",301.00,240.00,0.125
dish_1562859116,scrambled eggs,145.04,98.00,A small portion of scrambled eggs on a white square plate,85.00,50.00,1.000
dish_1562790855,fish | pork | country rice,739.38,507.00,"Asian-style dish with what appears to be chicken or fish protein with crispy coating, served with fresh herbs and greens on a white square plate",620.00,303.00,0.167
dish_1562860700,pineapple,23.50,47.00,A small portion of french fries on a white square plate,95.00,60.00,0.000
dish_1562860045,scrambled eggs | bacon,280.29,123.00,Simple breakfast meal consisting of bacon strips and scrambled eggs on a white square plate,295.00,108.00,1.000
dish_1562860073,scrambled eggs | bacon,357.81,259.00,"Breakfast plate with bacon, scrambled eggs, and fresh berries",480.00,305.00,1.000
dish_1562860723,pineapple,87.91,160.00,"Fresh fruit plate with mango, strawberries, and blueberries arranged on a white square plate",105.00,210.00,0.000
dish_1562861103,bell peppers,94.61,50.00,A small salad composed of shredded raw vegetables on a white square plate,26.00,75.00,0.000
dish_1562861125,egg whites,190.81,235.00,"Plate with mashed potatoes, sautéed vegetables (spinach and shredded carrots)",240.00,330.00,0.000
dish_1562861174,egg whites | bacon,401.80,274.00,Plated meal consisting of sliced meat with vegetables and mashed potatoes,451.00,275.00,0.000
dish_1562862493,scrambled eggs,198.32,134.00,Scrambled eggs with diced red peppers on a white square plate,195.00,125.00,1.000
dish_1562862550,cream cheese | scrambled eggs | bagels,364.52,257.00,"A plate containing scrambled eggs with vegetables, fresh strawberries, and what appears to be a spread on toast or bread",345.00,255.00,0.667
dish_1562871297,cheese pizza,124.97,47.00,Single slice of cheese pizza on a white plate,285.00,100.00,1.000
dish_1562871363,white rice | cheese pizza,245.87,140.00,A simple meal consisting of a baked salmon fillet and white rice on a white square plate,475.00,260.00,0.333
dish_1562871448,white rice | squash | cheese pizza | brussels sprouts,295.85,276.00,"A plate with fish fillet, white rice, roasted potatoes, and pickled vegetables",455.00,370.00,0.143
dish_1562871488,white rice | mushroom | squash | brussels sprouts | cheese pizza,321.59,393.00,"A plate with white rice, meatballs, roasted potatoes, Brussels sprouts, and a slice of pizza",946.00,580.00,0.429
dish_1562871408,cheese pizza | squash | white rice,271.34,228.00,"A plate with protein, starch, and vegetable components consisting of what appears to be breaded/fried fish or meat, white rice, and fried plantain chips with a dark leafy item",705.00,340.00,0.167
dish_1562871537,white rice | grilled chicken | cheese pizza,685.77,554.00,"Mixed plate meal with protein, starches, and vegetables including rice, chicken, potatoes, mushrooms, and pizza",851.00,580.00,0.600
dish_1562872150,mushroom,7.48,34.00,"Four whole nuts on a white plate, appears to be macadamia nuts or similar round nuts",95.00,12.00,0.000
dish_1562871731,bok choy,17.03,131.00,"A white bowl containing cooked leafy greens, appears to be collard greens or similar dark leafy vegetable, placed on a light surface with a black cord visible",34.00,120.00,0.000
dish_1562872223,chicken | bok choy,306.86,468.00,"Protein-based meal with cooked meat, sautéed vegetables including cucumber, leafy greens, and mushrooms on a white square plate",342.00,310.00,0.200
dish_1562872182,mushroom | bok choy,41.54,296.00,"A plate of cooked vegetables consisting of leafy greens, mushrooms, and what appears to be bok choy or similar Asian greens",73.00,230.00,1.000
dish_1562872365,bok choy,9.88,76.00,"A small portion of cooked leafy green vegetables, appears to be bok choy or similar Asian green, served on a white square plate",12.00,85.00,1.000
dish_1562872396,chicken | bok choy,179.56,186.00,Plate with breaded and fried meat (appears to be chicken or pork cutlets) and steamed or boiled bok choy,355.00,280.00,0.333
dish_1562872470,fish | chicken,286.38,282.00,"Plated meal consisting of couscous with vegetable garnish, sautéed zucchini, and what appears to be breaded/pan-fried meat portions",500.00,370.00,0.000
dish_1562872432,chicken,259.08,257.00,"Mixed plate with couscous pilaf, sautéed vegetables, and meat protein",465.00,325.00,0.000
dish_1562872662,corn | fish,133.22,122.00,A single rectangular baked item with nuts and green garnish on a white square plate,183.00,70.00,0.000
dish_1562872498,chicken,306.26,320.00,"Mixed plate with protein, vegetables, and starches including what appears to be beef, green beans, asparagus, cauliflower rice or mashed potatoes, and zucchini",453.00,490.00,0.000
dish_1562872914,fish | corn,135.40,124.00,"A plated dish featuring what appears to be pan-fried tofu or similar protein with herbs and seasonings, served on a white square plate",225.00,155.00,0.000
dish_1562872746,fish | corn | arugula,242.36,203.00,"A plated dish consisting of toasted bread topped with what appears to be a lentil or grain-based mixture with vegetables, accompanied by fresh mixed greens salad with microgreens and a carrot slice garnish",255.00,185.00,0.167
dish_1562872945,corn | fish,258.60,234.00,Plate with grilled protein and roasted potatoes with vegetables,420.00,375.00,0.200
dish_1562872981,corn | fish,268.32,288.00,"Plate with roasted red peppers, boiled potatoes with herbs, and grilled fish fillet",350.00,420.00,0.333
dish_1562873155,green beans,41.34,79.00,Plate of cooked green beans with minimal seasoning,35.00,85.00,1.000
dish_1562873002,fish | corn,278.26,307.00,"Balanced plate with protein, starch, and vegetables. Includes grilled/baked tofu or tempeh, boiled potatoes with herbs, green beans, and fresh tomatoes.",347.00,490.00,0.000
dish_1562873028,fish | corn,280.34,320.00,"A balanced plate meal with grilled protein, roasted vegetables, and potato side dish served on a white square plate",425.00,515.00,0.167
dish_1562873187,green beans | bok choy,64.22,255.00,"Steamed or boiled bok choy with garlic chives, served on a white square plate",36.00,170.00,0.333
dish_1562873264,fish | country rice,503.60,595.00,"Fried rice dish with green onions/scallions as garnish, served on a white square plate",388.00,305.00,0.333
dish_1562873224,fish | corn | green beans | bok choy,261.86,436.00,"Asian-style meal with ground meat stir-fry, bok choy, and green onion garnish on a white square plate",363.00,320.00,0.167
dish_1562873544,fish | cheese pizza | caesar salad,193.61,201.00,"A plated meal consisting of a mixed green salad with vegetables and a baked/roasted protein item, likely fish or poultry with a glaze or sauce",225.00,230.00,0.250
dish_1562873495,caesar salad | cheese pizza,140.11,152.00,"A light meal consisting of a mixed green salad with what appears to be a small portion of protein on the side, served on a white square plate",120.00,140.00,0.000
dish_1562873790,lettuce | lime | onions | cucumbers | cherry tomatoes,75.71,75.00,A small portion of mixed green salad leaves on a white square plate,8.00,40.00,0.200
dish_1562873814,green beans,106.58,134.00,Mixed green salad with lettuce and green beans on a white square plate,36.00,165.00,0.500
dish_1562873416,caesar salad,52.36,119.00,"A small salad with mixed greens, cheese, and vegetables on a white square plate",70.00,100.00,0.000
dish_1562874049,cheese pizza,412.14,155.00,Four quarters of what appears to be a cheese and tomato pizza or flatbread on a white square plate,420.00,180.00,1.000
dish_1562873838,chicken,427.44,342.00,Seared protein with mixed green salad on a white plate,305.00,220.00,0.500
dish_1562874203,sour cream | corn | fish,362.52,332.00,"Stir-fried tofu or chicken with mixed vegetables (corn, peas, carrots, green onions) served on a white square plate",330.00,265.00,0.200
dish_1562874250,fish | corn | sour cream,394.44,393.00,"Plate with seasoned chicken breast topped with vegetable hash (corn, peppers, onions, herbs) and steamed green beans",315.00,265.00,0.000
dish_1562874282,corn | caesar salad | sour cream | fish,427.88,469.00,"Asian-style meal with stir-fried protein and vegetables, served on a white square plate",340.00,330.00,0.000
dish_1562875159,pizza,260.68,98.00,"A small plated dish featuring what appears to be a baked or pan-seared protein with a crispy top, garnished with a green herb leaf, served on a white square plate",142.00,86.00,0.000
dish_1562875211,pizza | caesar salad,282.24,147.00,Plate with protein and vegetable side - appears to be grilled or seared seafood/fish with lettuce garnish,188.00,145.00,0.000
dish_1562875241,chicken | pizza,479.69,275.00,"Mixed seafood and vegetable plate with what appears to be fried squid, shrimp, green salad, and fried vegetables on a white square plate",570.00,340.00,0.000
dish_1562875273,pizza | chicken,495.91,306.00,"Mixed seafood and vegetable plate with what appears to be shrimp, fish, seaweed salad, green beans, and leafy greens",495.00,380.00,0.167
dish_1562875833,corn | fish,156.15,143.00,Fried chicken pieces on a white square plate,320.00,110.00,0.000
dish_1562875320,chicken | country rice | pizza,603.86,377.00,"A plated meal consisting of protein, starch, vegetables, and salad components on a white square plate",500.00,470.00,0.333
dish_1562875870,fish | corn,256.95,233.00,"Plated dish with protein, starch, and vegetables on a white square plate",500.00,345.00,0.200
dish_1562875940,country rice | fish,386.67,418.00,"Plate with brown rice, breaded protein (likely chicken or fish), yellow rice/couscous, and steamed cucumber slices",700.00,490.00,0.500
dish_1562876494,chicken,40.11,26.00,"A small white square plate containing what appears to be a light protein-based meal with roasted vegetables, including what looks like chicken or fish, green beans, and roasted potatoes or root vegetables",195.00,205.00,0.333
dish_1562875898,bok choy | corn | fish,271.12,342.00,"Plated meal consisting of a breaded and fried protein with couscous/grain topping, fresh cucumber slices, and a cherry tomato garnish",475.00,320.00,0.200
dish_1562876618,cheese pizza,114.34,43.00,A single small piece of what appears to be pizza or flatbread with cheese and tomato topping on a white plate,85.00,50.00,1.000
dish_1562876645,chicken | cheese pizza,220.77,112.00,A meal consisting of fried chicken drumstick and a slice of pizza on a white plate,440.00,195.00,1.000
dish_1562876531,chicken | caesar salad,66.07,85.00,"Small salad plate with mixed greens, vegetables, and protein components on a white square plate",88.00,160.00,0.167
dish_1562876674,cheese pizza | chicken | country rice,289.19,157.00,"Plate with fried chicken drumstick, rice pilaf or fried rice, and what appears to be a small piece of flatbread or naan with toppings",540.00,260.00,0.500
dish_1562876709,chicken | cheese pizza | country rice,304.37,186.00,"Plate with fried chicken leg, rice pilaf, green beans, and what appears to be a cheese or tomato-topped bread slice",855.00,505.00,0.750
dish_1562945131,broccoli,37.32,67.00,Minimalist meal with steamed broccoli florets and fresh raspberries on white plates,77.00,165.00,1.000
dish_1562876732,cheese pizza | caesar salad | country rice | chicken,350.57,291.00,"Plate with roasted chicken leg, rice pilaf, green beans, pizza slice, and green salad",970.00,655.00,0.600
dish_1562945186,broccoli | greek yogurt | chia seeds | milk,191.53,219.00,"Plated meal with ground meat patty, steamed broccoli florets, and grapes on the side",270.00,270.00,0.167
dish_1562945332,chia seeds | broccoli | greek yogurt | egg whites | milk,246.65,325.00,"Balanced plate with ground beef patty, boiled potatoes, and steamed broccoli",365.00,350.00,0.143
dish_1562945393,chia seeds | broccoli | greek yogurt | egg whites | sweet potato | milk,319.39,401.00,"Mixed plate with ground meat, mashed potatoes, roasted potatoes, steamed broccoli, and what appears to be cauliflower or similar vegetable",470.00,455.00,0.250
dish_1562945445,sweet potato | broccoli | greek yogurt | egg whites | milk | chia seeds | grapes,362.17,463.00,"A plate with ground meat, mashed potatoes, roasted vegetables (potatoes, zucchini, bell peppers), and broccoli",625.00,485.00,0.200
dish_1562945499,broccoli | greek yogurt | sweet potato | grapes | chia seeds | milk | egg whites,454.51,625.00,Mixed fruit and vegetable plate with whipped cream and what appears to be a grain or protein base,268.00,345.00,0.100
dish_1562945779,granola,37.70,29.00,Mixed green salad with leafy greens on a white square plate,12.00,45.00,0.000
dish_1562945803,honeydew melons,50.30,64.00,Mixed green salad with cubed cheese on a white square plate,122.00,90.00,0.000
dish_1562876756,cheese pizza | caesar salad | chicken | country rice,354.60,322.00,"Plate with roasted chicken drumstick, brown rice pilaf, green beans, Caesar salad, and what appears to be a pizza or flatbread slice",717.00,505.00,0.667
dish_1562945823,honeydew melons | cantaloupe,62.20,99.00,A mixed green salad with raw vegetables on a white square plate,35.00,150.00,0.000
dish_1562945851,cantaloupe | honeydew melons,91.27,150.00,"Fresh vegetable plate with mixed greens, cubed vegetables, and berries",81.00,215.00,0.000
dish_1562946006,sausage | scrambled eggs,535.98,224.00,Simple breakfast meal consisting of scrambled eggs and what appears to be cooked meatballs or similar protein,345.00,165.00,0.333
dish_1562945879,succotash | cantaloupe | honeydew melons,174.43,234.00,"Mixed vegetable and protein plate with greens, fresh vegetables, legumes, and berries",198.00,380.00,0.000
dish_1562946075,sausage | scrambled eggs,557.88,297.00,"Breakfast plate with scrambled eggs, diced watermelon, and meatballs",490.00,310.00,0.250
dish_1562945900,honeydew melons | succotash | roasted potatoes,240.70,281.00,"Mixed vegetable plate with protein and starch components, appears to be a balanced meal with raw and cooked vegetables",287.00,475.00,0.100
dish_1562947020,scrambled eggs | cheese,533.12,333.00,"A plate of fried potato shreds or hash browns, appearing golden-brown and crispy, served on a white square plate",285.00,95.00,0.000
dish_1562947376,pineapple,36.50,73.00,Small portion of cooked diced yellow squash or pumpkin on a white plate with a digital scale visible,18.00,60.00,0.000
dish_1562946106,sausage | scrambled eggs,578.96,359.00,"Breakfast or light meal consisting of scrambled eggs, sausage meatballs, diced sweet potato, and diced red bell pepper on a white square plate",407.00,320.00,0.500
dish_1562947409,pineapple,103.19,190.00,"Fresh fruit plate with pineapple chunks, strawberry pieces, and black olives on a white square plate",79.00,155.00,1.000
dish_1562947469,roasted potatoes | pineapple | sausage,392.36,320.00,Fresh fruit platter with mixed berries and stone fruits on a white plate,122.00,290.00,0.250
dish_1562947436,sausage | pineapple,282.38,242.00,"A light fruit and protein plate consisting of chopped fruits arranged on a white square plate, appearing to be a snack or light meal",165.00,215.00,0.333
dish_1562947503,sausage | roasted potatoes | egg whites | pineapple,438.12,408.00,A fruit and cheese platter with mixed fresh fruits and what appears to be cottage cheese or ricotta cheese,395.00,560.00,0.143
dish_1562947598,cantaloupe,87.72,258.00,A white bowl containing diced raw papaya or sweet potato pieces on what appears to be a scale or measurement device,45.00,150.00,0.000
dish_1562947885,grapes,215.97,313.00,Bowl of mixed grapes (red and green varieties) served in a white bowl,95.00,150.00,1.000
dish_1562949467,bok choy,24.66,72.00,Small portion of sliced cucumbers on a white square plate,12.00,60.00,0.000
dish_1562949162,bacon,64.92,12.00,"A small portion of cooked bacon strips on a white square plate, photographed from above on a dark surface with measurement scale visible",102.00,18.00,1.000
dish_1562949205,cantaloupe | bacon,80.22,57.00,Light meal consisting of diced carrots and bacon strips on a white square plate,113.00,68.00,0.333
dish_1562949242,bacon | cantaloupe | sweet potato,139.56,119.00,"A light meal consisting of cooked vegetables and cured meat on a white square plate, appears to be a breakfast or light lunch",235.00,165.00,0.500
dish_1562950018,roasted potatoes,200.22,142.00,Plate of roasted or fried potato wedges/chunks,180.00,140.00,1.000
dish_1562949541,turkey bacon | scrambled eggs,494.23,374.00,"Breakfast plate with scrambled eggs, bacon, fresh vegetables, and berries",455.00,275.00,0.500
dish_1562949494,bok choy,68.55,149.00,Minimalist plated arrangement with fresh vegetables and berries on a white square plate,38.00,65.00,0.000
dish_1562950057,scrambled eggs | roasted potatoes,320.10,223.00,A plate with fried potato products consisting of shoestring-style french fries and diced/cubed fried potatoes,330.00,135.00,0.333
dish_1562950091,roasted potatoes | scrambled eggs | sausage,550.98,290.00,"A plate with scrambled eggs, roasted potatoes, and what appears to be beets or dark root vegetables",355.00,300.00,0.500
dish_1562950895,sweet potato,137.82,144.00,Roasted or fried potato cubes on a white square plate,145.00,85.00,1.000
dish_1562950934,sweet potato | egg whites,304.22,464.00,Plate with mashed potatoes and roasted potato cubes,320.00,350.00,0.500
dish_1562958445,,24.15,21.00,A white square plate containing approximately 4 dark red kidney beans on a minimalist presentation,15.00,12.00,0.000
dish_1562958563,chicken salad,130.84,68.00,Minimalist meal consisting of a small portion of what appears to be cauliflower and a few dark beans or legumes on a white square plate,59.00,85.00,0.000
dish_1562956486,tofu,103.66,142.00,"A mixed vegetable and protein salad featuring grilled tofu cubes, roasted mushrooms, red peppers, and what appears to be whole grain crackers or croutons on a white square plate",210.00,285.00,0.250
dish_1562956510,pork | tofu,221.17,199.00,Grilled protein and vegetable skewer meal with tofu cubes and vegetables on a white square plate,399.00,340.00,0.200
dish_1562958603,chicken salad | chickpeas,171.84,93.00,"A plate with three distinct food components: a crumbly white/beige substance (possibly tofu or paneer), roasted chickpeas, and what appears to be roasted beets or similar dark root vegetables",380.00,270.00,0.250
dish_1562958721,carrot | cabbage | rice noodles,125.72,167.00,A plated pasta salad with mixed vegetables and edible flowers on a white square plate,300.00,175.00,0.167
dish_1562958629,chicken salad | chickpeas | artichokes,208.97,172.00,"A plate containing roasted vegetables, legumes, and what appears to be a protein-based preparation",480.00,310.00,0.167
dish_1562958775,rice noodles,227.18,251.00,"Mixed green salad with pasta, vegetables, and leafy greens on a white square plate",288.00,270.00,0.000
dish_1562958998,quinoa | fish,109.09,104.00,A plated dish consisting of a breaded and fried protein with tomato sauce/salsa and fresh herb garnish on a white square plate,307.00,135.00,0.000
dish_1562958809,rice noodles | pork,511.67,389.00,"Asian-style meal with crispy protein, noodle salad, fresh greens, and radish garnish on a white square plate",533.00,290.00,0.500
dish_1562959024,quinoa | pizza | fish,319.23,183.00,Two pieces of breaded and fried protein (likely chicken or fish) with garnish on a white square plate,527.00,223.00,0.167
dish_1562959059,pizza | fish | roasted potatoes,365.76,216.00,Plated meal consisting of breaded/fried protein items with roasted potatoes and garnish on a white square plate,628.00,285.00,0.400
dish_1562959103,parsnips | roasted potatoes | pizza | fish,395.01,255.00,Plated meal consisting of breaded/fried protein items with roasted potatoes and garnish on a white square plate,788.00,365.00,0.333
dish_1562959129,fish | pizza | parsnips | roasted potatoes,412.87,293.00,"Plated meal consisting of breaded/fried protein, roasted potatoes, pasta with sauce, and artichoke hearts",775.00,470.00,0.286
dish_1562959295,radishes,3.04,19.00,Sliced radishes arranged on a white plate,12.00,80.00,1.000
dish_1562959190,fish | roasted potatoes | pizza | parsnips,518.80,378.00,"Mixed plate with fried protein, roasted potatoes, fresh salad with pickled vegetables, and garnishes",780.00,555.00,0.222
dish_1562959344,radishes | cucumbers,5.54,44.00,"A plate with sliced cucumbers and radishes, appearing to be a light vegetable side or salad component",61.00,210.00,0.333
dish_1562959379,radishes | arugula,57.07,85.00,"A simple green salad with mixed leafy greens, cucumber slices, and radish slices on a white plate",26.00,140.00,0.250
dish_1562959485,arugula,45.24,36.00,A plate with residual food debris including what appears to be a tortilla or flatbread with sauce remnants and a small side salad with mixed greens,180.00,95.00,0.000
dish_1562959517,spinach (raw) | arugula | chard | cherry tomatoes | pumpkin seeds | carrot | lettuce | figs | cucumbers,91.14,74.00,A plate with mixed green salad and what appears to be beet greens or similar dark leafy vegetables with minimal dressing,103.00,195.00,0.083
dish_1562959547,fish,165.62,145.00,Plated dish with shrimp preparation and mixed green salad on white square plate,155.00,170.00,0.000
dish_1562959700,pork | white rice | sugar,315.41,153.00,A small portion of what appears to be fried chicken nuggets or patties on a white square plate,180.00,75.00,0.000
dish_1562959599,roasted potatoes | pork | fish,403.64,281.00,"Plated meal consisting of roasted potatoes with herbs, what appears to be a protein-based mixture or hash, and a fresh green salad with mixed greens and vegetables",365.00,310.00,0.200
dish_1562959570,fish | pork,311.99,216.00,"Plated dish with roasted potatoes, protein (appears to be shrimp or seafood), fresh greens salad with herbs and red vegetables, garnished with microgreens",245.00,238.00,0.000
dish_1562959732,pork | parsnips | sugar | white rice,374.66,232.00,A plate containing fried meat patties/fritters and cubed potatoes with herbs,390.00,220.00,0.000
dish_1562960437,roasted potatoes,97.29,69.00,"Three small potatoes with green herb garnish on a white plate, photographed next to a measurement scale",182.00,213.00,0.500
dish_1562959766,sugar | rice noodles | pork | parsnips,431.13,307.00,"Asian stir-fry meal with noodles, protein, tofu cubes, and vegetable garnish on a white square plate",575.00,315.00,0.222
dish_1562959799,pork | parsnips | rice noodles | sugar,498.77,363.00,"Asian stir-fry meal with protein, vegetables, noodles, and crispy fried tofu cubes on a white square plate",638.00,365.00,0.111
dish_1562960472,roasted potatoes | caesar salad,139.97,166.00,A small salad portion with mixed greens and what appears to be roasted or cooked vegetables on a white plate,58.00,105.00,0.250
dish_1562961588,pizza,178.22,67.00,"A white plate containing what appears to be baked or roasted food items, likely a casserole or baked pasta dish with visible browned edges",180.00,85.00,0.000
dish_1562961609,pizza | pork,423.54,186.00,A plated dish containing what appears to be breaded and fried protein pieces with green vegetable garnish on a white square plate,305.00,160.00,0.000
dish_1562960520,pork | caesar salad | roasted potatoes,422.40,303.00,A plate with fried protein (appears to be chicken or similar meat) topped with fresh green salad greens and herbs on a white square plate,340.00,155.00,0.000
dish_1562961650,pork | pizza | fish,555.71,312.00,Mixed Asian-style meal with fried items and what appears to be pizza or flatbread on a white square plate,810.00,320.00,0.167
dish_1562963006,quinoa | fish,259.10,247.00,A fried seafood dish (appears to be calamari or shrimp) served on a white square plate with red peppers and green herb garnish,297.00,150.00,0.000
dish_1562963033,quinoa | fish | roasted potatoes,356.39,316.00,"Asian stir-fried dish with protein, vegetables, and potatoes served on a white square plate",560.00,310.00,0.167
dish_1562963109,fish | quinoa | roasted potatoes,381.53,488.00,"Plated meal with fried protein, roasted potatoes, fresh vegetables including sliced cucumbers, cherry tomatoes, and radishes",599.00,495.00,0.143
dish_1562963084,quinoa | roasted potatoes | fish,375.13,424.00,"Plated meal consisting of fried breaded protein/cutlet, roasted potatoes, fresh radish slices, and cherry tomatoes",452.00,350.00,0.167
dish_1562963059,fish | quinoa | roasted potatoes,369.53,389.00,Mixed grain/rice dish with roasted vegetables including cherry tomatoes and potatoes,365.00,370.00,0.167
dish_1562963153,fish | quinoa | roasted potatoes,386.48,521.00,"Grilled protein with fresh vegetable sides including lettuce, tomatoes, cucumbers, radishes, and potatoes on a white square plate",414.00,575.00,0.125
dish_1562963246,cheese pizza,324.40,122.00,"A single serving of what appears to be a baked or fried breaded protein item, possibly chicken or fish cutlet, on a white plate",180.00,85.00,0.000
dish_1562963289,caesar salad | cheese pizza,349.92,180.00,Asian noodle dish with vegetable stir-fry and crispy spring rolls on a white square plate,600.00,280.00,0.000
dish_1562963484,arugula,100.54,80.00,"A mixed green salad with lettuce, arugula, cucumber slices, and tomato pieces on a white square plate",25.00,125.00,0.333
dish_1562963325,sugar | pork | cheese pizza,760.16,379.00,"Asian stir-fry meal with rice, protein, and vegetables on a white square plate",621.00,420.00,0.167
dish_1562963583,pizza,138.32,52.00,A single baked item with vegetables on a white plate,85.00,65.00,0.000
dish_1562963517,fish | quinoa,552.65,511.00,Fried breaded protein with fresh vegetable garnish on white square plate,548.00,275.00,0.000
dish_1562963612,pizza | caesar salad,184.08,156.00,"A plated meal consisting of what appears to be a protein item with breading, fresh lettuce or salad greens, and a white cheese or dairy component on a white square plate",347.00,220.00,0.000
dish_1562963648,caesar salad | pizza | rice noodles,252.59,247.00,"Mixed meal with noodles, protein, and salad on a white plate",505.00,280.00,0.200
dish_1562963676,roasted potatoes | caesar salad | pizza | rice noodles,397.82,350.00,"Mixed plate with noodles, fried balls, salad, and what appears to be a meat-based item",765.00,325.00,0.167
dish_1563205877,chicken apple sausage,56.00,35.00,Small portion of round crackers or cookies on a white plate,70.00,18.00,0.000
dish_1562963704,roasted potatoes | caesar salad | pork | rice noodles | pizza,663.76,479.00,"Asian-style meal with noodles, meat skewers, fried balls, and vegetable salad",1050.00,400.00,0.429
dish_1563205927,egg whites | yam | sweet potato | chicken apple sausage,160.27,181.00,"A plate with diced potatoes, meatballs, and diced carrots",300.00,260.00,0.167
dish_1563205903,chicken apple sausage | egg whites,101.24,122.00,A light meal consisting of boiled potatoes and what appears to be small meatballs or similar protein items on a white square plate,215.00,210.00,0.000
dish_1563205953,yam | sweet potato | egg whites | pineapple | chicken apple sausage,218.77,298.00,"A plate with boiled potatoes, fried potato cubes, meatballs, and diced carrots",332.00,320.00,0.125
dish_1563206409,scrambled eggs | cheese,443.46,277.00,"Mac and cheese with shredded carrots mixed in, served on a white square plate",345.00,235.00,0.333
dish_1563206582,yam | egg whites | sweet potato,229.25,320.00,Plate with mashed potatoes and roasted root vegetables (carrots and beets),240.00,260.00,0.200
dish_1563205982,egg whites | yam | chicken apple sausage | sweet potato | pineapple,316.24,469.00,"Mixed plate with protein, starches, vegetables and fruit - appears to be a balanced meal with cheese/cauliflower, potatoes, red peppers, strawberries, and what appears to be nuts or seeds",420.00,445.00,0.111
dish_1563206562,yam | sweet potato,98.21,68.00,"A white square plate containing roasted vegetable pieces, primarily consisting of diced sweet potato, bell pepper, and what appears to be mushrooms or additional root vegetables in various sizes",65.00,145.00,0.250
dish_1563206601,sweet potato | turkey bacon | egg whites | yam,293.80,337.00,"A plate containing mashed potatoes, bacon, and roasted vegetables (carrots and what appears to be zucchini or other vegetables)",480.00,300.00,0.333
dish_1563207277,yam | sweet potato,153.09,106.00,"Diced roasted vegetables, primarily red bell pepper and yellow/golden root vegetable pieces on a white square plate",59.00,145.00,0.333
dish_1563207301,yam | egg whites | sweet potato,187.93,173.00,"A simple plate with diced roasted vegetables and diced onions, appears to be prepared ingredients for cooking",61.00,125.00,0.250
dish_1563207332,scrambled eggs | yam | egg whites | sweet potato,288.57,241.00,"A prepared meal plate with diced roasted vegetables, minced garlic, and diced onions on a white square plate",70.00,140.00,0.000
dish_1563207364,scrambled eggs | yam | grapes | egg whites | sweet potato,309.27,271.00,"A plate with roasted vegetables, grapes, and what appears to be cauliflower and scrambled eggs or similar prepared items",225.00,270.00,0.500
dish_1563207406,scrambled eggs | pineapple | egg whites | yam | watermelon | sweet potato | grapes,372.07,443.00,"Mixed vegetable plate with diced red bell pepper, yellow bell pepper, white onion, diced sweet potato, and scrambled eggs",260.00,405.00,0.250
dish_1563208094,yam | sweet potato,160.31,111.00,Roasted red bell pepper cubes on a white square plate,45.00,150.00,0.000
dish_1563207389,pineapple | sweet potato | scrambled eggs | egg whites | grapes | yam,337.27,327.00,"A mixed plate containing roasted vegetables, grapes, and what appears to be scrambled eggs or cauliflower rice with white cheese crumbles",295.00,255.00,0.500
dish_1563208412,chicken apple sausage,62.40,39.00,"A small white square plate containing 5 round, golden-brown baked items arranged diagonally, appearing to be cookies or small baked snacks",210.00,50.00,0.000
dish_1563208439,chicken apple sausage,92.61,96.00,Light snack consisting of muffins and fresh raspberries on a white square plate,352.00,165.00,0.000
dish_1563208129,yam | sweet potato | scrambled eggs,426.71,291.00,A plate containing roasted vegetable cubes (sweet potato and possibly beet/red vegetable) and what appears to be mashed potatoes or cauliflower mash,235.00,300.00,0.250
dish_1563216381,broccoli,34.65,99.00,A small portion of cooked broccoli on a white square plate,32.00,85.00,1.000
dish_1563208459,yam | sweet potato | chicken apple sausage,186.49,161.00,"A balanced meal plate with meatballs, roasted vegetables including sweet potato and bell peppers, and what appears to be raspberries",324.00,330.00,0.200
dish_1563216412,white rice | broccoli,172.45,205.00,Simple meal consisting of mashed potatoes and steamed broccoli on a white square plate,175.00,215.00,0.333
dish_1563216440,chicken breast | white rice | broccoli,403.79,352.00,"Plate with breaded and sliced chicken breast, mashed potatoes, and steamed broccoli florets",455.00,335.00,0.500
dish_1563216625,chicken breast,171.54,109.00,A small portion of breaded and fried shrimp with garnish on a white square plate,147.00,88.00,0.000
dish_1563216659,chicken breast | squash,190.06,173.00,A plate with breaded and fried shrimp and roasted potato wedges,280.00,160.00,0.000
dish_1563217736,broccoli,23.45,67.00,Small portion of cooked broccoli on a white square plate,29.00,85.00,1.000
dish_1563216717,squash | chicken breast | broccoli,246.01,332.00,"Plate with grilled/pan-seared meat, steamed broccoli, boiled potatoes, and roasted sweet potato or carrot",315.00,320.00,0.400
dish_1563216689,squash | broccoli | chicken breast,235.21,302.00,"A plate with roasted broccoli, sliced meat (appears to be pork or chicken), roasted sweet potato, and what appears to be a grain or bread component",370.00,290.00,0.400
dish_1563217774,mangos | arugula | broccoli | tomatoes,96.14,265.00,"Vegetable stir-fry dish with broccoli, cabbage, corn, and red bell peppers on a white square plate",165.00,275.00,0.125
dish_1563217804,white rice | pork,492.93,459.00,Mixed vegetable stir-fry with protein and brown rice on a white square plate,430.00,505.00,0.286
dish_1563217895,arugula,26.80,73.00,"A plated salad with mixed greens, roasted vegetables, and garnishes on a white square plate",141.00,227.00,0.200
dish_1563217939,white rice | pork,227.24,171.00,A plated dish featuring seared meat with roasted vegetables and fresh greens on a white square plate,300.00,290.00,0.000
dish_1563217968,white rice | broccoli | pork,252.79,244.00,"Mixed vegetable plate with protein, consisting of broccoli, root vegetables, leafy greens, and what appears to be sautéed meat or protein",280.00,310.00,0.125
dish_1563218201,grilled chicken,352.87,156.00,Cubed tofu being cooked in a stainless steel pan/wok on a stovetop,180.00,240.00,0.000
dish_1563217993,pork | squash | broccoli,279.71,337.00,"Mixed vegetable plate with roasted root vegetables, leafy greens, and broccoli",132.00,290.00,0.143
dish_1563218031,broccoli | pork | chicken breast,419.77,426.00,"Plated meal with grilled fish, roasted vegetables, mixed greens, and starch",610.00,605.00,0.143
dish_1563218408,pepperoni pizza,245.34,87.00,"Two pieces of what appears to be tofu or paneer in a tomato-based curry sauce, cooking in a stainless steel pan on a stovetop",265.00,350.00,0.000
dish_1563218959,white rice | pork,267.94,131.00,Mixed protein and vegetable dish featuring cooked meat with potatoes and what appears to be cauliflower or another white vegetable on a white square plate,410.00,295.00,0.000
dish_1563218987,pepperoni pizza | pork,383.56,172.00,"Mixed meal consisting of pizza slice, ground meat with vegetables, and what appears to be a starch component on a white square plate",635.00,295.00,0.250
dish_1563219009,pepperoni pizza | pork,388.36,202.00,"Mixed plate with pizza slice, ground meat with vegetables, and roasted potatoes",600.00,330.00,0.167
dish_1563219035,pepperoni pizza | pork,410.21,221.00,"Mixed plate with pizza, grains/rice, roasted vegetables, and fresh fruits",577.00,380.00,0.200
dish_1563220058,pepperoni pizza,146.64,52.00,Single slice of pizza on a white square plate,285.00,85.00,1.000
dish_1563220087,broccoli | pepperoni pizza,162.74,98.00,Light meal consisting of a slice of pepperoni pizza and steamed broccoli florets on a white square plate,320.00,175.00,1.000
dish_1563220109,pepperoni pizza | squash | broccoli,184.74,174.00,"A plated meal consisting of a slice of pizza with tomato sauce and cheese, roasted potato wedges, and steamed broccoli florets on a white square plate",440.00,270.00,0.500
dish_1563220143,pepperoni pizza | chicken breast,425.51,327.00,"Plated meal with breaded protein, roasted vegetables, and steamed broccoli",395.00,290.00,0.250
dish_1563219056,pepperoni pizza | pork,416.87,258.00,"Mixed plate with pizza, ground meat preparation, and fresh vegetables including tomatoes, cucumber, and apple",600.00,440.00,0.167
dish_1563220171,brown rice | chicken breast | pepperoni pizza,465.47,363.00,Asian-style stir-fried shrimp dish with roasted vegetables and broccoli served on a white square plate,500.00,450.00,0.167
dish_1563220802,white rice | pork | broccoli,308.59,252.00,Grilled or pan-seared meat with steamed broccoli florets,365.00,270.00,0.667
dish_1563220767,pork | white rice,265.89,130.00,"Plate of cooked meat pieces, appears to be chicken or similar poultry, with minimal garnish on a white square plate",187.00,112.00,0.000
dish_1563220987,pork | white rice,224.99,110.00,Small plated dish with what appears to be breaded and fried protein with garnish on a white square plate,123.00,65.00,0.000
dish_1563221025,white rice | pork | chicken breast,245.45,123.00,"Small plated dish with what appears to be fried seafood (shrimp), breaded protein, and fresh herb garnish on a white square plate",217.00,93.00,0.200
dish_1563221054,chicken breast | pork,298.88,170.00,A plated dish with sautéed leafy greens and what appears to be seared or grilled meat protein with vegetables on a white square plate,285.00,230.00,0.200
dish_1563221086,chicken breast | pork | broccoli,328.28,254.00,"Grilled or pan-seared meat with sautéed spinach, steamed broccoli florets, and what appears to be sautéed green beans on a white square plate",435.00,360.00,0.333
dish_1563221495,pepperoni pizza | chicken breast,365.27,164.00,A light meal consisting of a slice of pizza with tomato topping and a portion of what appears to be a grain-based or vegetable-based side dish on a white square plate,290.00,155.00,0.333
dish_1563221519,chicken breast | pepperoni pizza,379.97,206.00,"A plated meal consisting of a protein with tomato topping, a breaded/seasoned protein portion, and steamed broccoli florets on a white square plate",345.00,270.00,0.250
dish_1563221562,chicken breast | pepperoni pizza,395.60,260.00,"Mixed protein and vegetable plate with what appears to be fish or salmon fillet with tomato, seasoned chicken or turkey cutlet, roasted potato, and steamed broccoli on a white square plate",460.00,320.00,0.200
dish_1563221602,pepperoni pizza | chicken breast,447.89,306.00,"Plated meal with protein skewer, roasted vegetables, fresh spinach salad, and steamed broccoli",330.00,345.00,0.200
dish_1563221157,broccoli | black beans | pork,418.15,352.00,A plate with sautéed vegetables and grilled/pan-seared meat,410.00,400.00,0.167
dish_1563222745,pepperoni pizza,135.36,48.00,"A single slice of bread topped with what appears to be cheese and pepperoni, served on a white plate with a ruler visible for scale reference",160.00,53.00,0.333
dish_1563222775,pork | pepperoni pizza,190.58,75.00,"Light meal consisting of a pizza slice with cheese and pepperoni, a meatball, and what appears to be a small potato or vegetable item on a white plate",415.00,165.00,0.250
dish_1563221640,pepperoni pizza | chicken breast,469.19,364.00,Grilled protein with roasted vegetables and fresh salad on a white plate,297.00,415.00,0.167
dish_1563222800,chicken breast | pork | pepperoni pizza,302.32,146.00,"Light meal consisting of sliced poultry, bread with spread, and what appears to be a potato cake or hash brown patty",290.00,155.00,0.200
dish_1563294408,pineapple,41.50,83.00,Cooked potato chunks on a white square plate,110.00,130.00,0.000
dish_1563294441,pineapple | watermelon,65.20,162.00,Raw vegetable plate with diced yellow and red bell peppers on a white square plate,42.00,135.00,0.000
dish_1563222830,broccoli | chicken breast | pork | pepperoni pizza,325.07,211.00,"Mixed plate with sliced poultry, roasted vegetables, and broccoli",237.00,275.00,0.333
dish_1563222850,pork | broccoli | pepperoni pizza | brown rice | chicken breast,348.38,232.00,"Mixed plate with sliced poultry, whole grain, roasted vegetables, and tomato",315.00,265.00,0.250
dish_1563294465,pineapple | watermelon | grapes,116.95,237.00,"A plate of raw cut vegetables including yellow bell pepper, red bell pepper, and green grapes arranged on a white square plate",83.00,220.00,0.250
dish_1563294522,sweet potato | yam | watermelon | pineapple | grapes,250.97,400.00,"Colorful fruit and vegetable platter with mixed raw produce including red peppers, yellow peppers, orange peppers, green grapes, and what appears to be a black olive",128.00,510.00,0.167
dish_1563294491,pineapple | grapes | watermelon,146.98,328.00,"Fresh fruit platter consisting of yellow bell pepper strips, red bell pepper strips, red strawberry slices, and green grapes on a white square plate",126.00,315.00,0.200
dish_1563294575,hash browns | grapes | sweet potato | egg whites | yam | pineapple,485.91,562.00,"Mixed salad plate with cheese, vegetables, grains, and olives on a white square plate",396.00,390.00,0.000
dish_1563294987,bacon,97.38,18.00,A single strip of cooked bacon on a white square plate,80.00,12.00,1.000
dish_1563295016,bacon | pineapple,127.88,79.00,Simple meal consisting of cooked bacon strips and boiled or steamed potato cubes on a white square plate,340.00,165.00,0.333
dish_1563294547,yam | sweet potato | grapes | watermelon | hash browns | pineapple,430.27,455.00,"Mixed vegetable plate with rice pilaf and grapes, consisting of diced bell peppers (yellow, red, orange), green grapes, what appears to be a rice or grain-based side dish with vegetables mixed in",289.00,460.00,0.125
dish_1563295044,yam | sweet potato | pineapple | bacon,241.98,158.00,Breakfast plate with bacon and roasted potatoes with bell peppers,445.00,290.00,0.400
dish_1563295292,bacon,119.02,22.00,A small portion of cooked bacon strips arranged on a white square plate,85.00,20.00,1.000
dish_1563295334,bacon | scrambled eggs,228.54,96.00,"Breakfast meal consisting of scrambled eggs, bacon strips, and what appears to be hash browns or similar potato preparation on a white square plate",435.00,170.00,0.667
dish_1563295360,bacon | scrambled eggs | broccoli,275.89,181.00,"Breakfast plate with scrambled eggs, bacon strips, and sautéed broccoli on a white square plate",355.00,210.00,1.000
dish_1563302315,mushroom,13.86,63.00,A small portion of what appears to be roasted or cooked mushrooms on a white square plate,35.00,60.00,1.000
dish_1563295400,broccoli | yam | sweet potato | scrambled eggs | bacon,402.98,269.00,"Breakfast plate with scrambled eggs, bacon, roasted vegetables, and hash browns on a white square plate",510.00,305.00,0.800
dish_1563302345,mushroom | chicken,265.86,215.00,A plate containing what appears to be a starch-based dish (possibly potato or grain-based) with mushrooms and green beans or similar vegetables,232.00,215.00,0.250
dish_1563302391,roasted potatoes | chicken,401.22,311.00,"Plate with roasted root vegetables including potatoes, mushrooms, and what appears to be ginger root, served on a white square plate",145.00,245.00,0.250
dish_1563302420,chicken | roasted potatoes | carrot,435.63,381.00,"A plate with roasted potatoes, sautéed mushrooms, and sliced red bell pepper",285.00,405.00,0.200
dish_1563303298,chicken,170.76,103.00,"Single serving of what appears to be a fried potato-based item (possibly hash brown, fritter, or fried potato cake) on a white square plate",145.00,85.00,0.000
dish_1563303386,roasted potatoes | chicken | carrot,274.13,218.00,"A meal consisting of fried potato wedges, what appears to be a fried potato pancake or hash brown patty, and sliced tomatoes on a white square plate",447.00,305.00,0.200
dish_1563302447,chicken | carrot | roasted potatoes,561.42,440.00,"Mixed protein and vegetable plate with roasted potatoes, sautéed mushrooms and peppers, sliced carrots, and fresh greens",221.00,375.00,0.400
dish_1563303350,chicken | carrot,202.22,167.00,A meal consisting of a baked/fried potato wedge or hash brown patty served with sliced red tomatoes on a white square plate,200.00,170.00,0.000
dish_1563304261,kale,30.21,37.00,A plate with mixed green salad and a small piece of orange vegetable (likely carrot or sweet potato),27.00,100.00,0.000
dish_1563304301,kale | roasted potatoes,190.95,151.00,A plate with roasted potato wedges and sautéed leafy greens (appears to be kale or similar cruciferous vegetable),210.00,250.00,1.000
dish_1563304333,chicken | roasted potatoes,451.24,308.00,Roasted meat with roasted potato cubes and fresh parsley garnish on a white square plate,453.00,285.00,0.667
dish_1563304369,roasted potatoes | chicken,457.17,326.00,"Plate with roasted potato wedges, breaded and fried chicken pieces, and a bed of chopped fresh herbs (appears to be parsley)",515.00,315.00,1.000
dish_1563304881,chicken,739.41,446.00,A single portion of what appears to be roasted or fried root vegetables (possibly Jerusalem artichokes or potatoes) with herbs on a white square plate,188.00,155.00,0.000
dish_1563304925,beef | chicken,874.46,508.00,A plate with roasted root vegetables and what appears to be a small portion of protein with garnish,138.00,185.00,0.000
dish_1563304958,beef | tofu | chicken,951.84,614.00,Roasted potato cubes with fresh herbs (appears to be dill or similar green herb garnish) on a white square plate,188.00,225.00,0.000
dish_1563305005,beef | chicken | tofu,1003.95,720.00,"Plated meal with grilled protein, roasted vegetables, and fresh garnish on white square plate",555.00,473.00,0.333
dish_1563305047,tofu | beef | chicken,1032.31,806.00,"Grilled protein with roasted vegetables and fresh herbs, plated on white square dish",463.00,425.00,0.143
dish_1563305321,carrot,32.94,67.00,A small portion of sliced red peppers on a white square plate,15.00,60.00,0.000
dish_1563305354,beef | white rice | carrot,340.07,208.00,"A plated meal consisting of cooked meat/protein, red bell pepper slices, and what appears to be sautéed vegetables with herbs on a white square plate",320.00,235.00,0.200
dish_1563305513,cheese pizza,606.25,228.00,Plate of cheese and tomato crackers or flatbread pieces,180.00,60.00,1.000
dish_1563305083,chicken | beef | tofu,1234.86,901.00,Plated fish dish with sautéed vegetables and garnish on white square plate,375.00,340.00,0.000
dish_1563305401,carrot | quinoa | beef,483.22,332.00,"Plate with sliced cooked meat, sautéed leafy greens with red peppers, and sliced carrots on a white square plate",275.00,300.00,0.400
dish_1563305653,mushroom,25.74,117.00,Small portion of roasted or cooked mushrooms in a white bowl,45.00,85.00,1.000
dish_1563305689,mushroom | cucumbers,30.14,161.00,Light meal consisting of sliced zucchini and sautéed mushrooms on a white plate,77.00,230.00,0.333
dish_1563305722,mushroom | chicken,434.66,405.00,"Plated meal consisting of protein (appears to be shrimp), sautéed mushrooms, and sliced zucchini",100.00,220.00,0.250
dish_1563305837,kale,11.43,14.00,"A white square plate with a small portion of cooked broccoli, appears to be steamed or boiled",18.00,45.00,0.000
dish_1563305883,spinach (raw) | kale,83.05,77.00,A plate with steamed broccoli and red bell pepper strips on a white square plate,60.00,160.00,0.000
dish_1563305913,mushroom | spinach (raw) | kale,89.65,107.00,"Vegetable side dish with sautéed mushrooms, broccoli, and red bell pepper on a white square plate",115.00,245.00,0.200
dish_1563305948,chicken,207.36,178.00,"A plated meal consisting of roasted chicken with mushrooms, steamed broccoli, and sautéed spinach with red peppers on a white square plate",295.00,385.00,0.250
dish_1563305982,roasted potatoes | chicken,273.63,225.00,"A plated meal consisting of roasted/fried potatoes, sautéed broccoli with red peppers, mushrooms, and what appears to be a small portion of chicken or poultry",335.00,385.00,0.400
dish_1563306039,chicken | roasted potatoes | beef,493.64,326.00,Mixed grilled protein and vegetable plate with sautéed greens and roasted mushrooms,360.00,440.00,0.400
dish_1563306392,chicken,477.47,288.00,"Two pan-fried potato pancakes or hash browns on a white plate with green herbs, accompanied by vegetables on the side",315.00,155.00,0.000
dish_1563307488,beef | white rice,538.04,247.00,"A mixed meat and vegetable dish, appears to be ground meat with herbs and vegetables, served on a white square plate",220.00,155.00,0.250
dish_1563307519,beef | white rice | carrot,574.12,335.00,Plated meal with sliced carrots and herb-crusted meat with broccoli garnish,330.00,245.00,0.500
dish_1563308323,carrot,27.06,66.00,A white plate containing a small portion of red bell peppers,15.00,35.00,0.000
dish_1563307575,carrot | beef,671.08,419.00,Plated meal with sliced red peppers and a ground meat mixture with vegetables and herbs,424.00,400.00,0.250
dish_1563308353,carrot | eggplant,51.47,140.00,Plate with red bell pepper and what appears to be ginger root on a white square plate,43.00,145.00,0.000
dish_1563309189,,37.95,33.00,Small portion of raw almonds on a white plate,95.00,17.00,0.000
dish_1563308428,carrot | beef | roasted potatoes,406.31,329.00,"Mixed grilled/roasted meal with potato wedges, red bell pepper, and what appears to be grilled meat and vegetables",282.00,290.00,0.400
dish_1563309237,bell peppers,49.55,62.00,A plate with black olives and red bell pepper strips arranged on a white square plate,127.00,180.00,1.000
dish_1563309285,bell peppers | lettuce,59.45,128.00,"Simple salad with mixed greens, black olives, and red bell pepper on a white plate",60.00,165.00,1.000
dish_1563309315,chicken,613.18,462.00,Plated fish dish with vegetables and garnish on white square plate,288.00,227.00,0.000
dish_1563308386,carrot | eggplant | roasted potatoes,155.81,214.00,"Light meal consisting of cooked potato wedges, sautéed mushrooms, and sliced red bell pepper on a white plate",165.00,200.00,0.200
dish_1563309353,chicken,625.24,529.00,"Plated restaurant dish with two pieces of cooked fish/seafood, fresh lettuce, sliced red bell pepper, and what appears to be potato or other starch, with black olive and garnish",331.00,285.00,0.000
dish_1563309398,chicken,655.99,604.00,"Grilled protein with vegetables including lettuce, red bell pepper, and what appears to be a grain or starch component on a white plate",359.00,300.00,0.200
dish_1563389042,carrot,30.48,62.00,Minimalist plated dish with roasted red bell pepper strips and what appears to be kiwi fruit on a white plate,37.00,80.00,0.000
dish_1563389079,broccoli | carrot,50.43,119.00,A minimalist plated dish with steamed/boiled vegetables arranged vertically on a white oval plate,74.00,165.00,0.250
dish_1563389114,carrot | broccoli | arugula,86.53,148.00,A light vegetable plate with mixed raw vegetables and leafy greens on a white plate,49.00,143.00,0.500
dish_1563389153,carrot | bulgur | broccoli,346.45,224.00,"Mixed vegetable plate with roasted vegetables, leafy greens, and what appears to be a grain or legume-based component",140.00,218.00,0.167
dish_1563389413,broccoli,34.65,99.00,A minimalist plate with steamed or raw broccoli florets and what appears to be a slice of avocado on a white square plate,105.00,150.00,0.500
dish_1563389446,spinach (raw) | broccoli,117.79,173.00,A plated vegetable dish consisting of roasted broccoli florets and a mixed green salad with edible flowers on a white square plate,70.00,145.00,0.333
dish_1563389199,broccoli | bulgur | tofu | carrot,390.25,284.00,"Mixed vegetable and grain bowl with fresh vegetables, leafy greens, and a cooked grain/legume base",270.00,420.00,0.125
dish_1563389548,grilled chicken,438.83,194.00,Diced chicken breast being cooked in a stainless steel pan on stovetop,165.00,120.00,1.000
dish_1563389600,grilled chicken,451.43,264.00,"Pan-seared chicken pieces with cherry tomatoes, appears to be the beginning stages of cooking in a stainless steel pan",180.00,190.00,0.500
dish_1563389626,grilled chicken | carrot,498.62,360.00,"Shredded carrots being cooked in a pan with oil, appears to be the beginning stages of a stir-fry or sauté preparation",125.00,95.00,0.333
dish_1563389693,carrot | grilled chicken,500.22,383.00,"Sautéed shredded carrots and onions in a pan, appears to be the beginning stages of a stir-fry or vegetable side dish",53.00,160.00,0.333
dish_1563389719,carrot | grilled chicken | onions,529.82,457.00,Raw vegetables being sautéed in a pan - sliced onions and bell peppers,114.00,265.00,0.200
dish_1563389786,carrot | grilled chicken | bell peppers,640.14,564.00,"Stir-fried vegetables in a wok or large pan, including bell peppers, onions, and what appears to be zucchini or another green vegetable",90.00,310.00,0.200
dish_1563389742,onions | grilled chicken | carrot | bell peppers,569.42,556.00,"Stir-fried vegetables in a dark pan/wok, showing red bell peppers, green bell peppers, red onions, and what appears to be cabbage or other light-colored vegetables being cooked",147.00,370.00,0.333
dish_1563391333,squash,23.44,81.00,Minimalist plated meal with roasted vegetables and what appears to be a pasta dish visible on the left side,119.00,145.00,0.000
dish_1563391375,squash | fish,84.28,139.00,"Plated fine dining meal with a breaded protein item garnished with microgreens, and grilled vegetables including zucchini and bell peppers on a white square plate",304.00,310.00,0.400
dish_1563391647,arugula,27.39,22.00,"Light salad composed of mixed greens, lettuce, black olives, and red bell pepper on a white square plate",36.00,102.00,0.000
dish_1563391413,fish | chicken thighs | squash,227.06,237.00,A plated meal consisting of a protein-based dish with sautéed vegetables and a flatbread on the side,497.00,340.00,0.125
dish_1563391922,broccoli | squash | zucchini,24.44,104.00,A minimalist plate with steamed broccoli florets and sliced avocado on a white square plate,175.00,160.00,0.250
dish_1563391681,fish | quinoa,154.32,143.00,Plated appetizer or light meal consisting of breaded and fried croquettes with fresh green salad garnish on a white square plate,220.00,150.00,0.000
dish_1563391708,fish | pizza | quinoa,319.24,205.00,"Plated appetizer-style meal with toasted bread with toppings, breaded cutlets, and fresh mixed greens salad",315.00,180.00,0.000
dish_1563391959,quinoa | fish,245.77,315.00,"Plate with fried/breaded protein, fresh vegetables including broccoli and cucumber slices",295.00,240.00,0.000
dish_1563392128,quinoa | fish,169.93,162.00,"Sautéed shrimp with vegetables on a white square plate, garnished with fresh herbs",202.00,145.00,0.000
dish_1563391989,chicken thighs | fish | quinoa,462.85,464.00,"Asian-style meal with fried potato pancakes, vegetable spring rolls, and fresh vegetable sides including broccoli, cucumber, and leafy greens",510.00,390.00,0.000
dish_1563393148,broccoli | squash | zucchini,27.73,118.00,"Light meal consisting of raw broccoli florets, a red bell pepper slice, and what appears to be a small amount of green vegetable (possibly cucumber or additional greens) on a white foam plate",62.00,145.00,0.200
dish_1563393182,zucchini | broccoli | squash | cucumbers,35.23,193.00,"Mixed raw vegetable plate with zucchini slices, red bell pepper, and broccoli florets served in a white foam container",61.00,220.00,0.400
dish_1563393217,zucchini | broccoli | squash | onions | cucumbers,49.23,228.00,"A light vegetable salad plate with raw vegetables including cucumber, bell pepper, red onion, and broccoli served on a white square plate",86.00,300.00,0.500
dish_1563393244,broccoli | cucumbers | onions | squash | radishes | zucchini,57.55,280.00,"A fresh vegetable salad with sliced radishes, cucumber, red onion, and leafy greens in a white disposable container",52.00,260.00,0.429
dish_1563393341,broccoli | squash | zucchini,27.96,119.00,"Mixed vegetable medley on a white foam container with broccoli, yellow bell pepper, zucchini, and red bell pepper",97.00,185.00,0.500
dish_1563395341,cheese pizza,143.59,54.00,Minimal meal consisting of a single cracker on a white plate,45.00,15.00,0.000
dish_1563393366,squash | broccoli | fish | zucchini,89.85,178.00,"A light vegetable-based meal with steamed broccoli, fresh vegetables, and what appears to be a shrimp or protein appetizer, served on a white foam compartment tray",132.00,240.00,0.333
dish_1563395374,cheese pizza | carrot,158.33,84.00,Light meal consisting of crackers with cured meat and sliced tomatoes on a white plate,95.00,95.00,0.000
dish_1563393403,broccoli | zucchini | squash | fish,103.15,216.00,"Mixed vegetable meal with broccoli, bell peppers, zucchini, and what appears to be a shrimp or protein-based appetizer on a white foam container",116.00,270.00,0.333
dish_1563395415,carrot | broccoli | cheese pizza,182.54,187.00,"Light meal with protein, vegetables, and a cracker on a white plate",100.00,180.00,0.167
dish_1563395449,carrot | broccoli | cheese pizza,214.64,222.00,"A plated meal consisting of grilled protein, roasted vegetables, and fresh greens on a white plate",343.00,305.00,0.000
dish_1563395480,chicken thighs | cheese pizza,370.52,329.00,"Mixed plate with grilled chicken, vegetables, cheese toast, and fresh greens",483.00,455.00,0.286
dish_1563464389,bacon,91.97,17.00,Two strips of cooked bacon on a white square plate,80.00,14.00,1.000
dish_1563395510,chicken thighs | cheese pizza | fish,415.63,372.00,"A plated meal with crispy potato pancakes, grilled or baked protein items, fresh vegetables including spinach, cucumber, broccoli, and red bell pepper",593.00,490.00,0.125
dish_1563464429,bacon,140.99,103.00,"A plate with bacon strips, strawberry slices, and blueberries arranged on a white square plate",192.00,140.00,1.000
dish_1563464480,bacon | watermelon | roasted potatoes,229.49,213.00,"A plate with fried potato wedges, sliced fresh strawberries, and black olives arranged on a white square plate",262.00,193.00,0.333
dish_1563464457,watermelon | bacon,158.99,163.00,"A plate with cooked sausages, diced red peppers, and black olives on a white square plate",375.00,220.00,0.000
dish_1563464543,bacon | roasted potatoes | scrambled eggs,386.37,319.00,"Plate with breaded fried protein, roasted potatoes, and fresh fruit salad with red peppers and black olives",555.00,355.00,0.200
dish_1563464627,cream cheese | bagels,310.50,115.00,Two halves of a toasted bagel with cream cheese spread on a white square plate,320.00,88.00,1.000
dish_1563464651,cream cheese | bagels,312.00,130.00,Bagel sandwich with cream cheese and cucumber slice on the side,365.00,140.00,0.667
dish_1563465805,roasted potatoes,32.43,23.00,Small portion of roasted potato pieces on a white square plate,85.00,100.00,1.000
dish_1563464670,cream cheese | bagels | mozzarella cheese,384.18,156.00,"An open-faced sandwich with toasted bread, spread with cream cheese or similar white spread, accompanied by a cucumber slice and a wooden knife on a white plate",445.00,155.00,0.200
dish_1563465847,roasted potatoes | scrambled eggs,267.75,182.00,Scrambled eggs with diced potatoes on a white square plate,460.00,190.00,1.000
dish_1563466280,bacon,357.06,66.00,A single portion of what appears to be cooked ground meat or meat crumbles on a white square plate,280.00,85.00,0.000
dish_1563468199,pineapple,53.50,107.00,Fried potato wedges/chips served on a white square plate with what appears to be a small amount of salt seasoning,185.00,96.00,0.000
dish_1563468240,pineapple | watermelon,93.10,239.00,"A plate containing diced red bell pepper and diced yellow bell pepper, appears to be a raw vegetable preparation",51.00,255.00,0.000
dish_1563468269,watermelon | pineapple,129.01,302.00,"A fruit plate consisting of mixed berries, diced watermelon, and diced mango on a white square plate",160.00,330.00,0.333
dish_1563468299,cottage cheese | pineapple | watermelon,210.35,385.00,"A fruit and dairy plate featuring fresh berries, diced watermelon, pineapple chunks, and whipped cream arranged on a white square plate",252.00,310.00,0.500
dish_1563475788,pineapple,39.00,78.00,Small portion of cooked potato cubes on a white square plate,45.00,60.00,0.000
dish_1563468327,yam | sweet potato | cottage cheese | pineapple | watermelon,351.89,483.00,"Mixed fruit and vegetable plate with cottage cheese, consisting of berries, watermelon, roasted vegetables, pineapple, and dairy component",325.00,520.00,0.429
dish_1563468362,cottage cheese | pineapple | watermelon | sweet potato | yam | egg whites,411.69,598.00,"A plate with mixed fresh fruits, roasted vegetables, and dairy components including cottage cheese and whipped cream",425.00,570.00,0.333
dish_1563475874,pineapple | honeydew melons | cauliflower,93.03,251.00,"A plate with diced raw vegetables including onions, potatoes, and carrots",96.00,180.00,0.000
dish_1563475826,honeydew melons | pineapple,74.28,176.00,Simple plate with raw diced potatoes in two varieties - white/pale potatoes and yellow/golden potatoes,59.00,145.00,0.000
dish_1563475921,pineapple | cauliflower | honeydew melons | brown rice | salmon,244.34,348.00,"Asian-style meal with meat patty over rice, accompanied by steamed vegetables (zucchini and mango)",390.00,345.00,0.125
dish_1563476267,brownies,237.71,51.00,"A small triangular piece of chocolate dessert on a white square plate, with what appears to be fried food items on another plate in the background",95.00,35.00,0.000
dish_1563475953,pasta | salmon | pineapple | beef | honeydew melons,427.45,453.00,"Asian-style meal with grilled fish, fried noodles, white rice, and steamed vegetables (zucchini and corn)",720.00,505.00,0.000
dish_1563476323,salmon | brown rice | brownies,686.97,339.00,"A plated meal consisting of fried rice with shrimp, a piece of grilled or seared salmon, a dark sauce or protein item, and french fries on accompanying plates",725.00,425.00,0.400
dish_1563476408,salmon | pasta | brownies | beef,990.40,513.00,"Plated meal consisting of grilled salmon fillet, herb-infused rice pilaf, roasted potato wedges, sautéed onions, garnish of fresh parsley, and what appears to be a small piece of seared tuna or beef",805.00,528.00,0.250
dish_1563476646,pasta | beef,380.16,218.00,A meal consisting of fried chicken pieces with french fries and what appears to be a flatbread or wrap on the side,620.00,290.00,0.000
dish_1563476463,brownies | beef | salmon | pasta | cheese pizza,1067.51,542.00,"Mixed protein and vegetable plate with what appears to be fish, potato-based items, and roasted vegetables on a white square plate",1220.00,515.00,0.182
dish_1563476551,salmon | brownies | cheese pizza | beef | pasta,1116.39,750.00,"Mixed protein and vegetable plate with grilled fish, seafood, potatoes, and sautéed vegetables",560.00,460.00,0.100
dish_1563476577,beef | pasta | cheese pizza | salmon | brownies,1238.03,857.00,"Mixed plate with grilled meat, potato salad, green salad, and what appears to be a sauce or side dish",690.00,400.00,0.111
dish_1563477659,brussels sprouts,26.55,52.00,Small portion of roasted Brussels sprouts on a white square plate,45.00,75.00,1.000
dish_1563477701,brussels sprouts | brown rice | salmon,179.42,150.00,A plated dish consisting of a protein item with greens on top and roasted brussels sprouts on the side,280.00,270.00,0.250
dish_1563477736,salmon | brown rice | brussels sprouts,277.05,234.00,"Plated meal consisting of a protein wrap with greens, roasted Brussels sprouts, and a fresh arugula salad",280.00,290.00,0.200
dish_1563479526,apple | arugula | lemon juice | goat cheese | figs,67.84,51.00,"A light salad plate with mixed greens, diced carrots, and what appears to be a beet root on a white square plate",40.00,110.00,0.143
dish_1563478751,pasta | beef,950.40,545.00,Stir-fried noodles with beef and dark leafy greens (likely spinach or similar) on a white square plate,625.00,330.00,0.200
dish_1563479568,brussels sprouts,83.67,82.00,"A light salad composed of fresh spinach leaves, roasted capers, diced orange bell pepper, and what appears to be a light vinaigrette dressing, plated on a white square dish",53.00,88.00,0.000
dish_1563479596,broccoli | cauliflower | brussels sprouts,104.37,151.00,"A plated vegetable side dish consisting of sautéed leafy greens, roasted vegetables, and what appears to be potato or cauliflower florets",101.00,145.00,0.167
dish_1563479625,brussels sprouts | salmon | broccoli,202.65,214.00,"A plated meal consisting of sautéed leafy greens with vegetables, boiled potatoes, and what appears to be a fish or protein patty",200.00,287.00,0.000
dish_1563479655,beef | salmon | pasta,321.23,282.00,"A plated meal consisting of a protein item, leafy greens salad, potato, and vegetables on a white square plate",300.00,345.00,0.000
dish_1563480476,salmon | brown rice,517.90,332.00,"Three slices of herb-infused bread or savory cake with visible green herbs (appears to be spinach or herbs mixed into the batter) and what appears to be salmon or fish visible on one slice, served on a white square plate",250.00,130.00,0.333
dish_1563480505,salmon | brown rice | pasta | beef,767.27,475.00,"A plated dish featuring what appears to be sautéed vegetables with herbs and possibly some protein, served on a white square plate",269.00,263.00,0.000
dish_1563480534,brown rice | beef | pasta | salmon,797.57,576.00,"Asian-style meal with fried shrimp crackers, breaded/fried protein items, and steamed cauliflower with shrimp and herbs on a white square plate",475.00,225.00,0.000
dish_1563481030,figs | spinach (raw),155.81,129.00,"A mixed green salad with vegetables on a white square plate, appearing to be a light appetizer or side dish",38.00,145.00,0.200
dish_1563480608,beef | brown rice | pasta | salmon,886.95,650.00,"Plate with grilled salmon fillet, fresh spinach salad, roasted potatoes, and what appears to be herb-crusted bread or cracker-like items",567.00,320.00,0.143
dish_1563481061,pasta | beef | figs,541.20,350.00,Plated meal with sliced meat preparation and fresh green salad with vegetable garnish,375.00,240.00,0.167
dish_1563550584,egg whites,75.40,145.00,"Plate with diced white cheese, appears to be feta or similar fresh cheese",220.00,110.00,0.000
dish_1563550950,scrambled eggs,183.17,93.00,A plate with bacon and shredded hash browns,175.00,80.00,0.000
dish_1563550976,scrambled eggs | roasted potatoes,284.69,165.00,Breakfast plate with bacon and hash browns,260.00,130.00,0.333
dish_1563551105,cream cheese | bagels,194.40,72.00,"A single cracker or biscuit topped with what appears to be cream cheese or sour cream, served on a white square plate",80.00,25.00,0.333
dish_1563551006,scrambled eggs | roasted potatoes | country rice,357.67,213.00,"A plate of fried rice with what appears to be three separate portions of stir-fried vegetables and proteins, served on a white square plate",680.00,390.00,0.500
dish_1563550614,sweet potato | egg whites,132.82,205.00,A simple meal consisting of mashed potatoes and roasted potato cubes on a white plate,235.00,250.00,0.500
dish_1563551134,bagels | cream cheese | egg whites,246.92,173.00,"Open-faced sandwich with toasted bread, spread with cream cheese or similar white spread, topped with crumbled white cheese (appears to be feta or similar), served on a white square plate",300.00,105.00,0.200
dish_1563551164,bagels | sweet potato | egg whites | cream cheese,339.76,270.00,"Breakfast or brunch plate with a toasted English muffin topped with poached or soft-boiled egg, diced roasted potatoes, and black pepper seasoning",288.00,196.00,0.400
dish_1563551360,scrambled eggs,322.64,218.00,Scrambled eggs served on a white square plate,155.00,110.00,1.000
dish_1563551220,cream cheese | greek yogurt | milk | chia seeds | bagels | egg whites | sweet potato,561.70,558.00,"A breakfast or brunch plate featuring a bran muffin with apple slices, cottage cheese, fresh berries, and roasted potatoes with red peppers",500.00,480.00,0.200
dish_1563551194,sweet potato | egg whites | bagels | greek yogurt | chia seeds | milk | cream cheese,471.64,400.00,"Plate with two open-faced sandwiches on whole grain bread topped with various ingredients including what appears to be meat spread, whipped cream or cheese, diced potatoes, and fruit garnishes",558.00,300.00,0.182
dish_1563552016,syrup | waffles,493.59,174.00,Single waffle on a white square plate,280.00,85.00,0.500
dish_1563551397,brussels sprouts | scrambled eggs,365.53,302.00,A plate with fried/breaded protein items and steamed peas on a white square plate,330.00,170.00,0.000
dish_1563555072,scrambled eggs,165.76,112.00,A portion of scrambled eggs served on a white square plate,180.00,100.00,1.000
dish_1563553756,granola | bacon,309.15,124.00,"A plated meal consisting of crispy bacon strips, mixed green salad with berries, and a blackberry garnish on a white square plate",160.00,135.00,0.333
dish_1563553735,granola,114.39,88.00,A small mixed green salad with berries on a white square plate,28.00,60.00,0.000
dish_1563553780,granola | bacon | almonds,557.73,167.00,"A plated meal consisting of bacon strips, mixed salad greens with nuts, and what appears to be blackberries on a white square plate",342.00,140.00,0.667
dish_1563555510,scrambled eggs,193.88,131.00,Scrambled eggs served on a white square plate,155.00,110.00,1.000
dish_1563555100,cantaloupe | scrambled eggs,190.92,186.00,Breakfast meal consisting of scrambled eggs and diced sweet potato on a white square plate,275.00,200.00,0.333
dish_1563555543,scrambled eggs | pineapple,268.38,280.00,A simple meal consisting of scrambled eggs and diced potatoes served on a white square plate,320.00,245.00,0.333
dish_1563555160,scrambled eggs | sweet potato | cantaloupe | brussels sprouts,268.83,287.00,"Plate with scrambled eggs, mixed roasted vegetables including carrots, potatoes, and what appears to be mushrooms or other dark vegetables",320.00,270.00,0.333
dish_1563555563,scrambled eggs | pineapple | bacon,398.22,304.00,"Breakfast meal consisting of scrambled eggs, bacon strips, and roasted potato cubes on a white square plate",345.00,220.00,0.500
dish_1563563240,,48.30,42.00,Red kidney beans being cooked in a wok or large pan with oil/liquid,130.00,100.00,0.000
dish_1563555605,scrambled eggs | pineapple | roasted potatoes | bacon,537.81,403.00,"Breakfast plate with scrambled eggs, bacon, diced potatoes, and boiled potatoes",565.00,350.00,0.600
dish_1563563264,grilled chicken,322.00,163.00,Diced tofu being pan-fried in a wok or large skillet with minimal oil,185.00,205.00,0.000
dish_1563563289,grilled chicken,331.90,218.00,"Stir-fry in progress with tofu, cherry tomatoes, and black olives in a metal wok on stovetop",247.00,405.00,0.000
dish_1563563317,grilled chicken,345.84,252.00,"A stir-fry preparation in a wok with diced onions, shredded carrots, and what appears to be diced chicken or tofu",220.00,210.00,0.250
dish_1563563467,bok choy,40.75,119.00,A small portion of sautéed zucchini and leafy greens on a white square plate,55.00,110.00,0.000
dish_1563563348,grilled chicken,362.64,294.00,"Stir-fry preparation in a wok with diced protein, shredded carrots, and mixed vegetables including bell peppers and onions",202.00,240.00,0.250
dish_1563563378,grilled chicken | onions,385.44,351.00,Stir-fry preparation in progress showing raw vegetables being cooked in a wok or large pan on a stovetop,115.00,215.00,0.167
dish_1563563492,pizza | bok choy,192.37,176.00,A plate with baked salmon fillet topped with tomato sauce and a side of steamed or boiled cucumber pieces,285.00,250.00,0.000
dish_1563564676,kale,50.62,62.00,A small portion of kale salad with what appears to be shaved parmesan cheese on a white square plate,80.00,95.00,0.500
dish_1563564707,kale | corn on the cob,143.99,150.00,"A plated meal consisting of kale with cheese, and two fried squash rings on a white square plate",180.00,205.00,0.333
dish_1563563527,fish | pizza,322.91,302.00,"A plated meal consisting of a baked salmon fillet with tomato topping, accompanied by a mixed green salad with cucumber and shaved cheese",370.00,285.00,0.000
dish_1563564760,ground turkey | kale | corn on the cob,341.85,243.00,"A plated meal consisting of a protein item with sauce, roasted carrot rounds, and a kale salad with cheese on a white square plate",410.00,265.00,0.200
dish_1563565289,corn on the cob,93.37,88.00,Two pieces of corn on the cob on a white foam food tray,140.00,200.00,1.000
dish_1563564797,ground turkey | kale | corn on the cob | fish,411.26,310.00,"Plated meal with protein, legumes, roasted vegetables, and leafy greens",440.00,370.00,0.143
dish_1563565323,corn on the cob | ground turkey,229.53,152.00,"A plated dish containing what appears to be a meat-based protein with vegetables on a white compartmentalized tray, presented in a clinical/hospital setting",217.00,118.00,0.667
dish_1563564828,fish | corn on the cob | ground turkey | kale,452.21,355.00,"Mixed plate with ground meat preparations, sautéed greens, and fried plantain slices",905.00,410.00,0.125
dish_1563565354,fish | corn on the cob | ground turkey,272.32,193.00,"A protein-based meal with poultry, starch, and garnish on a white compartmentalized tray",353.00,220.00,0.167
dish_1563565454,fish | ground turkey | corn on the cob,350.79,322.00,"Meal in compartmentalized foam container with sautéed leafy greens, protein item, and corn",290.00,280.00,0.500
dish_1563565683,fish,65.74,63.00,"Single cooked fish fillet on a white disposable container, appears to be a cafeteria or institutional meal setting",180.00,120.00,1.000
dish_1563565508,ground turkey | kale | fish | corn on the cob,403.86,387.00,"Meal consisting of leafy greens, protein, and roasted vegetables on a white disposable container",292.00,325.00,0.286
dish_1563565415,corn on the cob | fish | ground turkey,303.48,284.00,"Meal in a disposable foam container containing sliced poultry, cooked vegetables, and leafy greens",212.00,245.00,0.000
dish_1563565720,mushroom | fish,84.66,149.00,Protein-based meal with grilled fish fillet and sautéed mushrooms served on a white compartmented plate,365.00,330.00,1.000
dish_1563565805,mushroom | fish | bok choy,157.49,360.00,Mixed vegetable stir-fry with meat on a white foam container,215.00,220.00,0.200
dish_1563566626,,62.10,54.00,Small portion of dark legumes (appears to be black beans or similar) on a white plate,45.00,35.00,0.000
dish_1563565761,mushroom | fish,88.66,159.00,"A plate containing grilled fish fillet, sautéed mushrooms, sliced red onion, and what appears to be a small portion of sauce or garnish on a white compartmentalized tray",267.00,240.00,0.500
dish_1563566674,,100.89,88.00,"Minimalist meal consisting of a small portion of cooked grains and a small handful of dark beans or olives, plated on a white square plate",110.00,60.00,0.000
dish_1563566725,wild rice,241.31,206.00,"A balanced meal plate with whole grains, legumes, and mixed vegetables on a white square plate",375.00,380.00,0.250
dish_1563566909,wild rice,222.53,187.00,"Mixed protein and vegetable dish with tofu cubes, ground meat, green beans, red peppers, and garnish on a white square plate",385.00,330.00,0.000
dish_1563566939,wild rice,286.03,238.00,"Vegetarian stir-fry plate with tofu, mixed vegetables, garnished with fresh greens and nuts",462.00,425.00,0.000
dish_1563566810,figs | wild rice,392.29,331.00,"Mixed grain bowl with ground meat, roasted vegetables, sautéed greens, and legumes",735.00,590.00,0.000
dish_1563566965,wild rice | chickpeas,370.83,286.00,"Vegetarian stir-fry bowl with tofu, mixed vegetables, and leafy greens on a white square plate",223.00,330.00,0.000
dish_1563567319,fish,398.63,382.00,Grilled fish fillet with vegetable garnish and boiled potatoes on the side,357.00,335.00,0.250
dish_1563567372,fish | pizza,951.91,590.00,"Japanese sushi platter with assorted nigiri and rolls, served with pickled ginger and wasabi on the side",287.00,220.00,0.143
dish_1563567626,corn on the cob | arugula,291.84,248.00,"Playful plated meal with greens, corn, berries, and decorative black olive eyes arranged as a face",120.00,232.00,1.000
dish_1563567599,arugula,194.23,156.00,"A salad plate with mixed greens, berries, and nuts on a white plate",103.00,132.00,0.500
dish_1563567663,fish | arugula | corn on the cob,514.11,461.00,"A plated meal featuring grilled fish with seasoning, mixed greens salad, corn on the cob, and garnishes including olives, cucumber, and raspberry",427.00,396.00,0.600
dish_1563567722,fish | corn on the cob,645.32,576.00,"Plated meal with ground meat, leafy greens, corn, and garnishes on a white plate",630.00,385.00,0.167
dish_1563567978,fish,118.96,114.00,"A small portion of mixed vegetables and protein on a white square plate, appears to be a stir-fried or sautéed dish with Asian flavors, garnished with sesame seeds",155.00,125.00,0.000
dish_1563568118,fish,139.83,134.00,Three slices of what appears to be banana bread or similar quick bread loaf on a white square plate,280.00,105.00,0.000
dish_1563568025,fish | corn on the cob,244.99,247.00,"Plate with corn cob halves, lettuce leaf, and what appears to be a seaweed or dark leafy green vegetable with sesame seeds and other toppings",135.00,155.00,0.250
dish_1563568148,bok choy | fish,171.00,225.00,Light meal consisting of sliced poultry/meat with steamed broccoli on a white square plate,200.00,185.00,0.000
dish_1563568003,fish,126.15,135.00,"Asian-style stir-fried dish with bok choy and protein over rice, garnished with sesame seeds",375.00,278.00,0.000
dish_1563568263,cheese pizza,119.65,45.00,"A single baked good item on a white plate, appears to be a flatbread or focaccia with herbs/seasonings",180.00,65.00,0.000
dish_1563568292,corn on the cob | cheese pizza,276.68,193.00,A snack plate with crackers and what appears to be cheese or dairy-based appetizers on a white square plate,185.00,47.00,0.333
dish_1563568319,ground turkey | corn on the cob | cheese pizza,604.32,347.00,"Light meal consisting of a chicken salad sandwich on whole grain bread, round crackers, and what appears to be a flatbread or cracker with toppings",510.00,190.00,0.000
dish_1563568357,cheese pizza | ground turkey | chickpeas | corn on the cob,767.74,448.00,"Mixed plate with kale salad, ground meat mixture, cornbread, cheese, sliced corn, and pizza slice",860.00,455.00,0.286
dish_1563568338,corn on the cob | ground turkey | cheese pizza,631.71,371.00,"Plated meal consisting of ground meat with greens, what appears to be potato or vegetable patties, crackers, and a cracker with toppings",640.00,255.00,0.167
dish_1563811412,egg whites,112.84,217.00,Light meal consisting of boiled or steamed potato pieces and a brown sauce or soup on the side,130.00,250.00,0.000
dish_1563811439,cantaloupe | egg whites,137.32,289.00,"A simple meal consisting of mashed potatoes, diced carrots, and what appears to be a brown sauce or gravy on the side",250.00,320.00,0.000
dish_1563811463,egg whites | sweet potato | cantaloupe,220.59,376.00,"A plate with roasted potatoes, orange bell pepper, mashed potatoes, and what appears to be a gravy or sauce in a bowl on the side",330.00,430.00,0.200
dish_1563811611,scrambled eggs,195.36,132.00,A single serving of what appears to be scrambled eggs or an egg-based dish on a white square plate,180.00,95.00,1.000
dish_1563811490,sausage | cantaloupe | sweet potato | egg whites,268.83,390.00,"Plate with roasted potatoes, bell pepper, sliced cheese, a small sausage, and a bowl of gravy or sauce on the side",445.00,380.00,0.286
dish_1563811515,egg whites | sausage | sweet potato | cantaloupe | salsa,298.12,491.00,"Plate with roasted potatoes, red bell pepper, white cheese (likely mozzarella or feta), gravy, and what appears to be a small sausage or processed meat item",305.00,325.00,0.250
dish_1563811639,scrambled eggs,217.14,198.00,Breakfast plate with scrambled eggs and fresh strawberries,252.00,190.00,1.000
dish_1563811662,scrambled eggs | brussels sprouts,245.73,254.00,"Breakfast meal with scrambled eggs, sliced strawberries, and sautéed vegetables on a white square plate",300.00,285.00,0.333
dish_1563811686,scrambled eggs | sweet potato | brussels sprouts,319.43,331.00,"Breakfast plate with scrambled eggs, roasted potatoes, sautéed vegetables, and fresh strawberry",366.00,320.00,0.500
dish_1563812508,egg whites,112.84,217.00,"A plate of diced or chopped boiled potatoes, appearing to be a single vegetable side dish",95.00,150.00,0.000
dish_1563812535,turkey bacon | egg whites,298.89,266.00,A simple plate with bacon strips and mashed potatoes,420.00,210.00,0.333
dish_1563812570,egg whites | turkey bacon,369.08,320.00,"A plate with bacon strips, mixed green salad, and mashed potatoes",425.00,305.00,0.333
dish_1563813221,brussels sprouts,19.40,38.00,Small portion of roasted or sautéed mushrooms on a white square plate,35.00,65.00,0.000
dish_1563813308,brussels sprouts | bacon,224.98,76.00,A plate with crispy bacon strips and roasted Brussels sprouts,365.00,170.00,1.000
dish_1563812615,turkey bacon | brussels sprouts | egg whites,402.78,386.00,"Plate with bacon, mashed potatoes, sautéed vegetables with greens, and roasted root vegetables",445.00,390.00,0.167
dish_1563813395,bacon | pineapple | sausage,371.86,193.00,"Breakfast plate with cured meat, potatoes, vegetables, and olives",700.00,290.00,0.400
dish_1563813436,pineapple | sausage | sweet potato | bacon,418.76,242.00,"Plate with bacon strips, roasted potatoes, and sautéed vegetables with capers",545.00,320.00,0.400
dish_1563813806,egg whites,81.12,156.00,"A white square plate containing diced or crumbled white cheese, appears to be feta or similar fresh cheese",140.00,75.00,0.000
dish_1563820775,zucchini | broccoli | squash,38.07,162.00,"Sliced zucchini arranged on a white plate, appearing to be raw or lightly cooked",32.00,180.00,0.333
dish_1563813833,sausage | egg whites,256.87,207.00,Simple plate with diced onions and sliced sausage/pepperoni,213.00,150.00,0.333
dish_1563820806,chicken | squash | broccoli,207.81,273.00,A plate with sliced zucchini and what appears to be grilled or sautéed meat with herbs,265.00,250.00,0.000
dish_1563813501,sausage | pineapple | bacon | scrambled eggs | sweet potato,694.12,414.00,"Breakfast plate with scrambled eggs with shredded cheese, bacon strips, diced potatoes with peppers, and what appears to be sautéed vegetables",585.00,315.00,0.500
dish_1563820834,chicken | broccoli | pizza,308.89,311.00,"Baked fish fillet with tomato topping, served with sautéed zucchini slices and what appears to be sautéed mushrooms or leafy greens",275.00,370.00,0.000
dish_1563822546,caesar salad,38.72,88.00,"A plated salad with lettuce, croutons, and diced vegetables",116.00,120.00,0.000
dish_1563822597,broccoli | caesar salad | squash | zucchini,59.40,176.00,"Plated meal with grilled protein, sautéed vegetables, and fresh salad on a white square plate",282.00,310.00,0.100
dish_1563822636,caesar salad,237.02,258.00,Grilled protein with roasted vegetables and Caesar salad,630.00,390.00,0.200
dish_1563822663,caesar salad,303.10,317.00,"Mixed grill plate with grilled meat, yellow rice, sautéed vegetables, and fresh salad",680.00,430.00,0.000
dish_1563823292,lime | cauliflower | garlic,450.55,208.00,"Asian-style stir-fried dish with tofu or tempeh cubes, green vegetables (appears to be green beans or similar), and what looks like a protein base, plated on a white square dish. A partial view of another plated item visible on the left side.",235.00,240.00,0.000
dish_1563823814,turnips,25.59,85.00,Small portion of roasted or fried potato cubes on a white square plate,95.00,75.00,0.000
dish_1563823359,chicken,641.70,333.00,"Asian-style stir-fried dish with sliced meat, vegetables, and what appears to be a rice wrapper or flatbread on the side",605.00,320.00,0.250
dish_1563823423,chicken,700.53,441.00,"Mixed protein and vegetable plate with shrimp, meat, stir-fried vegetables, and fresh greens",375.00,385.00,0.250
dish_1563823390,chicken,670.17,372.00,"Asian-style stir-fried dish with shredded poultry, tofu, vegetables, and garnish served on a white square plate with what appears to be a white roll or bread on the side",510.00,305.00,0.167
dish_1563824092,broccoli | zucchini | squash | turnips,36.28,135.00,A simple meal consisting of roasted potatoes and sautéed zucchini on a white square plate,130.00,260.00,0.200
dish_1563823894,tatsoi,368.34,400.00,"Plated meal consisting of sliced steak, roasted potatoes, and a vegetable medley with corn, zucchini, and peppers garnished with herbs",475.00,370.00,0.000
dish_1563824065,zucchini | broccoli | squash,15.51,66.00,"A plate with sliced zucchini, appearing to be raw or lightly cooked",45.00,150.00,0.333
dish_1563824130,broccoli | turnips,111.32,202.00,"A plate with roasted potato cubes, sliced zucchini, and what appears to be couscous or similar grain with seasonings",250.00,310.00,0.000
dish_1563824250,onions,17.20,43.00,Sliced red/purple onions being cooked in a wok or large pan with oil over heat,77.00,85.00,0.500
dish_1563824279,onions,58.60,79.00,Sliced red/purple onions being cooked in a wok or large pan with oil on a stovetop,77.00,85.00,0.500
dish_1563824155,garlic | turnips | broccoli | zucchini | squash | lime | cauliflower,455.73,361.00,"Plated meal consisting of seared meat, roasted potatoes, sautéed zucchini, and couscous with vegetables",575.00,470.00,0.091
dish_1563824304,bell peppers | onions,75.80,122.00,"Stir-fried vegetables in a wok or large pan, appears to be in early stages of cooking with oil visible",142.00,146.00,0.667
dish_1563824377,grilled chicken,454.05,338.00,Stir-fried tofu with red and green bell peppers in a wok or large pan,207.00,275.00,0.000
dish_1563824339,onions | cherry tomatoes | bell peppers,85.34,175.00,"Stir-fried vegetables in a wok/pan including bell peppers, onions, and green peppers being cooked on stovetop",129.00,208.00,0.750
dish_1563826223,lime | cauliflower | garlic,301.09,139.00,"Grilled or pan-seared meat slices, appears to be beef or steak, plated on a white square plate with minimal garnish",240.00,100.00,0.000
dish_1563826272,pepperoni pizza,645.13,261.00,A plate with sliced cooked meat and what appears to be pizza or flatbread with cheese and pepperoni,600.00,240.00,0.500
dish_1563827060,cheese pizza,146.24,55.00,A single matzah cracker on a white plate with what appears to be a glass of milk or beverage in the background,110.00,28.00,0.000
dish_1563824406,grilled chicken,474.14,387.00,"Stir-fry preparation in progress with shredded carrots, diced onions, and what appears to be diced chicken or tofu in a stainless steel wok on a stovetop",158.00,270.00,0.250
dish_1563826306,brownies | pepperoni pizza,882.84,312.00,"Plated meal consisting of sliced cooked meat, what appears to be a potato or starch side, pizza or flatbread with toppings, and a dark baked item",705.00,365.00,0.200
dish_1563827086,cheese pizza | caesar salad,199.04,175.00,"A light meal consisting of a matzo cracker with what appears to be a vegetable side dish, likely lettuce or leafy greens mixed with herbs",135.00,113.00,0.000
dish_1563827110,pineapple | caesar salad | cheese pizza,220.04,217.00,"Light meal consisting of a whole grain roll with seeds, potato cubes, and sautéed vegetables with herbs",260.00,210.00,0.000
dish_1563827132,cheese pizza | caesar salad | pineapple,240.02,302.00,"Plate with roasted vegetables, protein, and starch components",370.00,390.00,0.000
dish_1563827162,cheese pizza | caesar salad | pineapple | chicken,319.54,354.00,"Plate with protein, starch, and vegetable sides including what appears to be fish or meat, potatoes, zucchini, and a green vegetable mixture",457.00,470.00,0.000
dish_1563827188,cheese pizza | caesar salad | pineapple | chicken,369.36,377.00,"Mixed plate with grilled/pan-fried meat, roasted potatoes, cucumber slices, what appears to be fish or white fish fillet, and a green salad or vegetable mixture",405.00,415.00,0.000
dish_1563827425,caesar salad,60.72,138.00,"Mixed green salad with lettuce, chicken pieces, and dressing on a white square plate",220.00,165.00,0.000
dish_1563827454,zucchini | caesar salad | squash | broccoli,86.57,248.00,"A plate with grilled or sautéed chicken breast topped with herbs, served with French fries and fresh green salad leaves",445.00,295.00,0.000
dish_1563827482,caesar salad,894.52,621.00,"Mixed grill plate with fried potatoes, green salad, bacon strips, and what appears to be breaded shrimp or similar protein",485.00,345.00,0.000
dish_1563897087,broccoli | egg whites,102.44,231.00,A bowl containing steamed broccoli florets with what appears to be cauliflower and possibly some nuts or seeds mixed in,100.00,192.00,0.250
dish_1563897338,cantaloupe,29.92,88.00,Small portion of raw carrot chunks on a white square plate,24.00,60.00,0.000
dish_1563897369,cantaloupe | sweet potato,117.01,179.00,Simple meal consisting of raw carrot chunks and roasted potato wedges on a white square plate,121.00,180.00,0.333
dish_1563897047,egg whites,66.04,127.00,"A white bowl containing what appears to be a stir-fried dish with scrambled eggs, diced vegetables (onions and peppers), and possibly shrimp or chicken, served on what looks like a cardboard surface",212.00,180.00,0.250
dish_1563897439,cantaloupe | broccoli | egg whites | sweet potato,315.31,578.00,"A plate containing roasted potatoes, steamed broccoli, diced cauliflower, and sliced carrots",181.00,350.00,0.333
dish_1563897794,,57.57,101.00,Light fruit plate with sliced strawberries and blueberries on a white square plate,36.00,115.00,
dish_1563897837,watermelon,118.47,304.00,Fresh cut strawberries in a white square bowl,68.00,170.00,0.000
dish_1563897395,cantaloupe | sweet potato | broccoli,135.91,233.00,"A plate of roasted vegetables including carrots, potatoes, and broccoli",135.00,260.00,0.500
dish_1563897492,cantaloupe | broccoli | salsa | egg whites | sweet potato,339.67,662.00,"Hot dog or sausage sandwich with toppings, served with fried potato wedges and broccoli",795.00,345.00,0.222
dish_1563897870,oatmeal,169.32,249.00,A bowl of what appears to be oatmeal or a grain-based cereal with a light beige/tan color and granular texture,180.00,200.00,1.000
dish_1563897938,bacon,54.10,10.00,A single cooked shrimp on a white square plate,12.00,8.00,0.000
dish_1563897981,scrambled eggs | bacon,243.54,138.00,Scrambled eggs with a bacon strip on a white square plate,260.00,130.00,1.000
dish_1563898019,bacon | chia seeds | greek yogurt | scrambled eggs | milk,343.98,237.00,"A plate with scrambled eggs, a hot dog/sausage, and what appears to be a muffin or bread item",455.00,185.00,0.143
dish_1563898688,broccoli,32.55,93.00,A small portion of cooked broccoli florets served on a white square plate,35.00,85.00,1.000
dish_1563898107,greek yogurt | bacon | pineapple | milk | chia seeds | scrambled eggs,440.69,424.00,"Breakfast or lunch plate with scrambled eggs, sausage, potato cubes, berries, and what appears to be a baked good with powdered sugar",570.00,335.00,0.100
dish_1563898084,bacon | milk | greek yogurt | scrambled eggs | pineapple | chia seeds,419.49,384.00,"Breakfast or brunch plate with scrambled eggs, potato, sausage, berries, and what appears to be a poppy seed muffin or cake",595.00,305.00,0.111
dish_1563898722,broccoli | scrambled eggs,343.35,303.00,A plate with steamed broccoli florets and what appears to be a breaded/crusted protein (likely chicken or fish) served on a white square plate,335.00,260.00,0.333
dish_1563898786,broccoli | scrambled eggs,420.93,344.00,"A balanced plate meal consisting of scrambled eggs, steamed broccoli, and mixed green salad with red pepper strips on a white square plate",260.00,290.00,1.000
dish_1563898813,broccoli | scrambled eggs | bacon,626.51,382.00,"Breakfast plate with scrambled eggs, broccoli, fresh spinach, and bacon strips",333.00,240.00,0.750
dish_1563900120,sweet potato,46.90,49.00,"Roasted potato cubes on a white square plate, appearing to be a small side portion",85.00,100.00,1.000
dish_1563898880,scrambled eggs | bacon | broccoli,643.62,441.00,"Breakfast plate with scrambled eggs, broccoli, bacon, fresh greens, and ketchup",373.00,270.00,0.600
dish_1563900172,scrambled eggs | cantaloupe | sweet potato,236.64,255.00,"A plate containing mac and cheese, roasted potatoes, and diced bell peppers",510.00,405.00,0.200
dish_1563900150,sweet potato | scrambled eggs,202.30,154.00,A meal consisting of scrambled eggs and roasted potato cubes served on a white square plate,315.00,210.00,1.000
dish_1563900205,sweet potato | broccoli | scrambled eggs | cantaloupe,262.26,301.00,"Mixed vegetable and grain bowl with broccoli, bell pepper, rice pilaf, and what appears to be roasted potatoes or root vegetables",357.00,430.00,0.333
dish_1563908923,caesar salad,49.28,112.00,A single serving of what appears to be a Caesar salad or similar leafy green salad with dressing on a white square plate,135.00,93.00,0.333
dish_1563909469,spinach (raw),72.40,64.00,A small portion of mixed green salad leaves on a white plate,8.00,25.00,0.000
dish_1563908957,caesar salad | green beans,73.87,159.00,Plate with green beans and what appears to be a creamy chicken or fish dish with green herb sauce,315.00,270.00,0.333
dish_1563908996,caesar salad | chicken | millet | green beans,269.92,293.00,"Plate with breaded and fried protein items, green beans, and a creamy potato-based side dish",500.00,320.00,0.400
dish_1563909507,spinach (raw) | green beans,117.93,151.00,A plate of sautéed green beans with spinach and what appears to be a small amount of egg or cheese garnish,140.00,193.00,0.500
dish_1563909550,green beans | fried rice,310.32,273.00,"A plate with sautéed green beans, fresh spinach or lettuce, and yellow rice",277.00,310.00,0.667
dish_1563909951,spinach (raw) | green beans,180.60,188.00,A small portion of fresh spinach leaves with stems on a white plate,7.00,25.00,0.500
dish_1563909580,fried rice | cheese pizza,544.31,361.00,"Plated meal consisting of green beans, mixed greens salad, yellow rice, and what appears to be a cheese-topped protein item",472.00,430.00,0.500
dish_1563909982,chicken | spinach (raw) | millet,370.79,318.00,A plate with green beans and two breaded/fried patties served on a bed of fresh spinach or arugula,337.00,310.00,0.200
dish_1563910171,salmon | brown rice,571.18,423.00,"A plate with cooked leafy greens and a grain-based dish with vegetables, appears to be a simple meal with vegetables and a starch component",255.00,300.00,0.333
dish_1563910137,green beans,131.28,141.00,Mixed cooked green vegetables including leafy greens and long green beans on a white square plate,52.00,160.00,0.333
dish_1563910106,spinach (raw),101.46,84.00,Small portion of cooked leafy greens (appears to be chard or similar) with red stems on a white plate,18.00,85.00,0.000
dish_1563910276,salmon | brown rice,375.94,241.00,A single serving of what appears to be breaded and fried meat patties or cutlets on a white square plate,280.00,110.00,0.000
dish_1563910530,salmon | brown rice,333.83,214.00,A small portion of what appears to be breaded and fried chicken pieces on a white square plate,180.00,75.00,0.000
dish_1563910708,salmon | brown rice,786.21,555.00,Plated meal consisting of what appears to be chicken or fish with rice pilaf and sautéed green beans,420.00,325.00,0.250
dish_1563910676,brown rice | salmon,757.96,501.00,"Mixed grain and protein dish with leafy greens, appearing to be a rice or grain-based preparation with vegetables",350.00,255.00,0.200
dish_1563910639,brown rice | salmon,697.29,447.00,"Rice dish with vegetables and herbs, appears to be a stir-fried or mixed rice preparation with green herbs (likely cilantro or parsley) garnish",279.00,205.00,0.200
dish_1563911156,millet | chicken,140.45,96.00,"Single fried food item on a white square plate, appears to be a breaded and fried protein or vegetable",185.00,85.00,0.500
dish_1563913588,cheese pizza,180.81,68.00,Two slices of what appears to be cheese pizza or flatbread with tomato sauce on a white plate,320.00,140.00,1.000
dish_1563911215,millet | chicken | green beans | fried rice,218.16,170.00,"Plated meal with breaded protein, yellow rice, and green beans on a white square plate",565.00,355.00,0.750
dish_1563911185,green beans | millet | chicken,159.81,133.00,"Protein and vegetable plate consisting of a breaded and pan-fried protein cutlet with green beans on the side, served on a white square plate",315.00,210.00,0.667
dish_1563911255,fried rice | quinoa | millet | chicken,293.19,235.00,"Plated meal consisting of a protein with breadcrumb coating, yellow rice pilaf, fresh green beans, and what appears to be sliced onion or apple",550.00,440.00,0.333
dish_1563913627,cheese pizza,230.33,109.00,"Light appetizer plate with cheese toast, sautéed greens, and what appears to be a salad leaf",333.00,185.00,0.333
dish_1563913675,cheese pizza | caesar salad,282.69,228.00,"Light meal consisting of a small salad with mixed greens, two pieces of what appears to be pizza or flatbread with tomato sauce and cheese, and a small portion of cooked dark leafy greens",430.00,290.00,0.333
dish_1563913709,fried rice | caesar salad | cheese pizza,337.89,263.00,"A plated meal consisting of corn, Caesar salad, tomato-topped flatbread or pizza squares, and steamed leafy greens on a white disposable plate",590.00,450.00,0.400
dish_1563984140,egg whites,245.44,472.00,A single portion of mashed potatoes served on a white square plate,180.00,150.00,0.000
dish_1563984167,egg whites | cantaloupe,291.68,608.00,Simple meal consisting of boiled cauliflower and diced sweet potato,205.00,420.00,0.000
dish_1563984199,egg whites | cantaloupe | pineapple,322.68,670.00,"A plate containing cooked cauliflower, diced bell peppers (yellow and red/orange), arranged on a white square plate",83.00,280.00,0.000
dish_1563913741,cheese pizza | fried rice | caesar salad,353.06,292.00,"A plated meal consisting of roasted vegetables, leafy greens salad, and what appears to be matzo or unleavened bread, suggesting a Passover or Jewish dietary meal",280.00,320.00,0.000
dish_1563984701,chicken apple sausage,275.20,172.00,"A plate of small round crackers or biscuits, appears to be a savory snack food",185.00,40.00,0.000
dish_1563984242,sweet potato | egg whites | pineapple | cantaloupe,402.12,753.00,"Mixed vegetable plate with cauliflower, pineapple, sweet potato, bell pepper, and roasted potatoes",265.00,525.00,0.333
dish_1563984296,egg whites | salsa | cantaloupe | sweet potato | pineapple,436.34,871.00,"Plate with roasted meat, roasted vegetables (sweet potato, carrot, zucchini), mashed potatoes, and what appears to be a dark sauce or gravy",605.00,460.00,0.111
dish_1563984729,scrambled eggs | chicken apple sausage,495.72,321.00,Breakfast plate with scrambled eggs and roasted potatoes,400.00,250.00,0.333
dish_1563984771,granola | chicken apple sausage | scrambled eggs,582.81,388.00,"Plate containing scrambled eggs, roasted potato rounds, and fresh green salad leaves",415.00,280.00,0.250
dish_1563984835,granola | scrambled eggs | chicken apple sausage,603.98,461.00,"Plate with mixed green salad, breaded and fried meatballs, waffle fries, and what appears to be a tomato-based sauce",530.00,325.00,0.000
dish_1563996251,cauliflower,39.50,158.00,"Plate with cooked cauliflower florets, appears to be boiled or steamed",45.00,120.00,1.000
dish_1563986093,scrambled eggs,239.03,215.00,"Breakfast plate with scrambled eggs and fresh berries, presented on a white square plate with decorative sauce drizzle",265.00,215.00,0.500
dish_1563996279,carrot | cauliflower,98.49,278.00,Simple meal with boiled cauliflower and sliced carrots on a white square plate,80.00,210.00,1.000
dish_1563996441,arugula,80.24,65.00,Mixed green salad with leafy greens and herbs on a white square plate,12.00,85.00,1.000
dish_1563996308,carrot | cream | chicken | cauliflower,718.51,659.00,"Plate with sliced poultry (appears to be chicken breast), boiled potatoes, and steamed carrots",375.00,345.00,0.400
dish_1563996464,arugula | cauliflower,100.49,146.00,A plate with mixed green salad and steamed cauliflower florets,50.00,200.00,1.000
dish_1563996485,arugula | roasted potatoes | cauliflower,178.04,201.00,A plated meal consisting of mixed greens salad with roasted vegetables and cauliflower florets,175.00,340.00,0.750
dish_1563996596,caesar salad,39.60,90.00,A small portion of mixed green salad with lettuce and leafy greens on a white square plate,14.00,70.00,0.000
dish_1563996509,cauliflower | chicken | roasted potatoes,365.18,316.00,"A plated meal consisting of grilled chicken breast, roasted vegetables (cauliflower, potatoes, tomato), and fresh arugula salad on a white square plate",303.00,385.00,0.600
dish_1563996625,brown rice | caesar salad,342.70,215.00,"Mixed vegetable stir-fry with ground meat, consisting of leafy greens, rice, and protein on a white square plate",371.00,280.00,0.200
dish_1563996656,carrot | brown rice | caesar salad,376.62,284.00,"Mixed vegetable and protein plate with lettuce, red bell peppers, and what appears to be ground meat or similar protein, served on a white square plate",224.00,340.00,0.000
dish_1563997386,spinach (raw) | carrot,215.88,238.00,A vegetable side dish consisting of sautéed green beans with sliced carrots on a white oval plate,80.00,205.00,0.333
dish_1563997327,spinach (raw),157.88,120.00,"Green salad with mixed leafy greens, sliced avocado, and what appears to be edible flowers as garnish on a white plate",103.00,135.00,0.000
dish_1563998210,chicken,148.09,91.00,Minimal meal consisting of a small portion of what appears to be a starch-based or grain item on a white plate with a fork,45.00,35.00,0.000
dish_1563997418,carrot,608.70,400.00,"Grilled meat with roasted vegetables including carrots, green beans, and what appears to be potatoes on a white plate",400.00,355.00,0.250
dish_1563998244,roasted potatoes | chicken,259.48,170.00,"A simple meal consisting of what appears to be a breaded/fried fish or protein patty, roasted or fried potato cubes, and a small portion of what looks like mashed potatoes or cauliflower puree",365.00,255.00,0.250
dish_1563998279,chicken | roasted potatoes,565.01,296.00,"A plated meal consisting of sliced meat, roasted potatoes, and what appears to be a grain or bread component",530.00,330.00,0.250
dish_1563998323,roasted potatoes | chicken | cauliflower,634.51,574.00,"A plate with roasted meat, roasted potatoes, cauliflower, and what appears to be sliced poultry breast",725.00,540.00,0.750
dish_1564000202,cheese pizza,396.19,149.00,"Three pieces of what appears to be flatbread or naan with brown spots, likely pan-fried or baked",320.00,120.00,0.000
dish_1564000417,cheese pizza,340.35,128.00,"A single slice of what appears to be matzo or unleavened flatbread with a cheese and tomato topping, served on a white square plate",180.00,65.00,1.000
dish_1563998513,chicken | cookies | roasted potatoes | cauliflower,757.51,599.00,"Mixed plate with roasted meat, poultry, roasted potatoes, cauliflower, and what appears to be a breaded cutlet",1005.00,540.00,0.500
dish_1564000490,caesar salad | cheese pizza | chicken,532.71,325.00,"A plate with a baked/cheesy item, sautéed vegetables with greens, and what appears to be sautéed mushrooms or similar proteins",430.00,350.00,0.200
dish_1564000459,cheese pizza | chicken,485.19,217.00,"A light meal consisting of what appears to be a small portion of lasagna or baked pasta dish with cheese topping, and a small portion of what looks like sautéed mushrooms or vegetables with herbs on a white square plate",225.00,135.00,0.333
dish_1564073641,sweet potato,49.77,52.00,Small portion of roasted sweet potato cubes on a white plate,45.00,75.00,1.000
dish_1564000536,chickpeas | cheese pizza | chicken | caesar salad,659.91,397.00,"Mixed plate with grilled protein, vegetables including cucumber salad, leafy greens with dressing, and what appears to be a flatbread or pizza slice",585.00,450.00,0.333
dish_1564073677,scrambled eggs | sweet potato,108.97,92.00,"Light meal consisting of scrambled eggs, roasted sweet potato cubes, and what appears to be a small portion of cereal or granola",280.00,170.00,0.667
dish_1564073716,scrambled eggs | sweet potato | egg whites,214.53,295.00,"A plate with three distinct food components: scrambled eggs, roasted sweet potato cubes, and mashed potatoes with black pepper seasoning",410.00,390.00,1.000
dish_1564073860,bacon,492.31,91.00,Plate of cooked bacon strips on a white square plate,320.00,55.00,1.000
dish_1564082212,pork | chicken,707.94,425.00,"Plate with breaded/fried protein items, mashed potatoes, and vegetables",570.00,315.00,0.000
dish_1564082323,caesar salad | pork | chicken,748.86,518.00,Fried protein with starch and vegetable side dish,925.00,510.00,0.200
dish_1564082462,pesto | pork | pasta | chicken,905.35,609.00,"Fried chicken meal with mashed potatoes, mixed green salad, and what appears to be roasted beet slices",695.00,420.00,0.143
dish_1564083480,grilled chicken,259.70,133.00,Light meal consisting of cubed tofu and dark red kidney beans on a white plate,140.00,170.00,0.000
dish_1564086602,cheese pizza,130.29,49.00,A single small piece of what appears to be a baked cereal bar or granola bar on a white plate,85.00,28.00,0.000
dish_1564083508,grilled chicken | cherry tomatoes,276.26,225.00,"A light plate consisting of sliced white cheese, cherry tomatoes (both red and dark/black varieties), and what appears to be sliced or torn white bread or crackers",360.00,310.00,0.250
dish_1564083534,cherry tomatoes | grilled chicken | bell peppers,309.06,307.00,"A plated salad featuring sliced red bell peppers, green bell peppers, red onion, and what appears to be shredded or pulled chicken breast on a white plate",135.00,210.00,0.500
dish_1564086624,cheese pizza | corn on the cob,217.29,131.00,Light snack consisting of crackers and what appears to be cheese crackers or similar savory items on a white plate,185.00,76.00,0.333
dish_1564086658,cheese pizza | corn on the cob | caesar salad,260.85,230.00,"A plated meal consisting of a green leafy salad, a piece of salmon or similar fish with reddish seasoning, and sliced rounds of what appears to be sweet potato or squash",345.00,310.00,0.000
dish_1564086709,cheese pizza | caesar salad | pasta | corn on the cob,393.27,307.00,"Plate with grilled salmon fillet, pesto pasta with greens, mixed green salad, and roasted corn slices",635.00,395.00,0.400
dish_1564159520,bacon,227.22,42.00,Two strips of cooked bacon on a white square plate,80.00,14.00,1.000
dish_1564086778,pork | cheese pizza | chicken | pasta | corn on the cob | caesar salad,645.80,437.00,"Plated meal consisting of pesto pasta with vegetables, roasted salmon fillet, sautéed mushrooms, and roasted potato rounds",665.00,460.00,0.111
dish_1564086748,chicken | pasta | corn on the cob | cheese pizza | caesar salad,443.77,339.00,"Balanced plate with grilled protein, roasted vegetables, and leafy green salad",650.00,460.00,0.333
dish_1564159588,turkey bacon | sausage | bacon,477.15,113.00,Plate of cooked bacon strips,280.00,32.00,0.333
dish_1564160043,bagels,245.00,98.00,"Single fried donut on a white square plate, appears to be a cake donut or old-fashioned style donut with a dark hole visible in the center",220.00,50.00,0.000
dish_1564159636,sausage | turkey bacon | bacon,487.87,134.00,"A plate of cooked bacon strips with what appears to be peas or green vegetables on the side, served on a white square plate",345.00,95.00,0.250
dish_1564160161,bagels,242.50,97.00,A single fried donut on a white square plate,280.00,65.00,0.000
dish_1564168695,pepperoni,385.01,78.00,Two slices of pepperoni pizza on a white square plate,680.00,263.00,0.250
dish_1564169197,sandwiches,116.45,50.00,Single slice of whole wheat bread on a white square plate,69.00,28.00,0.000
dish_1564168739,pepperoni | sandwiches,585.30,164.00,Light meal consisting of pepperoni pizza slices and whole wheat bread slices on a white plate,680.00,280.00,0.333
dish_1564169254,sandwiches | watermelon,161.75,201.00,Light meal consisting of a slice of whole wheat bread and fresh tomato slices on a white plate,95.00,113.00,0.000
dish_1564169298,tatsoi | sandwiches | watermelon,187.08,299.00,"Light meal consisting of whole grain bread, fresh vegetable salad with cucumber, tomato and herbs, and sliced tomato on the side",140.00,255.00,0.000
dish_1564169644,cheese pizza,433.42,163.00,Two slices of pizza on a white square plate,520.00,200.00,1.000
dish_1564169340,watermelon | sandwiches | chicken thighs | tortilla | cheese,657.52,518.00,"Plated meal consisting of a breaded and fried protein cutlet with vegetable accompaniments, fresh salad, bread, and tomato slices",525.00,405.00,0.125
dish_1564169878,tortilla | chicken thighs | cheese,732.51,341.00,A single serving of crispy fried noodles or potato pancake with tomato-based sauce on a white square plate,320.00,135.00,0.000
dish_1564169932,cheese | chicken thighs | tortilla,766.63,473.00,"Plate with crispy fried noodles/chow mein and fresh vegetable salad with diced cucumber, tomato, and green onions",425.00,235.00,0.000
dish_1564169958,tortilla | chicken thighs | cheese,787.78,563.00,"Plate with shredded protein preparation, roasted zucchini slices, and diced vegetable salad",380.00,360.00,0.200
dish_1564170071,onions,14.00,35.00,"Cooking preparation showing sliced red onions being sautéed in a stainless steel pan, with what appears to be cooked crispy shallots or fried onions on a white plate to the left",113.00,105.00,0.500
dish_1564170098,onions,50.80,67.00,"Cooking preparation showing sliced red onions being sautéed in a stainless steel pan, with what appears to be cooked carrots on a white plate to the left",60.00,115.00,0.500
dish_1564170141,onions | cherry tomatoes,62.68,133.00,"Cooking preparation with sliced onions, cherry tomatoes, and black olives in a stainless steel wok/pan on stovetop, with what appears to be crispy fried noodles on a plate to the side",385.00,380.00,0.667
dish_1564170010,tortilla | cheese | salmon | chicken thighs,1264.55,831.00,"Plate with crispy fried onion strings, roasted vegetables including zucchini and asparagus, and what appears to be a grain-based salad with diced vegetables and protein",570.00,440.00,0.000
dish_1564170283,cheese | chicken thighs | tortilla,646.59,301.00,"A single serving of what appears to be a hash brown or potato pancake with vegetables, served on a white square plate",185.00,95.00,0.000
dish_1564170474,zucchini | squash | broccoli,39.48,168.00,Sautéed zucchini and yellow squash pieces on a white plate,67.00,165.00,0.667
dish_1564170173,bell peppers | onions | cherry tomatoes,79.88,176.00,"Stir-fry meal in progress with vegetables being cooked in a wok/large pan, and what appears to be crispy fried noodles or similar preparation on a side plate",480.00,435.00,0.400
dish_1564170836,salmon | brown rice,240.16,135.00,A minimalist plated dish consisting of a fried or breaded protein item with garnish on a white square plate,222.00,88.00,0.000
dish_1564170542,salmon | brown rice,523.37,440.00,"A plated meal consisting of grilled or pan-seared meat with vegetables, including sliced zucchini and what appears to be a meat patty or cutlet with herbs",415.00,230.00,0.000
dish_1564170880,salmon | brown rice,348.56,230.00,"Plate with pan-seared protein, legume-based side dish, and fresh herb garnish on white square plate",313.00,215.00,0.000
dish_1564170923,kale | salmon | brown rice,378.82,319.00,"Plate with protein, legumes, and fresh greens",315.00,255.00,0.200
dish_1564171888,brown rice | salmon,345.13,194.00,"A small portion of what appears to be a meat-based dish with breadcrumbs or coating, garnished with green herbs/scallions, served on a white square plate",188.00,90.00,0.000
dish_1564170967,salmon | kale | brown rice,400.20,410.00,"Plate with grilled/pan-seared protein, legumes, roasted vegetables, and fresh leafy greens",570.00,470.00,0.167
dish_1564171935,salmon | brown rice,476.34,309.00,Plate with fried shrimp and a mixed grain/legume pilaf with vegetables,425.00,265.00,0.333
dish_1564171970,brown rice | salmon,498.82,396.00,"Mixed protein and grain bowl with meat preparation, lentils or legumes, and vegetable medley",515.00,380.00,0.000
dish_1564427406,grilled chicken,305.37,135.00,Diced chicken breast being cooked in a stainless steel pan on stovetop,165.00,110.00,1.000
dish_1564428102,arugula,133.22,107.00,Small portion of mixed green salad leaves on a white square plate,8.00,30.00,0.000
dish_1564427430,grilled chicken,345.62,170.00,Diced potatoes and red onions being sautéed in a stainless steel pan on a stovetop,115.00,200.00,0.000
dish_1564428144,arugula | quinoa,205.21,171.00,A plate with a breaded and baked protein item and a large portion of fresh green leafy vegetables,255.00,290.00,0.333
dish_1564171996,brown rice | salmon,519.50,484.00,"Mixed protein and vegetable plate with grains, featuring cooked meat, legumes, and sautéed vegetables",615.00,540.00,0.000
dish_1564427455,grilled chicken,354.26,218.00,"Sautéed vegetables in a pan consisting of diced mushrooms, cherry tomatoes, and what appears to be onions being cooked on a stovetop",153.00,345.00,0.000
dish_1564428181,quinoa | pork,510.05,320.00,"Plate with two protein patties, hash brown patties, and fresh leafy greens",415.00,280.00,0.000
dish_1564428404,pears,113.75,104.00,A small mixed green salad with leafy greens and what appears to be shredded carrots or beets on a white square plate,20.00,55.00,0.000
dish_1564428444,cauliflower,157.00,277.00,"A plate with sautéed leafy greens, cauliflower florets, and boiled potatoes",135.00,240.00,0.333
dish_1564428475,cauliflower | quinoa,261.62,370.00,"Plate with seared protein, sautéed leafy greens with vegetables, roasted cauliflower, and what appears to be a cauliflower or potato side dish",350.00,465.00,0.200
dish_1564428515,pork | quinoa | cauliflower,484.62,479.00,"A plate with grilled/seared meat, mixed green salad with beets, and boiled cauliflower florets",380.00,440.00,0.500
dish_1564429184,tempeh,389.66,202.00,"Plated dish with fried rice or grain-based preparation with protein, garnished with fresh green chili peppers and herbs",290.00,205.00,0.000
dish_1564429702,cauliflower,39.50,158.00,A small portion of mashed potatoes with what appears to be a small herb garnish on a white square plate,97.00,111.00,0.000
dish_1564429235,chickpeas | tempeh,479.76,253.00,"Asian-style meal with fried rice, stir-fried vegetable dish with leafy greens, and what appears to be a garnished protein element on top",410.00,380.00,0.000
dish_1564429270,chickpeas | tempeh,605.51,354.00,Mixed grain and protein dish with fresh green salad on white square plate,440.00,450.00,0.000
dish_1564429744,cauliflower | quinoa,282.48,374.00,"A plated meal consisting of mashed potatoes, a breaded and seasoned meat cutlet, and what appears to be a vegetable side dish with herbs",400.00,305.00,0.000
dish_1564429808,cauliflower | pork | quinoa,380.68,422.00,"Plate with mashed potatoes, breaded/crusted meat portions, and what appears to be a vegetable side or hash",665.00,470.00,0.000
dish_1564429843,cauliflower | quinoa | pork,395.73,474.00,"A plated meal consisting of breaded and fried meat cutlets, boiled potatoes, and what appears to be a vegetable side dish",595.00,470.00,0.200
dish_1564432094,pepperoni pizza,177.66,63.00,A single small piece of what appears to be pizza or flatbread with cheese and tomato sauce on a white plate,85.00,60.00,1.000
dish_1564432128,pepperoni pizza,217.03,102.00,Light meal consisting of a small mixed green salad and a slice of pizza on a white plate,235.00,135.00,0.500
dish_1564429894,quinoa | pork | cauliflower,498.77,566.00,"A plated meal consisting of mashed potatoes, breaded and glazed meat portions, couscous with raisins, and what appears to be roasted vegetables",1210.00,715.00,0.000
dish_1564432165,pepperoni pizza | pineapple,246.03,160.00,"A light plated meal consisting of a small protein portion, fresh green salad, boiled potatoes, and what appears to be a baked item with sauce",210.00,210.00,0.000
dish_1564432191,pepperoni pizza | cauliflower | pineapple,261.03,220.00,"Light meal consisting of a salad with mixed greens, roasted vegetables, cauliflower, and a slice of pizza on the side",290.00,255.00,0.500
dish_1564502063,bacon,497.72,92.00,Plate of cooked bacon strips,320.00,60.00,1.000
dish_1564503184,bacon,97.38,18.00,A minimalist meal consisting of a single chocolate or cocoa-based baked item on a white square plate,180.00,50.00,0.000
dish_1564432238,pepperoni pizza | pineapple | pork,455.39,315.00,"A plated meal consisting of grilled or roasted meat, roasted vegetables including potatoes and cauliflower, fresh salad greens, and what appears to be pizza or flatbread on the side",675.00,440.00,0.167
dish_1564503219,bacon | egg whites,213.86,242.00,Plate with mashed potatoes and what appears to be a beef stick or dried meat strip,280.00,255.00,0.000
dish_1564514906,white beans | fish,199.27,178.00,"Mixed grain and vegetable dish with protein, featuring rice or grain base with green beans, orange vegetables, and seasoning on a white square plate",220.00,185.00,0.200
dish_1564514953,white beans | fish | carrot,249.90,281.00,"Plated meal consisting of a rice-based casserole or pilaf with green beans, sliced carrots, and what appears to be a protein component",315.00,290.00,0.667
dish_1564514997,carrot | fish | white beans,381.11,396.00,"A plate with lentils, mashed potatoes with green beans, sliced carrots, and what appears to be a protein-based dish",345.00,320.00,0.500
dish_1564516366,,31.05,27.00,Small portion of dark beans on a white plate with a measurement scale visible,35.00,25.00,0.000
dish_1564516397,cherry tomatoes,36.81,59.00,"A white plate with cherry tomatoes, some whole and some appearing to be halved or cut, with green stems visible",27.00,150.00,1.000
dish_1564515049,carrot | white beans | broccoli | fish,431.64,611.00,"Plate with breaded/fried protein, potato-based side dish, and fresh vegetable garnishes including zucchini, cucumber, and red bell pepper slices",612.00,455.00,0.125
dish_1564516732,carrot,26.55,54.00,Small portion of sliced cooked carrots on a white square plate,35.00,85.00,1.000
dish_1564516429,fish | white beans,178.98,186.00,"Light Mediterranean-style meal with herb-seasoned protein, fresh vegetables, and olives on a white square plate",223.00,218.00,0.200
dish_1564516454,fish | chicken breast | white beans,311.14,266.00,"Mediterranean-style plate with herb-crusted protein, diced potatoes, cherry tomatoes, and olives",330.00,265.00,0.200
dish_1564516483,carrot | white beans | chicken breast | fish,364.23,374.00,"Mixed vegetable plate with what appears to be a grain or protein-based salad, roasted vegetables, and fresh vegetables arranged on a white square plate",348.00,355.00,0.143
dish_1564518454,cheese pizza,164.86,62.00,Minimal meal consisting of a single cracker on an empty white plate,110.00,28.00,0.000
dish_1564516760,chicken thighs | quinoa,442.73,329.00,Fried chicken with sliced carrots and onions on a white square plate,725.00,443.00,0.167
dish_1564518488,cheese pizza | chicken thighs,248.09,117.00,"Light meal consisting of flatbread/naan with what appears to be a spread or dip, accompanied by a smaller piece of similar bread",370.00,160.00,0.000
dish_1564518512,cheese pizza | chicken thighs | carrot,270.71,163.00,"Light appetizer plate with crackers, hummus, and sliced tomatoes",160.00,95.00,0.000
dish_1564518542,carrot | chicken thighs | cheese pizza,342.38,234.00,"Light meal consisting of a green salad with tomatoes, a slice of flatbread or pizza, and sliced tomatoes on a white square plate",273.00,235.00,0.200
dish_1564518850,frozen yogurt,194.33,119.00,"A bowl containing what appears to be a brown liquid or soup, possibly broth, coffee, or a dark beverage, photographed from above on what looks like a scale or measurement device",15.00,240.00,0.000
dish_1564518586,carrot | cheese pizza | chicken thighs,361.41,315.00,"A plated meal consisting of mixed greens salad with vegetables, sliced zucchini, sliced carrots, whole grain crackers, and what appears to be a protein spread or pâté",238.00,285.00,0.143
dish_1564588483,sausage,175.75,51.00,A white square plate containing approximately 6 meatballs and a small piece of what appears to be cheese or bread,205.00,100.00,0.000
dish_1564588533,sausage | egg whites,236.07,167.00,"A plate containing scrambled eggs, what appears to be cauliflower or similar vegetable, and sliced sausage/pepperoni",355.00,225.00,0.667
dish_1564588688,sausage,148.18,43.00,"A white square plate containing 4 small reddish-brown round objects, likely nuts or dried fruits, placed on what appears to be a kitchen scale or measurement device",28.00,12.00,0.000
dish_1564588719,chilaquiles | sausage,222.28,81.00,Plate with fried potato chips/crisps and what appears to be small cooked potatoes or similar root vegetables,230.00,95.00,0.000
dish_1564588567,sausage | scrambled eggs | egg whites,450.67,312.00,"Breakfast plate with scrambled eggs, hash browns, sausage slices, and what appears to be mashed potatoes or cauliflower mash",650.00,345.00,0.500
dish_1564588820,egg whites,81.12,156.00,Small portion of cooked cauliflower florets with seasoning on a white plate,35.00,85.00,0.000
dish_1564588919,milk | greek yogurt | egg whites | sweet potato | chia seeds,335.94,452.00,"A plated meal consisting of cauliflower, sliced potatoes, whole grain bread, and blueberries arranged on a white square plate",285.00,310.00,0.143
dish_1564589025,sweet potato,48.81,51.00,Small portion of roasted potato wedges on a white square plate,85.00,60.00,1.000
dish_1564588889,egg whites | greek yogurt | chia seeds | milk,234.49,346.00,"A plate with cauliflower, white cheese or mozzarella, black grapes, and what appears to be whole wheat or multigrain bread arranged to form a face-like design",290.00,270.00,0.000
dish_1564589308,roasted potatoes,227.01,161.00,Plate of fried potato wedges/chunks on a white square plate,285.00,150.00,1.000
dish_1564588859,egg whites | greek yogurt | milk | chia seeds,183.59,257.00,"A plated meal consisting of mashed potatoes with seasoning, a gray/dark colored grain or legume-based item (possibly teff or poppy seed preparation) with vegetable garnish, and what appears to be a black olive",263.00,244.00,0.000
dish_1564589072,sweet potato | chilaquiles,419.31,241.00,"Plated dish featuring fried potato wedges/chunks with what appears to be seasoned protein (possibly shrimp or fish) and a white creamy sauce or accompaniment, garnished with fresh herbs",650.00,348.00,0.200
dish_1564590115,sweet potato,115.81,121.00,Small portion of fried potato cubes on a white square plate,95.00,60.00,1.000
dish_1564589366,egg whites | roasted potatoes,324.25,348.00,Simple meal consisting of mashed potatoes with black pepper seasoning and roasted potato cubes,340.00,340.00,0.333
dish_1564590146,watermelon | sweet potato,141.01,205.00,A plate with roasted potato cubes and red bell pepper strips,213.00,280.00,0.333
dish_1564590190,sweet potato | watermelon,194.02,298.00,"Breakfast or brunch plate with roasted potatoes, fresh berries, and what appears to be grapefruit segments",234.00,360.00,0.333
dish_1564590254,pineapple | watermelon | cantaloupe | sweet potato,248.54,432.00,"Mixed fruit and vegetable platter with roasted potatoes, fresh fruits, and cheese",440.00,520.00,0.286
dish_1564590226,watermelon | sweet potato | cantaloupe,220.54,376.00,"A plate with roasted potatoes, fresh fruit (strawberries, blueberries, orange segments), red bell pepper strips, and what appears to be a small portion of cheese or dairy product on a side plate",327.00,420.00,0.167
dish_1564590288,pineapple | watermelon | egg whites | cantaloupe | sweet potato,464.86,848.00,"Breakfast or brunch plate with mashed potatoes, roasted potatoes, fresh vegetables, and what appears to be scrambled eggs or egg whites with cheese",720.00,670.00,0.333
dish_1564601470,turnips,15.84,73.00,Minimalist meal consisting of sliced cheese on a white plate,140.00,50.00,0.000
dish_1564590352,pineapple | cantaloupe | salsa | watermelon | sweet potato | egg whites,497.92,962.00,"Mixed plate with protein, mashed potatoes, roasted vegetables, and fresh fruit",965.00,855.00,0.100
dish_1564601528,turnips | roasted potatoes,142.74,163.00,"A minimalist plated meal consisting of sliced white cheese, roasted potato cubes, and what appears to be sautéed zucchini with herbs on a white square plate",320.00,215.00,0.250
dish_1564601569,turnips | roasted potatoes | brussels sprouts,208.10,291.00,"Vegetable-focused plate with roasted potatoes, Brussels sprouts, sautéed zucchini, and fresh mozzarella cheese",350.00,315.00,0.333
dish_1564605293,cheese pizza,404.17,152.00,Three rectangular pieces of what appears to be focaccia or flatbread with herbs and possibly tomato sauce on a white square plate,420.00,150.00,0.000
dish_1564601600,chicken | brussels sprouts | roasted potatoes,600.80,434.00,"Plate with roasted vegetables, protein, and starches including Brussels sprouts, roasted potatoes, cheese, and what appears to be a meat-based dish with rice",617.00,463.00,0.333
dish_1564601638,chicken | roasted potatoes | fish | brussels sprouts,712.46,541.00,"Mixed plate with roasted vegetables, protein items, and starches. Includes roasted Brussels sprouts, zucchini, what appears to be a meat patty or protein cake with cheese, potato or starch base, and fresh mozzarella or cheese slices.",680.00,485.00,0.286
dish_1564675060,watermelon,23.10,77.00,Minimal meal consisting of diced watermelon pieces on a white square plate,23.00,85.00,1.000
dish_1564675118,watermelon | sweet potato,177.19,238.00,A light meal consisting of fried potato cubes and fresh tomato slices on a white square plate,200.00,190.00,0.333
dish_1564605328,cheese pizza,541.24,349.00,"Plated meal with three pieces of topped toast/bread, fresh vegetable salad with greens, zucchini, eggplant, and red pepper",400.00,385.00,0.000
dish_1564675157,grapes | watermelon | sweet potato,208.93,284.00,"A plated meal consisting of fried potato chunks, fresh red bell pepper pieces, and red grapes",238.00,240.00,0.500
dish_1564675193,grapes | egg whites | sweet potato,478.81,803.00,"A plate containing mashed potatoes, roasted potato cubes, and fresh vegetables (tomatoes and grapes)",380.00,475.00,0.500
dish_1564675380,turkey bacon,87.33,23.00,A white plate containing a single hot dog/sausage with what appears to be a reddish-brown coating or sauce,240.00,80.00,0.000
dish_1564685144,green beans,26.16,50.00,A small portion of cooked green beans on a white square plate,28.00,75.00,1.000
dish_1564675411,egg whites | turkey bacon,235.53,308.00,"A plate containing bacon strips, mashed potatoes with gravy, and what appears to be a meat-based side dish",540.00,270.00,0.250
dish_1564675240,grapes | egg whites | sweet potato,502.88,886.00,"Plate with mashed potatoes, processed meat patties, roasted potato cubes, and fresh fruit (grapes and watermelon)",715.00,585.00,0.400
dish_1564685360,millet,304.05,129.00,A small portion of ground meat mixture with vegetables on a white square plate,95.00,75.00,0.000
dish_1564685183,green beans,127.11,150.00,Mixed green salad with vegetables on a white square plate,43.00,130.00,0.250
dish_1564685406,bell peppers | cherry tomatoes | ketchup | spinach (raw) | onions | lime | lettuce | cucumbers | millet,367.65,192.00,Plated meat dish with vegetable garnish on white square plate,535.00,210.00,0.000
dish_1564685229,green beans | cherry tomatoes | bell peppers | lime | ketchup | spinach (raw) | millet | onions | lettuce | cucumbers,591.44,347.00,Mixed green salad with cooked meat protein and vegetable toppings on a white square plate,283.00,340.00,0.333
dish_1564685450,pizza,623.01,288.00,"Plated dish with seared meat, melted cheese, fresh greens and microgreens garnish on a white square plate",440.00,195.00,0.000
dish_1564686657,cheese pizza,279.19,105.00,Single slice of pizza with cheese and red onion on a white square plate,280.00,110.00,1.000
dish_1564686702,cheese pizza,307.94,130.00,"A plated meal consisting of a baked pasta roll with cheese and tomato sauce filling, and a small portion of black olives on the side",255.00,165.00,1.000
dish_1564685482,pizza | brownies,851.40,337.00,"Plated dish with seasoned ground meat, melted cheese with toppings, crispy flatbread chips, and microgreens garnish on a white square plate",420.00,178.00,0.000
dish_1564686740,cheese pizza,399.80,221.00,A plated meal consisting of a baked/grilled protein with vegetables and a fresh salad with dark leafy greens and root vegetables,375.00,375.00,0.000
dish_1564686832,brownies | chicken breast | cheese pizza,829.74,392.00,"Plated meal with pizza/focaccia bread, mixed green salad with vegetables, diced poultry protein, and what appears to be a dark bread chip or cracker",410.00,335.00,0.400
dish_1564686855,brownies | chicken breast | cheese pizza,1030.16,435.00,"A plated meal consisting of a slice of flatbread with toppings, mixed green salad with vegetables, chunks of white cheese, and dark crackers",505.00,280.00,0.167
dish_1564686966,ketchup | millet | bell peppers | spinach (raw) | onions,153.20,65.00,Minimal meal consisting of a small portion of cooked meat on a white square plate,85.00,45.00,0.000
dish_1564686791,chicken breast | cheese pizza,601.35,343.00,"Plated meal with pizza/flatbread, mixed green salad with vegetables, and diced poultry protein",450.00,355.00,0.500
dish_1564687013,fish | ketchup | white rice,330.84,224.00,Plated meal consisting of sliced cooked beef with a vegetable medley on a white square plate,375.00,220.00,0.000
dish_1564687046,white rice | green beans | ketchup | fish,374.79,308.00,"Plated meal with sliced steak, roasted vegetables, and steamed green beans",360.00,310.00,0.167
dish_1564687090,fish | white rice | ketchup | green beans,498.02,416.00,"Balanced plate meal containing grilled steak, roasted vegetables, and green beans",500.00,360.00,0.167
dish_1564688969,cheese pizza,239.31,90.00,Two slices of cheese pizza on a white square plate,520.00,200.00,1.000
dish_1564689078,spinach (raw),72.36,55.00,A minimalist salad plate with mixed greens and black olives,30.00,52.00,0.000
dish_1564689108,chickpeas | arugula,203.66,159.00,"A salad bowl with mixed greens, chickpeas, and sliced apple on a white square plate",201.00,275.00,0.500
dish_1564689138,chickpeas,268.27,223.00,"A vegetarian salad bowl with mixed greens, chickpeas, and sliced vegetables on a white square plate",203.00,325.00,0.167
dish_1564689168,tofu | chickpeas,352.95,339.00,"A Mediterranean-style salad with tofu, chickpeas, mixed greens, and vegetables on a white plate",485.00,520.00,0.286
dish_1564690038,lentils,92.34,81.00,Small portion of what appears to be sautéed or stir-fried vegetables with dark leafy greens and possibly mushrooms on a white plate,80.00,105.00,0.000
dish_1564689219,chickpeas | lentils | tofu,506.85,474.00,"A vegetarian salad bowl with mixed greens, roasted chickpeas, cubed tofu, and fresh vegetables with what appears to be a whole grain wrap on the side",645.00,455.00,0.222
dish_1564690138,lentils | green beans | chickpeas,190.50,181.00,A plated dish consisting of roasted green beans with chickpeas and what appears to be roasted root vegetables or mushrooms on a white plate,165.00,210.00,0.500
dish_1564690085,lentils | chickpeas,170.62,143.00,"Small plated dish with sautéed dark leafy greens (appears to be kale or similar), chickpeas, and sprouts on a white square plate",142.00,180.00,0.250
dish_1564690167,lentils | chickpeas,251.78,207.00,"Plate with grilled/seared protein, green beans, and legume-based side dish",505.00,350.00,0.250
dish_1564691380,green beans | corn on the cob,96.26,111.00,A plate with cooked green beans and two sliced tomato rounds on a white square plate,54.00,195.00,0.333
dish_1564690194,white rice | fish | ketchup | lentils,500.92,430.00,"Plated dish with crispy fried shrimp, green beans, corn, and garnishes on a white rectangular plate",265.00,220.00,0.000
dish_1564691420,corn on the cob | green beans,212.35,226.00,"A plate with steamed green beans, sautéed mixed greens with vegetables, and sliced yellow bell pepper",105.00,315.00,0.250
dish_1564761388,egg whites,54.60,105.00,A small portion of mashed potatoes on a white square plate,72.00,85.00,0.000
dish_1564691450,corn on the cob,542.33,366.00,"Plate with sliced meat, green beans, mixed green salad, and sliced yellow squash",385.00,420.00,0.000
dish_1564761426,egg whites | fried rice,207.57,202.00,"A simple meal consisting of mashed potatoes and what appears to be a grain-based side dish, likely hash or crumbled cereal",205.00,170.00,0.000
dish_1564773826,cherry tomatoes,10.08,56.00,"Plate with cherry tomatoes, appears to be a minimal appetizer or side dish",15.00,85.00,1.000
dish_1564761457,fried rice | turkey bacon | egg whites,287.31,223.00,"A plate with mashed potatoes, a brown protein item (possibly a sausage or hot dog), and what appears to be a grain-based side dish with a golden-brown color",590.00,340.00,0.200
dish_1564761488,turkey bacon | egg whites | fried rice | honeydew melons,327.99,336.00,"A plate containing mashed potatoes, brown rice, sliced sausage, and diced apple",665.00,420.00,0.143
dish_1564773847,salmon | mayonnaise | lentils,238.03,161.00,"Light meal consisting of sliced tomatoes, what appears to be a grilled or baked vegetable preparation (possibly zucchini or eggplant), and bread or flatbread on the side",130.00,185.00,0.000
dish_1564773876,salmon | lentils | broccoli | mayonnaise,258.33,219.00,"A plated meal consisting of cherry tomatoes, broccoli florets, and what appears to be grilled or pan-seared meat on a white square plate",230.00,270.00,0.167
dish_1564773903,salmon | pineapple | mayonnaise | broccoli,316.83,336.00,"Plate with fried potatoes, sliced red peppers, steamed broccoli, and grilled or pan-fried meat",390.00,345.00,0.143
dish_1564774773,broccoli,50.14,90.00,Small portion of cooked broccoli florets on a white square plate,35.00,85.00,1.000
dish_1564773942,salmon | chicken breast | mayonnaise | pineapple,491.94,442.00,"A balanced plate with grilled protein, roasted vegetables, fresh broccoli, and sliced potato. Appears to be a clinical/hospital meal with good nutritional variety.",435.00,410.00,0.125
dish_1564774805,mayonnaise | salmon | lentils,621.09,353.00,Grilled or pan-seared protein with steamed broccoli florets on a white square plate,215.00,205.00,0.000
dish_1564773976,chicken breast | mayonnaise | salmon | pineapple,516.09,463.00,"A balanced plate meal with protein, vegetables, and starches. Includes grilled chicken, roasted potatoes, fresh broccoli, red bell peppers, dark olives, and what appears to be a grain or legume salad.",500.00,485.00,0.125
dish_1564775147,salmon | mayonnaise | lentils,327.81,151.00,Two small pieces of what appears to be breaded and fried potato or vegetable patties on a white square plate,95.00,65.00,0.000
dish_1564775182,salmon | lentils | mayonnaise | broccoli,398.00,277.00,A plated meal consisting of cooked broccoli florets and what appears to be seared or pan-fried protein (possibly chicken or fish) on a white square plate,155.00,205.00,0.200
dish_1564775216,salmon | mayonnaise | broccoli | beef,530.60,340.00,Grilled or pan-seared meat with roasted broccoli florets on a white square plate,225.00,205.00,0.500
dish_1564777933,cheese pizza,103.70,39.00,A single piece of what appears to be a cheese and tomato-based flatbread or pizza slice on a white plate,185.00,90.00,1.000
dish_1564777960,cheese pizza | beef,331.01,147.00,"A plate with what appears to be a piece of flatbread or naan with red seasoning/spices, and several pieces of roasted or cooked meat",300.00,145.00,0.000
dish_1564777986,cheese pizza | broccoli | beef,372.23,221.00,"A plated meal consisting of a protein with sauce, roasted potatoes, and steamed broccoli",315.00,295.00,0.200
dish_1565020755,bacon,43.28,8.00,Single strip of cooked bacon on a white plate,85.00,12.00,1.000
dish_1564778030,cheese pizza | broccoli | beef,504.42,283.00,"Plated meal consisting of a flatbread with tomato topping, roasted meat slices, roasted broccoli, and mixed green salad",520.00,325.00,0.500
dish_1564778057,rice noodles | beef | cheese pizza,575.19,377.00,"Plate with grilled meat, roasted broccoli, coleslaw salad, what appears to be naan or flatbread, and possibly some cheese or tofu cubes",855.00,460.00,0.333
dish_1565020822,egg whites | sweet potato,180.56,193.00,A plate with crispy bacon strips and scrambled or mashed eggs,460.00,130.00,0.333
dish_1565020796,egg whites,90.60,99.00,Simple breakfast plate with scrambled eggs and bacon,260.00,110.00,0.500
dish_1565020867,egg whites | sweet potato,255.80,325.00,"A small plate with fresh berries and cheese - appears to be a light snack or dessert with raspberries, blackberries, apricots, and what appears to be whipped cream or ricotta cheese on a white plate",129.00,115.00,0.000
dish_1565021054,tofu | waffles,263.75,144.00,"Waffles with what appears to be a crumbly topping, possibly granola or a grain-based mixture, served on a white square plate",370.00,140.00,0.333
dish_1565020926,sweet potato | grapes | greek yogurt | egg whites | milk,398.50,489.00,"A dessert or snack plate featuring fresh berries, cubed fruit, and what appears to be whipped cream or yogurt with powdered sugar",200.00,285.00,0.125
dish_1565020895,egg whites | milk | greek yogurt | sweet potato,348.13,416.00,"A mixed fruit and protein plate with berries, tropical fruits, cheese, and what appears to be a rice cake or wafer",189.00,230.00,0.000
dish_1565021104,waffles | tofu | egg whites,291.31,197.00,Waffles with whipped cream and what appears to be a granola or cereal topping,595.00,195.00,0.200
dish_1565021141,waffles | egg whites | sausage | tofu,467.05,248.00,"Breakfast plate with waffles, scrambled eggs with vegetables, whipped cream, and chocolate chips",630.00,270.00,0.333
dish_1565021599,egg whites,206.96,398.00,Plate with mashed potatoes and what appears to be roasted vegetables on the side,260.00,260.00,0.000
dish_1565021185,waffles | egg whites | sausage | tofu,481.50,296.00,"Breakfast meal consisting of waffles with toppings, bacon, sausage links, and whipped cream with hash browns",1080.00,380.00,0.286
dish_1565021640,egg whites | sweet potato,304.58,500.00,A plate with roasted sweet potato cubes and mashed potatoes,335.00,400.00,0.500
dish_1565021220,egg whites | sweet potato | waffles | tofu | sausage,543.71,361.00,"Breakfast plate with waffles, bacon, sausage, hash browns, whipped cream, and fruit",960.00,390.00,0.375
dish_1565021675,sweet potato | egg whites | honeydew melons,331.58,575.00,"A plate with mashed potatoes as the base, topped with roasted sweet potato cubes, and fresh apple slices (appears to be green and orange varieties)",330.00,390.00,0.250
dish_1565021965,egg whites,92.04,177.00,Diced cooked potato on a white plate,95.00,150.00,0.000
dish_1565022027,sweet potato | egg whites,178.18,267.00,"A plate containing diced white potatoes, diced roasted sweet potatoes, arranged separately on a white square plate",110.00,235.00,0.333
dish_1565021714,egg whites | honeydew melons | sweet potato,381.17,662.00,"Mixed vegetable and protein plate with cauliflower, roasted sweet potato, fresh fruits, and what appears to be cheese or tofu",249.00,380.00,0.167
dish_1565023128,granola,41.59,32.00,Mixed green salad with dark leafy greens on a white square plate,20.00,60.00,0.000
dish_1565022062,egg whites | sweet potato,234.61,366.00,"A plate with diced cauliflower, roasted sweet potato cubes, and mixed berries (raspberries and blackberries)",205.00,345.00,0.333
dish_1565023182,scrambled eggs | bacon,638.71,308.00,"Breakfast plate with scrambled eggs, bacon strips, and mixed salad greens on a white square plate",415.00,190.00,1.000
dish_1565023157,scrambled eggs,379.03,260.00,A plated dish consisting of a golden-brown fried seafood item (likely shrimp or calamari) served over mixed salad greens on a white square plate,305.00,200.00,0.000
dish_1565024707,turkey bacon | scrambled eggs,299.30,149.00,Breakfast plate with bacon strips and scrambled eggs,400.00,140.00,1.000
dish_1565024675,turkey bacon,129.10,34.00,Two strips of cooked bacon with what appears to be cheese or egg pieces on a white square plate,225.00,43.00,0.500
dish_1565024741,turkey bacon | scrambled eggs | roasted potatoes,359.93,192.00,"Breakfast plate with bacon, scrambled eggs with diced potatoes, and hash browns",580.00,293.00,0.750
dish_1565030350,lettuce | lime | cucumbers | onions | cherry tomatoes,62.59,62.00,A small mixed green salad with leafy greens and red stems on a white square plate,20.00,75.00,0.000
dish_1565030391,white rice | beef,609.33,313.00,A plate with mixed greens salad and what appears to be a grain-based or legume-based side dish with vegetables,240.00,305.00,0.250
dish_1565031283,beef | white rice,252.68,116.00,A plated dish with what appears to be a grain-based preparation (possibly risotto or rice pilaf) with asparagus and garnish on a white square plate,210.00,175.00,0.250
dish_1565031338,beef | white rice | caesar salad,296.24,215.00,Mixed vegetable stir-fry with leafy greens and what appears to be a protein-based mixture with vegetables,135.00,220.00,0.000
dish_1565031376,beef | cauliflower | caesar salad,319.49,308.00,"A plate containing a mixed meat and vegetable dish, green leafy salad, and boiled cauliflower florets",240.00,300.00,0.200
dish_1565032680,figs | arugula,280.28,208.00,A plated vegetable dish consisting of sliced carrots arranged around mixed greens and herbs on a white square plate,52.00,140.00,0.250
dish_1565033085,,15.40,55.00,"Mixed green salad with various leafy greens including lettuce and darker leafy vegetables, served on a white plate",35.00,120.00,0.000
dish_1565032714,figs | squash | arugula,315.59,330.00,"Roasted vegetables including potatoes, carrots, zucchini, and green beans with what appears to be minced garlic or onion garnish on a white square plate",183.00,335.00,0.000
dish_1565033110,broccoli,47.60,147.00,"A plate of mixed raw and lightly cooked vegetables, primarily consisting of broccoli florets and mixed salad greens",123.00,300.00,0.500
dish_1565032748,beef | arugula | figs,544.31,435.00,"Plated meal with sliced red meat, roasted root vegetables, and fresh green salad leaves on a white square plate",447.00,430.00,0.143
dish_1565033189,chicken | broccoli,578.10,507.00,"Mixed salad bowl with broccoli, leafy greens, red cabbage, and cubed chicken or tofu protein",265.00,400.00,0.500
dish_1565033265,chicken,1324.08,625.00,"Mixed vegetable dish with broccoli, mushrooms, and diced tofu on a white plate",225.00,400.00,0.000
dish_1565033220,chicken,908.60,578.00,"A salad bowl with broccoli, leafy greens, cubed tofu, sliced mushrooms, red cabbage, and what appears to be a peanut or tahini-based sauce",348.00,520.00,0.000
dish_1565034234,cauliflower,43.75,175.00,Small portion of mashed or cauliflower puree on a white square plate,45.00,70.00,1.000
dish_1565034281,roasted potatoes | cauliflower,228.46,306.00,Simple meal consisting of mashed potatoes and sautéed mushrooms on a white square plate,130.00,180.00,0.333
dish_1565034330,cauliflower | beef | roasted potatoes,614.02,483.00,"A plate with mashed potatoes, sautéed leafy greens with mushrooms, and what appears to be a breaded/crusted protein item",415.00,360.00,0.200
dish_1565034605,lettuce | lime | cucumbers | onions | cherry tomatoes,52.49,52.00,Small portion of sautéed mixed vegetables on a white square plate,71.00,90.00,0.000
dish_1565034635,arugula,124.09,110.00,Mixed green salad with leafy greens and diced vegetables on a white square plate,38.00,125.00,0.333
dish_1565034661,cheese pizza,219.81,146.00,A plated meal consisting of a baked salmon fillet with tomato topping served alongside sautéed green leafy vegetables with diced carrots,330.00,230.00,0.000
dish_1565033139,broccoli,193.65,274.00,"Mixed salad plate with dark leafy greens, fresh broccoli florets, and red kidney beans on a white plate",155.00,280.00,0.333
dish_1565035715,onions,15.60,39.00,A plate containing sliced red onion,18.00,60.00,1.000
dish_1565034681,cheese pizza | pizza,323.55,185.00,"Plated meal with two pan-seared protein portions topped with a glaze, served on a bed of mixed green vegetables",370.00,325.00,0.000
dish_1565035746,onions | cauliflower,43.10,149.00,A simple meal consisting of mashed potatoes and sliced red onion on a white square plate,113.00,165.00,0.333
dish_1565035774,onions | cauliflower | bell peppers,57.50,185.00,"A plated dish with roasted cauliflower, sautéed green beans, and sliced red onion on a white square plate",95.00,245.00,0.500
dish_1565035802,onions | cherry tomatoes | cauliflower | bell peppers,69.20,250.00,"Raw vegetable platter with cauliflower, tomatoes, bell pepper, and red onion on a white square plate",78.00,275.00,1.000
dish_1565035830,chicken breast | cauliflower,340.13,414.00,"Protein salad bowl with diced chicken breast, boiled cauliflower, raw vegetables (tomatoes, bell peppers, red onions) on a white plate",237.00,390.00,0.400
dish_1565036788,cheese pizza,186.13,70.00,A single cracker or flatbread on a white plate,65.00,15.00,1.000
dish_1565035858,chicken breast | watermelon | cauliflower,375.23,531.00,"Protein-based meal with cubed chicken breast, cauliflower, and fresh vegetable medley including red bell peppers, tomatoes, cucumber, and red onion on a white plate",456.00,620.00,0.286
dish_1565036821,beef | cheese pizza,325.54,134.00,"A plate with what appears to be a tomato-based dish with cheese and a garnish of basil, served on a white square plate",172.00,107.00,0.250
dish_1565107066,scrambled eggs,127.28,86.00,A white square plate with a small portion of what appears to be scrambled eggs or an egg-based dish in the upper right corner,85.00,40.00,1.000
dish_1565036890,roasted potatoes | beef | cheese pizza | chicken thighs,520.86,260.00,"Mixed meal with roasted vegetables, protein, and what appears to be pizza or flatbread with cheese",515.00,320.00,0.750
dish_1565036953,chicken thighs | caesar salad | beef | roasted potatoes | cheese pizza,586.94,443.00,"Mixed plate with roasted vegetables, potato salad, sausage, processed meat, and what appears to be flatbread or pizza",935.00,525.00,0.429
dish_1565036922,chicken thighs | roasted potatoes | cheese pizza | beef,539.86,336.00,"Mixed plate with mashed potatoes, roasted vegetables, protein items including what appears to be salmon or fish fillet, and processed meat",735.00,490.00,0.125
dish_1565107092,scrambled eggs | egg whites,313.44,444.00,A plate with mashed potatoes and two baked goods - one cheese cracker and one plain cracker or biscuit,290.00,235.00,0.000
dish_1565107143,watermelon | egg whites | scrambled eggs | sweet potato,454.27,655.00,"A plate with roasted potatoes, mashed potatoes, a breaded/fried cutlet or patty with red pepper pieces on top, and what appears to be a cheese or corn-based side dish",650.00,480.00,0.167
dish_1565107119,sweet potato | scrambled eggs | egg whites,426.37,562.00,"A plate with roasted potatoes, mashed potatoes, corn muffin, and what appears to be a small piece of meat or protein",415.00,275.00,0.250
dish_1565107171,sweet potato | scrambled eggs | egg whites | watermelon | grapes,501.88,724.00,"Mixed plate with protein, starches, fruits, and vegetables including grapes, watermelon, potatoes, corn, and what appears to be poultry or meat",595.00,655.00,0.500
dish_1565107211,sweet potato | scrambled eggs | egg whites | watermelon | grapes,523.63,799.00,"Mixed breakfast/brunch plate with fresh fruits, cheese, cured meats, crackers, and potatoes",408.00,350.00,0.429
dish_1565109606,sweet potato,89.96,94.00,Roasted potato wedges on a white square plate,185.00,130.00,1.000
dish_1565109637,sweet potato | egg whites,172.64,253.00,Simple meal consisting of roasted potato wedges and mashed potatoes on a white square plate,405.00,350.00,0.333
dish_1565117429,cheese pizza,390.87,147.00,"Pizza slices with cheese and tomato topping on a white plate, appears to be a light meal or appetizer",420.00,180.00,1.000
dish_1565109659,sweet potato | bacon | egg whites,226.74,263.00,A plate with fried potato wedges/chips and mashed potatoes with what appears to be a dark sauce or gravy drizzle,505.00,320.00,0.200
dish_1565117463,caesar salad | cheese pizza,435.31,248.00,A plate with three slices of cheese pizza and a side of Caesar salad,600.00,300.00,1.000
dish_1565117892,tuna,132.60,102.00,Asian-style stir-fried dish with ground meat and vegetables served on white plates,410.00,235.00,0.000
dish_1565117934,chicken breast | tuna,352.32,235.00,"Asian-style dish with diced chicken breast, fried rice with visible carrots, and what appears to be crispy fried onions or shallots on top",530.00,315.00,0.250
dish_1565117990,tuna | chicken breast | cheese pizza,582.00,380.00,"A plated meal consisting of a cheese-filled crepe or thin pancake with tomato sauce, a portion of brown rice pilaf with vegetables, and sautéed bell peppers and green beans",545.00,380.00,0.200
dish_1565117962,chicken breast | bell peppers | tuna,379.92,304.00,"Asian-style rice dish with diced tofu, mixed vegetables (bell peppers and green peppers), and what appears to be fried rice with vegetables mixed throughout",408.00,395.00,0.200
dish_1565118029,chicken breast | cheese pizza | tuna,595.14,453.00,"Plated meal consisting of a breaded and topped protein filet, seasoned rice pilaf, and fresh vegetable medley including bell peppers, tomatoes, and cucumber",570.00,520.00,0.143
dish_1565118067,chicken breast | tuna | cheese pizza,623.43,522.00,"Asian-style meal with two spring rolls, seasoned rice, shredded carrots, and mixed vegetable strips (bell peppers and green beans)",460.00,320.00,0.000
dish_1565118700,chard | kale,16.66,49.00,A minimalist plated dish with sautéed greens and diced red beets on a white square plate,75.00,70.00,0.000
dish_1565118096,chicken breast | tuna | cheese pizza | pineapple,656.43,588.00,"Mixed plate with protein, grains, and vegetables including what appears to be chicken enchilada or similar poultry dish with cheese, rice pilaf, shredded carrots, and assorted raw vegetables",675.00,520.00,0.125
dish_1565118729,beef | millet,435.49,248.00,"A plated meal consisting of sliced cooked meat, leafy greens, and what appears to be a small piece of beet or root vegetable on a white square plate",200.00,140.00,0.250
dish_1565119418,cheese pizza,324.40,122.00,"Small portion of what appears to be a baked cheese and vegetable casserole or frittata with melted cheese on top, served on a white square plate",185.00,95.00,1.000
dish_1565118782,beef | millet,557.52,353.00,Mixed green salad with sliced cooked meat and roasted vegetables on a white square plate,360.00,295.00,0.200
dish_1565118999,lettuce | feta cheese,200.39,288.00,"Mixed green salad with leafy greens, purple/red vegetables, cherry tomatoes, and what appears to be crumbled cheese on a white square plate",108.00,240.00,0.400
dish_1565119464,cheese pizza | beef,504.07,223.00,"A plated meal consisting of cooked meat, a starchy/cheese-based item, and fresh leafy greens with red accents on a white square plate",455.00,280.00,1.000
dish_1565119439,beef | cheese pizza,465.41,189.00,"A meal consisting of what appears to be a meat dish (possibly beef or liver), a starchy item (possibly potato or cassava), and a protein item (possibly cheese or tofu-based preparation) on a white square plate",300.00,155.00,0.667
dish_1565119493,beef | cheese pizza,529.14,280.00,"Mixed protein and vegetable plate with meat, baked item with cheese topping, and fresh salad greens",495.00,390.00,0.667
dish_1565119642,kale | chard,26.52,78.00,"A small salad portion consisting of leafy greens with what appears to be roasted beets, served on a white square plate",43.00,80.00,0.333
dish_1565119669,kale | zucchini | chard | chayote squash,55.97,229.00,"A plated meal consisting of roasted potatoes, sautéed kale, and what appears to be roasted beets or red vegetables on a white square plate",175.00,245.00,0.167
dish_1565123783,cheese pizza,93.06,35.00,Minimal meal consisting of a single matzo cracker on a white plate,110.00,28.00,0.000
dish_1565119698,zucchini | kale | beef | chayote squash,222.24,308.00,"Plated meal with roasted meat, sautéed potatoes, leafy greens, and what appears to be beets",370.00,330.00,0.333
dish_1565119739,beef,396.80,461.00,"A plated meal consisting of sautéed leafy greens, couscous or similar grain, sliced potatoes, and what appears to be sliced meat or protein, arranged on a white plate",395.00,360.00,0.000
dish_1565123816,beef | cheese pizza,250.92,110.00,Partial meal view showing what appears to be matzo or flatbread with spreads on a white plate,205.00,48.00,0.000
dish_1565123845,cheese pizza | beef,268.66,201.00,"A plate with sliced deli meat, matzo or unleavened bread, and roasted vegetables including potatoes and what appears to be zucchini or eggplant",360.00,243.00,0.000
dish_1565194684,egg whites,196.56,378.00,Meal with diced potatoes and what appears to be roasted red peppers or tomatoes on white plates,220.00,300.00,0.000
dish_1565194752,sweet potato | egg whites,322.89,510.00,A meal consisting of diced white potatoes and roasted red/orange peppers on a white square plate,180.00,285.00,0.500
dish_1565123881,caesar salad | cheese pizza | beef,406.82,515.00,"A plated meal consisting of a creamy herb salad, sliced meat protein, roasted vegetables, and what appears to be matzo or flatbread",725.00,445.00,0.143
dish_1565194781,sweet potato | carrot | egg whites,351.41,568.00,"A plate with diced potatoes, roasted red peppers, and what appears to be onions",240.00,360.00,0.250
dish_1565194823,sweet potato | carrot | egg whites | grapes,386.60,619.00,"A plate with mashed potatoes, roasted carrots, and what appears to be grapes or berries",260.00,350.00,0.750
dish_1565194852,watermelon | egg whites | sweet potato | grapes | carrot,428.60,759.00,"A plate with diced cauliflower, roasted sweet potato, roasted red bell pepper, and what appears to be grapes or small round garnish items",223.00,445.00,0.286
dish_1565194906,grapes | watermelon | salsa | carrot | egg whites | sweet potato,451.80,839.00,"A plate with mashed potatoes topped with gravy, roasted vegetables (bell peppers and sweet potato), and what appears to be a meat portion",595.00,555.00,0.111
dish_1565195362,sweet potato,98.58,103.00,"A white square plate containing roasted sweet potato cubes, appearing to be a single side dish or component of a meal",85.00,110.00,1.000
dish_1565195493,sweet potato | chicken apple sausage | bacon | egg whites,407.00,291.00,"A plate containing bacon strips, roasted vegetables (red peppers and onions), roasted potatoes, and mashed potatoes",360.00,325.00,0.400
dish_1565195398,chicken apple sausage | sweet potato,135.38,126.00,A light meal consisting of roasted root vegetables and what appears to be a small potato or turnip on a white square plate,120.00,180.00,0.333
dish_1565195436,chicken apple sausage | sweet potato | bacon,340.96,164.00,"Breakfast plate with bacon strips, roasted vegetables (red and orange peppers), and roasted potatoes on a white square plate",395.00,225.00,0.667
dish_1565196260,egg whites,74.36,143.00,"White square plate containing cooked and peeled potato pieces, appears to be boiled potatoes cut into chunks",95.00,150.00,0.000
dish_1565204855,brussels sprouts,53.61,105.00,"Small portion of roasted or steamed vegetables, appearing to be artichoke hearts or similar leafy vegetables, served on a white square plate",35.00,85.00,0.000
dish_1565203094,chicken | pizza,898.02,485.00,Mixed meal consisting of pizza slice and stir-fried meat with vegetables,600.00,360.00,0.667
dish_1565203015,chicken | brown rice,663.94,397.00,"Stir-fried protein with mixed vegetables including zucchini, bell peppers, and what appears to be tofu or chicken cubes on a white square plate",330.00,300.00,0.200
dish_1565204891,brussels sprouts | chicken thighs | white rice,302.89,314.00,"A plate with roasted/fried protein and vegetables, appears to be chicken with potatoes and Brussels sprouts or similar green vegetables",435.00,270.00,0.500
dish_1565207631,white rice,64.41,54.00,A minimalist plated dish featuring a small protein item with garnish on a white square plate,67.00,38.00,0.000
dish_1565204931,chicken thighs | white rice | caesar salad | brussels sprouts,391.33,515.00,"Mixed vegetable stir-fry dish with leafy greens, potatoes, and what appears to be a protein-based sauce served on a white square plate",295.00,345.00,0.000
dish_1565207662,white rice | fish | country rice,145.94,128.00,A plate with pan-fried protein (appears to be chicken or fish) with fresh basil garnish on a white square plate,190.00,123.00,0.333
dish_1565207694,white rice | country rice | fish | broccoli,173.79,178.00,"A plated meal consisting of cooked chicken breast, roasted broccoli florets, and what appears to be a potato or root vegetable preparation on a white square plate",285.00,245.00,0.200
dish_1565207815,brussels sprouts,40.85,80.00,"Roasted brussels sprouts on a white square plate, appears to be a side dish or vegetable course",85.00,150.00,1.000
dish_1565207865,brussels sprouts,112.96,129.00,A plated dish featuring roasted brussels sprouts and a fresh green salad with what appears to be cheese and red pepper on a white plate,173.00,245.00,0.500
dish_1565207727,broccoli | white rice | fish | pizza | country rice,314.77,231.00,"Mixed protein and vegetable plate with what appears to be chicken or fish, roasted vegetables, and garnish on a white square plate",338.00,275.00,0.250
dish_1565207896,brussels sprouts | tofu,298.38,383.00,"Mixed vegetable and protein plate with tofu, roasted brussels sprouts, greens, and ham",455.00,460.00,0.400
dish_1565208562,caesar salad,40.48,92.00,"A plated dish with what appears to be chicken or poultry with a green herb sauce/pesto, accompanied by potato pieces and root vegetables on a white square plate",330.00,260.00,0.000
dish_1565208637,chicken thighs | white rice | caesar salad | brussels sprouts,250.19,305.00,"Plated dish with shrimp, potatoes, and vegetables on a white square plate",280.00,240.00,0.000
dish_1565208611,brussels sprouts | caesar salad,73.67,157.00,"A plated dish featuring sautéed greens with protein, roasted vegetables, and crispy croutons on a white square plate",355.00,360.00,0.143
dish_1565209922,white rice | chicken thighs,201.57,169.00,"A small portion of fried food, appears to be fried onions or similar battered vegetable on a white square plate",85.00,35.00,0.000
dish_1565210009,white rice | chicken thighs | brussels sprouts,263.82,290.00,"Plate with fried seafood (likely calamari or shrimp), roasted Brussels sprouts, and green beans",380.00,295.00,0.200
dish_1565210037,brussels sprouts | white rice | pineapple | chicken thighs,291.82,346.00,"A plate with fried onion bhaji or pakora, steamed green beans with potatoes, served on a white square plate",350.00,220.00,0.000
dish_1565209963,chicken thighs | white rice | brussels sprouts,244.46,253.00,"Light meal consisting of fried onion strings, what appears to be a fried protein item, and roasted Brussels sprouts on a white square plate",485.00,215.00,0.500
dish_1565369938,bacon,167.71,31.00,"A small portion of fried food on a white square plate, appears to be fried shrimp or similar breaded seafood",45.00,30.00,0.000
dish_1565210073,brussels sprouts | white rice | pineapple | chicken thighs | caesar salad,364.42,511.00,"Plated meal with fried seafood, green salad with dressing, roasted vegetables, and boiled potatoes",600.00,490.00,0.000
dish_1565369971,green beans | bacon,221.60,134.00,Simple plate with green beans and what appears to be bacon or cured meat,130.00,145.00,1.000
dish_1565370004,bacon | scrambled eggs | green beans,570.88,370.00,"Plate with mashed potatoes, green beans, and what appears to be bacon or ham",310.00,290.00,0.500
dish_1565378680,,92.42,81.00,A small portion of what appears to be granola or mixed cereal with nuts and seeds on a white square plate,185.00,45.00,0.000
dish_1565379251,carrot,32.94,67.00,Sliced cooked carrots on a white plate,35.00,80.00,1.000
dish_1565378731,carrot,154.36,207.00,"A plate with lentils or legume-based grain, sliced red bell peppers, and what appears to be pumpkin seeds or nuts as garnish",268.00,285.00,0.000
dish_1565378770,pork | carrot,319.28,287.00,"Balanced meal consisting of sliced roasted meat, roasted red peppers, and cooked lentils on a white square plate",490.00,370.00,0.333
dish_1565379320,pork | sugar | white rice | carrot,404.01,247.00,"A plated dish consisting of a crispy fried item (possibly hash browns or a fried potato cake) garnished with fresh herbs, accompanied by sliced red bell pepper",307.00,205.00,0.000
dish_1565379788,carrot,49.65,101.00,A small white square plate containing sliced red bell pepper pieces with a green stem,24.00,120.00,0.000
dish_1565379377,sugar | caesar salad | carrot | pork,470.01,397.00,"Plate with shredded meat, sliced red peppers, and mixed green salad with dressing",492.00,350.00,0.200
dish_1565379827,carrot | rice noodles,150.53,235.00,"Asian noodle dish with stir-fried noodles topped with vegetables and shrimp, served on a white square plate",350.00,205.00,0.667
dish_1565382733,pepperoni pizza,287.64,102.00,A single baked good with tomato topping on a white plate,180.00,85.00,1.000
dish_1565379868,pork | rice noodles | sugar | carrot,560.77,434.00,"Asian-style meal with noodles, meat protein, and fresh vegetables on a white square plate",620.00,320.00,0.400
dish_1565382762,pepperoni pizza,305.83,139.00,A plate with a slice of pizza and sliced red bell pepper on a white plate,300.00,150.00,0.500
dish_1565382833,tofu | pepperoni pizza | roasted potatoes,396.64,228.00,"Mixed vegetable dish with grilled/roasted peppers, zucchini, and what appears to be a bread or pastry item on a white plate",230.00,285.00,0.000
dish_1565382856,pepperoni pizza | tofu | rice noodles | roasted potatoes,446.33,294.00,"Mixed meal with pizza, noodles, roasted vegetables, and what appears to be tofu or cheese cubes on a white plate",695.00,425.00,0.800
dish_1565382886,tofu | roasted potatoes | caesar salad | rice noodles | pepperoni pizza,470.09,348.00,"Mixed plate with salad, noodles, pizza, and roasted vegetables",600.00,370.00,0.500
dish_1565382803,roasted potatoes | pepperoni pizza,359.41,177.00,"Mixed vegetable scraps and food remnants on a white plate, appearing to be vegetable trimmings or waste",100.00,140.00,0.167
dish_1565382969,spinach (raw),13.11,57.00,"A plate of fresh baby spinach leaves, appears to be a side salad or leafy green component of a meal",12.00,60.00,1.000
dish_1565383062,chicken,362.96,403.00,"Greek-style salad with spinach base, cubed feta cheese, black olives, cucumber slices, and what appears to be red onion",317.00,315.00,0.000
dish_1565383026,spinach (raw) | cucumbers,171.56,287.00,Mixed green salad with dark olives and cucumber slices on a white plate,108.00,220.00,0.667
dish_1565383097,chicken | parmesan cheese,479.25,430.00,"A salad plate with chicken salad, fresh vegetables, and cheese on greens",525.00,340.00,0.400
dish_1565382995,spinach (raw) | cucumbers,23.21,158.00,A simple salad consisting of fresh spinach leaves and sliced cucumber on a white plate,24.00,200.00,1.000
dish_1565383128,parmesan cheese | chicken,600.28,456.00,"A salad plate with shrimp, cheese, avocado, dark beans, and mixed greens",370.00,315.00,0.167
dish_1565627751,sweet potato,68.91,72.00,Small portion of roasted sweet potato cubes on a white square plate,45.00,75.00,1.000
dish_1565627800,sweet potato | egg whites,167.19,261.00,A simple meal consisting of roasted sweet potato cubes and what appears to be cauliflower florets on a white square plate,150.00,300.00,0.333
dish_1565383159,parmesan cheese | chicken,706.36,468.00,"A salad bowl with shredded chicken, dark beans, avocado slices, cheese shavings, and mixed greens with what appears to be a creamy dressing",605.00,345.00,0.333
dish_1565637504,pineapple,28.00,56.00,"A white square plate containing cubed yellow cheese, appearing to be cheddar or similar hard cheese variety",185.00,55.00,0.000
dish_1565637162,pasta salad | pork,581.51,286.00,Mixed grain/rice dish with vegetables and fresh herbs garnish on a white square plate,470.00,350.00,0.000
dish_1565637123,pasta salad,229.71,114.00,"A mixed vegetable salad with greens, legumes, and vegetables on a white square plate",116.00,200.00,0.000
dish_1565637548,pineapple | quinoa,93.44,102.00,"A meal consisting of ground meat with tomato sauce/seasoning, boiled potatoes, and green beans on a white square plate",415.00,320.00,0.000
dish_1565637608,pork | quinoa | chicken breast | pineapple,422.29,278.00,"Asian-style fried rice dish with crispy fried shallots/onions, diced mango, and mixed vegetables on a white square plate",445.00,300.00,0.000
dish_1565638287,pork | white rice,357.93,175.00,Small portion of shredded/minced meat dish with green onion garnish on a white square plate,190.00,93.00,0.333
dish_1565637578,pineapple | quinoa | chicken breast,197.30,168.00,"A plate containing ground meat mixture with sautéed onions, a piece of breaded and fried protein (possibly chicken or fish), red sauce/ketchup, and diced yellow potatoes",665.00,400.00,0.143
dish_1565638478,green beans,47.62,91.00,A plate of steamed or boiled green beans served on a white square plate,45.00,120.00,1.000
dish_1565638323,pork | brown rice,467.82,274.00,"Asian stir-fried meal with sliced meat, fried rice with vegetables, and garnish on a white square plate",480.00,275.00,0.500
dish_1565638515,pork | green beans,198.97,165.00,Plate with grilled or roasted meat and steamed green beans,285.00,230.00,1.000
dish_1565638550,pork | chicken breast | green beans,277.66,215.00,"Plated meal consisting of green beans, sliced meat (appears to be duck or beef), and what looks like a breaded/fried item with a sauce drizzle",340.00,245.00,0.200
dish_1565638599,green beans | pork | chicken breast | quinoa,368.70,279.00,"Plated meal consisting of roasted green beans, sliced meat with sauce, quinoa or couscous grain, and what appears to be a breaded/fried item",525.00,345.00,0.600
dish_1565638365,pork | brown rice,612.35,389.00,"Mixed plate with green salad, stir-fried beef, and fried rice with vegetables",505.00,390.00,0.250
dish_1565640195,bell peppers,21.60,54.00,Plated dish with sliced bell peppers (red and green) arranged on a white square plate with minimal other visible components,27.00,85.00,1.000
dish_1565640227,bell peppers | pepperoni pizza,334.62,165.00,Light meal consisting of sliced bell peppers and two pieces of pizza with pepperoni and cheese toppings on a white square plate,545.00,260.00,1.000
dish_1565640272,bell peppers | pepperoni pizza | cherry tomatoes,377.82,405.00,"Light meal with fresh vegetables, pizza slices, and asparagus on the side",602.00,550.00,0.750
dish_1565640365,cherry tomatoes | chicken breast | pepperoni pizza,720.89,623.00,"Mixed plate with breaded protein, cured meats, fresh vegetables, and cherry tomatoes",495.00,365.00,0.333
dish_1565640427,brownies,195.76,42.00,"Minimal meal consisting of a small piece of chocolate cake/brownie and a green leaf on a white plate, with what appears to be a pastry or toast on a separate plate to the left",217.00,81.00,0.000
dish_1565640528,arugula | mangos | tomatoes,38.55,105.00,"A plated salad consisting of mixed green leafy vegetables with diced red bell pepper and yellow bell pepper garnish, served on a white square plate",49.00,165.00,0.000
dish_1565640549,tomatoes | arugula | mangos,45.48,139.00,"A plated salad with mixed greens, green beans, and colorful vegetable garnishes on a white square plate",71.00,220.00,0.000
dish_1565640576,white rice | pork,307.29,267.00,"Plated lunch consisting of sliced meat, green beans, salad greens, and roasted vegetables with garnish",285.00,315.00,0.143
dish_1565640812,black beans | chicken,297.93,234.00,"Mixed green salad with grilled chicken breast, feta cheese, and black olives on a white plate",315.00,260.00,0.250
dish_1565640601,chicken breast | pork,411.15,333.00,Mixed salad plate with shrimp and vegetables on a white square plate,287.00,395.00,0.000
dish_1565640772,chicken,241.17,191.00,"Green salad with mixed leafy greens, red/purple leaves, and cubed white cheese with what appears to be seasoned protein cubes",238.00,230.00,0.250
dish_1565640842,chicken | black beans,307.43,329.00,"Mixed green salad with sliced cucumbers, leafy greens, black olives, and what appears to be shredded chicken or tuna protein",185.00,390.00,0.250
dish_1565640894,chicken | black beans | parmesan cheese,464.89,422.00,"A fresh salad composed of sliced cucumbers, red grapes, and shaved Parmesan cheese on a white plate",215.00,265.00,0.200
dish_1565640868,black beans | chicken,395.98,406.00,"Mixed green salad with cucumber slices, red kidney beans, white cheese cubes, and leafy greens on a white plate",246.00,320.00,0.167
dish_1565641844,cheese pizza,244.63,92.00,Single slice of cheese pizza on a white plate,285.00,110.00,1.000
dish_1565640914,black beans | parmesan cheese | chicken,774.29,457.00,"Mixed salad bowl with cucumber, red beets, cheese, and what appears to be nuts or seeds as garnish",285.00,350.00,0.143
dish_1565641915,cheese pizza | quinoa,326.76,190.00,"Plated meal consisting of baked salmon fillet with cheese topping, seasoned ground meat, fresh green beans, served on a white square plate",525.00,295.00,0.250
dish_1565641885,cheese pizza,254.22,139.00,"Simple meal consisting of green beans and what appears to be a cheese-topped protein item, likely fish or chicken with melted cheese",315.00,235.00,0.500
dish_1565641943,cheese pizza | quinoa | chicken breast,510.89,307.00,"Plate with baked salmon fillet, asparagus spears, quinoa or couscous, and what appears to be seasoned potato or root vegetable wedges",510.00,340.00,0.167
dish_1565711115,bacon | egg whites,321.53,308.00,A plate with mashed potatoes and bacon strips,290.00,185.00,0.333
dish_1565711154,bacon | granola | egg whites,421.62,385.00,"A plate with crumbled white cheese, crispy bacon strips, and mixed green salad leaves",335.00,155.00,0.200
dish_1565711183,bacon | granola | egg whites | brussels sprouts,460.42,461.00,"A plate containing mashed potatoes, roasted brussels sprouts, bacon strips, mixed green salad, and what appears to be cauliflower or additional white vegetable component",475.00,485.00,0.333
dish_1565711270,cantaloupe,31.62,93.00,Small portion of cubed cooked sweet potato on a white square plate,45.00,75.00,0.000
dish_1565711296,cantaloupe | grapes,43.35,110.00,Light snack plate with red grapes and cubed papaya on a white square plate,65.00,120.00,0.333
dish_1565711083,bacon,178.53,33.00,Three strips of cooked bacon on a white plate,245.00,35.00,1.000
dish_1565711326,yam | cantaloupe | sweet potato,296.09,285.00,Light snack plate with roasted vegetables and fresh fruit,145.00,225.00,0.200
dish_1565711453,scrambled eggs,198.32,134.00,A small portion of what appears to be rice cereal or puffed rice cereal on a white square plate,45.00,12.00,0.000
dish_1565711358,yam | cantaloupe | sweet potato | egg whites,490.05,658.00,"Plate with mashed potatoes, roasted vegetables (carrots and potatoes), grapes, and what appears to be mushrooms or additional roasted vegetables",375.00,465.00,0.143
dish_1565711498,brussels sprouts | scrambled eggs,246.83,229.00,"A simple meal consisting of a pasta salad with what appears to be mayonnaise-based dressing and pickled vegetables on top, served on a white square plate",292.00,165.00,0.000
dish_1565711527,brussels sprouts | scrambled eggs | hash browns,484.81,302.00,"A plate with three starch-based sides: yellow rice, hash browns or shredded potatoes, and what appears to be Brussels sprouts or similar green vegetable",520.00,350.00,0.500
dish_1565721800,zucchini | chayote squash,33.35,171.00,A minimalist plate with fried potato chips/crisps and what appears to be a small piece of dark leafy vegetable (possibly seaweed or kale chip),90.00,33.00,0.000
dish_1565711570,brussels sprouts | scrambled eggs | hash browns | bacon,603.83,324.00,"A plate containing roasted Brussels sprouts, two types of hash browns (shredded and cubed), bacon strips, and what appears to be a small portion of additional roasted vegetables",595.00,410.00,0.600
dish_1565724050,arugula,84.72,72.00,A small portion of mixed fresh green salad leaves on a white square plate,12.00,40.00,1.000
dish_1565721828,zucchini | chayote squash | roasted potatoes,129.23,239.00,A plate of roasted potato wedges and cubes with what appears to be a basil leaf garnish on a white square plate,186.00,202.00,0.250
dish_1565721855,chicken | roasted potatoes,479.03,450.00,Plate with roasted chicken pieces and roasted potatoes with herbs,530.00,395.00,0.667
dish_1565724087,chicken | arugula,230.61,160.00,Plated meal consisting of a seared/pan-fried protein with fresh arugula salad and what appears to be a balsamic reduction garnish,245.00,195.00,0.667
dish_1565724196,broccoli,45.68,82.00,Minimalist meal consisting of steamed broccoli florets on a white square plate,45.00,120.00,1.000
dish_1565724269,pizza | chicken | broccoli,527.55,311.00,"Plate with grilled/seared meat, roasted potatoes with vegetables, and steamed broccoli",360.00,290.00,0.200
dish_1565724235,chicken | broccoli,256.23,209.00,A plated meal consisting of steamed broccoli florets and a cooked meat portion (appears to be beef or pork) on a white square plate,240.00,205.00,0.333
dish_1565724509,chayote squash | zucchini,30.81,158.00,A small portion of fried potato wedges with what appears to be a small piece of zucchini on a white square plate,113.00,100.00,0.333
dish_1565724588,broccoli | roasted potatoes | chayote squash,266.72,410.00,A plated meal consisting of roasted potatoes and steamed broccoli on a white square plate,145.00,260.00,0.667
dish_1565724552,zucchini | broccoli | chayote squash,108.80,298.00,"A plated meal consisting of steamed broccoli, sliced potatoes, and what appears to be a small pecan or nut garnish on a white square plate",130.00,235.00,0.200
dish_1565724620,broccoli | roasted potatoes | chicken,473.95,535.00,"Plate with roasted broccoli, roasted potatoes, and what appears to be a roasted chicken thigh or drumstick",485.00,430.00,1.000
dish_1565725009,,50.60,44.00,"Beets being cooked in a stainless steel wok or large pan on a stovetop, appears to be the early stages of cooking with minimal oil or liquid",110.00,155.00,0.000
dish_1565725047,carrot,77.66,110.00,"Shredded carrots in a metal bowl, appears to be raw carrots prepared for cooking or as a side dish",35.00,80.00,1.000
dish_1565725095,cherry tomatoes | carrot | bell peppers,121.72,257.00,Stir-fry preparation with sliced red and green bell peppers in a metal wok or large pan on a stovetop,101.00,265.00,0.250
dish_1565725071,carrot | bell peppers,109.66,190.00,"Stir-fried vegetables in a wok or large pan, containing shredded carrots, diced red and green bell peppers, with oil/liquid visible in the pan",149.00,188.00,0.667
dish_1565725123,bell peppers | carrot | chicken,430.27,444.00,"A stir-fry dish in a stainless steel wok containing diced tofu, red bell peppers, and green bell peppers being cooked on a stovetop",236.00,365.00,0.250
dish_1565725156,carrot | bell peppers | chicken,452.67,500.00,"Stir-fry dish in a wok containing shredded chicken, sliced red onions, and red bell peppers being cooked on a stovetop",355.00,310.00,0.400
dish_1565726812,broccoli,36.21,65.00,Minimal meal consisting of raw broccoli florets on a white square plate,32.00,80.00,1.000
dish_1565725188,bell peppers | chicken | parmesan cheese,543.12,521.00,"A stir-fry or mixed dish in a stainless steel wok/pan containing mashed potatoes, sliced red onions, diced red bell peppers, and what appears to be peas, with oil/butter visible",328.00,330.00,0.143
dish_1565725244,parmesan cheese | chicken | bell peppers | caesar dressing,573.55,590.00,"A mixed salad bowl with protein and vegetables being prepared, containing what appears to be paneer or tofu, red onions, tomatoes, bell peppers, and a creamy dressing or sauce",465.00,455.00,0.125
dish_1565726848,broccoli | arugula,102.11,121.00,"A small mixed green salad with leafy greens, broccoli florets, and what appears to be microgreens or sprouts on a white square plate",27.00,103.00,0.500
dish_1565726887,roasted potatoes | arugula | broccoli,174.02,172.00,"A plated salad with mixed greens, roasted potato cubes, and microgreens garnish on a white square plate",113.00,210.00,0.750
dish_1565726915,roasted potatoes | squash | broccoli,196.88,251.00,"Mixed vegetable plate with roasted potatoes, broccoli, leafy greens, and what appears to be roasted root vegetables",220.00,370.00,0.333
dish_1565727738,,2.52,9.00,"Mixed green salad with predominantly dark leafy greens and lighter lettuce varieties, no visible dressing or toppings",12.00,85.00,0.000
dish_1565726949,roasted potatoes | beef,451.55,372.00,"Mixed plate with sliced cooked meat, roasted potatoes, sautéed leafy greens, and what appears to be roasted vegetables with herbs",575.00,440.00,0.400
dish_1565727765,broccoli,26.32,77.00,Mixed green salad with broccoli and leafy greens on a white plate,65.00,220.00,0.333
dish_1565727791,broccoli | parmesan cheese,121.07,99.00,"Green salad with mixed leafy greens, broccoli florets, and shaved parmesan cheese on a white plate",80.00,117.00,0.667
dish_1565727821,parmesan cheese | chicken | broccoli,281.12,196.00,"Mixed green salad with broccoli, dark leafy greens, and cubed white cheese (appears to be feta or similar), served on a white plate",270.00,280.00,0.500
dish_1565727875,parmesan cheese | black beans | chicken,485.67,365.00,"Mixed green salad with dark leafy greens, broccoli florets, dark red beans, and crumbled white cheese on a white plate",218.00,270.00,0.400
dish_1565727851,broccoli | parmesan cheese | chicken,406.47,305.00,"Mixed green salad with dark leafy greens, red kidney beans, and white cheese crumbles served on a white plate",145.00,200.00,0.200
dish_1565727921,black beans | chicken | parmesan cheese,768.55,397.00,"Mixed green salad with broccoli, red beans, and feta cheese on a white plate",280.00,330.00,0.400
dish_1565728388,cheese pizza,124.97,47.00,"Sparse meal with two small baked items on a white plate, appears to be a very light or incomplete meal",107.00,40.00,0.000
dish_1565728415,cheese pizza | beef,194.43,80.00,Two pieces of what appears to be baked goods or pastries on a white plate,340.00,85.00,0.000
dish_1565728453,beef | cheese pizza | chicken,293.90,140.00,"Three baked items on a white plate, appearing to be cookies or baked goods with various toppings and textures",260.00,86.00,0.000
dish_1565728494,roasted potatoes | chicken | beef | cheese pizza,326.33,163.00,A plate with baked/roasted items that appear to be mushrooms and possibly meat or protein,140.00,185.00,0.200
dish_1565728591,squash | beef | chicken | cheese pizza | roasted potatoes | broccoli,388.41,322.00,"Grilled vegetable and protein skewer plate with broccoli, zucchini, mushrooms, and what appears to be grilled meat or fish",405.00,410.00,0.222
dish_1565728562,beef | chicken | roasted potatoes | cheese pizza | squash,354.98,262.00,A plated meal consisting of grilled/roasted vegetables and what appears to be protein items on a white curved plate,445.00,380.00,0.429
dish_1565728634,chicken | beef | roasted potatoes | cheese pizza | pineapple,436.41,418.00,"Mixed plate with roasted vegetables, potatoes, and grilled meats including what appears to be beef and chicken",585.00,495.00,0.375
dish_1565797645,watermelon,21.00,70.00,Small portion of diced red bell pepper on a white plate,15.00,60.00,0.000
dish_1565797671,watermelon,39.24,102.00,"Small fruit plate with diced watermelon, strawberry slices, and blueberries on a white square plate",42.00,130.00,1.000
dish_1565728684,cheese pizza | beef | chicken | roasted potatoes | pineapple,493.30,464.00,"Mixed grilled protein and vegetable plate with leafy greens, roasted vegetables, and meat",785.00,610.00,0.500
dish_1565797699,granola | watermelon,128.93,171.00,A simple salad consisting of mixed greens with red bell pepper strips and black olives on a white square plate,74.00,155.00,0.000
dish_1565797723,scrambled eggs | granola | watermelon,202.93,221.00,"A light salad plate with mixed greens, fresh tomatoes, black olives, and hummus",196.00,240.00,0.000
dish_1565798558,broccoli,88.32,109.00,A plated vegetable dish consisting of steamed broccoli florets with decorative carrot garnish on a white square plate,60.00,150.00,0.500
dish_1565798591,egg whites | broccoli,148.12,224.00,"A plated meal consisting of broccoli, cauliflower, sliced vegetables with decorative carrot garnish, served on a white square plate",100.00,250.00,0.200
dish_1565799507,sweet potato,74.65,78.00,Roasted sweet potato cubes on a white square plate,45.00,65.00,1.000
dish_1565798531,cherry tomatoes | lettuce | lime | onions | cucumbers,61.58,61.00,"A plated vegetable dish featuring cucumber, broccoli, and carrot garnish on a white square plate",75.00,180.00,0.143
dish_1565798617,egg whites | broccoli,197.71,311.00,"A balanced plate with steamed broccoli, cauliflower, fresh vegetables including cucumber, shredded carrots, tomatoes, berries, and what appears to be cottage cheese or crumbled cheese",247.00,555.00,0.143
dish_1565799565,sweet potato | egg whites,240.01,396.00,A plate containing mashed potatoes and roasted sweet potato cubes,375.00,400.00,0.500
dish_1565799597,egg whites | watermelon | sweet potato,258.31,457.00,"A plate with diced raw vegetables - appears to be cauliflower, sweet potato, and red bell pepper",79.00,260.00,0.200
dish_1565799617,egg whites | watermelon | sweet potato,294.22,520.00,"A plate with mashed potatoes, roasted sweet potato, red bell pepper, and black olives",320.00,400.00,0.250
dish_1565808943,cherry tomatoes,13.32,74.00,Cherry tomatoes being cooked in a stainless steel pot with water or broth on a stovetop,35.00,950.00,0.500
dish_1565799663,salsa | watermelon | egg whites | sweet potato,314.81,591.00,"A balanced breakfast or snack plate with fresh berries, cheese, whole grain crackers, and what appears to be a seed or nut butter spread",266.00,200.00,0.000
dish_1565808975,cherry tomatoes | onions,35.72,130.00,Sliced red onions and diced red tomatoes being sautéed in a metal pan on a stovetop,50.00,210.00,1.000
dish_1565809080,onions | tuna | carrot | bell peppers,362.74,485.00,"Ground meat mixture with shredded carrots and mixed vegetables in a stainless steel pot, appearing to be in mid-preparation for a cooked dish",380.00,320.00,0.400
dish_1565809033,bell peppers | onions | tuna,341.42,433.00,"Ground meat mixture with diced vegetables (red peppers, green peppers, onions) cooked in a stainless steel pot, appears to be a meat sauce or filling preparation",576.00,402.00,0.500
dish_1565810146,arugula,36.45,29.00,A small portion of mixed green leafy vegetables on a white square plate,12.00,35.00,1.000
dish_1565809120,bell peppers | onions | tuna | carrot,365.63,502.00,"Ground meat mixture with shredded carrots being combined in a stainless steel pan on a stovetop, appears to be the beginning stages of a ground meat and vegetable dish",580.00,320.00,0.400
dish_1565810969,spinach (raw),4.60,20.00,A white plate containing fresh raw spinach leaves,7.00,35.00,1.000
dish_1565811000,chicken,342.85,225.00,Salad bowl with spinach or mixed greens base topped with diced chicken breast and croutons,272.00,200.00,0.333
dish_1565811025,chicken | broccoli,361.05,277.00,"Green salad with spinach, broccoli, and diced chicken breast on a white plate",153.00,195.00,0.667
dish_1565810205,tofu,126.97,153.00,"Asian-style stir-fried rice dish with ground meat, vegetables, and fresh arugula garnish on white square plate",616.00,300.00,0.000
dish_1565810237,tofu | chicken thighs,349.87,306.00,"Asian-style stir-fried dish with ground meat and vegetables, served on a white square plate with fresh green leafy garnish",463.00,290.00,0.000
dish_1565811287,bok choy,16.51,127.00,A small portion of steamed or boiled bok choy (Chinese cabbage) on a white square plate,12.00,95.00,1.000
dish_1565811091,chicken | goat cheese,504.40,371.00,"Fresh vegetable salad with leafy greens, raw vegetables, and crumbled cheese on a white plate",192.00,225.00,0.200
dish_1565811061,chicken | carrot,380.32,324.00,"Mixed green salad with shredded carrots, broccoli florets, chicken pieces, and leafy greens on a white plate",170.00,240.00,0.500
dish_1565811139,goat cheese | chicken,902.20,416.00,"A composed salad plate with fresh greens, shredded vegetables, crumbled cheese, and broccoli florets arranged on a white plate",255.00,305.00,0.400
dish_1565811423,salmon | bok choy | chicken thighs,240.06,290.00,"Asian-style meal with stir-fried vegetables, legumes, protein, and what appears to be a lentil or grain-based side dish",465.00,380.00,0.400
dish_1565811390,salmon | bok choy,205.09,266.00,"A plated meal consisting of cooked lentils, bok choy, crispy shrimp or seafood, and what appears to be a boiled egg, served on a white square plate",360.00,285.00,0.200
dish_1565811335,bok choy,121.48,219.00,"A simple meal consisting of cooked lentils, steamed bok choy, and what appears to be a soft-boiled egg on a white square plate",273.00,310.00,0.333
dish_1565811529,spinach (raw),116.84,104.00,"A plated salad with mixed greens, vegetables, and what appears to be a cactus paddle (nopales), presented on a white square plate",81.00,255.00,0.000
dish_1565812146,arugula | pineapple,72.94,93.00,"A small salad plate with mixed greens, roasted vegetables, and what appears to be roasted potato or squash pieces",85.00,155.00,0.200
dish_1565812116,arugula,44.44,36.00,Small green salad with mixed greens and what appears to be diced red bell pepper or tomato on a white square plate,23.00,85.00,0.500
dish_1565811588,chicken thighs,348.48,263.00,Plated dish featuring seared tuna with crispy fried onion topping and mixed green salad with vegetables,290.00,255.00,0.000
dish_1565812186,chicken thighs | pineapple,324.98,266.00,"Plate with breaded and fried shrimp, roasted root vegetables (appears to be sweet potato and beets), and a fresh arugula salad with microgreens",370.00,265.00,0.000
dish_1565884692,egg whites,212.16,408.00,"Plate of mashed potatoes with boiled potato cubes, appears to be a simple starch-based side dish or light meal",255.00,350.00,0.000
dish_1565813386,tofu,113.88,156.00,"A plated dish consisting of brown rice mixed with vegetables, topped with fried tofu cubes and garnished with fresh herbs",325.00,240.00,0.333
dish_1565813414,tofu,139.72,179.00,"Plated fine dining dish with quinoa-based grain preparation, roasted root vegetables, fresh greens, and pickled garnish",180.00,195.00,0.000
dish_1565813446,tofu,202.68,230.00,"Mixed green salad with arugula and edible flowers, served with a brown protein-based dish (appears to be ground meat or lentil-based preparation) and roasted root vegetables",400.00,340.00,0.000
dish_1565884738,watermelon | egg whites,228.66,463.00,Simple meal consisting of boiled/steamed potatoes and diced red bell pepper on a white square plate,303.00,360.00,0.000
dish_1565894858,cookies,132.84,27.00,"A small dark food item (appears to be a baked item or prepared food) on a white square plate, photographed from directly above",45.00,25.00,0.000
dish_1565884833,egg whites | waffles | salsa,497.74,643.00,"Breakfast plate with waffles, whipped cream or mashed potatoes, gravy, and diced tomatoes",617.00,385.00,0.167
dish_1565884766,waffles | egg whites,469.61,546.00,"Breakfast plate with waffle, scrambled eggs, diced red peppers, and what appears to be cheese or additional egg components",595.00,290.00,0.500
dish_1565895808,green beans,51.80,99.00,A white square plate containing a portion of cooked green beans,45.00,120.00,1.000
dish_1565894889,cheese pizza | cookies,257.81,74.00,Minimalist meal consisting of a small piece of flatbread/naan and a small dark chocolate brownie or chocolate cookie on a white square plate,215.00,70.00,0.000
dish_1565894910,pizza | cheese pizza | cookies,537.11,179.00,Pizza slices with a side of what appears to be a dark dipping sauce (likely marinara or similar),545.00,230.00,0.250
dish_1565895879,kale | chard | green beans,96.68,231.00,"A plate of cooked green vegetables consisting of green beans and leafy greens, appears to be a simple vegetable side dish",98.00,270.00,0.667
dish_1565895966,kale | green beans | chard | beef,214.54,287.00,"A plate with green beans, dark leafy greens (appears to be kale or similar), and bacon strips on a white square plate",195.00,305.00,0.400
dish_1565896662,chard | kale,19.38,57.00,"Small salad with mixed greens, red bell pepper, and what appears to be beets or red root vegetables on a white square plate",38.00,90.00,0.000
dish_1565896039,kale | quinoa | green beans | beef,352.53,384.00,"Plate with green beans, dark leafy greens, breaded protein, and what appears to be quinoa or couscous",395.00,360.00,0.333
dish_1565896701,chard | kale | lime | garlic | cauliflower,294.47,184.00,"Plated dish with what appears to be seared meat, vegetables, and garnish on a white square plate",259.00,160.00,0.000
dish_1565896745,arugula | garlic | walnuts | cauliflower | chard | kale | lime,368.54,244.00,"A plate containing sliced cooked meat, fresh leafy greens (arugula), and diced vegetables (tomatoes and what appears to be beets or red vegetables)",325.00,260.00,0.100
dish_1565897569,cauliflower | garlic | lime,324.91,150.00,Ground meat stir-fry with green peppers on a white square plate,210.00,165.00,0.000
dish_1565897617,green beans,356.83,211.00,A plate with ground meat mixture and fresh green beans arranged on a white square plate,325.00,220.00,0.500
dish_1565897680,blue cheese | walnuts,770.45,405.00,Mixed green salad with ground meat protein and fresh vegetables on a white square plate,263.00,355.00,0.000
dish_1565898128,salmon | brown rice,209.03,134.00,"A plated dish consisting of what appears to be a protein (possibly fish or chicken) with a grain-based risotto or rice preparation, garnished with a green herb leaf, served on a white square plate",422.00,251.00,0.250
dish_1565898193,brown rice | green beans | salmon,291.91,268.00,"Light protein and vegetable meal consisting of what appears to be ground meat patty, fresh green beans, and mixed salad greens on a white square plate",227.00,235.00,0.200
dish_1565898158,salmon | green beans | brown rice,240.43,194.00,"Simple plated meal with a protein component, starch, and green vegetable side",290.00,270.00,0.500
dish_1565898230,beef | salmon,780.20,500.00,"Plate with grilled chicken breast, ground beef or meatballs, green beans, mixed greens salad, and what appears to be red pepper pieces",444.00,385.00,0.200
dish_1565898402,salmon | beef,384.80,229.00,"A plated meal consisting of sliced meat, rice pilaf with green beans, and roasted green beans on the side",505.00,340.00,0.250
dish_1565898331,salmon | brown rice,155.99,100.00,"A small plated dish consisting of rice with vegetables and protein, garnished with fresh spinach leaves, served on a white square plate",130.00,125.00,0.200
dish_1565898361,beef | salmon,370.67,202.00,"Asian-style meal with grilled/pan-seared meat, rice with green beans, and vegetable sides",575.00,440.00,0.167
dish_1565898511,cherry tomatoes,57.16,102.00,A small plate with red and dark grapes arranged on a white square plate,56.00,105.00,0.000
dish_1565898432,salmon | beef,450.22,282.00,"Plated meal with cooked meat, grains, sautéed greens, and green beans, with additional vegetables visible on side plates",560.00,505.00,0.167
dish_1565898489,,46.00,40.00,"A white square plate with a small portion of dark red/burgundy olives (approximately 8-10 olives), with additional food items partially visible on a plate to the left",35.00,25.00,0.000
dish_1565898544,cherry tomatoes | salmon | brown rice,181.95,182.00,"A plated appetizer or charcuterie arrangement featuring cured meat, fresh vegetables, and grapes on a white square plate",152.00,175.00,0.167
dish_1565898590,salmon | cherry tomatoes | carrot | brown rice,212.70,257.00,"Plated meal with cooked fish fillet, shredded raw carrot, cherry tomatoes, sliced onion, and what appears to be beets or dark leafy greens",207.00,330.00,0.286
dish_1565898659,tuna | salmon | carrot,576.70,537.00,"Mixed salad plate with grain-based salad, fresh vegetables, and protein components arranged on a white square plate",437.00,445.00,0.125
dish_1565972363,egg whites,289.64,557.00,"A plate of mashed potatoes, appears to be a simple preparation without visible additions like butter or milk",165.00,220.00,0.000
dish_1565898723,tuna | salmon | carrot,603.39,588.00,"Plated meal with rice-based dish, fresh vegetables, and protein items arranged on a white square plate",450.00,480.00,0.125
dish_1565898758,tuna | carrot | salmon,612.99,612.00,"Mixed vegetable plate with protein and legumes, appears to be a salad or vegetable medley with cooked items",288.00,400.00,0.125
dish_1565972384,sweet potato | egg whites,432.24,706.00,A meal consisting of mashed potatoes and fried potato cubes served on a white plate,420.00,440.00,0.500
dish_1565972591,chicken apple sausage,195.20,122.00,Small portion of fried or roasted potato cubes and what appears to be fried mushroom or vegetable pieces on a white square plate,130.00,85.00,0.000
dish_1565972429,egg whites | sweet potato | salsa,468.49,831.00,Plate with mashed potatoes topped with gravy and roasted potato cubes,410.00,400.00,0.250
dish_1565972628,chicken apple sausage | scrambled eggs,545.96,359.00,"Breakfast or lunch meal consisting of scrambled eggs, breakfast sausage links, and what appears to be hash browns or potato-based side dish",680.00,300.00,0.667
dish_1565974375,bacon,459.85,85.00,Cooked bacon strips on a white square plate,180.00,28.00,1.000
dish_1565972674,scrambled eggs | chicken apple sausage,613.59,426.00,"Breakfast or brunch plate with scrambled eggs, diced potatoes, and fresh vegetable garnish",345.00,250.00,0.250
dish_1565974409,chicken apple sausage | bacon,688.65,228.00,A breakfast or brunch plate consisting of cooked bacon strips and roasted potato cubes on a white square plate,375.00,150.00,0.333
dish_1565981769,carrot,23.10,47.00,A single red bell pepper on a white plate,37.00,150.00,0.000
dish_1565972715,scrambled eggs | chicken apple sausage,657.55,510.00,"A plate with scrambled eggs, sautéed mushrooms and tofu cubes, steamed green beans, and a fresh green salad with shredded carrots",420.00,490.00,0.167
dish_1565984245,carrot,38.34,78.00,A plate with sliced carrots arranged on a white square plate,35.00,80.00,1.000
dish_1565981802,carrot | tofu,99.75,152.00,"Plated appetizer or side dish featuring cubed tofu, sliced red bell peppers, and what appears to be a dark sauce or reduction, arranged on a white square plate",130.00,198.00,0.200
dish_1565981848,carrot | tofu | fish,147.41,198.00,"Plated vegetarian meal with legumes, roasted vegetables, and cheese cubes on a white square plate",383.00,340.00,0.333
dish_1565981898,fish | tofu | arugula | carrot,260.98,290.00,"A vegetarian plate with mixed greens, roasted vegetables, tofu, and legumes",458.00,580.00,0.250
dish_1565984299,carrot | cauliflower,93.34,298.00,"Simple meal with sliced carrots and steamed cauliflower florets on a white square plate, placed on a digital scale",45.00,165.00,1.000
dish_1565984345,cauliflower | ground turkey | carrot,210.36,353.00,"A plated meal consisting of sliced carrots, cauliflower, boiled potatoes, and what appears to be a meat patty or meatloaf with herbs, served on a white square plate placed on a digital scale.",292.00,345.00,0.400
dish_1565984434,quinoa | ground turkey | cauliflower | carrot,319.89,430.00,"Plate with sliced carrots, cauliflower florets, ground meat mixture, and what appears to be a meat patty or meatloaf with herb garnish",465.00,355.00,0.400
dish_1565987015,spinach (raw),14.72,64.00,A bowl of fresh raw spinach leaves,11.00,40.00,1.000
dish_1565986702,fish,211.34,204.00,Plated fish dish with vegetables and garnish on a white square plate,257.00,174.00,0.200
dish_1565986733,ground turkey | fish,387.93,287.00,"Plated dish featuring a meatloaf or terrine with vegetable garnish and skewer, presented on a white square plate",435.00,330.00,0.000
dish_1565987054,spinach (raw) | chicken,260.57,213.00,Spinach salad with cubed chicken breast,173.00,160.00,1.000
dish_1565987081,spinach (raw) | chicken,268.07,288.00,"A salad bowl containing fresh spinach/leafy greens, sliced cucumbers, and chunks of what appears to be canned tuna or chicken salad",173.00,335.00,0.667
dish_1565987116,chicken,393.42,397.00,"Green salad bowl with spinach/mixed greens, sliced cucumbers, kidney beans, and shredded chicken breast",325.00,420.00,0.250
dish_1565987142,parmesan cheese | chicken,518.32,426.00,"Mixed salad bowl with spinach/greens, white cheese (appears to be feta or mozzarella), dark olives, sliced zucchini, and what appears to be ground meat or crumbled protein",370.00,305.00,0.200
dish_1565987201,parmesan cheese | caesar dressing | chicken,560.66,522.00,"A mixed green salad with chicken, cucumber, beetroot, and white cheese on a white plate with visible scale",250.00,270.00,0.333
dish_1565987269,cheese pizza,119.65,45.00,Single slice of what appears to be a baked dessert or cake with caramelized/browned topping on a white square plate,180.00,65.00,0.000
dish_1565987298,ground turkey | cheese pizza,211.14,88.00,"A light meal consisting of what appears to be a meatloaf or pâté slice and a slice of savory cake or bread with toppings, served on a white square plate",400.00,195.00,0.000
dish_1566316525,bacon,223.89,83.00,A plate with cooked bacon strips and sautéed spinach with red peppers,323.00,170.00,0.333
dish_1566316558,scrambled eggs | bacon,490.29,263.00,"A plate with scrambled eggs, sautéed spinach with red peppers, and what appears to be bacon strips",365.00,258.00,0.667
dish_1566316587,bacon | scrambled eggs | hash browns,646.77,311.00,"Plate with scrambled eggs, bacon, and sautéed spinach with red peppers",445.00,260.00,0.500
dish_1566316612,hash browns | bacon | scrambled eggs,665.24,367.00,"A mixed plate containing scrambled eggs, sautéed vegetables with spinach, and what appears to be roasted or fried potatoes/root vegetables",430.00,350.00,0.200
dish_1566316681,sweet potato,116.76,122.00,Roasted potato cubes on a white square plate,95.00,120.00,1.000
dish_1566316726,egg whites | sweet potato,409.52,685.00,"A plate with mashed potatoes, roasted potato cubes, and what appears to be a vegetable side dish",505.00,420.00,0.333
dish_1566317711,oatmeal,123.76,182.00,A bowl of cooked rice with red and dark berries (likely strawberries and blueberries) on the side,266.00,300.00,0.000
dish_1566316757,sweet potato | egg whites | salsa,448.38,819.00,"A plate with mashed potatoes topped with gravy, roasted root vegetables (appears to be sweet potato or turnip), and what appears to be a protein-based sauce or stew",380.00,390.00,0.200
dish_1566317742,oatmeal,154.72,254.00,Bowl of oatmeal with blueberries and a side bowl of red berries (likely raspberries or strawberries),225.00,325.00,1.000
dish_1566316496,bell peppers,121.10,64.00,Sautéed leafy greens (appears to be spinach or similar) with red peppers on a white square plate,104.00,185.00,0.333
dish_1566317775,oatmeal,237.40,410.00,A bowl of fresh raspberries,108.00,180.00,0.000
dish_1566317801,brown sugar | oatmeal,275.40,420.00,"Bowl of red berries (raspberries) with brown crumble topping, appears to be a dessert or breakfast bowl",127.00,105.00,0.500
dish_1566328724,chicken,275.55,167.00,"Cubed tofu on a white plate, appears to be pan-fried or baked tofu pieces",180.00,200.00,0.000
dish_1566328745,chicken,282.03,203.00,"Simple plate with diced tofu, cherry tomatoes, and what appears to be a white container on the side",207.00,350.00,0.000
dish_1566328776,chicken | pizza,901.81,436.00,"Mixed plate with pizza slices, diced chicken breast, and cherry tomatoes",830.00,440.00,0.667
dish_1566328805,pizza | chicken,927.81,488.00,"Mixed plate with pizza slices, diced potatoes, cherry tomatoes, and diced chicken breast",798.00,500.00,0.500
dish_1566328894,cheese pizza,236.65,89.00,A small portion of cooked bacon strips on a white plate,85.00,20.00,0.000
dish_1566328831,pizza | chicken,941.61,500.00,"Mixed plate with pizza slices, roasted potatoes, cherry tomatoes, and sliced chicken breast",810.00,510.00,0.500
dish_1566328929,beef | cheese pizza,396.61,165.00,A plate with sliced cooked beef and what appears to be pizza or flatbread with tomato sauce and cheese,400.00,180.00,1.000
dish_1566328961,cheese pizza | millet | beef | chicken,605.82,308.00,Small plated meal consisting of cooked meat slices and what appears to be cheese-topped potato or vegetable pieces,300.00,205.00,0.500
dish_1566328988,beef | fried rice | chicken | cheese pizza,747.75,398.00,"A plate containing sliced cooked meat, what appears to be pizza or flatbread with cheese and tomato sauce, and a portion of yellow rice",710.00,335.00,0.750
dish_1566329203,cauliflower,94.25,377.00,Plate of fried cauliflower florets,180.00,150.00,1.000
dish_1566329021,beef | cheese pizza | chicken | fried rice,792.68,486.00,"Mixed protein and vegetable plate with sliced meat, cheese-topped items, rice, and pickled vegetables",795.00,385.00,0.600
dish_1566329049,beef | chicken | cheese pizza | fried rice,814.93,575.00,"Mixed protein and vegetable plate with shrimp, meat, potatoes, rice, and vegetables",495.00,435.00,0.286
dish_1566329234,cauliflower | beef,262.63,457.00,A meal consisting of boiled or steamed cauliflower and what appears to be meatloaf or ground meat patties served on a white square plate,325.00,320.00,0.333
dish_1566330399,millet | beef,265.19,126.00,Plated meal consisting of sliced meat with leafy greens and garnish on a white square plate,300.00,165.00,0.250
dish_1566329257,tofu | beef | cauliflower,321.03,537.00,"A plate containing boiled cauliflower, roasted potatoes, breaded/fried tofu or similar protein, and what appears to be a meatloaf or veggie patty",550.00,540.00,0.400
dish_1566330428,beef | millet | cauliflower,290.69,228.00,"Plated meal consisting of sliced meat with green vegetable, mashed potatoes, and brown sauce on a white square plate",530.00,360.00,0.167
dish_1566331801,chicken | millet,296.99,203.00,"A small portion of what appears to be a breaded and fried protein item with red sauce, served on a white square plate",205.00,95.00,0.333
dish_1566330466,beef | fried rice | cauliflower,377.43,283.00,"Plate with sliced meat, mashed potatoes, rice pilaf, and sautéed vegetables on a white square plate",725.00,430.00,0.400
dish_1566331828,chicken | millet | brussels sprouts,349.58,306.00,"A plate with a protein-based dish topped with red sauce, accompanied by roasted vegetables",330.00,215.00,0.667
dish_1566332040,spinach (raw),14.95,65.00,A plate of fresh raw spinach leaves on a white plate,13.00,50.00,1.000
dish_1566331868,brussels sprouts | millet | chicken | fried rice,453.67,372.00,"Plate with shrimp dish, yellow rice, and roasted vegetables on a white square plate",440.00,280.00,0.167
dish_1566332085,spinach (raw) | cucumbers,24.75,163.00,A fresh green salad with sliced cucumbers and leafy greens on a white plate,30.00,180.00,1.000
dish_1566331914,chicken | fried rice | brussels sprouts | millet,589.50,481.00,Mixed vegetable plate with fried/breaded protein and leafy greens served on a white square plate,715.00,480.00,0.333
dish_1566332116,spinach (raw) | cucumbers,153.55,275.00,Mixed green salad with cucumber slices and red grapes on a white plate,99.00,280.00,0.667
dish_1566332154,chicken,401.05,425.00,"Spinach salad with cubed tofu, dried cranberries, and what appears to be nuts or seeds",352.00,315.00,0.000
dish_1566333118,cheese pizza,239.31,90.00,Two slices of pizza with tomato sauce and cheese on a white plate,520.00,180.00,1.000
dish_1566332193,avocado | chicken,527.45,504.00,"Salad bowl with spinach base, diced chicken breast, avocado slices, and what appears to be nuts or croutons",400.00,290.00,0.500
dish_1566332268,chicken | avocado | caesar dressing,567.58,595.00,"A salad bowl with mixed greens, protein, dairy, and vegetables arranged on a white plate",602.00,385.00,0.333
dish_1566333194,cheese pizza | beef | chicken,461.59,220.00,"Pizza slices with cheese and tomato sauce, appearing to be 3-4 slices of thin crust pizza on a white plate",420.00,180.00,0.333
dish_1566333167,beef | cheese pizza,344.54,140.00,"Light meal consisting of two slices of pizza with tomato sauce and cheese, and one piece of what appears to be seasoned meat or protein",605.00,205.00,0.333
dish_1566333228,beef | caesar salad | chicken | cheese pizza,498.55,304.00,"Mixed meal consisting of pizza slices, chicken drumstick, salad with dressing, and potato chips on a white plate",635.00,370.00,0.400
dish_1566402041,egg whites,231.92,446.00,"A plate of cauliflower florets, appearing to be roasted or steamed with minimal seasoning",85.00,250.00,0.000
dish_1566333255,caesar salad | cheese pizza | chicken | beef,515.55,372.00,"Mixed plate with pizza slices, breaded meat/chicken pieces, waffle fries, and a side salad with lettuce",1130.00,570.00,0.286
dish_1566333324,cheese pizza | caesar salad | chicken | beef | fried rice,608.10,476.00,"Latin American or Mexican-style plate with pizza, grilled protein, rice, salad, and vegetables",1320.00,745.00,0.333
dish_1566333291,caesar salad | brussels sprouts | beef | chicken | cheese pizza,549.76,439.00,"Mixed plate with pizza slices, protein items, roasted vegetables, salad, and potatoes",930.00,605.00,0.222
dish_1566402095,sweet potato | yam | egg whites,421.12,577.00,A plate with mashed potatoes and roasted red bell peppers,315.00,430.00,0.250
dish_1566402123,egg whites | watermelon | yam | sweet potato,445.12,657.00,"A plate with diced raw vegetables: cauliflower, red bell pepper, and orange bell pepper",120.00,355.00,0.000
dish_1566402160,egg whites | watermelon | yam | sweet potato,458.72,697.00,A plate with diced raw vegetables including onions and bell peppers in red and orange varieties,76.00,335.00,0.000
dish_1566402197,egg whites | yam | sweet potato,480.95,736.00,"A plated meal consisting of potato salad on the left side and a mixed fruit salad with cubed melons, berries, and other fruits on the right side",473.00,470.00,0.167
dish_1566413321,spinach (raw),14.03,61.00,A white bowl containing fresh raw spinach leaves,23.00,85.00,1.000
dish_1566402232,salsa | egg whites | yam | sweet potato,511.40,841.00,"A plate with mashed potatoes, roasted sweet potatoes, fresh fruit salad with berries, and what appears to be a legume-based stew or curry",355.00,465.00,0.167
dish_1566413356,spinach (raw) | chicken,183.98,164.00,Spinach salad with shredded chicken breast,117.00,110.00,1.000
dish_1566413388,chicken | spinach (raw) | broccoli,207.43,231.00,"A light salad composed of fresh spinach leaves, steamed broccoli florets, and sliced mushrooms served on a white plate",48.00,185.00,0.500
dish_1566413419,chicken | avocado | broccoli,285.83,280.00,"A mixed salad bowl with spinach, broccoli, avocado, and what appears to be chicken or turkey pieces",258.00,250.00,0.750
dish_1566413445,chicken | avocado | broccoli,377.83,360.00,"Mixed green salad with broccoli, avocado, red beans, spinach, and what appears to be shredded chicken or turkey on a white plate",258.00,245.00,0.600
dish_1566413469,chicken | avocado | parmesan cheese | broccoli,459.66,379.00,"Mixed green salad with broccoli, shaved parmesan cheese, and what appears to be dried cranberries or raisins on a white plate",188.00,162.00,0.333
dish_1566413510,parmesan cheese | chicken | avocado,751.38,412.00,"Fresh salad bowl with leafy greens, broccoli, shaved cheese, and what appears to be dried cranberries or similar dried fruit, served on a white plate",180.00,205.00,0.167
dish_1566414342,chicken | quinoa | roasted potatoes,846.37,552.00,"A plated meal consisting of roasted potatoes with vegetables, a protein-based salad or mixture, and sautéed bell peppers",505.00,430.00,0.500
dish_1566414225,quinoa,125.18,88.00,"A small plated dish consisting of what appears to be ground meat or plant-based protein mixed with diced vegetables (red pepper, yellow pepper, onion, and herbs) served on a white square plate with a sausage or hot dog",255.00,170.00,0.000
dish_1566414291,roasted potatoes | quinoa,345.14,244.00,"Mixed roasted vegetables and protein dish consisting of cubed potatoes, bell peppers, onions, and what appears to be bacon or ham pieces on a white square plate",380.00,380.00,0.200
dish_1566414686,roasted potatoes | chicken,646.18,407.00,"A plate with roasted potatoes, cubed tofu or cheese, and a rice-based salad with herbs and vegetables",385.00,370.00,0.250
dish_1566414642,roasted potatoes | chicken,219.81,145.00,"Minimalist plated meal consisting of diced poultry, roasted potato wedges, and what appears to be a grain or starch component",255.00,190.00,0.667
dish_1566414611,chicken,105.60,64.00,Small portion of diced or cubed bread croutons on a white plate,45.00,15.00,0.000
dish_1566414412,quinoa | chicken | roasted potatoes,920.12,658.00,"Mixed salad plate with grilled protein, roasted vegetables, and grain-based component",440.00,410.00,0.500
dish_1566414723,chicken | fish | roasted potatoes,728.81,482.00,"Mixed protein and vegetable plate with tofu, roasted potatoes, and a grain-based salad with herbs",565.00,570.00,0.200
dish_1566414754,roasted potatoes | fish | chicken,755.50,533.00,"Plated meal consisting of what appears to be a protein-based dish with rice or grain, fresh green beans, and roasted potato or root vegetable",740.00,590.00,0.400
dish_1566414780,chicken | fish | caesar salad | roasted potatoes,807.42,651.00,"Mixed protein and vegetable plate with what appears to be shredded poultry, tofu cubes, fresh green beans, leafy greens, and a bread roll",605.00,515.00,0.111
dish_1566414891,arugula | roasted potatoes,213.99,163.00,A plated meal consisting of sautéed leafy greens with roasted potatoes and what appears to be sautéed mushrooms or additional vegetables,220.00,257.00,0.500
dish_1566415520,green beans,74.82,143.00,A plate of cooked green beans served on a white square plate,45.00,120.00,1.000
dish_1566414924,roasted potatoes | arugula | green beans,247.48,227.00,"A plate with roasted potato cubes, sautéed green beans with what appears to be garlic or onions, and leafy greens (possibly spinach or similar green vegetable)",165.00,295.00,0.500
dish_1566415558,fish | green beans,169.10,234.00,Simple protein and vegetable meal consisting of cooked green beans and what appears to be breaded/fried protein (possibly chicken or fish),315.00,295.00,1.000
dish_1566415591,broccoli | green beans | fish,214.78,316.00,"Plate with green beans, sautéed zucchini, and what appears to be ground meat or meat patty",340.00,380.00,0.200
dish_1566416299,green beans,45.00,86.00,"A plate of cooked green beans, appearing to be steamed or boiled, served on a white square plate",42.00,120.00,1.000
dish_1566416339,eggplant | green beans,77.98,186.00,Simple meal consisting of steamed green beans and roasted/sautéed potato cubes on a white square plate,155.00,240.00,0.333
dish_1566416388,roasted potatoes | eggplant | green beans,259.87,315.00,"Simple plated meal consisting of roasted potatoes, green beans, and what appears to be a protein item on a white square plate",378.00,325.00,0.500
dish_1566416421,green beans | fish | roasted potatoes | eggplant,313.74,367.00,"Plate with roasted potatoes, green beans, and what appears to be a meat protein (possibly pork or chicken)",455.00,470.00,0.400
dish_1566416455,eggplant | green beans | chicken | fish | roasted potatoes,372.33,403.00,"Plate with roasted potatoes, green beans, and what appears to be chicken or fish with a light sauce or coating",455.00,470.00,0.600
dish_1566416701,chicken,198.54,122.00,"A small portion of mixed protein and vegetable dish on a white square plate, appears to be a tuna or chicken salad with herbs and vegetables",59.00,70.00,0.000
dish_1566417398,celery root | cherry tomatoes,56.89,46.00,Mixed green salad with dark leafy greens on a white plate,12.00,85.00,0.000
dish_1566417442,eggplant,93.83,158.00,A plate with mixed green salad and what appears to be a cooked vegetable medley with mushrooms and potatoes,135.00,280.00,0.000
dish_1566417475,roasted potatoes | eggplant,150.23,198.00,"A plated meal consisting of roasted potato chunks, sautéed mixed greens with dark leafy vegetables, and what appears to be a white sauce or protein component on the side",180.00,230.00,0.250
dish_1566417516,eggplant | fish | roasted potatoes,385.40,425.00,"Mixed salad plate with roasted vegetables, leafy greens, and what appears to be a grain or protein-based component",415.00,420.00,0.167
dish_1566419546,caesar salad | cheese pizza,306.44,177.00,Light meal consisting of a salad with creamy dressing and a slice of pizza on a white plate,365.00,230.00,0.333
dish_1566419577,caesar salad | cheese pizza,323.70,210.00,"Plated meal consisting of salmon fillet, creamed spinach or similar green vegetable dish, green beans, and what appears to be a starch component",455.00,355.00,0.000
dish_1566419603,caesar salad | roasted potatoes | cheese pizza,382.92,252.00,"Plated meal consisting of a protein-based item, leafy green salad with dressing, green beans, roasted potato pieces, and what appears to be a tomato-based casserole or lasagna",530.00,380.00,0.200
dish_1566419635,roasted potatoes | caesar salad | cheese pizza | chicken,605.87,389.00,"Plated dinner with protein, starch, vegetables and sauce",715.00,475.00,0.500
dish_1566419510,cheese pizza,273.88,103.00,Two slices of what appears to be pizza or flatbread with tomato sauce and cheese on a white plate,320.00,140.00,1.000
dish_1566488905,sweet potato,82.31,86.00,Light meal consisting of roasted potato cubes and diced papaya or melon on white plates,120.00,210.00,0.500
dish_1566488928,cantaloupe | sweet potato,103.05,147.00,A simple side dish consisting of roasted potato cubes and diced carrots on a white square plate,87.00,150.00,0.333
dish_1566499564,,42.55,37.00,Small portion of dark red kidney beans on a white square plate,45.00,30.00,0.000
dish_1566488956,egg whites | sweet potato | cantaloupe,280.89,489.00,"A plate with mashed potatoes as the main component, accompanied by roasted diced potatoes, roasted diced carrots, and what appears to be a small white bowl on the left side",380.00,375.00,0.250
dish_1566488981,cantaloupe | sweet potato | egg whites,279.33,486.00,"A plate with mashed potatoes as the base, topped with roasted vegetable pieces including potatoes, sweet potatoes, and what appears to be zucchini",470.00,490.00,0.250
dish_1566500963,spinach (raw),5.75,25.00,A white bowl containing fresh raw spinach leaves with stems,13.00,50.00,1.000
dish_1566499633,spinach (raw),161.39,139.00,"A light salad meal consisting of fresh spinach leaves with diced vegetables and red grapes on the side, served on a white square plate",73.00,175.00,0.250
dish_1566500988,spinach (raw) | carrot,21.33,63.00,"Simple salad consisting of fresh spinach leaves as a base with shredded raw carrots on top, served on a white plate",28.00,90.00,1.000
dish_1566499686,pork | sugar,674.71,388.00,"A plated meal consisting of a vegetable-based main dish with leafy greens, fresh vegetables, and what appears to be a grain or legume-based component, accompanied by red grapes on the side",278.00,360.00,0.000
dish_1566501012,carrot,132.88,160.00,"A vegetable salad with fresh spinach leaves, shredded raw carrots, and kidney beans on a white plate",68.00,115.00,0.333
dish_1566501041,carrot | parmesan cheese,279.32,194.00,"Garden salad with spinach base, shredded carrots, dark leafy greens, shaved Parmesan cheese, and what appears to be red beans or similar legumes",183.00,210.00,0.400
dish_1566501067,parmesan cheese | chicken,464.12,306.00,"A salad composed of fresh spinach base topped with diced chicken breast, shredded cheese, julienned vegetables, and what appears to be red beans or beets",340.00,265.00,0.333
dish_1566501153,parmesan cheese | chicken | avocado,1006.92,419.00,"Mixed salad with spinach base, diced chicken breast, vegetables (bell peppers, carrots, celery), and what appears to be a light dressing",180.00,235.00,0.143
dish_1566501258,onions,12.00,30.00,"Red/purple onions being sautéed in a metal pan with oil, appears to be the beginning stage of cooking",77.00,85.00,0.500
dish_1566501126,parmesan cheese | chicken | avocado,564.92,369.00,"Asian-style salad with mixed vegetables, protein, and leafy greens on a white plate",378.00,440.00,0.222
dish_1566501293,onions,41.90,56.00,"Red onions being cooked in a stainless steel pan/wok, appears to be the beginning stages of cooking with minimal oil or liquid",47.00,82.00,0.500
dish_1566501324,onions | carrot,65.27,113.00,"A stainless steel bowl containing shredded carrots in what appears to be a brown liquid or broth, viewed from above",55.00,280.00,0.333
dish_1566501352,cherry tomatoes | onions | carrot,75.53,170.00,"Shredded carrots and what appears to be goji berries or similar dried red berries in a metal bowl with liquid, possibly the beginning stages of a stir-fry or soup preparation",60.00,392.00,0.200
dish_1566501447,tuna | carrot,286.76,349.00,Asian noodle dish with shredded vegetables being mixed in a metal wok/pan on stovetop,310.00,220.00,0.250
dish_1566501382,tuna | carrot,283.53,330.00,"A stir-fry or mixed dish in a stainless steel wok/pan containing shredded chicken or poultry, shredded carrots, and what appears to be diced tomatoes or red peppers",200.00,195.00,0.250
dish_1566501575,brownies,251.69,54.00,Stir-fried rice with ground meat and mixed vegetables in a metal wok on stovetop,405.00,280.00,0.000
dish_1566501594,brownies,508.05,109.00,Stir-fried rice with vegetables and protein being cooked in a wok,535.00,335.00,0.000
dish_1566501473,carrot | almonds | tuna,413.94,371.00,"Stir-fried rice with shredded vegetables and what appears to be shredded chicken or pork, cooking in a stainless steel pan on stovetop",482.00,290.00,0.143
dish_1566502000,bok choy,63.01,184.00,"A plate of cooked leeks, appearing to be steamed or boiled, with some darker (possibly caramelized or roasted) sections mixed with lighter white and pale green portions",45.00,150.00,0.000
dish_1566502033,corn on the cob | bok choy,136.22,253.00,"A plate with sautéed leeks, cucumber slices, and carrot rounds on a white square plate",65.00,180.00,0.000
dish_1566502061,pork | corn on the cob | bok choy,408.34,385.00,"Mixed plate with sautéed green vegetables, grilled/pan-seared meat, and fried potato rounds",545.00,350.00,0.200
dish_1566502271,caesar salad | chicken,296.82,359.00,A plate with a Caesar salad and fried chicken breast,560.00,350.00,1.000
dish_1566502315,pork | caesar salad | chicken,577.18,495.00,"A plate containing fried chicken with herbs, roasted potato wedges, and a fresh green salad with dressing",585.00,370.00,0.250
dish_1566502437,spinach (raw),74.56,64.00,Green salad with leafy greens and what appears to be carrots on a white square plate,20.00,65.00,0.500
dish_1566502472,spinach (raw) | corn on the cob,132.92,119.00,"A plated salad with fresh spinach leaves and what appears to be a fried potato round or vegetable chip, served on a white square plate",107.00,115.00,0.333
dish_1566502505,pork | corn on the cob | sugar,454.52,275.00,"Plated meal with herb-crusted sliced meat, fresh spinach salad, and roasted potato rounds",320.00,270.00,0.200
dish_1566502537,corn on the cob | pork | chicken | sugar,517.64,315.00,"Plated meal consisting of a breaded and pan-fried protein (appears to be chicken or pork), fresh spinach salad, and a fried potato round",430.00,255.00,0.167
dish_1566502573,chicken | pork | sugar | corn on the cob | chickpeas,821.51,487.00,"Mixed grain and vegetable plate with protein, featuring a grain-based dish with vegetables, fresh spinach salad, and a fried appetizer",575.00,415.00,0.125
dish_1566587102,chicken | millet,213.60,146.00,"A small portion of breaded and fried protein (appears to be chicken or similar) garnished with a basil leaf, served on a white square plate",181.00,87.00,0.333
dish_1566587182,avocado | chicken,531.26,377.00,"Grilled meal with breaded protein, roasted zucchini, and fresh vegetable salad with bell peppers and greens",400.00,295.00,0.250
dish_1566587689,salmon | kale | brown rice | chard,196.85,270.00,"A plate with sautéed leafy greens (appears to be spinach or similar) and sliced cooked poultry (likely chicken breast), served on a white square plate",250.00,290.00,0.200
dish_1566587714,salmon | chicken | chard | kale | millet,347.54,373.00,A plate with sautéed leafy greens and what appears to be breaded/fried protein portions,405.00,320.00,0.167
dish_1566587143,chicken | avocado | millet,354.40,234.00,A plated meal consisting of a breaded and fried protein cutlet with roasted potato wedges and a garnish of fresh herbs on a white square plate,427.00,222.00,0.200
dish_1566587958,brown rice | salmon,398.50,224.00,Three breaded and fried protein patties (likely meat-based cutlets or patties) on a white square plate with scattered breadcrumb crumbs and fresh herb garnish (appears to be dill or fennel frond),502.00,167.00,0.000
dish_1566588066,carrot | pineapple | brown rice | salmon,566.23,562.00,"Plate with meatloaf slices, roasted red bell peppers, and French fried potatoes",765.00,365.00,0.000
dish_1566589933,tofu,89.06,122.00,"A minimalist plated dish consisting of shredded/julienned vegetables with what appears to be a protein component, served on a white square plate. The portion is quite small and appears to be a fine dining or appetizer-style presentation.",90.00,113.00,0.000
dish_1566589967,millet | chicken | tofu,381.66,322.00,Small plated meal with what appears to be a crispy fried patty and a light vegetable slaw or salad on a white square plate,180.00,120.00,0.000
dish_1566588016,salmon | brown rice | carrot,472.23,374.00,"Plate with three meatloaf or ground meat patties and a mixed vegetable medley including carrots, bell peppers, and other vegetables",506.00,400.00,0.167
dish_1566590536,carrot,25.07,51.00,A white square plate with what appears to be sliced red bell pepper arranged in a line,15.00,45.00,0.000
dish_1566590056,tofu | chicken | pizza,815.65,519.00,"Asian cuisine plate with fried protein, noodle dish, fresh vegetables and greens",795.00,360.00,0.167
dish_1566590566,carrot | salmon | brown rice,186.96,142.00,Light meal consisting of sliced red peppers and what appears to be a small portion of whole grain bread or toast on a white plate,123.00,170.00,0.000
dish_1566590007,pizza | tofu | chicken,740.76,457.00,Asian-inspired meal with crispy fried items and vegetable garnishes on a white square plate,578.00,258.00,0.125
dish_1566590987,chicken | salmon | brown rice,639.91,370.00,"Plated meal with grilled protein, roasted potatoes, and fresh vegetable garnish with microgreens",498.00,345.00,0.167
dish_1566590946,brown rice | salmon,405.61,228.00,Plated appetizer or light entrée featuring a protein with vegetable garnish and microgreens on white square plate,243.00,171.00,0.000
dish_1566591048,chicken salad | chicken | salmon,876.20,481.00,"Mediterranean-style plate with grilled protein, roasted potatoes, salad with olives, and what appears to be a whole grain wrap on the side",518.00,460.00,0.143
dish_1566835603,sweet potato,63.17,66.00,Plate with diced red bell pepper and what appears to be rice or cauliflower rice on a separate plate,60.00,135.00,0.000
dish_1566592456,caesar salad,55.44,126.00,Caesar salad with croutons on a white square plate,227.00,131.00,0.250
dish_1566591080,salmon | chicken | chicken salad,909.63,549.00,"Mixed plate with roasted vegetables, chicken or turkey, potatoes, and what appears to be a wrap or flatbread on the side",478.00,430.00,0.143
dish_1566835641,sweet potato | egg whites,312.77,546.00,A plate containing mashed potatoes and diced carrots,205.00,260.00,0.333
dish_1566838286,pineapple,72.50,145.00,Plate of fried potato pieces (likely french fries or fried potato cubes) on a white square plate,245.00,110.00,0.000
dish_1566835701,egg whites | salsa | sweet potato,370.19,744.00,"Plate with mashed potatoes, curry or meat stew, and diced red peppers",435.00,415.00,0.250
dish_1566838317,watermelon | pineapple,114.20,284.00,Simple meal of diced raw mango and red bell pepper on a white square plate,69.00,135.00,0.000
dish_1566838351,watermelon | pineapple,190.01,417.00,"Fresh fruit salad consisting of diced pineapple, watermelon, red grapes, and blackberries on a white square plate",88.00,210.00,0.667
dish_1566838378,scrambled eggs | watermelon | pineapple,286.21,482.00,"A mixed fruit and cereal breakfast plate containing diced pineapple, watermelon, black olives, and granola cereal on a white square plate",178.00,215.00,0.400
dish_1566844766,caesar salad,72.16,164.00,"Caesar salad with lettuce, croutons, and parmesan cheese on a white square plate",193.00,170.00,0.250
dish_1566838407,pineapple | scrambled eggs | sweet potato | watermelon,358.95,558.00,"Mixed fruit and vegetable plate with diced pineapple, watermelon, bell peppers, black olives, and what appears to be a grain-based item (possibly couscous or rice) on a white square plate",206.00,285.00,0.333
dish_1566844803,caesar salad | pepperoni pizza,249.82,227.00,"A plate with a green salad with croutons and what appears to be a cheese-topped item, likely pizza or flatbread with tomato sauce",460.00,350.00,0.333
dish_1566846997,pork,343.71,168.00,A small portion of what appears to be fried chicken pieces on a white square plate,180.00,75.00,0.000
dish_1566847043,squash | pork,434.88,483.00,Plate with cooked meat and sautéed zucchini slices,305.00,280.00,0.000
dish_1566844850,pork | pepperoni pizza | caesar salad,491.24,345.00,"Mixed plate with green salad, grilled chicken skewer, and what appears to be a tomato-based protein item",445.00,310.00,0.000
dish_1566847431,quinoa,101.24,90.00,"A single small baked or pan-seared protein item with herbs, plated on a white square plate with minimal garnish",147.00,88.00,0.000
dish_1566847454,pork | quinoa,346.75,210.00,"A plated dish containing what appears to be shredded or pulled meat (possibly pork or chicken) with a golden-brown coating or crust, garnished with a parsley leaf, served on a white square plate",186.00,87.00,0.333
dish_1566847483,pork | quinoa,476.23,314.00,"Plated meal with fried protein, roasted potato, and fresh green salad on a white square plate",415.00,285.00,0.000
dish_1566849233,avocado,94.80,117.00,Mixed green salad with leafy greens and sliced avocado on a white plate,120.00,140.00,0.500
dish_1566849208,,19.60,70.00,"A white bowl containing a mixed green salad with various leafy greens including what appears to be lettuce, arugula, and darker leafy vegetables, served as a light side dish or starter",25.00,85.00,0.000
dish_1566849269,avocado | parmesan cheese,249.85,153.00,Mixed green salad with shaved parmesan cheese on a white plate,130.00,140.00,0.333
dish_1566849295,avocado | parmesan cheese,348.75,239.00,"Mixed green salad with dark leafy greens, shaved parmesan cheese, and dark olives on a white plate",215.00,145.00,0.250
dish_1566849327,parmesan cheese | avocado | chicken,551.70,362.00,"A mixed green salad with crumbled cheese, black olives, and what appears to be seasoned breadcrumbs or croutons on a white plate",185.00,165.00,0.200
dish_1566849862,,77.05,67.00,"Red kidney beans in a stainless steel pot, appears to be the beginning stages of cooking or soaking",220.00,80.00,0.000
dish_1566849387,parmesan cheese | caesar salad | chicken | avocado,619.90,517.00,"Mixed green salad with croutons, cheese, and protein on a white plate with creamy dressing",365.00,215.00,0.286
dish_1566849895,carrot,112.31,153.00,"Shredded carrots in a metal bowl, appears to be a raw vegetable preparation or ingredient setup",35.00,80.00,1.000
dish_1566849923,cherry tomatoes | carrot,127.97,240.00,"Raw vegetables in a metal bowl - shredded carrots and halved cherry tomatoes, appears to be ingredients being prepared for cooking",50.00,170.00,1.000
dish_1566849955,onions | cherry tomatoes | carrot,147.17,288.00,"Sautéed red bell peppers and onions in a stainless steel pan, appears to be early stage of cooking",100.00,215.00,0.200
dish_1566850031,carrot | chicken | caesar dressing,616.77,662.00,"Mixed bowl containing diced chicken breast, mayonnaise-based sauce, diced tomatoes, and shredded carrots in a stainless steel pot",602.00,300.00,0.400
dish_1566849987,carrot | chicken,562.97,540.00,"A stir-fry or mixed dish in a metal pot containing diced tofu, red bell peppers, and what appears to be a brown sauce or broth",310.00,390.00,0.000
dish_1566850099,onions | cucumbers | lettuce | lime | cherry tomatoes,113.06,112.00,"A mixed green salad with leafy greens, red/purple vegetables, and what appears to be a light dressing, plated on a white square plate",65.00,175.00,0.125
dish_1566851155,quinoa,295.28,260.00,"A plated meal consisting of fresh spinach salad with what appears to be lentils or seeds, accompanied by sliced sautéed mushrooms",78.00,150.00,0.000
dish_1566850142,pork,464.95,284.00,A plated dish consisting of shredded/pulled protein with vegetables and a fresh green salad on a white square plate,270.00,240.00,0.250
dish_1566851198,quinoa | pork,463.05,342.00,Grilled meat skewers with fresh spinach salad and corn garnish on a white square plate,310.00,215.00,0.250
dish_1566851115,spinach (raw),81.55,70.00,"A light salad with mixed greens, topped with what appears to be a grain-based mixture and garnished with red radish slices",105.00,130.00,0.333
dish_1566851584,caesar salad | cheese pizza,286.29,222.00,Light lunch consisting of a green salad with croutons and a slice of cheese pizza,380.00,220.00,0.333
dish_1566851222,pizza | quinoa | pork,550.83,375.00,"Plated meal consisting of grilled/sautéed meat skewers, fresh spinach salad with what appears to be a vinaigrette or dressing, toasted bread with tomato sauce, and fresh herbs as garnish",425.00,255.00,0.167
dish_1566851549,cheese pizza,226.01,85.00,A single slice of what appears to be cheese pizza or flatbread with melted cheese and tomato sauce on a white plate,280.00,100.00,1.000
dish_1566920304,egg whites,296.40,570.00,"A plate of cauliflower florets, appearing to be roasted or steamed with minimal seasoning",85.00,250.00,0.000
dish_1566851677,quinoa | caesar salad | cheese pizza,354.77,296.00,"Light meal consisting of pizza, roasted vegetables, and sliced meat",460.00,285.00,0.167
dish_1566851704,quinoa | pork | cheese pizza | caesar salad,461.16,348.00,"Mixed plate with green salad, sliced meat, pizza, and sautéed mushrooms",575.00,380.00,0.143
dish_1566920339,egg whites | sweet potato,449.53,730.00,"A plate with roasted sweet potato chunks and mashed potatoes, appears to be a side dish or vegetable-based meal component",275.00,320.00,0.500
dish_1566922978,scrambled eggs,124.32,84.00,A small portion of what appears to be scrambled eggs or egg-based dish on a white square plate,95.00,60.00,1.000
dish_1566920365,salsa | sweet potato | egg whites,490.42,871.00,"Plate with mashed potatoes topped with a brown gravy sauce, roasted vegetables (carrots and what appears to be green beans or similar), and garnished with small white cheese pieces or cauliflower",360.00,415.00,0.143
dish_1566923004,scrambled eggs | pineapple,158.82,153.00,"A plate with boiled or steamed potatoes and what appears to be a grain-based dish, possibly couscous or similar cereal preparation",275.00,270.00,0.000
dish_1566851616,caesar salad | cheese pizza,300.78,248.00,"Light meal consisting of a salad with greens and vegetables, a slice of cheese pizza, and broccoli florets",365.00,300.00,0.250
dish_1566923030,hash browns | scrambled eggs | pineapple,396.80,226.00,"A plate with breaded/fried protein, diced potatoes, and what appears to be a grain or starch side dish",525.00,330.00,0.000
dish_1566923060,bacon | scrambled eggs | pineapple | hash browns,515.82,248.00,"Breakfast plate with bacon, scrambled eggs, roasted potatoes, and what appears to be hash browns or shredded potatoes",625.00,320.00,0.600
dish_1566931140,cauliflower | avocado,126.70,199.00,"Light meal consisting of roasted cauliflower, pickled or cooked cucumber slices, plated on a white square dish",47.00,145.00,0.333
dish_1566931179,avocado | cauliflower,204.37,263.00,"Light salad plate with mixed greens, cauliflower, avocado slices, and what appears to be a protein-based topping on the greens",248.00,240.00,0.500
dish_1566931217,fish | avocado | white beans | cauliflower,333.11,378.00,"Plate with sliced meat, roasted cauliflower, fresh greens with dressing, and sliced cucumber",440.00,450.00,0.167
dish_1566931519,,130.13,182.00,Mixed green salad with dark leafy greens and red/purple vegetables on a white plate,33.00,140.00,0.000
dish_1566931548,broccoli,154.98,253.00,Mixed green salad with broccoli and dark leafy greens on a white plate,68.00,210.00,0.333
dish_1566931116,cauliflower,35.50,142.00,Small portion of roasted cauliflower florets on a white square plate,35.00,75.00,1.000
dish_1566931482,,25.48,91.00,"Mixed green salad with lettuce and leafy greens, no visible dressing or other toppings",15.00,85.00,0.000
dish_1566931586,chicken | broccoli,379.38,389.00,Mixed green salad with broccoli florets and diced white cheese (appears to be feta or tofu),195.00,285.00,0.250
dish_1566931620,avocado | chicken | broccoli,494.58,461.00,"Mixed salad bowl with leafy greens, broccoli, avocado, and diced chicken breast",275.00,295.00,0.750
dish_1566931650,chicken | avocado | parmesan cheese,610.87,488.00,"Mixed salad bowl with shredded chicken, broccoli, shaved parmesan cheese, and mixed greens with what appears to be avocado",325.00,270.00,0.600
dish_1566933180,chicken thighs,161.45,96.00,Single serving of fried chicken piece on a white square plate,185.00,65.00,1.000
dish_1566931674,chicken | avocado | parmesan cheese,990.99,531.00,"Mixed green salad with chicken, broccoli, pineapple, and cheese shavings in a white bowl",228.00,325.00,0.286
dish_1566933401,bok choy,27.05,79.00,"Small portion of cooked green vegetables, appears to be okra or green beans, served on a white square plate",25.00,60.00,0.000
dish_1566933454,bok choy | arugula | chickpeas,121.74,154.00,Mixed green salad with leafy greens and red pepper pieces on a white square plate,20.00,110.00,0.250
dish_1566933226,chicken thighs,245.45,171.00,A plate with a protein item (appears to be breaded/fried chicken or similar) and a yellow rice or grain dish with visible seasonings and what appears to be corn kernels mixed in,400.00,225.00,0.500
dish_1566934057,bok choy,66.09,193.00,A small portion of mixed green vegetables on a white square plate,20.00,100.00,0.000
dish_1566933498,chickpeas | chicken thighs,318.48,284.00,"A plate with mixed green salad and a breaded/crusted protein portion, served on a white square plate",255.00,220.00,0.333
dish_1566934085,cauliflower | bok choy,82.59,259.00,A plated meal consisting of sautéed green vegetables and what appears to be cauliflower rice or mashed cauliflower,80.00,260.00,0.333
dish_1566934366,cheese pizza,87.75,33.00,Single slice of pizza on a white square plate,285.00,85.00,1.000
dish_1566934120,bok choy | salmon | cauliflower,183.99,316.00,"A plated meal consisting of a green leafy salad base with roasted cauliflower florets, a portion of ground meat (likely beef or turkey), and what appears to be a roasted vegetable piece, served on a white square plate",210.00,260.00,0.200
dish_1566934152,bok choy | chicken thighs | cauliflower | salmon,305.07,396.00,"Plated meal with roasted chicken, cauliflower, meatloaf or similar ground meat patty, and sautéed greens (appears to be spinach or similar leafy vegetable)",425.00,350.00,0.333
dish_1566934401,white beans | fish | cheese pizza,435.90,344.00,"Plated fine dining dish with foie gras terrine, vegetables, and crispy bread accompaniment",410.00,195.00,0.000
dish_1566934430,fish | cookies | white beans | cheese pizza,519.54,361.00,"A plated appetizer or light meal featuring pâté, vegetables, and crackers on a white square plate",565.00,235.00,0.125
dish_1566936266,chicken thighs | quinoa,220.96,146.00,Single fried chicken piece with breading/coating on a white square plate,280.00,97.00,0.333
dish_1566934455,cookies | fish | white beans | cheese pizza,528.04,395.00,"A plated meal consisting of pâté, vegetables, crackers, and what appears to be a protein terrine or forcemeat preparation on a white square plate",455.00,263.00,0.000
dish_1566934487,fish | white beans | cookies | cheese pizza,553.04,468.00,"Plated meal consisting of sliced meatloaf or ground meat patty with vegetables including cucumber salad, green beans, potato salad, and what appears to be a biscuit or roll",568.00,390.00,0.125
dish_1566937992,cheese pizza,276.54,104.00,A small portion of what appears to be a baked pasta dish or casserole with melted cheese and herbs on a white plate,180.00,85.00,1.000
dish_1566936297,fish | chicken thighs | white beans,355.29,266.00,"Plated meal consisting of breaded and fried poultry, grain-based side dish, and vegetable garnish on a white square plate",765.00,335.00,0.167
dish_1566936352,white beans | fish | chicken thighs,424.29,368.00,"Plated meal consisting of protein, grain-based sides, and vegetable components on a white square plate",575.00,325.00,0.167
dish_1566936323,chicken thighs | white beans | fish,368.29,318.00,"Plated meal consisting of two protein items (appears to be poultry and a meat loaf or pâté), a grain-based side, roasted cauliflower, and mixed vegetables",600.00,375.00,0.143
dish_1567007719,cantaloupe,14.28,42.00,A white square plate containing diced raw carrots,28.00,70.00,0.000
dish_1566938026,cheese pizza | chicken thighs,450.58,219.00,"A plate containing what appears to be a meatball or protein item at the top, and two pieces of what looks like flatbread or naan with a spiced coating on the bottom portion of the plate",290.00,148.00,0.000
dish_1566938088,chicken thighs | cauliflower | cheese pizza,494.50,381.00,"Plate with grilled chicken, roasted cauliflower, steamed bok choy, and what appears to be a baked fish or protein item",415.00,385.00,0.400
dish_1566938059,cheese pizza | chicken thighs,463.25,256.00,"A plated meal consisting of sautéed leafy greens, what appears to be a meatball or protein patty, and a rolled wrap or enchilada with sauce",305.00,250.00,0.250
dish_1567007814,pineapple | cantaloupe,73.00,152.00,"Fresh fruit plate with strawberries, blueberries, cantaloupe, and mango on a white square plate",110.00,260.00,0.333
dish_1567007751,cantaloupe,39.93,87.00,"Light fruit plate consisting of sliced strawberries, blueberries, and diced cantaloupe arranged on a white square plate",62.00,190.00,1.000
dish_1567007783,cantaloupe,50.00,106.00,"Fresh fruit platter with strawberries, blueberries, raspberries, and cantaloupe on a white square plate",77.00,205.00,1.000
dish_1567007848,watermelon | cantaloupe | pineapple,100.30,243.00,Fresh fruit platter with mixed berries and melon pieces on a white square plate,77.00,325.00,0.250
dish_1567019993,brussels sprouts,28.08,55.00,Small portion of roasted Brussels sprouts on a white square plate,45.00,75.00,1.000
dish_1567020054,brussels sprouts | fish,122.00,145.00,"A plated dish featuring roasted Brussels sprouts and what appears to be a breaded/fried protein item, presented with minimalist plating on a white square plate",265.00,205.00,1.000
dish_1567020340,broccoli,93.59,168.00,A plate of roasted broccoli florets,95.00,200.00,1.000
dish_1567020366,brussels sprouts | broccoli,111.46,203.00,Roasted broccoli and roasted Brussels sprouts on a white square plate,170.00,330.00,1.000
dish_1567020091,fish | arugula | brussels sprouts,236.81,238.00,"A plated meal consisting of sautéed or roasted potato cubes, fresh leafy greens (appears to be lettuce or mixed greens), and what appears to be a protein item, presented on a white square plate",192.00,245.00,0.000
dish_1567020417,fish | chicken | broccoli,313.76,348.00,"A plate with roasted broccoli florets, roasted Brussels sprouts, and what appears to be ground meat or poultry mixture with vegetables",345.00,430.00,0.200
dish_1567020394,fish | broccoli | brussels sprouts,176.16,265.00,"A plate with roasted broccoli florets, roasted Brussels sprouts, and what appears to be a piece of grilled or roasted chicken/poultry",250.00,375.00,0.500
dish_1567021799,arugula,93.82,76.00,A mixed green salad with leafy greens and red/pink stems on a white square plate,16.00,100.00,0.500
dish_1567021831,fish | arugula,252.44,228.00,A plated meal consisting of mixed green salad with red/pink stems (possibly chard or beet greens) and a crispy breaded protein portion on the right side of a white square plate,315.00,230.00,0.333
dish_1567022147,cherry tomatoes | bell peppers,34.92,128.00,Diced bell peppers (red and green) being cooked in a stainless steel pan/wok on a stovetop,53.00,180.00,0.500
dish_1567021864,fish | pizza,342.88,262.00,"A plated meal consisting of mixed greens with red stems, a protein item with red sauce, and a grain-based side dish",390.00,310.00,0.250
dish_1567022212,bell peppers | carrot | cherry tomatoes,89.11,197.00,Stir-fry preparation in progress with julienned vegetables in a wok on stovetop,55.00,145.00,0.500
dish_1567022180,bell peppers | carrot | cherry tomatoes,48.86,162.00,"Stir-fried vegetables in a wok/large pan, appears to be early stage of cooking with shredded carrots and sliced peppers",94.00,140.00,0.500
dish_1567022251,onions | cherry tomatoes | carrot | bell peppers,111.91,254.00,Stir-fry preparation with sliced onions and shredded carrots in a stainless steel wok or large pan on a stovetop,54.00,150.00,0.500
dish_1567022296,onions | bell peppers | chicken,425.41,444.00,Stir-fry dish with tofu cubes and mixed vegetables (red peppers and onions) in a stainless steel wok/pan on stovetop,212.00,280.00,0.500
dish_1567022338,chicken | parmesan cheese,507.24,463.00,A pan containing cubed tofu with sautéed vegetables including what appears to be red peppers and onions,340.00,490.00,0.000
dish_1567023110,,46.00,40.00,Small portion of dark red/burgundy beans on a white plate with a single green bean or herb garnish,88.00,100.00,0.000
dish_1567022383,chicken | parmesan cheese,527.09,508.00,A bowl containing what appears to be a creamy spread or dip (possibly hummus or similar) mixed with diced white cheese and red peppers,475.00,320.00,0.333
dish_1567023132,kimchi,59.20,84.00,Minimalist meal consisting of a small portion of cooked red meat/bacon and dark legumes (likely olives or beans) on a white plate,130.00,75.00,0.000
dish_1567023161,chicken | kimchi,141.70,134.00,"A plate with roasted red pepper, black olives, and crumbled white cheese (likely feta), appearing to be a Mediterranean-style appetizer or side dish",165.00,150.00,0.000
dish_1567023184,chicken | kimchi | kale,191.51,195.00,"A plate with chopped kale, diced roasted vegetables including red pepper, dark mushrooms, and diced potatoes or cauliflower",153.00,280.00,0.167
dish_1567023262,,72.32,64.00,"A small garden salad with mixed greens, vegetables, and what appears to be a light dressing, served on a white square plate",82.00,130.00,0.000
dish_1567023296,garlic | pecans | chard | arugula,107.18,92.00,"A mixed green salad with leafy greens, red/purple stems, and what appears to be a small piece of potato or root vegetable on a white square plate",69.00,120.00,0.333
dish_1567024066,cheese pizza,228.67,86.00,Minimal meal consisting of two small pieces of what appears to be flatbread or crackers with toppings on a white plate,180.00,60.00,0.000
dish_1567023335,garlic | pecans | almonds | arugula | chard | carrot,138.34,117.00,"Mixed green salad with leafy greens, vegetables, and what appears to be a light dressing on a white square plate",163.00,192.00,0.200
dish_1567024112,cheese pizza | chicken thighs,274.08,116.00,"Light meal consisting of crackers with what appears to be a spread or topping, served on a white plate",160.00,55.00,0.333
dish_1567023375,tofu,248.57,268.00,"Mixed grain salad with leafy greens, roasted vegetables, and protein component on a white square plate",310.00,280.00,0.000
dish_1567024135,cheese pizza | chicken thighs | roasted potatoes,317.79,147.00,"Light meal consisting of flatbread/naan with toppings, roasted potato wedges, and what appears to be rice or similar grain",320.00,195.00,0.200
dish_1567024187,cheese pizza | chicken thighs | roasted potatoes,334.95,235.00,"Light meal consisting of sautéed zucchini slices, roasted potatoes, and what appears to be flatbread or pizza with toppings",335.00,330.00,0.500
dish_1567024224,chicken thighs | cheese pizza | cauliflower | roasted potatoes,354.95,315.00,"Light meal consisting of roasted vegetables, cauliflower, pizza, and what appears to be seasoned protein",525.00,420.00,0.800
dish_1567024252,chicken thighs | roasted potatoes | cheese pizza,512.02,454.00,"Mixed vegetable and protein plate with grilled vegetables, cauliflower, leafy greens salad, and flatbread",465.00,470.00,0.000
dish_1567106594,cherry tomatoes,15.84,88.00,Cherry tomatoes being cooked in a wok or large skillet with oil,72.00,155.00,0.500
dish_1567106620,bell peppers | cherry tomatoes,39.04,146.00,Sliced bell peppers (red and yellow) being cooked in a stainless steel pan/wok on a stovetop,40.00,140.00,0.500
dish_1567106668,onions | cherry tomatoes | carrot | bell peppers,80.31,248.00,Stir-fry preparation in progress with shredded carrots and sliced onions being cooked in a wok or large pan,55.00,165.00,0.500
dish_1567106646,cherry tomatoes | bell peppers | onions,61.04,201.00,Vegetables being sautéed in a pan - sliced onions and bell peppers on a stovetop,107.00,235.00,0.500
dish_1567106794,walnuts | lettuce | garlic | blue cheese,102.34,48.00,"A plated salad composed of mixed greens, crispy fried noodles, and fresh vegetables on a white square plate",108.00,120.00,0.143
dish_1567106693,onions | chicken | bell peppers | carrot,359.16,417.00,"Stir-fry preparation in progress with tofu, shredded carrots, and other vegetables in a wok with liquid/sauce",280.00,405.00,0.286
dish_1567106825,beef,220.20,104.00,"A plated salad with greens, crispy fried item, noodles, and fresh vegetables on a white square plate",257.00,175.00,0.000
dish_1567106870,pizza | beef,504.82,211.00,"Mixed meal plate with pizza, salad, and what appears to be a meat-based item, served on a white square plate",615.00,350.00,0.250
dish_1567107839,ketchup | fish | white rice,174.28,156.00,A single plate with what appears to be a fried seafood item (possibly shrimp or fish) with battered coating and green vegetable garnish on a white square plate,155.00,115.00,0.200
dish_1567107989,chickpeas | arugula,140.14,111.00,"Mixed green salad with leafy greens, red pepper strips, and what appears to be avocado on a white square plate",65.00,145.00,0.250
dish_1567108037,chickpeas | beef,674.73,365.00,Grilled or pan-seared protein with mixed green salad on a white square plate,360.00,238.00,0.000
dish_1567110519,lettuce | lime | onions | cucumbers | cherry tomatoes,100.94,100.00,A mixed green salad with shredded cheese and diced vegetables on a white square plate,71.00,110.00,0.286
dish_1567107049,brownies,107.20,23.00,"A small portion of what appears to be a chocolate or dark brown food item on a white paper/napkin, mounted on a wooden frame in what looks like an experimental or display setup",45.00,15.00,0.000
dish_1567110556,green beans,127.11,150.00,"Mixed green vegetable stir-fry or sauté with green beans, leafy greens, and crispy fried noodles on a white plate",190.00,175.00,0.250
dish_1567110756,pizza,111.72,42.00,Single spring roll or egg roll on a white square plate,85.00,45.00,0.000
dish_1567110631,green beans,252.61,260.00,"Mixed vegetable plate with green beans, leafy greens with sprouts, and a grain-based hash or fried rice mixture",345.00,355.00,0.333
dish_1567110665,fish | white rice | ketchup,556.49,532.00,"Mixed Asian-style meal with fried rice cakes, stir-fried vegetables, and fresh green salad",560.00,500.00,0.167
dish_1567110783,pizza | beef,465.31,210.00,Plate with cooked meat slices and two fried spring rolls on a white square plate,500.00,180.00,0.333
dish_1567110811,pizza | beef,537.99,282.00,"Plated meal consisting of sliced meat, fried wontons, and mixed green salad with red pepper garnish",460.00,260.00,0.200
dish_1567525637,bell peppers,153.26,81.00,"A stir-fried vegetable dish featuring fresh spinach leaves with julienned red and orange bell peppers, appears to be lightly cooked or wilted, served on a white plate",29.00,107.00,0.500
dish_1567525712,bacon | hash browns,510.54,184.00,"A plate containing fried rice with vegetables, fresh spinach or leafy greens, and what appears to be a piece of bacon or processed meat",392.00,315.00,0.250
dish_1567526738,egg whites,225.16,433.00,"A plate of boiled or steamed potatoes, diced into chunks, with what appears to be fried items in the background on another plate",185.00,250.00,0.000
dish_1567526814,egg whites | watermelon | yam | sweet potato,408.25,639.00,"A plate containing mashed potatoes, diced red bell pepper, and roasted sweet potato cubes",295.00,400.00,0.200
dish_1567526785,egg whites | sweet potato | yam,378.25,539.00,"A plate with mashed potatoes, roasted sweet potato chunks, and what appears to be boiled potatoes or cauliflower",425.00,380.00,0.250
dish_1567526845,egg whites | watermelon | yam | sweet potato,448.15,709.00,"Mixed vegetable and protein plate with mashed potatoes, roasted sweet potatoes, fresh tomatoes, and blueberries",345.00,485.00,0.200
dish_1567526888,sweet potato | salsa | egg whites | watermelon | yam,479.18,816.00,"Dessert plate with whipped cream, caramel sauce, fresh berries, and what appears to be fried pastry or churro pieces",477.00,270.00,0.000
dish_1567537185,beef | white rice,402.98,185.00,Plated meat dish with sautéed greens and microgreens garnish on a white square plate,208.00,130.00,0.250
dish_1567537212,beef | white rice,432.51,238.00,Plate with cooked beef slices and steamed broccoli florets,297.00,215.00,0.333
dish_1567537252,white rice | beef | carrot,464.46,303.00,"Plated meal with sliced cooked beef, steamed broccoli florets, and sliced carrots on a white square plate",340.00,250.00,0.500
dish_1567537280,cheese pizza | beef,733.02,404.00,"Plate with sliced beef, vegetables, and pizza squares",720.00,425.00,0.500
dish_1567537352,lettuce,50.79,73.00,"Mixed green salad with lettuce, dark leafy greens, cucumber, and red bell pepper on a white square plate",29.00,140.00,0.333
dish_1567525744,bacon | scrambled eggs | hash browns,679.26,298.00,Mixed grain and vegetable plate with what appears to be quinoa or couscous-based dishes and sautéed leafy greens with red pepper,435.00,365.00,0.000
dish_1567537422,broccoli | cantaloupe,109.32,203.00,"A vegetable plate consisting of mixed salad greens, steamed broccoli florets, diced sweet potato/carrot, and what appears to be a small red pepper piece",90.00,275.00,0.200
dish_1567538263,arugula | chickpeas,70.70,56.00,Small portion of mixed green salad with leafy greens and what appears to be a single cherry tomato,15.00,55.00,0.333
dish_1567537457,white rice | cantaloupe | chicken thighs | broccoli,297.77,361.00,"A balanced plate with grilled/sautéed protein, mixed green salad, roasted vegetables, and broccoli",317.00,445.00,0.286
dish_1567542778,cheese pizza,260.58,98.00,A single slice of cheese pizza on a white plate,285.00,100.00,1.000
dish_1567538303,white rice | beef,617.45,307.00,Mixed protein dish with ground meat and fresh vegetable garnish on a white square plate,340.00,193.00,0.250
dish_1567542813,white rice | cheese pizza,316.64,145.00,Two pieces of pizza on a white plate,525.00,185.00,0.500
dish_1567542843,beef | white rice | cheese pizza,471.30,216.00,"Plate with ground meat mixture with herbs, roasted vegetable (appears to be sweet potato or carrot), and pizza slice with cheese and tomato sauce",505.00,295.00,0.200
dish_1567542876,white rice | cheese pizza | beef,495.81,260.00,"A plated meal consisting of broccoli, sliced beef with orange vegetables, and a cheese-topped item, served on a white square plate",480.00,350.00,0.400
dish_1567542914,white rice | cheese pizza | beef,514.00,297.00,"Plated meal with protein, starch, vegetables and broccoli on a white square plate",480.00,345.00,0.500
dish_1567542953,beef | white rice | pineapple | cheese pizza,542.50,354.00,"Mixed plate with protein, starch, and vegetables including sliced meat, pizza, potatoes, broccoli, and roasted red peppers",630.00,480.00,0.333
dish_1567612954,sweet potato,148.35,155.00,Small portion of roasted sweet potato chunks on a white square plate,45.00,75.00,1.000
dish_1567542986,cheese pizza | pineapple | beef | caesar salad | white rice,605.86,498.00,"Mixed plate with meat, vegetables, starch, and what appears to be pizza or flatbread",560.00,520.00,0.222
dish_1567612986,egg whites | sweet potato,340.23,524.00,A plate with mashed potatoes and roasted sweet potato cubes,275.00,310.00,0.500
dish_1567613019,sweet potato | watermelon | egg whites,376.53,645.00,"Plate containing mashed potatoes, roasted sweet potato cubes, and diced red bell peppers",295.00,375.00,0.250
dish_1567625294,avocado,51.20,32.00,"A single banana sliced in half, placed on a white square plate",105.00,120.00,0.000
dish_1567613057,egg whites | watermelon | sweet potato | salsa,406.69,749.00,"A plate with white cheese/feta, sautéed red peppers, orange/red roasted vegetables, and what appears to be a green olive tapenade or similar spread",370.00,285.00,0.000
dish_1567625392,bulgur | avocado,208.23,171.00,"A salad plate consisting of mixed greens, leafy vegetables, and sliced avocado with cherry tomato garnish on a white square plate",160.00,195.00,0.250
dish_1567625343,chard | avocado | kale,65.48,74.00,A minimalist plated meal consisting of sliced lemon and sautéed dark leafy greens (appears to be Swiss chard or similar) on a white square plate,30.00,125.00,0.250
dish_1567628069,garlic | arugula | lemon juice | bulgur | shallots | apple,107.43,73.00,A small salad portion consisting primarily of mixed green leafy vegetables on a white square plate,12.00,40.00,0.000
dish_1567625434,avocado | bulgur | chicken,581.25,396.00,"Mixed salad plate with greens, cherry tomatoes, cucumber slices, and a portion of what appears to be a grain-based or protein-based hot dish on the side",332.00,430.00,0.000
dish_1567628099,kale,127.49,132.00,Mixed green salad with leafy greens and vegetables on a white square plate,25.00,120.00,0.333
dish_1567628157,fish | country rice,373.19,355.00,A plated meal consisting of a breaded and fried protein cutlet served on a bed of mixed green salad with what appears to be cauliflower florets,340.00,265.00,0.000
dish_1567629081,cheese pizza,239.31,90.00,Two rectangular flatbread or pizza squares with cheese and what appears to be bacon bits or crispy toppings on a white square plate,420.00,160.00,1.000
dish_1567628193,quinoa | country rice | fish,492.68,439.00,Mixed grain and vegetable bowl with leafy greens and what appears to be a grain-based patty or fritter,375.00,325.00,0.143
dish_1567785130,granola,76.69,59.00,A small portion of sautéed green peppers and carrots on a white disposable plate,57.00,93.00,0.000
dish_1567629106,caesar salad | cheese pizza,292.55,211.00,A light meal consisting of sautéed cabbage and two pieces of flatbread topped with cheese and bacon bits on a white square plate,365.00,310.00,0.333
dish_1567785165,sausage,273.11,116.00,A light meal consisting of a vegetable stir-fry with mushrooms served on a white disposable plate,105.00,250.00,0.000
dish_1567785622,,30.78,54.00,Yogurt bowl with fresh berries (strawberries and blueberries),120.00,225.00,0.000
dish_1567785223,sausage | scrambled eggs,487.71,261.00,"Plate with sautéed vegetables, scrambled eggs, and what appears to be sausage or meat on a white disposable plate",375.00,285.00,0.667
dish_1567785709,pineapple,131.25,138.00,"Fresh fruit and vegetable plate with pineapple chunks, strawberries, blueberries, and mixed green salad with shredded carrots on a white round plate",94.00,255.00,0.500
dish_1567785654,pineapple,51.78,96.00,"Fresh fruit plate with yogurt base containing pineapple chunks, strawberries, and blueberries",173.00,310.00,0.500
dish_1567785739,sweet potato | pineapple,168.58,177.00,"A balanced plate meal consisting of roasted potatoes, grilled chicken breast, fresh green salad with shredded carrots, red bell peppers, and berries on a white disposable plate",327.00,415.00,0.200
dish_1567785778,pineapple | greek yogurt | milk | chia seeds | sweet potato,303.51,310.00,"Mixed protein and vegetable plate with starch, containing ground meat patty, roasted potatoes, mixed vegetables, and fresh fruit",525.00,560.00,0.286
dish_1567789190,sausage,507.39,177.00,Fresh produce plate with red grapes and sliced bell peppers on a white disposable plate,79.00,170.00,0.000
dish_1567789230,sausage | scrambled eggs,689.43,300.00,"Breakfast plate with scrambled eggs, grapes, and sautéed vegetables with carrot strips",330.00,330.00,0.250
dish_1567789154,sausage,382.51,111.00,A white bowl containing fresh red grapes arranged on a light background,72.00,120.00,0.000
dish_1567789256,scrambled eggs | bacon | sausage,792.22,319.00,"Balanced breakfast plate with scrambled eggs, bacon, sautéed vegetables, and grapes on a white plate",420.00,285.00,0.400
dish_1567801468,caesar salad,86.24,196.00,A Caesar salad with croutons served on a white disposable plate,214.00,131.00,0.250
dish_1567801716,cheese pizza,101.04,38.00,A single small slice of pizza with tomato sauce and cheese on a white plate,145.00,65.00,1.000
dish_1567801520,white rice | sugar | caesar salad | pork,919.10,600.00,"Asian stir-fry dish with noodles and meat protein, served on a white disposable plate",653.00,360.00,0.125
dish_1567801748,cheese pizza | pork,169.07,71.00,Light meal consisting of pizza slice and what appears to be fried wonton or pastry pieces on a white plate,315.00,115.00,0.333
dish_1567801791,cheese pizza | roasted potatoes | pork,225.47,111.00,"A light meal consisting of a slice of pizza, roasted potato wedges, and what appears to be roasted chicken or meat pieces on a white plate",455.00,230.00,0.500
dish_1567801830,caesar salad | cheese pizza | roasted potatoes | pork,265.07,201.00,"Mixed plate with protein, starch, and vegetables. Appears to be a light meal or lunch plate with roasted/fried items and prepared vegetables.",570.00,405.00,0.125
dish_1568044496,watermelon,35.40,118.00,"Light meal consisting of diced red bell peppers on a white plate, with what appears to be a baked good or toast on a side plate",95.00,95.00,0.000
dish_1568044528,sweet potato | watermelon,145.46,233.00,A plate of raw diced vegetables consisting of red bell pepper and sweet potato,50.00,170.00,0.333
dish_1568044581,sweet potato | egg whites | watermelon,386.22,696.00,"A plate with mashed potatoes, roasted sweet potato cubes, and diced red bell peppers",285.00,360.00,0.250
dish_1568047932,broccoli,30.64,55.00,Small portion of cooked broccoli florets on a white plate,28.00,85.00,1.000
dish_1568047973,broccoli | scrambled eggs,295.56,234.00,A simple meal consisting of scrambled eggs and steamed broccoli served on a white square plate,215.00,185.00,1.000
dish_1568044634,salsa | sweet potato | egg whites | watermelon,413.19,789.00,"Plated meal consisting of mashed potatoes, brown gravy, and diced vegetables (red bell peppers and sweet potato/carrots)",305.00,450.00,0.143
dish_1568048018,turkey bacon | scrambled eggs,496.80,287.00,"Breakfast plate with scrambled eggs, steamed broccoli, and two sausage links",595.00,295.00,0.250
dish_1568055963,,36.80,32.00,Red kidney beans being cooked in a wok or large pan with water/cooking liquid,145.00,310.00,0.000
dish_1568048053,chicken apple sausage | turkey bacon | scrambled eggs,607.20,356.00,"Breakfast or brunch plate with scrambled eggs, sautéed vegetables with mushrooms, two sausage links, and what appears to be hash browns or home fries",625.00,360.00,0.500
dish_1568055986,onions,54.40,76.00,Sliced red onions being sautéed in a stainless steel pan on a stovetop,77.00,125.00,0.500
dish_1568056019,cherry tomatoes | onions,64.30,131.00,"Raw ingredients being prepared in a stainless steel wok or large pan on stovetop - sliced red onions and cherry tomatoes, appearing to be the start of a stir-fry or sauté",59.00,270.00,1.000
dish_1568056258,chicken | caesar dressing,506.36,485.00,Pan-cooked meal with cubed tofu and red bell pepper strips in a stainless steel wok or large pan,217.00,345.00,0.000
dish_1568056217,chicken,480.78,427.00,A stir-fry dish in progress with diced tofu and shredded red bell pepper in a stainless steel wok on a stovetop,215.00,320.00,0.000
dish_1568056046,carrot | cherry tomatoes | onions,88.08,189.00,"A soup or broth-based dish in a stainless steel pot containing shredded carrots, tomatoes, and what appears to be onions or other vegetables in a brown/reddish broth",100.00,560.00,0.750
dish_1568060414,mangos | arugula | tomatoes,53.60,146.00,Mixed vegetable side dish with pasta and diced vegetables on a white plate,161.00,180.00,0.000
dish_1568060501,fried rice | pork,548.66,413.00,"Mixed protein and vegetable plate with shredded meat, mashed potatoes, and vegetable medley",520.00,390.00,0.200
dish_1568060461,white rice | pork,376.76,304.00,"A plate with three distinct food components: a vegetable medley with diced vegetables, a meat-based dish with rice, and what appears to be a leafy green vegetable preparation",280.00,275.00,0.250
dish_1568060542,pork | fried rice,583.38,481.00,"Mixed protein and vegetable plate with shredded meat, roasted vegetables, and cauliflower rice",487.00,475.00,0.400
dish_1568060616,,17.08,61.00,Mixed green salad with dark leafy greens and light vegetables on a white plate,35.00,190.00,0.000
dish_1568060722,avocado | chicken,460.58,359.00,Mixed green salad with tofu cubes and green beans on a white plate,230.00,380.00,0.000
dish_1568060646,onions,31.48,97.00,"Mixed green salad with lettuce, red onion slices, and what appears to be pickled vegetables on a white plate",53.00,225.00,0.250
dish_1568060697,onions | avocado,133.88,161.00,Mixed green salad with avocado slices and red onion on a white plate,147.00,165.00,0.667
dish_1568060746,avocado | chicken,778.82,395.00,"Salad bowl with mixed greens, cubed tofu, and sliced green peppers",219.00,350.00,0.000
dish_1568061097,cheese pizza,146.24,55.00,A single piece of what appears to be cheese pizza or flatbread with melted cheese and tomato sauce on a white square plate,220.00,85.00,1.000
dish_1568061174,pineapple | squash | cheese pizza,232.55,287.00,"A plate with roasted potatoes, zucchini slices, and what appears to be a salmon or fish fillet with seasoning",320.00,370.00,0.000
dish_1568061202,brussels sprouts | squash | pineapple | cheese pizza,256.55,334.00,"A plate with roasted vegetables, grilled zucchini, roasted Brussels sprouts, boiled potatoes, and a piece of salmon with tomato topping",390.00,460.00,0.143
dish_1568061234,cheese pizza | brussels sprouts | squash | pineapple | quinoa,290.69,358.00,"Balanced plate with protein, starch, and vegetables including ground meat, potatoes, zucchini, and what appears to be a baked fish or protein item",500.00,425.00,0.125
dish_1568061145,cheese pizza | squash,187.05,196.00,"A plated meal consisting of sliced potatoes, sliced zucchini, and what appears to be a baked salmon or fish fillet with seasoning",300.00,370.00,0.000
dish_1568061272,quinoa | chicken breast | cheese pizza | pineapple | squash | brussels sprouts,380.39,415.00,"Plate with roasted meat, ground meat/grain, roasted potatoes, and sautéed zucchini slices",775.00,510.00,0.111
dish_1568305198,turkey bacon,311.35,82.00,Plate of fried sausages/hot dogs on a white square plate,520.00,200.00,0.000
dish_1568061320,squash | pork | cheese pizza | pineapple | quinoa | chicken breast,535.84,491.00,"Plated meal with roasted meat, potatoes, zucchini, and what appears to be a grain or lentil-based component",680.00,575.00,0.100
dish_1568305225,turkey bacon,428.67,144.00,"Plate with sliced cooked meat (appears to be duck or beef), sautéed leafy greens with julienned carrots",375.00,270.00,0.000
dish_1568313487,,13.72,49.00,Mixed green salad with various lettuce varieties and leafy greens on a white square plate,15.00,85.00,0.000
dish_1568305257,turkey bacon | scrambled eggs,837.15,420.00,"A plate containing fried potato product, sausages, and sautéed leafy greens",645.00,340.00,0.000
dish_1568313527,avocado,48.92,71.00,Mixed green salad with various leafy greens and vegetables on a white square plate,44.00,200.00,0.000
dish_1568313575,mushroom | avocado,57.94,112.00,Mixed green salad with dark leafy greens and sliced vegetables on a white square plate,28.00,135.00,0.000
dish_1568314823,avocado,144.00,90.00,Minimalist meal consisting of two pieces of zucchini on a white square plate,32.00,160.00,0.000
dish_1568313640,onions | mushroom | avocado,71.14,145.00,"Mixed green salad with dark leafy greens, lettuce, red onion slices, and what appears to be avocado on a white square plate",80.00,155.00,0.400
dish_1568313676,avocado | chicken | onions,184.99,214.00,Mixed green salad with cubed tofu and roasted vegetables including eggplant and red onion,185.00,360.00,0.143
dish_1568314857,beef | avocado,295.54,162.00,Plate with cooked beef steak and zucchini slices on a white square plate,285.00,250.00,0.333
dish_1568314951,avocado | salmon | beef,496.13,325.00,"Plated meal with sliced meat, mashed potato topping, grilled vegetables including zucchini and cherry tomatoes",465.00,375.00,0.167
dish_1568314907,beef | avocado | salmon,481.17,281.00,"Plated meal consisting of sliced meat with mashed potatoes, pickled cucumbers, and fresh herbs garnish on a white square plate",443.00,313.00,0.167
dish_1568315001,salmon | beef | avocado,504.71,364.00,"Plated meal with sliced meat, mashed potatoes, and roasted vegetables on a white square plate",565.00,465.00,0.143
dish_1568315040,avocado | quinoa | salmon | beef,555.92,400.00,"Plated meal with sliced meat, mashed potatoes, grain-based side dish, and roasted vegetables",715.00,550.00,0.111
dish_1568315132,quinoa | beef | salmon | avocado,591.27,440.00,"Plate with sliced meat, mashed potatoes, quinoa, roasted vegetables including green beans, cherry tomatoes, and zucchini",785.00,635.00,0.250
dish_1568315088,avocado | salmon | quinoa | beef,582.37,423.00,"Mixed plate with grilled meat, mashed potatoes with herbs, grain-based side dish, and roasted vegetables including zucchini, tomatoes, and mushrooms",710.00,500.00,0.111
dish_1568315177,quinoa | avocado | salmon | beef,637.81,497.00,"A plated meal consisting of sliced meat, mashed potatoes with herbs, grain-based side dish, sautéed leafy greens, roasted vegetables (tomatoes and zucchini)",850.00,650.00,0.250
dish_1568315988,tofu,50.37,69.00,"Small portion of mixed prepared dish on a white square plate, appearing to contain tofu, crispy fried elements, and vegetables",150.00,130.00,0.250
dish_1568316085,beef | tofu,378.54,258.00,"A plated meal consisting of grilled meat, roasted potatoes with vegetables, and a fresh arugula salad",445.00,300.00,0.250
dish_1568318286,,32.20,115.00,A mixed green salad with leafy greens and vegetables on a white plate,55.00,190.00,0.000
dish_1568316041,arugula | tofu,149.13,149.00,A light meal consisting of mixed green salad with leafy greens and a small portion of what appears to be roasted potatoes and possibly tofu or chicken with vegetables on the side,115.00,225.00,0.400
dish_1568318361,broccoli,540.82,341.00,Grilled beef steak with fresh broccoli florets on a white plate,415.00,340.00,0.500
dish_1568318316,,525.42,297.00,Grilled meat slices served on a bed of mixed green salad with greens and what appears to be green apple slices on a white plate,340.00,340.00,0.000
dish_1568318408,chicken,907.12,563.00,"A protein-based salad with cubed poultry (likely chicken breast), fresh broccoli florets, and leafy greens on a white plate",310.00,350.00,0.333
dish_1568318480,chicken,1119.28,587.00,"A protein and vegetable bowl consisting of cubed tofu, fresh broccoli florets, and leafy greens on a white plate",250.00,430.00,0.000
dish_1568319725,bell peppers,111.64,59.00,Small salad portion consisting of mixed leafy greens with red stems on a white square plate,8.00,35.00,0.000
dish_1568319769,pizza,356.36,151.00,"A plated meal consisting of a small flatbread or pizza base topped with vegetables, accompanied by fresh leafy greens on the side",222.00,230.00,0.250
dish_1568320296,cheese pizza,226.01,85.00,Two slices of what appears to be cheese pizza or tomato-based flatbread on a white square plate,320.00,140.00,1.000
dish_1568319838,pizza | salmon,607.51,312.00,"Asian-style meal with grilled protein, leafy greens, and vegetables on a white square plate",371.00,335.00,0.000
dish_1568319899,pizza | salmon,627.66,377.00,"A plate with grilled fish fillet topped with vegetables, served alongside fresh green beans and leafy greens with red stems",260.00,335.00,0.000
dish_1568320338,cheese pizza | beef,390.18,163.00,"Light meal consisting of cooked meat, likely beef or steak, and two slices of pizza on a white square plate",500.00,245.00,1.000
dish_1568320427,cheese pizza | beef | quinoa,450.76,240.00,"Plated meal consisting of sliced meat, couscous with tomato, cheese-topped crackers, and green beans",515.00,340.00,0.400
dish_1568400935,,11.76,42.00,"Mixed green salad with spinach, lettuce, and other leafy greens on a white plate",25.00,120.00,0.000
dish_1568320383,beef | quinoa | cheese pizza,437.12,196.00,"A plated meal consisting of couscous, sliced meat, tomato-based sauce, and what appears to be pizza or flatbread with tomato topping",520.00,280.00,0.500
dish_1568320470,beef | quinoa | cheese pizza,521.04,341.00,"A plate containing sliced meat, green beans salad, couscous, and what appears to be flatbread or pizza slices with tomato sauce",805.00,465.00,0.500
dish_1568400967,broccoli,36.61,113.00,"A plate of raw and cooked green vegetables featuring broccoli, spinach, and what appears to be green beans or snap peas",81.00,245.00,0.333
dish_1568401090,avocado | chicken,1158.99,614.00,"Mixed salad bowl with shredded chicken, sliced avocado, green bell pepper strips, and leafy greens",315.00,320.00,0.500
dish_1568401064,chicken | avocado,787.71,572.00,"Salad bowl with mixed greens, shredded chicken, avocado slices, and what appears to be feta cheese, with shredded vegetables visible on the side plate",515.00,415.00,0.333
dish_1568401018,chicken,587.71,447.00,Salad with mixed greens and cubed chicken breast,195.00,220.00,0.500
dish_1568401167,tuna salad,426.36,228.00,"A mixed grain and vegetable dish, appears to be a rice or grain-based preparation with visible vegetables including carrots and possibly peas or other mixed vegetables",255.00,180.00,0.000
dish_1568401199,tuna salad | squash,459.64,343.00,A plate with orange-colored fried items and a mixed grain or potato salad with vegetables,465.00,300.00,0.000
dish_1568401233,carrot | tuna salad,490.39,418.00,"Mixed plate with cooked chicken or tuna salad, shredded raw carrot, and what appears to be fried sweet potato or pumpkin pieces",308.00,245.00,0.667
dish_1568401261,carrot | avocado | tuna salad,530.39,443.00,"A plate with breaded and fried orange-colored item, ground meat mixture, shredded carrot, and cucumber slices on a white square plate",552.00,340.00,0.167
dish_1568404850,fried rice,157.70,100.00,"Fried rice dish with vegetables on a white square plate, appears to be a single appetizer or side portion",212.00,165.00,0.333
dish_1568401302,fried rice | avocado | tuna salad,716.48,561.00,"Mixed grain/rice dish with ground meat, roasted vegetables, and fresh vegetable sides on a white square plate",840.00,600.00,0.143
dish_1568405183,spinach (raw),72.40,64.00,A small portion of fresh spinach leaves on a white plate,7.00,25.00,1.000
dish_1568404889,fried rice | rice noodles,247.29,219.00,"Fried rice dish with two varieties - orange/tomato-based fried rice on the left and vegetable fried rice with visible carrots and peas on the right, served on a white square plate",550.00,290.00,1.000
dish_1568405405,spinach (raw),83.72,74.00,A minimal salad composed of fresh greens and diced red peppers on a white square plate,17.00,70.00,0.500
dish_1568405273,salmon | kale | brown rice,386.20,288.00,"A plated meal consisting of fresh spinach leaves, a grain-based salad with herbs and cheese, and a lentil-based salad with red peppers",318.00,290.00,0.000
dish_1568405214,kale | spinach (raw),144.26,152.00,A plated dish featuring fresh spinach leaves and what appears to be a kale or leafy green salad with white crumbled cheese (likely feta) and chickpeas or similar legumes,136.00,165.00,0.500
dish_1568405306,kale | salmon | brown rice | tofu,421.24,336.00,"A plated dish featuring fresh spinach leaves, quinoa-based mixture with herbs and cheese, roasted vegetables including red peppers, and what appears to be a grain or legume-based component",325.00,260.00,0.000
dish_1568405466,rice noodles | pineapple | spinach (raw),153.10,189.00,"Plated meal consisting of fresh green salad with red pepper, cooked shrimp with vegetables, and boiled potatoes",195.00,310.00,0.000
dish_1568405430,rice noodles | spinach (raw),119.10,121.00,A plated meal consisting of fresh greens/salad on the left side and a rice-based dish with shredded vegetables on the right side,205.00,200.00,0.500
dish_1568649312,,44.46,78.00,"Small plate with fresh berries - a mix of red raspberries and black berries (likely blackberries), appears to be a light snack or dessert portion",60.00,110.00,
dish_1568649354,broccoli,72.87,129.00,A small plate with roasted broccoli florets and mixed berries (raspberries and blackberries),65.00,135.00,1.000
dish_1568405499,brown rice | salmon | pineapple,562.27,419.00,"Protein-based meal with cooked seafood, leafy greens, boiled potatoes, and vegetable garnish on a white square plate",410.00,360.00,0.143
dish_1568649387,sweet potato | broccoli | yam,163.86,192.00,"A plate with roasted vegetables including broccoli, red peppers, black olives, and diced carrots on a white square plate",140.00,245.00,0.200
dish_1568660810,pepperoni pizza,132.54,47.00,"A slice of pizza on a white square plate, appearing to be a pepperoni or meat pizza with cheese",285.00,110.00,1.000
dish_1568649430,yam | sweet potato | scrambled eggs,363.66,327.00,Mixed vegetable plate with scrambled eggs and roasted vegetables on a white square plate,280.00,325.00,0.400
dish_1568664931,spinach (raw),67.88,60.00,A mixed green salad with leafy greens and colorful vegetables on a white square plate,24.00,95.00,0.333
dish_1568664972,chicken | millet,303.42,221.00,"Plate with fried poultry, mixed green salad, and what appears to be a starch-based side, photographed at an angle",485.00,255.00,0.250
dish_1568665012,brussels sprouts | millet | chicken,327.42,268.00,"Plated meal with grilled/pan-seared chicken, sautéed okra, and fresh mixed greens salad on a white square plate",355.00,340.00,0.200
dish_1568665935,cheese pizza,154.22,58.00,A single piece of cheese pizza on a white square plate,285.00,95.00,1.000
dish_1568665052,brussels sprouts | millet | chicken,345.65,331.00,"Plated meal consisting of mixed green salad, sliced poultry (appears to be chicken), roasted potatoes, and what appears to be a breaded/fried component",445.00,460.00,0.167
dish_1568665970,cheese pizza | caesar salad,202.18,167.00,Light meal consisting of a baked cheese-topped item and a green salad on a white square plate,265.00,190.00,0.500
dish_1568666032,caesar salad | cheese pizza | chicken,243.58,220.00,"Plated meal with salmon fillet, what appears to be a cheese or protein-based item, and mixed green salad with vegetables",595.00,385.00,0.200
dish_1568666000,cheese pizza | caesar salad,209.93,197.00,"A plated meal consisting of a salmon fillet with what appears to be a tomato-based topping, served with mixed green vegetables including lettuce, herbs, and what appears to be potato or root vegetable pieces.",300.00,330.00,0.000
dish_1568666089,cheese pizza | caesar salad | brussels sprouts | chicken,276.42,335.00,"Plated meal with grilled salmon, roasted vegetables, and salad on white plate",553.00,435.00,0.286
dish_1568666230,lettuce | broccoli,55.80,268.00,"A plate of steamed/boiled broccoli and cauliflower florets, served on a white plate",125.00,270.00,0.333
dish_1568666061,caesar salad | chicken | brussels sprouts | cheese pizza,260.43,253.00,"Plated meal consisting of salmon fillet, roasted vegetables including brussels sprouts and kale, and what appears to be a cheese or protein-based item",720.00,450.00,0.333
dish_1568666184,lettuce,28.50,190.00,"Mixed green salad with lettuce and leafy greens in a white bowl, appears to be a simple garden salad with minimal dressing",43.00,200.00,0.500
dish_1568666263,lettuce | broccoli | artichokes,93.40,348.00,Stir-fried broccoli with sliced mushrooms and onions in a white bowl,145.00,330.00,0.200
dish_1568666303,artichokes | chicken | lettuce | broccoli,443.20,560.00,A salad bowl with fresh broccoli florets and cubed chicken breast,260.00,290.00,0.500
dish_1568666329,artichokes | chicken,743.76,594.00,"Green salad with cubed chicken breast, served on a white plate",180.00,200.00,0.333
dish_1568666357,chicken | artichokes,751.68,603.00,Caesar salad with croutons and grilled chicken breast on a white plate,415.00,320.00,0.200
