dish_id,true_ingredients,true_calories,true_weight,ai_description,ai_calories,ai_weight,ingredient_jaccard
dish_1556575014,,71.30,62.00,A plate of olives.,120.00,100.00,
dish_1556573514,,6.44,23.00,"Small side salad with mixed greens, sun-dried tomatoes, and red onion.",75.00,125.00,0.000
dish_1556572657,,41.40,36.00,A plate of olives.,75.00,25.00,
dish_1556575083,brussels sprouts,27.52,64.00,A plate with several Brussels sprouts.,48.00,80.00,1.000
dish_1556575327,brussels sprouts,103.30,152.00,"Plate of brussel sprouts, olives and green bell pepper",130.00,175.00,0.500
dish_1556575124,celery,4.48,28.00,Small plate of sliced green bell peppers.,15.00,75.00,0.000
dish_1556575273,brussels sprouts,103.30,152.00,"A plate with Brussels sprouts, kalamata olives, and celery.",150.00,230.00,0.333
dish_1556575386,brussels sprouts,103.30,152.00,"A small plate containing brussels sprouts, celery, and olives.",193.00,170.00,0.333
dish_1556575446,brussels sprouts,103.30,152.00,"Plate of brussels sprouts, black olives, and green bell pepper.",122.00,170.00,0.500
dish_1556575499,brussels sprouts,103.30,152.00,"A plate with brussels sprouts, kidney beans and celery.",210.00,250.00,0.333
dish_1557853314,yam,115.41,93.00,A plate of sweet potato fries.,250.00,150.00,0.000
dish_1557853154,,18.81,57.00,A small snack plate with sliced strawberries and a few blueberries.,22.00,65.00,
dish_1557861605,fish,35.10,39.00,Fish fillet on a white plate,250.00,120.00,1.000
dish_1557861697,eggplant,13.14,53.00,small plate of cooked eggplant,50.00,100.00,1.000
dish_1557861795,caesar salad,13.64,31.00,A small Caesar salad on a white plate.,80.00,100.00,1.000
dish_1557853229,eggs,195.93,126.00,A serving of scrambled eggs in a white bowl.,300.00,200.00,1.000
dish_1557862345,chicken,103.95,63.00,A small plate of cooked chicken pieces.,150.00,75.00,1.000
dish_1557862696,cauliflower,19.25,77.00,A plate of cauliflower.,80.00,200.00,1.000
dish_1557853429,eggs | yam,330.15,276.00,"A plate of scrambled eggs, sweet potato, and strawberries",400.00,350.00,0.333
dish_1557862783,chicken,442.98,258.00,"Plate of steak, mashed cauliflower, and diced chicken breast.",600.00,450.00,0.500
dish_1557862829,spinach (raw),5.52,24.00,A plate of spinach,21.00,84.00,1.000
dish_1557863012,cucumbers,3.10,31.00,A small plate of cucumber slices.,15.00,100.00,1.000
dish_1557861837,eggplant | caesar salad | fish,61.88,123.00,"A small meal with salad, eggplant and polenta",350.00,250.00,0.500
dish_1557863104,,46.00,40.00,Small plate of olives.,70.00,30.00,
dish_1557863170,avocado,129.82,142.00,"Salad with spinach, avocado, cucumber and grapes",251.00,310.00,0.250
dish_1557936555,eggs,149.28,96.00,A serving of scrambled eggs on a white plate.,206.00,150.00,1.000
dish_1557936599,broccoli,22.05,63.00,A plate of steamed broccoli.,45.00,150.00,1.000
dish_1557936645,,11.88,36.00,Sliced strawberries on a white plate.,20.00,60.00,
dish_1556575558,brussels sprouts,103.30,151.00,"Plate of olives, brussel sprouts, and celery",170.00,165.00,0.333
dish_1557937079,bacon,146.07,27.00,A plate with a few strips of bacon.,150.00,40.00,1.000
dish_1557862738,,319.78,118.00,A plate with cooked beef steak,450.00,150.00,0.000
dish_1557937335,yam,47.16,38.00,small serving of cooked sweet potato,86.00,80.00,0.000
dish_1557937037,,25.97,49.00,A small plate of raspberries,35.00,75.00,
dish_1557863056,avocado,75.20,47.00,A small plate of avocado slices.,160.00,100.00,1.000
dish_1557937574,,5.59,13.00,A small plate of blackberries.,18.00,50.00,
dish_1557937715,,20.67,39.00,A small bowl of raspberries.,26.00,70.00,
dish_1557937615,,6.93,21.00,Two strawberry pieces on a plate.,10.00,30.00,
dish_1558026623,honeydew melons,29.88,83.00,A serving of honeydew melon chunks on a white plate.,61.00,170.00,1.000
dish_1557937758,yam | eggs,106.78,128.00,"Plate with sweet potato chunks, scrambled eggs, blackberries, raspberries, and strawberries",175.00,220.00,0.333
dish_1558026684,cantaloupe,24.14,71.00,A plate of cantaloupe chunks.,51.00,130.00,1.000
dish_1558026714,bacon,129.84,24.00,Three strips of bacon on a white plate.,270.00,60.00,1.000
dish_1558026756,honeydew melons | cantaloupe | bacon,183.86,178.00,"A plate with bacon, cantaloupe, and honeydew melon.",265.00,280.00,1.000
dish_1558027164,bacon,162.30,30.00,A plate with cooked bacon.,135.00,30.00,1.000
dish_1558027057,yam,80.67,65.00,Small serving of cooked sweet potato,100.00,80.00,0.000
dish_1558028007,potatoes,54.67,71.00,A small serving of roasted potatoes on a plate.,150.00,100.00,1.000
dish_1558028492,cantaloupe,20.74,61.00,A small bowl of cantaloupe chunks,51.00,150.00,1.000
dish_1558028690,honeydew melons,23.76,66.00,Diced honeydew melon on a plate.,20.00,60.00,1.000
dish_1558029148,honeydew melons,38.88,108.00,A plate of cubed honeydew melon.,68.00,200.00,1.000
dish_1558029230,potatoes,88.55,115.00,A small serving of roasted potatoes on a white plate.,210.00,150.00,1.000
dish_1558029278,bacon,146.07,27.00,A small serving of bacon on a plate.,140.00,40.00,1.000
dish_1558029324,potatoes | bacon | honeydew melons,273.50,250.00,"A plate with roasted potatoes, bacon and honeydew melon.",310.00,310.00,1.000
dish_1558029518,yam,137.75,111.00,A plate of roasted sweet potato cubes.,160.00,200.00,0.000
dish_1558029686,bacon,119.02,22.00,Two strips of bacon on a white plate,130.00,50.00,1.000
dish_1558029842,cantaloupe,22.78,67.00,A small serving of cubed cantaloupe on a white plate.,51.00,128.00,1.000
dish_1558029923,bacon | yam | cantaloupe,279.55,200.00,"A plate with sweet potato, cantaloupe and bacon",360.00,285.00,0.500
dish_1558030182,potatoes,67.76,88.00,Small serving of roasted potatoes on a white plate.,150.00,100.00,1.000
dish_1558030289,honeydew melons,38.52,107.00,A small plate of cubed honeydew melon.,50.00,150.00,1.000
dish_1558030383,bacon,140.66,26.00,A plate with a few strips of bacon.,140.00,40.00,1.000
dish_1558030435,honeydew melons | potatoes | bacon,246.94,221.00,"Plate of roasted potatoes, bacon, and cantaloupe.",336.00,295.00,0.500
dish_1558030832,yam,89.35,72.00,A small plate of roasted sweet potatoes.,150.00,100.00,0.000
dish_1558030910,bacon,81.15,15.00,Two strips of bacon,150.00,40.00,1.000
dish_1558030971,honeydew melons,17.64,49.00,A small portion of honeydew melon on a white plate.,45.00,150.00,1.000
dish_1558031133,yam,136.51,110.00,A small serving of roasted sweet potato cubes on a white square plate.,150.00,120.00,0.000
dish_1558031237,cantaloupe,31.62,93.00,A plate of cantaloupe cubes.,51.00,120.00,1.000
dish_1557937427,eggs,26.43,17.00,A small serving of scrambled eggs.,120.00,80.00,1.000
dish_1558031526,yam,76.94,62.00,Small serving of roasted sweet potatoes on a white plate.,100.00,80.00,0.000
dish_1558031566,bacon,140.66,26.00,A plate of bacon,160.00,40.00,1.000
dish_1557937157,broccoli | eggs | bacon,355.25,271.00,"Breakfast plate with scrambled eggs, bacon, raspberries, strawberries and broccoli",430.00,400.00,1.000
dish_1558031675,yam | bacon | cantaloupe,248.88,180.00,"A plate of cantaloupe, roasted sweet potato, and bacon.",267.00,255.00,0.500
dish_1558032156,bacon,140.66,26.00,A small plate with several strips of bacon.,160.00,40.00,1.000
dish_1558109864,almonds,213.90,37.00,A plate of almonds.,280.00,40.00,1.000
dish_1558109907,grapes,43.47,63.00,A plate of grapes.,69.00,115.00,1.000
dish_1558109986,sausage,258.45,75.00,A plate of sliced kielbasa sausage.,165.00,50.00,1.000
dish_1558110245,,29.07,51.00,A small plate of raspberries and blackberries.,55.00,110.00,
dish_1558110297,,29.07,51.00,small snack of raspberries and blackberries in a bowl,36.00,60.00,
dish_1558110335,bacon,37.87,7.00,Small plate with two pieces of bacon.,200.00,28.00,1.000
dish_1558110385,eggs,52.87,34.00,A small serving of scrambled eggs on a white plate.,206.00,150.00,1.000
dish_1558110436,yam,85.63,69.00,A small serving of sweet potato on a plate.,150.00,130.00,0.000
dish_1558110478,eggs | yam,205.44,161.00,"A plate of breakfast foods including scrambled eggs, bacon, sweet potato, raspberries and blackberries.",420.00,375.00,0.250
dish_1558113154,grapes,37.26,54.00,A small bowl of red grapes.,69.00,120.00,1.000
dish_1558113204,almonds,179.21,31.00,A small bowl of almonds.,170.00,28.00,1.000
dish_1558113255,cantaloupe,30.60,90.00,A plate of cubed cantaloupe.,54.00,150.00,1.000
dish_1558028057,bacon,151.48,28.00,A plate with cooked bacon.,200.00,40.00,1.000
dish_1558113430,,7.84,28.00,A small salad with spinach and carrots.,31.00,95.00,0.000
dish_1558113477,almonds,289.05,50.00,A small bowl of almonds,350.00,50.00,1.000
dish_1558113941,almonds,296.89,78.00,A small salad with almonds and spinach,292.00,88.00,0.333
dish_1558114145,grapes,57.27,83.00,A small bowl of red grapes.,69.00,120.00,1.000
dish_1558114209,cantaloupe,30.60,90.00,A small bowl of cantaloupe chunks.,75.00,200.00,1.000
dish_1558031302,potatoes,56.98,74.00,Small serving of roasted potatoes,145.00,150.00,1.000
dish_1558114484,bacon,151.48,28.00,A plate of bacon strips,216.00,36.00,1.000
dish_1558114523,almonds,104.06,18.00,A small serving of almonds on a white plate.,140.00,25.00,1.000
dish_1558031628,cantaloupe,31.28,92.00,A plate of cantaloupe cubes,61.00,170.00,1.000
dish_1558114609,sausage | almonds | bacon,540.90,160.00,"Plate with bacon, sausage, almonds, and grapes",530.00,200.00,0.750
dish_1558114937,,13.72,49.00,A small spinach salad with shredded carrots.,45.00,125.00,0.000
dish_1558115011,almonds,115.62,20.00,A small serving of almonds.,180.00,30.00,1.000
dish_1558115169,bacon,151.48,28.00,Three strips of bacon on a white plate.,270.00,60.00,1.000
dish_1558113304,grapes | cantaloupe | almonds,247.07,175.00,"A plate of cantaloupe, almonds and red grapes.",262.00,258.00,1.000
dish_1558114441,sausage,258.45,75.00,A serving of chorizo sausage.,340.00,100.00,1.000
dish_1558115448,grapes,64.86,94.00,A small bowl of red and green grapes.,69.00,115.00,1.000
dish_1558115512,sausage,434.20,126.00,A plate of sliced sausages.,300.00,100.00,1.000
dish_1558115601,potatoes,85.47,111.00,A small white plate of roasted potatoes,210.00,150.00,1.000
dish_1558115641,grapes | sausage | potatoes,584.53,331.00,"Plate of sausage slices, roasted potatoes and red grapes.",420.00,280.00,1.000
dish_1558114569,grapes,26.91,39.00,Small plate of mixed grapes,35.00,60.00,1.000
dish_1558115825,grapes,42.78,62.00,A small serving of grapes.,69.00,115.00,1.000
dish_1558115867,almonds,132.96,23.00,A small bowl of almonds.,207.00,30.00,1.000
dish_1558115241,potatoes,85.47,111.00,A small serving of roasted potatoes on a white plate.,180.00,150.00,1.000
dish_1558115960,potatoes,39.27,51.00,A small serving of roasted potatoes on a plate.,150.00,100.00,1.000
dish_1558116001,almonds | grapes | sausage | bacon | potatoes,569.81,223.00,"Plate with sausage, bacon, potatoes, grapes and almonds.",580.00,275.00,1.000
dish_1558115320,almonds,173.43,30.00,A small serving of almonds on a plate.,205.00,29.00,1.000
dish_1558116146,grapes,76.59,111.00,A bowl of red and green grapes.,69.00,115.00,1.000
dish_1558116201,sausage,313.59,91.00,A plate of sliced sausage.,450.00,150.00,1.000
dish_1558115915,sausage,203.31,59.00,A small plate of cooked sausage.,300.00,100.00,1.000
dish_1558116298,almonds | grapes | sausage,854.69,368.00,"A plate of grapes, cantaloupe, almonds and sausage.",582.00,365.00,0.750
dish_1558116399,,7.00,25.00,A small salad with spinach and shredded carrots.,17.00,92.00,0.000
dish_1558115764,bacon,151.48,28.00,A plate of bacon.,270.00,60.00,1.000
dish_1558116486,grapes,39.33,57.00,A small plate of red and green grapes.,69.00,120.00,1.000
dish_1558122583,potatoes,46.97,61.00,A serving of roasted potatoes on a plate.,175.00,150.00,1.000
dish_1558372525,almonds,242.80,42.00,Small plate of almonds,250.00,35.00,1.000
dish_1558372650,grapes,57.27,83.00,A plate of red and green grapes.,69.00,115.00,1.000
dish_1558372695,sausage,148.18,43.00,A plate of roasted potatoes.,315.00,350.00,0.000
dish_1558372948,almonds,687.94,119.00,A bowl of almonds,700.00,100.00,1.000
dish_1558116090,cantaloupe,30.94,91.00,A bowl of cantaloupe pieces.,51.00,150.00,1.000
dish_1558373284,sausage,389.40,113.00,A plate of sliced sausage.,300.00,150.00,1.000
dish_1558373352,grapes,69.00,100.00,A serving of grapes in a bowl.,69.00,115.00,1.000
dish_1558373405,cantaloupe,13.60,40.00,A small plate of cut carrots.,30.00,70.00,0.000
dish_1558373449,almonds,416.23,72.00,A bowl of almonds.,426.00,60.00,1.000
dish_1558116260,almonds,433.58,75.00,A bowl of almonds.,414.00,73.00,1.000
dish_1558373639,,5.60,20.00,A small spinach salad on a white plate.,20.00,100.00,0.000
dish_1558373008,sausage,251.56,73.00,A plate of sliced sausage.,150.00,50.00,1.000
dish_1558116436,bacon,91.97,17.00,A small portion of bacon on a plate.,200.00,40.00,1.000
dish_1558373687,sausage,306.69,89.00,A plate of sliced sausage.,420.00,140.00,1.000
dish_1558373492,almonds | sausage | grapes,888.23,325.00,"A plate with almonds, cheese cubes, grapes and sausage slices.",790.00,270.00,0.750
dish_1558375833,sausage,317.03,92.00,A plate of sliced sausage.,250.00,100.00,1.000
dish_1558376212,almonds,300.61,52.00,A small plate of almonds.,207.00,35.00,1.000
dish_1558376306,sausage,372.17,108.00,A plate of sausage slices,350.00,140.00,1.000
dish_1558376364,grapes,48.99,71.00,A bowl of grapes.,69.00,115.00,1.000
dish_1558376437,cantaloupe,13.26,39.00,A small plate of cantaloupe chunks.,51.00,150.00,1.000
dish_1558376483,almonds | grapes | sausage,735.03,270.00,"A plate with almonds, sausage, grapes, and cantaloupe.",880.00,320.00,0.750
dish_1558376734,sausage,206.76,60.00,A small plate of sliced sausage.,250.00,100.00,1.000
dish_1558375732,grapes,45.54,66.00,A plate of red and green grapes.,69.00,115.00,1.000
dish_1558376874,almonds,335.30,58.00,A small bowl of almonds.,410.00,60.00,1.000
dish_1558376938,grapes,51.06,74.00,A plate of red grapes.,69.00,120.00,1.000
dish_1558377105,sausage,389.40,113.00,A plate of sliced sausage.,300.00,100.00,1.000
dish_1558375667,almonds,687.94,119.00,A bowl of almonds.,518.00,87.00,1.000
dish_1558378553,almonds,393.11,68.00,A bowl of almonds.,207.00,35.00,1.000
dish_1558375886,almonds | sausage,1050.51,277.00,"A snack plate with grapes, almonds, and sausage slices.",620.00,168.00,0.667
dish_1558379128,grapes,36.57,53.00,A small bowl of red grapes.,69.00,120.00,1.000
dish_1558379182,almonds,323.74,56.00,A bowl of almonds.,410.00,60.00,1.000
dish_1558379273,sausage,227.44,66.00,A plate of sliced sausage.,225.00,75.00,1.000
dish_1558378516,grapes,92.46,134.00,A small bowl of red and green grapes.,104.00,150.00,1.000
dish_1558376801,,4.20,15.00,A small portion of seaweed salad with shredded carrot on a white plate.,50.00,60.00,0.000
dish_1558379639,sausage,385.95,112.00,A plate of sausage slices,450.00,150.00,1.000
dish_1558378634,grapes | almonds | sausage,874.97,315.00,"A plate with grapes, almonds, and cooked sausage.",479.00,223.00,1.000
dish_1558379324,cantaloupe,16.32,48.00,Small plate of cooked sweet potato cubes.,86.00,100.00,0.000
dish_1558379712,almonds,687.94,119.00,A bowl of almonds,518.00,88.00,1.000
dish_1558380414,grapes,35.88,52.00,A small bowl of mixed red and green grapes,34.00,60.00,1.000
dish_1558380464,almonds,277.49,48.00,A small bowl of almonds.,280.00,50.00,1.000
dish_1558380527,sausage,385.95,112.00,A small white bowl of sliced sausage.,280.00,100.00,1.000
dish_1558380557,grapes | almonds | sausage,699.32,212.00,"Sausage, almonds and grapes on a plate.",665.00,180.00,1.000
dish_1558380804,,7.56,27.00,A small bowl of cooked spinach with shredded carrots.,50.00,150.00,0.000
dish_1558381032,almonds,115.62,20.00,A small bowl of almonds,140.00,20.00,1.000
dish_1558381084,grapes,36.57,53.00,A small plate of mixed red and green grapes.,69.00,115.00,1.000
dish_1558381143,sausage,182.64,53.00,A small serving of sausage on a plate.,250.00,80.00,1.000
dish_1558380014,grapes,92.46,134.00,A bowl of grapes.,104.00,180.00,1.000
dish_1558381665,broccoli,17.85,51.00,Plate of broccoli,55.00,170.00,1.000
dish_1558381708,green beans,16.43,53.00,A plate of green beans.,100.00,300.00,1.000
dish_1558381742,,78.20,68.00,A small bowl of olives.,115.00,100.00,
dish_1558381819,tomatoes,22.10,65.00,A small bowl of cherry tomatoes.,30.00,200.00,1.000
dish_1558381840,chicken,113.85,69.00,A plate of cooked chicken pieces.,350.00,200.00,1.000
dish_1558381860,avocado,94.40,59.00,A small plate with avocado slices.,240.00,150.00,1.000
dish_1558381943,spinach (raw),13.80,60.00,A bowl of spinach.,31.00,100.00,1.000
dish_1558382263,chicken | avocado | tomatoes | broccoli,356.63,425.00,"Salad with spinach, tomatoes, green beans, broccoli, chicken breast, avocado, and olives.",550.00,650.00,0.667
dish_1558457415,sweet potato,60.80,80.00,A plate of wontons.,250.00,100.00,0.000
dish_1558457468,cantaloupe,23.80,70.00,A plate of cantaloupe cubes.,68.00,170.00,1.000
dish_1558380058,almonds,208.12,36.00,A small bowl of almonds.,206.00,30.00,1.000
dish_1558457577,eggs,172.60,111.00,A bowl of scrambled eggs.,220.00,150.00,1.000
dish_1558457665,cantaloupe | sweet potato | eggs | cauliflower,273.20,325.00,"A plate with roasted potatoes, cauliflower, scrambled eggs, and cantaloupe.",380.00,550.00,1.000
dish_1558458438,spinach (raw),3.22,14.00,A plate of fresh spinach.,14.00,86.00,1.000
dish_1558379391,sausage | almonds | grapes,604.06,223.00,"A plate with sausage, cantaloupe, almonds and grapes",407.00,265.00,0.750
dish_1558458541,almonds,294.83,51.00,A small bowl of almonds.,206.00,29.00,1.000
dish_1558458584,grapes | almonds,351.18,142.00,"A snack of grapes, almonds, and spinach on a plate.",286.00,175.00,0.667
dish_1558458737,white rice,41.60,32.00,A plate of white rice.,200.00,150.00,1.000
dish_1558458847,apple,74.36,143.00,A single apple on a white plate.,95.00,182.00,1.000
dish_1558458903,almonds,115.62,20.00,A small bowl of almonds,170.00,28.00,1.000
dish_1558459020,cherry tomatoes,10.98,61.00,A small plate of cherry tomatoes,25.00,150.00,1.000
dish_1558459059,grapes,28.98,42.00,A small plate of grapes.,30.00,50.00,1.000
dish_1558459115,almonds | apple | white rice | grapes,271.54,298.00,"A plate of mixed food items including an apple, rice, almonds, grape tomatoes, and grapes.",415.00,517.00,0.800
dish_1558459276,white rice,102.70,79.00,A small portion of white rice served in a white bowl.,205.00,158.00,1.000
dish_1558459395,almonds,208.12,36.00,A small plate of almonds.,280.00,48.00,1.000
dish_1558459462,grapes,58.65,85.00,A small serving of grapes on a white plate.,69.00,115.00,1.000
dish_1558459528,cherry tomatoes,11.52,64.00,A small plate of grape tomatoes,30.00,180.00,1.000
dish_1558459602,spinach (raw),2.07,9.00,A small bowl of spinach.,7.00,30.00,1.000
dish_1558459664,white rice | almonds | grapes,383.06,273.00,"A plate with almonds, white rice, grapes, cherry tomatoes, and spinach.",880.00,370.00,0.600
dish_1558459945,apple,73.84,142.00,A whole apple on a plate.,95.00,182.00,1.000
dish_1558459994,grapes,25.53,37.00,A small plate of red grapes,35.00,60.00,1.000
dish_1558460061,grapes,40.71,59.00,A plate of almonds.,420.00,60.00,0.000
dish_1558460138,cherry tomatoes,10.08,56.00,A small plate of cherry tomatoes,20.00,100.00,1.000
dish_1558460205,spinach (raw),1.84,8.00,A plate of spinach.,7.00,30.00,1.000
dish_1558460908,apple | grapes | cherry tomatoes,152.00,302.00,"A plate with almonds, apple, grapes, cherry tomatoes and spinach",510.00,390.00,0.600
dish_1558461431,spinach (raw),1.15,5.00,A small plate of spinach.,7.00,30.00,1.000
dish_1558461607,grapes,87.63,127.00,A small plate of grapes.,69.00,115.00,1.000
dish_1558461692,almonds,231.24,40.00,A small bowl of almonds.,280.00,49.00,1.000
dish_1558461760,cherry tomatoes,10.98,61.00,A small plate of cherry tomatoes.,25.00,150.00,1.000
dish_1558461792,grapes | almonds,331.00,233.00,"A plate of cherry tomatoes, almonds, grapes and spinach.",347.00,290.00,0.500
dish_1558457530,cauliflower,16.00,64.00,A small plate of cooked cauliflower.,75.00,250.00,1.000
dish_1558462106,grapes,25.53,37.00,A small plate of grapes.,34.00,60.00,1.000
dish_1558458496,grapes,53.13,77.00,a small bowl of grapes,69.00,115.00,1.000
dish_1558462531,cherry tomatoes,12.96,72.00,A small plate of grape tomatoes.,30.00,180.00,1.000
dish_1558463113,white rice | grapes | cherry tomatoes,63.58,139.00,"Plate with spinach, cherry tomatoes, grapes and white rice.",192.00,176.00,0.750
dish_1558381206,grapes | almonds | sausage,342.39,153.00,"Plate with almonds, grapes, sausage, and spinach salad.",440.00,270.00,0.750
dish_1558463429,grapes,42.09,61.00,A small plate of red grapes.,69.00,120.00,1.000
dish_1558463562,almonds,369.98,64.00,A small bowl of almonds.,420.00,60.00,1.000
dish_1558463690,grapes | almonds,432.95,241.00,"A plate with almonds, grape tomatoes, and red grapes.",493.00,260.00,0.667
dish_1558468285,,12.32,44.00,A salad with mixed greens on a red plate.,60.00,200.00,
dish_1558468401,avocado,75.20,47.00,Two slices of avocado on a plate.,176.00,150.00,1.000
dish_1558462036,spinach (raw),2.99,13.00,A bowl of spinach.,14.00,50.00,1.000
dish_1558462228,white rice,22.10,17.00,Small portion of rice on a plate.,130.00,100.00,1.000
dish_1558468547,squash,6.97,34.00,A small serving of kimchi with some broccoli sprouts.,47.00,85.00,0.000
dish_1558468589,mushroom,12.10,55.00,Plate of mushrooms,33.00,150.00,1.000
dish_1558468632,chicken,169.95,103.00,Diced chicken breast on a white plate.,272.00,160.00,1.000
dish_1558463362,cherry tomatoes,20.88,116.00,A small bowl of cherry tomatoes.,33.00,180.00,1.000
dish_1558544427,eggs,160.16,103.00,A plate of scrambled eggs with some shredded carrots on top.,250.00,180.00,1.000
dish_1558544482,,38.19,67.00,A small plate of raspberries and blackberries.,52.00,108.00,
dish_1558468435,broccoli,28.00,80.00,Plate of broccoli,62.00,180.00,1.000
dish_1558544870,eggs,198.35,170.00,A plate with scrambled eggs and mixed berries (raspberries and blackberries).,275.00,275.00,1.000
dish_1558545738,apple,73.84,142.00,A single apple on a plate.,95.00,182.00,1.000
dish_1558546434,spinach (raw),2.53,11.00,A small serving of spinach on a white plate.,7.00,30.00,1.000
dish_1558468494,squash,15.79,77.00,A small plate of sauteed zucchini and yellow squash,50.00,250.00,0.500
dish_1558546663,almonds | apple,330.73,197.00,"A plate with an apple, almonds, and spinach.",312.00,247.00,0.667
dish_1558546918,white rice,70.20,54.00,A small serving of white rice on a white plate.,205.00,57.00,1.000
dish_1558547008,potatoes,73.92,96.00,A small plate of roasted potatoes.,180.00,150.00,1.000
dish_1558544663,oatmeal,141.44,208.00,A bowl of oatmeal.,300.00,250.00,1.000
dish_1558547124,almonds,144.53,25.00,A small serving of almonds on a plate.,169.00,28.00,1.000
dish_1558547205,potatoes | almonds | white rice,291.17,186.00,"A plate with white rice, roasted potatoes, spinach, and almonds.",604.00,340.00,0.750
dish_1558548666,white rice,97.50,75.00,A serving of white rice on a plate.,205.00,158.00,1.000
dish_1558548958,spinach (raw),2.30,10.00,A small serving of spinach on a plate.,10.00,30.00,1.000
dish_1558549008,cherry tomatoes,20.70,115.00,A plate of cherry tomatoes.,30.00,180.00,1.000
dish_1558549086,potatoes,73.15,95.00,A serving of roasted potatoes on a white plate.,200.00,150.00,1.000
dish_1558549150,grapes,45.54,66.00,A small bowl of mixed grapes.,69.00,115.00,1.000
dish_1558549214,white rice | potatoes | cherry tomatoes | grapes,239.19,361.00,"A plate with white rice, spinach, grapes, roasted potatoes, and cherry tomatoes.",479.00,645.00,0.800
dish_1558549413,almonds,682.16,118.00,A serving of almonds in a white bowl.,529.00,89.00,1.000
dish_1558546558,almonds,254.36,44.00,A small plate of almonds.,250.00,35.00,1.000
dish_1558549773,spinach (raw),2.30,10.00,A small serving of spinach on a white plate.,7.00,30.00,1.000
dish_1558549806,almonds | white rice,781.96,203.00,"A plate with almonds, white rice and spinach",1052.00,207.00,0.667
dish_1558547068,spinach (raw),2.53,11.00,A small serving of spinach on a plate.,7.00,30.00,1.000
dish_1558468731,avocado | chicken | broccoli | squash,320.33,440.00,"Mixed salad with greens, avocado, broccoli, sweet potato, mushrooms, and chicken.",345.00,515.00,0.500
dish_1558550181,grapes,28.98,42.00,A small serving of red grapes on a white plate.,42.00,70.00,1.000
dish_1558550218,almonds | grapes | apple,230.00,206.00,"A plate with an apple, some almonds, and some red grapes.",329.00,320.00,1.000
dish_1558628339,bacon,70.33,13.00,A plate of bacon,160.00,20.00,1.000
dish_1558549605,white rice,97.50,75.00,A serving of white rice on a plate.,205.00,158.00,1.000
dish_1558628711,yam | sweet potato,129.06,129.00,Plate of roasted sweet potatoes and roasted potatoes.,270.00,180.00,0.500
dish_1558628760,yam | sweet potato | bacon,231.31,198.00,"A breakfast plate with bacon, raspberries, blackberries, roasted potatoes, and roasted sweet potatoes.",510.00,350.00,0.667
dish_1558628888,eggs,111.96,72.00,A serving of scrambled eggs on a plate.,200.00,150.00,1.000
dish_1558628921,carrot,24.60,60.00,A small plate of sliced carrots,50.00,100.00,1.000
dish_1558550079,apple,73.84,142.00,A single apple on a plate.,95.00,182.00,1.000
dish_1558629013,,26.40,80.00,A small plate of sliced strawberries.,50.00,150.00,
dish_1558629041,eggs | carrot | garden salad,172.00,226.00,"A plate with scrambled eggs, strawberries, carrots, and spinach salad",255.00,370.00,0.500
dish_1558629398,tomatoes,21.76,64.00,A small plate of cherry tomatoes and a carrot sliver.,21.00,103.00,0.500
dish_1558629444,almonds,225.46,39.00,A plate of almonds.,207.00,35.00,1.000
dish_1558629488,cauliflower,16.00,64.00,A small plate of cooked cauliflower florets.,75.00,250.00,1.000
dish_1558629517,cauliflower | tomatoes | almonds,263.22,167.00,"A plate of cauliflower florets, almonds and cherry tomatoes.",250.00,180.00,1.000
dish_1558629578,cauliflower,22.50,90.00,Plate of cauliflower florets,65.00,200.00,1.000
dish_1558629644,,4.20,15.00,A small salad of mixed greens.,25.00,100.00,
dish_1558629677,apple,73.84,142.00,An apple on a plate with a small carrot scrap.,96.00,184.00,0.500
dish_1558629715,apple | cauliflower,100.54,247.00,"A plate containing an apple, cauliflower florets and mixed greens.",130.00,262.00,1.000
dish_1558550127,almonds,127.18,22.00,Small plate of whole almonds.,168.00,28.00,1.000
dish_1558629878,apple,73.84,142.00,An apple and a small piece of carrot on a plate.,96.00,183.00,0.500
dish_1558630006,grapes,51.75,75.00,"Small plate of grapes, including red and green varieties.",74.00,128.00,1.000
dish_1558630038,cauliflower,12.75,51.00,A small plate with cauliflower and a small piece of carrot.,31.00,103.00,0.500
dish_1558630072,apple | almonds | grapes,294.43,295.00,"A plate with apple, almonds, grapes and cauliflower.",329.00,372.00,0.750
dish_1558628515,,31.92,56.00,A plate of raspberries and blackberries,35.00,103.00,
dish_1558629818,almonds,156.09,27.00,A small snack of almonds and a small piece of carrot.,172.00,33.00,0.500
dish_1558628956,garden salad,9.04,14.00,Small spinach salad with carrot and egg,26.00,50.00,0.000
dish_1558630176,apple,73.84,142.00,A single apple on a plate.,95.00,182.00,1.000
dish_1558630207,almonds,670.60,116.00,A bowl of almonds,520.00,75.00,1.000
dish_1558630325,apple | almonds,751.54,269.00,"A plate with almonds, a mixed greens salad, and an apple.",535.00,342.00,1.000
dish_1558630450,grapes,86.25,125.00,A plate of red and green grapes.,69.00,115.00,1.000
dish_1558630488,cantaloupe,29.92,88.00,A small plate of cantaloupe chunks.,46.00,120.00,1.000
dish_1558630649,cantaloupe | grapes | apple,190.01,355.00,"A plate of fruit including red grapes, cantaloupe, and an apple.",187.00,365.00,1.000
dish_1558630600,apple,73.84,142.00,A single apple on a plate.,100.00,180.00,1.000
dish_1558630737,cauliflower,22.25,89.00,Plate of raw cauliflower florets,63.00,180.00,1.000
dish_1558630867,apple,73.84,142.00,An apple on a white plate.,100.00,182.00,1.000
dish_1558630814,almonds,196.55,34.00,A small plate of almonds.,207.00,35.00,1.000
dish_1558631825,corn on the cob,118.83,112.00,Two pieces of cut corn on the cob on a plate,134.00,150.00,1.000
dish_1558631872,cherry tomatoes,16.02,89.00,A plate of cherry tomatoes,30.00,200.00,1.000
dish_1558631904,apple,80.08,154.00,A single apple on a white plate.,100.00,180.00,1.000
dish_1558632080,corn on the cob,72.15,68.00,A single slice of corn on the cob.,67.00,75.00,1.000
dish_1558632130,cantaloupe,33.66,99.00,A plate of cantaloupe chunks.,82.00,200.00,1.000
dish_1558632198,garden salad,16.80,26.00,Small mixed greens salad with a few corn kernels.,26.00,101.00,0.000
dish_1558630288,garden salad,7.11,11.00,A small salad of mixed greens,10.00,50.00,0.000
dish_1558632445,almonds,526.07,91.00,A bowl of almonds.,414.00,69.00,1.000
dish_1558630932,apple | cauliflower | almonds,292.64,265.00,"A snack plate with almonds, an apple and cauliflower florets.",330.00,262.00,1.000
dish_1558632799,corn on the cob,20.16,19.00,A slice of corn on the cob on a white plate.,67.00,75.00,1.000
dish_1558632921,apple,80.60,155.00,An apple and a single kernel of corn on a plate.,97.00,184.00,0.500
dish_1558632959,cherry tomatoes,16.02,89.00,A small plate of cherry tomatoes,30.00,150.00,1.000
dish_1558632990,cauliflower,25.25,101.00,A plate of cooked cauliflower florets.,102.00,200.00,1.000
dish_1558633158,carrot,34.85,85.00,A plate of cooked carrots.,72.00,150.00,1.000
dish_1558632233,garden salad | corn on the cob | cantaloupe,122.60,193.00,"A light meal with mixed greens, cantaloupe and corn.",135.00,335.00,0.667
dish_1558635400,cauliflower,25.00,100.00,A plate of cauliflower florets.,75.00,200.00,1.000
dish_1558635489,corn on the cob,78.51,74.00,"Two pieces of corn on the cob, cut into small sections.",134.00,150.00,1.000
dish_1558635523,white rice,55.90,43.00,A small serving of white rice on a white plate.,130.00,40.00,1.000
dish_1558635546,apple,60.84,117.00,A single apple on a plate.,95.00,182.00,1.000
dish_1558635618,corn on the cob | apple | white rice | cauliflower,220.25,334.00,"A plate of corn, rice, cauliflower, and an apple.",382.00,502.00,1.000
dish_1558635865,corn on the cob,20.16,19.00,A slice of corn on the cob.,70.00,70.00,1.000
dish_1558635933,cantaloupe,33.32,98.00,A plate of sliced cantaloupe.,85.00,250.00,1.000
dish_1558635962,almonds,52.03,9.00,A small plate of almonds.,170.00,28.00,1.000
dish_1558635994,grapes,93.84,136.00,A plate of red grapes.,69.00,120.00,1.000
dish_1558636028,grapes | corn on the cob | cantaloupe,199.35,262.00,"A plate of cantaloupe, grapes, almonds and a slice of corn on the cob.",364.00,430.00,0.750
dish_1558636388,cauliflower,24.00,96.00,A small plate of cauliflower florets.,30.00,100.00,1.000
dish_1558631932,apple | corn on the cob | cherry tomatoes,214.93,355.00,"A plate with corn, tomatoes, and an apple.",195.00,405.00,1.000
dish_1558636514,cherry tomatoes,16.02,89.00,A serving of cherry tomatoes,30.00,180.00,1.000
dish_1558636544,almonds,410.45,71.00,A plate of almonds.,350.00,50.00,1.000
dish_1558636582,apple | almonds,530.55,410.00,"A plate of mixed foods including almonds, cherry tomatoes, an apple, and cauliflower.",585.00,442.00,0.500
dish_1558636763,apple,60.84,117.00,An apple on a plate.,100.00,182.00,1.000
dish_1558636813,grapes,60.72,88.00,A plate of red and green grapes.,69.00,115.00,1.000
dish_1558632475,corn on the cob,118.83,112.00,Two halves of a corn on the cob,160.00,180.00,1.000
dish_1558636902,carrot,38.95,95.00,A plate of cooked carrot slices,50.00,100.00,1.000
dish_1558636928,cherry tomatoes,16.02,89.00,A plate of cherry tomatoes,30.00,200.00,1.000
dish_1558636980,apple | grapes | carrot | cherry tomatoes,222.78,397.00,"A plate of fruit, vegetables, and nuts.",408.00,608.00,0.800
dish_1558637214,grapes,11.04,16.00,A small plate of grapes,30.00,50.00,1.000
dish_1558636483,apple,80.08,154.00,A single apple on a white plate,95.00,182.00,1.000
dish_1558636868,almonds,46.25,8.00,Small plate of whole almonds.,170.00,30.00,1.000
dish_1558637247,corn on the cob,117.77,111.00,Two corn on the cob slices on a plate.,143.00,130.00,1.000
dish_1558637423,corn on the cob | apple | almonds,948.86,409.00,"A plate of almonds, corn on the cob, grapes and an apple.",700.00,460.00,0.750
dish_1558637698,cauliflower,12.25,49.00,A plate of cauliflower florets,50.00,100.00,1.000
dish_1558637769,apple,80.08,154.00,An apple on a plate,95.00,182.00,1.000
dish_1558633221,corn on the cob | cherry tomatoes | apple | cauliflower | carrot,176.88,449.00,"A plate with an apple, cauliflower florets, cherry tomatoes, cooked carrots, and corn on the cob.",245.00,632.00,1.000
dish_1558637896,grapes,84.87,123.00,A plate of grapes.,69.00,115.00,1.000
dish_1558637351,apple,80.08,154.00,A single red apple on a white plate.,95.00,182.00,1.000
dish_1558638137,apple,60.84,117.00,A single apple on a plate.,95.00,182.00,1.000
dish_1558638163,carrot,40.59,99.00,A plate of sliced carrots.,75.00,150.00,1.000
dish_1558638216,white rice,55.90,43.00,A portion of cooked white rice on a white plate.,206.00,160.00,1.000
dish_1558638292,cantaloupe | apple | white rice | carrot,190.31,356.00,"A plate with sliced carrots, cubed sweet potato, a portion of white rice and an apple.",393.00,403.00,0.600
dish_1558638844,apple,80.08,154.00,An apple on a white plate.,95.00,182.00,1.000
dish_1558638896,cherry tomatoes,22.68,126.00,A plate of cherry tomatoes.,30.00,200.00,1.000
dish_1558638924,cauliflower,6.25,25.00,A small plate of cauliflower florets.,30.00,100.00,1.000
dish_1558637393,almonds,739.97,128.00,A plate of almonds.,420.00,60.00,1.000
dish_1558638983,corn on the cob,59.42,56.00,A slice of corn on the cob on a white plate.,67.00,75.00,1.000
dish_1558637865,corn on the cob,71.09,67.00,A single slice of corn on the cob on a white plate.,70.00,70.00,1.000
dish_1558638954,grapes,89.01,129.00,A small plate of grapes.,69.00,115.00,1.000
dish_1558639138,carrot,22.14,54.00,Small dish of roasted carrots.,60.00,85.00,1.000
dish_1558639167,apple,80.08,154.00,An apple on a plate.,95.00,182.00,1.000
dish_1558639195,grapes | carrot | corn on the cob | apple,238.25,346.00,"A plate with an apple, sliced carrots, corn, and grapes.",285.00,490.00,1.000
dish_1558639221,cauliflower,24.50,98.00,A small serving of cauliflower florets on a white plate.,60.00,200.00,1.000
dish_1558639089,grapes,19.32,28.00,A small serving of red and green grapes on a white plate.,35.00,60.00,1.000
dish_1558637932,corn on the cob | apple | grapes,248.29,393.00,"A plate with an apple, a slice of corn, red grapes and cauliflower florets.",255.00,462.00,0.750
dish_1558639306,carrot,40.59,99.00,A bowl of cooked carrots,63.00,150.00,1.000
dish_1558639335,apple,60.32,116.00,A single apple on a plate.,95.00,182.00,1.000
dish_1558639362,cauliflower | apple | carrot | corn on the cob,156.18,342.00,"A plate containing an apple, half a corn cob, cauliflower florets, and sliced carrots.",242.00,487.00,1.000
dish_1558639412,cantaloupe,32.98,97.00,A bowl of cantaloupe pieces.,85.00,250.00,1.000
dish_1558639440,apple,60.32,116.00,A single apple on a plate,95.00,182.00,1.000
dish_1558639482,corn on the cob,30.77,29.00,A slice of corn on the cob served on a plate.,75.00,70.00,1.000
dish_1558639526,carrot,31.98,78.00,A plate of sliced carrots.,50.00,100.00,1.000
dish_1558639588,almonds,121.40,21.00,A plate of almonds.,350.00,50.00,1.000
dish_1558639630,corn on the cob,116.71,110.00,Two slices of corn cob on a white plate.,80.00,80.00,1.000
dish_1558639662,cherry tomatoes,16.02,89.00,A plate of grape tomatoes,30.00,200.00,1.000
dish_1558639673,cherry tomatoes,16.02,89.00,A small plate of cherry tomatoes.,30.00,170.00,1.000
dish_1558639683,cherry tomatoes,16.02,89.00,A plate of cherry tomatoes.,33.00,200.00,1.000
dish_1558639752,corn on the cob | cherry tomatoes | almonds,254.13,220.00,"A plate of almonds, cherry tomatoes, and corn on the cob.",550.00,350.00,1.000
dish_1558639787,cauliflower,24.75,99.00,A plate of raw cauliflower florets.,62.00,150.00,1.000
dish_1558639818,cantaloupe,20.06,59.00,A small serving of cantaloupe chunks on a plate.,82.00,200.00,1.000
dish_1558639849,carrot,23.37,57.00,A small portion of sliced carrots.,30.00,60.00,1.000
dish_1558639876,carrot | cantaloupe | cauliflower,68.18,215.00,"A red plate with cut carrots, sweet potato and cauliflower.",164.00,246.00,0.500
dish_1558639907,cherry tomatoes,10.44,58.00,A plate of cherry tomatoes,18.00,100.00,1.000
dish_1558639012,cherry tomatoes | corn on the cob | apple | grapes,257.44,490.00,"A plate of fruit and vegetables including apple, grapes, cauliflower, cherry tomatoes, and corn.",295.00,653.00,0.800
dish_1558639979,almonds,520.29,90.00,A plate of almonds.,739.00,105.00,1.000
dish_1558640008,almonds,552.49,212.00,"A small plate with almonds, cherry tomatoes, and sweet potato fries.",530.00,270.00,0.333
dish_1558640039,carrot,40.18,98.00,A plate of cooked carrots.,60.00,120.00,1.000
dish_1558639266,corn on the cob,30.77,29.00,Small portion of corn on the cob,77.00,86.00,1.000
dish_1558640105,corn on the cob,77.45,73.00,Two slices of corn on the cob served on a white plate.,130.00,150.00,1.000
dish_1558640145,carrot | apple | corn on the cob,177.95,287.00,"A plate with an apple, carrot slices, and corn.",210.00,385.00,1.000
dish_1558640190,cantaloupe,19.72,58.00,A plate of cantaloupe.,54.00,150.00,1.000
dish_1558640238,cherry tomatoes,22.68,126.00,A small plate of cherry tomatoes.,30.00,200.00,1.000
dish_1558640267,grapes,63.48,92.00,A small bowl of grapes,69.00,115.00,1.000
dish_1558639949,cantaloupe,21.76,64.00,A small serving of cantaloupe slices on a white plate.,60.00,170.00,1.000
dish_1558640311,grapes | cantaloupe | cherry tomatoes,105.88,276.00,"A plate of mixed fruit including red grapes, green grapes, cantaloupe, and cherry tomatoes.",139.00,320.00,1.000
dish_1558640373,cherry tomatoes | grapes | cantaloupe,105.88,276.00,"Plate of grapes, tomatoes, and cantaloupe.",122.00,330.00,1.000
dish_1558640418,carrot,14.35,35.00,Plate of sliced carrots,50.00,100.00,1.000
dish_1558640074,apple,60.32,116.00,A single apple on a plate.,95.00,182.00,1.000
dish_1558639555,cantaloupe | corn on the cob | carrot | apple,156.05,320.00,"Plate with an apple, corn, sliced melon, and sliced carrots",212.00,442.00,0.600
dish_1558640294,cantaloupe | cherry tomatoes,42.40,184.00,"A plate with grapes, cherry tomatoes and cantaloupe pieces.",107.00,280.00,0.667
dish_1558640563,cherry tomatoes,4.14,23.00,Four cherry tomatoes on a white plate.,12.00,80.00,1.000
dish_1558640593,apple,60.32,116.00,An apple on a plate.,95.00,182.00,1.000
dish_1558640604,apple,60.84,117.00,An apple on a plate.,95.00,182.00,1.000
dish_1558640614,apple,60.32,116.00,A single apple on a white plate.,100.00,182.00,1.000
dish_1558640671,cantaloupe,32.30,95.00,A bowl of cantaloupe chunks.,54.00,150.00,1.000
dish_1558640705,apple | cantaloupe,96.76,234.00,"A plate containing an apple, cantaloupe pieces, and grape tomatoes.",150.00,367.00,0.667
dish_1558640748,cauliflower,14.50,58.00,A plate of cauliflower florets.,50.00,100.00,1.000
dish_1558640781,apple,80.08,154.00,A single apple on a white plate.,104.00,182.00,1.000
dish_1558640450,apple,80.08,154.00,An apple on a white plate.,95.00,182.00,1.000
dish_1558640849,apple | cauliflower | carrot,105.24,238.00,"A plate of raw cauliflower, carrots and an apple.",186.00,428.00,1.000
dish_1558640882,cantaloupe,32.30,95.00,A small plate of cantaloupe chunks.,61.00,170.00,1.000
dish_1558640477,corn on the cob,59.42,56.00,A partially eaten corn on the cob served on a white square plate.,77.00,86.00,1.000
dish_1558640917,cauliflower,5.25,21.00,A plate of cauliflower florets,25.00,50.00,1.000
dish_1558640979,cantaloupe | cauliflower | carrot,59.28,169.00,"A plate of cooked vegetables, including carrots, cauliflower, and sweet potato.",198.00,249.00,0.500
dish_1558641007,carrot,23.37,57.00,Small plate of sliced carrots.,41.00,85.00,1.000
dish_1558641037,apple,60.84,117.00,A single apple on a white plate.,95.00,182.00,1.000
dish_1558640808,carrot,10.66,26.00,A plate of cooked carrots.,60.00,150.00,1.000
dish_1558640513,carrot | apple | corn on the cob,153.85,245.00,"A plate with an apple, corn on the cob, and carrot slices.",212.00,378.00,1.000
dish_1558640941,carrot,21.73,53.00,Small serving of baby carrots.,35.00,75.00,1.000
dish_1558641200,carrot,3.28,8.00,A small plate of cooked carrots.,35.00,70.00,1.000
dish_1558641211,carrot,3.28,8.00,Small serving of carrots,50.00,100.00,1.000
dish_1558641253,corn on the cob,116.71,110.00,Two sections of corn on the cob on a plate.,120.00,150.00,1.000
dish_1558641287,cherry tomatoes,11.52,64.00,A small plate of cherry tomatoes.,21.00,140.00,1.000
dish_1558641320,apple | corn on the cob | cherry tomatoes,211.59,336.00,"A plate containing an apple, cherry tomatoes, corn on the cob, and carrot slices.",297.00,536.00,0.750
dish_1558641358,cauliflower,24.25,97.00,A plate of raw cauliflower florets,50.00,150.00,1.000
dish_1558641391,cantaloupe,19.72,58.00,A plate of sliced cantaloupe.,85.00,250.00,1.000
dish_1558641416,corn on the cob,59.42,56.00,A small portion of corn on the cob served on a plate.,67.00,75.00,1.000
dish_1558641442,cauliflower | cantaloupe | corn on the cob,103.39,211.00,A plate of vegetables and fruit,148.00,297.00,1.000
dish_1558641075,cherry tomatoes,12.42,69.00,Small plate of cherry tomatoes,15.00,85.00,1.000
dish_1558641926,apple,80.08,154.00,A single apple on a plate.,95.00,182.00,1.000
dish_1558641954,cherry tomatoes,18.36,102.00,A plate of cherry tomatoes.,35.00,190.00,1.000
dish_1558641989,cauliflower,13.75,55.00,A plate of cauliflower.,75.00,200.00,1.000
dish_1558641164,apple,80.08,154.00,A single apple on a white plate.,95.00,182.00,1.000
dish_1558642089,carrot,39.36,96.00,A plate of carrot slices.,50.00,100.00,1.000
dish_1558642420,carrot,38.95,95.00,A small plate of sliced carrots.,52.00,122.00,1.000
dish_1558642458,cauliflower,23.00,92.00,A plate of cauliflower florets.,62.00,180.00,1.000
dish_1558642490,carrot | cauliflower,61.95,187.00,Plate of carrots and cauliflower.,86.00,207.00,1.000
dish_1558717604,apple,73.84,142.00,An apple on a plate.,95.00,182.00,1.000
dish_1558717886,apple,73.84,142.00,A single apple on a plate.,95.00,182.00,1.000
dish_1558718009,cantaloupe,25.84,76.00,A small serving of cantaloupe on a white plate.,47.00,120.00,1.000
dish_1558641108,cherry tomatoes | apple | carrot,96.63,243.00,"A plate with an apple, sliced carrots and cherry tomatoes.",170.00,410.00,1.000
dish_1558718088,apple | corn on the cob | cantaloupe | cauliflower,219.42,405.00,"A plate with an apple, corn on the cob, cantaloupe, and cauliflower.",234.00,518.00,1.000
dish_1558718587,cauliflower,10.25,41.00,A plate of cauliflower florets.,60.00,200.00,1.000
dish_1558718610,corn on the cob,113.53,107.00,Two cross-sections of corn on the cob,130.00,150.00,1.000
dish_1558718649,cantaloupe,25.84,76.00,A plate of sliced cantaloupe.,51.00,150.00,1.000
dish_1558718680,almonds,132.96,23.00,A bowl of almonds,350.00,50.00,1.000
dish_1558718906,corn on the cob | cantaloupe | almonds,282.58,247.00,"A plate with corn, almonds, cantaloupe, and cauliflower.",413.00,390.00,0.750
dish_1558718974,almonds,422.01,73.00,A plate of almonds.,350.00,50.00,1.000
dish_1558719040,cantaloupe,31.96,94.00,A plate of cantaloupe.,34.00,100.00,1.000
dish_1558641897,corn on the cob,116.71,110.00,Two pieces of cut corn on the cob.,80.00,75.00,1.000
dish_1558719097,cherry tomatoes,19.26,107.00,Plate of cherry tomatoes,35.00,200.00,1.000
dish_1558719145,cantaloupe | almonds | apple,547.07,416.00,"A plate with an apple, sliced cantaloupe, a pile of almonds, and several cherry tomatoes.",430.00,470.00,0.750
dish_1558719298,almonds,265.93,46.00,A small bowl of almonds.,280.00,40.00,1.000
dish_1558719336,cauliflower,24.25,97.00,A plate of plain cauliflower florets.,83.00,200.00,1.000
dish_1558719377,apple,73.84,142.00,A single apple on a white plate.,95.00,182.00,1.000
dish_1558719401,corn on the cob,51.99,49.00,A single slice of corn on the cob on a white plate.,70.00,70.00,1.000
dish_1558719514,almonds | apple | corn on the cob | cauliflower,433.29,430.00,"A plate with almonds, an apple, cherry tomatoes, cauliflower florets and corn on the cob.",435.00,470.00,0.800
dish_1558719570,apple,74.36,143.00,A single apple on a plate.,95.00,182.00,1.000
dish_1558718051,cauliflower,24.25,97.00,Plate of plain cauliflower,60.00,200.00,1.000
dish_1558719066,apple,73.84,142.00,A single apple on a plate.,95.00,182.00,1.000
dish_1558720133,cauliflower,14.25,57.00,A small serving of cauliflower on a white plate.,25.00,75.00,1.000
dish_1558720236,apple | almonds,887.82,407.00,"A plate containing sliced carrots, cauliflower florets, almonds, and a small apple.",570.00,380.00,0.500
dish_1558720289,cauliflower,20.00,80.00,A small plate of cauliflower florets.,25.00,75.00,1.000
dish_1558720335,cantaloupe,15.64,46.00,A small serving of carrots on a plate.,30.00,70.00,0.000
dish_1558720364,apple,73.84,142.00,A single apple on a plate.,95.00,182.00,1.000
dish_1558720396,corn on the cob,95.49,90.00,Two slices of corn on the cob on a plate.,130.00,150.00,1.000
dish_1558721272,carrot,29.52,72.00,A plate of cooked carrots.,50.00,100.00,1.000
dish_1558721323,cantaloupe,31.62,93.00,A small plate of cantaloupe chunks,68.00,170.00,1.000
dish_1558721345,cauliflower,19.50,78.00,A plate of cooked cauliflower.,25.00,70.00,1.000
dish_1558642021,apple | corn on the cob | cherry tomatoes | cauliflower,228.90,421.00,"Plate with an apple, cherry tomatoes, corn, and cauliflower florets",235.00,548.00,1.000
dish_1558719994,almonds,768.87,133.00,A plate of almonds.,739.00,100.00,1.000
dish_1558721484,cherry tomatoes,11.16,62.00,A small plate of grape tomatoes.,10.00,50.00,1.000
dish_1558721533,cantaloupe,18.70,55.00,A plate of cantaloupe pieces.,47.00,125.00,1.000
dish_1558721559,carrot,37.72,92.00,A plate of sliced carrots.,50.00,100.00,1.000
dish_1558721587,corn on the cob,95.49,90.00,Two pieces of corn on the cob.,130.00,150.00,1.000
dish_1558721636,carrot | corn on the cob | cantaloupe | cherry tomatoes,163.07,299.00,"A plate with a variety of cut vegetables and fruit, including carrots, cherry tomatoes, corn, and cantaloupe.",140.00,300.00,1.000
dish_1558721669,cauliflower,24.25,97.00,A plate of raw cauliflower florets.,51.00,100.00,1.000
dish_1558720097,carrot,30.34,74.00,A serving of carrots on a white plate.,35.00,75.00,1.000
dish_1558721726,apple,74.36,143.00,An apple on a white plate.,100.00,180.00,1.000
dish_1558721757,almonds,768.87,133.00,A bowl of almonds,697.00,98.00,1.000
dish_1558721827,apple | almonds,886.52,429.00,"Plate of healthy snacks including almonds, carrots, cauliflower, and an apple.",688.00,501.00,0.500
dish_1558721904,apple,74.36,143.00,A single apple on a white plate.,95.00,182.00,1.000
dish_1558721931,cauliflower,13.25,53.00,A small serving of cauliflower with one kernel of corn.,27.00,77.00,0.500
dish_1558721700,cantaloupe,19.04,56.00,A plate of cantaloupe slices.,68.00,170.00,1.000
dish_1558721980,cantaloupe,26.86,79.00,A small plate of cantaloupe.,46.00,128.00,1.000
dish_1558722068,almonds,179.21,31.00,A small bowl of almonds.,170.00,28.00,1.000
dish_1558722103,apple | cantaloupe | almonds,304.84,368.00,"A plate with an apple, almonds, carrots, cauliflower, and cherry tomatoes.",355.00,400.00,0.333
dish_1558721380,cherry tomatoes,19.26,107.00,A plate of grape tomatoes,28.00,140.00,1.000
dish_1558722171,cauliflower,24.25,97.00,A plate of cauliflower florets,65.00,180.00,1.000
dish_1558722207,apple,83.20,160.00,A red apple with a small dot of butter on a white plate.,131.00,187.00,0.500
dish_1558722247,almonds | apple,604.62,343.00,"A plate with an apple, almonds, and cauliflower florets.",534.00,292.00,0.667
dish_1558722322,carrot,37.72,92.00,A small plate of carrots.,50.00,100.00,1.000
dish_1558722370,cauliflower,19.75,79.00,A small plate of cauliflower florets,25.00,100.00,1.000
dish_1558722398,apple,83.72,161.00,A single apple on a plate.,95.00,182.00,1.000
dish_1558722434,cherry tomatoes,8.46,47.00,Four grape tomatoes on a plate,10.00,50.00,1.000
dish_1558722473,cherry tomatoes | cauliflower | apple | carrot,149.65,379.00,A plate with raw vegetables and an apple.,200.00,480.00,1.000
dish_1558722636,carrot,30.75,75.00,A plate of cooked carrot slices.,50.00,100.00,1.000
dish_1558722665,cauliflower,15.00,60.00,A small serving of raw cauliflower florets on a plate.,25.00,80.00,1.000
dish_1558722685,cantaloupe,25.84,76.00,A small plate of cut cantaloupe.,51.00,150.00,1.000
dish_1558722707,cherry tomatoes,19.26,107.00,A small plate of cherry tomatoes.,21.00,140.00,1.000
dish_1558722748,corn on the cob,51.99,49.00,A piece of corn on the cob on a white plate.,67.00,75.00,1.000
dish_1558722780,cauliflower | carrot | corn on the cob | cantaloupe | cherry tomatoes,142.84,367.00,A plate with various raw vegetables and fruit.,190.00,550.00,1.000
dish_1558722842,cherry tomatoes,10.44,58.00,Small plate of grape tomatoes,15.00,80.00,1.000
dish_1558722871,cauliflower,15.00,60.00,A small serving of cauliflower on a plate.,25.00,80.00,1.000
dish_1558721959,cherry tomatoes,11.16,62.00,A small bowl of cherry tomatoes.,25.00,150.00,1.000
dish_1558722906,corn on the cob,95.49,90.00,Two halves of corn on the cob on a plate.,130.00,150.00,1.000
dish_1558722931,almonds,439.36,76.00,A small bowl of almonds,350.00,50.00,1.000
dish_1558722968,almonds | corn on the cob,560.29,284.00,"A small meal consisting of almonds, cauliflower, cherry tomatoes, and corn.",520.00,240.00,0.500
dish_1558723047,cantaloupe,31.62,93.00,A small plate of cut carrots.,30.00,70.00,0.000
dish_1558723073,cherry tomatoes,16.20,90.00,A small plate of cherry tomatoes.,24.00,140.00,1.000
dish_1558723096,cauliflower,16.50,66.00,Small serving of cauliflower florets on a plate.,30.00,100.00,1.000
dish_1558721434,cherry tomatoes | carrot | cauliflower | cantaloupe,99.90,350.00,"A plate of sliced carrots, cauliflower florets, cherry tomatoes and butternut squash.",150.00,420.00,0.600
dish_1558723414,corn on the cob,51.99,49.00,A slice of corn on the cob on a plate.,60.00,60.00,1.000
dish_1558723449,apple,74.36,143.00,A single apple on a plate.,95.00,182.00,1.000
dish_1558722125,almonds,497.17,86.00,A serving of almonds.,580.00,100.00,1.000
dish_1558723512,carrot,15.99,39.00,A plate of sliced carrots.,25.00,60.00,1.000
dish_1558723537,cauliflower,14.50,58.00,A small serving of cauliflower florets on a white plate.,25.00,70.00,1.000
dish_1558723568,cantaloupe | corn on the cob | carrot | cauliflower | apple,179.62,356.00,"A plate with an apple, cantaloupe cubes, cauliflower florets, sliced carrots, and a corn half.",292.00,605.00,1.000
dish_1558723639,cauliflower,10.25,41.00,Small serving of raw cauliflower florets on a white plate.,25.00,80.00,1.000
dish_1558723671,carrot,38.13,93.00,A plate of sliced carrots.,75.00,150.00,1.000
dish_1558723695,corn on the cob,95.49,90.00,Two halves of corn on the cob on a white plate.,130.00,150.00,1.000
dish_1558723719,almonds,231.24,40.00,A small serving of almonds on a white plate.,105.00,15.00,1.000
dish_1558722883,cauliflower,15.00,60.00,Small serving of cauliflower florets on a plate.,25.00,50.00,1.000
dish_1558723777,apple,74.36,143.00,A single apple on a white plate.,95.00,182.00,1.000
dish_1558723818,corn on the cob,113.53,107.00,Two pieces of corn on the cob on a plate.,80.00,100.00,1.000
dish_1558723847,almonds,554.98,96.00,A plate of almonds.,510.00,85.00,1.000
dish_1558723866,cauliflower,14.75,59.00,Small serving of cauliflower on a white plate.,25.00,80.00,1.000
dish_1558723123,corn on the cob,51.99,49.00,A section of corn on the cob on a white plate.,80.00,85.00,1.000
dish_1558723926,cherry tomatoes,19.26,107.00,A small plate of cherry tomatoes.,21.00,140.00,1.000
dish_1558723960,cauliflower,13.00,52.00,Two cauliflower florets on a white plate.,25.00,50.00,1.000
dish_1558723982,almonds,294.83,51.00,A serving of almonds in a square bowl.,207.00,35.00,1.000
dish_1558724005,cantaloupe,31.62,93.00,A plate of cantaloupe slices,40.00,100.00,1.000
dish_1558723475,cantaloupe,22.78,67.00,A plate of cantaloupe chunks.,20.00,57.00,1.000
dish_1558724574,brussels sprouts,50.74,118.00,Plate of roasted Brussels sprouts,90.00,150.00,1.000
dish_1558724607,honeydew melons,54.72,152.00,A small plate of cubed honeydew melon.,61.00,170.00,1.000
dish_1558724633,broccoli,32.90,94.00,A plate of broccoli florets,45.00,150.00,1.000
dish_1558724658,brussels sprouts | honeydew melons | broccoli,138.36,364.00,"A plate with Brussels sprouts, cucumbers and broccoli.",170.00,500.00,0.500
dish_1558724689,cauliflower,19.75,79.00,A plate of steamed or boiled cauliflower florets.,50.00,100.00,1.000
dish_1558724723,broccoli,39.20,112.00,A plate of steamed broccoli.,55.00,170.00,1.000
dish_1558724766,apple,83.72,161.00,An apple on a plate,95.00,182.00,1.000
dish_1558724799,cauliflower | apple | broccoli,142.67,352.00,"A plate with an apple, cauliflower florets, and broccoli florets.",154.00,382.00,1.000
dish_1558724853,brussels sprouts,50.74,118.00,A small plate of roasted Brussels sprouts.,80.00,100.00,1.000
dish_1558724891,apple,83.72,161.00,A single apple on a white plate.,95.00,182.00,1.000
dish_1558724912,carrot,30.75,75.00,A plate of sliced carrots.,62.00,130.00,1.000
dish_1558724932,almonds,416.23,72.00,A serving of almonds in a white bowl.,350.00,50.00,1.000
dish_1558724959,brussels sprouts | carrot | almonds | apple,581.44,426.00,"A plate with an apple, almonds, brussels sprouts and carrot slices.",404.00,467.00,1.000
dish_1558723742,carrot | almonds | corn on the cob,375.11,264.00,"A plate with carrots, cauliflower, corn and almonds",285.00,270.00,0.750
dish_1558725049,brussels sprouts,43.00,100.00,Plate of roasted brussel sprouts,80.00,150.00,1.000
dish_1558723894,almonds | corn on the cob | apple,757.61,405.00,"A plate with an apple, cut corn on the cob, cauliflower florets, and almonds.",630.00,452.00,0.750
dish_1558725112,almonds | brussels sprouts | honeydew melons,554.06,330.00,"A plate with almonds, brussels sprouts, and honeydew melon.",550.00,330.00,1.000
dish_1558725193,almonds,763.09,132.00,A plate of almonds.,518.00,91.00,1.000
dish_1558725226,cauliflower,19.75,79.00,A plate of cauliflower florets.,63.00,150.00,1.000
dish_1558725253,broccoli,33.95,97.00,A plate of steamed broccoli florets.,51.00,150.00,1.000
dish_1558725286,almonds,816.79,308.00,"A plate of almonds, broccoli, and cauliflower.",479.00,235.00,0.333
dish_1558724992,almonds,456.70,79.00,A small plate of almonds.,336.00,56.00,1.000
dish_1558725403,almonds,289.05,50.00,A small bowl of almonds.,170.00,28.00,1.000
dish_1558724031,cherry tomatoes | cantaloupe | almonds,358.71,303.00,"Plate of raw vegetables, fruit and almonds",295.00,330.00,0.750
dish_1558725621,brussels sprouts | almonds | cauliflower,349.22,223.00,A plate with assorted vegetables and nuts,330.00,380.00,0.750
dish_1558725702,brussels sprouts,50.31,117.00,A plate of Brussels sprouts,100.00,150.00,1.000
dish_1558725734,carrot,30.75,75.00,Plate of sliced carrots,52.00,110.00,1.000
dish_1558725760,apple,83.72,161.00,A single apple on a plate.,95.00,182.00,1.000
dish_1558725786,corn on the cob,113.53,107.00,Two pieces of corn on the cob on a white plate.,160.00,200.00,1.000
dish_1558725829,brussels sprouts | carrot | corn on the cob | apple,278.31,460.00,A plate of vegetables and an apple.,300.00,650.00,1.000
dish_1559059924,bacon,108.20,20.00,Four strips of crispy bacon on a white plate.,200.00,40.00,1.000
dish_1559059954,bacon,108.20,20.00,A serving of bacon on a white plate.,200.00,30.00,1.000
dish_1559059992,sweet potato,71.44,94.00,A small serving of roasted potatoes.,144.00,80.00,1.000
dish_1558725353,brussels sprouts,40.42,94.00,A plate of Brussels sprouts,87.00,100.00,1.000
dish_1559060106,bacon | sweet potato,206.37,195.00,"Breakfast meal with bacon, roasted potatoes and strawberries",330.00,280.00,1.000
dish_1559061675,watermelon,24.90,83.00,A plate of watermelon cubes.,50.00,150.00,1.000
dish_1559061752,eggs,192.82,124.00,A plate of scrambled eggs with hot sauce.,245.00,155.00,0.500
dish_1559062005,turkey bacon,113.91,30.00,Three strips of bacon on a white plate,140.00,40.00,1.000
dish_1558725085,honeydew melons,54.36,151.00,A plate of honeydew melon chunks.,46.00,120.00,1.000
dish_1559062082,watermelon | eggs | turkey bacon | sweet potato,387.87,311.00,"Breakfast plate with watermelon, scrambled eggs, fried potatoes, and turkey bacon.",575.00,445.00,1.000
dish_1559149615,bacon,124.43,23.00,Three strips of cooked bacon,270.00,30.00,1.000
dish_1559149650,carrot,26.24,64.00,A plate of cooked carrots.,63.00,150.00,1.000
dish_1559060055,,26.73,81.00,A plate of fresh strawberries.,49.00,140.00,
dish_1559149719,bacon | carrot | eggs,432.12,268.00,"A plate of scrambled eggs, bacon, and carrots.",430.00,300.00,1.000
dish_1559157454,arugula,34.56,28.00,Small arugula salad with blueberries,30.00,115.00,1.000
dish_1559157777,spinach (raw),2.53,11.00,A bowl of raw spinach,7.00,30.00,1.000
dish_1559157919,spinach (raw) | arugula,37.09,39.00,"A light salad with arugula, spinach, blueberries, and walnuts",80.00,156.00,0.667
dish_1559062051,sweet potato,56.24,74.00,A small serving of roasted potatoes on a white plate.,250.00,150.00,1.000
dish_1559158354,broccoli,21.00,60.00,A plate of broccoli florets.,42.00,120.00,1.000
dish_1559158425,spinach (raw),2.99,13.00,A bowl of raw spinach.,14.00,86.00,1.000
dish_1559172356,brown rice | salmon,313.10,176.00,There are no food items in this image.,0.00,,0.000
dish_1559232986,bacon,189.35,35.00,A plate of bacon,210.00,30.00,1.000
dish_1559233055,garden salad,25.19,39.00,Small spinach salad with shredded carrots and cherry tomatoes.,27.00,75.00,0.000
dish_1559233102,scrambled eggs,183.52,124.00,A plate of scrambled eggs.,270.00,180.00,1.000
dish_1559233144,garden salad | scrambled eggs | bacon,398.06,198.00,"A breakfast plate with scrambled eggs, bacon, and a spinach salad with shredded carrots.",550.00,300.00,0.500
dish_1559233445,pineapple,24.50,49.00,Two chunks of pineapple on a white plate.,60.00,80.00,1.000
dish_1559233570,,16.83,51.00,A small plate of strawberries.,20.00,60.00,
dish_1559233627,bacon,64.92,12.00,Two strips of cooked bacon on a white plate.,86.00,15.00,1.000
dish_1559233715,sweet potato,83.60,110.00,A plate of fried potatoes.,150.00,100.00,1.000
dish_1559233756,bacon | sweet potato | pineapple,189.85,222.00,"Plate of fruit, bacon, and roasted potatoes",290.00,250.00,1.000
dish_1559235639,,33.99,103.00,A plate of sliced strawberries,33.00,100.00,
dish_1559149688,eggs,281.45,181.00,A plate of scrambled eggs.,200.00,150.00,1.000
dish_1559235771,cream cheese | bagels,145.80,54.00,"A bagel, cut in half and topped with cream cheese, served on a plate.",350.00,130.00,0.500
dish_1559235815,cream cheese | bagels | eggs,352.40,268.00,"Breakfast meal with bagel with cream cheese, scrambled eggs and strawberries",600.00,420.00,0.667
dish_1559158263,arugula,40.74,33.00,"A simple salad with arugula, blueberries, and some slices of red bell pepper.",50.00,145.00,1.000
dish_1559238481,,59.69,127.00,A mandarin orange on a plate.,47.00,88.00,0.000
dish_1559238566,,62.13,109.00,A plate of strawberries and blueberries.,60.00,180.00,
dish_1559238608,pears,237.36,438.00,"A plate of fruit including a pear, strawberries, blueberries, and a mandarin orange.",195.00,423.00,0.500
dish_1559238993,,61.56,108.00,Plate of strawberries and blueberries.,45.00,135.00,
dish_1559239151,spinach (raw),9.20,40.00,A small salad with spinach and shredded carrots.,35.00,100.00,0.500
dish_1559239256,,60.16,128.00,One orange on a plate,62.00,131.00,
dish_1559239369,spinach (raw),130.92,276.00,"A salad with strawberries, spinach, mandarin orange, blueberries, shredded carrots, and a tomato.",143.00,356.00,0.250
dish_1559235690,eggs,172.60,111.00,A serving of scrambled eggs on a white plate.,275.00,200.00,1.000
dish_1559239912,,60.16,128.00,A single orange on a white plate.,62.00,131.00,
dish_1559239985,pears,116.12,203.00,A pear on a plate,100.00,178.00,1.000
dish_1559240089,carrot | pears,202.82,385.00,"A plate with sliced carrots, an orange, and a pear.",205.00,409.00,1.000
dish_1559240256,broccoli,18.90,54.00,Plate of broccoli florets,52.00,175.00,1.000
dish_1559240382,carrot,20.65,42.00,A small portion of cooked carrots on a white plate.,30.00,70.00,1.000
dish_1559240441,,19.47,59.00,Small plate of sliced strawberries,20.00,50.00,
dish_1559240510,cauliflower | carrot | broccoli,73.52,213.00,Plate of raw vegetables and fruit.,160.00,450.00,1.000
dish_1559240875,pears,116.12,203.00,A single guava on a white plate.,42.00,135.00,0.000
dish_1559238435,pears,115.54,202.00,A pear on a plate,103.00,178.00,1.000
dish_1559240987,carrot,25.07,51.00,A plate of cooked carrots.,75.00,150.00,1.000
dish_1559241099,carrot | pears,201.35,382.00,"An orange, a pear, and carrot chips on a red plate.",243.00,361.00,1.000
dish_1559242066,carrot,26.05,53.00,A plate of roasted carrots.,75.00,150.00,1.000
dish_1559242155,pears,116.12,203.00,A single pear on a plate.,100.00,178.00,1.000
dish_1559242221,almonds,659.03,114.00,A plate of almonds.,529.00,89.00,1.000
dish_1559239753,carrot,26.55,54.00,A small dish of glazed carrots.,90.00,150.00,1.000
dish_1559240908,,60.16,128.00,An orange on a white plate.,62.00,131.00,
dish_1559242568,pears,116.12,203.00,A single guava on a plate.,112.00,175.00,0.000
dish_1559243887,almonds,289.05,50.00,A plate of almonds,350.00,50.00,1.000
dish_1559243974,almonds | pears,431.22,306.00,"A snack plate with apple, almonds, and baby carrots.",359.00,347.00,0.250
dish_1559244305,chickpeas,113.07,64.00,Chickpea salad with onions and tomatoes,180.00,180.00,0.333
dish_1559244417,arugula,72.83,59.00,Arugula salad with pine nuts and shredded carrot.,100.00,130.00,0.333
dish_1559244546,brown rice | chicken,469.94,281.00,"A plate with chicken, rice, spinach and roasted vegetables.",510.00,350.00,0.500
dish_1559244598,cookies,250.92,51.00,A single meatball on a plate.,220.00,80.00,0.000
dish_1559244649,chicken | chickpeas | cookies,906.76,455.00,"A plate with chicken breast, brown rice, chickpea salad, falafel, arugula salad, and sauteed spinach.",705.00,605.00,0.286
dish_1559245589,carrot,25.56,52.00,A plate of baby carrots,60.00,150.00,1.000
dish_1559245654,pears,115.54,202.00,A green apple with a few carrot shavings on a plate.,97.00,185.00,0.000
dish_1559245697,pears | garden salad | carrot,163.72,289.00,A light meal consisting of a spinach salad with carrot sticks and a pear.,185.00,363.00,0.500
dish_1559245801,,60.99,107.00,A small plate of strawberries and blueberries.,60.00,170.00,
dish_1559243139,carrot,26.05,53.00,A plate of roasted carrots.,80.00,100.00,1.000
dish_1559245920,cauliflower,14.25,57.00,Small portion of cauliflower and a single carrot piece on a white square plate.,27.00,80.00,0.500
dish_1559245979,pears,116.12,203.00,A guava and a few carrot pieces on a white plate.,115.00,205.00,0.000
dish_1559246053,cauliflower | pears,251.05,494.00,A plate of fruit and vegetables,245.00,530.00,0.500
dish_1559319826,,45.03,79.00,"A small plate with sliced strawberries, raspberries and a blackberry.",42.00,123.00,
dish_1559319860,bacon,70.33,13.00,A single strip of bacon on a plate,120.00,30.00,1.000
dish_1559319902,pineapple,8.50,17.00,Two small pieces of pineapple on a plate.,20.00,50.00,1.000
dish_1559319971,sweet potato,72.96,96.00,A serving of roasted potatoes on a plate.,210.00,150.00,1.000
dish_1559320019,sweet potato | bacon,196.82,205.00,"Breakfast with bacon, potatoes, and berries",370.00,305.00,0.667
dish_1559332418,salmon | brown rice,482.11,271.00,"A meal of salmon, brown rice, and spinach.",510.00,330.00,0.667
dish_1559243704,pears,116.12,203.00,A single guava on a white plate.,112.00,200.00,0.000
dish_1559332795,cucumbers | lime | lettuce | cherry tomatoes | onions,39.37,39.00,A spinach salad with feta cheese and dates.,150.00,100.00,0.000
dish_1559332822,salmon | brown rice,540.59,408.00,"A plate with salmon, brown rice, squash, and spinach salad.",680.00,560.00,0.500
dish_1559578551,bacon,124.43,23.00,A plate with a piece of bacon,135.00,30.00,1.000
dish_1559245848,,59.69,127.00,An orange on a plate.,69.00,131.00,
dish_1559578599,bacon | sweet potato,229.98,193.00,"A plate with roasted potatoes, bacon and strawberries.",500.00,400.00,1.000
dish_1559332487,zucchini | chayote squash,19.11,98.00,A small amount of yellow squash and zucchini,49.00,175.00,1.000
dish_1559578579,bacon,142.58,78.00,Bacon and strawberries on a plate.,170.00,170.00,1.000
dish_1559581356,bacon | eggs,436.95,294.00,"A breakfast meal with scrambled eggs, bacon, broccoli and spinach salad.",430.00,420.00,0.500
dish_1559581236,eggs,296.93,212.00,A plate with scrambled eggs and spinach salad with carrots,355.00,300.00,0.333
dish_1559585533,broccoli,12.95,37.00,Plate of broccoli florets.,40.00,120.00,1.000
dish_1559589873,mushroom,11.88,54.00,Small serving of mushrooms on a white plate.,40.00,150.00,1.000
dish_1559589902,mushroom,16.37,76.00,Asparagus and sauteed mushrooms on a white plate.,90.00,100.00,1.000
dish_1559589942,pizza,290.35,179.00,"A plate with pizza, asparagus, and mushrooms",395.00,230.00,0.500
dish_1559590005,pizza,360.83,241.00,"A plate with a slice of pizza, a spinach salad and some roasted mushrooms.",420.00,255.00,0.333
dish_1559581333,bacon | eggs,415.95,234.00,"A breakfast plate with scrambled eggs, bacon and spinach salad.",380.00,270.00,0.667
dish_1558725576,cauliflower,19.75,79.00,A plate of cauliflower florets,60.00,200.00,1.000
dish_1559590157,chicken | caesar salad,230.49,234.00,"A plate with grilled chicken, caesar salad and asparagus.",430.00,370.00,1.000
dish_1559590202,caesar salad | chicken,316.73,311.00,"A healthy meal consisting of grilled chicken, couscous salad, caesar salad, and asparagus.",720.00,425.00,1.000
dish_1559593646,kale,55.39,37.00,A small kale salad on a white plate.,100.00,150.00,1.000
dish_1559593722,kale | arugula,140.56,106.00,A plate with kale salad and mixed green salad.,200.00,300.00,0.500
dish_1559593746,kale | squash | arugula,156.96,186.00,"Plate with kale salad, mixed green salad, and roasted squash",500.00,325.00,0.667
dish_1559593794,quinoa | chicken thighs,450.56,380.00,"A plate with roasted chicken, butternut squash, and mixed green salad.",400.00,370.00,0.333
dish_1559667948,cream cheese | bagels,153.90,57.00,A bagel with a generous spread of cream cheese.,350.00,120.00,0.500
dish_1559581378,eggs | sausage | bacon,705.73,372.00,"A breakfast plate with scrambled eggs, bacon, sausage, broccoli, and spinach salad",680.00,450.00,0.600
dish_1559667994,scrambled eggs | hash browns | bagels | cream cheese,445.30,213.00,"Breakfast with scrambled eggs, hash browns, and bagel with cream cheese.",650.00,370.00,0.750
dish_1559668016,scrambled eggs | hash browns | bagels | cream cheese | honeydew melons,469.06,279.00,"Breakfast with scrambled eggs, hash browns, bagel with cream cheese and melon",675.00,520.00,0.800
dish_1559590031,pizza,402.75,269.00,A meal consisting of a pizza slice and a side salad.,490.00,400.00,0.250
dish_1559668272,scrambled eggs | hash browns,512.14,239.00,A plate of scrambled eggs and hash browns.,450.00,325.00,1.000
dish_1559668314,scrambled eggs | garden salad | hash browns,551.55,300.00,"Breakfast with scrambled eggs, hash browns, and salad.",455.00,390.00,0.667
dish_1559674074,pizza,140.98,53.00,A single slice of pepperoni pizza on a white plate.,250.00,100.00,1.000
dish_1559674689,honeydew melons,63.72,177.00,A bowl of honeydew melon.,60.00,170.00,1.000
dish_1559674781,grapes | honeydew melons,81.66,203.00,A bowl of honeydew melon and green grapes.,102.00,250.00,1.000
dish_1559674866,honeydew melons | grapes | caesar salad,125.66,303.00,"Salad with croutons, honeydew melon, and green grapes.",210.00,320.00,0.400
dish_1559590130,chicken,194.41,152.00,"A plate with chopped chicken breast, asparagus, and couscous.",315.00,260.00,1.000
dish_1559675146,brussels sprouts | carrot,19.07,45.00,Small plate of shredded carrots and Brussels sprouts,75.00,175.00,1.000
dish_1559675178,carrot | cherry tomatoes | brussels sprouts,28.97,100.00,"A plate with shredded carrots, cherry tomatoes and brussels sprouts.",70.00,185.00,1.000
dish_1559675234,carrot | bell peppers | cherry tomatoes | brussels sprouts,36.97,120.00,"A plate with shredded carrots, cherry tomatoes, brussels sprouts and green bell pepper",85.00,210.00,1.000
dish_1559668238,hash browns,290.14,89.00,A serving of hash browns.,250.00,150.00,1.000
dish_1559678083,cucumbers | carrot | garlic | cherry tomatoes,75.81,66.00,A simple salad of mixed greens.,50.00,150.00,0.000
dish_1559667973,bagels | cream cheese | scrambled eggs,334.46,179.00,Scrambled eggs and a bagel with cream cheese on a white plate,480.00,250.00,0.667
dish_1559678127,eggplant | broccoli,108.64,170.00,A mixed salad with eggplant and broccoli.,150.00,350.00,1.000
dish_1559678146,beef | broccoli,348.58,284.00,A plate of salad with beef steak and grilled eggplant.,555.00,530.00,0.667
dish_1559678330,spinach (raw),169.69,150.00,A simple spinach and sun-dried tomato salad on a white plate.,60.00,120.00,0.500
dish_1559678367,broccoli | spinach (raw),192.44,215.00,"Plate of broccoli, spinach, and red bell pepper",75.00,285.00,0.667
dish_1559678405,beef,552.35,386.00,"A plate of food with steak, broccoli and spinach.",300.00,330.00,0.333
dish_1559675101,brussels sprouts,13.33,31.00,Three Brussels sprouts on a white plate.,36.00,100.00,1.000
dish_1559678629,ketchup | fish,89.38,80.00,Fish fillet with lettuce,255.00,170.00,0.333
dish_1559678651,ketchup | fish | caesar salad,107.86,122.00,Caesar salad with chicken,520.00,350.00,0.167
dish_1559700851,spinach (raw),61.09,54.00,Arugula salad with shredded carrots,35.00,110.00,0.000
dish_1559751458,yam,152.64,123.00,A small portion of roasted sweet potato on a plate.,130.00,100.00,0.000
dish_1559751552,yam,227.31,254.00,Plate of fruit and sweet potato,240.00,375.00,0.000
dish_1559678104,broccoli,99.96,135.00,A plate of mixed greens and broccoli.,60.00,185.00,1.000
dish_1559751744,eggs,227.33,188.00,A plate of scrambled eggs with a side of raspberries and blackberries.,265.00,250.00,1.000
dish_1559751775,eggs | yam,309.24,254.00,"A plate of scrambled eggs, roasted sweet potato and mixed berries.",315.00,275.00,0.333
dish_1559751801,yam | eggs | chicken apple sausage,451.64,343.00,"Breakfast plate with sausage, scrambled eggs, roasted sweet potato, and berries.",715.00,405.00,0.500
dish_1559838214,bacon,43.28,8.00,A plate with a small serving of bacon.,80.00,15.00,1.000
dish_1559838279,bacon,103.70,114.00,Plate of berries and bacon,142.00,210.00,1.000
dish_1559838402,sweet potato | yam,222.76,233.00,"A plate of strawberries, raspberries, fried sweet potatoes, bacon, and blackberries.",340.00,330.00,0.333
dish_1559841023,chicken apple sausage,73.60,46.00,Three meatballs on a white plate.,120.00,60.00,0.000
dish_1559841061,chicken apple sausage,96.39,99.00,A light meal of blackberries and sausage,105.00,110.00,1.000
dish_1559678457,beef,624.24,465.00,"A plate with steak, broccoli, lentils, and spinach.",530.00,470.00,0.000
dish_1559841127,scrambled eggs | yam | chicken apple sausage | sweet potato,339.54,285.00,"A breakfast plate with scrambled eggs, sausage, roasted potatoes, and blackberries.",610.00,410.00,0.750
dish_1559841163,scrambled eggs | yam | sweet potato | chicken apple sausage,357.04,335.00,"A breakfast plate with scrambled eggs, sausage, broccoli, blackberries, and roasted potatoes.",610.00,575.00,0.600
dish_1559841571,cereal,18.80,5.00,A small serving of Cheerios on a white plate.,60.00,17.00,0.000
dish_1559841781,grapes,45.02,43.00,A small snack of grapes and Cheerios.,106.00,97.00,0.500
dish_1559841808,grapes | mandarin oranges,73.11,96.00,"A light meal consisting of red grapes, a tangerine, and cheerios cereal served on a plate.",226.00,232.00,0.250
dish_1559841870,pears,114.97,201.00,A single pear on a white plate.,100.00,178.00,1.000
dish_1559841891,grapes | pears,163.96,272.00,A plate of grapes and a pear.,171.00,285.00,1.000
dish_1559841908,grapes | broccoli | pears,175.16,304.00,"A plate with broccoli, grapes, and a pear.",201.00,393.00,1.000
dish_1559675268,cherry tomatoes | carrot | bell peppers | brussels sprouts | cucumbers,39.37,144.00,Plate of various raw and roasted vegetables.,108.00,280.00,1.000
dish_1559841979,broccoli | mandarin oranges,39.29,85.00,A small plate with an orange and broccoli.,80.00,200.00,0.500
dish_1559842047,broccoli | pears | mandarin oranges,153.69,285.00,"A plate with a pear, a mandarin orange, and broccoli florets.",180.00,335.00,1.000
dish_1559751710,,37.62,66.00,A plate of raspberries and blackberries.,78.00,200.00,
dish_1559841091,chicken apple sausage | sweet potato | yam,163.42,166.00,"A plate with roasted potatoes, blackberries and sausage.",430.00,300.00,0.667
dish_1559841950,broccoli,11.20,32.00,Small portion of broccoli on a plate,20.00,60.00,1.000
dish_1559842409,mandarin oranges | almonds,359.19,179.00,"A small plate of fruit, nuts, and vegetables including broccoli, tangerine, almonds and strawberries.",303.00,273.00,0.250
dish_1559842274,almonds,306.39,53.00,A serving of almonds.,207.00,35.00,1.000
dish_1559843052,mandarin oranges,53.50,130.00,A small plate with a mandarin orange and sliced strawberries,97.00,250.00,1.000
dish_1559843185,mandarin oranges | broccoli,64.35,161.00,"A small plate of fruit and vegetables including mandarin orange, strawberries, and broccoli.",114.00,300.00,1.000
dish_1559843222,grapes | broccoli | mandarin oranges,111.27,229.00,"A plate of various fruits and vegetables including broccoli, mandarin orange, sliced strawberries, and red grapes.",203.00,453.00,1.000
dish_1559843335,,25.41,77.00,A plate of sliced strawberries,30.00,100.00,
dish_1559843492,broccoli,31.71,95.00,A plate with sliced strawberries and broccoli florets.,81.00,250.00,1.000
dish_1559843690,potatoes | broccoli,61.74,134.00,"A small plate with broccoli, sliced strawberries and apple slices.",126.00,320.00,0.333
dish_1559843715,potatoes | pears,176.14,334.00,"A plate of fresh fruit including a pear, strawberries, broccoli and some pineapple chunks.",210.00,443.00,0.250
dish_1559844030,,25.41,77.00,A serving of sliced strawberries on a white plate.,49.00,140.00,
dish_1559844063,pears,139.81,277.00,A plate with a pear and sliced strawberries.,130.00,258.00,1.000
dish_1559844090,pears | mandarin oranges,168.43,331.00,"A plate with a pear, strawberries, and a mandarin orange.",177.00,341.00,1.000
dish_1559844113,pears | mandarin oranges | almonds,312.96,356.00,"A plate with a pear, sliced strawberries, almonds, and a mandarin orange.",340.00,394.00,1.000
dish_1559844272,almonds,462.48,80.00,A plate of almonds.,350.00,50.00,1.000
dish_1559842326,almonds | mandarin oranges,334.48,106.00,A small plate of almonds and a mandarin orange,232.00,113.00,1.000
dish_1559844366,almonds | grapes,529.22,192.00,"A plate of almonds, broccoli, and grapes",500.00,230.00,0.667
dish_1559844458,grapes,55.89,81.00,A plate of cherries,68.00,120.00,0.000
dish_1559844479,mandarin oranges | grapes,83.45,133.00,"A small plate of fruit, including a tangerine and a small bunch of red grapes.",116.00,205.00,0.333
dish_1559843030,,25.41,77.00,A small plate of strawberries.,35.00,100.00,
dish_1559844506,mandarin oranges | grapes,98.96,180.00,"A plate of fresh fruit including strawberries, a tangerine, and red grapes.",156.00,303.00,0.333
dish_1559842374,almonds | mandarin oranges,345.33,137.00,"A plate with broccoli florets, one mandarin orange, and a pile of almonds.",442.00,238.00,0.667
dish_1559844611,grapes,55.89,81.00,A small serving of red grapes.,69.00,120.00,1.000
dish_1559844683,broccoli | potatoes | grapes,132.96,198.00,"A plate of broccoli, roasted potatoes, and grapes",230.00,285.00,1.000
dish_1559844928,potatoes,66.22,86.00,A plate of roasted potatoes.,250.00,150.00,1.000
dish_1559844951,almonds | potatoes,274.34,122.00,A plate of almonds and roasted potatoes.,367.00,185.00,1.000
dish_1559845018,almonds | mandarin oranges | potatoes,302.43,175.00,"A small plate with almonds, roasted potatoes, and a mandarin orange.",414.00,273.00,1.000
dish_1559845046,potatoes | mandarin oranges | almonds,313.63,207.00,"A plate with almonds, roasted potatoes, broccoli and a mandarin orange.",567.00,373.00,0.750
dish_1559845290,potatoes,66.22,86.00,A plate of roasted potatoes,210.00,80.00,1.000
dish_1559845370,potatoes | mandarin oranges,94.31,139.00,A small plate with a mandarin orange and roasted potatoes.,247.00,188.00,1.000
dish_1559845399,potatoes | mandarin oranges,107.18,178.00,"A plate with a tangerine, roasted potatoes, and sliced strawberries.",242.00,238.00,0.333
dish_1559845513,potatoes | pears | mandarin oranges,222.15,379.00,"A plate with a green apple, a mandarin orange, roasted potatoes, and sliced strawberries.",307.00,420.00,0.500
dish_1559844490,grapes | mandarin oranges,108.36,180.00,"A plate of strawberries, mandarin orange, and red grapes.",136.00,253.00,0.667
dish_1559844657,potatoes | grapes,122.11,167.00,A plate with roasted potatoes and red grapes.,203.00,250.00,1.000
dish_1559844323,grapes | almonds,518.37,161.00,A plate of almonds and red grapes.,308.00,135.00,1.000
dish_1559845745,pears | potatoes,208.14,322.00,A plate with a pear and a portion of roasted potatoes.,280.00,310.00,1.000
dish_1559846099,mandarin oranges | almonds | broccoli,206.94,114.00,"A plate of a mandarin orange, almonds and broccoli.",240.00,193.00,1.000
dish_1559846311,pears,114.97,201.00,A single guava on a plate.,112.00,180.00,0.000
dish_1559846334,pears | broccoli,126.17,233.00,A plate with a pear and broccoli.,134.00,267.00,1.000
dish_1559846363,broccoli | pears | mandarin oranges,154.26,286.00,"A plate with broccoli, pear, and tangerine.",165.00,351.00,0.500
dish_1559846073,mandarin oranges | broccoli,39.29,85.00,A light meal of a mandarin orange and some broccoli.,81.00,188.00,1.000
dish_1559846504,broccoli | pears,126.17,233.00,A plate with broccoli and a pear.,145.00,328.00,1.000
dish_1559846528,pears | almonds,322.73,267.00,"A plate with broccoli, a pear, and almonds.",349.00,316.00,0.667
dish_1559846585,pears,114.97,201.00,A pear on a plate.,100.00,170.00,1.000
dish_1559846688,arugula,82.83,73.00,"Salad with mixed greens, chickpeas, beets, and yogurt on a white plate.",190.00,260.00,0.000
dish_1559846825,pizza,252.70,95.00,Two slices of pizza with toppings,420.00,150.00,0.500
dish_1559848857,mandarin oranges,28.09,53.00,A single mandarin orange on a plate.,47.00,88.00,1.000
dish_1559848882,mandarin oranges | pears,143.06,254.00,A plate with a mandarin orange and a pear.,150.00,266.00,1.000
dish_1559848929,pears | grapes | mandarin oranges,189.29,321.00,"A plate with fruits, including grapes, an orange and a pear.",218.00,378.00,1.000
dish_1559849020,grapes,46.23,67.00,A plate of red grapes,69.00,115.00,1.000
dish_1559849053,grapes | almonds,381.53,125.00,A small plate of red grapes and almonds.,275.00,144.00,1.000
dish_1559849097,almonds | pears | grapes,495.93,325.00,"A plate of fruit and nuts, including a pear, red grapes, and almonds.",369.00,315.00,1.000
dish_1559849412,almonds,352.64,61.00,A plate of almonds.,350.00,50.00,1.000
dish_1559849466,pears | almonds,467.61,262.00,A snack consisting of almonds and a guava.,450.00,200.00,0.333
dish_1559849497,almonds | pears | grapes,521.43,340.00,"A snack plate with almonds, grapes, and a pear.",520.00,328.00,1.000
dish_1559849537,grapes | pears | mandarin oranges | almonds,549.52,393.00,A plate of fruit and almonds.,748.00,456.00,1.000
dish_1559850283,almonds,271.71,47.00,A serving of almonds on a white plate.,207.00,35.00,1.000
dish_1559846034,broccoli,11.20,32.00,A small serving of steamed broccoli on a white plate.,31.00,100.00,1.000
dish_1559850338,almonds,307.12,130.00,"A snack plate with mandarin orange, almonds, and broccoli.",364.00,238.00,0.333
dish_1559925037,bacon,54.10,10.00,A single strip of bacon on a plate.,86.00,12.00,1.000
dish_1559925083,yam | sweet potato | bacon,125.14,81.00,A plate of roasted sweet potato and bacon,230.00,145.00,0.667
dish_1559925174,,88.35,155.00,"A plate of mixed berries including strawberries, blueberries, and a blackberry",55.00,165.00,
dish_1559845767,pears | mandarin oranges | potatoes,236.23,375.00,"A plate with a mandarin orange, a pear, and a serving of roasted potatoes.",364.00,470.00,1.000
dish_1559933793,brussels sprouts,56.68,111.00,A plate of roasted brussel sprouts.,84.00,120.00,1.000
dish_1559933818,brussels sprouts,115.07,154.00,A plate with roasted Brussels sprouts and a mixed greens salad with carrots.,190.00,230.00,0.500
dish_1559933834,salmon | lentils | brussels sprouts | mayonnaise,775.03,458.00,"Plate with salmon, brussels sprouts, and salad",500.00,425.00,0.500
dish_1559934477,caesar salad,25.08,57.00,Small Caesar salad with croutons,300.00,225.00,0.500
dish_1559934645,caesar salad,24.64,56.00,"Small Caesar salad with lettuce, croutons, and dressing on a white plate.",150.00,150.00,1.000
dish_1559934679,chicken thighs | caesar salad,160.85,146.00,A meal consisting of chicken with bulgur and a caesar salad.,500.00,300.00,1.000
dish_1559934708,chicken thighs | white rice | caesar salad,202.45,178.00,"A plate with white rice, chicken breast and salad",600.00,370.00,0.667
dish_1560203400,pepperoni pizza,293.28,104.00,A single slice of pepperoni pizza on a plate.,320.00,120.00,1.000
dish_1560203424,pepperoni pizza | brownies,451.75,138.00,A slice of pepperoni pizza and a brownie.,550.00,180.00,0.333
dish_1560270537,pineapple,24.00,48.00,A small plate with cubed pineapple pieces.,50.00,100.00,1.000
dish_1560270585,pineapple | watermelon,43.80,114.00,A plate of fresh cut watermelon and pineapple.,80.00,200.00,1.000
dish_1560270630,pineapple | watermelon | sweet potato,120.56,215.00,"A plate with watermelon, pineapple, and roasted potatoes",230.00,260.00,1.000
dish_1560356314,spinach (raw),30.54,27.00,A salad made of spinach and shredded carrots.,35.00,135.00,0.500
dish_1559846450,pears,114.97,201.00,A pear on a plate,100.00,178.00,1.000
dish_1560356355,bacon | yam,301.61,148.00,"A plate with bacon, roasted sweet potato and spinach with carrot shreds.",365.00,305.00,0.200
dish_1560356523,bacon,497.72,92.00,Three strips of bacon,270.00,60.00,1.000
dish_1560356566,scrambled eggs | bacon,676.80,213.00,A breakfast plate with scrambled eggs and bacon.,420.00,210.00,1.000
dish_1560356627,scrambled eggs | bacon | sausage,980.05,301.00,"A breakfast plate containing scrambled eggs, bacon, and sausage.",650.00,285.00,1.000
dish_1560357267,scrambled eggs,566.84,383.00,A plate of scrambled eggs with salsa.,300.00,200.00,1.000
dish_1560357297,sausage | scrambled eggs,942.45,492.00,A plate of scrambled eggs and sausage.,500.00,250.00,1.000
dish_1560357427,grapefruit juice,93.75,241.00,A glass of orange juice.,112.00,250.00,1.000
dish_1560357792,waffles,145.15,50.00,Two waffle pieces on a plate,216.00,80.00,1.000
dish_1560357832,waffles,181.35,82.00,A waffle with mixed green salad.,260.00,175.00,1.000
dish_1560360030,scrambled eggs,193.88,131.00,A serving of scrambled eggs.,250.00,150.00,1.000
dish_1560360055,sausage | scrambled eggs,362.73,180.00,A plate of scrambled eggs and sausage slices.,350.00,225.00,1.000
dish_1560360102,scrambled eggs | sausage,401.49,248.00,"Breakfast with scrambled eggs, sausage, raspberries and blackberries.",410.00,330.00,1.000
dish_1559932674,,58.28,124.00,An orange on a plate.,62.00,131.00,
dish_1559850314,almonds,296.62,100.00,Mandarin orange and almonds on a plate,220.00,110.00,0.500
dish_1560366389,arugula,46.91,38.00,Arugula salad with a cherry tomato,53.00,105.00,0.500
dish_1560366410,arugula,58.74,96.00,Arugula salad with asparagus,45.00,170.00,1.000
dish_1560356337,yam,144.72,119.00,"A plate with roasted sweet potatoes, spinach and shredded carrots",190.00,315.00,0.000
dish_1560366460,pork,330.74,255.00,"A plate with pork tenderloin, arugula salad, roasted eggplant, and asparagus.",345.00,400.00,0.333
dish_1560366963,cherry tomatoes,7.56,42.00,Three cherry tomatoes on a plate.,15.00,50.00,1.000
dish_1560366998,honeydew melons | cherry tomatoes,39.60,131.00,Plate of small fruit and vegetable pieces,50.00,160.00,0.667
dish_1560367085,honeydew melons | tofu | cherry tomatoes,77.56,183.00,"A small portion of quinoa salad with tofu, vegetables (broccoli, sweet potato, zucchini), cucumber and cherry tomatoes on a white plate.",200.00,200.00,0.400
dish_1560367116,tofu | honeydew melons | fish | cherry tomatoes,108.41,211.00,Stir fry on quinoa with vegetables and tomatoes,415.00,330.00,0.125
dish_1560360112,scrambled eggs | sausage,401.49,248.00,"Breakfast with scrambled eggs, sausage slices, raspberries, and blackberries.",400.00,330.00,1.000
dish_1560367193,honeydew melons | cherry tomatoes | fish | mushroom | tofu,131.04,317.00,A plate of mixed vegetables with tofu and sauteed mushrooms.,275.00,375.00,0.500
dish_1560366438,eggplant | arugula,71.93,136.00,"A plate with arugula salad, asparagus, and eggplant",135.00,310.00,1.000
dish_1560367296,tofu | fish | mushroom | honeydew melons,184.38,362.00,"A plate of asparagus, fried tofu, salad greens, pickled vegetables and mushrooms.",330.00,545.00,0.333
dish_1560367333,fish | chicken | tofu | honeydew melons,291.63,427.00,Plate of mixed vegetables and tofu.,255.00,475.00,0.167
dish_1560367676,pork | brown rice,430.62,198.00,Chicken stir fry with rice and broccoli,450.00,310.00,0.250
dish_1560367698,white rice | pork,556.72,295.00,A plate of stir-fried chicken and broccoli served with white rice.,442.00,445.00,0.250
dish_1560367715,pork | croutons | white rice,597.53,305.00,Chicken and tofu stir-fry with rice and broccoli,520.00,420.00,0.167
dish_1560367733,white rice | croutons | pork | potatoes,661.44,388.00,"A plate with white rice, roasted potatoes, broccoli, tofu, and chicken.",810.00,700.00,0.286
dish_1560367904,fish | country rice,76.02,69.00,Roasted chicken with green peas and green onions.,207.00,115.00,0.000
dish_1560367926,fish | pizza,408.52,194.00,A plate with a slice of pizza and a piece of roasted chicken.,600.00,240.00,0.333
dish_1560367952,fish | pizza,414.73,221.00,Pizza topped with fresh spinach.,480.00,250.00,0.333
dish_1560367980,pizza | fish,421.47,254.00,Slice of pizza with a side of spinach and asparagus,284.00,210.00,0.333
dish_1560360148,scrambled eggs | sausage | cream cheese | bagels,587.79,317.00,"A plate of breakfast foods including a bagel with cream cheese, scrambled eggs, sausage, and mixed berries.",790.00,375.00,0.750
dish_1560368110,cherry tomatoes,16.02,89.00,A plate with cherry tomatoes,15.00,100.00,1.000
dish_1560368138,cherry tomatoes | mushroom,23.50,123.00,A small plate of cherry tomatoes and oyster mushrooms.,58.00,250.00,1.000
dish_1560368162,cherry tomatoes | mushroom | eggplant,41.64,178.00,A small plate with roasted eggplant and cherry tomatoes.,80.00,350.00,0.667
dish_1560368395,honeydew melons,49.32,137.00,A plate of cubed honeydew melon.,61.00,170.00,1.000
dish_1560367153,honeydew melons | tofu | fish | cherry tomatoes,117.18,254.00,A plate of cooked vegetables and tofu with brown rice,260.00,320.00,0.250
dish_1560368506,fish | honeydew melons | pork | country rice,462.93,378.00,"A meal consisting of chicken breast, chicken with sauce, and honeydew melon.",570.00,450.00,0.200
dish_1560368464,honeydew melons | pork,349.45,275.00,A plate with sliced chicken breast and honeydew melon chunks.,210.00,270.00,0.333
dish_1560368691,arugula,140.76,112.00,Arugula Salad on a White Plate,25.00,100.00,1.000
dish_1560368712,arugula,146.88,142.00,Arugula and asparagus salad with light dressing,90.00,190.00,1.000
dish_1560367258,tofu | fish | mushroom | cherry tomatoes | honeydew melons,157.99,341.00,"A plate with asparagus, mushrooms, beets, tofu, grain salad, and pickled daikon.",340.00,580.00,0.250
dish_1560368764,tofu | eggplant,207.10,270.00,"Salad with arugula, grilled eggplant, asparagus and tofu",240.00,430.00,0.667
dish_1560368019,pizza | fish,436.97,301.00,"A plate with eggplant, spinach, chicken wings, green beans and pizza.",764.00,590.00,0.167
dish_1560368944,pork,143.54,66.00,Chicken and rice with greens,340.00,170.00,0.000
dish_1560368972,pork | white rice,196.84,107.00,A plate of rice with pork and green vegetables.,450.00,330.00,0.667
dish_1560368990,white rice | pork,211.92,119.00,"A plate with arugula salad, white rice, and pork with vegetables.",470.00,250.00,0.667
dish_1560369008,pork | white rice | caesar salad,223.80,146.00,"A plate containing a mixed greens salad, rice, roast pork, and a slice of roasted sweet potato.",465.00,400.00,0.500
dish_1560369080,spinach (raw),55.05,49.00,A side salad of mixed greens.,50.00,150.00,0.000
dish_1560369102,spinach (raw),69.74,121.00,A simple salad with asparagus and mixed greens.,40.00,200.00,0.000
dish_1560369122,spinach (raw) | honeydew melons,92.06,183.00,"Salad with asparagus, mixed greens, and cantaloupe",100.00,350.00,0.000
dish_1560369146,pork,474.83,359.00,"Healthy plate with chicken, rice, and vegetables",440.00,450.00,0.000
dish_1560369255,pork,132.67,61.00,"A plate with chicken breast, rice, and greens.",190.00,100.00,0.000
dish_1560369273,fish | pork | country rice,308.95,221.00,"A plate of roasted chicken, fried fish, rice, and vegetables",560.00,285.00,0.400
dish_1560369294,country rice | fish | pork,333.64,342.00,"A plate of asparagus, pork belly, pork tenderloin and rice.",880.00,500.00,0.500
dish_1560369313,fish | white rice | country rice | pork,392.14,387.00,"A plate of rice, asparagus, pork loin, and chicken.",660.00,500.00,0.500
dish_1560369403,fish | white rice | pork | country rice,411.97,405.00,"Plate with chicken, tofu, rice, and asparagus.",930.00,630.00,0.200
dish_1560369421,pork | fish | country rice | white rice,413.95,411.00,"A plate of chicken, tofu, stir fry, rice and asparagus.",810.00,580.00,0.167
dish_1560370114,,7.96,39.00,A plate of asparagus.,20.00,100.00,
dish_1560370137,arugula,89.64,104.00,Arugula and asparagus salad,30.00,150.00,1.000
dish_1560370804,ice cream cones,25.13,6.00,There are no food items visible in the image. Just a plate and a plastic object.,0.00,,0.000
dish_1560370833,frozen yogurt,177.00,99.00,Chocolate cream tart on a white plate,250.00,60.00,0.000
dish_1560441247,bok choy,2.21,17.00,A small serving of stir-fried cabbage on a white plate.,45.00,50.00,0.000
dish_1560441270,bok choy | potatoes,24.54,46.00,A small plate with roasted potatoes and cabbage.,180.00,140.00,0.333
dish_1560441288,potatoes | bacon,165.20,72.00,Plate of bacon and roasted potatoes,420.00,175.00,1.000
dish_1560441311,bacon | quinoa | potatoes,190.40,93.00,"A plate with bacon, potatoes, turnips and couscous.",530.00,225.00,0.500
dish_1560441339,bacon | quinoa | potatoes | scrambled eggs,280.68,154.00,"Breakfast plate with scrambled eggs, bacon, roasted potatoes, quinoa and sauteed onions",600.00,395.00,0.800
dish_1560368570,honeydew melons | pork | fish,555.93,452.00,"Plate of baked fish, sliced chicken, cantaloupe and salad.",425.00,500.00,0.200
dish_1560441487,cantaloupe,41.42,88.00,"A plate of sliced strawberries, cantaloupe, and blueberries.",40.00,125.00,1.000
dish_1560441511,watermelon | cantaloupe,51.92,123.00,"A small fruit salad with strawberries, cantaloupe, and blueberries on a white plate.",57.00,170.00,0.500
dish_1560368738,eggplant | arugula,174.25,225.00,"A plate with arugula, grilled eggplant and asparagus.",115.00,325.00,1.000
dish_1560442226,,83.79,147.00,"A plate of mixed berries including strawberries, blueberries and blackberries.",100.00,325.00,
dish_1560441464,,28.50,50.00,A plate of strawberries and blueberries.,33.00,85.00,
dish_1560442279,quinoa | bacon,333.77,222.00,"Breakfast with quinoa, bacon, and mixed berries",460.00,375.00,1.000
dish_1560368815,eggplant | tofu | spinach (raw),400.34,442.00,"Salad with mixed greens, tofu, asparagus, and eggplant",200.00,400.00,0.667
dish_1560441529,cantaloupe | watermelon | pineapple,66.42,152.00,A plate of various sliced fruits.,65.00,195.00,0.500
dish_1560442450,yogurt,87.76,149.00,A bowl of yogurt.,150.00,150.00,1.000
dish_1560443437,,116.28,204.00,Mixed berries on a white plate,80.00,260.00,
dish_1560443474,pineapple,172.78,317.00,A variety of fresh fruits on a white plate.,95.00,200.00,1.000
dish_1560443537,pineapple | grapes,237.64,411.00,"Fruit salad with grapes, raspberries, blueberries, blackberries, pineapple chunks, and strawberries.",177.00,340.00,1.000
dish_1560443565,honeydew melons | pineapple | grapes,260.68,475.00,"Fruit salad with grapes, raspberries, blueberries, blackberries, pineapple, and cantaloupe.",289.00,565.00,0.500
dish_1560443607,grapes | honeydew melons | egg whites | pineapple,380.80,706.00,Fruit salad with cream.,311.00,395.00,0.400
dish_1560444570,scrambled eggs,168.72,114.00,A plate of scrambled eggs.,200.00,150.00,1.000
dish_1560444592,scrambled eggs | yam,244.42,175.00,A plate of scrambled eggs and roasted sweet potatoes,400.00,270.00,0.333
dish_1560444616,scrambled eggs | yam,265.87,240.00,"Plate of scrambled eggs, roasted sweet potato, and strawberries.",400.00,400.00,0.333
dish_1560442258,bacon,289.37,185.00,Plate of bacon and mixed berries,215.00,250.00,1.000
dish_1560444701,watermelon,51.00,170.00,Plate of diced watermelon,69.00,230.00,1.000
dish_1560444724,watermelon | honeydew melons,113.28,343.00,A plate with chunks of watermelon and honeydew melon.,66.00,200.00,1.000
dish_1560444756,honeydew melons | pineapple | watermelon,150.78,418.00,"A plate of cubed watermelon, honeydew melon, and pineapple.",116.00,300.00,1.000
dish_1560442374,grapefruit juice,90.64,233.00,A bowl of tomato soup.,150.00,240.00,0.000
dish_1560444815,honeydew melons | watermelon | scrambled eggs | bacon | pineapple,495.12,571.00,"A breakfast plate with scrambled eggs, bacon, watermelon, honeydew melon, and pineapple.",520.00,540.00,1.000
dish_1560444869,honeydew melons,14.04,39.00,A plate with several slices of cucumber.,15.00,85.00,0.000
dish_1560442303,scrambled eggs | quinoa | bacon,444.77,297.00,"Breakfast plate with scrambled eggs, bacon, hash browns, and mixed berries.",650.00,500.00,0.500
dish_1560444914,honeydew melons | pineapple | watermelon,62.34,166.00,"Plate of fruit including watermelon, pineapple, and melon.",85.00,200.00,1.000
dish_1560444931,watermelon | honeydew melons | pineapple | scrambled eggs,112.66,200.00,"A breakfast meal with scrambled eggs and fruits including pineapple, watermelon, and melon.",285.00,430.00,1.000
dish_1560444948,watermelon | pineapple | scrambled eggs | honeydew melons,171.32,231.00,"A plate with scrambled eggs, pineapple, watermelon, melon, and a small salad.",355.00,505.00,0.800
dish_1560444967,honeydew melons | yam | scrambled eggs | pineapple | watermelon,197.38,252.00,"A plate with scrambled eggs, pineapple chunks, watermelon cubes, cucumber slices, roasted sweet potato, and a small salad with carrots and spinach.",446.00,650.00,0.375
dish_1560444892,honeydew melons | pineapple,39.54,90.00,Plate of pineapple and melon,65.00,150.00,1.000
dish_1560445004,watermelon | scrambled eggs | bacon | pineapple | yam,339.60,290.00,"A plate of breakfast food including bacon, eggs, pineapple, watermelon, honeydew, and mixed vegetables.",555.00,570.00,0.571
dish_1560445069,grapefruit juice,94.53,243.00,Glass of orange juice,112.00,250.00,1.000
dish_1560453132,spinach (raw),142.09,108.00,"Spinach salad with carrots, blueberries, pumpkin seeds and vinaigrette dressing.",130.00,130.00,0.333
dish_1560453150,spinach (raw) | green beans,152.32,141.00,"A plate with green beans, spinach salad with carrots and seeds and blueberries",212.00,290.00,1.000
dish_1560444637,bacon | yam | scrambled eggs,509.32,285.00,"Plate of scrambled eggs, bacon, roasted sweet potatoes, and sliced strawberries. This appears to be a breakfast meal.",590.00,360.00,0.500
dish_1560453275,chicken,92.55,60.00,A small portion of grilled mackerel served with zucchini.,215.00,130.00,0.000
dish_1560453294,kimchi | chicken,115.95,138.00,"A small portion of kimchi, grilled mackerel, and a cherry tomato on a white plate.",168.00,225.00,0.250
dish_1560453328,kimchi | brown rice | chicken | salmon,340.11,264.00,"A plate with chicken, kimchi, and grilled fish.",363.00,330.00,0.333
dish_1560453356,chicken | brown rice | salmon | kimchi | tomatoes,389.07,408.00,"A plate with grilled fish, kimchi, cherry tomatoes, and zucchini.",300.00,430.00,0.286
dish_1560453380,brown rice | green beans | tomatoes | chicken | kimchi | salmon,411.39,480.00,"A plate with grilled fish, kimchi, green beans, and cherry tomatoes.",378.00,550.00,0.429
dish_1560453412,salmon | tomatoes | chicken | wild rice,591.08,631.00,"Plate of grilled chicken with brown rice, tomatoes, kimchi, and green beans.",600.00,575.00,0.500
dish_1560454488,garlic | cucumbers | cherry tomatoes | carrot,48.24,42.00,Small mixed green salad with mandarin orange segments,80.00,200.00,0.000
dish_1560454513,green beans,54.44,62.00,"A light meal consisting of green beans, mixed greens salad, and mandarin orange slices.",100.00,300.00,0.500
dish_1560454539,green beans | wild rice,122.27,119.00,"A plate with brown rice, green beans, mixed greens, and mandarin orange slices.",310.00,390.00,0.667
dish_1560454562,corn | fish | wild rice,318.82,299.00,"A plate with salmon, brown rice, green beans, and mixed greens salad.",675.00,560.00,0.167
dish_1560444785,bacon | watermelon | honeydew melons | pineapple,313.08,448.00,"A plate of fruit salad with watermelon, cantaloupe, pineapple, and bacon.",225.00,320.00,0.600
dish_1560444985,honeydew melons | pineapple | watermelon | yam | scrambled eggs,198.94,264.00,"A plate with scrambled eggs, pineapple, watermelon, melon, roasted sweet potato, and stir-fried vegetables.",425.00,640.00,0.571
dish_1560455030,cherry tomatoes | cucumbers | baby carrots,20.59,103.00,"A small salad with shredded carrots, cucumber slices, and cherry tomatoes.",63.00,165.00,1.000
dish_1560455059,cherry tomatoes | baby carrots | celery | cucumbers,25.55,134.00,"A plate of mixed raw vegetables including shredded carrots, sliced cucumber, cherry tomatoes, and celery.",80.00,200.00,1.000
dish_1560455090,celery | chicken | cherry tomatoes | baby carrots,60.20,155.00,"Mixed salad with carrots, tomatoes, cucumber, celery and chicken",170.00,305.00,0.800
dish_1560455158,arugula,69.12,55.00,Arugula salad with black olives,70.00,130.00,1.000
dish_1560455179,honeydew melons,103.32,150.00,melon and arugula salad,85.00,225.00,0.500
dish_1560455203,green beans | honeydew melons,115.10,188.00,"Salad with honeydew melon, arugula, string beans, and olives.",120.00,315.00,0.667
dish_1560455224,honeydew melons | green beans | wild rice,181.74,244.00,"Plate with melon, rice with green beans and an arugula salad",340.00,400.00,0.500
dish_1560455263,chicken | wild rice | honeydew melons,360.68,360.00,"A balanced meal consisting of chicken, rice, green beans, melon, and salad.",750.00,730.00,0.600
dish_1560455343,spinach (raw),53.94,41.00,A side salad of mixed greens on a white plate.,25.00,100.00,0.000
dish_1560453174,chicken | spinach (raw),329.72,256.00,"A plate with a chicken drumstick, green beans, mixed green salad with carrots, and blueberries.",350.00,400.00,0.250
dish_1560455399,fish | chard,138.50,149.00,A plate with grilled salmon and a mixed green salad with shredded carrots.,350.00,280.00,0.000
dish_1560454970,cherry tomatoes,9.90,55.00,Four cherry tomatoes on a plate.,12.00,80.00,1.000
dish_1560455442,corn on the cob | pizza | fish,457.58,293.00,"A plate with grilled fish, salad, pizza and corn on the cob",700.00,400.00,1.000
dish_1560456305,lettuce | pumpkin seeds | arugula | carrot,26.39,21.00,A plate of arugula,5.00,25.00,0.250
dish_1560456326,chicken,206.87,138.00,Roasted chicken thigh with arugula,260.00,170.00,0.500
dish_1560456348,chicken,210.28,149.00,"A meal consisting of a roasted chicken leg, green beans, and arugula.",240.00,230.00,0.333
dish_1560455000,cherry tomatoes | cucumbers,12.80,84.00,"Simple snack of cucumber, cherry tomatoes, and some shredded carrot.",40.00,195.00,0.667
dish_1560456794,corn | fish,205.28,188.00,Fish with corn and arugula,250.00,230.00,0.667
dish_1560456814,fish | corn | wild rice,318.33,283.00,A plate with brown rice and fish.,470.00,320.00,0.667
dish_1560456833,broccoli | fish | wild rice | corn,351.58,378.00,"Plate of brown rice with corn and peas, steamed broccoli and fish with greens.",550.00,470.00,0.750
dish_1560456853,broccoli | fish | corn | caesar salad | wild rice,405.70,501.00,"A plate with caesar salad, broccoli, brown rice and fish",700.00,650.00,0.800
dish_1560526408,spinach (raw),67.10,51.00,A small mixed greens salad.,80.00,150.00,0.000
dish_1560526447,spinach (raw),88.59,70.00,A plate of mixed green salad and spinach,29.00,110.00,1.000
dish_1560455380,chard | spinach (raw),60.97,78.00,A small salad with mixed greens and shredded carrots,85.00,280.00,0.000
dish_1560526490,spinach (raw) | pineapple,141.67,170.00,"A light salad with mixed greens, spinach, strawberries, and pineapple.",130.00,360.00,1.000
dish_1560526514,potatoes | pineapple | spinach (raw),183.25,224.00,Salad with fruit and roasted potatoes.,275.00,340.00,1.000
dish_1560526530,sausage | potatoes | pineapple,245.28,242.00,"Salad with potatoes, pineapple, and strawberries",264.00,345.00,0.500
dish_1560526552,sausage | pineapple | potatoes | scrambled eggs,359.24,319.00,"A plate with scrambled eggs, a mixed greens salad, roasted potatoes, pineapple chunks, and sliced strawberries.",500.00,550.00,0.750
dish_1560527070,potatoes,53.13,69.00,Small portion of roasted potatoes on a white plate.,80.00,60.00,1.000
dish_1560527105,potatoes,92.73,104.00,"A plate of spinach, roasted potatoes, and shredded carrots.",195.00,250.00,0.333
dish_1560527140,potatoes | bacon,276.67,138.00,"A plate with bacon, spinach, shredded carrots and roasted potatoes.",275.00,200.00,0.500
dish_1560527168,potatoes | bacon,322.84,219.00,"Salad with spinach, strawberries, blueberries, carrots, bacon, and roasted potatoes.",345.00,265.00,0.500
dish_1560527191,bacon | potatoes | sausage,663.99,318.00,"Breakfast plate with bacon, potatoes, sausage, strawberries, blueberries, lettuce, and carrots.",745.00,430.00,0.600
dish_1560527225,potatoes | bacon | sausage | scrambled eggs,937.79,503.00,"A breakfast plate with scrambled eggs, bacon, sausage, potatoes, strawberries and mixed greens.",790.00,475.00,1.000
dish_1560527745,yogurt,87.76,149.00,A bowl of plain yogurt.,250.00,200.00,1.000
dish_1560527950,watermelon,23.10,77.00,A plate of cubed watermelon.,30.00,100.00,1.000
dish_1560529804,watermelon,15.30,51.00,A small serving of watermelon.,25.00,75.00,1.000
dish_1560529825,watermelon,52.92,117.00,"A small plate of mixed fruit, including watermelon, raspberries, and blackberries.",60.00,200.00,1.000
dish_1560529844,sweet potato | watermelon,91.68,168.00,"Plate of roasted potatoes, watermelon, raspberries and blackberries.",250.00,350.00,1.000
dish_1560539314,fish | quinoa,165.74,158.00,Breaded fish fillet served on a bed of spinach.,365.00,180.00,0.333
dish_1560539340,caesar salad | quinoa | fish,196.54,228.00,A plate with Caesar salad and cornbread.,550.00,350.00,0.250
dish_1560539368,quinoa | carrot | caesar salad | fish,238.81,314.00,"A plate with glazed carrots, salad, and couscous.",400.00,450.00,0.250
dish_1560539396,fish | quinoa | caesar salad | carrot | roasted potatoes,384.04,417.00,"A plate with roasted potatoes, roasted carrots, sausage, and a lettuce salad with dressing.",630.00,545.00,0.286
dish_1560541680,arugula,95.05,77.00,Arugula salad with walnuts and feta cheese,110.00,120.00,0.333
dish_1560541706,arugula | cauliflower,110.80,140.00,Arugula and romanesco broccoli salad with walnuts,152.00,212.00,0.250
dish_1560455421,corn on the cob | fish,180.94,189.00,"Plate with mixed greens salad, grilled fish and corn on the cob",410.00,380.00,1.000
dish_1560541793,carrot | chicken,509.83,462.00,"A plate of chicken breast with arugula salad, carrots and romanesco broccoli.",410.00,400.00,0.500
dish_1560456370,chicken | white rice,258.38,186.00,"A meal consisting of a roasted chicken leg, white rice, green beans, and arugula.",385.00,280.00,0.500
dish_1560543505,tomatoes | caesar salad,66.18,172.00,caesar salad with tomatoes,240.00,250.00,1.000
dish_1560543525,tomatoes | caesar salad,83.43,187.00,Salad with tomatoes and olives,120.00,160.00,0.333
dish_1560543557,tomatoes | caesar salad,87.87,191.00,"A plate with salad, rice, tomatoes and olives.",340.00,430.00,0.333
dish_1560543583,fish | tomatoes | quinoa | caesar salad,254.66,350.00,"A plate with caesar salad, rice, chicken, and tomatoes.",676.00,510.00,0.333
dish_1560543605,chicken | tomatoes | caesar salad | quinoa | fish,485.57,501.00,"A plate with salad, rice, couscous, tomatoes, dates and ribs.",900.00,640.00,0.100
dish_1560543625,chicken | roasted potatoes | caesar salad | fish | tomatoes,560.30,554.00,"A balanced plate with salad, rice, roasted potatoes, tomatoes, chicken, and ribs.",1070.00,770.00,0.571
dish_1560543682,roasted potatoes,121.26,86.00,Small portion of roasted potatoes on a white plate.,150.00,100.00,1.000
dish_1560543704,roasted potatoes | cauliflower,140.01,161.00,Small plate of roasted potatoes and Romanesco broccoli.,175.00,175.00,0.333
dish_1560543729,cauliflower | roasted potatoes | chicken,219.53,213.00,"A meal consisting of roasted potatoes, roasted meat with sauce, and Romanesco broccoli.",410.00,305.00,0.250
dish_1560543755,chicken | cauliflower | roasted potatoes | rice noodles,257.92,264.00,"A plate with coleslaw, roasted potatoes, romanesco broccoli, and sauce.",310.00,380.00,0.167
dish_1560787696,bacon,37.87,7.00,A single strip of bacon on a white plate.,80.00,15.00,1.000
dish_1560787754,bacon,72.64,68.00,"A light breakfast consisting of a single strip of bacon, raspberries, and blackberries.",130.00,120.00,1.000
dish_1560787781,yam,108.63,97.00,"A plate with sweet potato, bacon and mixed berries",235.00,190.00,0.000
dish_1560526472,spinach (raw),113.67,114.00,Mixed green salad with berries,60.00,210.00,0.000
dish_1560788338,yogurt,71.27,121.00,A bowl of yogurt.,150.00,150.00,1.000
dish_1560788349,yogurt,78.93,134.00,A small bowl of yogurt with sliced strawberries.,135.00,200.00,1.000
dish_1560788384,yogurt,111.20,242.00,A bowl of Greek yogurt with strawberries and blueberries.,175.00,310.00,1.000
dish_1560798656,cheese pizza,287.17,108.00,A slice of pizza on a white plate.,350.00,140.00,1.000
dish_1560798707,cheese pizza,298.02,139.00,A meal consisting of a slice of pizza and some broccoli florets.,310.00,185.00,0.500
dish_1560798744,cheese pizza | tofu,357.15,220.00,"A meal consisting of tempeh, broccoli, and pizza.",465.00,265.00,0.250
dish_1560798785,cheese pizza | tofu | cauliflower,379.65,310.00,"A plate with cauliflower, tempeh, broccoli, and a slice of pizza.",560.00,440.00,0.400
dish_1560798815,cheese pizza | tofu | cauliflower,404.96,341.00,"A plate with pizza, tempeh and a mix of vegetables.",620.00,500.00,0.333
dish_1560798854,tofu | cheese pizza,455.51,372.00,"A plate with various food items including cauliflower, tempeh, kale salad, spinach salad, pizza slice, and broccoli.",655.00,550.00,0.143
dish_1560798928,tofu | cheese pizza,485.04,399.00,"A plate with arugula salad, spinach salad, kale, broccoli, tempeh, and a slice of pizza.",655.00,510.00,0.143
dish_1560798960,tofu | cheese pizza,493.72,429.00,"A plate with a variety of foods including salads, vegetables, tempeh, squash, and pizza.",625.00,580.00,0.125
dish_1560799113,pizza,98.42,37.00,A single slice of pepperoni pizza on a white plate.,250.00,90.00,1.000
dish_1560799277,pizza | broccoli,111.02,73.00,A small meal consisting of a pizza slice and broccoli florets.,311.00,200.00,1.000
dish_1560799368,pork,108.40,53.00,Pork belly with onion and rice,265.00,105.00,0.333
dish_1560799407,pork | carrot,220.90,122.00,"Salad with spinach, dried cranberries, shredded carrots, nuts, and pork.",344.00,145.00,0.500
dish_1560799558,pizza,196.84,74.00,Two slices of pizza margherita,350.00,140.00,1.000
dish_1560799590,pizza,298.02,163.00,A light meal consisting of a spinach salad and a slice of pizza.,330.00,180.00,0.500
dish_1560541760,white rice | chicken,465.58,372.00,"A plate of food containing pork chop, arugula salad and romanesco broccoli",480.00,320.00,0.000
dish_1560799647,pork | pizza,723.41,474.00,"A plate with a variety of foods including salad, roasted vegetables, pork, and pizza.",950.00,720.00,0.500
dish_1560800836,pepperoni pizza,479.40,170.00,Three slices of pepperoni pizza on a white plate,650.00,250.00,1.000
dish_1560800918,kale,70.83,40.00,A small salad with mixed greens and a slice of beet.,80.00,200.00,0.000
dish_1560800951,cauliflower | kale,102.83,168.00,"A plate with cauliflower mash, salad, and beets.",190.00,450.00,0.333
dish_1560800988,cauliflower | bulgur,314.87,230.00,"A plate with cauliflower, buckwheat, beets, greens, and shrimp",380.00,495.00,0.200
dish_1560801020,cauliflower | chicken breast | bulgur,346.34,250.00,"Salad with buckwheat, beets, cauliflower, green beans and chicken.",415.00,485.00,0.333
dish_1560801041,pork | chicken breast | cauliflower | bulgur,432.24,292.00,"A plate of salad with cauliflower, buckwheat, chicken, beetroot and mixed greens.",406.00,457.00,0.333
dish_1560543465,caesar salad,33.88,77.00,A Caesar salad with croutons.,250.00,220.00,0.500
dish_1560799615,squash | pizza,332.75,283.00,"A plate with a spinach salad, roasted kabocha squash, and tomato pizza.",580.00,450.00,0.667
dish_1560801829,pepperoni pizza | cauliflower,256.90,178.00,"Plate with roasted squash, cauliflower and pizza.",365.00,250.00,0.667
dish_1560801773,cauliflower,13.50,54.00,Small portion of cauliflower florets on a white plate.,30.00,100.00,1.000
dish_1560787817,yam | bagels | cream cheese,292.23,165.00,"A breakfast plate containing a bagel with cream cheese, bacon, roasted sweet potatoes and mixed berries.",570.00,300.00,0.200
dish_1560801859,pepperoni pizza | pork,428.70,262.00,"A plate of mixed foods including pizza, roasted vegetables, and roasted pork.",570.00,375.00,0.333
dish_1560802006,kale,35.93,44.00,A small kale salad on a white plate.,120.00,150.00,1.000
dish_1560801883,chicken breast | pepperoni pizza | pork,512.11,315.00,"A plate of roasted vegetables, chicken, pork, and pizza.",555.00,325.00,0.600
dish_1560802092,squash | chicken breast | kale,118.03,128.00,"A plate with kabocha squash, kale salad, tofu, and spinach.",355.00,460.00,0.400
dish_1560802048,squash | kale,47.21,83.00,A plate with roasted butternut squash and kale salad.,195.00,180.00,1.000
dish_1560802149,chicken breast | pork,365.52,249.00,"A plate with assorted foods including pork, chicken, squash, zucchini and kale salad",730.00,530.00,0.400
dish_1560802562,lemon juice | bulgur | kale | chickpeas,8.85,5.00,Small portion of arugula on a plate,10.00,50.00,0.000
dish_1560802764,chicken breast | squash,111.83,99.00,"A plate with baked salmon, butternut squash and arugula.",340.00,230.00,0.250
dish_1560802853,squash | white rice | chicken breast,136.53,118.00,"A plate with salmon, rice, squash and spinach",470.00,260.00,0.400
dish_1560874667,bacon,100.55,83.00,"A plate with strawberries, blueberries, and a strip of bacon.",180.00,155.00,1.000
dish_1560874726,bacon | yam,177.49,145.00,"Plate of strawberries, blueberries, sweet potato and bacon.",290.00,310.00,0.333
dish_1560874751,bacon | bagels | cream cheese | yam,379.99,220.00,"Breakfast plate with bagel, fruit, bacon, and sweet potato.",630.00,420.00,0.400
dish_1560887408,pizza,324.52,122.00,slice of pizza,250.00,100.00,1.000
dish_1560887435,pizza | kale,364.53,171.00,A meal consisting of lasagna and kale salad.,430.00,300.00,0.333
dish_1560887457,pizza,389.26,246.00,"A plate with roasted eggplant, creamed kale, and a small portion of lasagna.",530.00,550.00,0.000
dish_1560801797,squash | cauliflower,25.66,96.00,Plate of roasted vegetables,135.00,180.00,0.500
dish_1560888817,roasted potatoes,47.94,34.00,Small snack of baked potato chunks and walnuts.,225.00,185.00,0.500
dish_1560888849,chicken | roasted potatoes,168.96,107.00,"A plate with chicken salad, roasted potatoes and pecans.",290.00,130.00,0.667
dish_1560888893,roasted potatoes | chicken | white rice,213.16,141.00,"A plate with chicken, rice, potatoes, and walnuts.",483.00,200.00,0.750
dish_1560802730,chicken breast,101.70,64.00,salmon with arugula salad,200.00,180.00,0.000
dish_1560889008,carrot,41.29,84.00,A plate of sliced carrots,31.00,80.00,1.000
dish_1560889032,carrot | chicken,246.87,208.00,"A plate of chicken breast with carrots, lentils and spinach.",317.00,320.00,0.500
dish_1560889061,carrot | chicken,402.51,281.00,"A plate with mixed greens salad, chicken breast, and sliced carrots.",280.00,310.00,1.000
dish_1560961012,cream cheese | bagels,191.70,71.00,A bagel with cream cheese.,450.00,120.00,1.000
dish_1560961059,cream cheese | bagels | sweet potato,268.46,172.00,A plate with roasted eggplant and a bagel with cream cheese.,380.00,250.00,0.250
dish_1560888930,white rice | chicken | roasted potatoes,224.93,151.00,"Plate of chicken, rice, salad, potatoes and walnuts",610.00,430.00,0.750
dish_1560961179,scrambled eggs,153.92,104.00,A plate of scrambled eggs,300.00,200.00,1.000
dish_1560961202,scrambled eggs | broccoli,171.07,153.00,A plate of scrambled eggs and broccoli.,265.00,280.00,1.000
dish_1560961261,broccoli | scrambled eggs,192.52,218.00,"A plate with scrambled eggs, broccoli, and strawberries",255.00,385.00,1.000
dish_1560961385,sweet potato | scrambled eggs | broccoli,249.52,293.00,"A plate with scrambled eggs, roasted potatoes, strawberries, broccoli, and tofu.",520.00,550.00,0.750
dish_1560973936,arugula,75.24,44.00,Arugula Salad on a White Plate,30.00,100.00,1.000
dish_1560887480,pizza | beef,668.08,374.00,"A plate of roast beef, broccoli, kale salad, roasted eggplant, pizza, and tofu.",805.00,515.00,0.333
dish_1560973984,broccoli,171.21,195.00,"Plate with lentils, arugula and broccoli",230.00,300.00,0.333
dish_1560974009,chicken thighs | broccoli,482.98,409.00,"A meal consisting of orange chicken, fried rice, coleslaw, broccoli and a mixed greens salad.",925.00,700.00,0.500
dish_1560974707,spinach (raw) | black beans,55.03,60.00,A small spinach salad with cherry tomatoes and dressing on a white plate.,85.00,165.00,0.333
dish_1560974769,white rice,3943.33,3051.00,A plate with rice and spinach salad,250.00,200.00,0.500
dish_1560975346,chicken thighs,326.34,224.00,Bowl of Chicken Stir Fry,450.00,300.00,1.000
dish_1560975491,caesar salad,37.84,86.00,A plate with salad,80.00,200.00,0.000
dish_1560975517,broccoli | caesar salad,42.39,99.00,Caesar salad with a side of broccoli,170.00,200.00,1.000
dish_1560975572,caesar salad,96.99,159.00,"A plate with a Caesar salad, broccoli, brown rice, tofu, and tomatoes.",485.00,525.00,0.200
dish_1560975601,chicken thighs | caesar salad,233.94,253.00,"A plate with salad, chicken with sauce, and brown rice with mixed vegetables.",475.00,500.00,0.333
dish_1560975628,caesar salad | cheese pizza | chicken thighs,348.27,296.00,"A plate with salad, pizza, chicken, rice and vegetables.",845.00,685.00,0.400
dish_1560976044,,124.67,137.00,"A plate of wheat berry salad with spinach, summer squash, and tomato.",385.00,295.00,0.000
dish_1561049320,bacon,102.79,19.00,Plate of bacon,195.00,30.00,1.000
dish_1561049373,scrambled eggs | bacon,290.75,146.00,A plate of scrambled eggs and bacon.,450.00,200.00,1.000
dish_1561049409,bacon | scrambled eggs,317.78,197.00,"A breakfast meal with bacon, scrambled eggs and raspberries.",550.00,280.00,1.000
dish_1561049435,cantaloupe | scrambled eggs | bacon,338.18,257.00,"A breakfast meal with bacon, scrambled eggs, cantaloupe, and raspberries.",560.00,410.00,1.000
dish_1560874548,,41.04,72.00,A light snack consisting of strawberries and blueberries.,55.00,165.00,
dish_1561060477,pineapple | cheese pizza,141.02,105.00,A slice of pizza with a side of pineapple chunks,280.00,225.00,1.000
dish_1561060503,pineapple | cheese pizza,145.31,138.00,"A light meal consisting of a slice of pizza, pineapple chunks, and bok choy.",340.00,300.00,0.667
dish_1561060531,brussels sprouts | cheese pizza | pineapple,162.08,177.00,"A meal consisting of a slice of pizza, pineapple chunks, brussels sprouts and bok choy.",320.00,280.00,0.750
dish_1561060558,pineapple | brussels sprouts | tofu | cheese pizza,194.20,221.00,"A plate of food including pizza, pineapple, bok choy, brussel sprouts, and tofu scramble.",520.00,430.00,0.800
dish_1561060613,salmon | pineapple | cheese pizza | tofu | brussels sprouts,323.67,304.00,"A plate with pizza, pineapple, bok choy, brussels sprouts, tofu and fish.",627.00,540.00,0.571
dish_1560961107,bagels | cream cheese | sweet potato,352.82,320.00,"A plate with strawberries, blueberries, blackberries, a bagel with cream cheese, and sauteed vegetables.",515.00,410.00,0.250
dish_1561060703,pasta | pineapple | salmon | tofu | cheese pizza | beef,538.47,445.00,"A plate with mixed food items, including pizza, fish, tofu, vegetables, and pineapple.",786.00,645.00,0.400
dish_1561060787,brussels sprouts,46.46,91.00,A plate of roasted brussels sprouts.,75.00,100.00,1.000
dish_1561060925,brussels sprouts | tofu,93.91,156.00,A plate with roasted brussel sprouts and a green bean salad with tofu.,400.00,350.00,1.000
dish_1561060448,cheese pizza,109.02,41.00,A slice of pizza on a white plate.,210.00,75.00,1.000
dish_1561061123,tofu | salmon | bulgur | brussels sprouts,399.43,357.00,"A plate with brussel sprouts, arugula salad, tofu stir fry and risotto",670.00,700.00,0.333
dish_1561061593,kale,42.46,52.00,A plate of kale.,51.00,85.00,1.000
dish_1560973958,pecans | lime | raisins | arugula,145.31,121.00,"Salad with wheat berries, raisins, and arugula",289.00,195.00,0.500
dish_1561060976,salmon | tofu | brussels sprouts | brown rice,265.51,266.00,"A plate with roasted brussels sprouts, salmon with rice, and green bean salad with tofu.",520.00,460.00,0.750
dish_1561061687,salmon | brown rice | brussels sprouts | bulgur,508.35,408.00,"A healthy meal consisting of salmon, arugula salad, brussels sprouts, kale salad, and berries.",575.00,450.00,0.333
dish_1561062171,pasta | beef,101.14,58.00,A small serving of pasta with sauce on a white plate.,250.00,100.00,0.500
dish_1561062237,beef | pasta | salmon,182.26,110.00,Salmon with pasta and greens,505.00,210.00,0.667
dish_1561062286,beef | pasta | white rice | salmon,256.36,167.00,"A plate with rice, pasta with meat sauce, and salmon with rice and vegetables.",655.00,400.00,0.750
dish_1561062320,white rice | salmon | beef | pasta,307.87,202.00,"A plate with salad, rice, salmon, pasta with meat sauce, and an olive.",935.00,415.00,0.750
dish_1561062555,apple | shallots | bulgur | lemon juice | arugula | garlic,47.09,32.00,Arugula salad with olives and goji berries,50.00,70.00,0.143
dish_1561062586,white rice,121.19,89.00,"A salad with arugula, olives, goji berries and white rice.",240.00,200.00,0.333
dish_1561134102,watermelon,24.30,81.00,A small serving of cubed watermelon on a white plate.,30.00,100.00,1.000
dish_1561061630,bulgur | kale,186.68,150.00,a plate of arugula and kale salad with berries,105.00,330.00,0.333
dish_1561134156,watermelon | sweet potato,118.54,220.00,Plate with fried potatoes and mixed fruits,240.00,320.00,1.000
dish_1561061658,brussels sprouts | kale | bulgur,226.00,227.00,"A plate containing arugula salad, blackberries, raspberries, brussel sprouts, and kale salad.",235.00,475.00,0.500
dish_1561146758,bagels,232.50,93.00,A plain bagel on a plate.,250.00,70.00,1.000
dish_1561146781,bagels | apple,300.10,223.00,A bagel and an apple on a plate.,345.00,252.00,1.000
dish_1561147944,arugula,42.37,34.00,A simple mixed greens salad with carrots and walnuts.,90.00,125.00,0.000
dish_1561060642,pasta | beef | tofu | pineapple | salmon | cheese pizza,468.41,387.00,"A plate with a variety of foods including fruits, vegetables, pasta, fish, tofu, and pizza.",805.00,630.00,0.444
dish_1561147997,cheese pizza,185.18,133.00,Pizza with mixed greens and cooked zucchini,370.00,300.00,0.500
dish_1561148021,cheese pizza | ground turkey,361.77,216.00,"A plate with pizza, meatballs with rice, a side salad, and zucchini.",520.00,445.00,0.250
dish_1561148042,ground turkey | cheese pizza,370.76,245.00,"A plate of various food items including green beans, meatloaf with rice, a slice of pizza, mixed greens salad, and zucchini.",550.00,510.00,0.200
dish_1561148303,cheese pizza,119.65,45.00,A slice of pizza on a plate.,250.00,100.00,1.000
dish_1561145732,orange with peel,19.70,67.00,One orange on a plate.,62.00,131.00,0.000
dish_1561148481,cheese pizza | ground turkey,281.28,140.00,"A plate with a slice of pizza, a portion of mushroom risotto and a small salad.",580.00,400.00,0.333
dish_1561392386,sausage,175.75,51.00,Plate with meatballs and scrambled eggs,300.00,135.00,0.000
dish_1561392410,sausage | broccoli,187.30,84.00,"A plate with meatballs, broccoli, and a small amount of mustard.",252.00,280.00,0.333
dish_1561392430,sausage | broccoli,208.75,149.00,"A meal consisting of strawberries, broccoli, scrambled eggs, and meatballs.",335.00,360.00,0.250
dish_1561392459,sausage | scrambled eggs,395.23,275.00,"A plate of scrambled eggs, strawberries, broccoli and sausage.",480.00,455.00,0.667
dish_1561392512,,42.75,75.00,A small plate of strawberries and blueberries.,55.00,165.00,
dish_1561392543,radishes | garlic | bell peppers | cucumbers,126.00,119.00,"A light meal consisting of a spinach salad with strawberries, blueberries, and carrot shreds.",105.00,300.00,0.000
dish_1561392570,broccoli,149.80,187.00,Child's plate with various fruits and vegetables artfully arranged.,100.00,350.00,0.333
dish_1561392593,broccoli | scrambled eggs,354.04,325.00,"A plate of scrambled eggs with berries, spinach, and broccoli.",285.00,395.00,0.500
dish_1561392632,bacon | scrambled eggs,500.11,352.00,"A breakfast plate with scrambled eggs, bacon, assorted berries, broccoli, and spinach.",480.00,420.00,0.500
dish_1561392710,watermelon,31.80,106.00,A plate of watermelon chunks.,46.00,154.00,1.000
dish_1561134128,watermelon,58.50,141.00,"A plate of fresh fruit including strawberries, watermelon, and blueberries",60.00,195.00,1.000
dish_1561393550,cottage cheese,172.48,176.00,Bowl of rice,200.00,150.00,0.000
dish_1561393619,cottage cheese,234.04,284.00,A bowl of cottage cheese with strawberries and blueberries.,160.00,300.00,1.000
dish_1561393649,pineapple | cottage cheese,271.54,359.00,"A bowl of fresh fruit including pineapple, strawberries, and blueberries.",143.00,315.00,0.500
dish_1561148336,cheese pizza,128.10,68.00,A small salad and a slice of pizza on a white plate.,260.00,180.00,1.000
dish_1561147967,cheese pizza,177.98,85.00,A plate with a slice of pizza and a mixed green salad.,360.00,250.00,1.000
dish_1561393715,broccoli,17.15,49.00,A small portion of broccoli on a white plate.,31.00,100.00,1.000
dish_1561404438,cauliflower | garlic | lime,366.07,169.00,Pork tenderloin with roasted potatoes and spinach,440.00,300.00,0.000
dish_1561404458,carrot,410.31,259.00,"A meal consisting of steak, roasted carrots, roasted potatoes, and spinach.",490.00,380.00,0.333
dish_1561404485,carrot,511.37,349.00,"A meal consisting of sliced sausage, roasted potatoes, grilled pork, green peppers and a mixed greens salad.",630.00,400.00,0.000
dish_1561404505,carrot | broccoli,543.92,442.00,"A plate with a variety of roasted vegetables, salad, and steak.",530.00,575.00,0.333
dish_1561392734,watermelon,84.24,198.00,"A plate with sliced watermelon, sliced strawberries, and blueberries.",60.00,190.00,1.000
dish_1561404956,chicken | kale,97.60,82.00,A meal consisting of chicken and kale salad.,350.00,200.00,1.000
dish_1561405008,chicken | kale,156.43,134.00,"A plate with chicken pieces, kale salad with parmesan and green salad with carrots and sesame seeds.",480.00,280.00,0.667
dish_1561405034,chicken | kale,178.28,153.00,"A plate with kalamata olives, fried chicken, kale salad with parmesan and green salad with dressing and carrot.",405.00,230.00,0.500
dish_1561405332,broccoli,18.55,53.00,Three small broccoli florets on a white plate.,30.00,100.00,1.000
dish_1561405356,broccoli | chicken | white rice,206.65,176.00,Grilled chicken breast with broccoli and arugula.,255.00,260.00,0.500
dish_1561405389,broccoli | chicken,265.98,223.00,"A plate with chicken breast, broccoli, and arugula salad",280.00,245.00,0.667
dish_1561393741,broccoli | scrambled eggs,188.83,165.00,A small plate of scrambled eggs and broccoli.,230.00,250.00,1.000
dish_1561405836,cheese pizza,82.43,31.00,A slice of pizza on a white plate.,210.00,80.00,1.000
dish_1561405864,cheese pizza | chicken,197.12,106.00,A plate with a slice of pizza and chicken.,450.00,200.00,1.000
dish_1561405887,cheese pizza | chicken | carrot,213.34,139.00,"A plate with pizza, chicken and roasted carrots.",530.00,280.00,1.000
dish_1561405912,cheese pizza | chicken,270.88,196.00,"A plate containing a slice of pizza, chicken with sauce, roasted carrots, and a green salad.",660.00,380.00,0.667
dish_1561405934,cheese pizza | chicken | broccoli,287.33,243.00,"A plate with pizza, chicken with sauce, carrots, broccoli and salad",570.00,520.00,0.600
dish_1561406762,carrot,17.21,35.00,A small portion of roasted carrots served on a white plate.,50.00,50.00,1.000
dish_1561393764,broccoli | scrambled eggs | bacon,280.80,182.00,"A plate with scrambled eggs, bacon, and broccoli.",365.00,305.00,1.000
dish_1561406817,carrot | white rice,273.39,243.00,"A plate of rice, couscous with nuts and vegetables, and roasted carrots.",800.00,450.00,0.667
dish_1561404924,kale,31.84,39.00,Small portion of kale salad,120.00,80.00,1.000
dish_1561407249,chicken,73.88,56.00,A small plate with mixed green salad and a piece of chicken.,180.00,150.00,1.000
dish_1561407208,chicken,44.35,29.00,A small chicken cutlet on a white plate.,100.00,50.00,1.000
dish_1561407283,chicken | carrot,88.63,86.00,"A plate with roasted carrots, a mixed green salad, and fried chicken.",330.00,260.00,1.000
dish_1561407312,chicken | carrot,127.83,121.00,"A plate with cooked carrots, couscous, mixed green salad and chicken.",440.00,430.00,1.000
dish_1561480414,turkey bacon,125.16,129.00,"A plate with raspberries, blackberries, and a strip of bacon.",192.00,138.00,1.000
dish_1561480391,,64.41,113.00,A small plate of mixed berries.,44.00,95.00,
dish_1561480439,turkey bacon | pineapple,155.16,189.00,"A plate with raspberries, blackberries, pineapple, and a bacon strip",175.00,220.00,1.000
dish_1561481577,bacon,200.17,37.00,Four strips of cooked bacon on a white plate,240.00,60.00,1.000
dish_1561481606,bacon | scrambled eggs,354.09,141.00,A breakfast plate with scrambled eggs and bacon.,450.00,210.00,1.000
dish_1561406789,white rice | carrot,184.91,164.00,A plate with roasted carrots and rice,382.00,300.00,1.000
dish_1561481673,honeydew melons | yam | bacon | scrambled eggs,496.62,324.00,"A plate of scrambled eggs, bacon, cantaloupe, and roasted sweet potatoes.",600.00,450.00,0.333
dish_1561491121,spinach (raw),31.46,28.00,Salad with spinach and pear,38.00,82.00,0.500
dish_1561405411,broccoli | chicken,332.06,282.00,A plate of chicken with couscous and a side salad.,580.00,465.00,0.500
dish_1561491180,fish | wild rice,236.35,217.00,"A plate with yellow rice, cooked chicken, and spinach.",470.00,320.00,0.250
dish_1561491210,wild rice | fish | cauliflower,251.10,276.00,"A plate with rice, chicken, romanesco broccoli and spinach.",420.00,420.00,0.167
dish_1561492161,spinach (raw),48.31,43.00,A plate of cooked spinach,20.00,100.00,1.000
dish_1561492182,fried rice,250.17,171.00,A plate with yellow rice and spinach,280.00,250.00,0.500
dish_1561492204,fried rice | chicken | millet,488.64,334.00,"A plate with yellow rice, spinach and salmon with quinoa topping.",680.00,450.00,0.200
dish_1561491154,fish,166.14,158.00,Chicken stir fry with spinach,237.00,155.00,0.000
dish_1561481634,scrambled eggs | bacon | yam,462.06,228.00,"A breakfast plate with scrambled eggs, bacon, and roasted sweet potatoes.",700.00,345.00,0.500
dish_1561492628,caesar salad,13.64,31.00,Small serving of kale chips on a white plate.,100.00,20.00,0.000
dish_1561492519,banana with peel | wheat bread,271.32,206.00,A slice of rye bread and a banana.,188.00,153.00,1.000
dish_1561492687,fish | caesar salad | fried rice,105.61,108.00,Chicken with rice and salad,450.00,325.00,0.250
dish_1561492665,caesar salad | fish,81.95,93.00,Chicken with Caesar salad on a white plate.,450.00,250.00,0.333
dish_1561493975,arugula,130.85,106.00,Arugula salad with mozzarella and nuts on a white plate.,150.00,100.00,1.000
dish_1561492228,chicken | fish | fried rice,648.18,488.00,"A plate of food containing turmeric rice, spinach, and fried fish with vegetables.",730.00,500.00,0.500
dish_1561480460,pineapple | scrambled eggs | turkey bacon,285.40,277.00,"A plate of scrambled eggs, mixed berries, pineapple and turkey bacon.",350.00,430.00,1.000
dish_1561567053,watermelon,26.10,87.00,A plate of cubed watermelon.,30.00,100.00,1.000
dish_1561567086,watermelon | yam,142.75,181.00,A plate of cubed roasted sweet potato and cubed watermelon.,166.00,250.00,0.333
dish_1561574215,lettuce,93.24,134.00,"Mixed green salad with red onion, cherry tomatoes, feta cheese and vinaigrette dressing.",180.00,235.00,0.000
dish_1561574368,caesar salad,22.00,50.00,A small Caesar salad on a white plate.,180.00,150.00,1.000
dish_1561574394,caesar salad | arugula,61.50,82.00,"Small salad with romaine lettuce, arugula, blueberries, caesar dressing, and croutons.",180.00,210.00,0.500
dish_1561574428,caesar salad | arugula | cauliflower,84.00,172.00,A plate of salads with steamed broccoli and cauliflower.,270.00,430.00,0.200
dish_1561574456,caesar salad | cheese pizza | cauliflower,203.66,217.00,"A plate with baked salmon with melted cheese, Caesar salad, mixed green salad, steamed broccoli and steamed cauliflower.",555.00,550.00,0.750
dish_1561574479,beef | cauliflower | cheese pizza | caesar salad,363.61,293.00,"A meal consisting of pizza, salad, vegetables, and steak with rice.",950.00,630.00,0.500
dish_1561574600,eggplant,32.98,100.00,A plate of grilled eggplant slices.,110.00,180.00,1.000
dish_1561494001,squash | arugula,162.69,216.00,A plate of roasted butternut squash and arugula salad with mozzarella balls.,230.00,340.00,0.667
dish_1561574623,eggplant | chicken,117.60,152.00,A plate of grilled eggplant and tempeh.,350.00,350.00,0.333
dish_1561574783,arugula,29.63,24.00,Arugula salad on a white plate.,15.00,50.00,1.000
dish_1561574848,chicken,182.26,155.00,Mixed green salad with chicken breast,270.00,340.00,0.250
dish_1561574974,eggplant,50.13,152.00,A plate of fried eggplant with a small amount of lettuce.,255.00,210.00,0.500
dish_1561575033,chicken | eggplant,354.45,339.00,"A plate with grilled chicken, eggplant, wheat berries, and dressing.",670.00,330.00,1.000
dish_1561492703,caesar salad | fried rice | fish,113.13,134.00,"A plate with roasted butternut squash, risotto, chicken with teriyaki sauce, and caesar salad.",636.00,419.00,0.167
dish_1561575170,cauliflower,42.75,171.00,A plate of cooked cauliflower with a small amount of arugula,121.00,405.00,0.500
dish_1561575192,arugula | cauliflower,122.99,236.00,A plate with arugula salad and cauliflower.,112.00,300.00,1.000
dish_1561494032,arugula | squash | cauliflower,185.44,307.00,"A plate of roasted potatoes, eggplant, romanesco broccoli, arugula salad, and mozzarella balls.",380.00,425.00,0.143
dish_1561575300,bell peppers | millet | beef,326.78,199.00,A meal consisting of stuffed pork tenderloin with rice and bell pepper slices.,480.00,350.00,0.250
dish_1561575327,roasted potatoes | beef,453.68,289.00,"A meal consisting of pork tenderloin, roasted potatoes, and green bell pepper.",450.00,370.00,0.250
dish_1561575347,roasted potatoes | pizza | beef,554.76,327.00,"A plate with meatloaf, roasted potatoes, shredded pork with herbs, a slice of pizza and green bell peppers.",880.00,500.00,0.333
dish_1561575410,cauliflower,16.00,64.00,Small portion of cooked cauliflower on a plate.,40.00,100.00,1.000
dish_1561575274,millet | beef,305.18,145.00,Pork tenderloin and rice,410.00,300.00,0.000
dish_1561575474,eggplant | roasted potatoes | cauliflower,120.06,183.00,"Roasted vegetables with potatoes, eggplant, cauliflower and sweet potatoes.",175.00,325.00,1.000
dish_1561575506,roasted potatoes | beef,562.04,393.00,"A plate with steak, potatoes, cauliflower and eggplant.",630.00,550.00,0.250
dish_1561575613,arugula,86.41,70.00,"A salad with mixed greens, walnuts and blueberries.",125.00,140.00,0.000
dish_1561575445,eggplant | cauliflower,35.46,123.00,fried eggplant and cauliflower,190.00,140.00,1.000
dish_1561574815,arugula | lettuce,74.85,89.00,"Mixed green salad with cherry tomatoes, red onion, avocado and feta cheese",295.00,375.00,0.000
dish_1561575908,cheese pizza,106.36,40.00,A single slice of pizza on a white plate.,320.00,120.00,1.000
dish_1561575951,cheese pizza | beef,213.70,91.00,"A plate with baked salmon with cheese, rice with meat, and spinach.",615.00,330.00,0.250
dish_1561575977,parmesan cheese | beef | cheese pizza,261.08,102.00,"A plate with a serving of lasagna, risotto with meat, parmesan cheese and sauteed spinach.",730.00,430.00,0.167
dish_1561575996,parmesan cheese | beef | cheese pizza,290.98,128.00,"A plate with chicken parmesan, parmesan cheese, rice and beef, olives, and spinach.",640.00,395.00,0.750
dish_1561575068,eggplant | chicken,421.94,436.00,"Chicken lentil and mixed green salad with feta cheese, cherry tomatoes, and olives with a dressing",515.00,430.00,0.400
dish_1561576051,chicken | beef | roasted potatoes | parmesan cheese | cheese pizza,367.89,179.00,"A plate with lasagna, olives, rice, chicken and potatoes.",905.00,500.00,0.286
dish_1561576074,beef | cheese pizza | roasted potatoes | chicken | parmesan cheese,374.55,216.00,"A plate with various food items including olives, chicken, tomatoes, potatoes, rice, and cheesy bread.",1005.00,650.00,0.429
dish_1561576212,roasted potatoes,145.23,103.00,A plate of roasted potatoes.,180.00,100.00,1.000
dish_1561576257,roasted potatoes,180.88,134.00,A plate with red beans and roasted potatoes.,210.00,115.00,0.500
dish_1561576295,roasted potatoes,249.07,232.00,A plate of mixed green salad with roasted potatoes and olives.,250.00,280.00,0.500
dish_1561576320,chicken | roasted potatoes,494.80,383.00,"A plate with roasted potatoes, kalamata olives, chicken salad with lentils, and mixed greens salad.",575.00,400.00,0.667
dish_1561576449,cauliflower,77.00,308.00,A plate of cooked cauliflower.,125.00,500.00,1.000
dish_1561575661,beef,418.95,228.00,"A plate with sliced steak, rice, mixed greens salad, walnuts, and blueberries.",645.00,420.00,0.000
dish_1561576590,squash,29.23,101.00,Small serving of quinoa with mixed vegetables.,135.00,230.00,0.000
dish_1561576483,cauliflower | beef,209.60,371.00,A plate with steak with pesto and cauliflower.,330.00,450.00,0.333
dish_1561576652,cauliflower | squash | eggplant,91.42,322.00,"A plate of roasted cauliflower and mixed roasted vegetables, including zucchini, eggplant, and other vegetables.",300.00,500.00,0.250
dish_1561576680,cauliflower | chicken | squash | eggplant,307.86,455.00,"A plate with cauliflower, roasted vegetables and quinoa salad.",480.00,600.00,0.167
dish_1561576707,eggplant | caesar salad | chicken | cauliflower | squash,324.14,492.00,A plate of roasted vegetables with cauliflower and a side salad.,330.00,450.00,0.167
dish_1561576026,parmesan cheese | roasted potatoes | beef | cheese pizza,330.46,156.00,"A meal with lasagna, rice with vegetables, olives, and cheese.",650.00,350.00,0.167
dish_1561576767,squash | eggplant | cauliflower | chicken | pineapple,408.47,621.00,"A plate of roasted vegetables, salad, and fruit.",485.00,900.00,0.286
dish_1561576794,beef | chicken | pineapple | cauliflower,654.72,738.00,"Plate of beef, cauliflower, salads, grilled vegetables and pineapple",725.00,900.00,0.500
dish_1561576887,eggplant,15.50,47.00,"A plate with fried eggplant, pickled plum and green onion",175.00,130.00,0.333
dish_1561576916,eggplant | arugula,78.46,98.00,A plate with a mixed salad and fried eggplant.,230.00,180.00,0.500
dish_1561576954,chicken,345.34,262.00,"A plate with chicken salad, arugula salad, and roasted eggplant.",470.00,380.00,0.333
dish_1561576978,chicken | beef,511.61,341.00,"A plate of mixed foods including meatloaf, chicken salad, arugula salad, and grilled eggplant.",675.00,525.00,0.200
dish_1561575688,beef | roasted potatoes,607.89,362.00,"A plate with steak, mixed greens salad, brown rice, roasted potatoes and a walnut.",775.00,487.00,0.250
dish_1561577119,tofu | cheese pizza,128.31,78.00,A snack of tofu and pizza.,280.00,180.00,1.000
dish_1561577083,cheese pizza,98.38,37.00,A slice of pizza on a white plate.,220.00,80.00,1.000
dish_1561577177,tofu | cheese pizza | roasted potatoes,234.61,156.00,"A plate of tofu, salad, roasted potatoes, and a pizza slice",480.00,350.00,1.000
dish_1561577198,tofu | roasted potatoes | cheese pizza,240.54,174.00,"A plate with tofu, salad, potatoes, eggplant and pizza.",690.00,530.00,0.750
dish_1561577219,tofu | chicken | cheese pizza | roasted potatoes,308.89,216.00,"A plate with a variety of items, including tofu, salad, potatoes, pizza, baba ghanoush, and eggplant.",550.00,460.00,0.500
dish_1561577549,pizza,130.34,49.00,A single slice of tomato pizza on a white plate.,210.00,80.00,1.000
dish_1561577573,beef | pizza,755.43,346.00,A plate with grilled steak seasoned with herbs and a slice of pizza.,600.00,300.00,0.500
dish_1561577598,beef | pizza,813.45,393.00,"A meal consisting of steak, arugula salad, and a slice of pizza.",700.00,375.00,0.333
dish_1561577678,beef | millet,218.89,104.00,Small serving of steak.,220.00,100.00,0.000
dish_1561577701,cauliflower | beef,258.64,263.00,A plate with cauliflower and steak.,272.00,300.00,0.500
dish_1561577731,mushroom | cauliflower | beef,274.26,334.00,"A meal consisting of steak, cauliflower, mashed potatoes and mushroom sauce.",580.00,480.00,0.750
dish_1561577848,chicken,413.35,254.00,A serving of chicken salad on a white plate with greens.,355.00,210.00,1.000
dish_1561576618,squash | eggplant,57.92,188.00,A plate of mixed roasted vegetables and quinoa.,300.00,350.00,0.000
dish_1561578156,eggplant,31.99,97.00,A plate of roasted eggplant.,80.00,100.00,1.000
dish_1561578188,cauliflower | eggplant,57.99,201.00,Plate with cauliflower and eggplant,142.00,265.00,1.000
dish_1561578226,eggplant | cauliflower,119.22,289.00,"A plate with grilled eggplant, cauliflower, spinach salad, penne pasta, and olives.",320.00,380.00,0.500
dish_1561578344,cheese pizza,144.26,86.00,A light meal consisting of a slice of pizza and a mixed green salad.,290.00,180.00,1.000
dish_1561577146,cheese pizza | tofu,154.24,99.00,"A plate of tofu cubes, salad, and pizza.",400.00,350.00,1.000
dish_1561578394,cheese pizza | beef | caesar salad,276.04,185.00,"A meal consisting of a slice of pizza, caesar salad, mixed green salad, and grilled steak.",800.00,450.00,0.667
dish_1561578417,caesar salad | cheese pizza | beef,289.79,240.00,"A plate with a variety of foods, including pizza, salads, steak, and mashed cauliflower.",780.00,520.00,0.500
dish_1561576737,squash | eggplant | chicken | cauliflower,357.47,519.00,A plate of mixed roasted vegetables with grain salad and mixed greens.,600.00,900.00,0.400
dish_1561577947,chicken,623.20,424.00,"A plate with chicken breast, arugula salad and penne pasta.",513.00,305.00,0.250
dish_1561578570,beef,136.80,65.00,"A small portion of beef with pesto sauce, served on a white plate.",180.00,80.00,1.000
dish_1561578373,cheese pizza | caesar salad,164.50,132.00,A meal consisting of pizza and two salads.,480.00,300.00,1.000
dish_1561578623,roasted potatoes | beef | cauliflower,208.51,208.00,"A meal consisting of steak with pesto sauce, roasted potatoes, and mashed cauliflower.",450.00,380.00,0.500
dish_1561578676,cauliflower | roasted potatoes | beef,212.03,224.00,"A plate with steak, sauteed mushrooms, cauliflower mash, and fried potatoes",680.00,550.00,0.400
dish_1561578775,cheese pizza,295.15,111.00,Slice of pizza on a plate,400.00,150.00,1.000
dish_1561578603,roasted potatoes | beef,180.51,96.00,A small plate with steak and roasted potatoes.,400.00,175.00,0.333
dish_1561578839,cheese pizza | broccoli,362.15,214.00,"A light meal with pizza, salad, broccoli and cherry tomatoes.",420.00,415.00,0.500
dish_1561578865,pasta | broccoli | cheese pizza,417.19,246.00,"A plate with pizza, salads and cooked vegetables",665.00,435.00,0.600
dish_1561579505,cauliflower,31.50,126.00,A small portion of cooked cauliflower on a white plate.,40.00,100.00,1.000
dish_1561579576,cauliflower | eggplant,78.00,267.00,A plate of roasted eggplant and mashed potatoes.,220.00,250.00,0.333
dish_1561579617,eggplant | cauliflower | roasted potatoes,130.17,304.00,A plate of roasted eggplant and mashed potato.,310.00,350.00,0.667
dish_1561579673,cauliflower | roasted potatoes | eggplant | chicken,221.30,360.00,"A plate with roasted eggplant, mashed cauliflower, a cooked potato, and chicken salad.",630.00,750.00,1.000
dish_1561579706,eggplant | beef | roasted potatoes | chicken | cauliflower,284.44,390.00,A plate of cooked vegetables and meat.,590.00,680.00,0.667
dish_1561579824,beef,185.21,88.00,A piece of steak on a white plate.,200.00,80.00,0.000
dish_1561578441,caesar salad | roasted potatoes | beef | cheese pizza,387.08,309.00,"A plate with pizza, salads, roast beef and roasted potatoes.",910.00,630.00,0.800
dish_1561579867,beef | chicken,369.36,217.00,"A meal consisting of lamb, olives, and pita bread with white sauce.",550.00,225.00,0.000
dish_1561579902,chicken | beef,406.40,247.00,"A plate with mixed greens salad, kalamata olives, roast beef and grilled chicken breast with sauce.",645.00,430.00,0.667
dish_1561578800,cheese pizza,338.35,146.00,"A plate with pizza, arugula salad, and olives.",390.00,230.00,0.500
dish_1561580278,caesar salad,23.32,53.00,A Caesar salad on a white plate.,300.00,200.00,1.000
dish_1561578461,beef | roasted potatoes | cheese pizza | chicken,522.15,392.00,"A plate with a pizza slice, caesar salad, mixed green salad, roasted potatoes, cauliflower, and steak.",1110.00,700.00,0.333
dish_1561579845,beef | chicken,307.26,163.00,A small plate with a piece of steak and a bread roll with sauce.,400.00,160.00,0.000
dish_1561580406,caesar salad | chicken | pasta,203.28,171.00,"A salad with penne pasta, lettuce, quinoa, roasted potatoes, creamy sauce and croutons.",635.00,235.00,0.143
dish_1561580322,caesar salad,44.25,76.00,"A salad with spinach, quinoa and mushrooms.",400.00,310.00,0.000
dish_1561580552,cauliflower,22.25,89.00,A small serving of mashed potatoes on a white plate.,150.00,100.00,0.000
dish_1561580608,cauliflower,20.25,81.00,Small serving of mashed potatoes on a white plate.,150.00,150.00,0.000
dish_1561580628,cauliflower | lettuce,72.43,156.00,A plate with mixed greens salad and mashed potatoes.,235.00,235.00,0.000
dish_1561580659,beef | millet,754.35,480.00,"A plate with steak, brown rice, salad and mashed cauliflower.",750.00,540.00,0.000
dish_1561654326,granola,59.79,46.00,A simple salad with mixed greens and a few raspberries.,40.00,130.00,0.000
dish_1561654346,brussels sprouts,79.20,84.00,"Salad with mixed greens, raspberries, and roasted Brussels sprouts.",135.00,225.00,1.000
dish_1561654374,scrambled eggs,326.36,251.00,"A plate with scrambled eggs, roasted brussel sprouts, mixed greens salad and raspberries",355.00,320.00,0.500
dish_1561654392,bacon | scrambled eggs,494.07,282.00,"Breakfast with scrambled eggs, bacon, and salad",460.00,310.00,1.000
dish_1561654707,scrambled eggs,199.80,135.00,A plate of scrambled eggs with ketchup.,280.00,180.00,0.500
dish_1561654732,sweet potato | scrambled eggs,242.36,191.00,A plate of scrambled eggs and fried potatoes.,400.00,250.00,1.000
dish_1561654756,scrambled eggs | sweet potato | brussels sprouts,256.98,225.00,"A plate with scrambled eggs, roasted potatoes and brussel sprouts.",410.00,310.00,1.000
dish_1561580370,pasta | caesar salad,126.80,124.00,"Salad with penne pasta, quinoa, spinach, mushrooms, and croutons",415.00,211.00,0.167
dish_1561661347,green beans | caesar salad,50.67,132.00,A plate with green beans and a salad with dressing,232.00,270.00,0.500
dish_1561661377,green beans | chicken | caesar salad,306.33,294.00,"A meal consisting of breaded fish, green beans, and Caesar salad.",500.00,400.00,0.500
dish_1561661449,white rice | pork,237.08,115.00,Small portion of cooked pork belly.,160.00,40.00,0.500
dish_1561579933,chicken | beef,447.45,306.00,"Plate of mixed foods including a green salad, olives, beef patty, grilled chicken with cream sauce.",610.00,410.00,0.667
dish_1561661324,caesar salad,33.00,75.00,A small Caesar salad on a white plate.,250.00,200.00,1.000
dish_1561661552,pork | broccoli | white rice,394.73,325.00,"A meal consisting of rice, broccoli, zucchini, pork and mushrooms.",435.00,475.00,0.600
dish_1561661806,pork,183.48,89.00,A small plate of pork with white rice and green onions.,355.00,145.00,0.333
dish_1561580431,chicken | beef | caesar salad | pasta,258.00,197.00,A plate of beef and pasta salad with quinoa and creamy potatoes,944.00,350.00,0.250
dish_1561661972,green beans,12.09,39.00,A small serving of green beans on a white plate.,30.00,80.00,1.000
dish_1561661479,pork | white rice,242.18,166.00,Pork belly with cucumber slices,285.00,190.00,0.333
dish_1561662054,pork,419.44,292.00,"A plate with spinach salad, green beans, and pork with rice.",440.00,380.00,0.333
dish_1561662160,lemon juice | onions | apple | millet,41.84,36.00,"A salad with mixed greens, bell peppers, quinoa, and sesame seeds.",165.00,230.00,0.000
dish_1561662190,brown rice,117.32,104.00,A plate with brown rice and mixed green salad with tomatoes and quinoa.,206.00,135.00,0.500
dish_1561662216,brown rice | pork,300.79,193.00,A meal consisting of brown rice and salad.,466.00,270.00,0.500
dish_1561662358,corn on the cob,96.55,91.00,Two slices of corn on the cob.,170.00,150.00,1.000
dish_1561662458,corn on the cob,124.82,119.00,A light meal with corn on the cob and spinach salad.,275.00,350.00,0.500
dish_1561662501,corn on the cob | tofu,158.40,165.00,"Plate of tofu, salad and corn on the cob.",295.00,400.00,0.667
dish_1561662532,tofu | corn on the cob,166.46,191.00,"A plate with tofu, corn, green beans, zucchini, cherry tomatoes, and spinach.",292.00,520.00,0.333
dish_1561662562,pork | tofu | corn on the cob,368.49,289.00,Pork and vegetable salad with feta and corn,475.00,480.00,0.286
dish_1561661500,pork | white rice,374.78,268.00,"Rice, pork, and cucumber slices on a white plate",522.00,260.00,0.667
dish_1561662842,chicken | brown rice,263.13,172.00,A plate with breaded tofu and a quinoa salad with kale and carrots.,430.00,270.00,0.000
dish_1561662869,chicken | corn on the cob,284.35,192.00,"A plate with fried tofu, kale salad, quinoa, a slice of corn, and a sweet potato.",640.00,380.00,0.167
dish_1561662926,corn on the cob | chicken,288.34,213.00,"Plate with fried tofu, mixed green salad, kale, quinoa, baby corn and carrot.",435.00,360.00,0.167
dish_1561662948,corn on the cob | chicken,293.61,230.00,"A plate of mixed food including tofu, quinoa, vegetables, and salad.",530.00,515.00,0.167
dish_1561661850,pizza | pork,648.98,264.00,"A plate with pizza, rice with vegetables and grilled mushrooms.",650.00,350.00,0.250
dish_1561663068,cheese pizza,332.89,168.00,A slice of pizza with a side spinach salad.,370.00,195.00,0.500
dish_1561663541,brown rice,124.32,112.00,A plate of rice.,300.00,150.00,1.000
dish_1561663580,chicken | brown rice,432.06,307.00,A meal with fried chicken and brown rice.,560.00,270.00,1.000
dish_1561663606,brown rice | corn on the cob | chicken,474.50,347.00,"A plate of chicken, rice, and corn.",500.00,300.00,1.000
dish_1561662022,green beans | millet,159.69,166.00,"Salad with spinach, green beans, shredded carrots, tomatoes, and white onion",66.00,190.00,0.167
dish_1561663817,corn on the cob,95.50,86.00,"A small salad with mixed greens, red bell pepper, celery and a small piece of corn.",77.00,165.00,0.333
dish_1561663855,corn on the cob | chicken,179.14,139.00,"A plate with chicken drumstick, mixed green salad with red pepper, and a slice of corn on the cob.",280.00,240.00,1.000
dish_1561663035,cheese pizza,263.24,99.00,A single slice of pizza on a white plate.,350.00,150.00,1.000
dish_1561663914,chicken | corn on the cob | pork,257.40,205.00,"A plate with mixed greens salad, pork tenderloin slices, chicken drumstick, green beans, and a slice of corn on the cob.",420.00,415.00,0.750
dish_1561663990,chicken,181.49,115.00,A slice of quiche on a plate.,250.00,120.00,0.000
dish_1561664013,chicken | pork,280.44,163.00,A meal consisting of pork tenderloin and stuffed chicken breast.,520.00,200.00,1.000
dish_1561664042,chicken | pork,285.04,209.00,"A plate with cucumber slices, tempeh, and egg casserole.",435.00,300.00,0.000
dish_1561664061,chicken | green beans | pork,303.64,269.00,"A meal of cucumber, tempeh, green beans and baked fish",375.00,320.00,0.167
dish_1561662814,lemon juice | onions | apple | millet,23.24,20.00,"Small plate with quinoa, kale, roasted carrot, and mushrooms",127.00,95.00,0.000
dish_1561665024,green beans,100.57,121.00,"A salad with kale, green beans, and raisins.",162.00,270.00,0.333
dish_1561665065,chicken,387.80,303.00,"A meal consisting of chicken breast, kale salad, string beans and raisins.",360.00,350.00,0.250
dish_1561665378,corn on the cob,74.27,70.00,Two slices of corn on the cob,100.00,100.00,1.000
dish_1561665422,corn on the cob | chicken,571.39,385.00,"A plate of fried chicken, rice, corn, and lettuce.",535.00,310.00,0.500
dish_1561665452,chicken | corn on the cob,624.85,431.00,"A plate with mixed greens salad, quinoa, chicken breast and yellow squash.",448.00,380.00,0.250
dish_1561665626,corn on the cob,51.99,49.00,A slice of corn on the cob,75.00,70.00,1.000
dish_1561665671,corn on the cob | pizza,158.39,89.00,A light meal consisting of a small savory pastry and a piece of corn on the cob.,260.00,160.00,0.333
dish_1561665706,chickpeas | corn on the cob | pizza,386.35,228.00,"A light meal with a slice of corn on the cob, a chickpea salad, and a savory pastry.",600.00,325.00,0.500
dish_1561665747,chickpeas | pizza | corn on the cob,486.30,314.00,"A plate with stuffed squash, corn, green beans, and chickpea saute.",480.00,495.00,0.400
dish_1561666619,grapes,35.88,52.00,A small serving of red grapes on a white plate.,69.00,115.00,1.000
dish_1561666640,cantaloupe | grapes,48.80,90.00,A plate of cantaloupe cubes and red grapes.,116.00,232.00,1.000
dish_1561666761,cheese pizza,114.34,43.00,A slice of pizza on a white plate.,250.00,100.00,1.000
dish_1561666794,cheese pizza | caesar salad,138.10,97.00,A Caesar salad with a slice of pizza on a white plate.,350.00,275.00,1.000
dish_1561666821,caesar salad | cheese pizza,211.79,170.00,"A plate containing a caesar salad, a spinach salad and a slice of pizza.",535.00,350.00,0.667
dish_1561666849,cheese pizza | corn on the cob | caesar salad,347.59,298.00,"A plate with a slice of pizza, lettuce salad, spinach salad, and corn on the cob.",550.00,500.00,0.400
dish_1561666875,corn on the cob | caesar salad | cheese pizza | chicken,443.86,359.00,"A plate with a slice of pizza, chicken, corn and two types of salad.",792.00,645.00,1.000
dish_1561663786,corn on the cob,46.68,44.00,A single slice of corn on the cob on a white plate.,34.00,30.00,1.000
dish_1561664977,green beans,14.57,47.00,A plate of samphire,30.00,100.00,0.000
dish_1561667207,pork | white rice,249.44,121.00,A plate of rice and pork.,400.00,200.00,1.000
dish_1561667238,caesar salad | white rice | pork,268.80,165.00,"A plate with pork, rice, and caesar salad.",530.00,270.00,0.750
dish_1561663891,pork | chicken | corn on the cob,247.17,172.00,"A meal consisting of a chicken drumstick, sliced pork, a mixed green salad with some red bell pepper, and a slice of corn on the cob.",450.00,320.00,1.000
dish_1561736715,scrambled eggs,161.32,109.00,A plate of scrambled eggs.,206.00,150.00,1.000
dish_1561736736,scrambled eggs | bacon,356.08,145.00,A plate of scrambled eggs with bacon.,370.00,210.00,1.000
dish_1561737176,sausage,403.18,117.00,A small serving of sausage pieces.,120.00,50.00,1.000
dish_1561737200,egg whites | sausage,478.58,262.00,A breakfast of scrambled eggs and sausage.,430.00,225.00,1.000
dish_1561737223,sausage | broccoli | egg whites,503.78,334.00,"A plate with mashed potatoes, sausage and broccoli.",470.00,330.00,0.500
dish_1561666897,chicken | pork | corn on the cob | cheese pizza,532.51,402.00,"A plate of assorted food including salad, corn, chicken and pizza.",750.00,670.00,0.500
dish_1561737271,sausage | hash browns | pineapple | egg whites,762.38,520.00,"A plate of scrambled eggs, rice, pineapple, sausage, and broccoli.",650.00,500.00,0.500
dish_1561666923,corn on the cob | cheese pizza | chicken | pork,539.64,425.00,"A plate with a variety of food items including salad, corn, chicken, pork and pizza",700.00,650.00,0.571
dish_1561737776,bagels | cream cheese,375.30,139.00,Two bagel halves with cream cheese.,700.00,220.00,1.000
dish_1561737839,,210.90,370.00,A cup of red grapes,100.00,150.00,0.000
dish_1561739160,,34.77,61.00,A small plate of raspberries and blackberries.,36.00,82.00,
dish_1561739188,sweet potato,97.09,143.00,"A plate with blackberries, raspberries, and sweet potato cubes.",131.00,155.00,1.000
dish_1561739212,egg whites | sweet potato,134.01,214.00,"A plate of mozzarella cheese, sweet potato and berries.",372.00,290.00,0.333
dish_1561739238,egg whites | hash browns | sweet potato,274.19,257.00,"A plate with mozzarella cheese, sweet potato, raspberries, blackberries, and shredded coconut.",500.00,310.00,0.200
dish_1561667430,white rice | sugar | pork,342.21,166.00,A plate of char siu pork with white rice.,630.00,250.00,0.667
dish_1561739265,sweet potato | hash browns | broccoli | egg whites,292.04,308.00,"Healthy meal with tofu, rice, berries, sweet potato and broccoli",390.00,470.00,0.333
dish_1561739576,sweet potato,63.84,84.00,A plate with a small portion of roasted sweet potatoes.,150.00,120.00,1.000
dish_1561739623,broccoli | sweet potato,156.24,348.00,"A meal consisting of broccoli, sweet potato and strawberries.",214.00,420.00,1.000
dish_1561739649,sweet potato | broccoli,208.23,388.00,"A plate with broccoli, sweet potato, lettuce and one strawberry.",205.00,445.00,0.667
dish_1561739719,sweet potato | broccoli,350.16,637.00,"Salad with mixed berries, broccoli, and sweet potato",285.00,590.00,1.000
dish_1561739760,broccoli | cantaloupe | sweet potato,452.16,937.00,A fruit and vegetable platter with sweet potato.,441.00,900.00,0.750
dish_1561739805,broccoli | sweet potato | scrambled eggs | cantaloupe,696.36,1102.00,"A plate with scrambled eggs, cantaloupe, strawberries, honeydew melon, blackberries, blueberries, sweet potato, and mixed greens.",480.00,650.00,0.600
dish_1561739930,sweet potato,60.04,79.00,A small plate of roasted sweet potato cubes.,140.00,100.00,1.000
dish_1561739954,sweet potato | scrambled eggs,276.12,225.00,A plate with scrambled eggs and roasted sweet potatoes.,430.00,270.00,1.000
dish_1561739973,broccoli | scrambled eggs | sweet potato,295.37,280.00,Plate of scrambled eggs with a side of broccoli and sweet potato,380.00,380.00,1.000
dish_1561740321,bell peppers | garlic | cucumbers | radishes,52.98,28.00,A small plate of spinach with a few shredded carrots.,11.00,29.00,0.000
dish_1561740353,bell peppers | garlic | cucumbers | radishes,75.42,96.00,Plate of strawberries and spinach.,60.00,180.00,0.000
dish_1561740385,broccoli,99.37,139.00,"A plate with strawberries, spinach and broccoli",90.00,280.00,0.500
dish_1561737248,sausage | egg whites | hash browns,699.38,394.00,"A plate with cauliflower, sausage, rice and broccoli.",510.00,480.00,0.167
dish_1561741090,cottage cheese | cantaloupe,161.54,221.00,A bowl of rice with cantaloupe.,215.00,350.00,0.333
dish_1561741139,bacon,108.20,20.00,Two strips of bacon on a plate.,138.00,28.00,1.000
dish_1561741174,scrambled eggs | bacon,245.84,113.00,A plate with scrambled eggs and two strips of bacon.,330.00,190.00,1.000
dish_1561746876,salmon | brown rice,149.44,84.00,A small piece of salmon on a white plate.,200.00,100.00,0.500
dish_1561746912,brown rice | salmon,264.10,210.00,"A plate with salmon, Brussels sprouts, and wheat berries",450.00,230.00,0.333
dish_1561746970,tatsoi | salmon,303.64,363.00,"A balanced meal with salmon, couscous, spinach salad and brussel sprouts",565.00,430.00,0.250
dish_1561741063,cottage cheese,132.30,135.00,A bowl of cottage cheese.,220.00,220.00,1.000
dish_1561748274,tortilla | chicken thighs | cheese,558.51,260.00,A serving of frittata on a white square plate.,350.00,250.00,0.000
dish_1561748862,brown rice | salmon,154.77,87.00,A piece of salmon on a plate.,200.00,100.00,0.500
dish_1561748950,honeydew melons | brown rice | salmon,197.25,205.00,A meal consisting of cooked salmon and honeydew melon.,296.00,235.00,0.667
dish_1561749016,salmon | brown rice | honeydew melons,280.12,272.00,"A plate of salmon, mixed greens salad, and honeydew melon.",380.00,370.00,0.667
dish_1561749061,salmon | honeydew melons,302.86,360.00,A plate of mixed green salad with cucumber and salmon.,430.00,350.00,0.333
dish_1561749348,brown rice | salmon,165.45,93.00,A piece of salmon with rice and greens,305.00,130.00,1.000
dish_1561740411,scrambled eggs,333.21,297.00,"A plate with scrambled eggs, red bell pepper, spinach, and broccoli.",325.00,400.00,0.250
dish_1561737293,sausage | pineapple | egg whites | hash browns,801.82,636.00,"A plate with cantaloupe, scrambled eggs, rice, pineapple, sausage, and broccoli.",559.00,570.00,0.429
dish_1561747075,tortilla | chicken thighs | cheese,646.59,301.00,A serving of Chicken Cacciatore on a white plate.,450.00,300.00,0.333
dish_1561749750,broccoli | brown rice | salmon,330.53,315.00,"Plate of cooked salmon, broccoli, cherry tomatoes, and onion slices",430.00,470.00,0.400
dish_1561749778,broccoli | salmon | brown rice,334.53,340.00,"A plate with salmon, broccoli, cherry tomatoes, radishes and onion.",445.00,495.00,0.333
dish_1561749818,brown rice | salmon | broccoli,340.03,395.00,"A plate with salmon, broccoli, radishes, cherry tomatoes, cucumber and red onion.",405.00,515.00,0.286
dish_1561749857,brown rice | salmon | broccoli | brussels sprouts,366.58,447.00,"A plate of salmon with mixed vegetables including broccoli, radishes, cucumber, tomatoes, Brussel sprouts and red onion.",415.00,540.00,0.375
dish_1561749908,brown rice | brussels sprouts | broccoli | salmon,377.26,472.00,"Plate with salmon, radishes, cucumber, broccoli, brussel sprouts, sweet potato and cherry tomatoes.",380.00,500.00,0.375
dish_1561749664,brown rice | salmon,288.20,162.00,Two pieces of salmon on a white plate.,280.00,150.00,0.500
dish_1561749392,chicken thighs | cheese | salmon | tortilla,416.78,210.00,"A meal consisting of fish, rice, vegetable stew, and a green leaf.",351.00,271.00,0.000
dish_1561751958,brown rice | salmon,381.23,293.00,"A plate with salmon, rice and mixed vegetables including zucchini, yellow squash and arugula.",505.00,545.00,0.400
dish_1561752035,brown rice | salmon,454.94,374.00,"Healthy plate with buckwheat, salmon, and vegetables (zucchini, squash, brussel sprouts, arugula).",585.00,440.00,0.143
dish_1561752449,tortilla | chicken thighs | cheese,287.85,134.00,Potato cake on a white plate,210.00,150.00,0.000
dish_1561752481,tortilla | cheese | chicken thighs,297.98,169.00,A plate with sliced squash and a potato cake.,270.00,200.00,0.000
dish_1561752535,tortilla | chicken thighs | caesar salad | cheese,358.00,307.00,"A plate with squash, roasted potatoes, salad and a fritter",490.00,500.00,0.000
dish_1561752563,cheese | caesar salad | chicken thighs | tortilla,373.51,367.00,"A meal consisting of a fried vegetable pancake, roasted sweet potatoes, steamed squash, Caesar salad, and a cucumber and greens salad.",830.00,700.00,0.125
dish_1561752680,cheese pizza,465.32,175.00,A slice of pizza on a white plate.,420.00,150.00,1.000
dish_1561749711,salmon | brown rice,300.08,228.00,A meal consisting of salmon and cherry tomatoes.,380.00,300.00,0.333
dish_1561752996,cheese | salmon | chicken thighs | tortilla,848.66,415.00,"A plate of lasagna, meatloaf, and rice.",650.00,425.00,0.000
dish_1561753021,cheese | caesar salad | chicken thighs | salmon | tortilla,918.18,573.00,"A plate of Caesar salad, lasagna and baked salmon.",700.00,550.00,0.333
dish_1561752970,tortilla | chicken thighs | cheese,642.29,299.00,Two potato pancakes on a white plate.,300.00,150.00,0.000
dish_1561751897,brown rice | salmon,354.02,199.00,"A small plate with salmon, rice, and arugula.",332.00,140.00,0.667
dish_1561753203,brown rice | salmon | squash,265.47,207.00,A meal consisting of baked salmon and sliced zucchini.,380.00,250.00,0.250
dish_1561752509,tortilla | chicken thighs | cheese,321.48,224.00,"Plate with fritter, sliced zucchini and sweet potato pieces",420.00,325.00,0.000
dish_1561753075,salmon | chicken thighs | caesar salad | cheese | tortilla,945.67,668.00,"A plate containing Caesar salad, lasagna, salmon, and sauteed zucchini.",780.00,550.00,0.286
dish_1561753168,brown rice | salmon,245.50,138.00,Salmon on a plate.,250.00,120.00,0.500
dish_1561753400,cheese | salmon | tortilla | chicken thighs,354.68,178.00,"A plate with salmon, pulled pork, and coleslaw.",750.00,325.00,0.167
dish_1561753432,salmon | cheese | chicken thighs | tortilla,380.32,238.00,"Plate of salmon, pulled pork, roasted sweet potatoes and greens.",435.00,220.00,0.167
dish_1561753477,salmon | cheese | chicken thighs | tortilla,432.27,280.00,"A plate of salmon, pulled pork, roasted sweet potato, and arugula salad.",600.00,320.00,0.143
dish_1561753589,brown rice | salmon,138.76,78.00,A small portion of salmon with a few leaves of arugula on a white plate.,201.00,105.00,0.333
dish_1561753238,brown rice | salmon | tatsoi,298.03,333.00,"A plate of salmon, zucchini, tomatoes, and arugula salad.",420.00,450.00,0.167
dish_1561753649,brown rice | squash | salmon,164.01,196.00,A plate with cooked salmon and zucchini.,280.00,250.00,0.250
dish_1562007739,caesar salad,28.60,65.00,A Caesar salad on a white plate.,250.00,200.00,1.000
dish_1562007763,quinoa | caesar salad,290.70,298.00,A meal consisting of chicken breast and caesar salad.,450.00,270.00,0.333
dish_1562007789,caesar salad | quinoa,302.95,322.00,"A plate with chicken breast, Caesar salad, and roasted Brussels sprouts.",550.00,405.00,0.250
dish_1562007817,quinoa | caesar salad | pork,444.12,391.00,"A plate of chicken breast, meat, brussels sprouts, and caesar salad.",650.00,505.00,0.200
dish_1562007842,caesar salad | quinoa | pork,492.28,434.00,"A plate with chicken breast, some sort of cooked meat pieces, salad, couscous, and brussels sprouts.",750.00,495.00,0.000
dish_1562007866,caesar salad | quinoa | pork,497.86,465.00,"A plate of food containing grilled chicken, beef strips, caesar salad, couscous, brussels sprouts, pumpkin and cherry tomatoes",835.00,620.00,0.125
dish_1562007904,quinoa | pork | caesar salad,525.46,489.00,"A plate with chicken, caesar salad, couscous, meat, olives and tomatoes",700.00,500.00,0.167
dish_1562008394,cucumbers,2.40,24.00,Small portion of cucumber slices on a plate,5.00,30.00,1.000
dish_1562008429,pork,94.47,69.00,A small portion of meat stir fry with cucumber slices.,230.00,150.00,0.000
dish_1562008476,brussels sprouts | pork,120.51,120.00,"Small plate with brussels sprouts, tofu, and cucumber slices",160.00,270.00,0.250
dish_1562008517,quinoa | pork | brussels sprouts,401.73,370.00,"A plate containing grilled chicken breast, brussel sprouts and slices of cucumber.",420.00,300.00,0.200
dish_1562008549,brussels sprouts | pork | quinoa,417.13,405.00,"A plate with grilled chicken breast, brussels sprouts, cucumber slices, and a lettuce salad.",290.00,300.00,0.167
dish_1562008695,cauliflower,18.00,72.00,Small serving of raw cauliflower florets on a white plate.,30.00,100.00,1.000
dish_1562008738,arugula | cauliflower,64.07,109.00,"Small salad with mixed greens, cauliflower, and a single blackberry.",65.00,210.00,0.500
dish_1562008780,cauliflower,180.85,195.00,A plate with mixed green salad and cauliflower florets,70.00,300.00,1.000
dish_1561753275,brown rice | pineapple | salmon,330.03,397.00,"A plate with grilled salmon, pineapple, zucchini, cherry tomatoes and mixed greens.",359.00,325.00,0.400
dish_1562008842,quinoa | pork | cauliflower,355.76,294.00,A plate of chicken and vegetables.,340.00,420.00,0.143
dish_1562008936,caesar salad,57.64,131.00,A small portion of Caesar salad on a white plate.,250.00,150.00,1.000
dish_1562008979,pork | caesar salad,382.94,290.00,A plate with chicken stir-fry and caesar salad.,600.00,350.00,0.333
dish_1562009006,pork | pizza | caesar salad,470.72,323.00,"A plate containing roasted meat with coleslaw, caesar salad and a slice of pepperoni pizza.",700.00,350.00,0.500
dish_1562009098,tofu,70.08,96.00,"A plate of fried rice with vegetables and tofu, accompanied by zucchini.",315.00,250.00,0.500
dish_1562009120,brussels sprouts | tofu,95.61,146.00,"A plate of food containing brussels sprouts, tofu, brown rice, and green beans.",340.00,305.00,0.500
dish_1561753371,chicken thighs | cheese | tortilla,221.26,103.00,Pulled chicken with sauce and a small green garnish.,185.00,105.00,0.250
dish_1562009182,brussels sprouts | tofu | pork,306.23,274.00,"Salad with brussels sprouts, rice and tempeh",295.00,390.00,0.200
dish_1561753623,squash | salmon | brown rice,159.31,149.00,salmon with zucchini,270.00,250.00,0.250
dish_1562009810,brown rice,119.88,108.00,A serving of cooked brown rice on a white plate.,216.00,180.00,1.000
dish_1562009894,brown rice,244.81,200.00,A healthy meal of mixed greens salad with feta cheese and a side of brown rice.,370.00,315.00,0.500
dish_1562009934,quinoa | brown rice,434.91,369.00,"A plate with roasted chicken, brown rice and a mixed green salad.",870.00,520.00,0.250
dish_1562008813,quinoa | cauliflower,214.59,225.00,"A plate with a mixed greens salad, a chicken wing, and some cauliflower florets.",270.00,340.00,0.333
dish_1562010085,brussels sprouts | pork,440.32,264.00,Pork belly with brussels sprouts and slaw.,750.00,325.00,0.667
dish_1562010130,pork | chickpeas,638.19,376.00,"A plate with chicken, brussels sprouts and a salad mix.",450.00,400.00,0.000
dish_1562010266,pork,581.03,284.00,Plate of pork stir-fry with mixed grains and coleslaw.,700.00,420.00,0.333
dish_1562010293,pork | caesar salad,633.83,404.00,"A plate with brown rice, chicken, and shredded cabbage along with a caesar salad.",800.00,500.00,0.333
dish_1562010315,caesar salad | pork,671.11,477.00,"A plate with a serving of rice, brussel sprouts, and caesar salad.",480.00,350.00,0.250
dish_1562010369,pork,141.17,69.00,"A small plate of food, including meatballs and some shredded cabbage.",70.00,45.00,0.000
dish_1562010394,pork,188.61,116.00,A light meal consisting of mixed greens salad and a small portion of meatloaf with rice.,300.00,250.00,0.000
dish_1562010418,pork | brussels sprouts,209.55,157.00,"A plate with mixed greens salad, roasted brussels sprouts, and meatloaf.",325.00,255.00,0.333
dish_1562010440,pork | brussels sprouts,247.63,191.00,"A plate of food with couscous, tuna salad, brussels sprouts, and mixed greens.",480.00,447.00,0.333
dish_1562010821,pork,274.15,134.00,Pork stir-fry with sesame seeds on a white plate.,320.00,150.00,1.000
dish_1562010865,pork,376.24,216.00,"Salad with arugula, blackberries, cheese and goji berries",136.00,180.00,0.000
dish_1562010891,pineapple | pork,438.74,341.00,"A salad with pineapple, blackberries, greens, and goji berries.",150.00,360.00,0.333
dish_1562010929,pork | pineapple,457.27,405.00,Fruit and vegetable salad with seeds,185.00,350.00,0.333
dish_1562009314,brussels sprouts,99.57,195.00,A plate of roasted Brussels sprouts,180.00,150.00,1.000
dish_1562011765,brussels sprouts | pork,423.92,283.00,Pork stir-fry with brussels sprouts and coleslaw.,580.00,300.00,0.667
dish_1562011794,pork | brussels sprouts,514.64,364.00,"A plate of couscous, pork stir fry and Brussels sprouts.",750.00,450.00,1.000
dish_1562012048,quinoa,278.97,248.00,Chicken and rice dish,300.00,170.00,0.000
dish_1562010048,pork,407.13,199.00,A plate of pork stir fry with shredded cabbage and sesame seeds.,390.00,255.00,0.333
dish_1562085132,bacon,91.97,17.00,Two strips of cooked bacon on a plate.,270.00,45.00,1.000
dish_1562085163,scrambled eggs | bacon,279.93,144.00,A plate of scrambled eggs and bacon.,350.00,190.00,1.000
dish_1562009148,tofu | pork | brussels sprouts,226.55,210.00,"A plate of mixed vegetables including rice, tofu, kale and brussel sprouts.",550.00,550.00,0.400
dish_1562085604,,241.11,423.00,"A bowl of mixed fruits including pineapple, blueberries, and strawberries.",136.00,280.00,0.000
dish_1562085672,bread,122.08,46.00,A single slice of toast on a plate.,75.00,30.00,0.000
dish_1562086037,,68.97,121.00,A plate of raspberries and blackberries,46.00,98.00,
dish_1562086067,yam,178.18,209.00,"Plate of raspberries, blackberries, and roasted sweet potato.",230.00,280.00,0.000
dish_1562086116,scrambled eggs | yam,290.66,285.00,"A meal consisting of scrambled eggs, roasted sweet potato, and mixed berries.",410.00,370.00,0.333
dish_1562086501,scrambled eggs,195.36,132.00,A plate of scrambled eggs,200.00,150.00,1.000
dish_1562086564,fruit salad | scrambled eggs,286.81,287.00,"A breakfast plate with scrambled eggs, fruit salad, and lettuce.",355.00,360.00,0.667
dish_1562011727,pork,372.35,182.00,Kung Pao Chicken and shredded cabbage salad on a plate,350.00,200.00,0.000
dish_1562012076,quinoa | white rice,525.97,438.00,A plate of chicken breast and white rice.,477.00,320.00,0.333
dish_1562086740,scrambled eggs | bacon,447.89,215.00,A breakfast plate with bacon and scrambled eggs,450.00,210.00,1.000
dish_1562094621,green beans,10.54,34.00,"A plate of sea beans, likely blanched or stir-fried.",20.00,100.00,1.000
dish_1562085185,bacon | hash browns | scrambled eggs,550.51,227.00,"Breakfast plate with bacon, scrambled eggs, and hash browns.",690.00,310.00,1.000
dish_1562094730,chicken thighs,428.19,336.00,"A plate with mixed green salad, chicken drumstick, couscous, green beans, and cherry tomatoes.",340.00,440.00,0.333
dish_1562086595,fruit salad | scrambled eggs | yogurt,308.60,324.00,"A plate with a mixed fruit salad, scrambled eggs, yogurt and a piece of lettuce.",475.00,560.00,0.750
dish_1562086702,bacon,178.53,33.00,Three strips of cooked bacon.,270.00,75.00,1.000
dish_1562095283,spinach (raw),229.52,197.00,Spinach salad with sun-dried tomatoes,65.00,125.00,0.500
dish_1562095340,pizza,718.96,381.00,A plate with a side salad of arugula and red pepper and a slice of pepperoni pizza.,400.00,250.00,0.500
dish_1562096343,cucumbers,6.20,62.00,A small plate of cucumber slices.,20.00,150.00,1.000
dish_1562096372,chicken thighs | quinoa,346.71,287.00,"A plate with chicken, cucumber slices, and hummus.",370.00,330.00,0.250
dish_1562096401,chicken thighs | green beans | quinoa,366.86,352.00,"A plate with chicken, green beans, sliced cucumber, and a dollop of hummus.",475.00,410.00,0.400
dish_1562096512,beets | artichokes | garlic,30.34,25.00,A small serving of kale on a white plate.,25.00,85.00,0.000
dish_1562096542,green beans,38.09,50.00,A plate with kale salad and green beans.,80.00,200.00,0.500
dish_1562096584,quinoa | green beans,94.99,90.00,"A plate with quinoa, green beans and kale",288.00,260.00,0.667
dish_1562096608,fish | quinoa,176.71,163.00,"Plate with couscous, baked fish, green beans, and kale salad.",480.00,420.00,0.250
dish_1562096633,chicken thighs | quinoa | fish,288.70,237.00,"A plate with baked chicken, couscous, green beans, and kale salad.",450.00,430.00,0.200
dish_1562096907,white beans | fish,297.78,266.00,Omelet with arugula and beans,290.00,200.00,0.250
dish_1562096933,white beans | fish,312.66,314.00,A plate with fish salad and samphire.,285.00,250.00,0.333
dish_1562096973,white beans | fish,349.00,350.00,Salad with fish.,285.00,350.00,0.000
dish_1562097001,white beans | pizza | fish,529.88,418.00,"A plate with pizza, mashed potatoes, fish, green beans, and a mixed greens salad.",560.00,460.00,0.750
dish_1562097624,,77.59,68.00,Small portion of brown rice salad with some visible green herbs.,100.00,70.00,0.000
dish_1562097653,beets | onions | lettuce | carrot | arugula,116.17,102.00,Arugula salad with feta cheese and cooked buckwheat.,260.00,180.00,0.167
dish_1562097673,white beans | fish,345.66,307.00,Salad with fish and grains,500.00,350.00,0.500
dish_1562099053,cheese pizza,98.38,37.00,A single slice of pizza on a white plate.,180.00,70.00,1.000
dish_1562099076,cheese pizza | carrot,110.18,61.00,A plate with cooked carrots and a slice of pizza,180.00,110.00,1.000
dish_1562094877,quinoa | chicken thighs,234.58,155.00,"A plate with roasted chicken pieces, some of which have already been consumed.",350.00,150.00,0.500
dish_1562099157,cheese pizza | chicken thighs,277.53,207.00,"A plate with mixed greens salad, green beans, roasted chicken drumstick, roasted carrots, and a slice of lasagna.",590.00,460.00,0.200
dish_1562168365,pineapple,70.00,140.00,A plate of pineapple chunks.,75.00,150.00,1.000
dish_1562168399,pineapple,128.71,243.00,"A plate with pineapple chunks, blueberries, and strawberries.",124.00,220.00,1.000
dish_1562168427,egg whites | pineapple,193.71,368.00,"A breakfast plate with scrambled egg whites, blueberries, strawberries, and pineapple.",216.00,490.00,1.000
dish_1562168450,pineapple | egg whites | roasted potatoes,282.54,431.00,"A breakfast plate with assorted fruits, scrambled eggs and roasted potatoes",341.00,440.00,1.000
dish_1562168471,brussels sprouts | roasted potatoes | egg whites | pineapple,312.67,490.00,"A plate of pineapple chunks, roasted potatoes, brussels sprouts, blueberries, fresh mozzarella, and strawberries.",375.00,450.00,0.600
dish_1562094694,green beans,134.60,142.00,A side salad with mixed greens and green beans.,80.00,300.00,1.000
dish_1562168673,honeydew melons,56.35,73.00,A light meal consisting of pear slices and a side salad.,65.00,175.00,0.000
dish_1562168696,honeydew melons,95.11,141.00,"A small plate with green leaf lettuce, strawberries, blueberries, and honeydew melon.",55.00,230.00,0.500
dish_1562094931,chicken thighs | white beans | fish,376.75,282.00,"A plate with two portions of cooked chicken, one plainly roasted and the other seemingly prepared with herbs.",530.00,230.00,0.333
dish_1562169729,brussels sprouts,25.53,50.00,A small plate of Brussels sprouts with a single bean.,81.00,201.00,0.500
dish_1562169762,scrambled eggs | brussels sprouts,262.33,210.00,Scrambled eggs with brussels sprouts on a white plate.,310.00,250.00,1.000
dish_1562169818,scrambled eggs | granola | brussels sprouts,346.82,275.00,A plate of scrambled eggs with brussels sprouts and mixed green salad.,335.00,330.00,0.667
dish_1562169840,sausage | granola | scrambled eggs,739.66,389.00,"Plate with scrambled eggs, brussels sprouts, sausage patties and salad",530.00,375.00,0.500
dish_1562170163,pineapple,53.50,107.00,A small plate of pineapple chunks.,50.00,100.00,1.000
dish_1562170236,watermelon | pineapple,169.36,333.00,"Fruit salad with pineapple, watermelon, strawberries, blueberries, and raspberries.",159.00,385.00,1.000
dish_1562170331,watermelon | roasted potatoes | pineapple,263.83,400.00,Plate of mixed fruits and roasted potatoes,260.00,450.00,1.000
dish_1562170356,turkey bacon | pineapple | roasted potatoes,385.33,432.00,"A breakfast plate with fried potatoes, bacon, pineapple chunks, and mixed berries.",382.00,410.00,1.000
dish_1562172561,egg whites,150.80,290.00,A plate of cottage cheese.,350.00,225.00,0.000
dish_1562168648,granola,41.59,32.00,A small side salad of mixed greens.,20.00,100.00,0.000
dish_1562172643,egg whites | roasted potatoes | bacon,734.27,457.00,"Breakfast plate with scrambled eggs, bacon, and roasted potatoes.",620.00,325.00,1.000
dish_1562173111,chia seeds,792.18,163.00,A bowl of chia seed pudding with apple pieces.,240.00,270.00,0.500
dish_1562173175,milk | chia seeds | greek yogurt,165.37,163.00,A bowl of chia seed pudding with chopped apple.,245.00,330.00,0.250
dish_1562173200,pineapple | milk | chia seeds | greek yogurt,213.37,259.00,A bowl of pineapple chunks and chia seed pudding,345.00,450.00,0.500
dish_1562173247,chilaquiles,290.55,149.00,A plate of scrambled eggs with tomato.,250.00,150.00,0.000
dish_1562173267,chilaquiles | bacon,409.57,171.00,A plate of scrambled eggs and bacon.,330.00,190.00,0.333
dish_1562099134,chicken thighs | cheese pizza,271.64,188.00,"A plate with a green salad, roasted carrots, chicken leg, and lasagna.",445.00,400.00,0.250
dish_1562173411,bacon | sausage,638.26,159.00,A plate with bacon strips and sausage patties.,510.00,165.00,1.000
dish_1562173742,bacon,81.15,15.00,A serving of bacon.,140.00,28.00,1.000
dish_1562180025,bacon | chicken | flour,798.91,256.00,Fried chicken with bacon and coleslaw,1050.00,325.00,0.500
dish_1562180089,flour | chicken | bacon,851.30,437.00,"A plate with fried chicken topped with coleslaw, bacon, and roasted butternut squash",790.00,345.00,0.500
dish_1562180157,bacon | chicken | flour,1009.18,557.00,"A plate of fried chicken, bacon, spinach salad and roasted butternut squash.",950.00,450.00,0.400
dish_1562181217,chicken | flour,546.48,199.00,A piece of fried fish topped with coleslaw.,450.00,225.00,0.000
dish_1562181247,bacon | flour | chicken,660.09,220.00,"A plate with fried chicken, coleslaw and bacon.",650.00,275.00,0.500
dish_1562181285,flour | chicken | bacon,796.92,324.00,"A plate of fried chicken with coleslaw, spinach salad, and bacon.",725.00,340.00,0.400
dish_1562183065,mushroom,16.50,75.00,A small plate of cooked mushrooms.,22.00,100.00,1.000
dish_1562172600,egg whites | roasted potatoes,263.60,370.00,A plate with scrambled eggs and roasted sweet potatoes,350.00,250.00,1.000
dish_1562183125,mushroom | spinach (raw),88.55,131.00,"A light salad with spinach, arugula and mushrooms.",40.00,160.00,0.667
dish_1562183151,mushroom | green beans,108.39,195.00,"A plate with various vegetables, including green beans, broccoli, mushrooms, arugula, spinach, and bell pepper.",110.00,350.00,0.333
dish_1562183175,roasted potatoes | green beans | mushroom,290.28,324.00,"A plate with green beans, broccoli, mushrooms, potatoes, spinach, arugula and carrots.",272.00,560.00,0.429
dish_1562183201,pizza | roasted potatoes,558.94,425.00,"A plate of mixed vegetables, potatoes, mushrooms, arugula and pizza slices.",680.00,730.00,0.333
dish_1562184604,,211.38,78.00,A small portion of roast beef on a white plate.,160.00,80.00,0.000
dish_1562184628,bacon,444.01,121.00,A plate with bacon and a small steak.,396.00,100.00,0.500
dish_1562184663,bacon | fish,600.54,271.00,"A plate with bacon, steak, and wheat berries with cheese and herbs.",900.00,300.00,0.333
dish_1562184705,bacon | fish,635.19,376.00,"A plate of bacon, pork tenderloin, broccoli, green beans, and tofu with grains.",770.00,475.00,0.167
dish_1562168800,roasted potatoes | honeydew melons,237.52,242.00,"A light lunch consisting of roasted potatoes, melon, berries and a small amount of lettuce.",265.00,350.00,0.667
dish_1562602627,hash browns | sausage,577.18,171.00,A plate of hash browns and sausage.,410.00,225.00,1.000
dish_1562602657,hash browns | sausage,610.37,236.00,"A plate of hash browns, brussel sprouts and sausage",585.00,375.00,0.667
dish_1562602687,sausage | hash browns | scrambled eggs,721.37,311.00,"A breakfast plate with scrambled eggs, hash browns, sausage, and brussels sprouts.",775.00,475.00,0.750
dish_1562602803,chia seeds | greek yogurt | milk,121.74,120.00,A serving of chia seed pudding topped with blackberries.,230.00,200.00,0.333
dish_1562602832,greek yogurt | chia seeds | milk,144.18,188.00,A plate of mixed berries and chia seed pudding.,193.00,215.00,0.333
dish_1562602860,milk | chia seeds | greek yogurt | watermelon,165.18,258.00,"A plate with watermelon, strawberries, blueberries, blackberries, and chia seed pudding.",275.00,365.00,0.500
dish_1562602888,watermelon | egg whites | greek yogurt | chia seeds | milk,209.38,343.00,"A plate of fruit, cottage cheese, and chia seed pudding.",295.00,395.00,0.333
dish_1562173381,sausage,389.40,113.00,Three sausage patties on a plate.,255.00,85.00,1.000
dish_1562602945,greek yogurt | milk | watermelon | sweet potato | egg whites | chia seeds,308.37,492.00,"A plate with fruit, cottage cheese, chia seed pudding and plantain",435.00,525.00,0.250
dish_1562183096,mushroom | arugula,41.19,95.00,A small plate with mushrooms and arugula.,27.00,125.00,1.000
dish_1562603569,bacon | sweet potato,121.68,62.00,A plate with roasted potatoes and bacon.,350.00,140.00,1.000
dish_1562602589,sausage,365.28,106.00,Pieces of sausage on a plate.,200.00,80.00,1.000
dish_1562603626,sweet potato | bacon | pineapple,201.76,209.00,"A plate of food containing pineapple, bacon, berries, and French toast.",442.00,350.00,0.500
dish_1562603536,bacon,75.74,14.00,Three strips of bacon,200.00,30.00,1.000
dish_1562603842,hash browns | granola,594.25,237.00,A plate with hash browns and salad.,300.00,225.00,0.500
dish_1562603867,hash browns | sausage | granola,1049.12,369.00,"A meal consisting of sausage, salad and hash browns.",480.00,300.00,0.667
dish_1562603895,hash browns | scrambled eggs | granola | sausage,1268.16,517.00,"A breakfast meal with scrambled eggs, sausage, hash browns, and salad.",800.00,460.00,0.750
dish_1562605315,scrambled eggs,217.56,147.00,A plate of scrambled eggs,250.00,150.00,1.000
dish_1562605352,brussels sprouts | scrambled eggs,242.07,195.00,A plate of scrambled eggs and brussels sprouts.,240.00,230.00,1.000
dish_1562603813,hash browns,475.96,146.00,Plate of Hash Browns,180.00,150.00,1.000
dish_1562605411,watermelon | brussels sprouts | scrambled eggs | sweet potato,336.49,363.00,"Plate of scrambled eggs, roasted potatoes, brussel sprouts, and tomato.",475.00,425.00,0.600
dish_1562611522,cheese pizza,132.95,50.00,A single slice of pepperoni pizza on a white plate.,210.00,75.00,1.000
dish_1562611580,pepperoni pizza,141.00,50.00,A single slice of pepperoni pizza on a white plate.,250.00,80.00,1.000
dish_1562602918,chia seeds | milk | greek yogurt | sweet potato | watermelon | egg whites,265.62,417.00,"A plate of fruit, cheese, fried plantains and chia seed pudding.",563.00,525.00,0.250
dish_1562603598,bacon | sweet potato,175.26,156.00,Plate of pancakes with bacon and mixed berries,370.00,225.00,0.333
dish_1562611680,pepperoni pizza | caesar salad,326.89,256.00,"A plate with Caesar salad, a slice of pepperoni pizza, steak and chicken rice salad.",810.00,420.00,0.667
dish_1562605384,brussels sprouts | scrambled eggs | sweet potato,306.19,262.00,"A plate of scrambled eggs, roasted potatoes, and brussels sprouts.",410.00,350.00,1.000
dish_1562611620,pepperoni pizza,199.85,76.00,A plate with a slice of pepperoni pizza and a slice of steak.,330.00,115.00,1.000
dish_1562611824,chickpeas,192.57,109.00,"A small salad with mixed greens, one cherry tomato, and a few chickpeas.",58.00,120.00,0.500
dish_1562613010,cod,90.27,128.00,A simple salad with mixed greens and grilled halloumi cheese.,230.00,175.00,0.000
dish_1562613045,corn | cod,166.11,207.00,"Salad with mixed greens, corn salad and tofu",380.00,320.00,0.333
dish_1562613285,figs | apple | arugula | lemon juice | goat cheese,111.74,84.00,Arugula salad with shredded carrots and raisins,45.00,130.00,0.143
dish_1562613340,apple | arugula | onions | lemon juice | garlic | cilantro | pineapple | white rice | kale | jalapenos | goat cheese | figs,349.39,189.00,A plate of steak with a side salad and rice.,350.00,230.00,0.083
dish_1562611649,pepperoni pizza,278.49,146.00,"A small plate with a slice of pepperoni pizza, sliced steak, and arugula salad.",480.00,240.00,0.500
dish_1562613403,squash | jalapenos | lemon juice | cilantro | pineapple | white rice | apple | kale | arugula | broccoli | onions | goat cheese | garlic | figs,398.70,315.00,"steak with roasted squash, broccoli, and arugula salad",430.00,385.00,0.214
dish_1562613867,bulgur | shallots | arugula | lemon juice | apple | garlic,83.89,57.00,Arugula salad on a white plate.,20.00,100.00,0.167
dish_1562613898,broccoli,120.64,162.00,A plate of arugula and broccoli,95.00,300.00,0.500
dish_1562613918,broccoli | squash,133.66,207.00,Arugula with broccoli and squash,125.00,325.00,0.667
dish_1562613974,chicken thighs | broccoli,416.20,375.00,"A healthy plate with chicken, rice, vegetables, and salad",530.00,540.00,0.400
dish_1562614088,broccoli,23.45,67.00,A small serving of broccoli on a white plate.,20.00,60.00,1.000
dish_1562611853,broccoli | chickpeas,267.21,243.00,"A simple salad with mixed greens, broccoli, and a single cherry tomato.",68.00,270.00,0.333
dish_1562614158,broccoli,453.93,301.00,steak with broccoli and spinach,520.00,400.00,0.500
dish_1562611878,chickpeas | broccoli,286.89,311.00,"Salad with mixed greens, broccoli, butternut squash, and a cherry tomato",120.00,285.00,0.250
dish_1562614121,broccoli | spinach (raw),123.49,155.00,A plate of spinach and broccoli.,51.00,155.00,1.000
dish_1562614980,chicken thighs | broccoli,566.15,485.00,"A plate of beef, chicken, broccoli, and mushrooms.",420.00,395.00,0.500
dish_1562614895,broccoli,51.80,148.00,A plate of broccoli,31.00,100.00,1.000
dish_1562615103,squash,94.29,110.00,"Salad with mixed greens, tomatoes, olives, roasted butternut squash, and unknown protein.",262.00,280.00,0.200
dish_1562615128,apple | white rice | squash | garlic | goat cheese | pineapple | kale | jalapenos | lemon juice | onions | arugula | cilantro | figs,397.57,244.00,A plate of roasted pork with mixed salad and roasted vegetables.,770.00,425.00,0.067
dish_1562613376,garlic | kale | jalapenos | arugula | figs | goat cheese | cilantro | onions | lemon juice | squash | apple | white rice | pineapple,371.96,267.00,"Plate of steak, arugula salad, butternut squash, mango, and rice",530.00,375.00,0.214
dish_1562615070,squash,14.47,50.00,Small portion of rice and cooked eggplant.,130.00,110.00,0.000
dish_1562614952,broccoli | chicken thighs,548.11,403.00,"A plate with steak, chicken, and broccoli.",500.00,355.00,1.000
dish_1562615360,roasted potatoes,331.48,191.00,"A plate with steak, purple sweet potato, and spinach salad with pecans.",450.00,305.00,0.500
dish_1562615388,roasted potatoes | broccoli,360.18,273.00,"A plate of food containing steak, purple sweet potato, broccoli and spinach salad with nuts.",500.00,400.00,0.667
dish_1562617370,pepperoni pizza,155.10,55.00,A slice of pizza on a plate.,280.00,100.00,1.000
dish_1562617395,caesar salad | pepperoni pizza,185.90,125.00,A plate with a slice of pepperoni pizza and a small Caesar salad.,470.00,220.00,1.000
dish_1562617416,broccoli | pepperoni pizza | caesar salad,200.95,168.00,"A plate containing a slice of pizza, broccoli florets, and a portion of Caesar salad.",440.00,350.00,1.000
dish_1562617446,broccoli | roasted potatoes | caesar salad | pepperoni pizza,291.19,232.00,"A plate of mixed foods including broccoli, pizza, salad, and roasted potatoes.",435.00,290.00,0.750
dish_1562617470,pepperoni pizza | roasted potatoes | chicken thighs | caesar salad,440.87,321.00,"A plate with chicken, broccoli, pizza slice, caesar salad, and roasted potatoes",850.00,570.00,0.800
dish_1562617492,roasted potatoes | caesar salad | pepperoni pizza | chicken thighs,558.56,373.00,"A plate containing grilled chicken, broccoli, a slice of pizza, caesar salad, roast beef, and roasted potatoes.",1092.00,740.00,0.667
dish_1562617703,frozen yogurt,179.63,110.00,"A bowl of chocolate and vanilla ice cream, with small piece of unknown food on the left.",265.00,160.00,0.000
dish_1562617939,chickpeas,234.97,133.00,A salad with mixed greens and chickpeas.,90.00,220.00,1.000
dish_1562618000,chicken thighs | chickpeas,685.99,448.00,"Salad with mixed greens, chicken, broccoli and rice.",380.00,380.00,0.250
dish_1562686492,chicken apple sausage,160.00,100.00,A plate of sausage slices.,210.00,70.00,1.000
dish_1562686520,chicken apple sausage | scrambled eggs,346.48,226.00,A plate of scrambled eggs and sausage.,390.00,210.00,1.000
dish_1562686548,scrambled eggs | yam | chicken apple sausage,413.49,280.00,"A plate with scrambled eggs, sausage and sweet potato.",450.00,280.00,0.500
dish_1562686577,chicken apple sausage | scrambled eggs | yam,556.56,531.00,"A plate with scrambled eggs, sausage, sweet potato, and mixed berries including strawberries, raspberries, blackberries, blueberries, and pineapple.",500.00,430.00,0.400
dish_1562615283,pineapple | white rice | lemon juice | jalapenos | kale | onions | garlic | cilantro,176.54,78.00,A small portion of beef on a plate.,75.00,25.00,0.000
dish_1562687246,bell peppers,115.42,61.00,A small spinach salad with cherry tomatoes and shredded carrots.,80.00,160.00,0.000
dish_1562687274,garlic | bell peppers | cucumbers | radishes,161.02,141.00,"A small spinach salad with carrots, blueberries, strawberries, and cherry tomatoes.",96.00,245.00,0.000
dish_1562687299,honeydew melons,180.82,196.00,Small salad with mixed berries and melon.,133.00,325.00,0.250
dish_1562687527,chicken apple sausage | honeydew melons,203.22,210.00,A fruit and mixed green salad with crouton,160.00,370.00,0.333
dish_1562615153,chicken thighs,468.20,286.00,"A plate with chicken and rice, a green salad, and roasted squash and eggplant.",340.00,370.00,0.333
dish_1562688382,chicken apple sausage,113.60,71.00,Five meatballs on a white plate.,175.00,100.00,0.000
dish_1562688482,roasted potatoes | chicken apple sausage | grapes,193.46,169.00,"A small plate with grapes, cooked sausage, and potato cubes.",233.00,192.00,1.000
dish_1562688524,chicken apple sausage | grapes | roasted potatoes | watermelon,215.36,242.00,"A plate with grapes, grilled eggplant, watermelon, and pineapple.",160.00,283.00,0.333
dish_1562688552,grapes | roasted potatoes | watermelon | chicken apple sausage,235.82,304.00,"A plate of grapes, strawberries, cheese and meatballs",304.00,285.00,0.167
dish_1562689519,cottage cheese,169.54,173.00,A bowl of cottage cheese.,220.00,200.00,1.000
dish_1562689548,pineapple | cottage cheese,216.54,267.00,A bowl of cottage cheese with pineapple chunks.,202.00,310.00,1.000
dish_1562689601,broccoli,20.61,37.00,A plate with a small serving of cooked broccoli.,30.00,85.00,1.000
dish_1562689645,bacon | scrambled eggs,302.43,169.00,"A plate with broccoli, scrambled eggs and bacon.",430.00,265.00,0.667
dish_1562690047,onions | lime | lettuce | cucumbers | cherry tomatoes,68.64,68.00,"small spinach salad with carrots, cherry tomatoes, and cucumber",42.00,115.00,0.286
dish_1562690074,bacon,263.40,104.00,"A light meal of spinach salad with bacon, tomatoes, cucumber and carrots.",227.00,195.00,0.200
dish_1562690112,chicken apple sausage | bacon,428.20,207.00,"A plate with sausage, bacon and spinach salad.",385.00,215.00,0.500
dish_1562690144,chicken apple sausage | scrambled eggs | bacon,645.76,354.00,"A plate of breakfast including scrambled eggs, sausage, bacon, and a small salad.",800.00,450.00,1.000
dish_1562690886,broccoli,20.61,37.00,A plate of roasted broccoli.,21.00,60.00,1.000
dish_1562690917,broccoli,69.06,122.00,"A plate of broccoli, strawberries, and blueberries.",95.00,230.00,1.000
dish_1562690950,pineapple | broccoli,109.06,202.00,"Plate of roasted broccoli and assorted fruits (strawberries, blueberries, pineapple, and a slice of banana).",165.00,330.00,0.667
dish_1562691000,pineapple | scrambled eggs,326.62,349.00,"A plate of scrambled eggs, broccoli, strawberries, blueberries and pineapple.",450.00,505.00,0.667
dish_1562691032,pineapple | scrambled eggs | roasted potatoes,419.68,415.00,"Breakfast plate with scrambled eggs, roasted potatoes, broccoli, strawberries, blueberries, and pineapple chunks.",480.00,565.00,0.750
dish_1562691064,fried rice | pineapple | scrambled eggs | roasted potatoes,555.30,501.00,"Breakfast meal with scrambled eggs, fried rice, roasted potatoes, broccoli, strawberries, blueberries and pineapple.",755.00,660.00,0.800
dish_1562691383,yam,86.87,70.00,A small serving of roasted sweet potato cubes on a white plate.,150.00,150.00,0.000
dish_1562691409,yam | scrambled eggs,225.99,164.00,A plate of scrambled eggs and cooked sweet potato.,300.00,230.00,0.333
dish_1562615324,roasted potatoes,258.32,136.00,A small meal of cooked beef and purple sweet potato.,350.00,225.00,0.500
dish_1562691466,broccoli | yam | chicken apple sausage | scrambled eggs,319.87,267.00,"A plate with scrambled eggs, sweet potatoes, broccoli, and sausage",500.00,420.00,0.600
dish_1562686664,,119.13,209.00,A plate of blueberries and sliced strawberries,106.00,240.00,
dish_1562691566,broccoli | egg whites,100.61,187.00,A plate of broccoli with cod and butter.,225.00,325.00,0.250
dish_1562691441,broccoli | scrambled eggs | yam,263.87,232.00,"A meal consisting of scrambled eggs, roasted sweet potato, and broccoli.",415.00,380.00,0.500
dish_1562691674,sweet potato | broccoli | egg whites | yam | greek yogurt | chicken apple sausage | milk,376.98,435.00,"A plate of broccoli, mashed cauliflower, chicken sausage, and sweet potato.",492.00,527.00,0.375
dish_1562687554,waffles | chicken apple sausage,409.33,281.00,Waffle with fruit and salad,325.00,405.00,0.333
dish_1562691737,broccoli | egg whites | yam | chicken apple sausage | sweet potato | watermelon | pineapple,485.68,700.00,A plate of fresh fruit and vegetables.,368.00,580.00,0.500
dish_1562691613,egg whites | broccoli | yam | sweet potato,213.67,300.00,"A plate with roasted broccoli, sweet potato, and white fish.",300.00,450.00,0.400
dish_1562698132,lentils | squash | fish,128.10,178.00,Grilled fish with zucchini and other vegetables.,290.00,350.00,0.167
dish_1562698209,millet | beef,284.13,135.00,Two small pieces of cooked pork.,280.00,100.00,0.000
dish_1562698239,beef | white rice,407.63,230.00,A plate with white rice and roast beef.,450.00,250.00,1.000
dish_1562698276,broccoli | white rice | beef,434.58,307.00,"A plate with rice, chicken, and broccoli.",452.00,400.00,0.500
dish_1562699570,brown rice,24.42,22.00,Small portion of brown rice.,80.00,65.00,1.000
dish_1562699612,brown rice | quinoa,98.39,74.00,A plate with separate servings of brown rice and couscous.,186.00,144.00,0.500
dish_1562699652,brown rice | quinoa,132.18,103.00,A plate with brown rice and spinach.,229.00,165.00,0.333
dish_1562699699,quinoa | beef | brown rice,372.11,217.00,"A plate with beef cubes, cooked brown rice and spinach",469.00,280.00,0.500
dish_1562700496,cauliflower,31.00,124.00,Small portion of steamed cauliflower,50.00,100.00,1.000
dish_1562700568,fish | cauliflower | lentils,246.86,318.00,"A plate of mixed grain salad with tofu, arugula, and cauliflower.",505.00,550.00,0.167
dish_1562691538,egg whites,49.92,96.00,"A plate with a serving of ricotta cheese and a small amount of butter, alongside a plate with roasted broccoli and a roasted sweet potato.",382.00,244.00,0.000
dish_1562700685,mushroom,24.20,110.00,A plate of cooked mushrooms with some scattered grains.,53.00,151.00,0.500
dish_1562700718,mushroom | beef | millet,329.38,255.00,Mushrooms with pork tenderloin and green bell pepper on a plate,460.00,480.00,0.200
dish_1562700760,beef | cauliflower | mushroom,370.13,418.00,"A plate with cauliflower, cooked mushrooms and pork loin",385.00,550.00,0.500
dish_1562698100,squash,24.02,83.00,Plate of sliced feijoa fruit.,45.00,150.00,0.000
dish_1562700906,squash | cauliflower,59.64,222.00,A plate of sauteed cauliflower and squash.,80.00,250.00,1.000
dish_1562700931,squash | cauliflower,164.23,312.00,"A plate with a mixed salad including arugula, radishes, and yellow squash alongside some cauliflower.",125.00,290.00,0.500
dish_1562700957,fish | squash | cauliflower | lentils,286.93,424.00,"A plate with grilled chicken, mixed green salad, steamed cauliflower and yellow squash.",370.00,500.00,0.400
dish_1562701956,cherry tomatoes,6.84,38.00,A plate with a few cherry tomatoes.,15.00,100.00,1.000
dish_1562702007,cherry tomatoes | squash,24.78,100.00,"A small plate with cherry tomatoes, zucchini, and carrot.",45.00,195.00,0.250
dish_1562702044,squash | cherry tomatoes | cauliflower,44.03,177.00,"A small plate of mixed vegetables, including cauliflower, zucchini, squash, cherry tomatoes, and shredded carrots.",70.00,210.00,0.600
dish_1562702091,cherry tomatoes | cauliflower | squash,86.53,214.00,"A small salad with mixed greens, carrots, zucchini, cauliflower, tomato, and pineapple.",133.00,280.00,0.333
dish_1562691705,yam | egg whites | milk | greek yogurt | sweet potato | watermelon | broccoli | chicken apple sausage,412.68,554.00,"A plate with broccoli, sweet potato, watermelon, mashed potatoes and chia seed pudding",522.00,720.00,0.333
dish_1562702355,lettuce,68.88,99.00,"A simple mixed greens salad with feta cheese, olives, and pumpkin seeds.",165.00,130.00,0.000
dish_1562700885,cauliflower,29.25,117.00,A small serving of cooked cauliflower.,75.00,250.00,1.000
dish_1562702412,cauliflower | quinoa,183.39,285.00,"A plate with couscous, cauliflower and a mixed greens salad with feta cheese.",315.00,335.00,0.333
dish_1562702441,cauliflower | quinoa | watermelon,209.19,371.00,"Salad with couscous, cauliflower, watermelon, greens and feta",385.00,640.00,0.500
dish_1562700593,cauliflower | fish | lentils | beef,385.77,384.00,"A plate with a mix of beef steak, mashed potatoes, arugula salad, rice and corn mix, and tofu with herbs.",640.00,460.00,0.125
dish_1562702813,lettuce,41.05,59.00,"A small salad with lettuce, olives and nuts.",90.00,80.00,0.500
dish_1562702132,fish | squash | lentils | cauliflower,245.39,359.00,"A salad with mixed ingredients including greens, tomatoes, carrots, pineapple, cauliflower, and a fish salad.",310.00,430.00,0.286
dish_1562702892,fish | beef | lentils,457.71,338.00,"Plate with fish with corn and quinoa, caramelized onions, and a green salad.",450.00,300.00,0.250
dish_1562703345,pizza,154.28,58.00,A slice of pizza on a white plate.,300.00,120.00,1.000
dish_1562703382,pizza,203.87,145.00,Pizza slice with mixed berries,335.00,210.00,1.000
dish_1562702379,lettuce | cauliflower,100.88,227.00,"A salad with cauliflower, feta, olives and nuts",190.00,365.00,0.250
dish_1562703447,beef | pizza,384.43,259.00,A light meal consisting of a slice of quiche and a small salad.,325.00,175.00,0.000
dish_1562704528,cheese pizza,148.90,56.00,A slice of pizza on a white plate.,200.00,75.00,1.000
dish_1562704564,cheese pizza | beef,292.02,124.00,A plate with steak and a slice of pizza.,550.00,220.00,0.500
dish_1562704616,squash | beef | cheese pizza,317.78,213.00,"A plate with beef, a pizza slice, and sauteed zucchini.",630.00,320.00,0.500
dish_1562702853,beef,272.57,169.00,A small meal consisting of a salad with olives and meat stew,300.00,250.00,0.000
dish_1562704665,cheese pizza | caesar salad | beef,387.84,399.00,"A plate of steak, mashed potatoes, pizza slice, Caesar salad, and sauteed zucchini.",980.00,550.00,0.400
dish_1562774099,granola,51.99,40.00,A small mixed green salad on a white plate.,25.00,100.00,0.000
dish_1562702469,quinoa | cauliflower | beef,541.73,529.00,"A plate with steak, cauliflower, grain, onions, and mixed greens salad",570.00,600.00,0.167
dish_1562774159,cantaloupe,90.76,129.00,A fruit salad with mixed greens,134.00,385.00,1.000
dish_1562774180,cantaloupe | roasted potatoes,164.08,181.00,"Salad with mixed greens, cantaloupe, strawberries, blueberries, and roasted potatoes",190.00,420.00,1.000
dish_1562774206,scrambled eggs | roasted potatoes | cantaloupe,298.76,272.00,"A breakfast plate with scrambled eggs, potatoes, mixed greens, blueberries, cantaloupe, and strawberries.",420.00,480.00,1.000
dish_1562774346,cheese | scrambled eggs,422.65,264.00,A plate of scrambled eggs topped with shredded cheddar cheese and ketchup.,327.00,180.00,0.667
dish_1562774475,sausage | roasted potatoes,320.96,128.00,Sausage and roasted potatoes,270.00,125.00,1.000
dish_1562703408,pizza | beef,311.21,196.00,"Pizza slice, roast beef and berries on a plate",510.00,280.00,1.000
dish_1562774531,sausage | roasted potatoes,379.82,254.00,Fruit and potato based breakfast with sausage,330.00,310.00,0.667
dish_1562774980,oatmeal,136.68,201.00,A bowl of oatmeal with goji berries.,175.00,215.00,0.500
dish_1562775047,oatmeal,284.88,461.00,A bowl of oatmeal with mixed berries,225.00,480.00,1.000
dish_1562775110,honeydew melons,101.52,282.00,A bowl of mixed watermelon and honeydew melon.,75.00,250.00,0.500
dish_1562775212,oatmeal,92.48,136.00,A bowl of oatmeal.,150.00,200.00,1.000
dish_1562775241,oatmeal,140.36,220.00,A bowl of oatmeal topped with strawberries and blueberries.,200.00,330.00,1.000
dish_1562704640,beef | squash | cheese pizza,333.28,275.00,"A plate containing steak, mashed potatoes, a slice of pizza, and roasted zucchini.",760.00,450.00,0.200
dish_1562775356,scrambled eggs,177.60,120.00,A serving of scrambled eggs on a plate.,200.00,150.00,1.000
dish_1562775373,bacon | scrambled eggs,329.08,148.00,A plate of scrambled eggs with bacon.,350.00,210.00,1.000
dish_1562774504,sausage | roasted potatoes,335.36,176.00,"A plate with sausage, roasted potatoes, and watermelon.",300.00,230.00,0.667
dish_1562775488,egg whites | sweet potato,91.24,145.00,Plate of fried tofu and mozzarella cheese.,350.00,150.00,0.000
dish_1562775510,egg whites | sweet potato | brussels sprouts,114.22,190.00,"Plate with tofu, brussels sprouts and mozzarella cheese",350.00,225.00,0.200
dish_1562775549,egg whites | brussels sprouts | sweet potato | cottage cheese,174.98,252.00,"A plate with tofu cubes, Brussels sprouts, cottage cheese and a poached egg.",423.00,345.00,0.600
dish_1562775574,egg whites | brussels sprouts | sweet potato | cottage cheese | pineapple,242.48,387.00,"A plate with pineapple, potatoes, brussel sprouts, cottage cheese and mozzarella cheese.",540.00,610.00,0.667
dish_1562774129,granola,73.08,77.00,"Salad with mixed greens, strawberries, and blueberries",55.00,160.00,0.000
dish_1562776465,sweet potato | brussels sprouts,173.43,212.00,A plate of roasted Brussels sprouts and roasted potatoes.,270.00,300.00,1.000
dish_1562776497,brussels sprouts | sweet potato | scrambled eggs,291.83,292.00,"A plate with scrambled eggs, roasted potatoes and roasted brussel sprouts.",490.00,420.00,1.000
dish_1562777000,scrambled eggs,195.36,132.00,A plate of scrambled eggs.,206.00,160.00,1.000
dish_1562777037,brussels sprouts | scrambled eggs,215.27,171.00,A small plate with scrambled eggs and roasted brussel sprouts.,275.00,230.00,1.000
dish_1562777068,brussels sprouts | scrambled eggs,236.72,236.00,"A plate of scrambled eggs, Brussels sprouts, strawberries, and a blueberry.",301.00,326.00,1.000
dish_1562777099,sweet potato | scrambled eggs | brussels sprouts,303.72,306.00,"A breakfast plate with scrambled eggs, potatoes, strawberries, and Brussels sprouts.",441.00,432.00,1.000
dish_1562777566,toast,263.00,84.00,Toast with jam and a side of strawberries,300.00,225.00,1.000
dish_1562783605,,75.60,270.00,"A mixed salad with greens, shredded carrots and red cabbage.",85.00,280.00,0.000
dish_1562783691,grilled chicken,421.69,423.00,"A salad with mixed greens, tofu, carrots, red cabbage, and red onion, dressed with a light dressing.",455.00,525.00,0.000
dish_1562784242,pizza,85.12,32.00,A single slice of pizza on a white plate.,180.00,75.00,1.000
dish_1562775456,sweet potato,50.16,66.00,A small portion of fried tofu on a white plate.,120.00,40.00,0.000
dish_1562775275,cantaloupe | oatmeal,173.68,318.00,"Bowl of oatmeal with cantaloupe, strawberries and blueberries",230.00,435.00,1.000
dish_1562784347,pizza | corn on the cob | eggplant | bulgur,315.99,264.00,"A plate with pizza, grilled eggplant, salad and corn.",497.00,455.00,0.600
dish_1562784307,pizza | eggplant | corn on the cob,158.52,157.00,"A plate with a slice of corn, a slice of pizza, and some fried eggplant.",450.00,245.00,1.000
dish_1562785132,fish | country rice,211.54,192.00,"A plate with fried chicken pieces, grains, sauce, and microgreens as garnish.",605.00,305.00,0.000
dish_1562785159,caesar salad | country rice | fish,265.66,315.00,A plate with fried chicken and caesar salad.,700.00,350.00,0.250
dish_1562776428,brussels sprouts,33.70,66.00,A serving of brussels sprouts.,75.00,150.00,1.000
dish_1562785328,bulgur,133.92,91.00,A mixed green salad on a white plate.,60.00,200.00,0.000
dish_1562784266,corn on the cob | pizza,131.80,76.00,Slice of corn and slice of pizza.,235.00,115.00,1.000
dish_1562786103,frozen yogurt,93.08,57.00,A bowl of hummus.,250.00,100.00,0.000
dish_1562787745,garlic | bulgur | shallots | lemon juice | arugula | apple,85.36,58.00,"small salad with cauliflower, greens and radish",42.00,140.00,0.000
dish_1562787783,pilaf,114.01,76.00,"A plate of bulgur with mixed greens, cauliflower, and radish.",275.00,340.00,0.000
dish_1562787817,pilaf | pork,348.90,184.00,"A plate with pork loin, couscous, and mixed greens with cauliflower",557.00,395.00,0.333
dish_1562787848,pilaf | pork | corn on the cob,416.80,248.00,"A plate with pork loin, corn on the cob, bulgur wheat, and mixed greens salad.",690.00,500.00,0.500
dish_1562787956,caesar salad,26.84,61.00,A small caesar salad.,150.00,150.00,1.000
dish_1562787983,caesar salad | cantaloupe,56.76,149.00,A plate with cantaloupe and caesar salad.,136.00,250.00,1.000
dish_1562788010,caesar salad | eggplant | cantaloupe,67.64,182.00,"A salad with cantaloupe, eggplant and lettuce.",198.00,340.00,0.500
dish_1562784388,corn on the cob | pilaf | pizza | bulgur,465.64,358.00,"A plate with bulgur, pizza, corn, salad, and grilled eggplant.",870.00,650.00,0.600
dish_1562788506,corn on the cob,114.59,108.00,Two pieces of corn on the cob on a white plate.,150.00,170.00,1.000
dish_1562788536,pilaf | corn on the cob,245.13,190.00,"A plate with brown rice, vegetables, and corn.",450.00,375.00,0.250
dish_1562788568,pilaf | corn on the cob | fish,289.20,230.00,"A plate of brown rice salad with corn on the cob, fried tempeh and vegetables",630.00,420.00,0.167
dish_1562788601,fish | corn on the cob | pork | pilaf,413.17,287.00,"A meal with pork, corn, rice and vegetables.",580.00,460.00,0.333
dish_1562785369,bulgur | pork,440.58,232.00,"A plate with mixed greens salad, pork loin slices, and broccoli.",280.00,355.00,0.333
dish_1562788760,pork | fish,331.32,178.00,Pork loin with lasagna,450.00,270.00,0.333
dish_1562788794,white rice | pork | fish,465.22,281.00,"A plate with pork loin, rice, and a cheesy spinach bake.",720.00,350.00,0.500
dish_1562788816,pork | corn on the cob | fish | white rice,506.60,320.00,"Plate with sliced roasted pork, rice, corn, and creamed spinach.",820.00,520.00,0.600
dish_1562788845,white rice | corn on the cob | fish | pork,529.48,372.00,"A meal consisting of pork loin, rice, salad, a corn slice, and fried vegetable",770.00,540.00,0.600
dish_1562789207,cheese pizza,146.24,55.00,A single slice of pizza on a plate.,280.00,100.00,1.000
dish_1562789240,cheese pizza | pork,361.56,154.00,A meal consisting of a slice of pizza and a piece of baked chicken breast.,480.00,200.00,0.333
dish_1562785184,caesar salad | country rice | eggplant | fish,290.40,390.00,"A plate with fried chicken, roasted eggplant, and Caesar salad.",670.00,500.00,0.400
dish_1562789301,caesar salad | corn on the cob | cheese pizza | pork,606.91,435.00,"A plate with corn on the cob, a slice of pizza, grilled chicken, and a salad.",900.00,620.00,0.400
dish_1562788032,caesar salad | cantaloupe | pork | eggplant,137.24,214.00,"Plate with cantaloupe, grilled eggplant, chicken breast and lettuce",251.00,355.00,0.333
dish_1562790170,arugula,103.69,84.00,Arugula salad with cherry tomatoes and feta cheese.,65.00,160.00,0.333
dish_1562790224,walnuts,312.75,116.00,Arugula salad with walnuts and cheese,260.00,100.00,0.333
dish_1562788732,fish,57.29,52.00,Small portion of Lasagna with spinach,150.00,75.00,0.000
dish_1562789268,pork | corn on the cob | cheese pizza,569.51,350.00,"A plate with corn on the cob, a pizza slice, and grilled chicken breast.",650.00,420.00,0.500
dish_1562790295,walnuts | grilled chicken,538.71,268.00,"Salad with arugula, eggplant, chicken, and walnuts.",460.00,330.00,0.500
dish_1562790321,walnuts | pizza | grilled chicken,767.47,354.00,"Salad with grilled eggplant, cooked chicken, walnuts, arugula and roasted red pepper.",390.00,305.00,0.400
dish_1562790824,country rice | fish,437.07,368.00,A meal consisting of Tofu Scramble and Spinach Salad with carrot shreds.,295.00,315.00,0.000
dish_1562790259,walnuts | grilled chicken,518.59,207.00,"Salad with chicken, walnuts, and arugula",485.00,250.00,0.667
dish_1562859116,scrambled eggs,145.04,98.00,A plate of scrambled eggs.,210.00,150.00,1.000
dish_1562789328,tofu | corn on the cob | pork | caesar salad | cheese pizza,656.55,503.00,"A plate with pizza, corn, chicken, salad, and tofu with vegetables.",960.00,720.00,0.500
dish_1562860073,scrambled eggs | bacon,357.81,259.00,"Breakfast with scrambled eggs, bacon, strawberries and blueberries",490.00,405.00,1.000
dish_1562860700,pineapple,23.50,47.00,A plate of pineapple chunks.,60.00,80.00,1.000
dish_1562860723,pineapple,87.91,160.00,"Fruit salad with strawberries, blueberries, and pineapple",103.00,300.00,1.000
dish_1562861103,bell peppers,94.61,50.00,Spinach and shredded carrot salad,40.00,130.00,0.000
dish_1562790775,bell peppers | cucumbers | garlic | radishes,75.69,40.00,Spinach salad with carrot shreds,16.00,101.00,0.000
dish_1562861174,egg whites | bacon,401.80,274.00,"A plate with mashed potatoes, bacon, shredded carrots and spinach.",432.00,330.00,0.200
dish_1562862493,scrambled eggs,198.32,134.00,A plate of scrambled eggs.,250.00,150.00,1.000
dish_1562862550,cream cheese | scrambled eggs | bagels,364.52,257.00,"A breakfast plate with scrambled eggs, strawberries and an English muffin with cream cheese.",550.00,330.00,0.667
dish_1562790855,fish | pork | country rice,739.38,507.00,"A meal consisting of pork tenderloin, a spinach salad, and tofu scramble with vegetables.",550.00,410.00,0.200
dish_1562871363,white rice | cheese pizza,245.87,140.00,A plate with a slice of pizza and a portion of white rice.,450.00,250.00,1.000
dish_1562871408,cheese pizza | squash | white rice,271.34,228.00,"A plate with pizza, rice and sauteed squash",575.00,350.00,1.000
dish_1562860045,scrambled eggs | bacon,280.29,123.00,A plate of bacon and scrambled eggs,330.00,150.00,1.000
dish_1562871488,white rice | mushroom | squash | brussels sprouts | cheese pizza,321.59,393.00,"A plate with a slice of pizza, white rice, mushrooms, brussels sprouts, and zucchini.",619.00,470.00,0.667
dish_1562861125,egg whites,190.81,235.00,"A salad with spinach, carrots and mozzarella cheese.",245.00,165.00,0.000
dish_1562871731,bok choy,17.03,131.00,A bowl of Kimchi.,36.00,150.00,0.000
dish_1562872150,mushroom,7.48,34.00,Four raw mushrooms on a plate.,20.00,100.00,1.000
dish_1562872182,mushroom | bok choy,41.54,296.00,"A plate of bok choy, potatoes and mushrooms.",100.00,255.00,0.667
dish_1562872223,chicken | bok choy,306.86,468.00,"A plate with cooked chicken, bok choy, mushrooms and potatoes.",450.00,475.00,0.500
dish_1562871297,cheese pizza,124.97,47.00,A slice of pizza on a white plate.,250.00,100.00,1.000
dish_1562872396,chicken | bok choy,179.56,186.00,A plate with chicken wings and cooked bok choy.,310.00,200.00,1.000
dish_1562872432,chicken,259.08,257.00,"A plate with couscous, bok choy, baked chicken, and stewed meat.",560.00,425.00,0.333
dish_1562872470,fish | chicken,286.38,282.00,"A plate of food containing couscous, Bok Choy and Meat",480.00,370.00,0.000
dish_1562872498,chicken,306.26,320.00,"A plate of couscous, green beans, bok choy and chicken.",461.00,390.00,0.333
dish_1562872662,corn | fish,133.22,122.00,A piece of salmon topped with grains and garnished with herbs on a white plate.,355.00,155.00,0.000
dish_1562872365,bok choy,9.88,76.00,Plate of bok choy,20.00,100.00,1.000
dish_1562871448,white rice | squash | cheese pizza | brussels sprouts,295.85,276.00,"A meal consisting of a slice of pizza, a portion of rice, roasted brussel sprouts, and sauteed zucchini.",600.00,430.00,0.600
dish_1562872945,corn | fish,258.60,234.00,A plate with potato salad and baked fish,400.00,250.00,0.333
dish_1562872981,corn | fish,268.32,288.00,"A plate with baked fish, potato salad, and cherry tomatoes.",580.00,500.00,0.250
dish_1562873002,fish | corn,278.26,307.00,"A meal consisting of potato salad, cherry tomatoes, green beans and salmon.",405.00,445.00,0.000
dish_1562873028,fish | corn,280.34,320.00,"A plate of mixed foods including pasta salad, tomato salad, green beans, pickles and baked tofu.",490.00,600.00,0.000
dish_1562873155,green beans,41.34,79.00,A plate of green beans.,51.00,150.00,1.000
dish_1562873187,green beans | bok choy,64.22,255.00,A serving of bok choy and green beans,55.00,230.00,1.000
dish_1562871537,white rice | grilled chicken | cheese pizza,685.77,554.00,"Plate with diced chicken, pizza slice, yellow squash, brussels sprouts, mushroom and rice",900.00,700.00,0.500
dish_1562873264,fish | country rice,503.60,595.00,"A plate of fried fish with sauce, served with brown rice and bok choy, garnished with a green bean.",635.00,465.00,0.500
dish_1562872746,fish | corn | arugula,242.36,203.00,"A mixed salad with grains, vegetables and fruit.",385.00,425.00,0.250
dish_1562873224,fish | corn | green beans | bok choy,261.86,436.00,Plate of fried fish with a sauce and some bok choy and long beans.,400.00,360.00,0.750
dish_1562873544,fish | cheese pizza | caesar salad,193.61,201.00,"A plate of food containing a salad, a piece of pizza, and fish with nuts.",700.00,370.00,0.667
dish_1562872914,fish | corn,135.40,124.00,A meal consisting of fish with sauce and a side salad.,350.00,300.00,0.333
dish_1562873416,caesar salad,52.36,119.00,Small mixed green salad with tomatoes.,85.00,200.00,0.000
dish_1562873790,lettuce | lime | onions | cucumbers | cherry tomatoes,75.71,75.00,A plate of mixed green salad.,30.00,100.00,0.000
dish_1562874049,cheese pizza,412.14,155.00,A pizza cut into four pieces on a white plate.,450.00,150.00,1.000
dish_1562874203,sour cream | corn | fish,362.52,332.00,Tofu stir fry with corn and greens.,540.00,350.00,0.200
dish_1562874250,fish | corn | sour cream,394.44,393.00,A plate of tofu stir-fry served with a side of green beans.,390.00,400.00,0.000
dish_1562874282,corn | caesar salad | sour cream | fish,427.88,469.00,"A plate with tofu, buckwheat with vegetables, green beans, and lettuce salad.",580.00,470.00,0.000
dish_1562875159,pizza,260.68,98.00,A single slice of pizza on a white plate.,250.00,100.00,1.000
dish_1562873495,caesar salad | cheese pizza,140.11,152.00,A light meal consisting of a salad and a slice of pizza.,280.00,230.00,0.500
dish_1562875241,chicken | pizza,479.69,275.00,"A plate with fried chicken, Caesar salad, and a slice of pizza.",800.00,400.00,0.667
dish_1562875273,pizza | chicken,495.91,306.00,"A meal with fried chicken, green beans, caesar salad, and pizza.",940.00,515.00,0.400
dish_1562873814,green beans,106.58,134.00,A light salad with green beans and mixed greens.,70.00,250.00,1.000
dish_1562875833,corn | fish,156.15,143.00,A serving of baked salmon with some toppings.,300.00,150.00,0.000
dish_1562875870,fish | corn,256.95,233.00,"A plate with salmon, couscous and cherry tomato.",553.00,255.00,0.000
dish_1562875898,bok choy | corn | fish,271.12,342.00,"Plate of salmon with couscous, bok choy, and a cherry tomato.",493.00,355.00,0.200
dish_1562875940,country rice | fish,386.67,418.00,"A plate with brown rice, couscous, cooked vegetables and tomato.",515.00,560.00,0.200
dish_1562876494,chicken,40.11,26.00,"A light meal of tofu, green beans, and rice.",145.00,190.00,0.000
dish_1562873838,chicken,427.44,342.00,"A plate with breaded chicken breast, green beans and mixed greens.",400.00,350.00,0.500
dish_1562875211,pizza | caesar salad,282.24,147.00,A meal consisting of Caesar salad and a pizza slice.,450.00,220.00,1.000
dish_1562876645,chicken | cheese pizza,220.77,112.00,A plate with a fried chicken leg and a slice of pizza.,550.00,220.00,1.000
dish_1562876674,cheese pizza | chicken | country rice,289.19,157.00,"A meal with fried chicken, rice pilaf, and a pizza slice.",730.00,330.00,1.000
dish_1562876709,chicken | cheese pizza | country rice,304.37,186.00,"A plate with a fried chicken drumstick, rice pilaf, green beans, and a slice of pizza.",630.00,330.00,0.750
dish_1562876732,cheese pizza | caesar salad | country rice | chicken,350.57,291.00,"A meal consisting of fried chicken, rice with vegetables, green beans, Caesar salad, and pizza.",880.00,525.00,0.800
dish_1562876756,cheese pizza | caesar salad | chicken | country rice,354.60,322.00,"A plate of mixed foods including rice, chicken, pizza, green beans, salad, and pickled squash.",750.00,560.00,0.500
dish_1562945131,broccoli,37.32,67.00,A light meal consisting of broccoli and mixed berries.,110.00,235.00,1.000
dish_1562945186,broccoli | greek yogurt | chia seeds | milk,191.53,219.00,"A meal consisting of fruit, cereal, tofu, oatmeal, banana slices, and broccoli.",509.00,641.00,0.111
dish_1562876531,chicken | caesar salad,66.07,85.00,"A plate of caesar salad with lettuce, croutons and dressing.",150.00,150.00,0.500
dish_1562945393,chia seeds | broccoli | greek yogurt | egg whites | sweet potato | milk,319.39,401.00,"A plate of cottage cheese, roasted potatoes, broccoli, ground meat and banana slices.",560.00,460.00,0.250
dish_1562876618,cheese pizza,114.34,43.00,A single slice of pizza on a white plate.,250.00,100.00,1.000
dish_1562945499,broccoli | greek yogurt | sweet potato | grapes | chia seeds | milk | egg whites,454.51,625.00,"A healthy breakfast with oatmeal, cottage cheese, berries, grapes and broccoli.",330.00,555.00,0.222
dish_1562945779,granola,37.70,29.00,A mixed green salad on a white plate.,30.00,100.00,0.000
dish_1562945803,honeydew melons,50.30,64.00,A small salad with mixed greens and apple cubes.,60.00,160.00,0.000
dish_1562945823,honeydew melons | cantaloupe,62.20,99.00,"Salad with mixed greens, cantaloupe, and honeydew melon cubes",100.00,300.00,1.000
dish_1562945851,cantaloupe | honeydew melons,91.27,150.00,Fruit salad with mixed greens,127.00,340.00,1.000
dish_1562945879,succotash | cantaloupe | honeydew melons,174.43,234.00,"Salad with melon, berries, and black bean corn salad.",244.00,500.00,0.500
dish_1562875320,chicken | country rice | pizza,603.86,377.00,"A plate with chicken, green beans, mixed rice, Caesar salad, and pizza.",1130.00,720.00,0.500
dish_1562946006,sausage | scrambled eggs,535.98,224.00,A plate of scrambled eggs and sausage.,450.00,230.00,1.000
dish_1562945332,chia seeds | broccoli | greek yogurt | egg whites | milk,246.65,325.00,"A plate with scrambled eggs, broccoli, and oatmeal with banana.",450.00,380.00,0.333
dish_1562946106,sausage | scrambled eggs,578.96,359.00,"Breakfast with scrambled eggs, sausage, watermelon and cantaloupe.",565.00,495.00,0.500
dish_1562947020,scrambled eggs | cheese,533.12,333.00,A plate of scrambled eggs with shredded carrots.,300.00,200.00,0.500
dish_1562947376,pineapple,36.50,73.00,A small plate of pineapple chunks.,50.00,100.00,1.000
dish_1562947409,pineapple,103.19,190.00,"Fruit plate with pineapple, strawberries, and blueberries",120.00,270.00,1.000
dish_1562947436,sausage | pineapple,282.38,242.00,"A plate of sausage, pineapple, strawberries and blueberries.",250.00,240.00,1.000
dish_1562947469,roasted potatoes | pineapple | sausage,392.36,320.00,"A plate with sausage, pineapple, strawberries, and blueberries.",246.00,280.00,0.667
dish_1562947503,sausage | roasted potatoes | egg whites | pineapple,438.12,408.00,"A plate with meatballs, pineapple chunks, strawberries, blueberries, and mozzarella cheese.",365.00,318.00,0.167
dish_1562946075,sausage | scrambled eggs,557.88,297.00,"A plate with scrambled eggs, sausage, and watermelon.",410.00,310.00,0.667
dish_1562947885,grapes,215.97,313.00,A bowl of grapes,150.00,250.00,1.000
dish_1562949162,bacon,64.92,12.00,Small serving of bacon,150.00,25.00,1.000
dish_1562949205,cantaloupe | bacon,80.22,57.00,A plate with bacon and cantaloupe pieces.,191.00,180.00,1.000
dish_1562949242,bacon | cantaloupe | sweet potato,139.56,119.00,"A plate of cantaloupe, roasted potatoes, and bacon.",341.00,290.00,1.000
dish_1562949467,bok choy,24.66,72.00,A small portion of bok choy on a white plate.,10.00,70.00,1.000
dish_1562949494,bok choy,68.55,149.00,"A small plate with blackberries, raspberries and sliced zucchini.",79.00,175.00,0.000
dish_1562949541,turkey bacon | scrambled eggs,494.23,374.00,"Breakfast plate with scrambled eggs, sausage, berries, and bok choy.",600.00,470.00,0.250
dish_1562950018,roasted potatoes,200.22,142.00,A serving of roasted potatoes on a white plate.,160.00,150.00,1.000
dish_1562950057,scrambled eggs | roasted potatoes,320.10,223.00,A plate with scrambled eggs and roasted potatoes.,380.00,280.00,1.000
dish_1562950091,roasted potatoes | scrambled eggs | sausage,550.98,290.00,"A plate with scrambled eggs, roasted potatoes, and sausage.",450.00,300.00,1.000
dish_1562950895,sweet potato,137.82,144.00,A plate of roasted potatoes.,250.00,150.00,1.000
dish_1562950934,sweet potato | egg whites,304.22,464.00,A plate of scrambled eggs and diced fried potatoes.,450.00,325.00,1.000
dish_1562956486,tofu,103.66,142.00,"A small plate with tofu, cherry tomatoes and sauteed mushrooms.",170.00,250.00,0.333
dish_1562956510,pork | tofu,221.17,199.00,"A plate of cooked tofu, mushrooms, cherry tomatoes, pork and rice.",465.00,395.00,0.400
dish_1562958445,,24.15,21.00,A plate of dates.,119.00,35.00,0.000
dish_1562945445,sweet potato | broccoli | greek yogurt | egg whites | milk | chia seeds | grapes,362.17,463.00,"Plate with cottage cheese, ground meat, broccoli, grapes, berries, and potatoes",430.00,420.00,0.375
dish_1562958603,chicken salad | chickpeas,171.84,93.00,"A small plate with chicken salad, chickpeas and olives.",320.00,165.00,0.667
dish_1562958629,chicken salad | chickpeas | artichokes,208.97,172.00,"A plate with artichoke hearts, chickpeas, olives, and chicken salad",525.00,400.00,1.000
dish_1562958721,carrot | cabbage | rice noodles,125.72,167.00,A light mixed salad with radishes on a white plate.,155.00,215.00,0.000
dish_1562958775,rice noodles,227.18,251.00,"A salad with coleslaw, swiss chard, and watermelon radish.",155.00,300.00,0.000
dish_1562947598,cantaloupe,87.72,258.00,A bowl of cut cantaloupe.,102.00,340.00,1.000
dish_1562958998,quinoa | fish,109.09,104.00,Breaded chicken cutlet with tomato sauce and arugula.,285.00,160.00,0.000
dish_1562959024,quinoa | pizza | fish,319.23,183.00,Plate of fried ravioli and pizza slices,550.00,220.00,0.250
dish_1562959059,pizza | fish | roasted potatoes,365.76,216.00,"A plate with breaded cutlets, pizza slices, and potatoes.",630.00,350.00,0.500
dish_1562959103,parsnips | roasted potatoes | pizza | fish,395.01,255.00,"A plate with breaded chicken, pizza slices, roasted potatoes and mushroom with garnish.",775.00,375.00,0.286
dish_1562959129,fish | pizza | parsnips | roasted potatoes,412.87,293.00,"A plate with breaded cutlet, artichoke hearts, roasted potatoes, and pizza.",950.00,500.00,0.333
dish_1562959190,fish | roasted potatoes | pizza | parsnips,518.80,378.00,"A plate with breaded chicken, salad, artichoke hearts, roasted potatoes, and pizza.",860.00,510.00,0.333
dish_1562959295,radishes,3.04,19.00,A small plate of radish slices.,2.00,10.00,0.000
dish_1562959344,radishes | cucumbers,5.54,44.00,Radish and cucumber slices,7.00,45.00,1.000
dish_1562959379,radishes | arugula,57.07,85.00,"Arugula salad with cucumber, radishes, feta and a lime wedge",61.00,195.00,0.400
dish_1562945900,honeydew melons | succotash | roasted potatoes,240.70,281.00,"A mixed salad with melon, potatoes, corn/bean salad, and berries.",260.00,450.00,0.333
dish_1562959517,spinach (raw) | arugula | chard | cherry tomatoes | pumpkin seeds | carrot | lettuce | figs | cucumbers,91.14,74.00,A small portion of mixed green salad remains on a plate.,30.00,100.00,0.000
dish_1562959547,fish,165.62,145.00,A light meal of arugula salad and cauliflower stir-fry.,175.00,220.00,0.000
dish_1562959570,fish | pork,311.99,216.00,"A plate with roasted potatoes, chicken pieces and salad.",410.00,375.00,0.000
dish_1562959599,roasted potatoes | pork | fish,403.64,281.00,"A plate of mixed foods, including potatoes, fish, meat and arugula salad.",530.00,460.00,0.750
dish_1562959485,arugula,45.24,36.00,Arugula Salad with Dressing,15.00,50.00,1.000
dish_1562959732,pork | parsnips | sugar | white rice,374.66,232.00,Pork and potatoes,356.00,250.00,0.200
dish_1562959766,sugar | rice noodles | pork | parsnips,431.13,307.00,"A plate with noodles and salad, pork and tofu.",700.00,470.00,0.400
dish_1562959799,pork | parsnips | rice noodles | sugar,498.77,363.00,"Mixed plate with salad, tofu, noodles, and potatoes",530.00,475.00,0.143
dish_1562960437,roasted potatoes,97.29,69.00,Three potato balls with parsley on a white plate.,151.00,91.00,1.000
dish_1562960472,roasted potatoes | caesar salad,139.97,166.00,A Caesar salad with croutons served on a white plate.,375.00,225.00,0.333
dish_1562960520,pork | caesar salad | roasted potatoes,422.40,303.00,Salad with chicken and grains.,405.00,290.00,0.000
dish_1562961588,pizza,178.22,67.00,A plate with a leftover pizza slice and some rice and beans.,290.00,120.00,0.500
dish_1562961609,pizza | pork,423.54,186.00,A plate with chicken stir fry and a slice of pizza,630.00,350.00,0.333
dish_1562961650,pork | pizza | fish,555.71,312.00,"A plate with pizza, tofu stir-fry with rice, and pork stir-fry with rice.",1000.00,550.00,0.500
dish_1562963006,quinoa | fish,259.10,247.00,A serving of fish stir fry with some vegetables.,320.00,230.00,0.333
dish_1562963033,quinoa | fish | roasted potatoes,356.39,316.00,A plate of chicken stir fry with roasted potatoes and some lettuce.,505.00,410.00,0.200
dish_1562963059,fish | quinoa | roasted potatoes,369.53,389.00,Plate of baked chicken with roasted potatoes and cherry tomatoes.,480.00,400.00,0.200
dish_1562958563,chicken salad,130.84,68.00,Chicken salad with olives,220.00,105.00,1.000
dish_1562963109,fish | quinoa | roasted potatoes,381.53,488.00,"A plate with baked fish, potatoes, cherry tomatoes, cucumber slices, and radishes.",555.00,600.00,0.333
dish_1562958809,rice noodles | pork,511.67,389.00,"A plate with pork and rice, coleslaw, and spinach",530.00,450.00,0.250
dish_1562963246,cheese pizza,324.40,122.00,Two slices of pizza on a white plate.,260.00,100.00,1.000
dish_1562963289,caesar salad | cheese pizza,349.92,180.00,A plate with two slices of pizza and a small salad.,550.00,250.00,0.500
dish_1562963325,sugar | pork | cheese pizza,760.16,379.00,"A plate with rice, tofu, salad and pizza.",650.00,420.00,0.200
dish_1562963484,arugula,100.54,80.00,"Arugula salad with cucumber, tomatoes and feta cheese",60.00,160.00,0.250
dish_1562963517,fish | quinoa,552.65,511.00,Couscous and chicken salad with arugula and cucumber.,465.00,375.00,0.000
dish_1562963583,pizza,138.32,52.00,A single slice of pizza on a white plate.,300.00,120.00,1.000
dish_1562959700,pork | white rice | sugar,315.41,153.00,A serving of pork stir-fry with some rice.,250.00,150.00,0.333
dish_1562963612,pizza | caesar salad,184.08,156.00,A plate with a slice of pizza and a Caesar salad.,430.00,250.00,1.000
dish_1562963676,roasted potatoes | caesar salad | pizza | rice noodles,397.82,350.00,"A plate with spaghetti, roasted potatoes, Caesar salad, and a slice of pizza.",750.00,470.00,0.600
dish_1562963704,roasted potatoes | caesar salad | pork | rice noodles | pizza,663.76,479.00,"A plate of food with spaghetti, pizza, roasted potatoes, caesar salad and cooked meat.",1120.00,620.00,0.500
dish_1563205877,chicken apple sausage,56.00,35.00,A plate with several sausage patties.,180.00,60.00,1.000
dish_1563205903,chicken apple sausage | egg whites,101.24,122.00,A plate of scrambled eggs and sausage slices,300.00,190.00,1.000
dish_1563205927,egg whites | yam | sweet potato | chicken apple sausage,160.27,181.00,"A plate of scrambled eggs, sausage, and roasted sweet potato.",450.00,290.00,0.750
dish_1562963084,quinoa | roasted potatoes | fish,375.13,424.00,"A plate of breaded fish with cherry tomatoes, potatoes and sliced radishes.",385.00,395.00,0.400
dish_1563205982,egg whites | yam | chicken apple sausage | sweet potato | pineapple,316.24,469.00,"A breakfast plate with scrambled eggs, berries, pineapple, and sausage slices.",365.00,365.00,0.600
dish_1562963153,fish | quinoa | roasted potatoes,386.48,521.00,"A plate with chicken, vegetables and potatoes.",390.00,440.00,0.125
dish_1563206562,yam | sweet potato,98.21,68.00,A small portion of roasted sweet potatoes with a dollop of yogurt.,155.00,165.00,0.333
dish_1563206582,yam | egg whites | sweet potato,229.25,320.00,A plate of mashed potatoes and roasted sweet potatoes.,300.00,400.00,0.333
dish_1563206601,sweet potato | turkey bacon | egg whites | yam,293.80,337.00,"Plate with mashed potatoes, bacon, and roasted sweet potatoes",480.00,390.00,0.500
dish_1563207277,yam | sweet potato,153.09,106.00,Small serving of roasted sweet potatoes and eggplant.,190.00,175.00,0.333
dish_1563207301,yam | egg whites | sweet potato,187.93,173.00,A plate with roasted sweet potatoes and mashed potatoes.,370.00,350.00,0.333
dish_1562963648,caesar salad | pizza | rice noodles,252.59,247.00,"A plate with spaghetti, a slice of pizza and caesar salad.",800.00,450.00,0.500
dish_1563207364,scrambled eggs | yam | grapes | egg whites | sweet potato,309.27,271.00,"A meal consisting of grapes, diced sweet potatoes, mozzarella cheese, and scrambled eggs, with a side of mango.",536.00,490.00,0.500
dish_1563207389,pineapple | sweet potato | scrambled eggs | egg whites | grapes | yam,337.27,327.00,"A plate of breakfast including scrambled eggs, mashed potatoes, grapes, pineapple chunks, and roasted sweet potatoes.",560.00,540.00,0.800
dish_1563207406,scrambled eggs | pineapple | egg whites | yam | watermelon | sweet potato | grapes,372.07,443.00,"A plate of fruit, cheese, eggs and sweet potato",650.00,625.00,0.714
dish_1563208094,yam | sweet potato,160.31,111.00,Roasted sweet potatoes and potatoes,300.00,300.00,0.500
dish_1563206409,scrambled eggs | cheese,443.46,277.00,A plate of scrambled eggs with shredded cheddar cheese.,414.00,230.00,1.000
dish_1563208412,chicken apple sausage,62.40,39.00,A plate with five meatballs.,130.00,50.00,0.000
dish_1563208439,chicken apple sausage,92.61,96.00,Small plate of mini muffins and raspberries,140.00,120.00,0.000
dish_1563208459,yam | sweet potato | chicken apple sausage,186.49,161.00,"A plate with chicken sausage, roasted sweet potato, and raspberries.",330.00,280.00,0.667
dish_1563216381,broccoli,34.65,99.00,A small serving of broccoli on a white plate.,45.00,150.00,1.000
dish_1563216412,white rice | broccoli,172.45,205.00,A plate of white rice and broccoli.,262.00,235.00,1.000
dish_1563216440,chicken breast | white rice | broccoli,403.79,352.00,"A meal consisting of breaded chicken cutlet, white rice, and steamed broccoli with a small amount of lettuce.",705.00,510.00,0.750
dish_1563216625,chicken breast,171.54,109.00,Breaded chicken cutlet with a small garnish of green vegetable on a white plate.,255.00,105.00,0.500
dish_1563205953,yam | sweet potato | egg whites | pineapple | chicken apple sausage,218.77,298.00,"A plate with mashed potatoes, sausage slices, pineapple chunks, and carrot slices.",450.00,425.00,0.500
dish_1563216689,squash | broccoli | chicken breast,235.21,302.00,"A plate with broccoli, breaded chicken, and roasted zucchini.",350.00,345.00,0.500
dish_1563216717,squash | chicken breast | broccoli,246.01,332.00,"A plate of food containing breaded chicken breast, broccoli, apple pieces, and roasted butternut squash.",440.00,450.00,0.750
dish_1563207332,scrambled eggs | yam | egg whites | sweet potato,288.57,241.00,"A plate with sweet potatoes, scrambled eggs, and cottage cheese.",440.00,400.00,0.500
dish_1563217774,mangos | arugula | broccoli | tomatoes,96.14,265.00,"Salad with lettuce, tomatoes, cucumber, broccoli, and corn.",113.00,330.00,0.286
dish_1563217804,white rice | pork,492.93,459.00,"A plate of mixed salad with lettuce, zucchini, cherry tomatoes, broccoli florets, cooked rice, and cooked chicken.",650.00,600.00,0.200
dish_1563217895,arugula,26.80,73.00,"A small salad with mixed greens, peach slices, apple pieces and salad dressing.",110.00,235.00,0.000
dish_1563217939,white rice | pork,227.24,171.00,Plate of rice and pork stir fry with salad and fruit.,375.00,325.00,0.500
dish_1563208129,yam | sweet potato | scrambled eggs,426.71,291.00,Plate of scrambled eggs with roasted sweet potatoes and potatoes.,500.00,375.00,0.667
dish_1563217993,pork | squash | broccoli,279.71,337.00,"A plate with roasted butternut squash, broccoli, mixed greens salad and pork stir fry.",570.00,650.00,1.000
dish_1563218031,broccoli | pork | chicken breast,419.77,426.00,"Plate with roasted sweet potatoes, steamed broccoli, fried chicken, rice, mixed green salad, zucchini, and peach slices.",610.00,650.00,0.286
dish_1563218201,grilled chicken,352.87,156.00,Diced chicken breast in a metal bowl.,200.00,100.00,1.000
dish_1563218408,pepperoni pizza,245.34,87.00,Two slices of pepperoni pizza,500.00,200.00,1.000
dish_1563218959,white rice | pork,267.94,131.00,Pulled pork with white rice and zucchini,450.00,270.00,0.667
dish_1563218987,pepperoni pizza | pork,383.56,172.00,"A meal with pizza, rice, meat and zucchini.",750.00,280.00,0.250
dish_1563219009,pepperoni pizza | pork,388.36,202.00,"A meal consisting of a slice of pizza, pulled pork with rice, and a side of celery and zucchini.",680.00,375.00,0.667
dish_1563219035,pepperoni pizza | pork,410.21,221.00,"A plate with a slice of pizza, olives, celery, zucchini, and pulled pork with rice.",800.00,350.00,0.500
dish_1563216659,chicken breast | squash,190.06,173.00,A simple meal consisting of breaded chicken breast and sauteed zucchini.,320.00,250.00,0.333
dish_1563220058,pepperoni pizza,146.64,52.00,A single slice of pepperoni pizza on a white plate.,280.00,100.00,1.000
dish_1563220087,broccoli | pepperoni pizza,162.74,98.00,A simple meal of a single slice of pepperoni pizza accompanied by a small serving of broccoli.,310.00,185.00,1.000
dish_1563217736,broccoli,23.45,67.00,A small serving of broccoli on a plate.,34.00,100.00,1.000
dish_1563220143,pepperoni pizza | chicken breast,425.51,327.00,"A plate containing fried chicken, a pizza slice, roasted squash, broccoli, and a stuffed green pepper.",820.00,500.00,0.400
dish_1563220171,brown rice | chicken breast | pepperoni pizza,465.47,363.00,"A plate of food containing breaded chicken, pizza, roasted squash, broccoli and a rice salad.",930.00,555.00,0.600
dish_1563220767,pork | white rice,265.89,130.00,Small portion of fried chicken pieces.,350.00,150.00,0.000
dish_1563220802,white rice | pork | broccoli,308.59,252.00,A plate with broccoli and cooked chicken.,250.00,250.00,0.250
dish_1563220987,pork | white rice,224.99,110.00,Pork stir fry with spinach,360.00,180.00,0.333
dish_1563221025,white rice | pork | chicken breast,245.45,123.00,"Plate with fried pork, breadstick, and spinach.",335.00,145.00,0.200
dish_1563221054,chicken breast | pork,298.88,170.00,Salad with slices of pork,300.00,200.00,0.333
dish_1563217968,white rice | broccoli | pork,252.79,244.00,"A plate with chicken and rice, vegetables and peach slices.",395.00,450.00,0.333
dish_1563221157,broccoli | black beans | pork,418.15,352.00,"A plate with mixed greens salad, broccoli florets, and pork pieces.",360.00,400.00,0.667
dish_1563221495,pepperoni pizza | chicken breast,365.27,164.00,A meal consisting of a slice of pepperoni pizza and a portion of chicken and vegetable casserole.,600.00,270.00,1.000
dish_1563221519,chicken breast | pepperoni pizza,379.97,206.00,"A plate containing a slice of pepperoni pizza, some steamed broccoli, and chicken casserole.",560.00,315.00,0.667
dish_1563219056,pepperoni pizza | pork,416.87,258.00,"A plate with a slice of pizza, pulled pork and rice, cherry tomatoes, olives, celery and zucchini.",835.00,550.00,0.400
dish_1563221602,pepperoni pizza | chicken breast,447.89,306.00,"A plate of mixed foods including a spinach salad, pizza, broccoli, butternut squash, and chicken casserole.",720.00,550.00,0.400
dish_1563221640,pepperoni pizza | chicken breast,469.19,364.00,"A plate with a slice of pizza, chicken with stuffing, roasted squash, mixed green salad and broccoli.",630.00,535.00,0.500
dish_1563222745,pepperoni pizza,135.36,48.00,A single slice of pepperoni pizza on a white plate.,280.00,100.00,1.000
dish_1563222775,pork | pepperoni pizza,190.58,75.00,A plate with a slice of pepperoni pizza and a piece of fried chicken.,430.00,150.00,0.333
dish_1563222800,chicken breast | pork | pepperoni pizza,302.32,146.00,"A plate with chicken breast, pork chop and pizza slice.",650.00,295.00,1.000
dish_1563222830,broccoli | chicken breast | pork | pepperoni pizza,325.07,211.00,"A plate with chicken breast, pizza, broccoli and pork.",712.00,410.00,1.000
dish_1563222850,pork | broccoli | pepperoni pizza | brown rice | chicken breast,348.38,232.00,"A balanced meal with chicken, buckwheat, broccoli, pork and a pizza slice.",705.00,415.00,0.667
dish_1563294408,pineapple,41.50,83.00,A small plate of pineapple chunks,50.00,100.00,1.000
dish_1563294441,pineapple | watermelon,65.20,162.00,"A plate of fruit, consisting of pineapple and watermelon.",90.00,180.00,1.000
dish_1563294465,pineapple | watermelon | grapes,116.95,237.00,"A plate of fruit including pineapple, watermelon and green grapes.",130.00,240.00,1.000
dish_1563294491,pineapple | grapes | watermelon,146.98,328.00,A plate of mixed fresh fruit,158.00,351.00,1.000
dish_1563294522,sweet potato | yam | watermelon | pineapple | grapes,250.97,400.00,A plate of fruit and sweet potatoes.,287.00,461.00,0.600
dish_1563294547,yam | sweet potato | grapes | watermelon | hash browns | pineapple,430.27,455.00,A plate with a mix of fruits and hash browns.,418.00,520.00,0.667
dish_1563294575,hash browns | grapes | sweet potato | egg whites | yam | pineapple,485.91,562.00,"A plate with cottage cheese, pineapple, strawberry, sweet potato, rice, grapes and blueberry.",615.00,690.00,0.375
dish_1563294987,bacon,97.38,18.00,Plate with bacon,150.00,40.00,1.000
dish_1563295016,bacon | pineapple,127.88,79.00,A plate of bacon and pineapple.,332.00,150.00,1.000
dish_1563295044,yam | sweet potato | pineapple | bacon,241.98,158.00,"A plate with bacon, roasted sweet potatoes, and pineapple.",430.00,300.00,0.750
dish_1563295292,bacon,119.02,22.00,A serving of bacon.,135.00,25.00,1.000
dish_1563295334,bacon | scrambled eggs,228.54,96.00,Scrambled eggs and bacon on a white plate.,450.00,225.00,1.000
dish_1563295360,bacon | scrambled eggs | broccoli,275.89,181.00,"Plate of scrambled eggs, bacon and broccoli",450.00,350.00,1.000
dish_1563220109,pepperoni pizza | squash | broccoli,184.74,174.00,"A meal consisting of a slice of pepperoni pizza, cooked kabocha squash, and steamed broccoli.",400.00,335.00,1.000
dish_1563302315,mushroom,13.86,63.00,Small portion of sauteed mushrooms,30.00,100.00,1.000
dish_1563302345,mushroom | chicken,265.86,215.00,"A plate with scrambled eggs, mushrooms, and couscous.",270.00,290.00,0.333
dish_1563302391,roasted potatoes | chicken,401.22,311.00,"A plate with roasted potatoes, chicken breast, and sauteed mushrooms.",470.00,330.00,0.667
dish_1563302420,chicken | roasted potatoes | carrot,435.63,381.00,"A plate with roasted chicken, potatoes, carrots and mushrooms.",540.00,420.00,0.750
dish_1563221086,chicken breast | pork | broccoli,328.28,254.00,"Plate of broccoli, pork tenderloin, and spinach salad.",347.00,400.00,0.500
dish_1563303298,chicken,170.76,103.00,A plate with fried chicken.,250.00,100.00,1.000
dish_1563303350,chicken | carrot,202.22,167.00,A plate with chicken and carrots,300.00,250.00,1.000
dish_1563303386,roasted potatoes | chicken | carrot,274.13,218.00,"Plate with chicken, roasted carrots and potatoes, and pecan.",470.00,330.00,0.750
dish_1563304261,kale,30.21,37.00,A light kale salad with one crouton on a white plate.,75.00,123.00,0.500
dish_1563304301,kale | roasted potatoes,190.95,151.00,A plate with roasted potatoes and kale salad.,350.00,230.00,1.000
dish_1563304333,chicken | roasted potatoes,451.24,308.00,"A plate with roasted potatoes, a chopped kale salad, and baked chicken breast.",650.00,500.00,0.667
dish_1563304369,roasted potatoes | chicken,457.17,326.00,"A plate of roasted potatoes, kale salad and baked chicken breast.",600.00,500.00,0.667
dish_1563304881,chicken,739.41,446.00,A plate of cooked chicken breast topped with herbs.,360.00,210.00,0.500
dish_1563304925,beef | chicken,874.46,508.00,Chicken and beef with vegetable garnish on a white plate.,460.00,320.00,0.667
dish_1563304958,beef | tofu | chicken,951.84,614.00,"A plate with grilled chicken breast, fried tofu, and greens.",610.00,370.00,0.667
dish_1563221562,chicken breast | pepperoni pizza,395.60,260.00,"A plate with a slice of pizza, broccoli, butternut squash, and chicken casserole.",560.00,405.00,0.500
dish_1563305047,tofu | beef | chicken,1032.31,806.00,"A plate with grilled chicken breast, roasted eggplant, roasted carrots, tofu, and beef.",570.00,550.00,0.600
dish_1563295400,broccoli | yam | sweet potato | scrambled eggs | bacon,402.98,269.00,"Breakfast with scrambled eggs, bacon and roasted vegetables",545.00,440.00,0.800
dish_1563302447,chicken | carrot | roasted potatoes,561.42,440.00,"A plate with chicken breast, roasted potatoes, carrots, mixed greens salad, and mushrooms.",460.00,495.00,0.750
dish_1563305005,beef | chicken | tofu,1003.95,720.00,"Plate with chicken breast, carrots, tofu and beef cubes",490.00,380.00,0.750
dish_1563305354,beef | white rice | carrot,340.07,208.00,"A meal consisting of beef stir fry, broccoli, carrots, and red bell pepper.",335.00,330.00,0.400
dish_1563305401,carrot | quinoa | beef,483.22,332.00,"A meal with beef, carrots, spinach salad, and red bell pepper",315.00,400.00,0.400
dish_1563305653,mushroom,25.74,117.00,A bowl of cooked mushrooms.,54.00,180.00,1.000
dish_1563305689,mushroom | cucumbers,30.14,161.00,A small plate with sliced cucumber and cooked mushrooms.,75.00,200.00,1.000
dish_1563305722,mushroom | chicken,434.66,405.00,Chicken breast with cucumber and mushrooms,259.00,325.00,0.667
dish_1563305837,kale,11.43,14.00,"A small side salad on a white plate, consisting of lettuce and a small amount of cheese.",30.00,32.00,0.000
dish_1563305883,spinach (raw) | kale,83.05,77.00,"Small salad with spinach, kale, cherry tomato, garlic, and vinaigrette.",88.00,118.00,0.500
dish_1563305913,mushroom | spinach (raw) | kale,89.65,107.00,"A light meal consisting of mushrooms, kale, spinach and cherry tomatoes.",100.00,250.00,0.750
dish_1563305321,carrot,32.94,67.00,Sliced carrots on a white plate,25.00,60.00,1.000
dish_1563305982,roasted potatoes | chicken,273.63,225.00,"A plate with a chicken leg, roasted potatoes, mushrooms, and a mixed green salad.",400.00,390.00,0.667
dish_1563306039,chicken | roasted potatoes | beef,493.64,326.00,"A meal with roasted potatoes, mushrooms, chicken leg, lettuce salad and tomato.",410.00,380.00,0.333
dish_1563306392,chicken,477.47,288.00,A meal consisting of chicken thigh and a side salad.,280.00,180.00,1.000
dish_1563307488,beef | white rice,538.04,247.00,A plate of beef stir fry with rice and vegetables.,700.00,400.00,0.667
dish_1563305083,chicken | beef | tofu,1234.86,901.00,"A plate with grilled chicken breast, roasted eggplant and carrots, arugula salad, onion and pomegranate seeds.",520.00,455.00,0.125
dish_1563307575,carrot | beef,671.08,419.00,"A plate with carrots, beef stir fry, and a spinach salad.",530.00,550.00,0.667
dish_1563308323,carrot,27.06,66.00,Sliced carrots on a plate,30.00,70.00,1.000
dish_1563308353,carrot | eggplant,51.47,140.00,Small plate with cooked carrots and eggplant.,80.00,150.00,1.000
dish_1563308386,carrot | eggplant | roasted potatoes,155.81,214.00,"A plate with potatoes, carrots and eggplant.",275.00,275.00,1.000
dish_1563308428,carrot | beef | roasted potatoes,406.31,329.00,"A plate with beef stir fry, roasted potatoes, carrots, mushrooms, and asparagus.",490.00,400.00,0.750
dish_1563309189,,37.95,33.00,A small plate of dates.,140.00,40.00,0.000
dish_1563309237,bell peppers,49.55,62.00,Simple snack of olives and sliced bell peppers.,55.00,90.00,1.000
dish_1563309285,bell peppers | lettuce,59.45,128.00,"A salad with lettuce, bell peppers, olives and a cheese cube.",120.00,235.00,0.667
dish_1563309315,chicken,613.18,462.00,A plate of chicken breast served with mixed greens and bell peppers.,565.00,480.00,0.333
dish_1563309353,chicken,625.24,529.00,"A plate with chicken breast, lettuce, cherry tomatoes, and red bell pepper",331.00,400.00,0.250
dish_1563305513,cheese pizza,606.25,228.00,A plate of several slices of pizza.,600.00,250.00,1.000
dish_1563389042,carrot,30.48,62.00,A small plate of cooked carrot slices and broccoli.,40.00,85.00,0.500
dish_1563389079,broccoli | carrot,50.43,119.00,Plate of cooked vegetables,80.00,225.00,0.500
dish_1563389114,carrot | broccoli | arugula,86.53,148.00,"A plate with mixed vegetables, including broccoli, carrots, arugula, and yellow squash.",81.00,250.00,0.750
dish_1563389153,carrot | bulgur | broccoli,346.45,224.00,A bowl of mixed vegetables and grain salad.,339.00,550.00,0.333
dish_1563389199,broccoli | bulgur | tofu | carrot,390.25,284.00,"A healthy and colorful bowl with brown rice, tofu, and various vegetables.",490.00,470.00,0.500
dish_1563389413,broccoli,34.65,99.00,A plate with broccoli and a small slice of zucchini.,34.00,115.00,0.500
dish_1563389446,spinach (raw) | broccoli,117.79,173.00,A simple salad with broccoli and mixed greens.,125.00,300.00,0.500
dish_1563389548,grilled chicken,438.83,194.00,Bowl of diced chicken.,200.00,100.00,1.000
dish_1563307519,beef | white rice | carrot,574.12,335.00,Beef stir-fry with sliced carrots,430.00,350.00,0.667
dish_1563389626,grilled chicken | carrot,498.62,360.00,"A bowl of shredded carrots, onions, and tomatoes.",150.00,320.00,0.250
dish_1563389693,carrot | grilled chicken,500.22,383.00,A bowl of grated carrots topped with parmesan cheese.,270.00,250.00,0.333
dish_1563389719,carrot | grilled chicken | onions,529.82,457.00,"A salad preparation with shredded carrots, red onions and parmesan cheese.",193.00,227.00,0.500
dish_1563305948,chicken,207.36,178.00,"A plate with chicken, mushrooms, and a mixed green salad with tomatoes.",225.00,350.00,0.333
dish_1563389600,grilled chicken,451.43,264.00,Chicken and cherry tomato salad,250.00,200.00,0.500
dish_1563391333,squash,23.44,81.00,"A plate with slices of zucchini, yellow squash, and bell pepper.",18.00,120.00,0.333
dish_1563391375,squash | fish,84.28,139.00,Rice cake and vegetable side dish,150.00,275.00,0.200
dish_1563391413,fish | chicken thighs | squash,227.06,237.00,Chicken stir fry with rice cake and vegetables,345.00,300.00,0.167
dish_1563391647,arugula,27.39,22.00,"Small salad with mixed greens, a tomato slice, and a blueberry.",38.00,125.00,0.000
dish_1563391681,fish | quinoa,154.32,143.00,"A small plate with a portion of chicken and rice, and a mixed greens salad.",280.00,225.00,0.000
dish_1563391708,fish | pizza | quinoa,319.24,205.00,"A plate with a slice of pizza, chicken with sauce, and a small salad.",600.00,325.00,0.250
dish_1563309398,chicken,655.99,604.00,"A plate of chicken with carrots, tomatoes and lettuce.",360.00,380.00,0.200
dish_1563391922,broccoli | squash | zucchini,24.44,104.00,A light meal consisting of broccoli and squash.,45.00,196.00,1.000
dish_1563391989,chicken thighs | fish | quinoa,462.85,464.00,"A plate with fish in sauce, broccoli, zucchini, and rice.",415.00,350.00,0.167
dish_1563392128,quinoa | fish,169.93,162.00,A serving of fish curry served with rice and a leafy green garnish.,355.00,255.00,0.333
dish_1563389742,onions | grilled chicken | carrot | bell peppers,569.42,556.00,Salad ingredients in a bowl.,87.00,270.00,0.600
dish_1563393182,zucchini | broccoli | squash | cucumbers,35.23,193.00,"A container of vegetables including cucumber, broccoli, and carrot.",77.00,280.00,0.400
dish_1563389786,carrot | grilled chicken | bell peppers,640.14,564.00,"A bowl of mixed sliced vegetables, including red bell pepper, green bell pepper, red onion, and cabbage.",75.00,375.00,0.200
dish_1563393244,broccoli | cucumbers | onions | squash | radishes | zucchini,57.55,280.00,"A takeout container of sliced radishes, red onion, zucchini, and broccoli.",55.00,335.00,0.667
dish_1563393341,broccoli | squash | zucchini,27.96,119.00,"A small serving of cooked vegetables, including broccoli, zucchini and bell peppers.",53.00,180.00,0.500
dish_1563393366,squash | broccoli | fish | zucchini,89.85,178.00,Tofu with vegetables,213.00,300.00,0.333
dish_1563393403,broccoli | zucchini | squash | fish,103.15,216.00,A meal consisting of chicken with sauce and mixed vegetables.,280.00,370.00,0.333
dish_1563395341,cheese pizza,143.59,54.00,A slice of pizza on a white plate.,200.00,75.00,1.000
dish_1563395374,cheese pizza | carrot,158.33,84.00,A meal consisting of a slice of pizza and roasted sweet potato.,320.00,180.00,0.333
dish_1563395415,carrot | broccoli | cheese pizza,182.54,187.00,A meal consisting of a slice of pizza and steamed/roasted vegetables.,340.00,355.00,0.750
dish_1563395449,carrot | broccoli | cheese pizza,214.64,222.00,"A meal with spinach salad, pizza, carrots and zucchini with broccoli.",420.00,450.00,0.750
dish_1563395480,chicken thighs | cheese pizza,370.52,329.00,"A plate with chicken, spinach salad, a slice of pizza, roasted carrots, zucchini and broccoli.",660.00,580.00,0.333
dish_1563395510,chicken thighs | cheese pizza | fish,415.63,372.00,"A plate of mixed food items including breaded fish, chicken strips, salad, pizza, roasted carrots, zucchini, and broccoli.",810.00,680.00,0.429
dish_1563464389,bacon,91.97,17.00,Two strips of bacon on a white plate.,270.00,60.00,1.000
dish_1563464429,bacon,140.99,103.00,"Plate of bacon, blueberries, and strawberries.",215.00,150.00,1.000
dish_1563464457,watermelon | bacon,158.99,163.00,"A breakfast plate with bacon, blueberries, and watermelon.",290.00,280.00,1.000
dish_1563464480,bacon | watermelon | roasted potatoes,229.49,213.00,"A plate of breakfast food consisting of fried potatoes, bacon, watermelon, and blueberries.",420.00,315.00,1.000
dish_1563391959,quinoa | fish,245.77,315.00,"A plate with breaded fish, broccoli and zucchini",430.00,400.00,0.250
dish_1563464627,cream cheese | bagels,310.50,115.00,Two bagel halves with cream cheese on a white plate.,350.00,120.00,1.000
dish_1563464651,cream cheese | bagels,312.00,130.00,A bagel with cream cheese and cucumber slices,315.00,150.00,0.333
dish_1563464670,cream cheese | bagels | mozzarella cheese,384.18,156.00,A bagel with cream cheese served with a cheese stick and sliced cucumbers.,470.00,231.00,0.750
dish_1563465805,roasted potatoes,32.43,23.00,A small serving of roasted potatoes on a white plate.,150.00,75.00,1.000
dish_1563465847,roasted potatoes | scrambled eggs,267.75,182.00,A plate of scrambled eggs and fried potatoes.,450.00,300.00,1.000
dish_1563466280,bacon,357.06,66.00,A serving of General Tso's chicken on a plate.,450.00,200.00,0.000
dish_1563468199,pineapple,53.50,107.00,"A small plate with pineapple chunks, a small piece of watermelon, and a dollop of whipped cream.",88.00,110.00,0.333
dish_1563468240,pineapple | watermelon,93.10,239.00,A plate of diced watermelon and pineapple.,80.00,200.00,1.000
dish_1563468269,watermelon | pineapple,129.01,302.00,"A plate of fruit including watermelon, pineapple, raspberries, and blackberries.",125.00,310.00,1.000
dish_1563468299,cottage cheese | pineapple | watermelon,210.35,385.00,Plate of mixed fruit with cottage cheese,219.00,370.00,1.000
dish_1563468327,yam | sweet potato | cottage cheese | pineapple | watermelon,351.89,483.00,Plate of mixed fruits and cottage cheese,380.00,580.00,0.800
dish_1563393148,broccoli | squash | zucchini,27.73,118.00,A small serving of raw vegetables including broccoli and bell peppers.,64.00,215.00,0.200
dish_1563475788,pineapple,39.00,78.00,Plate with pineapple chunks,50.00,100.00,1.000
dish_1563475826,honeydew melons | pineapple,74.28,176.00,"A plate of fresh fruit, with pineapple and melon.",84.00,200.00,1.000
dish_1563393217,zucchini | broccoli | squash | onions | cucumbers,49.23,228.00,"A small takeout container filled with chopped vegetables, including red onion, cucumber, broccoli, and orange bell pepper.",85.00,310.00,0.500
dish_1563475921,pineapple | cauliflower | honeydew melons | brown rice | salmon,244.34,348.00,"A plate of rice, spinach, cauliflower, honeydew melon, and pineapple.",312.00,530.00,0.667
dish_1563475953,pasta | salmon | pineapple | beef | honeydew melons,427.45,453.00,"A plate of pasta, rice, vegetables and fruits.",550.00,530.00,0.250
dish_1563476267,brownies,237.71,51.00,Piece of tofu on a plate,80.00,80.00,0.000
dish_1563476323,salmon | brown rice | brownies,686.97,339.00,"A meal containing pasta, salmon with rice, and a brownie.",1000.00,550.00,0.200
dish_1563476408,salmon | pasta | brownies | beef,990.40,513.00,"A plate with pasta, tofu, rice with salmon and vegetables.",700.00,550.00,0.333
dish_1563464543,bacon | roasted potatoes | scrambled eggs,386.37,319.00,"A breakfast plate with scrambled eggs, sausage, roasted potatoes, watermelon and blueberries.",630.00,520.00,0.400
dish_1563476551,salmon | brownies | cheese pizza | beef | pasta,1116.39,750.00,"A plate with penne pasta, cooked spinach, pizza, tofu, salmon with rice and mixed vegetables.",1280.00,730.00,0.375
dish_1563476577,beef | pasta | cheese pizza | salmon | brownies,1238.03,857.00,"A plate with a variety of foods including pizza, tofu, rice, salmon, salad, and pasta.",980.00,630.00,0.429
dish_1563476646,pasta | beef,380.16,218.00,Pasta with meat stew,550.00,250.00,0.333
dish_1563477659,brussels sprouts,26.55,52.00,Small portion of cooked Brussels sprouts.,100.00,150.00,1.000
dish_1563477701,brussels sprouts | brown rice | salmon,179.42,150.00,"A plate with fish and rice, brussel sprouts and a spinach leaf",285.00,260.00,0.500
dish_1563477736,salmon | brown rice | brussels sprouts,277.05,234.00,"A plate with baked salmon, arugula salad, and roasted brussels sprouts.",380.00,330.00,0.500
dish_1563478751,pasta | beef,950.40,545.00,Penne pasta with sausage and spinach in sauce,670.00,350.00,0.250
dish_1563479526,apple | arugula | lemon juice | goat cheese | figs,67.84,51.00,"Salad with Swiss chard, kale, and butternut squash.",50.00,130.00,0.000
dish_1563479568,brussels sprouts,83.67,82.00,spinach and brussels sprouts with squash,95.00,230.00,0.333
dish_1563479596,broccoli | cauliflower | brussels sprouts,104.37,151.00,"Plate of mixed vegetables including spinach, broccoli, cauliflower, brussels sprouts and butternut squash.",157.00,500.00,0.600
dish_1563468362,cottage cheese | pineapple | watermelon | sweet potato | yam | egg whites,411.69,598.00,"A plate with blackberries, raspberries, watermelon, cottage cheese, pineapple, and sweet potato.",370.00,595.00,0.667
dish_1563479655,beef | salmon | pasta,321.23,282.00,"Plate of pasta, vegetables and salmon.",550.00,505.00,0.333
dish_1563480476,salmon | brown rice,517.90,332.00,Plate of salmon with green sauce,450.00,200.00,0.500
dish_1563475874,pineapple | honeydew melons | cauliflower,93.03,251.00,"Plate with cauliflower, melon and pineapple chunks",120.00,325.00,1.000
dish_1563480534,brown rice | beef | pasta | salmon,797.57,576.00,"A plate with salmon topped with rice, penne pasta with meat sauce and spinach, and broccoli and cauliflower.",700.00,370.00,0.400
dish_1563480608,beef | brown rice | pasta | salmon,886.95,650.00,"Plate with salmon, rice, spinach, broccoli and cauliflower",655.00,400.00,0.286
dish_1563481030,figs | spinach (raw),155.81,129.00,"A salad with spinach, broccoli, sweet potato, and banana.",131.00,220.00,0.200
dish_1563479625,brussels sprouts | salmon | broccoli,202.65,214.00,Healthy plate with fish and vegetables,470.00,460.00,0.500
dish_1563550584,egg whites,75.40,145.00,Plate of mozzarella cheese,200.00,80.00,0.000
dish_1563550614,sweet potato | egg whites,132.82,205.00,A plate with cottage cheese and fried eggplant.,334.00,230.00,0.000
dish_1563550950,scrambled eggs,183.17,93.00,Plate of scrambled eggs with bacon and cheddar cheese.,285.00,135.00,0.333
dish_1563550976,scrambled eggs | roasted potatoes,284.69,165.00,"Breakfast plate with scrambled eggs, fried potatoes, bacon, and shredded cheddar cheese.",520.00,305.00,0.500
dish_1563551006,scrambled eggs | roasted potatoes | country rice,357.67,213.00,"A breakfast plate with fried rice, bacon, scrambled eggs with cheddar cheese, and diced potatoes.",820.00,445.00,0.600
dish_1563476463,brownies | beef | salmon | pasta | cheese pizza,1067.51,542.00,"A variety of foods including salmon rice, tofu, pizza, pasta, steak, squash, spinach and pasta with sauce and spinach.",1300.00,910.00,0.333
dish_1563551134,bagels | cream cheese | egg whites,246.92,173.00,Scrambled eggs and a bagel with cream cheese on a white plate.,460.00,230.00,0.667
dish_1563551164,bagels | sweet potato | egg whites | cream cheese,339.76,270.00,"Bagel with cream cheese, roasted eggplant and scrambled eggs on a plate.",475.00,255.00,0.400
dish_1563551194,sweet potato | egg whites | bagels | greek yogurt | chia seeds | milk | cream cheese,471.64,400.00,"Breakfast plate with oatmeal, banana, scrambled egg whites, roasted eggplant, and toast with cream cheese.",545.00,430.00,0.200
dish_1563480505,salmon | brown rice | pasta | beef,767.27,475.00,"A plate with salmon with pesto, beef and pasta stir-fry, and basil.",755.00,355.00,0.400
dish_1563551360,scrambled eggs,322.64,218.00,A plate of scrambled eggs.,200.00,150.00,1.000
dish_1563551397,brussels sprouts | scrambled eggs,365.53,302.00,Scrambled eggs with brussels sprouts.,320.00,250.00,1.000
dish_1563552016,syrup | waffles,493.59,174.00,A waffle with syrup on a white plate.,300.00,95.00,1.000
dish_1563481061,pasta | beef | figs,541.20,350.00,A plate of pasta with beef stroganoff and a side salad.,520.00,450.00,0.200
dish_1563553756,granola | bacon,309.15,124.00,"A salad with bacon, mixed greens, blackberries, and raspberries.",345.00,275.00,0.500
dish_1563553780,granola | bacon | almonds,557.73,167.00,"Salad with bacon, almonds, blackberries and raspberry",380.00,150.00,0.667
dish_1563551220,cream cheese | greek yogurt | milk | chia seeds | bagels | egg whites | sweet potato,561.70,558.00,"Breakfast with oatmeal, egg whites, potatoes and fruits",475.00,475.00,0.200
dish_1563555072,scrambled eggs,165.76,112.00,A plate of scrambled eggs.,200.00,150.00,1.000
dish_1563551105,cream cheese | bagels,194.40,72.00,Bagel with cream cheese,300.00,100.00,1.000
dish_1563555510,scrambled eggs,193.88,131.00,A plate of scrambled eggs,206.00,150.00,1.000
dish_1563555160,scrambled eggs | sweet potato | cantaloupe | brussels sprouts,268.83,287.00,"A plate of scrambled eggs, carrots, Brussels sprouts and roasted potatoes",455.00,360.00,0.600
dish_1563555543,scrambled eggs | pineapple,268.38,280.00,A plate with scrambled eggs and pineapple chunks.,350.00,350.00,1.000
dish_1563555605,scrambled eggs | pineapple | roasted potatoes | bacon,537.81,403.00,"A breakfast plate with scrambled eggs, bacon, potatoes, and pineapple.",580.00,440.00,1.000
dish_1563555563,scrambled eggs | pineapple | bacon,398.22,304.00,"A plate of scrambled eggs, bacon, and pineapple chunks.",390.00,310.00,1.000
dish_1563563240,,48.30,42.00,A small serving of olives in a bowl.,50.00,50.00,
dish_1563563264,grilled chicken,322.00,163.00,A small bowl of chopped chicken and kidney beans.,255.00,125.00,0.500
dish_1563563289,grilled chicken,331.90,218.00,"A light meal consisting of diced chicken, cherry tomatoes, and black beans in a metal bowl.",220.00,190.00,0.333
dish_1563563348,grilled chicken,362.64,294.00,"Chicken salad with shredded carrots, green bell pepper and cherry tomato",168.00,235.00,0.250
dish_1563563378,grilled chicken | onions,385.44,351.00,"A salad with chicken, red onion, green bell pepper, carrots, and a cherry tomato.",293.00,440.00,0.400
dish_1563563467,bok choy,40.75,119.00,A plate of cooked Bok Choy,30.00,150.00,1.000
dish_1563555100,cantaloupe | scrambled eggs,190.92,186.00,A plate with scrambled eggs and cantaloupe.,250.00,300.00,1.000
dish_1563563527,fish | pizza,322.91,302.00,"A plate with a slice of pizza, bok choy, and a mixed green salad.",380.00,300.00,0.333
dish_1563564676,kale,50.62,62.00,A small kale salad with some shavings of cheese on a white plate.,150.00,100.00,1.000
dish_1563564707,kale | corn on the cob,143.99,150.00,Plate with corn on the cob and kale salad,380.00,300.00,1.000
dish_1563564760,ground turkey | kale | corn on the cob,341.85,243.00,"A plate with chicken salad, corn on the cob slices and kale salad.",550.00,370.00,0.500
dish_1563564797,ground turkey | kale | corn on the cob | fish,411.26,310.00,"A plate with fish and lentils, chicken salad, kale salad, and corn on the cob.",680.00,540.00,0.600
dish_1563563492,pizza | bok choy,192.37,176.00,Pizza slice with bok choy,280.00,250.00,1.000
dish_1563565289,corn on the cob,93.37,88.00,Two pieces of corn on the cob in a container.,140.00,150.00,1.000
dish_1563565323,corn on the cob | ground turkey,229.53,152.00,Meatloaf and corn,320.00,250.00,0.333
dish_1563563317,grilled chicken,345.84,252.00,"Bowl of shredded carrots, cooked chicken breast and a cherry tomato.",144.00,179.00,0.333
dish_1563565415,corn on the cob | fish | ground turkey,303.48,284.00,"A balanced meal consisting of fish, corn, green vegetables, and mashed potatoes.",390.00,430.00,0.400
dish_1563565454,fish | ground turkey | corn on the cob,350.79,322.00,"A meal consisting of spinach salad with blueberries, mashed potatoes, and two pieces of corn on the cob.",305.00,330.00,0.200
dish_1563565508,ground turkey | kale | fish | corn on the cob,403.86,387.00,"Take out container with bok choy, corn, kale, and chicken",410.00,480.00,0.333
dish_1563565683,fish,65.74,63.00,A single fish taco in a disposable container.,250.00,100.00,1.000
dish_1563565720,mushroom | fish,84.66,149.00,A chicken wrap with sauteed mushrooms on a disposable plate.,470.00,300.00,0.333
dish_1563565761,mushroom | fish,88.66,159.00,"A meal containing cooked fish, mushrooms, and sliced red onions.",295.00,295.00,0.667
dish_1563565805,mushroom | fish | bok choy,157.49,360.00,"A takeout meal with bok choy, fish, mushrooms, and onion.",215.00,285.00,0.750
dish_1563553735,granola,114.39,88.00,A small salad with raspberries and blackberries.,50.00,166.00,0.000
dish_1563566674,,100.89,88.00,A plate with buckwheat and dates,250.00,82.00,0.000
dish_1563566725,wild rice,241.31,206.00,"A plate of kidney beans, rice, and sauteed vegetables.",570.00,330.00,0.333
dish_1563566810,figs | wild rice,392.29,331.00,"A plate of cooked buckwheat, spinach salad with carrots and bell peppers, carrot slices, black olives, and squash.",530.00,540.00,0.000
dish_1563566909,wild rice,222.53,187.00,"Tofu with brown rice, carrots, green beans and yellow squash",430.00,450.00,0.200
dish_1563566939,wild rice,286.03,238.00,Tofu and brown rice bowl with vegetables and berries,355.00,410.00,0.167
dish_1563566965,wild rice | chickpeas,370.83,286.00,"A plate of mixed salad with tofu, rice and carrots",510.00,460.00,0.333
dish_1563567319,fish,398.63,382.00,Herring served with wheat berries and greens,527.00,270.00,0.000
dish_1563567372,fish | pizza,951.91,590.00,Plate with two slices of pizza and some herring,640.00,300.00,0.250
dish_1563567599,arugula,194.23,156.00,"Arugula salad with blueberries, raspberry, and nuts.",85.00,130.00,0.500
dish_1563567626,corn on the cob | arugula,291.84,248.00,"Salad with arugula, berries, nuts and corn on the cob.",245.00,295.00,0.667
dish_1563567663,fish | arugula | corn on the cob,514.11,461.00,"A salad with arugula, berries, corn, and fish.",515.00,400.00,1.000
dish_1563565354,fish | corn on the cob | ground turkey,272.32,193.00,"A takeout container with a light lunch consisting of tuna salad, corn on the cob slices, meatloaf, and lettuce.",545.00,390.00,0.167
dish_1563567978,fish,118.96,114.00,A serving of Mackerel with vegetables and nuts on a white plate.,350.00,150.00,0.000
dish_1563568003,fish,126.15,135.00,Fish with bok choy and garnish,300.00,240.00,0.333
dish_1563568025,fish | corn on the cob,244.99,247.00,"A plate containing corn on the cob, cooked fish, chayote squash, and other greens.",511.00,455.00,0.500
dish_1563566626,,62.10,54.00,Small serving of olives with a lettuce leaf.,76.00,26.00,0.000
dish_1563568148,bok choy | fish,171.00,225.00,A plate with cooked chicken breast and bok choy,230.00,220.00,0.333
dish_1563568263,cheese pizza,119.65,45.00,A single slice of pizza on a white plate.,210.00,80.00,1.000
dish_1563568292,corn on the cob | cheese pizza,276.68,193.00,A plate with a slice of pizza and four corn on the cob slices.,440.00,220.00,1.000
dish_1563568319,ground turkey | corn on the cob | cheese pizza,604.32,347.00,"A meal consisting of a slice of pizza, several corn slices, and vegetables in a creamy sauce.",780.00,450.00,0.500
dish_1563568338,corn on the cob | ground turkey | cheese pizza,631.71,371.00,"A plate with a slice of pizza, a portion of buckwheat, cooked corn slices, and savory pancakes with cheese and spinach.",852.00,530.00,0.400
dish_1563568357,cheese pizza | ground turkey | chickpeas | corn on the cob,767.74,448.00,"A plate of mixed foods including salad, grains, corn, toast with white bean spread, and pizza.",930.00,620.00,0.500
dish_1563811412,egg whites,112.84,217.00,A meal consisting of paneer cheese and sauce.,600.00,270.00,0.000
dish_1563811439,cantaloupe | egg whites,137.32,289.00,"A meal consisting of soup, cottage cheese, and cantaloupe.",470.00,500.00,0.250
dish_1563811463,egg whites | sweet potato | cantaloupe,220.59,376.00,"A meal consisting of chicken with sauce, roasted potatoes, cantaloupe, and mashed potatoes served on two plates.",630.00,550.00,0.500
dish_1563811490,sausage | cantaloupe | sweet potato | egg whites,268.83,390.00,"A plate of stew, roasted potatoes, cantaloupe, mozzarella, and sausage.",760.00,640.00,0.500
dish_1563811515,egg whites | sausage | sweet potato | cantaloupe | salsa,298.12,491.00,"A plate of roasted potatoes and sausage, cantaloupe, mashed potatoes with gravy.",690.00,660.00,0.500
dish_1563811611,scrambled eggs,195.36,132.00,A plate of scrambled eggs.,275.00,200.00,1.000
dish_1563811639,scrambled eggs,217.14,198.00,A plate with scrambled eggs and sliced strawberries.,280.00,250.00,1.000
dish_1563564828,fish | corn on the cob | ground turkey | kale,452.21,355.00,"A plate with baked fish with lentils, quinoa, creamy chicken, corn on the cob halves, and a kale salad.",800.00,580.00,0.500
dish_1563811686,scrambled eggs | sweet potato | brussels sprouts,319.43,331.00,"Breakfast with scrambled eggs, potatoes, brussel sprouts and strawberries.",470.00,380.00,1.000
dish_1563812508,egg whites,112.84,217.00,A serving of feta cheese.,250.00,100.00,0.000
dish_1563812535,turkey bacon | egg whites,298.89,266.00,A plate of scrambled eggs and bacon.,450.00,225.00,1.000
dish_1563812570,egg whites | turkey bacon,369.08,320.00,"A plate with scrambled eggs, bacon, and a side salad.",400.00,275.00,1.000
dish_1563812615,turkey bacon | brussels sprouts | egg whites,402.78,386.00,"A meal consisting of scrambled eggs, brussels sprouts, lettuce salad and sausage.",600.00,400.00,0.400
dish_1563567722,fish | corn on the cob,645.32,576.00,"A plate with salmon, buckwheat, corn, arugula, raspberries, blueberries, and nuts",545.00,460.00,0.167
dish_1563813308,brussels sprouts | bacon,224.98,76.00,A plate of bacon and brussels sprouts,305.00,160.00,1.000
dish_1563568118,fish,139.83,134.00,Three pieces of baked cod on a white plate.,200.00,150.00,0.000
dish_1563813436,pineapple | sausage | sweet potato | bacon,418.76,242.00,"A plate of bacon, sausage, brussels sprouts, pineapple, and potatoes.",583.00,350.00,0.800
dish_1563813501,sausage | pineapple | bacon | scrambled eggs | sweet potato,694.12,414.00,"A breakfast plate with scrambled eggs, bacon, sausage, pineapple, brussels sprouts, and potatoes.",1000.00,625.00,0.833
dish_1563813806,egg whites,81.12,156.00,A plate of scrambled eggs.,160.00,130.00,1.000
dish_1563813833,sausage | egg whites,256.87,207.00,A plate with scrambled eggs and sausage.,350.00,200.00,1.000
dish_1563820775,zucchini | broccoli | squash,38.07,162.00,Plate of sliced zucchini,30.00,200.00,0.333
dish_1563820806,chicken | squash | broccoli,207.81,273.00,"A plate of stir fry with chicken, broccoli, and zucchini.",290.00,400.00,0.250
dish_1563820834,chicken | broccoli | pizza,308.89,311.00,"A plate with zucchini, fish with tomato sauce, broccoli, and chicken pieces.",330.00,450.00,0.400
dish_1563822546,caesar salad,38.72,88.00,Caesar Salad,210.00,105.00,0.250
dish_1563822597,broccoli | caesar salad | squash | zucchini,59.40,176.00,Caesar salad with zucchini and yellow squash,280.00,270.00,0.429
dish_1563813221,brussels sprouts,19.40,38.00,Small portion of brussels sprouts,50.00,100.00,1.000
dish_1563822663,caesar salad,303.10,317.00,"A plate with caesar salad, couscous, beef strips and vegetables.",800.00,660.00,0.250
dish_1563823292,lime | cauliflower | garlic,450.55,208.00,"A plate of steak, potatoes, cauliflower, and spinach.",405.00,370.00,0.200
dish_1563823359,chicken,641.70,333.00,"A plate with chicken, rice, potatoes, seitan, cauliflower and spinach.",710.00,500.00,0.167
dish_1563823390,chicken,670.17,372.00,"A plate of brown rice, cooked chicken, various roasted vegetables including potatoes, zucchini, broccoli, tempeh strips, tomato, arugula, and cauliflower.",589.00,640.00,0.111
dish_1563823423,chicken,700.53,441.00,"A plate with a mix of salad, brown rice, chicken, roasted potatoes, tempeh, and roasted cauliflower and broccoli.",945.00,770.00,0.143
dish_1563823814,turnips,25.59,85.00,A small portion of roasted potatoes on a white plate.,120.00,80.00,0.000
dish_1563823894,tatsoi,368.34,400.00,"A meal consisting of sliced steak, roasted potatoes, and zucchini and vegetable sauté.",500.00,370.00,0.000
dish_1563824065,zucchini | broccoli | squash,15.51,66.00,Small serving of sliced zucchini and yellow squash.,27.00,110.00,0.667
dish_1563811662,scrambled eggs | brussels sprouts,245.73,254.00,"Plate of scrambled eggs, strawberries, and Brussels sprouts",300.00,350.00,1.000
dish_1563824130,broccoli | turnips,111.32,202.00,"A light meal with roasted turnips, couscous, and sliced zucchini.",310.00,400.00,0.333
dish_1563824155,garlic | turnips | broccoli | zucchini | squash | lime | cauliflower,455.73,361.00,"A plate with steak, couscous, potatoes, squash and spinach",590.00,480.00,0.111
dish_1563824250,onions,17.20,43.00,Sliced red onion in a bowl.,30.00,100.00,1.000
dish_1563824279,onions,58.60,79.00,Bowl of sliced red onion and dates.,85.00,80.00,0.500
dish_1563824304,bell peppers | onions,75.80,122.00,Bowl of sliced peppers and onions,45.00,150.00,1.000
dish_1563813395,bacon | pineapple | sausage,371.86,193.00,"Plate with bacon, sausage, brussels sprouts, and pineapple.",546.00,330.00,0.750
dish_1563824377,grilled chicken,454.05,338.00,"Salad with tofu, cherry tomatoes, red onion, and green bell pepper.",255.00,240.00,0.000
dish_1563824092,broccoli | zucchini | squash | turnips,36.28,135.00,Plate of roasted potatoes and sauteed squash.,195.00,250.00,0.200
dish_1563826223,lime | cauliflower | garlic,301.09,139.00,A plate of sliced pork,200.00,100.00,0.000
dish_1563822636,caesar salad,237.02,258.00,"Salad with grilled beef, yellow squash and zucchini.",375.00,405.00,0.250
dish_1563826306,brownies | pepperoni pizza,882.84,312.00,"A plate with sliced steak, pizza slices, and a brownie.",970.00,380.00,0.333
dish_1563827060,cheese pizza,146.24,55.00,A single slice of pizza on a white plate.,250.00,100.00,1.000
dish_1563827086,cheese pizza | caesar salad,199.04,175.00,A plate with a slice of pizza and Caesar salad.,530.00,300.00,1.000
dish_1563827110,pineapple | caesar salad | cheese pizza,220.04,217.00,"A plate with a pizza slice, a caesar salad and mango pieces.",540.00,400.00,0.500
dish_1563827132,cheese pizza | caesar salad | pineapple,240.02,302.00,"A plate with zucchini and squash, a slice of pizza, and a Caesar salad.",400.00,375.00,0.500
dish_1563827162,cheese pizza | caesar salad | pineapple | chicken,319.54,354.00,"A plate with a variety of foods, including squash, zucchini, pizza, salad, and stir fry.",590.00,475.00,0.500
dish_1563827188,cheese pizza | caesar salad | pineapple | chicken,369.36,377.00,"A meal consisting of pizza, caesar salad, sauteed squash, and grilled pork.",690.00,480.00,0.333
dish_1563827425,caesar salad,60.72,138.00,A plate of Caesar Salad.,250.00,200.00,1.000
dish_1563827454,zucchini | caesar salad | squash | broccoli,86.57,248.00,"A plate with lettuce salad, yellow squash and zucchini.",145.00,400.00,0.400
dish_1563827482,caesar salad,894.52,621.00,Plate of steak with mixed salad and vegetables.,390.00,400.00,0.000
dish_1563824339,onions | cherry tomatoes | bell peppers,85.34,175.00,"A bowl of salad ingredients consisting of cherry tomatoes, red onion, green bell pepper, red bell pepper, and black olives.",70.00,300.00,1.000
dish_1563824406,grilled chicken,474.14,387.00,"Chicken salad with carrots, tomatoes, onions, and green pepper in a bowl",280.00,285.00,0.200
dish_1563897338,cantaloupe,29.92,88.00,A plate of cantaloupe chunks.,68.00,170.00,1.000
dish_1563897369,cantaloupe | sweet potato,117.01,179.00,A plate with cantaloupe and roasted potatoes,228.00,250.00,1.000
dish_1563897395,cantaloupe | sweet potato | broccoli,135.91,233.00,"A plate with cantaloupe, roasted potatoes and broccoli",255.00,375.00,1.000
dish_1563826272,pepperoni pizza,645.13,261.00,A plate with sliced pork tenderloin and slices of pepperoni pizza.,700.00,320.00,0.500
dish_1563897492,cantaloupe | broccoli | salsa | egg whites | sweet potato,339.67,662.00,"A plate with mashed potatoes, tomato sauce, melon, roasted eggplant, broccoli and mozzarella",480.00,660.00,0.222
dish_1563897794,,57.57,101.00,A small plate of strawberries and blueberries.,40.00,115.00,
dish_1563897047,egg whites,66.04,127.00,A serving of potato salad in a white bowl.,250.00,200.00,0.000
dish_1563897870,oatmeal,169.32,249.00,A bowl of oatmeal with some nuts.,250.00,250.00,1.000
dish_1563897938,bacon,54.10,10.00,One piece of bacon on a white plate.,43.00,6.00,1.000
dish_1563897087,broccoli | egg whites,102.44,231.00,a bowl of broccoli and rice,192.00,250.00,0.333
dish_1563898019,bacon | chia seeds | greek yogurt | scrambled eggs | milk,343.98,237.00,"A plate with scrambled eggs, a strip of bacon, and chia seed pudding.",480.00,270.00,0.600
dish_1563898084,bacon | milk | greek yogurt | scrambled eggs | pineapple | chia seeds,419.49,384.00,"Breakfast plate with scrambled eggs, bacon, pineapple, blueberries, and chia seed pudding.",545.00,470.00,0.667
dish_1563898107,greek yogurt | bacon | pineapple | milk | chia seeds | scrambled eggs,440.69,424.00,"Breakfast plate with scrambled eggs, bacon, pineapple, berries, and chia seed pudding",497.00,480.00,0.667
dish_1563898688,broccoli,32.55,93.00,A plate of steamed broccoli florets.,55.00,170.00,1.000
dish_1563898722,broccoli | scrambled eggs,343.35,303.00,A plate of scrambled eggs and broccoli.,250.00,250.00,1.000
dish_1563898786,broccoli | scrambled eggs,420.93,344.00,"A plate with scrambled eggs, broccoli, and spinach salad.",350.00,400.00,0.667
dish_1563898813,broccoli | scrambled eggs | bacon,626.51,382.00,"A plate of scrambled eggs with broccoli, bacon, and spinach salad.",470.00,450.00,0.750
dish_1563898880,scrambled eggs | bacon | broccoli,643.62,441.00,"A plate with scrambled eggs, broccoli, bacon, spinach and salsa.",450.00,360.00,0.600
dish_1563900120,sweet potato,46.90,49.00,Small serving of roasted potatoes on a white plate.,140.00,80.00,1.000
dish_1563900150,sweet potato | scrambled eggs,202.30,154.00,A breakfast plate with scrambled eggs and roasted potatoes.,370.00,240.00,1.000
dish_1563897837,watermelon,118.47,304.00,"A plate of watermelon, strawberries and blueberries.",67.00,210.00,1.000
dish_1563897439,cantaloupe | broccoli | egg whites | sweet potato,315.31,578.00,"A plate with cantaloupe, roasted potatoes, broccoli, and cottage cheese.",435.00,650.00,0.600
dish_1563908923,caesar salad,49.28,112.00,A plate of Caesar salad.,300.00,250.00,1.000
dish_1563908957,caesar salad | green beans,73.87,159.00,A plate with Caesar Salad and Green Beans.,410.00,350.00,1.000
dish_1563908996,caesar salad | chicken | millet | green beans,269.92,293.00,"A plate with breaded chicken, caesar salad, and green beans",650.00,450.00,0.750
dish_1563909469,spinach (raw),72.40,64.00,Spinach and onion salad,18.00,101.00,0.500
dish_1563909507,spinach (raw) | green beans,117.93,151.00,"A plate with green beans, spinach and onions",80.00,228.00,0.667
dish_1563909550,green beans | fried rice,310.32,273.00,"A plate with green beans, spinach salad, and turmeric rice.",390.00,450.00,0.667
dish_1563909580,fried rice | cheese pizza,544.31,361.00,"A plate with a slice of pizza, green beans, turmeric rice and a spinach salad.",600.00,520.00,0.500
dish_1563897981,scrambled eggs | bacon,243.54,138.00,A breakfast plate with scrambled eggs and a piece of bacon.,280.00,170.00,1.000
dish_1563909982,chicken | spinach (raw) | millet,370.79,318.00,"A plate with chicken, green beans and spinach.",400.00,375.00,0.400
dish_1563910106,spinach (raw),101.46,84.00,Small serving of swiss chard on a white plate.,20.00,100.00,0.000
dish_1563910137,green beans,131.28,141.00,A side dish of swiss chard and green beans.,75.00,220.00,0.500
dish_1563910171,salmon | brown rice,571.18,423.00,"A plate with green beans, chard, and rice and chicken casserole.",450.00,400.00,0.250
dish_1563910276,salmon | brown rice,375.94,241.00,A plate of cooked chicken breast.,270.00,150.00,0.000
dish_1563910530,salmon | brown rice,333.83,214.00,A serving of chicken with sauce on a white plate.,250.00,200.00,0.000
dish_1563910639,brown rice | salmon,697.29,447.00,A serving of fish with rice and spinach.,370.00,300.00,0.250
dish_1563910676,brown rice | salmon,757.96,501.00,A plate with rice and chicken casserole and spinach,480.00,400.00,0.333
dish_1563910708,salmon | brown rice,786.21,555.00,"A plate with rice and chicken casserole, green beans, and spinach.",490.00,500.00,0.250
dish_1563911156,millet | chicken,140.45,96.00,Single piece of fried chicken on a plate,250.00,100.00,0.500
dish_1563911185,green beans | millet | chicken,159.81,133.00,A small piece of chicken and a serving of green beans,230.00,200.00,0.667
dish_1563911215,millet | chicken | green beans | fried rice,218.16,170.00,Plate of chicken with yellow rice and green beans,380.00,260.00,0.750
dish_1563900172,scrambled eggs | cantaloupe | sweet potato,236.64,255.00,"A plate of scrambled eggs, roasted potatoes, and cantaloupe.",450.00,430.00,1.000
dish_1563909951,spinach (raw) | green beans,180.60,188.00,"A plate with spinach, green beans and an egg",146.00,259.00,0.667
dish_1563913627,cheese pizza,230.33,109.00,Two slices of pizza with a small salad.,300.00,150.00,1.000
dish_1563913675,cheese pizza | caesar salad,282.69,228.00,"A meal consisting of pizza, caesar salad, and mixed greens salad.",700.00,400.00,1.000
dish_1563913709,fried rice | caesar salad | cheese pizza,337.89,263.00,"A plate with yellow rice, Caesar salad, mixed green salad and cheese pizza.",700.00,420.00,1.000
dish_1563913741,cheese pizza | fried rice | caesar salad,353.06,292.00,"A plate of rice, green beans, salad, mixed greens, and pizza slices.",635.00,650.00,0.500
dish_1563900205,sweet potato | broccoli | scrambled eggs | cantaloupe,262.26,301.00,"A plate with scrambled eggs, cantaloupe, fried tofu and broccoli.",410.00,460.00,0.600
dish_1563984167,egg whites | cantaloupe,291.68,608.00,A plate of mozzarella cheese and cantaloupe.,620.00,370.00,0.333
dish_1563911255,fried rice | quinoa | millet | chicken,293.19,235.00,"A plate with chicken, yellow rice, green beans, spinach and bok choy",485.00,525.00,0.286
dish_1563984242,sweet potato | egg whites | pineapple | cantaloupe,402.12,753.00,"A plate with mozzarella cheese, pineapple, cantaloupe and fried eggplant.",566.00,375.00,0.333
dish_1563984296,egg whites | salsa | cantaloupe | sweet potato | pineapple,436.34,871.00,"A plate of mixed foods including cauliflower with tomato sauce, pineapple, cantaloupe and roasted eggplant.",355.00,650.00,0.286
dish_1563913588,cheese pizza,180.81,68.00,Two slices of cheese pizza on a white plate.,350.00,130.00,1.000
dish_1563984729,scrambled eggs | chicken apple sausage,495.72,321.00,A plate of scrambled eggs and sliced sausages.,550.00,270.00,1.000
dish_1563984771,granola | chicken apple sausage | scrambled eggs,582.81,388.00,"A plate with scrambled eggs, sliced sausage, and a mixed green salad.",500.00,350.00,0.667
dish_1563984835,granola | scrambled eggs | chicken apple sausage,603.98,461.00,"A plate with scrambled eggs, sausage, salad and salsa.",520.00,400.00,0.500
dish_1563986093,scrambled eggs,239.03,215.00,Scrambled eggs with mixed berries,290.00,250.00,1.000
dish_1563996251,cauliflower,39.50,158.00,A serving of cauliflower florets on a white plate.,36.00,150.00,1.000
dish_1563996279,carrot | cauliflower,98.49,278.00,A plate of cooked cauliflower and carrots.,130.00,270.00,1.000
dish_1563996308,carrot | cream | chicken | cauliflower,718.51,659.00,"A plate with tofu in sauce, carrots, and cauliflower.",325.00,400.00,0.400
dish_1563996441,arugula,80.24,65.00,A small salad with arugula leaves.,25.00,100.00,1.000
dish_1563996464,arugula | cauliflower,100.49,146.00,A plate with a salad of arugula and cauliflower.,85.00,250.00,1.000
dish_1563996485,arugula | roasted potatoes | cauliflower,178.04,201.00,"Salad with arugula, roasted potatoes, and cauliflower",220.00,325.00,1.000
dish_1563996509,cauliflower | chicken | roasted potatoes,365.18,316.00,"A plate of food with chicken breast, arugula salad, cauliflower, and roasted potatoes.",450.00,450.00,0.750
dish_1563996596,caesar salad,39.60,90.00,A Caesar salad on a white plate.,250.00,200.00,1.000
dish_1563996625,brown rice | caesar salad,342.70,215.00,A plate with a Caesar salad and beef with rice.,500.00,300.00,1.000
dish_1563996656,carrot | brown rice | caesar salad,376.62,284.00,"A plate of salad, roasted carrots, sweet potato and rice and beef stew.",480.00,500.00,0.400
dish_1563984140,egg whites,245.44,472.00,A plate of paneer cheese cubes.,680.00,200.00,0.000
dish_1563997386,spinach (raw) | carrot,215.88,238.00,Salad with carrot slices and mixed greens,92.00,250.00,1.000
dish_1563997418,carrot,608.70,400.00,"A salad with sliced carrots, beef, spinach and potatoes.",334.00,320.00,0.250
dish_1563998210,chicken,148.09,91.00,Small portion of cooked chicken on a plate.,140.00,80.00,1.000
dish_1563998244,roasted potatoes | chicken,259.48,170.00,chicken and potatoes on a plate,350.00,250.00,1.000
dish_1563998279,chicken | roasted potatoes,565.01,296.00,"A plate with beef tenderloin, roasted potatoes, and chicken breast",560.00,370.00,0.667
dish_1563998323,roasted potatoes | chicken | cauliflower,634.51,574.00,"A plate with steak, roasted potatoes, chicken, and cauliflower.",570.00,385.00,1.000
dish_1563998513,chicken | cookies | roasted potatoes | cauliflower,757.51,599.00,"A plate with roast beef, roasted potatoes, chicken, cauliflower and a meatball",620.00,530.00,0.500
dish_1564000202,cheese pizza,396.19,149.00,Four slices of pizza on a white plate.,650.00,240.00,1.000
dish_1564000417,cheese pizza,340.35,128.00,Two slices of pizza on a white plate.,700.00,280.00,1.000
dish_1564000459,cheese pizza | chicken,485.19,217.00,A meal consisting of a slice of pizza and a scoop of chicken salad.,500.00,210.00,1.000
dish_1564000490,caesar salad | cheese pizza | chicken,532.71,325.00,A meal consisting of pizza and a Caesar salad.,570.00,270.00,0.667
dish_1564000536,chickpeas | cheese pizza | chicken | caesar salad,659.91,397.00,Plate with a slice of pizza and various salads.,870.00,570.00,0.750
dish_1563984199,egg whites | cantaloupe | pineapple,322.68,670.00,"A plate of cheese and fruits, namely mozzarella cheese, pineapple and cantaloupe.",416.00,350.00,0.500
dish_1564073677,scrambled eggs | sweet potato,108.97,92.00,A plate with scrambled eggs and roasted sweet potatoes.,278.00,220.00,1.000
dish_1563984701,chicken apple sausage,275.20,172.00,A serving of sliced sausage on a white plate.,350.00,100.00,1.000
dish_1564073860,bacon,492.31,91.00,A plate of bacon.,430.00,60.00,1.000
dish_1564073641,sweet potato,49.77,52.00,Small serving of roasted sweet potato,100.00,80.00,1.000
dish_1564082323,caesar salad | pork | chicken,748.86,518.00,"A plate with fried chicken, a lettuce salad, beef slices, and rice",905.00,490.00,0.167
dish_1564082462,pesto | pork | pasta | chicken,905.35,609.00,"A plate of fried chicken, sliced steak, rice, and a pasta and garden salad.",1200.00,660.00,0.333
dish_1564083480,grilled chicken,259.70,133.00,A small salad of chicken and olives.,175.00,80.00,0.500
dish_1563997327,spinach (raw),157.88,120.00,"A salad with spinach, apple, carrot, blackberries, and dressing",204.00,415.00,0.333
dish_1564083534,cherry tomatoes | grilled chicken | bell peppers,309.06,307.00,"Chicken salad with tomatoes, bell peppers and olives.",185.00,320.00,1.000
dish_1564086602,cheese pizza,130.29,49.00,A single slice of pizza on a white plate.,250.00,100.00,1.000
dish_1564086624,cheese pizza | corn on the cob,217.29,131.00,A slice of pizza and two corn on the cob pieces on a white plate.,414.00,250.00,1.000
dish_1564086658,cheese pizza | corn on the cob | caesar salad,260.85,230.00,"A plate with Caesar salad, a slice of pizza and corn on the cob slices",470.00,330.00,1.000
dish_1564073716,scrambled eggs | sweet potato | egg whites,214.53,295.00,"A plate with scrambled eggs, egg whites, and roasted sweet potatoes.",400.00,480.00,1.000
dish_1564086748,chicken | pasta | corn on the cob | cheese pizza | caesar salad,443.77,339.00,"A plate with caesar salad, pesto pasta, pizza, grilled chicken and corn on the cob.",850.00,575.00,1.000
dish_1564082212,pork | chicken,707.94,425.00,"A plate with fried chicken, rice, fried plantain and greens.",790.00,370.00,0.250
dish_1564159520,bacon,227.22,42.00,Two strips of bacon on a white plate,180.00,40.00,1.000
dish_1564159588,turkey bacon | sausage | bacon,477.15,113.00,A plate with bacon and sausage.,357.00,119.00,0.667
dish_1564159636,sausage | turkey bacon | bacon,487.87,134.00,"A plate with bacon, sausage, and brussels sprouts.",550.00,225.00,0.500
dish_1564160043,bagels,245.00,98.00,A bagel on a plate.,250.00,70.00,1.000
dish_1564160161,bagels,242.50,97.00,A bagel on a white plate.,250.00,70.00,1.000
dish_1564168695,pepperoni,385.01,78.00,Two slices of pepperoni pizza,500.00,200.00,1.000
dish_1564168739,pepperoni | sandwiches,585.30,164.00,A meal consisting of pepperoni pizza and a sandwich.,750.00,270.00,0.333
dish_1564169197,sandwiches,116.45,50.00,A slice of bread on a plate,75.00,30.00,0.000
dish_1564169254,sandwiches | watermelon,161.75,201.00,A plate with slices of watermelon and a piece of bread,100.00,130.00,0.333
dish_1564169298,tatsoi | sandwiches | watermelon,187.08,299.00,"A light meal with bread, watermelon and a mixed salad",215.00,380.00,0.250
dish_1564169340,watermelon | sandwiches | chicken thighs | tortilla | cheese,657.52,518.00,"A plate with pulled chicken, cucumber salad, bread, and watermelon.",505.00,590.00,0.286
dish_1564169644,cheese pizza,433.42,163.00,"Three slices of pizza, one pepperoni and two cheese, on a white plate.",650.00,230.00,0.500
dish_1564083508,grilled chicken | cherry tomatoes,276.26,225.00,"A bowl with chicken, olives, and cherry tomatoes.",200.00,140.00,0.667
dish_1564169932,cheese | chicken thighs | tortilla,766.63,473.00,A meal consisting of shredded chicken in tomato sauce and a cucumber tomato salad.,450.00,400.00,0.250
dish_1564169958,tortilla | chicken thighs | cheese,787.78,563.00,"Plate with pulled chicken in tomato sauce, cooked zucchini, and cucumber tomato salad.",320.00,350.00,0.200
dish_1564170010,tortilla | cheese | salmon | chicken thighs,1264.55,831.00,"A plate with pulled pork, zucchini, fish with rice and vegetable salad and on a separate plate fried onion cake.",875.00,675.00,0.000
dish_1564170071,onions,14.00,35.00,Omelet with red onion slices,270.00,200.00,0.500
dish_1564170098,onions,50.80,67.00,"A meal containing a frittata, red onion and kalamata olives.",380.00,220.00,0.333
dish_1564170141,onions | cherry tomatoes,62.68,133.00,"A meal consisting of an omelet and a salad with tomatoes, onions, and olives",275.00,290.00,0.667
dish_1564086709,cheese pizza | caesar salad | pasta | corn on the cob,393.27,307.00,"A plate with a caesar salad, pesto pasta, pizza slice, and sliced corn on the cob.",730.00,600.00,1.000
dish_1564170283,cheese | chicken thighs | tortilla,646.59,301.00,A serving of chicken and vegetable stir-fry on a white plate.,450.00,300.00,0.333
dish_1564170474,zucchini | squash | broccoli,39.48,168.00,Plate of sauteed zucchini.,40.00,200.00,0.333
dish_1564169878,tortilla | chicken thighs | cheese,732.51,341.00,A serving of shredded chicken in tomato sauce on a white plate.,300.00,200.00,0.333
dish_1564170836,salmon | brown rice,240.16,135.00,Plate with chicken and some lettuce,305.00,170.00,0.000
dish_1564170880,salmon | brown rice,348.56,230.00,"A plate of salmon with grain salad, brussels sprouts and lettuce.",505.00,340.00,0.200
dish_1564170923,kale | salmon | brown rice,378.82,319.00,"A plate with salmon, kale and a grain mix.",480.00,285.00,0.500
dish_1564170967,salmon | kale | brown rice,400.20,410.00,"A plate with salmon, grains, kale, and zucchini.",485.00,425.00,0.400
dish_1564171888,brown rice | salmon,345.13,194.00,A plate of salmon with rice.,350.00,200.00,0.500
dish_1564171935,salmon | brown rice,476.34,309.00,"A plate with salmon, rice and green beans and farro salad with cranberries and brussel sprouts.",800.00,450.00,0.333
dish_1564171970,brown rice | salmon,498.82,396.00,"A plate with salmon and rice, grain salad, and cucumber tomato salad.",700.00,450.00,0.250
dish_1564171996,brown rice | salmon,519.50,484.00,"A plate of mixed healthy foods, including salmon with rice, grain salad with cranberries, cucumber and red pepper salad, and zucchini.",875.00,550.00,0.200
dish_1564427406,grilled chicken,305.37,135.00,Diced cooked chicken in a bowl,170.00,100.00,1.000
dish_1564086778,pork | cheese pizza | chicken | pasta | corn on the cob | caesar salad,645.80,437.00,"A plate with a variety of foods including salad, pizza, corn, roasted chicken, pesto pasta, and char siu pork.",1300.00,750.00,1.000
dish_1564170542,salmon | brown rice,523.37,440.00,"A plate with salmon, rice and zucchini.",550.00,450.00,0.667
dish_1564428102,arugula,133.22,107.00,Small arugula salad with an unknown chopped ingredient.,55.00,155.00,0.500
dish_1564427455,grilled chicken,354.26,218.00,"Small salad with chicken, tomatoes and olives.",305.00,225.00,0.333
dish_1564428181,quinoa | pork,510.05,320.00,A plate with chicken stir fry and an arugula salad with blueberries.,530.00,350.00,0.000
dish_1564428404,pears,113.75,104.00,"A light salad with mixed greens, shredded carrots and feta cheese.",120.00,260.00,0.000
dish_1564428444,cauliflower,157.00,277.00,A simple salad with cauliflower.,140.00,350.00,0.500
dish_1564427430,grilled chicken,345.62,170.00,A bowl with cooked chicken pieces and some kalamata olives.,175.00,150.00,0.500
dish_1564428515,pork | quinoa | cauliflower,484.62,479.00,"Plate with mixed green salad, cauliflower, roasted pork, and cabbage",475.00,550.00,0.400
dish_1564170173,bell peppers | onions | cherry tomatoes,79.88,176.00,"A salad with cherry tomatoes, red onion, green bell pepper, black olives, red bell pepper and some cooked eggplant on the side.",320.00,420.00,0.750
dish_1564429235,chickpeas | tempeh,479.76,253.00,A plate of tofu with rice and a mixed green salad.,495.00,480.00,0.250
dish_1564429270,chickpeas | tempeh,605.51,354.00,"A plate with tofu and rice stir-fry and a mixed green salad with berries, chickpeas, and peppers.",500.00,450.00,0.333
dish_1564429702,cauliflower,39.50,158.00,A plate of cauliflower,125.00,500.00,1.000
dish_1564429744,cauliflower | quinoa,282.48,374.00,A meal consisting of cauliflower and roasted chicken.,310.00,350.00,0.333
dish_1564429808,cauliflower | pork | quinoa,380.68,422.00,"A plate with cauliflower, chicken and pulled pork",625.00,500.00,0.500
dish_1564429843,cauliflower | quinoa | pork,395.73,474.00,"A plate with cauliflower, roasted chicken and roasted butternut squash",550.00,500.00,0.200
dish_1564429894,quinoa | pork | cauliflower,498.77,566.00,"A plate with cauliflower, couscous, chicken, and eggplant.",692.00,550.00,0.200
dish_1564432094,pepperoni pizza,177.66,63.00,A single slice of pepperoni pizza.,280.00,100.00,1.000
dish_1564428144,arugula | quinoa,205.21,171.00,A small meal consisting of chicken breast and a small arugula salad with vinaigrette.,245.00,185.00,0.333
dish_1564428475,cauliflower | quinoa,261.62,370.00,"healthy meal with salad, baked salmon and cauliflower",395.00,550.00,0.333
dish_1564432191,pepperoni pizza | cauliflower | pineapple,261.03,220.00,"A plate with a mixed green salad, pineapple chunks, cauliflower florets, and a slice of pepperoni pizza.",467.00,430.00,1.000
dish_1564429184,tempeh,389.66,202.00,A plate of fried rice with tofu and green beans.,350.00,275.00,0.000
dish_1564502063,bacon,497.72,92.00,Plate of bacon,400.00,50.00,1.000
dish_1564432128,pepperoni pizza,217.03,102.00,A plate with a mixed greens salad and a slice of pepperoni pizza.,325.00,250.00,1.000
dish_1564503219,bacon | egg whites,213.86,242.00,Plate of scrambled eggs with turkey bacon,250.00,170.00,1.000
dish_1564514906,white beans | fish,199.27,178.00,Fish and vegetable dish.,385.00,280.00,0.500
dish_1564514953,white beans | fish | carrot,249.90,281.00,A plate with scalloped potatoes and roasted carrots.,370.00,350.00,0.250
dish_1564514997,carrot | fish | white beans,381.11,396.00,"A plate with lentil stew, baked white fish, roasted carrots, and white beans with greens.",770.00,580.00,0.750
dish_1564515049,carrot | white beans | broccoli | fish,431.64,611.00,"A plate with lentils, fish with sauce, zucchini, and carrots.",510.00,520.00,0.333
dish_1564516366,,31.05,27.00,A small serving of olives on a white plate.,45.00,50.00,
dish_1564516397,cherry tomatoes,36.81,59.00,A small plate of cherry tomatoes and black olives.,55.00,100.00,1.000
dish_1564432165,pepperoni pizza | pineapple,246.03,160.00,"A plate with a slice of pepperoni pizza, a small mixed green salad, and pineapple chunks.",480.00,370.00,1.000
dish_1564516454,fish | chicken breast | white beans,311.14,266.00,"A plate with fish, chicken, tomatoes, and olives.",475.00,375.00,0.500
dish_1564503184,bacon,97.38,18.00,A plate with one slice of bacon and a bread crumb,135.00,21.00,0.500
dish_1564432238,pepperoni pizza | pineapple | pork,455.39,315.00,"A plate containing a mixed green salad, pineapple chunks, cauliflower, a slice of pizza, and beef with shredded cabbage.",700.00,620.00,0.400
dish_1564516760,chicken thighs | quinoa,442.73,329.00,"A plate with roasted chicken, carrots and potatoes.",480.00,350.00,0.250
dish_1564518454,cheese pizza,164.86,62.00,A single slice of pizza on a white plate.,250.00,100.00,1.000
dish_1564518488,cheese pizza | chicken thighs,248.09,117.00,A meal consisting of a slice of pizza and a fried chicken drumstick.,450.00,185.00,1.000
dish_1564518512,cheese pizza | chicken thighs | carrot,270.71,163.00,"A meal consisting of a slice of pizza, a chicken drumstick, and cooked carrots.",560.00,300.00,1.000
dish_1564518542,carrot | chicken thighs | cheese pizza,342.38,234.00,"A plate with a salad, pizza, chicken drumstick and cooked carrots.",590.00,390.00,1.000
dish_1564516429,fish | white beans,178.98,186.00,"A plate with tuna salad, cherry tomatoes and olives",280.00,240.00,0.000
dish_1564516732,carrot,26.55,54.00,A small serving of roasted carrots on a white plate.,60.00,80.00,1.000
dish_1564518850,frozen yogurt,194.33,119.00,A small bowl of Nutella.,160.00,30.00,0.000
dish_1564588533,sausage | egg whites,236.07,167.00,A plate with scrambled eggs and sausage.,270.00,160.00,1.000
dish_1564588567,sausage | scrambled eggs | egg whites,450.67,312.00,"A plate with scrambled eggs, sausages, and egg whites.",460.00,310.00,1.000
dish_1564516483,carrot | white beans | chicken breast | fish,364.23,374.00,"A plate with baked tofu and spinach, sliced carrots, diced chicken, cherry tomatoes, and olives.",415.00,420.00,0.333
dish_1564588719,chilaquiles | sausage,222.28,81.00,"Breakfast plate with hash browns, sausage links, and scrambled eggs.",530.00,235.00,0.250
dish_1564588820,egg whites,81.12,156.00,A small plate of mozzarella cheese.,150.00,50.00,0.000
dish_1564588859,egg whites | greek yogurt | milk | chia seeds,183.59,257.00,"A plate with cottage cheese, chia seed pudding, peach slices, and blueberries",390.00,415.00,0.167
dish_1564588889,egg whites | greek yogurt | chia seeds | milk,234.49,346.00,"A plate with cottage cheese, blueberries, chia seed pudding and peach pieces.",460.00,520.00,0.167
dish_1564588919,milk | greek yogurt | egg whites | sweet potato | chia seeds,335.94,452.00,"A plate of cottage cheese, blueberries, fried bread and chia seed pudding.",497.00,400.00,0.143
dish_1564589025,sweet potato,48.81,51.00,Small portion of roasted potatoes on a white plate.,150.00,100.00,1.000
dish_1564589072,sweet potato | chilaquiles,419.31,241.00,"Plate of tortilla chips, scrambled eggs, and roasted potatoes with tomato sauce and cheese",690.00,385.00,0.200
dish_1564589308,roasted potatoes,227.01,161.00,A small plate of roasted potatoes.,210.00,150.00,1.000
dish_1564589366,egg whites | roasted potatoes,324.25,348.00,A plate with scrambled eggs and roasted potatoes.,350.00,250.00,1.000
dish_1564588688,sausage,148.18,43.00,A small portion of meatballs on a plate.,120.00,60.00,0.000
dish_1564590146,watermelon | sweet potato,141.01,205.00,A plate with roasted potatoes and watermelon.,240.00,250.00,1.000
dish_1564590190,sweet potato | watermelon,194.02,298.00,"A breakfast of roasted potatoes, strawberries, blueberries, watermelon, and cream cheese",280.00,345.00,0.667
dish_1564590226,watermelon | sweet potato | cantaloupe,220.54,376.00,"A meal consisting of roasted potatoes, a variety of fresh fruits (watermelon, cantaloupe, blueberries, strawberries), and yogurt.",455.00,560.00,0.750
dish_1564518586,carrot | cheese pizza | chicken thighs,361.41,315.00,"A plate with a side salad, pizza, chicken and roasted vegetables",550.00,460.00,0.750
dish_1564590288,pineapple | watermelon | egg whites | cantaloupe | sweet potato,464.86,848.00,"A plate of assorted fruits, cottage cheese, and roasted potatoes.",485.00,670.00,0.667
dish_1564590352,pineapple | cantaloupe | salsa | watermelon | sweet potato | egg whites,497.92,962.00,"A plate with cottage cheese topped with tomato sauce, mixed with croutons and fruits (watermelon, strawberries, blueberries, cantaloupe, pineapple)",520.00,675.00,0.333
dish_1564601470,turnips,15.84,73.00,Small portion of boiled potato,40.00,100.00,0.000
dish_1564601528,turnips | roasted potatoes,142.74,163.00,A plate of radishes and roasted potatoes with herbs,220.00,250.00,0.333
dish_1564601569,turnips | roasted potatoes | brussels sprouts,208.10,291.00,"A plate of roasted vegetables, including daikon radish, potatoes and brussel sprouts.",250.00,400.00,0.500
dish_1564601600,chicken | brussels sprouts | roasted potatoes,600.80,434.00,"A plate with fried chicken topped with coleslaw, roasted potatoes, daikon radish, and roasted brussel sprouts.",635.00,425.00,0.750
dish_1564588483,sausage,175.75,51.00,A plate of sausage and scrambled egg.,240.00,80.00,0.500
dish_1564605293,cheese pizza,404.17,152.00,Three slices of pizza,810.00,300.00,1.000
dish_1564605328,cheese pizza,541.24,349.00,"Plate with pizza slices, mixed green salad, and cucumber salad.",625.00,400.00,0.500
dish_1564675060,watermelon,23.10,77.00,A plate of watermelon.,30.00,100.00,1.000
dish_1564675118,watermelon | sweet potato,177.19,238.00,A simple meal of roasted potatoes and watermelon.,280.00,250.00,1.000
dish_1564675157,grapes | watermelon | sweet potato,208.93,284.00,"A light meal with potatoes, grapes and watermelon.",314.00,310.00,1.000
dish_1564675193,grapes | egg whites | sweet potato,478.81,803.00,"Breakfast meal with scrambled eggs, potatoes, grapes, and watermelon",590.00,480.00,0.750
dish_1564675240,grapes | egg whites | sweet potato,502.88,886.00,"A plate with mashed potatoes, tomato sauce, roasted potatoes, grapes and watermelon",480.00,600.00,0.400
dish_1564590115,sweet potato,115.81,121.00,A small serving of roasted potatoes.,210.00,150.00,1.000
dish_1564675411,egg whites | turkey bacon,235.53,308.00,A plate of mashed potatoes with gravy and turkey bacon.,350.00,250.00,0.333
dish_1564675380,turkey bacon,87.33,23.00,Single slice of bacon on a plate.,136.00,34.00,1.000
dish_1564685183,green beans,127.11,150.00,"mixed green salad with carrot shreds, green beans and red onion",95.00,330.00,0.333
dish_1564685229,green beans | cherry tomatoes | bell peppers | lime | ketchup | spinach (raw) | millet | onions | lettuce | cucumbers,591.44,347.00,"A meal consisting of a mixed green salad, green beans and beef stir-fry.",380.00,450.00,0.091
dish_1564685360,millet,304.05,129.00,Small portion of cooked meat served with couscous.,250.00,120.00,0.000
dish_1564685144,green beans,26.16,50.00,A small serving of green beans on a white plate.,31.00,100.00,1.000
dish_1564685450,pizza,623.01,288.00,"A plate with a slice of pepperoni pizza, a mixed green salad with shredded carrots, cooked beef slices, and quinoa.",830.00,450.00,0.250
dish_1564685482,pizza | brownies,851.40,337.00,"A plate with steak, couscous, a mixed green salad, a slice of pizza, and a brownie.",1175.00,550.00,0.333
dish_1564686657,cheese pizza,279.19,105.00,Two slices of pizza with sausage and red onion.,305.00,130.00,0.333
dish_1564686702,cheese pizza,307.94,130.00,Two slices of pizza and a small serving of olives,375.00,150.00,0.500
dish_1564601638,chicken | roasted potatoes | fish | brussels sprouts,712.46,541.00,"A plate with fried chicken, herb chicken, brussel sprouts, daikon radish, and roasted potatoes",755.00,500.00,0.600
dish_1564686791,chicken breast | cheese pizza,601.35,343.00,"A meal consisting of pizza, mixed greens salad, grilled chicken, and olives.",600.00,350.00,1.000
dish_1564590254,pineapple | watermelon | cantaloupe | sweet potato,248.54,432.00,Fruit and fried potatoes with cottage cheese,530.00,690.00,0.800
dish_1564686855,brownies | chicken breast | cheese pizza,1030.16,435.00,"A meal consisting of pizza, mixed green salad, diced chicken breast, tempeh, and olives.",800.00,430.00,0.500
dish_1564686966,ketchup | millet | bell peppers | spinach (raw) | onions,153.20,65.00,steak on a white plate,150.00,75.00,0.000
dish_1564685406,bell peppers | cherry tomatoes | ketchup | spinach (raw) | onions | lime | lettuce | cucumbers | millet,367.65,192.00,"Plate with sliced beef strips, bulgur, and mixed green salad.",450.00,260.00,0.000
dish_1564687046,white rice | green beans | ketchup | fish,374.79,308.00,"A plate with steak, green beans and fish with tomato sauce.",480.00,370.00,0.500
dish_1564687090,fish | white rice | ketchup | green beans,498.02,416.00,"A plate with steak, eggplant, green beans, and tofu and lentils salad.",870.00,580.00,0.167
dish_1564688969,cheese pizza,239.31,90.00,Two slices of cheese pizza on a white plate,380.00,145.00,1.000
dish_1564689078,spinach (raw),72.36,55.00,A small plate of blueberries and spinach.,35.00,65.00,1.000
dish_1564689108,chickpeas | arugula,203.66,159.00,"A salad with spinach, chickpeas, pear, blueberries, and red pepper",190.00,205.00,0.250
dish_1564687013,fish | ketchup | white rice,330.84,224.00,steak and eggplant dish,600.00,300.00,0.000
dish_1564689168,tofu | chickpeas,352.95,339.00,"Salad with tofu, chickpeas, lentils, and mixed greens",495.00,440.00,0.400
dish_1564689219,chickpeas | lentils | tofu,506.85,474.00,"A vegetarian salad with lentils, tofu, chickpeas, and mixed greens.",570.00,480.00,0.750
dish_1564690038,lentils,92.34,81.00,A small serving of bitter melon stir-fry with green beans.,95.00,130.00,0.000
dish_1564690085,lentils | chickpeas,170.62,143.00,"A plate with roasted broccoli, chickpeas, green beans, and arugula.",210.00,250.00,0.200
dish_1564690138,lentils | green beans | chickpeas,190.50,181.00,"A plate of stir-fried bitter melon, green beans and chickpeas.",300.00,290.00,0.500
dish_1564690167,lentils | chickpeas,251.78,207.00,"A plate with tempeh, green beans, bitter melon and chickpeas with greens.",390.00,410.00,0.200
dish_1564686740,cheese pizza,399.80,221.00,"A meal consisting of a slice of pizza, a mixed green salad, and some olives.",500.00,330.00,1.000
dish_1564691380,green beans | corn on the cob,96.26,111.00,A simple plate of green beans and corn.,100.00,180.00,1.000
dish_1564691420,corn on the cob | green beans,212.35,226.00,"A plate with green beans, corn and salad.",260.00,450.00,1.000
dish_1564691450,corn on the cob,542.33,366.00,"Plate with green beans, corn, salad and beef stir fry",520.00,590.00,0.250
dish_1564761388,egg whites,54.60,105.00,A serving of scrambled eggs on a white plate.,180.00,150.00,1.000
dish_1564761426,egg whites | fried rice,207.57,202.00,A plate of rice with vegetables and scrambled eggs.,365.00,275.00,1.000
dish_1564761457,fried rice | turkey bacon | egg whites,287.31,223.00,"A breakfast of scrambled eggs, fried rice and bacon.",600.00,380.00,1.000
dish_1564761488,turkey bacon | egg whites | fried rice | honeydew melons,327.99,336.00,"Breakfast with scrambled eggs, fried rice, bacon, and honeydew melon",660.00,520.00,1.000
dish_1564773826,cherry tomatoes,10.08,56.00,A small plate of cherry tomatoes,10.00,50.00,1.000
dish_1564773847,salmon | mayonnaise | lentils,238.03,161.00,A small serving of salmon with cherry tomatoes.,195.00,140.00,0.250
dish_1564773876,salmon | lentils | broccoli | mayonnaise,258.33,219.00,"A plate with cherry tomatoes, broccoli and a piece of fish",280.00,350.00,0.167
dish_1564773903,salmon | pineapple | mayonnaise | broccoli,316.83,336.00,"A plate with pineapple, cherry tomatoes, broccoli, and fish.",300.00,325.00,0.333
dish_1564773942,salmon | chicken breast | mayonnaise | pineapple,491.94,442.00,"A plate with grilled chicken breast, pineapple chunks, cherry tomatoes, steamed broccoli, and baked fish.",500.00,500.00,0.286
dish_1564773976,chicken breast | mayonnaise | salmon | pineapple,516.09,463.00,"A plate with grilled chicken, pineapple, cherry tomatoes, black olives, broccoli, and fish.",511.00,545.00,0.286
dish_1564774773,broccoli,50.14,90.00,A plate of cooked broccoli.,55.00,150.00,1.000
dish_1564686832,brownies | chicken breast | cheese pizza,829.74,392.00,"A plate with pizza slices, mixed green salad, grilled chicken, olives, and crisp bread.",850.00,385.00,0.500
dish_1564775147,salmon | mayonnaise | lentils,327.81,151.00,Two pieces of cooked salmon on a white plate.,250.00,100.00,0.333
dish_1564775182,salmon | lentils | mayonnaise | broccoli,398.00,277.00,A plate of steamed broccoli and baked fish.,250.00,290.00,0.200
dish_1564775216,salmon | mayonnaise | broccoli | beef,530.60,340.00,Plate of broccoli with pork and eggplant.,550.00,375.00,0.167
dish_1564777933,cheese pizza,103.70,39.00,A single slice of pizza on a white plate.,280.00,100.00,1.000
dish_1564777960,cheese pizza | beef,331.01,147.00,A small meal consisting of a slice of pizza and some roast pork.,630.00,250.00,0.333
dish_1564777986,cheese pizza | broccoli | beef,372.23,221.00,"A meal consisting of a slice of pizza, pork tenderloin, and steamed broccoli.",580.00,370.00,0.500
dish_1564778030,cheese pizza | broccoli | beef,504.42,283.00,"A plate with a slice of pizza, roasted pork tenderloin, broccoli and salad mix.",625.00,420.00,0.400
dish_1564778057,rice noodles | beef | cheese pizza,575.19,377.00,"A plate of mixed foods including pizza, roast pork, broccoli and salads.",900.00,650.00,0.167
dish_1565020755,bacon,43.28,8.00,A single strip of bacon on a white plate.,80.00,15.00,1.000
dish_1565020796,egg whites,90.60,99.00,A plate of scrambled eggs and bacon.,300.00,180.00,0.500
dish_1564774805,mayonnaise | salmon | lentils,621.09,353.00,Salmon with capers and broccoli,400.00,350.00,0.250
dish_1565020867,egg whites | sweet potato,255.80,325.00,"A plate with bacon, raspberries, blackberries, sweet potatoes, and cottage cheese.",361.00,270.00,0.250
dish_1564690194,white rice | fish | ketchup | lentils,500.92,430.00,"Plate of rice, meat, green beans, vegetable curry and chickpea salad.",650.00,525.00,0.143
dish_1565020822,egg whites | sweet potato,180.56,193.00,"A plate with cottage cheese, bacon, and roasted sweet potato.",264.00,199.00,0.250
dish_1564689138,chickpeas,268.27,223.00,"A mixed green salad with chickpeas, pear, olives, cucumber, red onion, and carrots.",179.00,265.00,0.200
dish_1565021054,tofu | waffles,263.75,144.00,Waffles with tofu scramble,500.00,270.00,1.000
dish_1565020895,egg whites | milk | greek yogurt | sweet potato,348.13,416.00,"A plate with raspberries, blackberries, sweet potatoes, bacon, grapes, chia seed pudding, and fresh cheese.",578.00,455.00,0.125
dish_1565021104,waffles | tofu | egg whites,291.31,197.00,"Breakfast with waffles, scrambled tofu, and cream cheese",570.00,290.00,0.500
dish_1565020926,sweet potato | grapes | greek yogurt | egg whites | milk,398.50,489.00,"Plate with mixed fruit, sweet potato, bacon, cheese, and chia pudding",496.00,535.00,0.250
dish_1565021141,waffles | egg whites | sausage | tofu,467.05,248.00,"A breakfast plate with waffles, sausage, scrambled tofu, and cream cheese.",640.00,265.00,0.600
dish_1565021599,egg whites,206.96,398.00,A plate with feta cheese and sweet potato cubes.,400.00,195.00,0.000
dish_1565021185,waffles | egg whites | sausage | tofu,481.50,296.00,"Breakfast plate with waffles, sausage, scrambled tofu with vegetables, cheese and roasted potatoes",760.00,360.00,0.500
dish_1565021220,egg whites | sweet potato | waffles | tofu | sausage,543.71,361.00,"A breakfast plate with waffles, sweet potatoes, scrambled eggs with vegetables, sausage, and whipped cream.",850.00,480.00,0.667
dish_1565021640,egg whites | sweet potato,304.58,500.00,"A meal consisting of scrambled eggs, roasted sweet potato, and melon slices.",370.00,450.00,0.667
dish_1565021675,sweet potato | egg whites | honeydew melons,331.58,575.00,"A plate with cottage cheese, roasted sweet potato, and melon.",350.00,400.00,0.500
dish_1565021965,egg whites,92.04,177.00,A plate of cottage cheese.,200.00,220.00,0.000
dish_1565021714,egg whites | honeydew melons | sweet potato,381.17,662.00,"A plate with scrambled eggs, roasted sweet potato, and fruit (strawberries, blueberries, cantaloupe, and honeydew).",375.00,445.00,0.750
dish_1565022027,sweet potato | egg whites,178.18,267.00,A plate with cottage cheese and roasted sweet potato.,250.00,275.00,0.333
dish_1565023128,granola,41.59,32.00,Small portion of mixed greens,20.00,100.00,0.000
dish_1565022062,egg whites | sweet potato,234.61,366.00,"A plate with cottage cheese, mixed berries (raspberries and blackberries) and roasted sweet potato",345.00,417.00,0.333
dish_1565023157,scrambled eggs,379.03,260.00,A plate of scrambled eggs with a mixed greens salad.,275.00,225.00,1.000
dish_1565023182,scrambled eggs | bacon,638.71,308.00,"A breakfast plate with scrambled eggs, bacon, and a small salad.",440.00,250.00,1.000
dish_1565024675,turkey bacon,129.10,34.00,Two strips of bacon with dollops of mustard.,195.00,70.00,1.000
dish_1565024707,turkey bacon | scrambled eggs,299.30,149.00,"A breakfast meal with scrambled eggs, turkey bacon, and hot sauce.",335.00,215.00,0.667
dish_1565030350,lettuce | lime | cucumbers | onions | cherry tomatoes,62.59,62.00,Arugula and Carrot Salad,30.00,125.00,0.000
dish_1565024741,turkey bacon | scrambled eggs | roasted potatoes,359.93,192.00,"Breakfast plate with scrambled eggs, turkey bacon, and diced potatoes.",410.00,280.00,1.000
dish_1565030391,white rice | beef,609.33,313.00,"A plate with arugula salad, broccoli, and meat with rice.",460.00,470.00,0.250
dish_1565031283,beef | white rice,252.68,116.00,rice with meat and vegetables,270.00,150.00,0.333
dish_1565031338,beef | white rice | caesar salad,296.24,215.00,Chicken and rice with a Caesar salad,500.00,350.00,0.667
dish_1565032680,figs | arugula,280.28,208.00,A simple salad with cantaloupe and mixed greens,105.00,250.00,0.000
dish_1565032714,figs | squash | arugula,315.59,330.00,"Roasted butternut squash with cantaloupe, spinach and green beans",255.00,430.00,0.167
dish_1565031376,beef | cauliflower | caesar salad,319.49,308.00,"A plate with Caesar salad, cauliflower, and rice with meat.",460.00,550.00,0.500
dish_1565032748,beef | arugula | figs,544.31,435.00,"A plate with roasted eggplant, rice, cantaloupe and spinach salad",300.00,475.00,0.000
dish_1565033085,,15.40,55.00,A bowl of mixed greens.,35.00,100.00,
dish_1565033139,broccoli,193.65,274.00,A bowl of mixed salad with chicken hearts and broccoli.,176.00,225.00,0.500
dish_1565033189,chicken | broccoli,578.10,507.00,"Salad with lettuce, broccoli, red kidney beans and tofu",370.00,305.00,0.200
dish_1565033220,chicken,908.60,578.00,"A mixed salad with kidney beans, broccoli, tofu, and dressing.",465.00,460.00,0.000
dish_1565034234,cauliflower,43.75,175.00,A serving of cauliflower,100.00,200.00,1.000
dish_1565033265,chicken,1324.08,625.00,"Salad with chicken, broccoli, lettuce, kidney beans, and salad dressing.",510.00,405.00,0.250
dish_1565033110,broccoli,47.60,147.00,A salad consisting of broccoli and mixed greens.,79.00,265.00,1.000
dish_1565034281,roasted potatoes | cauliflower,228.46,306.00,Plate of cooked cauliflower and eggplant.,210.00,600.00,0.333
dish_1565034330,cauliflower | beef | roasted potatoes,614.02,483.00,"A plate of mixed vegetables including cauliflower, eggplant stir-fry and stir-fried vegetables with rice",480.00,600.00,0.200
dish_1565034605,lettuce | lime | cucumbers | onions | cherry tomatoes,52.49,52.00,Small mixed green salad,50.00,100.00,0.000
dish_1565034661,cheese pizza,219.81,146.00,Lasagna with mixed greens salad,300.00,250.00,0.000
dish_1565034635,arugula,124.09,110.00,"Mixed green salad with walnuts, dried cranberries, and black beans",170.00,179.00,0.000
dish_1565035715,onions,15.60,39.00,A small serving of sliced red onion on a white plate.,20.00,50.00,1.000
dish_1565034681,cheese pizza | pizza,323.55,185.00,Lasagna with mixed green salad,400.00,275.00,0.000
dish_1565035746,onions | cauliflower,43.10,149.00,A plate with cauliflower florets and sliced red onion.,90.00,300.00,1.000
dish_1565035774,onions | cauliflower | bell peppers,57.50,185.00,"Plate of mixed vegetables: cauliflower, green bell pepper, and red onion",90.00,300.00,1.000
dish_1565035802,onions | cherry tomatoes | cauliflower | bell peppers,69.20,250.00,"Plate with cauliflower, cherry tomatoes, red onion and green bell pepper",100.00,320.00,1.000
dish_1565035830,chicken breast | cauliflower,340.13,414.00,"A plate with diced chicken, cauliflower, red onion, green bell pepper and cherry tomatoes.",295.00,365.00,0.400
dish_1565036788,cheese pizza,186.13,70.00,A slice of pizza on a white plate.,280.00,100.00,1.000
dish_1565035858,chicken breast | watermelon | cauliflower,375.23,531.00,"A plate with diced chicken, cauliflower, watermelon, red onion, grape tomatoes, and green bell pepper.",345.00,650.00,0.500
dish_1565036821,beef | cheese pizza,325.54,134.00,A meal consisting of steak and a slice of pizza.,635.00,250.00,0.500
dish_1565036890,roasted potatoes | beef | cheese pizza | chicken thighs,520.86,260.00,"A plate with roasted potatoes, chicken stir-fry, beef roll, and a slice of pizza.",750.00,380.00,1.000
dish_1565036922,chicken thighs | roasted potatoes | cheese pizza | beef,539.86,336.00,"A plate of roasted potatoes, chicken, steak, cauliflower, and pizza slice.",720.00,455.00,0.600
dish_1565107066,scrambled eggs,127.28,86.00,A serving of scrambled eggs on a plate.,200.00,150.00,1.000
dish_1565036953,chicken thighs | caesar salad | beef | roasted potatoes | cheese pizza,586.94,443.00,"A plate of mixed foods including salad, potatoes, chicken and rice, pork with rice, pizza and cauliflower.",930.00,580.00,0.571
dish_1565107092,scrambled eggs | egg whites,313.44,444.00,A plate with scrambled and hard-boiled eggs.,341.00,234.00,0.500
dish_1565107119,sweet potato | scrambled eggs | egg whites,426.37,562.00,"A plate of scrambled eggs, fried potatoes, and cheese sauce.",550.00,425.00,0.667
dish_1565107171,sweet potato | scrambled eggs | egg whites | watermelon | grapes,501.88,724.00,"A plate of fruit, scrambled eggs, cottage cheese and toasted bread.",604.00,538.00,0.500
dish_1565109606,sweet potato,89.96,94.00,A serving of fried potatoes on a white plate.,300.00,150.00,1.000
dish_1565107143,watermelon | egg whites | scrambled eggs | sweet potato,454.27,655.00,"A plate of food consisting of scrambled eggs, watermelon, sweet potato hash, and mashed sweet potatoes.",576.00,550.00,0.750
dish_1565107211,sweet potato | scrambled eggs | egg whites | watermelon | grapes,523.63,799.00,"Plate with grapes, watermelon, potatoes, scrambled eggs, cottage cheese, and sauce",499.00,520.00,0.800
dish_1565109637,sweet potato | egg whites,172.64,253.00,A plate with fried potatoes and mozzarella cheese.,600.00,350.00,0.333
dish_1565109659,sweet potato | bacon | egg whites,226.74,263.00,"A plate with scrambled eggs, fried potatoes, and bacon",530.00,330.00,1.000
dish_1565117429,cheese pizza,390.87,147.00,A meal of three pizza slices and one taco.,1000.00,400.00,0.500
dish_1565117463,caesar salad | cheese pizza,435.31,248.00,"A plate with three slices of cheese pizza and a caesar salad, next to a taco.",1000.00,450.00,0.667
dish_1565117892,tuna,132.60,102.00,"Two plates, one with tuna salad and shredded carrots and the other one with chicken and tomatoes.",435.00,280.00,0.250
dish_1565117962,chicken breast | bell peppers | tuna,379.92,304.00,"A plate of diced chicken breast, tuna salad, and bell peppers.",380.00,370.00,1.000
dish_1565117934,chicken breast | tuna,352.32,235.00,A plate of diced chicken breast with tuna salad and a plate with sliced bell peppers.,501.00,373.00,0.667
dish_1565117990,tuna | chicken breast | cheese pizza,582.00,380.00,"A plate containing a slice of pizza, tuna salad, chopped chicken and sliced bell peppers.",705.00,450.00,0.750
dish_1565118067,chicken breast | tuna | cheese pizza,623.43,522.00,"Plate with pizza, tuna salad, carrots, peppers, tomatoes, and chicken",580.00,440.00,0.600
dish_1565118029,chicken breast | cheese pizza | tuna,595.14,453.00,"Plate with pizza, tuna salad, tomatoes, and bell peppers",645.00,430.00,0.600
dish_1565118700,chard | kale,16.66,49.00,A small beetroot salad on a white plate.,50.00,100.00,0.000
dish_1565118096,chicken breast | tuna | cheese pizza | pineapple,656.43,588.00,"A plate with pizza, tuna, diced chicken, carrots, pineapple and bell peppers.",590.00,440.00,0.667
dish_1565118729,beef | millet,435.49,248.00,A plate of roast beef served with steamed greens.,400.00,300.00,0.333
dish_1565118782,beef | millet,557.52,353.00,"Plate with roasted pork, arugula salad with quinoa, and beet greens",480.00,350.00,0.000
dish_1565119418,cheese pizza,324.40,122.00,Three square slices of pizza on a white plate.,350.00,150.00,1.000
dish_1565118999,lettuce | feta cheese,200.39,288.00,"Salad with mixed greens, cherry tomatoes, olives, feta cheese, cucumber, and red onion.",168.00,260.00,0.200
dish_1565119439,beef | cheese pizza,465.41,189.00,A plate of pizza and meat.,650.00,250.00,0.500
dish_1565119464,cheese pizza | beef,504.07,223.00,"A plate of pizza, cooked meat, and spinach salad.",780.00,325.00,0.333
dish_1565119493,beef | cheese pizza,529.14,280.00,"Plate of pork, pizza and salad.",710.00,400.00,0.250
dish_1565119642,kale | chard,26.52,78.00,A plate of kale and beets,115.00,300.00,0.333
dish_1565119669,kale | zucchini | chard | chayote squash,55.97,229.00,"Plate of sauteed kale, beets, yellow squash, and zucchini.",155.00,350.00,0.600
dish_1565123783,cheese pizza,93.06,35.00,A slice of pizza on a white plate.,250.00,90.00,1.000
dish_1565119739,beef,396.80,461.00,"A plate with kale, couscous, beef slices, and yellow squash.",660.00,510.00,0.333
dish_1565119698,zucchini | kale | beef | chayote squash,222.24,308.00,"A meal consisting of cooked beef, kale, beets, yellow squash, and zucchini.",375.00,500.00,0.800
dish_1565123816,beef | cheese pizza,250.92,110.00,A small plate with pizza and steak,450.00,175.00,0.500
dish_1565123845,cheese pizza | beef,268.66,201.00,"A meal containing a slice of pizza, beef and sauteed zucchini",490.00,275.00,0.667
dish_1565194752,sweet potato | egg whites,322.89,510.00,A plate of cottage cheese and roasted sweet potatoes.,510.00,420.00,0.333
dish_1565194684,egg whites,196.56,378.00,"A plate of mozzarella cheese curds and a plate of roasted sweet potatoes, mushrooms, and grapes.",570.00,425.00,0.000
dish_1565123881,caesar salad | cheese pizza | beef,406.82,515.00,"A plate with caesar salad, a slice of pizza, roasted pork, and zucchini.",750.00,525.00,0.400
dish_1565194781,sweet potato | carrot | egg whites,351.41,568.00,A plate with cottage cheese and roasted sweet potatoes,560.00,500.00,0.250
dish_1565194823,sweet potato | carrot | egg whites | grapes,386.60,619.00,"A plate with cottage cheese, roasted sweet potato, and red grapes.",450.00,500.00,0.400
dish_1565194852,watermelon | egg whites | sweet potato | grapes | carrot,428.60,759.00,"A plate with scrambled eggs, roasted sweet potato, watermelon, and grapes.",455.00,500.00,0.800
dish_1565195362,sweet potato,98.58,103.00,A plate of roasted sweet potato.,200.00,150.00,1.000
dish_1565195398,chicken apple sausage | sweet potato,135.38,126.00,roasted sweet potato and meatball,200.00,225.00,0.333
dish_1565194906,grapes | watermelon | salsa | carrot | egg whites | sweet potato,451.80,839.00,"A plate with cottage cheese and fruit preserves, roasted sweet potato, watermelon, cantaloupe, and grapes.",488.00,657.00,0.333
dish_1565195436,chicken apple sausage | sweet potato | bacon,340.96,164.00,"Plate of bacon, sweet potatoes, meatballs and mushrooms",370.00,230.00,0.400
dish_1565196260,egg whites,74.36,143.00,A plate of mozzarella cheese.,280.00,100.00,0.000
dish_1565195493,sweet potato | chicken apple sausage | bacon | egg whites,407.00,291.00,"Plate with scrambled eggs, bacon, roasted sweet potatoes and meatballs.",725.00,390.00,0.600
dish_1565203015,chicken | brown rice,663.94,397.00,A plate of chicken stir-fry with zucchini and other vegetables.,430.00,350.00,0.333
dish_1565203094,chicken | pizza,898.02,485.00,A plate with a slice of pizza and chicken stir-fry.,750.00,370.00,1.000
dish_1565204855,brussels sprouts,53.61,105.00,A small serving of roasted brussels sprouts.,80.00,100.00,1.000
dish_1565204891,brussels sprouts | chicken thighs | white rice,302.89,314.00,"Chicken with rice and vegetables (brussels sprouts, radish and zucchini)",480.00,420.00,0.600
dish_1565207631,white rice,64.41,54.00,Small portion of fried chicken with green beans,210.00,110.00,0.000
dish_1565204931,chicken thighs | white rice | caesar salad | brussels sprouts,391.33,515.00,"A plate with Caesar salad, Brussels sprouts and rice.",500.00,430.00,0.750
dish_1565207662,white rice | fish | country rice,145.94,128.00,Plate with chicken stir fry and some green vegetables,270.00,180.00,0.000
dish_1565207694,white rice | country rice | fish | broccoli,173.79,178.00,Chicken and broccoli on a plate,250.00,180.00,0.250
dish_1565207815,brussels sprouts,40.85,80.00,A plate of roasted brussel sprouts.,75.00,80.00,1.000
dish_1565207865,brussels sprouts,112.96,129.00,"A plate with arugula salad, roasted cauliflower, and brussel sprouts.",120.00,200.00,0.333
dish_1565207727,broccoli | white rice | fish | pizza | country rice,314.77,231.00,"A meal consisting of chicken stir-fry, a slice of pizza, and steamed broccoli.",560.00,355.00,0.400
dish_1565207896,brussels sprouts | tofu,298.38,383.00,"A plate with tofu cubes, rice, carrot, broccoli, Brussels sprouts and mixed greens salad.",330.00,510.00,0.400
dish_1565208562,caesar salad,40.48,92.00,Caesar salad with croutons and parmesan cheese.,330.00,230.00,0.333
dish_1565208637,chicken thighs | white rice | caesar salad | brussels sprouts,250.19,305.00,Chicken and Brussel Sprout Salad with Croutons and Parmesan Cheese,355.00,265.00,0.333
dish_1565208611,brussels sprouts | caesar salad,73.67,157.00,A Caesar salad with some roasted brussels sprouts.,325.00,225.00,1.000
dish_1565209922,white rice | chicken thighs,201.57,169.00,Scrambled eggs on a plate,200.00,150.00,0.000
dish_1565209963,chicken thighs | white rice | brussels sprouts,244.46,253.00,A plate with chicken stir-fry and roasted brussels sprouts.,325.00,250.00,0.667
dish_1565210009,white rice | chicken thighs | brussels sprouts,263.82,290.00,"A plate with jackfruit, brussel sprouts, and green beans.",305.00,285.00,0.200
dish_1565210037,brussels sprouts | white rice | pineapple | chicken thighs,291.82,346.00,"A plate of food including chicken stir-fry, broccoli, green beans and potatoes.",436.00,520.00,0.143
dish_1565369938,bacon,167.71,31.00,A small serving of bacon.,135.00,25.00,1.000
dish_1565210073,brussels sprouts | white rice | pineapple | chicken thighs | caesar salad,364.42,511.00,"Plate with fried chicken, caesar salad, green beans, roasted brussels sprouts and broccoli, and boiled potatoes.",805.00,650.00,0.429
dish_1565369971,green beans | bacon,221.60,134.00,Green beans with bacon,270.00,130.00,1.000
dish_1565370004,bacon | scrambled eggs | green beans,570.88,370.00,"A plate with scrambled eggs, bacon, and green beans.",500.00,300.00,1.000
dish_1565378680,,92.42,81.00,A plate of couscous mixed with a small portion of leafy green vegetables.,270.00,130.00,0.000
dish_1565378731,carrot,154.36,207.00,A plate with couscous and roasted carrots.,280.00,270.00,1.000
dish_1565379251,carrot,32.94,67.00,A small portion of roasted carrots.,60.00,80.00,1.000
dish_1565378770,pork | carrot,319.28,287.00,"A plate of roasted carrots, pork and couscous",430.00,340.00,0.667
dish_1565379320,pork | sugar | white rice | carrot,404.01,247.00,Chicken stir-fry with rice and roasted carrots.,570.00,400.00,0.500
dish_1565379377,sugar | caesar salad | carrot | pork,470.01,397.00,"A plate of roasted sweet potatoes, pork stir-fry with rice, and Caesar salad.",650.00,500.00,0.400
dish_1565379788,carrot,49.65,101.00,Small serving of cooked carrots with a few salad greens.,55.00,110.00,1.000
dish_1565379827,carrot | rice noodles,150.53,235.00,chow mein and carrots on a white plate,350.00,245.00,0.333
dish_1565379868,pork | rice noodles | sugar | carrot,560.77,434.00,"A meal consisting of chow mein, stir-fried pork and rice, and roasted carrots.",880.00,600.00,0.400
dish_1565382733,pepperoni pizza,287.64,102.00,A slice of pepperoni pizza on a white plate.,320.00,120.00,1.000
dish_1565382762,pepperoni pizza,305.83,139.00,Pizza slice and several sweet peppers,450.00,225.00,1.000
dish_1565382803,roasted potatoes | pepperoni pizza,359.41,177.00,"A plate with two slices of pepperoni pizza, some roasted bell peppers, and roasted potatoes.",350.00,225.00,0.667
dish_1565382833,tofu | pepperoni pizza | roasted potatoes,396.64,228.00,"A plate with a slice of pizza, some roasted red bell pepper, tofu cubes and roasted eggplant.",470.00,340.00,0.400
dish_1565382969,spinach (raw),13.11,57.00,bowl of spinach,21.00,100.00,1.000
dish_1565382856,pepperoni pizza | tofu | rice noodles | roasted potatoes,446.33,294.00,"A plate with noodle salad, fried tofu, roasted vegetables, and a slice of pepperoni pizza.",675.00,445.00,0.600
dish_1565382995,spinach (raw) | cucumbers,23.21,158.00,Spinach and cucumber salad.,23.00,90.00,1.000
dish_1565383026,spinach (raw) | cucumbers,171.56,287.00,"A salad with spinach, cucumber, and kidney beans.",145.00,139.00,0.667
dish_1565383062,chicken,362.96,403.00,"Chicken salad with spinach, cucumber and olives.",385.00,280.00,0.250
dish_1565383097,chicken | parmesan cheese,479.25,430.00,"Salad with chicken, spinach, olives, cheese, and cucumber",347.00,210.00,0.500
dish_1565383128,parmesan cheese | chicken,600.28,456.00,"Chicken spinach salad with olives, cucumber, parmesan cheese and dressing",468.00,228.00,0.400
dish_1565383159,parmesan cheese | chicken,706.36,468.00,"Chicken and spinach salad with olives, cucumber, Parmesan cheese, and dressing",407.00,280.00,0.400
dish_1565627751,sweet potato,68.91,72.00,A small serving of roasted sweet potato.,130.00,100.00,1.000
dish_1565627800,sweet potato | egg whites,167.19,261.00,Plate of roasted sweet potato and scrambled egg whites.,220.00,300.00,1.000
dish_1565637162,pasta salad | pork,581.51,286.00,"A meal with rice, meat and salad.",450.00,350.00,0.333
dish_1565637123,pasta salad,229.71,114.00,"A mixed salad with greens, pasta, carrots, and apple.",195.00,290.00,0.333
dish_1565637504,pineapple,28.00,56.00,small serving of pineapple chunks,82.00,154.00,1.000
dish_1565637548,pineapple | quinoa,93.44,102.00,A meal consisting of buckwheat and pineapple.,232.00,250.00,0.333
dish_1565637578,pineapple | quinoa | chicken breast,197.30,168.00,"A plate with buckwheat, breaded chicken, pineapple, and red pepper.",537.00,475.00,0.500
dish_1565638287,pork | white rice,357.93,175.00,A plate of pork with rice and some greens,420.00,170.00,1.000
dish_1565637608,pork | quinoa | chicken breast | pineapple,422.29,278.00,"A plate of food containing rice, pineapple, tofu, buckwheat, and vegetables.",544.00,500.00,0.125
dish_1565638478,green beans,47.62,91.00,A serving of cooked asparagus.,40.00,200.00,0.000
dish_1565638323,pork | brown rice,467.82,274.00,A serving of pulled pork with rice and carrots and some greens.,560.00,290.00,0.667
dish_1565638365,pork | brown rice,612.35,389.00,"A plate with a mixed green salad, pulled pork, rice, and roasted vegetables.",500.00,500.00,0.667
dish_1565638515,pork | green beans,198.97,165.00,Plate of asparagus and cooked artichoke.,140.00,350.00,0.000
dish_1565638550,pork | chicken breast | green beans,277.66,215.00,"A plate of breaded chicken, asparagus, and artichoke with sesame seeds.",430.00,360.00,0.200
dish_1565382886,tofu | roasted potatoes | caesar salad | rice noodles | pepperoni pizza,470.09,348.00,"A meal consisting of salad, noodles, tofu, roasted vegetables, and pepperoni pizza slice.",750.00,700.00,0.500
dish_1565638599,green beans | pork | chicken breast | quinoa,368.70,279.00,"Chicken cutlet with a side of asparagus, buckwheat, and artichoke hearts",460.00,570.00,0.167
dish_1565640195,bell peppers,21.60,54.00,small salad of sliced bell peppers,20.00,100.00,1.000
dish_1565640427,brownies,195.76,42.00,Small pizza slice and a basil leaf on a white plate.,81.00,31.00,0.000
dish_1565640227,bell peppers | pepperoni pizza,334.62,165.00,A meal consisting of pepper salad and two slices of pizza.,450.00,300.00,0.500
dish_1565640272,bell peppers | pepperoni pizza | cherry tomatoes,377.82,405.00,"Plate with pizza, grape tomatoes, and bell pepper slices.",380.00,295.00,1.000
dish_1565640365,cherry tomatoes | chicken breast | pepperoni pizza,720.89,623.00,"A plate of assorted foods, including pizza, chicken, and vegetables.",910.00,670.00,0.750
dish_1565640549,tomatoes | arugula | mangos,45.48,139.00,"salad with asparagus, tomato and mango",105.00,315.00,0.500
dish_1565640528,arugula | mangos | tomatoes,38.55,105.00,A mixed green salad with tomato and mango.,93.00,310.00,0.667
dish_1565640576,white rice | pork,307.29,267.00,Pork and rice with mixed vegetables,515.00,445.00,0.400
dish_1565640601,chicken breast | pork,411.15,333.00,"A mixed salad with pork, rice, zucchini, tomatoes, asparagus and mango",470.00,510.00,0.167
dish_1565640772,chicken,241.17,191.00,A salad with mixed greens and grilled chicken,220.00,200.00,1.000
dish_1565640812,black beans | chicken,297.93,234.00,"Salad with greens, tofu, and black beans",370.00,300.00,0.333
dish_1565640842,chicken | black beans,307.43,329.00,"Salad with mixed greens, chicken, cucumber and beans",265.00,300.00,0.667
dish_1565640868,black beans | chicken,395.98,406.00,"Salad with mixed greens, cucumber, chicken and olives.",216.00,250.00,0.250
dish_1565640894,chicken | black beans | parmesan cheese,464.89,422.00,"Salad with mixed greens, cucumber, red grapes, parmesan cheese and chicken.",267.00,330.00,0.400
dish_1565641844,cheese pizza,244.63,92.00,A slice of pizza on a plate,320.00,120.00,1.000
dish_1565640914,black beans | parmesan cheese | chicken,774.29,457.00,"Salad with mixed greens, cucumber, grapes, croutons, and parmesan cheese",201.00,325.00,0.167
dish_1565641885,cheese pizza,254.22,139.00,Pizza slice and asparagus,350.00,220.00,1.000
dish_1565711083,bacon,178.53,33.00,Two strips of bacon on a white plate,200.00,50.00,1.000
dish_1565641915,cheese pizza | quinoa,326.76,190.00,"A plate with asparagus, buckwheat and two slices of pizza.",550.00,400.00,0.333
dish_1565641943,cheese pizza | quinoa | chicken breast,510.89,307.00,"Plate with asparagus, buckwheat, pizza, and sliced chicken breast.",720.00,420.00,0.500
dish_1565711115,bacon | egg whites,321.53,308.00,Plate of scrambled eggs and bacon,350.00,200.00,1.000
dish_1565711154,bacon | granola | egg whites,421.62,385.00,"A breakfast plate with scrambled eggs, bacon, and a small salad.",430.00,280.00,0.667
dish_1565711270,cantaloupe,31.62,93.00,Cantaloupe chunks on a plate,51.00,150.00,1.000
dish_1565711183,bacon | granola | egg whites | brussels sprouts,460.42,461.00,"Plate of food including cauliflower mash, bacon, Brussels sprouts, and mixed green salad",323.00,428.00,0.400
dish_1565711296,cantaloupe | grapes,43.35,110.00,A small plate with some cantaloupe and red grapes.,74.00,170.00,1.000
dish_1565711326,yam | cantaloupe | sweet potato,296.09,285.00,"A plate with cantaloupe, red grapes, and roasted potatoes",265.00,350.00,0.500
dish_1565711453,scrambled eggs,198.32,134.00,A plate of scrambled eggs.,160.00,100.00,1.000
dish_1565711358,yam | cantaloupe | sweet potato | egg whites,490.05,658.00,"A plate with cottage cheese, roasted sweet potato, cantaloupe, and grapes.",295.00,450.00,0.333
dish_1565711498,brussels sprouts | scrambled eggs,246.83,229.00,Plate with scrambled eggs and brussel sprouts.,280.00,250.00,1.000
dish_1565711527,brussels sprouts | scrambled eggs | hash browns,484.81,302.00,"Plate with scrambled eggs, hash browns and brussels sprouts",460.00,350.00,1.000
dish_1565721800,zucchini | chayote squash,33.35,171.00,Plate with sliced and sauteed yellow squash and zucchini.,45.00,175.00,1.000
dish_1565711570,brussels sprouts | scrambled eggs | hash browns | bacon,603.83,324.00,"Breakfast plate with scrambled eggs, bacon, hash browns, and Brussels sprouts.",680.00,390.00,1.000
dish_1565721828,zucchini | chayote squash | roasted potatoes,129.23,239.00,"A plate of mixed vegetables, including zucchini, yellow squash, and roasted potatoes. ",170.00,275.00,1.000
dish_1565724050,arugula,84.72,72.00,Arugula salad with onion slices on a white plate,45.00,110.00,0.500
dish_1565724196,broccoli,45.68,82.00,A serving of steamed broccoli.,55.00,170.00,1.000
dish_1565724087,chicken | arugula,230.61,160.00,A plate with a side salad and chicken.,280.00,250.00,0.500
dish_1565721855,chicken | roasted potatoes,479.03,450.00,"A plate of roasted chicken, yellow squash, roasted potatoes, lentils, and zucchini.",480.00,440.00,0.400
dish_1565724509,chayote squash | zucchini,30.81,158.00,small plate of cooked zucchini,60.00,200.00,0.500
dish_1565724235,chicken | broccoli,256.23,209.00,"A plate with broccoli, chicken breast and wheat",350.00,380.00,1.000
dish_1565724269,pizza | chicken | broccoli,527.55,311.00,"A plate of broccoli, chicken, lentils and pizza with squash",655.00,440.00,0.750
dish_1565724552,zucchini | broccoli | chayote squash,108.80,298.00,plate of cooked broccoli and squash with a pecan,98.00,322.00,0.500
dish_1565724588,broccoli | roasted potatoes | chayote squash,266.72,410.00,"Plate of roasted vegetables including broccoli, potatoes, yellow squash, and zucchini.",260.00,440.00,0.750
dish_1565724620,broccoli | roasted potatoes | chicken,473.95,535.00,"A plate with chicken wing, broccoli, zucchini and yellow squash, and roasted potatoes",475.00,500.00,0.750
dish_1565725009,,50.60,44.00,A small bowl of olives.,110.00,50.00,
dish_1565725047,carrot,77.66,110.00,A bowl of shredded carrots,50.00,100.00,1.000
dish_1565725071,carrot | bell peppers,109.66,190.00,A bowl of shredded carrots and sliced bell peppers (red and green).,105.00,325.00,1.000
dish_1565725123,bell peppers | carrot | chicken,430.27,444.00,"Salad with chicken, tomatoes and bell pepper.",280.00,400.00,0.750
dish_1565725095,cherry tomatoes | carrot | bell peppers,121.72,257.00,"Salad made of cherry tomatoes, carrots, and bell peppers.",90.00,320.00,1.000
dish_1565725156,carrot | bell peppers | chicken,452.67,500.00,"Chicken salad with red onion, cherry tomatoes, bell pepper and carrot shreds",275.00,390.00,0.600
dish_1565726812,broccoli,36.21,65.00,small portion of broccoli,25.00,85.00,1.000
dish_1565725188,bell peppers | chicken | parmesan cheese,543.12,521.00,"Salad with cherry tomatoes, red onions, Parmesan cheese, bread croutons, carrots and green bell pepper.",480.00,320.00,0.286
dish_1565725244,parmesan cheese | chicken | bell peppers | caesar dressing,573.55,590.00,"Chicken salad with tomatoes, red onion and parmesan cheese in a bowl.",690.00,410.00,0.333
dish_1565726848,broccoli | arugula,102.11,121.00,"Salad with broccoli, arugula, greens, onion slices and seeds.",65.00,160.00,0.667
dish_1565726887,roasted potatoes | arugula | broccoli,174.02,172.00,"A small salad with arugula, broccoli, roasted potatoes, and walnuts.",320.00,295.00,0.750
dish_1565727738,,2.52,9.00,"A simple salad of mixed greens, seemingly without dressing.",25.00,100.00,
dish_1565726915,roasted potatoes | squash | broccoli,196.88,251.00,"Plate of mixed vegetables including squash, zucchini, arugula salad, potatoes, broccoli, and walnuts.",295.00,535.00,0.500
dish_1565726949,roasted potatoes | beef,451.55,372.00,"A plate of roasted pork tenderloin with squash, arugula salad, broccoli, and zucchini.",470.00,525.00,0.000
dish_1565727765,broccoli,26.32,77.00,A salad with mixed greens and broccoli.,65.00,220.00,1.000
dish_1565727791,broccoli | parmesan cheese,121.07,99.00,"Salad with mixed greens, broccoli, and parmesan cheese",95.00,260.00,1.000
dish_1565727821,parmesan cheese | chicken | broccoli,281.12,196.00,"A salad with mixed greens, broccoli, grilled chicken, and parmesan cheese.",275.00,365.00,1.000
dish_1565727851,broccoli | parmesan cheese | chicken,406.47,305.00,"Salad with mixed greens, kidney beans, broccoli, chicken, and cheese.",360.00,335.00,0.750
dish_1565727875,parmesan cheese | black beans | chicken,485.67,365.00,"Salad with mixed greens, kidney beans, black beans, broccoli, and tofu.",360.00,430.00,0.167
dish_1565728388,cheese pizza,124.97,47.00,A single slice of pizza on a white plate.,250.00,100.00,1.000
dish_1565727921,black beans | chicken | parmesan cheese,768.55,397.00,"Salad with mixed greens, beans, broccoli and tofu",480.00,480.00,0.167
dish_1565728415,cheese pizza | beef,194.43,80.00,A small meal consisting of a slice of pizza and a cooked artichoke.,270.00,165.00,0.333
dish_1565728453,beef | cheese pizza | chicken,293.90,140.00,"A plate with a slice of pizza, cooked meat, and a chicken drumstick.",600.00,240.00,0.667
dish_1565728494,roasted potatoes | chicken | beef | cheese pizza,326.33,163.00,"A plate with pizza, roast beef, chicken, and potatoes.",590.00,290.00,1.000
dish_1565728562,beef | chicken | roasted potatoes | cheese pizza | squash,354.98,262.00,"A plate with a pizza slice, a chicken drumstick, roasted meat and roasted squash.",450.00,350.00,0.600
dish_1565728591,squash | beef | chicken | cheese pizza | roasted potatoes | broccoli,388.41,322.00,"A meal consisting of pizza, chicken leg, roast beef, broccoli, and zucchini.",670.00,475.00,0.571
dish_1565728634,chicken | beef | roasted potatoes | cheese pizza | pineapple,436.41,418.00,"A plate with pizza, chicken leg, roast beef, pineapple, broccoli, and zucchini.",660.00,555.00,0.571
dish_1565797645,watermelon,21.00,70.00,A small plate of watermelon chunks,31.00,100.00,1.000
dish_1565797671,watermelon,39.24,102.00,"A light fruit salad consisting of watermelon, strawberries and blueberries.",50.00,170.00,1.000
dish_1565728684,cheese pizza | beef | chicken | roasted potatoes | pineapple,493.30,464.00,"A plate with a mixed salad, pineapple chunks, roast chicken leg, pork, broccoli, squash and a pizza slice",670.00,610.00,0.375
dish_1565797699,granola | watermelon,128.93,171.00,Fruit salad with mixed greens,105.00,300.00,0.500
dish_1565798531,cherry tomatoes | lettuce | lime | onions | cucumbers,61.58,61.00,"Small salad with spinach, carrots, cucumber and a tomato",26.00,85.00,0.286
dish_1565797723,scrambled eggs | granola | watermelon,202.93,221.00,"A plate with watermelon, strawberries, blueberries, mixed greens and scrambled eggs.",240.00,400.00,0.667
dish_1565798558,broccoli,88.32,109.00,"Salad with spinach, carrots, cucumber, broccoli and tomato.",76.00,234.00,0.200
dish_1565798591,egg whites | broccoli,148.12,224.00,"Healthy meal with a salad, broccoli and mashed cauliflower",175.00,450.00,0.250
dish_1565799565,sweet potato | egg whites,240.01,396.00,A plate of scrambled egg whites and roasted sweet potatoes.,202.00,400.00,1.000
dish_1565799507,sweet potato,74.65,78.00,"Two plates with roasted sweet potatoes, and blueberries, cottage cheese, and strawberries.",285.00,280.00,0.500
dish_1565798617,egg whites | broccoli,197.71,311.00,"A healthy plate with salad, broccoli, cottage cheese and berries",215.00,450.00,0.250
dish_1565799597,egg whites | watermelon | sweet potato,258.31,457.00,"A plate of cottage cheese, roasted sweet potato, and watermelon.",330.00,410.00,0.500
dish_1565808943,cherry tomatoes,13.32,74.00,A bowl of cherry tomatoes,20.00,100.00,1.000
dish_1565799617,egg whites | watermelon | sweet potato,294.22,520.00,"A plate of cottage cheese, roasted sweet potatoes, blueberries and strawberries",370.00,430.00,0.250
dish_1565799663,salsa | watermelon | egg whites | sweet potato,314.81,591.00,"A plate with scrambled eggs, roasted sweet potato, watermelon, strawberries, and blueberries.",490.00,580.00,1.000
dish_1565808975,cherry tomatoes | onions,35.72,130.00,Red onion and cherry tomato salad,35.00,155.00,1.000
dish_1565809033,bell peppers | onions | tuna,341.42,433.00,Tuna salad with red onion and bell peppers in a bowl.,470.00,260.00,1.000
dish_1565809080,onions | tuna | carrot | bell peppers,362.74,485.00,"Bowl of tuna salad with shredded carrots, red onion and celery",365.00,330.00,0.600
dish_1565809120,bell peppers | onions | tuna | carrot,365.63,502.00,A bowl of tuna salad with shredded carrots.,350.00,300.00,0.500
dish_1565810146,arugula,36.45,29.00,Arugula salad.,20.00,100.00,1.000
dish_1565810205,tofu,126.97,153.00,A meal consisting of arugula salad and brown rice with vegetables.,325.00,300.00,0.000
dish_1565810969,spinach (raw),4.60,20.00,A bowl of fresh spinach.,20.00,100.00,1.000
dish_1565811000,chicken,342.85,225.00,A salad with chicken and spinach.,214.00,130.00,0.500
dish_1565810237,tofu | chicken thighs,349.87,306.00,"A meal consisting of arugula salad, brown rice with vegetables, and tofu stir-fry.",525.00,450.00,0.250
dish_1565811025,chicken | broccoli,361.05,277.00,"Salad with chicken, spinach and broccoli",315.00,280.00,0.667
dish_1565811061,chicken | carrot,380.32,324.00,"Salad with spinach, chicken, carrots and broccoli.",250.00,360.00,0.500
dish_1565811139,goat cheese | chicken,902.20,416.00,"Salad with spinach, carrots, broccoli, and tofu",180.00,305.00,0.000
dish_1565811091,chicken | goat cheese,504.40,371.00,"A salad consisting of spinach, shredded carrots, broccoli florets, and feta cheese.",237.00,276.00,0.200
dish_1565811287,bok choy,16.51,127.00,A small serving of bok choy,20.00,100.00,1.000
dish_1565811335,bok choy,121.48,219.00,"A plate with cooked lentils, butternut squash, and bok choy.",210.00,260.00,0.333
dish_1565811390,salmon | bok choy,205.09,266.00,"A plate of lentils with vegetables, bok choy, and chicken breast.",420.00,375.00,0.250
dish_1565811423,salmon | bok choy | chicken thighs,240.06,290.00,"A plate of food with bok choy, butternut squash, salmon and lentils.",400.00,365.00,0.400
dish_1565811529,spinach (raw),116.84,104.00,"A small mixed green salad with carrots, radishes, and red onion.",70.00,205.00,0.000
dish_1565812116,arugula,44.44,36.00,Small arugula salad with walnuts,225.00,70.00,0.500
dish_1565811588,chicken thighs,348.48,263.00,A plate with a salad and chicken salad.,425.00,350.00,0.500
dish_1565812146,arugula | pineapple,72.94,93.00,Arugula salad with pineapple and walnuts,162.00,210.00,0.667
dish_1565812186,chicken thighs | pineapple,324.98,266.00,"A plate with chicken stir-fry, arugula salad, and pineapple.",500.00,400.00,0.667
dish_1565813386,tofu,113.88,156.00,A plate of tofu with brown rice and vegetables.,430.00,300.00,0.333
dish_1565884692,egg whites,212.16,408.00,A plate of cottage cheese.,204.00,227.00,0.000
dish_1565813414,tofu,139.72,179.00,Salad with brown rice and fried tofu,508.00,310.00,0.250
dish_1565813446,tofu,202.68,230.00,"A salad with arugula, brown rice and tofu",505.00,360.00,0.250
dish_1565884738,watermelon | egg whites,228.66,463.00,A plate with watermelon and mozzarella cheese.,495.00,300.00,0.333
dish_1565884766,waffles | egg whites,469.61,546.00,"Breakfast of scrambled eggs, waffles, and watermelon.",463.00,370.00,0.667
dish_1565894858,cookies,132.84,27.00,A single chocolate cookie on a white plate.,210.00,40.00,0.000
dish_1565884833,egg whites | waffles | salsa,497.74,643.00,"A plate with waffle, queso fresco, watermelon, and salsa verde",420.00,250.00,0.400
dish_1565894889,cheese pizza | cookies,257.81,74.00,A snack of a pizza slice and a chocolate chip cookie,350.00,110.00,0.333
dish_1565895808,green beans,51.80,99.00,A plate of green beans,50.00,150.00,1.000
dish_1565894910,pizza | cheese pizza | cookies,537.11,179.00,"Two slices of pizza, one cheese and one pepperoni, served with a chocolate chip cookie.",800.00,300.00,0.500
dish_1565895879,kale | chard | green beans,96.68,231.00,A plate with green beans and kale.,120.00,350.00,0.667
dish_1565895966,kale | green beans | chard | beef,214.54,287.00,"A plate with steak, green beans, and kale.",375.00,350.00,0.500
dish_1565896662,chard | kale,19.38,57.00,A plate of sauteed swiss chard.,40.00,120.00,0.500
dish_1565896039,kale | quinoa | green beans | beef,352.53,384.00,"A plate with green beans, kale, roasted pork, and quinoa.",517.00,425.00,0.600
dish_1565896701,chard | kale | lime | garlic | cauliflower,294.47,184.00,beef stew with beet greens,280.00,250.00,0.000
dish_1565896745,arugula | garlic | walnuts | cauliflower | chard | kale | lime,368.54,244.00,Salmon with arugula and beet green salad.,305.00,350.00,0.111
dish_1565897617,green beans,356.83,211.00,A plate with cooked rice and green beans,201.00,200.00,0.500
dish_1565897569,cauliflower | garlic | lime,324.91,150.00,A serving of buckwheat with vegetables and spinach.,187.00,180.00,0.000
dish_1565897680,blue cheese | walnuts,770.45,405.00,"A plate with green beans, mixed green salad, and some grain salad.",256.00,330.00,0.000
dish_1565898128,salmon | brown rice,209.03,134.00,A plate with baked fish and brown rice,350.00,250.00,0.333
dish_1565898158,salmon | green beans | brown rice,240.43,194.00,A plate of fish with green beans and rice.,400.00,325.00,0.500
dish_1565898193,brown rice | green beans | salmon,291.91,268.00,"A plate with cooked fish, green beans, mixed greens, and brown rice.",330.00,400.00,0.500
dish_1565898331,salmon | brown rice,155.99,100.00,A small serving of fish with rice and spinach,226.00,210.00,0.250
dish_1565898230,beef | salmon,780.20,500.00,"A meal consisting of fish, brown rice, a green salad, green beans, and meatloaf.",680.00,575.00,0.000
dish_1565898361,beef | salmon,370.67,202.00,"A meal with steak, rice and spinach with a side of olives, tomatoes and carrots.",480.00,290.00,0.000
dish_1565898402,salmon | beef,384.80,229.00,"A meal consisting of steak, spinach, rice, and green beans with a side dish of black olives, tomatoes, and carrots.",465.00,500.00,0.000
dish_1565898432,salmon | beef,450.22,282.00,"A plated meal with beef, brown rice, green beans, mixed greens, olives, tomatoes, and shredded carrots.",540.00,470.00,0.167
dish_1565898489,,46.00,40.00,"Two plates with kalamata olives and another plate with fish, tomatoes and green beans.",225.00,300.00,0.000
dish_1565898511,cherry tomatoes,57.16,102.00,A small plate with cherry tomatoes and olives,80.00,150.00,1.000
dish_1565898544,cherry tomatoes | salmon | brown rice,181.95,182.00,"A plate with fish, cherry tomatoes, and olives.",200.00,230.00,0.250
dish_1565898590,salmon | cherry tomatoes | carrot | brown rice,212.70,257.00,"A plate with cod, cherry tomatoes, olives, carrots, and a separate plate with green beans.",259.00,435.00,0.286
dish_1565898659,tuna | salmon | carrot,576.70,537.00,"A plate with tuna salad, grated carrots, olives, cherry tomatoes, sardines and a hard boiled egg.",625.00,500.00,0.333
dish_1565898723,tuna | salmon | carrot,603.39,588.00,"A plate of tuna salad, boiled egg, cherry tomatoes, kalamata olives, shredded carrots, and green beans.",605.00,600.00,0.286
dish_1565972363,egg whites,289.64,557.00,A plate of feta cheese,396.00,165.00,0.000
dish_1565898758,tuna | carrot | salmon,612.99,612.00,"A plate with tuna salad, green beans, shredded carrots, olives, cherry tomatoes, fish and red onion.",435.00,425.00,0.286
dish_1565972384,sweet potato | egg whites,432.24,706.00,Roasted potatoes and cottage cheese,440.00,370.00,0.333
dish_1565972429,egg whites | sweet potato | salsa,468.49,831.00,Yam with fried potatoes and stew,610.00,530.00,0.200
dish_1565972591,chicken apple sausage,195.20,122.00,A small portion of sausage and scrambled egg.,159.00,58.00,0.500
dish_1565972628,chicken apple sausage | scrambled eggs,545.96,359.00,A plate with scrambled eggs and sausage.,500.00,230.00,1.000
dish_1565972674,scrambled eggs | chicken apple sausage,613.59,426.00,"A plate of scrambled eggs, sausage, and a small spinach salad with shredded carrots.",450.00,270.00,0.667
dish_1565974375,bacon,459.85,85.00,A plate of bacon,250.00,50.00,1.000
dish_1565972715,scrambled eggs | chicken apple sausage,657.55,510.00,"A plate with scrambled eggs, sausage, green beans, and spinach salad with carrots",600.00,400.00,0.500
dish_1565974409,chicken apple sausage | bacon,688.65,228.00,Plate of bacon and sliced sausage,550.00,150.00,1.000
dish_1565981769,carrot,23.10,47.00,small portion of black sapote on a white plate,170.00,200.00,0.000
dish_1565981802,carrot | tofu,99.75,152.00,"A plate with tofu, carrots, beets and celery.",146.00,270.00,0.500
dish_1565981848,carrot | tofu | fish,147.41,198.00,"A plate with fish and grains, tofu and carrots, and roasted beets.",480.00,370.00,0.500
dish_1565984245,carrot,38.34,78.00,"A small serving of carrots on a white plate, with one black bean.",63.00,131.00,0.500
dish_1565981898,fish | tofu | arugula | carrot,260.98,290.00,"A plate of mixed vegetables with arugula, tofu, carrots, beets, lentils and mushrooms.",375.00,515.00,0.429
dish_1565984299,carrot | cauliflower,93.34,298.00,A plate of cooked carrots and cooked cauliflower,125.00,350.00,1.000
dish_1565984345,cauliflower | ground turkey | carrot,210.36,353.00,"A meal consisting of meatloaf, carrots, and cauliflower.",382.00,430.00,0.500
dish_1565984434,quinoa | ground turkey | cauliflower | carrot,319.89,430.00,"A plate with carrots, cauliflower, buckwheat and meatloaf.",450.00,475.00,0.333
dish_1565986702,fish,211.34,204.00,Plate of herring with lentils and spinach,290.00,235.00,0.000
dish_1565986733,ground turkey | fish,387.93,287.00,"A plate with a chile relleno, lentils, and spinach.",530.00,330.00,0.000
dish_1565987015,spinach (raw),14.72,64.00,A bowl of fresh spinach.,14.00,86.00,1.000
dish_1565987054,spinach (raw) | chicken,260.57,213.00,A salad with spinach and tofu.,220.00,250.00,0.333
dish_1565987081,spinach (raw) | chicken,268.07,288.00,"A salad with spinach, cucumber, and chicken.",236.00,227.00,0.667
dish_1565987116,chicken,393.42,397.00,"Salad with spinach, cucumber, chicken and olives.",244.00,285.00,0.250
dish_1565987142,parmesan cheese | chicken,518.32,426.00,"Spinach salad with kalamata olives, cucumber, parmesan cheese, and grilled chicken pieces.",510.00,290.00,0.400
dish_1565987269,cheese pizza,119.65,45.00,A single slice of pizza on a white plate.,250.00,100.00,1.000
dish_1565987201,parmesan cheese | caesar dressing | chicken,560.66,522.00,"Salad with spinach, chicken, cucumber, olives, parmesan cheese and creamy dressing.",550.00,310.00,0.400
dish_1565987298,ground turkey | cheese pizza,211.14,88.00,Slice of pizza and a slice of meatloaf on a white plate.,450.00,180.00,0.333
dish_1566316496,bell peppers,121.10,64.00,A salad made with spinach and shredded carrots,30.00,105.00,0.000
dish_1566316525,bacon,223.89,83.00,A small spinach salad with bacon.,250.00,150.00,0.500
dish_1566316558,scrambled eggs | bacon,490.29,263.00,"A breakfast meal with scrambled eggs, bacon, and a spinach salad.",500.00,350.00,0.667
dish_1566316587,bacon | scrambled eggs | hash browns,646.77,311.00,"Breakfast plate with scrambled eggs, hash browns, bacon, and a small spinach salad",750.00,500.00,0.750
dish_1566316681,sweet potato,116.76,122.00,Small serving of fried tofu,150.00,75.00,0.000
dish_1566316612,hash browns | bacon | scrambled eggs,665.24,367.00,"A plate of scrambled eggs with hash browns, bacon, spinach salad, and roasted eggplant.",800.00,550.00,0.600
dish_1566316726,egg whites | sweet potato,409.52,685.00,A plate with scrambled eggs and roasted potatoes,360.00,300.00,1.000
dish_1566317711,oatmeal,123.76,182.00,Breakfast of oatmeal with strawberries and blackberries,225.00,500.00,1.000
dish_1566316757,sweet potato | egg whites | salsa,448.38,819.00,A plate of cottage cheese and fried potatoes with salsa verde,380.00,377.00,0.500
dish_1566317775,oatmeal,237.40,410.00,A bowl of raspberries.,52.00,100.00,0.000
dish_1566317742,oatmeal,154.72,254.00,A breakfast consisting of oatmeal with blackberries and a side of strawberries.,240.00,420.00,1.000
dish_1566317801,brown sugar | oatmeal,275.40,420.00,A bowl of raspberries with some brown sugar sprinkled on top.,115.00,138.00,0.500
dish_1566328724,chicken,275.55,167.00,A plate of diced chicken.,220.00,100.00,1.000
dish_1566328745,chicken,282.03,203.00,A plate of diced chicken and cherry tomatoes.,235.00,150.00,0.500
dish_1566328776,chicken | pizza,901.81,436.00,"A plate of Hawaiian pizza, diced chicken, and cherry tomatoes.",780.00,400.00,0.667
dish_1566328805,pizza | chicken,927.81,488.00,"A plate of pineapple pizza, diced chicken, pineapple chunks, and cherry tomatoes.",650.00,400.00,0.500
dish_1566328894,cheese pizza,236.65,89.00,Two slices of pizza on a white plate.,400.00,150.00,1.000
dish_1566328831,pizza | chicken,941.61,500.00,"A plate of food containing Hawaiian pizza slices, diced chicken, cherry tomatoes, pineapple chunks and olives.",690.00,440.00,0.500
dish_1566328929,beef | cheese pizza,396.61,165.00,A plate with a pizza slice and grilled beef steak,600.00,250.00,1.000
dish_1566328961,cheese pizza | millet | beef | chicken,605.82,308.00,"Pizza, chicken, and beef on a plate",700.00,300.00,0.750
dish_1566328988,beef | fried rice | chicken | cheese pizza,747.75,398.00,"A plate of pizza, cooked chicken, rice, and beef steak.",900.00,470.00,1.000
dish_1566329021,beef | cheese pizza | chicken | fried rice,792.68,486.00,"A plate with pizza, steak, Brussels sprouts, yellow rice and stuffed chicken.",1010.00,540.00,0.600
dish_1566329203,cauliflower,94.25,377.00,A plate of cauliflower florets,140.00,400.00,1.000
dish_1566329049,beef | chicken | cheese pizza | fried rice,814.93,575.00,"A plate with pizza, chicken, rice pilaf, Brussels sprouts, cauliflower, and beef slices.",1065.00,640.00,0.667
dish_1566329234,cauliflower | beef,262.63,457.00,A plate with cauliflower and sliced meatloaf,415.00,400.00,0.333
dish_1566329257,tofu | beef | cauliflower,321.03,537.00,"A meal with cauliflower, meat loaf, and tofu.",700.00,600.00,0.500
dish_1566330399,millet | beef,265.19,126.00,A serving of tuna salad with a side of leafy greens on a white plate.,260.00,180.00,0.000
dish_1566330428,beef | millet | cauliflower,290.69,228.00,"A plate with beef steak, cauliflower and spinach.",315.00,330.00,0.500
dish_1566330466,beef | fried rice | cauliflower,377.43,283.00,"Roast beef with saffron rice, cauliflower, and spinach on a plate.",455.00,430.00,0.750
dish_1566331801,chicken | millet,296.99,203.00,Chicken with tomato sauce served on a white plate,250.00,150.00,0.500
dish_1566331828,chicken | millet | brussels sprouts,349.58,306.00,A plate with chicken parmesan and brussels sprouts.,325.00,225.00,0.667
dish_1566331868,brussels sprouts | millet | chicken | fried rice,453.67,372.00,"A plate with chicken in tomato sauce, yellow rice and roasted brussel sprouts.",465.00,345.00,0.750
dish_1566332040,spinach (raw),14.95,65.00,A bowl of spinach.,21.00,100.00,1.000
dish_1566331914,chicken | fried rice | brussels sprouts | millet,589.50,481.00,"A plate of fish with tomato sauce, salad, rice, and roasted brussels sprouts.",700.00,550.00,0.333
dish_1566332085,spinach (raw) | cucumbers,24.75,163.00,A salad with spinach and cucumber.,24.00,152.00,1.000
dish_1566332116,spinach (raw) | cucumbers,153.55,275.00,"A salad with spinach, cucumber, and kidney beans.",173.00,270.00,0.667
dish_1566332154,chicken,401.05,425.00,"A salad with chicken, spinach, grapes and cucumbers.",312.00,275.00,0.250
dish_1566332193,avocado | chicken,527.45,504.00,"Salad with spinach, chicken, avocado, and black beans.",510.00,380.00,0.500
dish_1566333118,cheese pizza,239.31,90.00,Two slices of pizza,560.00,200.00,1.000
dish_1566332268,chicken | avocado | caesar dressing,567.58,595.00,"Salad with spinach, chicken, avocado, black beans, and dressing",550.00,355.00,0.400
dish_1566333167,beef | cheese pizza,344.54,140.00,A meal consisting of pizza slices and pesto chicken.,550.00,270.00,0.333
dish_1566333194,cheese pizza | beef | chicken,461.59,220.00,"Two slices of pizza, a side dish of a green vegetable, and a baked chicken drumstick on a white plate.",750.00,355.00,0.500
dish_1566333228,beef | caesar salad | chicken | cheese pizza,498.55,304.00,"Plate with two slices of pizza, Caesar salad, a chicken leg, and some cooked meat.",900.00,525.00,0.750
dish_1566333255,caesar salad | cheese pizza | chicken | beef,515.55,372.00,"A plate with a variety of foods including pizza, salad, cauliflower, chicken, and meatloaf.",940.00,560.00,0.500
dish_1566333291,caesar salad | brussels sprouts | beef | chicken | cheese pizza,549.76,439.00,"A plate with pizza, Caesar salad, chicken, cauliflower, and Brussels sprouts.",775.00,525.00,0.667
dish_1566402041,egg whites,231.92,446.00,A plate of cubed paneer cheese.,450.00,200.00,0.000
dish_1566333324,cheese pizza | caesar salad | chicken | beef | fried rice,608.10,476.00,"A plate of mixed foods including pizza, salad, chicken, meatloaf, rice and vegetables",1210.00,705.00,0.500
dish_1566402095,sweet potato | yam | egg whites,421.12,577.00,A simple meal consisting of cottage cheese and roasted sweet potatoes.,350.00,357.00,0.250
dish_1566402123,egg whites | watermelon | yam | sweet potato,445.12,657.00,"A plate with cottage cheese, roasted sweet potato, and watermelon.",375.00,505.00,0.400
dish_1566402160,egg whites | watermelon | yam | sweet potato,458.72,697.00,"Plate with cottage cheese, sweet potato, cantaloupe, and watermelon.",326.00,525.00,0.333
dish_1566413321,spinach (raw),14.03,61.00,A bowl of fresh spinach,28.00,100.00,1.000
dish_1566413356,spinach (raw) | chicken,183.98,164.00,Spinach salad with diced chicken breast.,220.00,200.00,1.000
dish_1566402197,egg whites | yam | sweet potato,480.95,736.00,"A plate of food containing cottage cheese, roasted sweet potatoes, watermelon, cantaloupe, strawberries and blueberries.",505.00,650.00,0.167
dish_1566402232,salsa | egg whites | yam | sweet potato,511.40,841.00,"A plate of cottage cheese, sweet potatoes, and mixed fruit.",490.00,715.00,0.143
dish_1566413388,chicken | spinach (raw) | broccoli,207.43,231.00,"Salad with spinach, chicken, and broccoli",222.00,275.00,1.000
dish_1566413419,chicken | avocado | broccoli,285.83,280.00,"A salad with spinach, chicken, avocado and broccoli",408.00,445.00,0.750
dish_1566413445,chicken | avocado | broccoli,377.83,360.00,"Salad with spinach, broccoli, chicken, olives, and avocado",584.00,423.00,0.750
dish_1566413469,chicken | avocado | parmesan cheese | broccoli,459.66,379.00,"Salad with spinach, broccoli, grapes, parmesan, and avocado.",320.00,375.00,0.500
dish_1566413510,parmesan cheese | chicken | avocado,751.38,412.00,"Salad with spinach, broccoli, avocado, black beans, and Parmesan cheese.",467.00,327.00,0.333
dish_1566414225,quinoa,125.18,88.00,Quinoa salad with vegetables,245.00,350.00,0.250
dish_1566414291,roasted potatoes | quinoa,345.14,244.00,A plate of roasted potatoes and couscous salad with vegetables.,400.00,350.00,0.333
dish_1566414342,chicken | quinoa | roasted potatoes,846.37,552.00,"A plate of food containing roasted potatoes, couscous salad with vegetables and a grain dish with a white creamy sauce.",730.00,470.00,0.200
dish_1566414611,chicken,105.60,64.00,A plate with diced chicken breast and wasabi.,130.00,105.00,0.500
dish_1566414642,roasted potatoes | chicken,219.81,145.00,A plate with diced chicken and roasted potatoes.,250.00,180.00,1.000
dish_1566414412,quinoa | chicken | roasted potatoes,920.12,658.00,"A plate with a variety of food items including roasted potatoes, salad mix, quinoa salad, and casserole.",700.00,570.00,0.400
dish_1566414686,roasted potatoes | chicken,646.18,407.00,"A plate with cubed chicken, roasted potatoes, and chicken salad.",600.00,450.00,1.000
dish_1566414723,chicken | fish | roasted potatoes,728.81,482.00,"A plate with diced chicken breast, roasted potatoes and egg salad.",705.00,550.00,0.500
dish_1566414754,roasted potatoes | fish | chicken,755.50,533.00,"A meal consisting of tofu, green beans, potato, and scrambled egg whites with spinach.",360.00,500.00,0.167
dish_1566414891,arugula | roasted potatoes,213.99,163.00,Arugula salad with roasted potatoes.,225.00,250.00,1.000
dish_1566414780,chicken | fish | caesar salad | roasted potatoes,807.42,651.00,"A plate of mixed food items including tofu, green beans, salad, mushroom, scrambled eggs, and fried tofu.",722.00,775.00,0.000
dish_1566415520,green beans,74.82,143.00,A serving of steamed or blanched green beans on a white plate.,31.00,100.00,1.000
dish_1566414924,roasted potatoes | arugula | green beans,247.48,227.00,"A light meal consisting of roasted potatoes, arugula salad with some toppings, and green beans.",285.00,380.00,1.000
dish_1566415558,fish | green beans,169.10,234.00,A plate with green beans and fried fish.,325.00,250.00,1.000
dish_1566416299,green beans,45.00,86.00,Plate of green beans,50.00,150.00,1.000
dish_1566416339,eggplant | green beans,77.98,186.00,A plate with green beans and fried eggplant.,295.00,270.00,1.000
dish_1566415591,broccoli | green beans | fish,214.78,316.00,"Healthy meal with green beans, broccoli, mushrooms, and chicken breast.",232.00,500.00,0.400
dish_1566416388,roasted potatoes | eggplant | green beans,259.87,315.00,"A plate with green beans, roasted eggplant, and roasted potatoes.",320.00,500.00,1.000
dish_1566416421,green beans | fish | roasted potatoes | eggplant,313.74,367.00,"A plate with green beans, potatoes, eggplant and a piece of baked fish.",431.00,480.00,1.000
dish_1566416701,chicken,198.54,122.00,Chicken salad with lettuce on a plate.,255.00,170.00,0.500
dish_1566416455,eggplant | green beans | chicken | fish | roasted potatoes,372.33,403.00,"A plate with fish, green beans, eggplant, and potatoes.",520.00,570.00,0.800
dish_1566417442,eggplant,93.83,158.00,A plate with eggplant and salad.,170.00,280.00,1.000
dish_1566417398,celery root | cherry tomatoes,56.89,46.00,A meal consisting of chicken stir fry and a mixed green salad.,250.00,250.00,0.000
dish_1566417475,roasted potatoes | eggplant,150.23,198.00,"Eggplant, salad, and potato on a plate",195.00,350.00,1.000
dish_1566417516,eggplant | fish | roasted potatoes,385.40,425.00,"A meal with roasted eggplant, fish, rice, potato, and salad.",730.00,700.00,0.600
dish_1566419510,cheese pizza,273.88,103.00,Three slices of pizza with tomato sauce and cheese on a white plate,720.00,255.00,1.000
dish_1566419546,caesar salad | cheese pizza,306.44,177.00,A plate with Caesar salad and pizza.,780.00,400.00,1.000
dish_1566419577,caesar salad | cheese pizza,323.70,210.00,"A meal consisting of pizza, caesar salad, and green beans.",680.00,400.00,0.667
dish_1566419603,caesar salad | roasted potatoes | cheese pizza,382.92,252.00,"A plate with pizza, Caesar salad, green beans, and roasted potatoes",830.00,500.00,0.750
dish_1566488905,sweet potato,82.31,86.00,A plate of cantaloupe and roasted potatoes,151.00,225.00,0.500
dish_1566419635,roasted potatoes | caesar salad | cheese pizza | chicken,605.87,389.00,"Plate of salad, pizza, chicken, green beans, and potatoes",980.00,670.00,0.800
dish_1566488928,cantaloupe | sweet potato,103.05,147.00,Roasted potatoes and cantaloupe cubes on a white plate.,200.00,250.00,1.000
dish_1566499564,,42.55,37.00,Small serving of olives on a white plate.,75.00,30.00,0.000
dish_1566488956,egg whites | sweet potato | cantaloupe,280.89,489.00,"A plate with roasted potatoes, cantaloupe, and scrambled eggs",530.00,500.00,1.000
dish_1566488981,cantaloupe | sweet potato | egg whites,279.33,486.00,"A plate with scrambled eggs, roasted potatoes and cantaloupe",430.00,440.00,1.000
dish_1566500963,spinach (raw),5.75,25.00,Bowl of fresh spinach,14.00,70.00,1.000
dish_1566499686,pork | sugar,674.71,388.00,"Rice with meat, salad and olives on a plate",525.00,400.00,0.000
dish_1566499633,spinach (raw),161.39,139.00,"Spinach salad with broccoli, artichoke, red bell pepper, black olives and red onions.",120.00,295.00,0.200
dish_1566500988,spinach (raw) | carrot,21.33,63.00,A simple salad with spinach and shredded carrots,49.00,161.00,1.000
dish_1566501012,carrot,132.88,160.00,"A salad containing spinach, olives and shredded carrots.",143.00,174.00,0.333
dish_1566501041,carrot | parmesan cheese,279.32,194.00,"Salad with spinach, olives, carrots, and parmesan cheese",255.00,210.00,0.667
dish_1566501067,parmesan cheese | chicken,464.12,306.00,"Salad with spinach, grapes, chicken, parmesan cheese, and carrot shreds.",508.00,320.00,0.400
dish_1566501126,parmesan cheese | chicken | avocado,564.92,369.00,"Salad with spinach, chicken, avocado, carrots, parmesan cheese, and black beans",609.00,366.00,0.500
dish_1566501258,onions,12.00,30.00,Sliced red onion in a bowl,20.00,70.00,1.000
dish_1566501153,parmesan cheese | chicken | avocado,1006.92,419.00,"Salad with spinach, chicken, avocado, olives, parmesan and carrots",535.00,315.00,0.600
dish_1566501293,onions,41.90,56.00,A small salad with red onion slices and kalamata olives in a metal bowl.,65.00,100.00,0.500
dish_1566501324,onions | carrot,65.27,113.00,"Bowl of shredded carrots, olives, and onion.",100.00,145.00,1.000
dish_1566501352,cherry tomatoes | onions | carrot,75.53,170.00,"A simple salad with shredded carrots, cherry tomatoes and onions.",80.00,180.00,1.000
dish_1566501382,tuna | carrot,283.53,330.00,"Tuna salad with carrots, tomatoes, and celery.",342.00,250.00,0.500
dish_1566501447,tuna | carrot,286.76,349.00,"Tuna salad with shredded carrots, cherry tomatoes, and olives",420.00,380.00,0.667
dish_1566501473,carrot | almonds | tuna,413.94,371.00,"A salad with tuna, carrots, almonds, and tomato",390.00,240.00,0.750
dish_1566501575,brownies,251.69,54.00,"Tuna salad with tomatoes, carrots and raisins in a bowl",465.00,325.00,0.000
dish_1566501594,brownies,508.05,109.00,"Tuna salad with carrots, cherry tomatoes and brownies in a bowl",645.00,390.00,0.250
dish_1566502000,bok choy,63.01,184.00,A serving of stir-fried bok choy.,80.00,200.00,1.000
dish_1566502033,corn on the cob | bok choy,136.22,253.00,A plate with mustard greens and two corn slices.,120.00,260.00,0.500
dish_1566502061,pork | corn on the cob | bok choy,408.34,385.00,"Plate with bok choy, grilled pork, and corn",505.00,500.00,1.000
dish_1566502437,spinach (raw),74.56,64.00,Spinach and broccoli salad,41.00,120.00,0.333
dish_1566502315,pork | caesar salad | chicken,577.18,495.00,"A meal with caesar salad, breaded chicken breast, rice with pork, spinach salad, and corn.",1030.00,700.00,0.600
dish_1566502472,spinach (raw) | corn on the cob,132.92,119.00,Spinach salad with a slice of corn on the cob,80.00,175.00,1.000
dish_1566502271,caesar salad | chicken,296.82,359.00,"A meal consisting of caesar salad, fried chicken, spinach salad and corn.",780.00,550.00,0.500
dish_1566502505,pork | corn on the cob | sugar,454.52,275.00,"A meal with pork tenderloin, spinach salad, corn on the cob and turmeric rice.",470.00,410.00,0.400
dish_1566587102,chicken | millet,213.60,146.00,A serving of chicken parmesan with a garnish.,351.00,151.00,0.333
dish_1566502537,corn on the cob | pork | chicken | sugar,517.64,315.00,"Pork tenderloin with spinach, corn, rice, broccoli and an olive.",485.00,440.00,0.286
dish_1566502573,chicken | pork | sugar | corn on the cob | chickpeas,821.51,487.00,"A plate with grilled chicken, chickpea salad, spinach, corn, and rice.",640.00,550.00,0.429
dish_1566587143,chicken | avocado | millet,354.40,234.00,A meal with avocado and a baked dish,410.00,250.00,0.333
dish_1566587689,salmon | kale | brown rice | chard,196.85,270.00,"A plate with swiss chard, salmon and some rice.",450.00,400.00,0.750
dish_1566587714,salmon | chicken | chard | kale | millet,347.54,373.00,A plate with swiss chard and crusted chicken and salmon.,580.00,370.00,0.600
dish_1566587182,avocado | chicken,531.26,377.00,"A plate with fried chicken, avocado slices and a mixed green salad with tomatoes and bell peppers.",660.00,540.00,0.500
dish_1566587958,brown rice | salmon,398.50,224.00,Three pieces of salmon with green onion garnish and a small arugula leaf on a white plate.,303.00,153.00,0.250
dish_1566588016,salmon | brown rice | carrot,472.23,374.00,A meal consisting of salmon and roasted carrots.,500.00,300.00,0.667
dish_1566589967,millet | chicken | tofu,381.66,322.00,A plate with Vietnamese Salad and fried rice.,600.00,350.00,0.000
dish_1566588066,carrot | pineapple | brown rice | salmon,566.23,562.00,"Plate of salmon, roasted red peppers, and pineapple.",475.00,500.00,0.500
dish_1566589933,tofu,89.06,122.00,"A light meal with coleslaw, tofu, and cauliflower.",300.00,300.00,0.333
dish_1566590536,carrot,25.07,51.00,A small serving of roasted carrots on a white plate.,80.00,100.00,1.000
dish_1566590566,carrot | salmon | brown rice,186.96,142.00,A plate of roasted sweet potatoes and cooked salmon.,340.00,185.00,0.250
dish_1566590056,tofu | chicken | pizza,815.65,519.00,"A plate with tofu salad, quinoa, pizza, and spinach",680.00,550.00,0.400
dish_1566590987,chicken | salmon | brown rice,639.91,370.00,"A meal with salmon, tofu, and roasted vegetables.",665.00,590.00,0.167
dish_1566591048,chicken salad | chicken | salmon,876.20,481.00,"Plate with grilled salmon, olives, roasted potatoes, tofu and salad.",905.00,650.00,0.200
dish_1566590946,brown rice | salmon,405.61,228.00,"A meal with salmon, bell peppers, scallions, microgreens and roasted vegetables.",523.00,415.00,0.167
dish_1566592456,caesar salad,55.44,126.00,A small portion of Caesar salad with croutons,230.00,220.00,0.500
dish_1566591080,salmon | chicken | chicken salad,909.63,549.00,"Plate of salmon, chicken, potatoes, and roasted vegetables",800.00,650.00,0.500
dish_1566835603,sweet potato,63.17,66.00,A meal consisting of mashed potatoes and sweet potato cubes.,280.00,280.00,1.000
dish_1566838286,pineapple,72.50,145.00,A plate of pineapple chunks.,75.00,150.00,1.000
dish_1566835641,sweet potato | egg whites,312.77,546.00,A plate of scrambled eggs with a side of roasted sweet potato,426.00,265.00,1.000
dish_1566835701,egg whites | salsa | sweet potato,370.19,744.00,Cottage cheese with roasted sweet potatoes and green sauce,400.00,410.00,0.250
dish_1566838317,watermelon | pineapple,114.20,284.00,Plate of pineapple and watermelon chunks,120.00,300.00,1.000
dish_1566838351,watermelon | pineapple,190.01,417.00,"A fruit salad consisting of watermelon, pineapple, blackberries, and raspberries.",175.00,400.00,1.000
dish_1566838378,scrambled eggs | watermelon | pineapple,286.21,482.00,"A plate of scrambled eggs and mixed fruits including watermelon, raspberries, blackberries, and pineapple.",290.00,400.00,1.000
dish_1566844766,caesar salad,72.16,164.00,Caesar salad with croutons on a white plate.,350.00,270.00,0.500
dish_1566844803,caesar salad | pepperoni pizza,249.82,227.00,A Caesar salad with two slices of pepperoni pizza.,640.00,380.00,1.000
dish_1566838407,pineapple | scrambled eggs | sweet potato | watermelon,358.95,558.00,A plate of mixed fruit with sweet potato and scrambled eggs,380.00,545.00,1.000
dish_1566846997,pork,343.71,168.00,A plate of pork stir fry.,350.00,200.00,1.000
dish_1566844850,pork | pepperoni pizza | caesar salad,491.24,345.00,"A meal consisting of Caesar Salad, meatloaf, and a couple of slices of pepperoni pizza.",1000.00,650.00,0.500
dish_1566847043,squash | pork,434.88,483.00,A plate with pork and zucchini slices.,320.00,300.00,0.333
dish_1566847431,quinoa,101.24,90.00,A small portion of baked chicken breast with a garnish of arugula on a white plate.,202.00,110.00,0.000
dish_1566847483,pork | quinoa,476.23,314.00,A plate with meatloaf and salad.,500.00,300.00,0.000
dish_1566847454,pork | quinoa,346.75,210.00,Roast pork with cabbage salad and arugula.,352.00,205.00,0.250
dish_1566849208,,19.60,70.00,A mixed green salad.,30.00,150.00,
dish_1566849233,avocado,94.80,117.00,A small salad with mixed greens and avocado.,120.00,200.00,1.000
dish_1566849295,avocado | parmesan cheese,348.75,239.00,"Salad with mixed greens, parmesan cheese and olives",205.00,170.00,0.333
dish_1566849327,parmesan cheese | avocado | chicken,551.70,362.00,"A salad with chicken, kidney beans, avocado, lettuce and parmesan cheese",580.00,385.00,0.600
dish_1566849387,parmesan cheese | caesar salad | chicken | avocado,619.90,517.00,"A salad with mixed greens, chicken, black olives, croutons, and a creamy dressing.",445.00,280.00,0.200
dish_1566849862,,77.05,67.00,A bowl of dates.,168.00,70.00,0.000
dish_1566849895,carrot,112.31,153.00,A bowl of shredded carrots.,50.00,100.00,1.000
dish_1566849923,cherry tomatoes | carrot,127.97,240.00,A salad of shredded carrots and cherry tomatoes in a metal bowl.,80.00,180.00,1.000
dish_1566849955,onions | cherry tomatoes | carrot,147.17,288.00,"A salad with shredded carrots, red onion and cherry tomatoes.",88.00,263.00,1.000
dish_1566849987,carrot | chicken,562.97,540.00,"Chicken salad with shredded carrots, cherry tomatoes, and red onion.",390.00,325.00,0.500
dish_1566850031,carrot | chicken | caesar dressing,616.77,662.00,"Chicken salad with hummus, carrots, tomatoes, and red onion",530.00,425.00,0.333
dish_1566850099,onions | cucumbers | lettuce | lime | cherry tomatoes,113.06,112.00,"Small salad with mixed greens, broccoli and carrots",60.00,190.00,0.000
dish_1566851115,spinach (raw),81.55,70.00,Spinach salad with vinaigrette and strawberries.,85.00,140.00,1.000
dish_1566850142,pork,464.95,284.00,"A plate with pulled pork, coleslaw, mixed greens, and broccoli.",565.00,405.00,0.333
dish_1566851155,quinoa,295.28,260.00,Chicken breast with spinach and mustard seeds,245.00,205.00,0.000
dish_1566851198,quinoa | pork,463.05,342.00,Plate with a spinach salad and grilled chicken.,360.00,350.00,0.000
dish_1566851222,pizza | quinoa | pork,550.83,375.00,"A meal consisting of spinach salad, sliced chicken breast, and a slice of pizza.",490.00,330.00,0.200
dish_1566851549,cheese pizza,226.01,85.00,Slice of pizza,280.00,100.00,1.000
dish_1566851584,caesar salad | cheese pizza,286.29,222.00,A meal consisting of a Caesar salad and a slice of cheese pizza.,600.00,350.00,1.000
dish_1566851616,caesar salad | cheese pizza,300.78,248.00,"A plate with Caesar salad, broccoli, and a slice of cheese pizza.",600.00,405.00,0.667
dish_1566851677,quinoa | caesar salad | cheese pizza,354.77,296.00,"A meal consisting of a slice of pizza, Caesar salad, steamed broccoli, and chicken pieces.",600.00,480.00,0.400
dish_1566849269,avocado | parmesan cheese,249.85,153.00,A small salad with mixed greens and parmesan cheese.,130.00,120.00,0.500
dish_1566851704,quinoa | pork | cheese pizza | caesar salad,461.16,348.00,"A plate of food containing caesar salad, a slice of pizza, broccoli, and grilled chicken.",730.00,475.00,0.333
dish_1566920304,egg whites,296.40,570.00,A plate of cheese curds.,625.00,250.00,0.000
dish_1566920339,egg whites | sweet potato,449.53,730.00,A plate with roasted sweet potato and fresh mozzarella cheese.,620.00,300.00,0.333
dish_1566920365,salsa | sweet potato | egg whites,490.42,871.00,Poutine with sweet potatoes and gravy,420.00,250.00,0.200
dish_1566922978,scrambled eggs,124.32,84.00,A plate of scrambled eggs,164.00,130.00,1.000
dish_1566590007,pizza | tofu | chicken,740.76,457.00,"A plate with a slice of pizza, cauliflower and tofu salad, and quinoa with vegetables.",800.00,450.00,0.500
dish_1566923004,scrambled eggs | pineapple,158.82,153.00,A small plate with scrambled eggs and pineapple chunks.,240.00,250.00,1.000
dish_1566923030,hash browns | scrambled eggs | pineapple,396.80,226.00,"A plate of scrambled eggs, hash browns, and pineapple chunks.",550.00,450.00,1.000
dish_1566923060,bacon | scrambled eggs | pineapple | hash browns,515.82,248.00,"A breakfast plate with bacon, hash browns, scrambled eggs, and pineapple.",555.00,350.00,1.000
dish_1566931116,cauliflower,35.50,142.00,A serving of roasted cauliflower,80.00,150.00,1.000
dish_1566931140,cauliflower | avocado,126.70,199.00,Plate of roasted cauliflower and avocado slices,270.00,250.00,1.000
dish_1566931179,avocado | cauliflower,204.37,263.00,"A plate with roasted cauliflower, a spinach salad with feta and pomegranate, and avocado slices.",390.00,400.00,0.667
dish_1566931482,,25.48,91.00,A bowl of mixed green salad.,25.00,100.00,
dish_1566931217,fish | avocado | white beans | cauliflower,333.11,378.00,"A balanced meal with fish, vegetables, and healthy fats.",715.00,485.00,0.500
dish_1566931519,,130.13,182.00,A salad with mixed greens and kalamata olives.,95.00,130.00,0.000
dish_1566931548,broccoli,154.98,253.00,"A salad with mixed greens, broccoli, and kidney beans.",115.00,280.00,0.500
dish_1566931586,chicken | broccoli,379.38,389.00,"A salad containing mixed greens, broccoli, and chicken.",270.00,280.00,1.000
dish_1566931620,avocado | chicken | broccoli,494.58,461.00,"Salad with mixed greens, avocado, chicken and broccoli",500.00,430.00,1.000
dish_1566931650,chicken | avocado | parmesan cheese,610.87,488.00,"A salad with mixed greens, avocado, broccoli, grilled chicken, and parmesan cheese.",616.00,450.00,0.750
dish_1566933180,chicken thighs,161.45,96.00,A single fried chicken leg on a plate.,230.00,85.00,1.000
dish_1566931674,chicken | avocado | parmesan cheese,990.99,531.00,"Salad with mixed greens, chicken, avocado, parmesan and broccoli.",515.00,385.00,0.750
dish_1566933401,bok choy,27.05,79.00,Small serving of lettuce on a plate.,10.00,50.00,0.000
dish_1566933226,chicken thighs,245.45,171.00,A plate with fried chicken drumstick and couscous.,450.00,200.00,1.000
dish_1566933454,bok choy | arugula | chickpeas,121.74,154.00,A small salad with tomatoes.,65.00,220.00,0.000
dish_1566933498,chickpeas | chicken thighs,318.48,284.00,A plate with green salad and chicken with couscous,350.00,400.00,0.500
dish_1566934057,bok choy,66.09,193.00,A plate of bok choy.,36.00,200.00,1.000
dish_1566934085,cauliflower | bok choy,82.59,259.00,A simple plate of bok choy and roasted cauliflower.,105.00,200.00,1.000
dish_1566934120,bok choy | salmon | cauliflower,183.99,316.00,"A plate with bok choy, roasted cauliflower, and salmon.",260.00,420.00,1.000
dish_1566934366,cheese pizza,87.75,33.00,A single slice of pizza on a white plate.,210.00,70.00,1.000
dish_1566934152,bok choy | chicken thighs | cauliflower | salmon,305.07,396.00,A plate of mixed vegetables including bok choy and cauliflower served with chicken and salmon,460.00,525.00,1.000
dish_1566934401,white beans | fish | cheese pizza,435.90,344.00,"A plate with salmon, pizza slice and artichoke salad.",600.00,380.00,0.200
dish_1566934455,cookies | fish | white beans | cheese pizza,528.04,395.00,"A plate with salmon, a slice of pizza, a cookie, and mixed vegetables.",700.00,370.00,0.143
dish_1566936266,chicken thighs | quinoa,220.96,146.00,Single fried chicken drumstick on a plate.,250.00,100.00,0.500
dish_1566934430,fish | cookies | white beans | cheese pizza,519.54,361.00,"A plate with salmon, pizza, cookie, artichoke hearts, and beans.",770.00,440.00,0.286
dish_1566934487,fish | white beans | cookies | cheese pizza,553.04,468.00,"A plate of salmon, mixed green salad, roasted cauliflower, one cookie, and one dumpling.",533.00,551.00,0.000
dish_1566936297,fish | chicken thighs | white beans,355.29,266.00,"A plate with fried chicken, salmon and carrots",590.00,310.00,0.200
dish_1566936323,chicken thighs | white beans | fish,368.29,318.00,"A plate with fried chicken, salmon, and cauliflower",580.00,350.00,0.200
dish_1566936352,white beans | fish | chicken thighs,424.29,368.00,"Plate of food containing fried chicken, salmon, couscous, and cauliflower.",850.00,500.00,0.200
dish_1566937992,cheese pizza,276.54,104.00,Two slices of pizza on a white plate.,280.00,100.00,1.000
dish_1566938026,cheese pizza | chicken thighs,450.58,219.00,A meal consisting of a fried chicken leg and a slice of pizza.,550.00,220.00,1.000
dish_1567007719,cantaloupe,14.28,42.00,A small serving of cantaloupe cubes on a white plate.,20.00,50.00,1.000
dish_1566938059,cheese pizza | chicken thighs,463.25,256.00,"A plate with bok choy, roasted chicken, and a slice of pizza.",540.00,305.00,0.667
dish_1566938088,chicken thighs | cauliflower | cheese pizza,494.50,381.00,"Plate of pizza, roasted chicken, cauliflower and lettuce.",660.00,420.00,0.750
dish_1567007751,cantaloupe,39.93,87.00,"A small plate with strawberries, blueberries and cantaloupe.",60.00,180.00,1.000
dish_1567007783,cantaloupe,50.00,106.00,"A plate of mixed fruit including strawberries, blueberries, blackberries, raspberries, and cantaloupe.",60.00,180.00,1.000
dish_1567007814,pineapple | cantaloupe,73.00,152.00,"A plate of mixed fruits including strawberries, blueberries, raspberries, blackberries, cantaloupe and pineapple.",115.00,280.00,1.000
dish_1567019993,brussels sprouts,28.08,55.00,A small portion of roasted Brussels sprouts.,53.00,100.00,1.000
dish_1567007848,watermelon | cantaloupe | pineapple,100.30,243.00,"A mixed fruit bowl with strawberries, blueberries, raspberries, blackberries, watermelon, cantaloupe and pineapple.",135.00,385.00,1.000
dish_1567020054,brussels sprouts | fish,122.00,145.00,Chicken and brussels sprouts on a white plate.,260.00,300.00,0.333
dish_1567020340,broccoli,93.59,168.00,A plate of broccoli.,105.00,300.00,1.000
dish_1567020091,fish | arugula | brussels sprouts,236.81,238.00,A plate of kale salad with brussel sprouts and scrambled tofu with some almonds.,390.00,260.00,0.167
dish_1567020366,brussels sprouts | broccoli,111.46,203.00,Roasted broccoli and brussel sprouts.,126.00,400.00,1.000
dish_1567020394,fish | broccoli | brussels sprouts,176.16,265.00,"A plate with broccoli, brussels sprouts and fish fillet.",260.00,550.00,1.000
dish_1567021799,arugula,93.82,76.00,A simple mixed green salad.,25.00,100.00,0.000
dish_1567020417,fish | chicken | broccoli,313.76,348.00,"A plate with broccoli, brussels sprouts and chicken pieces.",365.00,475.00,0.500
dish_1567021864,fish | pizza,342.88,262.00,"A meal consisting of arugula salad, fried fish, and a slice of pizza.",550.00,330.00,0.667
dish_1567021831,fish | arugula,252.44,228.00,A plate of mixed green salad and fried tofu.,275.00,250.00,0.000
dish_1567022147,cherry tomatoes | bell peppers,34.92,128.00,A bowl with sliced red and green bell peppers and cherry tomatoes.,38.00,190.00,1.000
dish_1567022180,bell peppers | carrot | cherry tomatoes,48.86,162.00,Raw vegetable salad in bowl,85.00,225.00,0.750
dish_1567022251,onions | cherry tomatoes | carrot | bell peppers,111.91,254.00,"A salad with red onion, shredded carrots, red and green bell pepper.",86.00,282.00,0.750
dish_1567022296,onions | bell peppers | chicken,425.41,444.00,"A salad with chicken, red onion, and shredded carrots.",375.00,280.00,0.500
dish_1567022212,bell peppers | carrot | cherry tomatoes,89.11,197.00,"A colorful salad with carrots, tomatoes, green pepper, olives, and onions in a stainless steel bowl.",185.00,345.00,0.750
dish_1567022338,chicken | parmesan cheese,507.24,463.00,"Chicken salad with parmesan cheese, red onion, and carrots.",380.00,260.00,0.500
dish_1567023110,,46.00,40.00,Small plate of kalamata olives,80.00,30.00,0.000
dish_1567023132,kimchi,59.20,84.00,A small plate with kimchi and olives.,75.00,120.00,1.000
dish_1567022383,chicken | parmesan cheese,527.09,508.00,Tofu with peanut sauce and vegetables,575.00,340.00,0.143
dish_1567023161,chicken | kimchi,141.70,134.00,"Plate with kimchi, olives and diced chicken breast",265.00,200.00,0.667
dish_1567023184,chicken | kimchi | kale,191.51,195.00,"A plate with kimchi, kale salad, olives, and tofu cubes",275.00,340.00,0.500
dish_1567023296,garlic | pecans | chard | arugula,107.18,92.00,A mixed greens salad with cucumber and feta cheese.,95.00,160.00,0.000
dish_1567023262,,72.32,64.00,Small mixed salad with cucumber and feta cheese with a light dressing.,150.00,215.00,0.000
dish_1567023335,garlic | pecans | almonds | arugula | chard | carrot,138.34,117.00,"Small salad with mixed greens, feta cheese, cucumber and seeds.",125.00,245.00,0.000
dish_1567024112,cheese pizza | chicken thighs,274.08,116.00,Pizza and a few pieces of chicken,520.00,200.00,1.000
dish_1567024066,cheese pizza,228.67,86.00,Two slices of pizza on a white plate.,560.00,200.00,1.000
dish_1567023375,tofu,248.57,268.00,A mixed greens salad with tofu and rice stir-fry and zucchini slices.,340.00,500.00,0.500
dish_1567024135,cheese pizza | chicken thighs | roasted potatoes,317.79,147.00,"A plate with pizza, roasted potatoes and chicken with sauce.",650.00,300.00,1.000
dish_1567024187,cheese pizza | chicken thighs | roasted potatoes,334.95,235.00,"A plate with zucchini slices, pizza, roasted potatoes and chicken breast",600.00,425.00,0.750
dish_1567106594,cherry tomatoes,15.84,88.00,A small bowl of cherry tomatoes,14.00,80.00,1.000
dish_1567024224,chicken thighs | cheese pizza | cauliflower | roasted potatoes,354.95,315.00,"A plate of pizza, roasted potatoes, cooked chicken, zucchini, and cauliflower.",575.00,440.00,0.800
dish_1567024252,chicken thighs | roasted potatoes | cheese pizza,512.02,454.00,"A plate with pizza, zucchini, cauliflower, and mixed salad.",470.00,520.00,0.200
dish_1567106646,cherry tomatoes | bell peppers | onions,61.04,201.00,"A salad with red onion, cherry tomatoes, bell pepper, and carrot.",83.00,300.00,0.750
dish_1567106668,onions | cherry tomatoes | carrot | bell peppers,80.31,248.00,"A bowl with shredded carrots, red onion slices, and green bell pepper.",95.00,240.00,0.750
dish_1567106620,bell peppers | cherry tomatoes,39.04,146.00,"A bowl with mixed vegetables including cherry tomatoes, red, green, and yellow bell peppers, and a small amount of carrot.",62.00,265.00,0.667
dish_1567106693,onions | chicken | bell peppers | carrot,359.16,417.00,"A salad with chicken, carrots, red onion, and celery.",275.00,315.00,0.600
dish_1567106794,walnuts | lettuce | garlic | blue cheese,102.34,48.00,"Small salad with mixed greens, bean sprouts, and a cherry tomato.",43.00,135.00,0.000
dish_1567106870,pizza | beef,504.82,211.00,"A meal consisting of a slice of pizza, a mixed green salad, and meat with sauce on a white plate.",550.00,325.00,0.500
dish_1567106825,beef,220.20,104.00,"A salad with mixed greens, bean sprouts, tomato and meat. ",273.00,290.00,0.000
dish_1567107049,brownies,107.20,23.00,A piece of chocolate on a paper towel,100.00,20.00,0.000
dish_1567107839,ketchup | fish | white rice,174.28,156.00,fish with greens,210.00,170.00,0.333
dish_1567107989,chickpeas | arugula,140.14,111.00,"Small side salad with arugula, radish, and cucumber.",45.00,125.00,0.250
dish_1567108037,chickpeas | beef,674.73,365.00,Beef stew with a side salad of arugula and radish,350.00,300.00,0.333
dish_1567110519,lettuce | lime | onions | cucumbers | cherry tomatoes,100.94,100.00,Mixed green salad with shredded carrots.,85.00,270.00,0.000
dish_1567110556,green beans,127.11,150.00,Mixed salad with green beans and broccoli,125.00,420.00,0.500
dish_1567110756,pizza,111.72,42.00,Single slice of pizza on a white plate.,150.00,60.00,1.000
dish_1567110665,fish | white rice | ketchup,556.49,532.00,"A plate with a variety of mixed foods, including salad, green beans, barley, and a rice stir-fry.",480.00,600.00,0.200
dish_1567110631,green beans,252.61,260.00,"Plate with mixed greens salad, green beans, and wheat berry salad with tofu.",380.00,450.00,1.000
dish_1567110783,pizza | beef,465.31,210.00,A plate with a pork chop and a pizza slice,480.00,230.00,0.333
dish_1567110811,pizza | beef,537.99,282.00,"Plate with steak, salad, tomato and pizza.",610.00,370.00,0.333
dish_1567525637,bell peppers,153.26,81.00,A light salad consisting of spinach and shredded carrots.,32.00,90.00,0.000
dish_1567525712,bacon | hash browns,510.54,184.00,"A meal with rice, spinach, bacon, carrots, and scrambled eggs.",455.00,355.00,0.167
dish_1567526738,egg whites,225.16,433.00,A plate of cottage cheese.,200.00,225.00,0.000
dish_1567526785,egg whites | sweet potato | yam,378.25,539.00,A plate with scrambled egg whites and roasted sweet potatoes,250.00,350.00,0.667
dish_1567525744,bacon | scrambled eggs | hash browns,679.26,298.00,"Bowl of scrambled eggs, brown rice, spinach, bacon, and shredded carrots.",460.00,420.00,0.333
dish_1567526814,egg whites | watermelon | yam | sweet potato,408.25,639.00,"A plate with scrambled eggs, diced tomatoes, and roasted sweet potatoes.",420.00,500.00,0.400
dish_1567537185,beef | white rice,402.98,185.00,Beef stir fry with rice and broccoli,365.00,240.00,0.667
dish_1567526845,egg whites | watermelon | yam | sweet potato,448.15,709.00,"A plate of cottage cheese, watermelon, roasted sweet potato and blueberries",337.00,481.00,0.400
dish_1567537212,beef | white rice,432.51,238.00,Beef with sauce and steamed broccoli.,380.00,300.00,0.333
dish_1567526888,sweet potato | salsa | egg whites | watermelon | yam,479.18,816.00,"Plate of cottage cheese with salsa verde, assorted berries and sweet potato",415.00,520.00,0.500
dish_1567537252,white rice | beef | carrot,464.46,303.00,"A plate with steak with rice, broccoli, and carrots",365.00,320.00,0.500
dish_1567537352,lettuce,50.79,73.00,A small mixed greens salad with cherry tomatoes.,33.00,110.00,0.000
dish_1567537280,cheese pizza | beef,733.02,404.00,"Plate with beef and rice, broccoli, carrots, and pizza.",840.00,600.00,0.500
dish_1567537422,broccoli | cantaloupe,109.32,203.00,"A plate with cantaloupe, broccoli and salad mix with a cherry tomato.",108.00,345.00,0.500
dish_1567538263,arugula | chickpeas,70.70,56.00,Arugula salad on a white plate.,30.00,100.00,0.500
dish_1567537457,white rice | cantaloupe | chicken thighs | broccoli,297.77,361.00,"A plate with cantaloupe, broccoli, mixed greens salad and chicken stir fry.",395.00,490.00,0.750
dish_1567538303,white rice | beef,617.45,307.00,A meal consisting of beef and rice stir-fry served with a side of arugula salad.,600.00,375.00,0.333
dish_1567542778,cheese pizza,260.58,98.00,Two slices of cheese pizza on a white plate.,400.00,150.00,1.000
dish_1567542813,white rice | cheese pizza,316.64,145.00,A plate with a slice of pizza and a spring roll.,430.00,150.00,0.333
dish_1567542843,beef | white rice | cheese pizza,471.30,216.00,"A plate with pizza, beef with greens, and a spring roll.",520.00,200.00,0.500
dish_1567542876,white rice | cheese pizza | beef,495.81,260.00,"A plate of mixed foods including pizza, broccoli, beef, and bread.",560.00,300.00,0.400
dish_1567542914,white rice | cheese pizza | beef,514.00,297.00,"A plate of food containing broccoli, beef, pizza, sweet potato and egg roll.",751.00,415.00,0.333
dish_1567542953,beef | white rice | pineapple | cheese pizza,542.50,354.00,"A plate with pineapple, broccoli, meat, sweet potatoes, spring roll and pizza.",600.00,420.00,0.286
dish_1567612954,sweet potato,148.35,155.00,A plate of roasted sweet potato with small pieces of feta cheese.,150.00,110.00,0.500
dish_1567612986,egg whites | sweet potato,340.23,524.00,A plate with scrambled eggs and roasted sweet potato.,260.00,225.00,1.000
dish_1567542986,cheese pizza | pineapple | beef | caesar salad | white rice,605.86,498.00,"A plate with a variety of different food items, including fruits, vegetables, meats, salad, pizza and spring rolls.",995.00,800.00,0.375
dish_1567613019,sweet potato | watermelon | egg whites,376.53,645.00,"A plate with cottage cheese, roasted sweet potatoes, and chopped tomato.",360.00,490.00,0.200
dish_1567613057,egg whites | watermelon | sweet potato | salsa,406.69,749.00,"Queso fresco with sweet potato, tomatoes and salsa verde",350.00,390.00,0.333
dish_1567625294,avocado,51.20,32.00,Three slices of avocado on a plate.,107.00,100.00,1.000
dish_1567625343,chard | avocado | kale,65.48,74.00,Plate with a serving of avocado and chard,195.00,175.00,0.667
dish_1567625392,bulgur | avocado,208.23,171.00,"A salad containing arugula, cherry tomatoes, avocado, and beet greens.",200.00,250.00,0.200
dish_1567628069,garlic | arugula | lemon juice | bulgur | shallots | apple,107.43,73.00,Arugula salad with vinaigrette dressing.,75.00,105.00,0.167
dish_1567628099,kale,127.49,132.00,A plate of mixed greens salad with salad dressing.,80.00,215.00,0.000
dish_1567628157,fish | country rice,373.19,355.00,"A plate with arugula salad, mixed greens, lentils, and cauliflower.",245.00,375.00,0.000
dish_1567629081,cheese pizza,239.31,90.00,Two slices of pizza,500.00,200.00,1.000
dish_1567625434,avocado | bulgur | chicken,581.25,396.00,"A plate of food containing a chicken breast, rice, greens, avocado, and tomatoes.",610.00,525.00,0.333
dish_1567628193,quinoa | country rice | fish,492.68,439.00,"A plate of mixed foods including salad, buckwheat, fish, beet greens and cauliflower.",650.00,550.00,0.143
dish_1567785130,granola,76.69,59.00,"A small spinach salad with shredded carrots, possibly with a light dressing.",60.00,150.00,0.000
dish_1567785165,sausage,273.11,116.00,"A plate with sausage, spinach and carrots.",270.00,225.00,0.333
dish_1567785223,sausage | scrambled eggs,487.71,261.00,"A plate with scrambled eggs, sausage, and spinach salad.",400.00,325.00,0.667
dish_1567629106,caesar salad | cheese pizza,292.55,211.00,A plate with salad and two slices of pizza.,520.00,310.00,0.500
dish_1567785622,,30.78,54.00,A small bowl of strawberries and blueberries.,35.00,80.00,
dish_1567785654,pineapple,51.78,96.00,"A small plate of fresh fruit consisting of pineapple chunks, halved strawberries, and blueberries.",85.00,175.00,1.000
dish_1567785709,pineapple,131.25,138.00,Fruit and salad plate,135.00,320.00,0.333
dish_1567789154,sausage,382.51,111.00,Plate of sliced sausage,225.00,75.00,1.000
dish_1567785739,sweet potato | pineapple,168.58,177.00,"A plate with roasted potatoes, pineapple chunks, strawberries, blueberries, and spinach salad with shredded carrots and lime wedge.",320.00,447.00,0.500
dish_1567785778,pineapple | greek yogurt | milk | chia seeds | sweet potato,303.51,310.00,"A plate with mixed fruit (pineapple, strawberries, and blueberries), a salad, and oatmeal.",322.00,621.00,0.143
dish_1567789190,sausage,507.39,177.00,Plate of sausage and salad,400.00,300.00,1.000
dish_1567789230,sausage | scrambled eggs,689.43,300.00,"A plate with scrambled eggs, sausage, and a small salad.",500.00,325.00,1.000
dish_1567789256,scrambled eggs | bacon | sausage,792.22,319.00,"A breakfast meal with scrambled eggs, bacon, sausage, and salad.",600.00,375.00,1.000
dish_1567801468,caesar salad,86.24,196.00,A Caesar salad on a white plate.,350.00,250.00,1.000
dish_1567801716,cheese pizza,101.04,38.00,A single slice of pizza on a plate.,250.00,100.00,1.000
dish_1567801520,white rice | sugar | caesar salad | pork,919.10,600.00,A plate with chicken stir-fry and salad.,550.00,400.00,0.000
dish_1567801748,cheese pizza | pork,169.07,71.00,A light meal with fried eggplant and pizza,275.00,125.00,0.333
dish_1567801791,cheese pizza | roasted potatoes | pork,225.47,111.00,"A plate with roasted potatoes, a slice of pizza, and braised mushrooms.",495.00,280.00,0.500
dish_1567801830,caesar salad | cheese pizza | roasted potatoes | pork,265.07,201.00,"A plate containing a slice of pizza, roasted potatoes, and a salad with dressing.",480.00,255.00,0.500
dish_1568044496,watermelon,35.40,118.00,A small plate of watermelon chunks.,30.00,100.00,1.000
dish_1568044528,sweet potato | watermelon,145.46,233.00,"Plate with watermelon, roasted sweet potato and cheese cubes",236.00,260.00,0.667
dish_1568044581,sweet potato | egg whites | watermelon,386.22,696.00,"A plate with scrambled eggs, roasted sweet potato, and watermelon.",435.00,450.00,1.000
dish_1568047932,broccoli,30.64,55.00,Broccoli,35.00,100.00,1.000
dish_1568044634,salsa | sweet potato | egg whites | watermelon,413.19,789.00,"A plate of food containing cottage cheese with salsa verde, roasted sweet potatoes, and watermelon.",325.00,500.00,0.600
dish_1568047973,broccoli | scrambled eggs,295.56,234.00,A plate with scrambled eggs and broccoli.,285.00,250.00,1.000
dish_1568048018,turkey bacon | scrambled eggs,496.80,287.00,"A plate with scrambled eggs, vegan sausage, and broccoli",420.00,295.00,0.250
dish_1568048053,chicken apple sausage | turkey bacon | scrambled eggs,607.20,356.00,"A plate of scrambled eggs, vegetarian sausage, broccoli, and vegetarian bacon.",500.00,365.00,0.750
dish_1568055963,,36.80,32.00,Olives and some salad ingredients (carrots and onion) prepared in two metallic bowls.,91.00,170.00,0.000
dish_1568055986,onions,54.40,76.00,A bowl with sliced red onion and dates.,100.00,100.00,0.500
dish_1568056019,cherry tomatoes | onions,64.30,131.00,"Simple salad of cherry tomatoes, red onion, and olives",75.00,240.00,1.000
dish_1568056046,carrot | cherry tomatoes | onions,88.08,189.00,"Salad with cherry tomatoes, shredded carrots, and red onion.",80.00,300.00,1.000
dish_1568056217,chicken,480.78,427.00,"Salad with tofu, carrots, cherry tomatoes and red onion",260.00,380.00,0.000
dish_1568060414,mangos | arugula | tomatoes,53.60,146.00,A simple mixed salad on a white plate.,100.00,200.00,0.000
dish_1568056258,chicken | caesar dressing,506.36,485.00,Chicken salad with vegetables,375.00,370.00,0.200
dish_1568060461,white rice | pork,376.76,304.00,Salad and pulled pork with rice,500.00,500.00,0.500
dish_1568060501,fried rice | pork,548.66,413.00,"A plate of mixed salad, rice with meat and vegetables, broccoli, cauliflower, and pickled onions.",580.00,580.00,0.200
dish_1568060616,,17.08,61.00,A bowl of mixed green salad.,30.00,100.00,
dish_1568060542,pork | fried rice,583.38,481.00,"A plate with mixed salad, Brussels sprouts, pork, rice and mixed cooked vegetables.",725.00,600.00,0.500
dish_1568060646,onions,31.48,97.00,A salad with mixed greens and red onion.,70.00,200.00,1.000
dish_1568060697,onions | avocado,133.88,161.00,"Salad with mixed greens, red onion, and avocado",250.00,275.00,1.000
dish_1568061097,cheese pizza,146.24,55.00,A slice of pizza on a plate.,250.00,100.00,1.000
dish_1568060722,avocado | chicken,460.58,359.00,"Salad with grilled chicken, mixed greens, avocado and red onion",428.00,370.00,0.667
dish_1568060746,avocado | chicken,778.82,395.00,"A salad with mixed greens, grilled chicken, and avocado.",390.00,300.00,1.000
dish_1568061145,cheese pizza | squash,187.05,196.00,"A small meal consisting of sliced zucchini and yellow squash, and a slice of pizza.",300.00,350.00,0.667
dish_1568061174,pineapple | squash | cheese pizza,232.55,287.00,"A plate with pineapple, zucchini/squash, and a slice of pizza",312.00,355.00,1.000
dish_1568061202,brussels sprouts | squash | pineapple | cheese pizza,256.55,334.00,"A plate with pineapple, roasted Brussel sprouts, squash slices and a slice of pizza.",527.00,560.00,1.000
dish_1568061234,cheese pizza | brussels sprouts | squash | pineapple | quinoa,290.69,358.00,"A meal containing fruits, vegetables, grains, and a slice of pizza.",502.00,510.00,0.429
dish_1568305198,turkey bacon,311.35,82.00,A plate of vegan bacon,340.00,80.00,1.000
dish_1568061272,quinoa | chicken breast | cheese pizza | pineapple | squash | brussels sprouts,380.39,415.00,"A plate with pineapple, brussels sprouts, buckwheat, chicken breast, zucchini and yellow squash, and a slice of pizza.",639.00,605.00,0.714
dish_1568305225,turkey bacon,428.67,144.00,A meal consisting of vegan sausage and spinach salad.,325.00,250.00,0.000
dish_1568061320,squash | pork | cheese pizza | pineapple | quinoa | chicken breast,535.84,491.00,"A plate of mixed foods, including pineapple, brussels sprouts, buckwheat, zucchini and yellow squash, sliced chicken breast, pork, and pizza.",779.00,710.00,0.625
dish_1568305257,turkey bacon | scrambled eggs,837.15,420.00,"A breakfast plate with scrambled eggs, turkey sausage, and sauteed spinach with carrots.",480.00,325.00,0.667
dish_1568313487,,13.72,49.00,A plate of mixed greens salad.,40.00,200.00,
dish_1568313527,avocado,48.92,71.00,A simple mixed green salad with some avocado.,110.00,235.00,1.000
dish_1568313575,mushroom | avocado,57.94,112.00,"A salad with mixed greens, avocado slices, and mushrooms.",140.00,280.00,1.000
dish_1568313640,onions | mushroom | avocado,71.14,145.00,"Salad with mixed greens, red onion and avocado",80.00,160.00,0.667
dish_1568314823,avocado,144.00,90.00,Sliced avocado on a plate,160.00,100.00,1.000
dish_1568313676,avocado | chicken | onions,184.99,214.00,"Salad with mixed greens, red onion, avocado, and tofu.",270.00,280.00,0.500
dish_1568314857,beef | avocado,295.54,162.00,A plate with stewed meat and sliced avocado.,380.00,200.00,0.333
dish_1568314907,beef | avocado | salmon,481.17,281.00,"A plate with sardines, beef stew, and avocado slices.",750.00,400.00,0.500
dish_1568314951,avocado | salmon | beef,496.13,325.00,"A plate with sardines, beef, avocado, and cherry tomatoes.",775.00,400.00,0.400
dish_1568315001,salmon | beef | avocado,504.71,364.00,"A plate with sardines, beef, avocado, cherry tomatoes, and mushrooms.",730.00,400.00,0.333
dish_1568315040,avocado | quinoa | salmon | beef,555.92,400.00,"A plate with fish, beef, couscous, avocado, cherry tomatoes and mushrooms.",745.00,500.00,0.286
dish_1568315088,avocado | salmon | quinoa | beef,582.37,423.00,"A plate of sardines, beef, couscous, mushrooms, tomatoes, avocado and kale.",865.00,575.00,0.250
dish_1568315132,quinoa | beef | salmon | avocado,591.27,440.00,"A plate with sardines, couscous, green beans, avocado, beef, tomatoes and black beans.",802.00,615.00,0.286
dish_1568315177,quinoa | avocado | salmon | beef,637.81,497.00,"A plate with sardines, shredded beef, avocado, couscous, kale salad and cherry tomatoes.",1070.00,680.00,0.286
dish_1568315988,tofu,50.37,69.00,Small portion of lentils and tofu with shredded cabbage and carrot strips.,150.00,130.00,0.250
dish_1568316041,arugula | tofu,149.13,149.00,Arugula salad with tofu and lentils,230.00,270.00,1.000
dish_1568318286,,32.20,115.00,A simple mixed greens salad.,60.00,200.00,
dish_1568316085,beef | tofu,378.54,258.00,"A plate with arugula salad, roast beef, and a tofu and vegetable mix.",500.00,350.00,0.667
dish_1568318316,,525.42,297.00,Salad with steak and greens,405.00,330.00,0.000
dish_1568318361,broccoli,540.82,341.00,Salad with steak and broccoli,330.00,335.00,1.000
dish_1568318408,chicken,907.12,563.00,"A bowl with tofu, steak, lettuce and broccoli",340.00,385.00,0.000
dish_1568318480,chicken,1119.28,587.00,"Salad with tofu, meat, lettuce and broccoli",390.00,350.00,0.000
dish_1568319725,bell peppers,111.64,59.00,A small spinach salad.,14.00,70.00,0.000
dish_1568319769,pizza,356.36,151.00,A light meal consisting of a spinach salad and a flatbread topped with roasted vegetables.,280.00,250.00,0.000
dish_1568320296,cheese pizza,226.01,85.00,Two slices of cheese pizza on a white plate.,390.00,150.00,1.000
dish_1568319899,pizza | salmon,627.66,377.00,"Plate with salad, green beans, pizza and fish.",451.00,400.00,0.200
dish_1568319838,pizza | salmon,607.51,312.00,"A plate with spinach salad, flatbread with zucchini and red peppers, and white fish with spinach.",470.00,350.00,0.000
dish_1568320338,cheese pizza | beef,390.18,163.00,A plate with sliced roast beef and two slices of pizza.,620.00,250.00,1.000
dish_1568320427,cheese pizza | beef | quinoa,450.76,240.00,"A plate of food with steak, couscous, green beans, and pizza.",750.00,425.00,0.250
dish_1568400935,,11.76,42.00,A mixed greens salad in a white bowl.,30.00,150.00,
dish_1568320383,beef | quinoa | cheese pizza,437.12,196.00,"A plate with pizza slices, couscous, roast meat, and a tomato with cabbage.",765.00,365.00,0.200
dish_1568320470,beef | quinoa | cheese pizza,521.04,341.00,"A plate with mixed green salad, green beans, pizza slices, roast beef and couscous.",710.00,530.00,0.400
dish_1568400967,broccoli,36.61,113.00,A bowl of mixed greens and broccoli.,70.00,220.00,1.000
dish_1568401018,chicken,587.71,447.00,"Salad with tofu, spinach, and broccoli",261.00,330.00,0.000
dish_1568401090,avocado | chicken,1158.99,614.00,Tofu and avocado salad with carrots and tuna salad on the side,565.00,525.00,0.143
dish_1568401064,chicken | avocado,787.71,572.00,"Two bowls, one with a salad with tofu, avocado, broccoli, and salad greens, and another bowl with shredded carrots and a rice and lentils mixture.",780.00,685.00,0.167
dish_1568401167,tuna salad,426.36,228.00,A plate of tuna salad and a side of shredded carrots.,350.00,250.00,0.500
dish_1568401199,tuna salad | squash,459.64,343.00,A plate with tuna salad and sweet potato.,400.00,350.00,0.333
dish_1568401261,carrot | avocado | tuna salad,530.39,443.00,"A plate with tuna salad, sweet potato, shredded carrots and avocado slices.",520.00,410.00,0.750
dish_1568401233,carrot | tuna salad,490.39,418.00,"A plate with mashed sweet potato, tuna salad, and shredded carrots.",530.00,450.00,0.667
dish_1568404850,fried rice,157.70,100.00,A plate of fried rice with vegetables.,350.00,250.00,0.500
dish_1568401302,fried rice | avocado | tuna salad,716.48,561.00,"A plate with butternut squash, brown rice, shredded carrots, avocado and tuna salad.",830.00,650.00,0.600
dish_1568405183,spinach (raw),72.40,64.00,Spinach salad on a plate,35.00,100.00,1.000
dish_1568404889,fried rice | rice noodles,247.29,219.00,A plate of fried rice and coleslaw,450.00,350.00,0.333
dish_1568405214,kale | spinach (raw),144.26,152.00,A simple salad with spinach and kale salad with croutons and dressing.,265.00,230.00,1.000
dish_1568405273,salmon | kale | brown rice,386.20,288.00,"A plate of spinach, kale salad, and wheat berry salad.",504.00,386.00,0.250
dish_1568405405,spinach (raw),83.72,74.00,A spinach salad with sun-dried tomatoes and red onions,85.00,130.00,0.333
dish_1568405430,rice noodles | spinach (raw),119.10,121.00,Spinach salad and coleslaw on a plate.,180.00,250.00,0.333
dish_1568405306,kale | salmon | brown rice | tofu,421.24,336.00,"Salad plate with spinach, kale salad, rice, grain salad and tofu",565.00,525.00,0.500
dish_1568405466,rice noodles | pineapple | spinach (raw),153.10,189.00,Spinach salad with coleslaw and pineapple chunks on a white plate.,210.00,350.00,0.500
dish_1568405499,brown rice | salmon | pineapple,562.27,419.00,"Plate of food with salmon, spinach, pineapple and kimchi",440.00,500.00,0.400
dish_1568649354,broccoli,72.87,129.00,"Plate with broccoli, raspberries, and blackberries",95.00,250.00,1.000
dish_1568649312,,44.46,78.00,A small plate of raspberries and blackberries.,51.00,100.00,
dish_1568649387,sweet potato | broccoli | yam,163.86,192.00,"A plate with roasted sweet potato cubes, broccoli florets, blackberries and raspberries.",180.00,260.00,0.667
dish_1568660810,pepperoni pizza,132.54,47.00,A slice of pizza,320.00,120.00,1.000
dish_1568649430,yam | sweet potato | scrambled eggs,363.66,327.00,"A plate with scrambled eggs, sweet potato cubes, broccoli florets, raspberries and blackberries.",390.00,370.00,0.500
dish_1568664931,spinach (raw),67.88,60.00,A simple salad with mixed greens and carrots.,40.00,125.00,0.000
dish_1568664972,chicken | millet,303.42,221.00,"A plate with chicken breast, couscous, and a side salad",400.00,300.00,0.500
dish_1568665935,cheese pizza,154.22,58.00,A slice of pizza on a white plate.,280.00,100.00,1.000
dish_1568665012,brussels sprouts | millet | chicken,327.42,268.00,Chicken with salad and brussels sprouts.,480.00,400.00,0.667
dish_1568665052,brussels sprouts | millet | chicken,345.65,331.00,"A plate of chicken breast, mixed greens, zucchini and brussel sprouts.",320.00,380.00,0.500
dish_1568665970,cheese pizza | caesar salad,202.18,167.00,A plate with a slice of pizza and a Caesar salad.,400.00,230.00,1.000
dish_1568666032,caesar salad | cheese pizza | chicken,243.58,220.00,"A plate with a slice of pizza, chicken, and two different salads.",630.00,395.00,0.750
dish_1568666000,cheese pizza | caesar salad,209.93,197.00,A plate with a slice of pizza and two types of salads: a Caesar salad and a kale salad with zucchini.,510.00,310.00,0.667
dish_1568666061,caesar salad | chicken | brussels sprouts | cheese pizza,260.43,253.00,"A plate with a slice of pizza, chicken pieces, brussels sprouts and two types of salads.",590.00,440.00,0.800
dish_1568666184,lettuce,28.50,190.00,A plate of lettuce salad.,75.00,300.00,1.000
dish_1568666230,lettuce | broccoli,55.80,268.00,A bowl of broccoli and lettuce salad,86.00,300.00,1.000
dish_1568666089,cheese pizza | caesar salad | brussels sprouts | chicken,276.42,335.00,"A meal with pizza, chicken, zucchini, brussel sprouts, lettuce salad and kale salad.",540.00,525.00,0.429
dish_1568666263,lettuce | broccoli | artichokes,93.40,348.00,"A salad with broccoli, lettuce, and artichoke hearts.",136.00,310.00,1.000
dish_1568666303,artichokes | chicken | lettuce | broccoli,443.20,560.00,Chicken and broccoli salad,330.00,375.00,0.750
dish_1568666329,artichokes | chicken,743.76,594.00,"Salad with lettuce, broccoli, and chicken",262.00,330.00,0.250
dish_1568666357,chicken | artichokes,751.68,603.00,"A salad with chicken, broccoli, and lettuce.",300.00,355.00,0.250
