dish_id,true_ingredients,true_calories,true_weight,ai_description,ai_calories,ai_weight,ingredient_jaccard
dish_1556573514,,6.44,23.00,"A small salad with mixed greens, red onion and sun-dried tomatoes.",75.00,120.00,0.000
dish_1556572657,,41.40,36.00,Plate of olives,65.00,60.00,
dish_1556575014,,71.30,62.00,A plate of olives.,150.00,100.00,
dish_1556575083,brussels sprouts,27.52,64.00,Plate of Brussels sprouts,60.00,180.00,1.000
dish_1556575124,celery,4.48,28.00,Small portion of sliced green bell pepper on a white plate.,12.00,50.00,0.000
dish_1556575273,brussels sprouts,103.30,152.00,"A plate of Brussels sprouts, black olives, and celery.",160.00,280.00,0.500
dish_1556575327,brussels sprouts,103.30,152.00,"A plate with Brussels sprouts, bell pepper and olives.",150.00,260.00,0.333
dish_1556575446,brussels sprouts,103.30,152.00,"A side dish with brussels sprouts, kalamata olives, and green bell pepper.",135.00,300.00,0.333
dish_1556575386,brussels sprouts,103.30,152.00,"Plate with brussels sprouts, olives, and celery",130.00,190.00,0.500
dish_1556575499,brussels sprouts,103.30,152.00,A mix of vegetables and beans on a plate,140.00,250.00,0.333
dish_1557853154,,18.81,57.00,A small plate of fresh strawberries and blueberries.,32.00,103.00,
dish_1557853314,yam,115.41,93.00,A serving of cooked sweet potato cubes.,200.00,150.00,0.000
dish_1557861605,fish,35.10,39.00,"A single serving of cooked fish, garnished with dill and pine nuts, served on a plate.",180.00,85.00,1.000
dish_1557861697,eggplant,13.14,53.00,Small plate of roasted eggplant,80.00,150.00,1.000
dish_1557861795,caesar salad,13.64,31.00,A small portion of Caesar salad served on a plate.,75.00,150.00,1.000
dish_1557853229,eggs,195.93,126.00,A serving of scrambled eggs.,240.00,150.00,1.000
dish_1557862345,chicken,103.95,63.00,Small plate with sliced chicken,165.00,75.00,1.000
dish_1557862696,cauliflower,19.25,77.00,Small serving of cauliflower on a plate.,75.00,200.00,1.000
dish_1556575558,brussels sprouts,103.30,151.00,"A plate with olives, Brussel sprouts, and celery.",155.00,285.00,0.500
dish_1557862783,chicken,442.98,258.00,"Plate with steak, mashed cauliflower, and diced chicken",550.00,450.00,0.500
dish_1557862829,spinach (raw),5.52,24.00,Plate of spinach,7.00,30.00,1.000
dish_1557863012,cucumbers,3.10,31.00,A small plate of sliced cucumber.,15.00,100.00,1.000
dish_1557853429,eggs | yam,330.15,276.00,"A plate of scrambled eggs, sweet potato, and strawberries.",380.00,330.00,0.333
dish_1557863104,,46.00,40.00,A small plate of olives.,90.00,30.00,
dish_1557863170,avocado,129.82,142.00,"Salad with spinach, red grapes, avocado, and cucumber",189.00,185.00,0.250
dish_1557936555,eggs,149.28,96.00,A plate of scrambled eggs.,220.00,150.00,1.000
dish_1557936599,broccoli,22.05,63.00,Plate of broccoli florets,35.00,100.00,1.000
dish_1557936645,,11.88,36.00,Small plate of sliced strawberries.,20.00,50.00,
dish_1557861837,eggplant | caesar salad | fish,61.88,123.00,"A plate containing a Caesar salad, roasted eggplant, and quinoa.",275.00,325.00,0.500
dish_1557937079,bacon,146.07,27.00,A plate with bacon.,200.00,57.00,1.000
dish_1557862738,,319.78,118.00,A small serving of steak on a plate.,300.00,150.00,
dish_1557937335,yam,47.16,38.00,Small portion of roasted sweet potato.,60.00,75.00,0.000
dish_1557863056,avocado,75.20,47.00,Sliced avocado on a plate,112.00,70.00,1.000
dish_1557937574,,5.59,13.00,Three blackberries on a white plate.,12.00,33.00,
dish_1557937615,,6.93,21.00,Two strawberry pieces on a plate.,15.00,50.00,
dish_1557937715,,20.67,39.00,Small bowl of fresh raspberries,35.00,75.00,
dish_1557937758,yam | eggs,106.78,128.00,"A small plate containing sweet potato, scrambled eggs and mixed berries.",225.00,288.00,0.333
dish_1558026623,honeydew melons,29.88,83.00,A plate of honeydew melon pieces.,61.00,170.00,1.000
dish_1558026684,cantaloupe,24.14,71.00,A small plate of cantaloupe cubes.,60.00,170.00,1.000
dish_1558026714,bacon,129.84,24.00,Three slices of cooked bacon on a plate.,210.00,60.00,1.000
dish_1558026756,honeydew melons | cantaloupe | bacon,183.86,178.00,A plate with bacon and melon pieces,215.00,290.00,1.000
dish_1558027057,yam,80.67,65.00,Small portion of roasted sweet potato on a white plate.,90.00,75.00,0.000
dish_1558027164,bacon,162.30,30.00,Plate with cooked bacon strips,138.00,50.00,1.000
dish_1558028007,potatoes,54.67,71.00,Small portion of roasted potatoes.,150.00,120.00,1.000
dish_1557937037,,25.97,49.00,A small serving of raspberries on a white plate.,27.00,80.00,
dish_1558028492,cantaloupe,20.74,61.00,Diced cantaloupe on a white plate,61.00,170.00,1.000
dish_1558028690,honeydew melons,23.76,66.00,A small plate of diced honeydew melon.,24.00,67.00,1.000
dish_1558029148,honeydew melons,38.88,108.00,A serving of cut honeydew melon.,61.00,170.00,1.000
dish_1558029230,potatoes,88.55,115.00,A small portion of roasted potatoes on a white square plate.,175.00,150.00,1.000
dish_1558029278,bacon,146.07,27.00,Plate of bacon.,160.00,40.00,1.000
dish_1558029324,potatoes | bacon | honeydew melons,273.50,250.00,"Plate with potatoes, bacon and honeydew",330.00,310.00,1.000
dish_1558029518,yam,137.75,111.00,A plate of roasted sweet potato,130.00,100.00,0.000
dish_1558029686,bacon,119.02,22.00,Two slices of cooked bacon on a white plate.,270.00,60.00,1.000
dish_1558029842,cantaloupe,22.78,67.00,A small serving of cantaloupe chunks.,51.00,150.00,1.000
dish_1558029923,bacon | yam | cantaloupe,279.55,200.00,"A plate of breakfast with sweet potatoes, cantaloupe and bacon.",350.00,310.00,0.500
dish_1558030182,potatoes,67.76,88.00,A small serving of roasted potatoes.,150.00,150.00,1.000
dish_1558030289,honeydew melons,38.52,107.00,Small plate of cubed honeydew melon.,40.00,112.00,1.000
dish_1558030383,bacon,140.66,26.00,A plate of bacon.,204.00,40.00,1.000
dish_1558030435,honeydew melons | potatoes | bacon,246.94,221.00,"Plate with roasted potatoes, honeydew melon and bacon.",380.00,290.00,1.000
dish_1558030832,yam,89.35,72.00,A plate of roasted sweet potato cubes.,90.00,100.00,0.000
dish_1558030910,bacon,81.15,15.00,Two strips of bacon,135.00,30.00,1.000
dish_1558030971,honeydew melons,17.64,49.00,Small portion of cut honeydew melon on a plate.,45.00,125.00,1.000
dish_1558031133,yam,136.51,110.00,Small plate of roasted sweet potato.,130.00,100.00,0.000
dish_1558031237,cantaloupe,31.62,93.00,Plate of cantaloupe chunks,51.00,150.00,1.000
dish_1557937427,eggs,26.43,17.00,A small portion of scrambled eggs on a plate.,90.00,75.00,1.000
dish_1558031526,yam,76.94,62.00,Small plate of cooked sweet potato cubes.,86.00,80.00,0.000
dish_1558031566,bacon,140.66,26.00,A plate of bacon,135.00,45.00,1.000
dish_1557937157,broccoli | eggs | bacon,355.25,271.00,"Breakfast plate with scrambled eggs, bacon, raspberries, strawberries and broccoli",415.00,420.00,1.000
dish_1558031675,yam | bacon | cantaloupe,248.88,180.00,"Plate with cantaloupe cubes, roasted sweet potato cubes, and strips of bacon",284.00,310.00,0.500
dish_1558032156,bacon,140.66,26.00,Plate of bacon,165.00,30.00,1.000
dish_1558109864,almonds,213.90,37.00,A snack of almonds.,205.00,35.00,1.000
dish_1558109907,grapes,43.47,63.00,A plate of grapes.,34.00,60.00,1.000
dish_1558109986,sausage,258.45,75.00,Slices of sausage on a white plate.,200.00,80.00,1.000
dish_1558110245,,29.07,51.00,Small plate of raspberries and blackberries,45.00,135.00,
dish_1558110297,,29.07,51.00,Small plate of raspberries and blackberries,64.00,100.00,
dish_1558110335,bacon,37.87,7.00,A plate of bacon,135.00,50.00,1.000
dish_1558110385,eggs,52.87,34.00,A serving of scrambled eggs on a small plate.,206.00,150.00,1.000
dish_1558110436,yam,85.63,69.00,Small serving of cooked sweet potato.,90.00,100.00,0.000
dish_1558110478,eggs | yam,205.44,161.00,"A plate of mixed breakfast items, including sweet potato, bacon, scrambled eggs, raspberries, and blackberries.",450.00,350.00,0.250
dish_1558113154,grapes,37.26,54.00,A small serving of red grapes on a plate.,69.00,115.00,1.000
dish_1558113204,almonds,179.21,31.00,A small snack of almonds served on a white plate.,170.00,30.00,1.000
dish_1558113255,cantaloupe,30.60,90.00,A serving of cantaloupe cubes on a plate,60.00,170.00,1.000
dish_1558031302,potatoes,56.98,74.00,Plate of roasted potatoes,150.00,150.00,1.000
dish_1558113430,,7.84,28.00,Small salad with spinach and shredded carrots,15.00,45.00,0.000
dish_1558113477,almonds,289.05,50.00,A plate of almonds,350.00,56.00,1.000
dish_1558113941,almonds,296.89,78.00,A snack of almonds and spinach with carrots,219.00,75.00,0.333
dish_1558114145,grapes,57.27,83.00,A snack of red and green grapes in a paper bowl.,72.00,125.00,1.000
dish_1558114209,cantaloupe,30.60,90.00,A plate of cantaloupe chunks,82.00,230.00,1.000
dish_1558028057,bacon,151.48,28.00,A few strips of bacon on a white plate.,220.00,60.00,1.000
dish_1558114484,bacon,151.48,28.00,Plate of bacon,270.00,60.00,1.000
dish_1558114523,almonds,104.06,18.00,A small serving of almonds.,160.00,28.00,1.000
dish_1558031628,cantaloupe,31.28,92.00,A plate of cubed cantaloupe.,51.00,150.00,1.000
dish_1558114609,sausage | almonds | bacon,540.90,160.00,"Plate of bacon, almonds, grapes, and sausage.",700.00,230.00,0.750
dish_1558114937,,13.72,49.00,Small salad of spinach and carrots,12.00,40.00,0.000
dish_1558115011,almonds,115.62,20.00,Small pile of almonds in a paper plate.,105.00,18.00,1.000
dish_1558115169,bacon,151.48,28.00,A plate of bacon.,270.00,75.00,1.000
dish_1558113304,grapes | cantaloupe | almonds,247.07,175.00,"Plate of cantaloupe, grapes, and almonds",194.00,245.00,1.000
dish_1558114569,grapes,26.91,39.00,A small bowl of grapes (red and green varieties),40.00,60.00,1.000
dish_1558115448,grapes,64.86,94.00,A serving of red grapes in a white bowl.,69.00,115.00,1.000
dish_1558115512,sausage,434.20,126.00,A plate of sliced sausage.,350.00,140.00,1.000
dish_1558115601,potatoes,85.47,111.00,A plate of roasted potatoes.,150.00,150.00,1.000
dish_1558115641,grapes | sausage | potatoes,584.53,331.00,"A plate with sausage slices, roasted potatoes, and red grapes.",439.00,310.00,1.000
dish_1558114441,sausage,258.45,75.00,Small plate of chorizo sausage slices.,350.00,100.00,1.000
dish_1558115825,grapes,42.78,62.00,A plate of grapes.,69.00,115.00,1.000
dish_1558115867,almonds,132.96,23.00,A small bowl of almonds.,165.00,28.00,1.000
dish_1558115241,potatoes,85.47,111.00,A small bowl of roasted potatoes.,150.00,100.00,1.000
dish_1558115960,potatoes,39.27,51.00,Small portion of roasted potatoes,150.00,100.00,1.000
dish_1558116001,almonds | grapes | sausage | bacon | potatoes,569.81,223.00,"Plate of sausage, bacon, roasted potatoes, almonds and grapes.",550.00,255.00,1.000
dish_1558115320,almonds,173.43,30.00,A small bowl of almonds.,170.00,28.00,1.000
dish_1558116146,grapes,76.59,111.00,A bowl of grapes.,69.00,115.00,1.000
dish_1558116201,sausage,313.59,91.00,A plate of sliced sausage.,260.00,80.00,1.000
dish_1558115764,bacon,151.48,28.00,A plate of bacon.,270.00,60.00,1.000
dish_1558116298,almonds | grapes | sausage,854.69,368.00,"A plate with grapes, sausage, almonds, and cantaloupe.",510.00,360.00,0.750
dish_1558116399,,7.00,25.00,A small spinach salad with shredded carrots in a paper bowl,24.00,70.00,0.000
dish_1558115915,sausage,203.31,59.00,Small serving of sausage pieces.,350.00,140.00,1.000
dish_1558116486,grapes,39.33,57.00,A small plate of green and red grapes.,69.00,115.00,1.000
dish_1558122583,potatoes,46.97,61.00,A small portion of roasted potatoes served on a white plate.,130.00,150.00,1.000
dish_1558372525,almonds,242.80,42.00,A small bowl of almonds.,280.00,49.00,1.000
dish_1558372650,grapes,57.27,83.00,A plate of grapes,69.00,115.00,1.000
dish_1558372695,sausage,148.18,43.00,A small plate of roasted potatoes.,210.00,250.00,0.000
dish_1558372948,almonds,687.94,119.00,A bowl of almonds.,529.00,90.00,1.000
dish_1558116090,cantaloupe,30.94,91.00,A small bowl of cantaloupe cubes.,54.00,150.00,1.000
dish_1558373284,sausage,389.40,113.00,Plate of sliced sausage.,340.00,140.00,1.000
dish_1558373352,grapes,69.00,100.00,A small bowl of mixed red and green grapes.,69.00,115.00,1.000
dish_1558373405,cantaloupe,13.60,40.00,Small portion of chopped carrots on a plate,25.00,60.00,0.000
dish_1558373449,almonds,416.23,72.00,A small bowl of almonds.,410.00,60.00,1.000
dish_1558116260,almonds,433.58,75.00,A bowl of almonds,350.00,60.00,1.000
dish_1558373639,,5.60,20.00,Small spinach salad with shredded carrots,11.00,30.00,0.000
dish_1558373687,sausage,306.69,89.00,A plate of sliced chorizo sausage.,400.00,150.00,1.000
dish_1558116436,bacon,91.97,17.00,Two slices of bacon on a plate.,135.00,30.00,1.000
dish_1558373008,sausage,251.56,73.00,A small plate of sliced sausage.,250.00,100.00,1.000
dish_1558375667,almonds,687.94,119.00,A bowl of almonds,822.00,140.00,1.000
dish_1558375732,grapes,45.54,66.00,A serving of grapes on a plate.,69.00,115.00,1.000
dish_1558376212,almonds,300.61,52.00,A bowl of almonds.,350.00,56.00,1.000
dish_1558376306,sausage,372.17,108.00,A plate of sliced sausage.,340.00,120.00,1.000
dish_1558376364,grapes,48.99,71.00,"Small bowl of grapes, a mix of red and green.",50.00,80.00,1.000
dish_1558376437,cantaloupe,13.26,39.00,Cantaloupe cubes in a white bowl.,68.00,200.00,1.000
dish_1558376483,almonds | grapes | sausage,735.03,270.00,"A plate with almonds, sausage slices, red grapes, green grapes and cantaloupe.",785.00,293.00,0.750
dish_1558376734,sausage,206.76,60.00,A small plate of sliced sausage.,180.00,60.00,1.000
dish_1558373492,almonds | sausage | grapes,888.23,325.00,"A snack plate containing almonds, cheddar cheese cubes, red grapes, and sausage slices.",819.00,280.00,0.750
dish_1558376874,almonds,335.30,58.00,A small bowl of almonds.,207.00,35.00,1.000
dish_1558376938,grapes,51.06,74.00,Small plate of red grapes.,69.00,115.00,1.000
dish_1558377105,sausage,389.40,113.00,A plate of sliced sausage.,350.00,140.00,1.000
dish_1558375833,sausage,317.03,92.00,Plate of sliced sausage,240.00,85.00,1.000
dish_1558378553,almonds,393.11,68.00,A small bowl of almonds.,350.00,60.00,1.000
dish_1558376801,,4.20,15.00,Small serving of seaweed salad with shredded carrots.,60.00,90.00,0.000
dish_1558379128,grapes,36.57,53.00,A small bowl of red grapes.,69.00,120.00,1.000
dish_1558379182,almonds,323.74,56.00,Bowl of almonds,207.00,35.00,1.000
dish_1558379273,sausage,227.44,66.00,Plate of sausage pieces,200.00,80.00,1.000
dish_1558375886,almonds | sausage,1050.51,277.00,"A plate with grapes, almonds, and sausage.",600.00,205.00,0.667
dish_1558378516,grapes,92.46,134.00,A bowl of red and green grapes.,69.00,115.00,1.000
dish_1558379639,sausage,385.95,112.00,A small paper bowl filled with sliced sausage.,350.00,150.00,1.000
dish_1558378634,grapes | almonds | sausage,874.97,315.00,"Plate with grapes, almonds and sausage",517.00,223.00,1.000
dish_1558379324,cantaloupe,16.32,48.00,Small portion of butternut squash cubes on a plate,63.00,150.00,0.000
dish_1558379712,almonds,687.94,119.00,Bowl of almonds,410.00,70.00,1.000
dish_1558380414,grapes,35.88,52.00,Small bowl of grapes.,35.00,60.00,1.000
dish_1558380464,almonds,277.49,48.00,A small bowl of almonds.,205.00,35.00,1.000
dish_1558380527,sausage,385.95,112.00,Small white dish of sliced sausage.,320.00,100.00,1.000
dish_1558380557,grapes | almonds | sausage,699.32,212.00,"A plate with sausage, almonds, and grapes.",565.00,200.00,1.000
dish_1558380804,,7.56,27.00,A small dish containing cooked spinach and shredded carrots.,62.00,150.00,0.000
dish_1558381032,almonds,115.62,20.00,Small bowl of almonds.,105.00,18.00,1.000
dish_1558381084,grapes,36.57,53.00,A small plate of grapes,69.00,115.00,1.000
dish_1558381143,sausage,182.64,53.00,A serving of sausage slices on a white plate.,225.00,75.00,1.000
dish_1558379391,sausage | almonds | grapes,604.06,223.00,"Plate with grapes, sausage, cantaloupe, and almonds.",463.00,356.00,0.750
dish_1558381665,broccoli,17.85,51.00,A serving of broccoli,35.00,100.00,1.000
dish_1558381708,green beans,16.43,53.00,A plate of cooked green beans,45.00,150.00,1.000
dish_1558381742,,78.20,68.00,A small plate of olives.,135.00,50.00,
dish_1558381819,tomatoes,22.10,65.00,Small bowl of cherry tomatoes,30.00,180.00,1.000
dish_1558381840,chicken,113.85,69.00,A small plate of cubed chicken breast.,248.00,155.00,1.000
dish_1558381860,avocado,94.40,59.00,Slices of avocado,150.00,100.00,1.000
dish_1558381943,spinach (raw),13.80,60.00,Bowl of spinach.,14.00,74.00,1.000
dish_1558382263,chicken | avocado | tomatoes | broccoli,356.63,425.00,"Chicken and avocado salad with spinach, tomatoes, green beans, broccoli, and olives",440.00,540.00,0.667
dish_1558457415,sweet potato,60.80,80.00,Four crab rangoons on a plate,240.00,100.00,0.000
dish_1558457468,cantaloupe,23.80,70.00,A plate of cantaloupe chunks.,68.00,200.00,1.000
dish_1558380014,grapes,92.46,134.00,"A bowl of grapes, a mix of red and green varieties.",69.00,115.00,1.000
dish_1558457577,eggs,172.60,111.00,A bowl of scrambled eggs.,240.00,150.00,1.000
dish_1558457665,cantaloupe | sweet potato | eggs | cauliflower,273.20,325.00,"Plate of roasted potatoes, cauliflower, scrambled eggs, and cantaloupe",450.00,590.00,1.000
dish_1558458438,spinach (raw),3.22,14.00,A bowl of fresh spinach.,7.00,30.00,1.000
dish_1558380058,almonds,208.12,36.00,A small bowl of almonds.,207.00,35.00,1.000
dish_1558458541,almonds,294.83,51.00,A small plate of almonds.,207.00,35.00,1.000
dish_1558458584,grapes | almonds,351.18,142.00,"A snack plate with grapes, almonds and spinach.",282.00,180.00,0.667
dish_1558458737,white rice,41.60,32.00,A serving of white rice on a plate.,205.00,158.00,1.000
dish_1558458847,apple,74.36,143.00,One medium apple on a plate.,95.00,182.00,1.000
dish_1558458903,almonds,115.62,20.00,A small plate of almonds,140.00,25.00,1.000
dish_1558459020,cherry tomatoes,10.98,61.00,Small plate of cherry tomatoes,15.00,85.00,1.000
dish_1558459059,grapes,28.98,42.00,A small plate of grapes.,40.00,70.00,1.000
dish_1558459115,almonds | apple | white rice | grapes,271.54,298.00,"A plate of apple, rice, grapes, tomatoes and almonds",420.00,455.00,0.800
dish_1558459276,white rice,102.70,79.00,A serving of white rice in a bowl.,200.00,150.00,1.000
dish_1558459395,almonds,208.12,36.00,A small white dish of almonds,340.00,56.00,1.000
dish_1558459462,grapes,58.65,85.00,A small bowl of grapes.,72.00,120.00,1.000
dish_1558459528,cherry tomatoes,11.52,64.00,Small plate of cherry tomatoes,20.00,100.00,1.000
dish_1558459602,spinach (raw),2.07,9.00,A small portion of spinach on a plate.,7.00,30.00,1.000
dish_1558459664,white rice | almonds | grapes,383.06,273.00,"A plate with rice, almonds, grapes, tomatoes, and spinach",516.00,350.00,0.600
dish_1558459945,apple,73.84,142.00,An apple on a plate.,95.00,182.00,1.000
dish_1558459994,grapes,25.53,37.00,A small snack of red grapes on a plate.,35.00,60.00,1.000
dish_1558460061,grapes,40.71,59.00,A small plate of almonds.,346.00,61.00,0.000
dish_1558460138,cherry tomatoes,10.08,56.00,Small serving of cherry tomatoes on a plate.,18.00,100.00,1.000
dish_1558460205,spinach (raw),1.84,8.00,Small bowl of fresh spinach,7.00,30.00,1.000
dish_1558460908,apple | grapes | cherry tomatoes,152.00,302.00,"Plate of healthy snacks including almonds, an apple, grapes, cherry tomatoes and spinach.",434.00,412.00,0.600
dish_1558461431,spinach (raw),1.15,5.00,Small serving of fresh spinach on a plate.,7.00,30.00,1.000
dish_1558461607,grapes,87.63,127.00,Small plate of red and green grapes,69.00,115.00,1.000
dish_1558461692,almonds,231.24,40.00,A small plate of almonds.,207.00,35.00,1.000
dish_1558461760,cherry tomatoes,10.98,61.00,A small serving of cherry tomatoes.,15.00,100.00,1.000
dish_1558461792,grapes | almonds,331.00,233.00,"Plate with snack: tomatoes, almonds, grapes and spinach.",277.00,320.00,0.500
dish_1558458496,grapes,53.13,77.00,A small bowl of grapes,69.00,115.00,1.000
dish_1558462106,grapes,25.53,37.00,A small serving of grapes on a plate.,50.00,80.00,1.000
dish_1558457530,cauliflower,16.00,64.00,Small portion of cooked cauliflower.,60.00,180.00,1.000
dish_1558462531,cherry tomatoes,12.96,72.00,Plate of cherry tomatoes,21.00,140.00,1.000
dish_1558463113,white rice | grapes | cherry tomatoes,63.58,139.00,"Plate with spinach, tomatoes, grapes, and rice",117.00,165.00,0.750
dish_1558381206,grapes | almonds | sausage,342.39,153.00,"A plate with almonds, grapes, sliced sausage, and mixed greens salad.",407.00,267.00,1.000
dish_1558463429,grapes,42.09,61.00,A small portion of red grapes in a bowl.,69.00,115.00,1.000
dish_1558463562,almonds,369.98,64.00,A small bowl of almonds.,350.00,50.00,1.000
dish_1558462036,spinach (raw),2.99,13.00,A bowl of spinach,7.00,30.00,1.000
dish_1558463690,grapes | almonds,432.95,241.00,"A light snack plate with almonds, tomatoes and grapes.",450.00,350.00,0.667
dish_1558468285,,12.32,44.00,A simple mixed greens salad.,20.00,100.00,
dish_1558468401,avocado,75.20,47.00,Two slices of avocado on a plate.,160.00,100.00,1.000
dish_1558462228,white rice,22.10,17.00,A small serving of white rice on a plate.,130.00,100.00,1.000
dish_1558468547,squash,6.97,34.00,Small portion of kimchi on a white plate.,45.00,150.00,0.000
dish_1558468589,mushroom,12.10,55.00,A plate of cooked mushrooms.,22.00,100.00,1.000
dish_1558468632,chicken,169.95,103.00,"A plate of cooked chicken breast, cubed.",200.00,120.00,1.000
dish_1558463362,cherry tomatoes,20.88,116.00,A small bowl of cherry tomatoes.,30.00,200.00,1.000
dish_1558544427,eggs,160.16,103.00,A plate of scrambled eggs with hot sauce.,250.00,150.00,1.000
dish_1558544482,,38.19,67.00,A small plate of mixed raspberries and blackberries.,52.00,100.00,
dish_1558468435,broccoli,28.00,80.00,A plate of broccoli,55.00,170.00,1.000
dish_1558544870,eggs,198.35,170.00,"A plate with scrambled eggs, raspberries and blackberries.",310.00,300.00,1.000
dish_1558545738,apple,73.84,142.00,An apple on a plate.,95.00,182.00,1.000
dish_1558546434,spinach (raw),2.53,11.00,A plate of spinach.,7.00,30.00,1.000
dish_1558468494,squash,15.79,77.00,Small serving of sauteed yellow squash and zucchini.,35.00,200.00,0.500
dish_1558546663,almonds | apple,330.73,197.00,"A plate with an apple, spinach and almonds.",309.00,247.00,0.667
dish_1558546918,white rice,70.20,54.00,A serving of white rice on a plate.,130.00,100.00,1.000
dish_1558547008,potatoes,73.92,96.00,Small plate of roasted potatoes,150.00,150.00,1.000
dish_1558544663,oatmeal,141.44,208.00,Bowl of oatmeal,150.00,200.00,1.000
dish_1558547124,almonds,144.53,25.00,A small plate of almonds.,168.00,28.00,1.000
dish_1558547205,potatoes | almonds | white rice,291.17,186.00,"A plate with rice, spinach, almonds, and roasted potatoes.",575.00,365.00,0.750
dish_1558548666,white rice,97.50,75.00,A plate with a serving of white rice.,205.00,150.00,1.000
dish_1558548958,spinach (raw),2.30,10.00,A small serving of spinach.,7.00,30.00,1.000
dish_1558549008,cherry tomatoes,20.70,115.00,Plate of cherry tomatoes,30.00,180.00,1.000
dish_1558549086,potatoes,73.15,95.00,A plate of roasted potatoes.,150.00,150.00,1.000
dish_1558549150,grapes,45.54,66.00,Small serving of grapes on a plate.,34.00,60.00,1.000
dish_1558549214,white rice | potatoes | cherry tomatoes | grapes,239.19,361.00,"A plate of rice, spinach, grapes, potatoes and grape tomatoes.",415.00,550.00,0.800
dish_1558549413,almonds,682.16,118.00,Bowl of almonds.,350.00,50.00,1.000
dish_1558468731,avocado | chicken | broccoli | squash,320.33,440.00,"A salad with mixed greens, broccoli, mushrooms, avocado, roasted butternut squash and cooked chicken.",330.00,400.00,0.800
dish_1558549773,spinach (raw),2.30,10.00,A small serving of spinach on a white plate.,7.00,30.00,1.000
dish_1558549806,almonds | white rice,781.96,203.00,"A plate with almonds, white rice, and spinach",630.00,180.00,0.667
dish_1558546558,almonds,254.36,44.00,A small serving of almonds on a white plate.,210.00,35.00,1.000
dish_1558547068,spinach (raw),2.53,11.00,Small portion of spinach,7.00,30.00,1.000
dish_1558550181,grapes,28.98,42.00,A small plate of red grapes.,35.00,60.00,1.000
dish_1558550218,almonds | grapes | apple,230.00,206.00,A plate of fruit and nuts,274.00,264.00,1.000
dish_1558628339,bacon,70.33,13.00,A plate with a serving of cooked bacon.,135.00,25.00,1.000
dish_1558549605,white rice,97.50,75.00,A serving of cooked white rice on a plate.,205.00,150.00,1.000
dish_1558628711,yam | sweet potato,129.06,129.00,A small plate of roasted sweet potatoes and roasted potatoes.,105.00,90.00,0.500
dish_1558628760,yam | sweet potato | bacon,231.31,198.00,"Plate with bacon, mixed berries, and roasted potatoes.",350.00,380.00,0.667
dish_1558628888,eggs,111.96,72.00,A plate of scrambled eggs.,207.00,150.00,1.000
dish_1558628921,carrot,24.60,60.00,A small plate of sliced carrots.,25.00,60.00,1.000
dish_1558550079,apple,73.84,142.00,An apple on a plate.,95.00,182.00,1.000
dish_1558629013,,26.40,80.00,A small serving of fresh strawberries.,50.00,150.00,
dish_1558629041,eggs | carrot | garden salad,172.00,226.00,"A plate with scrambled eggs, strawberries, carrot coins, and a spinach salad with carrots.",335.00,475.00,0.500
dish_1558629398,tomatoes,21.76,64.00,A plate with cherry tomatoes and a small piece of carrot.,15.50,81.00,0.500
dish_1558629444,almonds,225.46,39.00,A plate of almonds.,170.00,28.00,1.000
dish_1558629488,cauliflower,16.00,64.00,Plate of cauliflower florets,25.00,100.00,1.000
dish_1558629517,cauliflower | tomatoes | almonds,263.22,167.00,"A plate of almonds, cauliflower and grape tomatoes.",217.00,178.00,1.000
dish_1558629578,cauliflower,22.50,90.00,A small plate of cauliflower florets.,25.00,100.00,1.000
dish_1558629644,,4.20,15.00,"A small salad on a white plate, seemingly being weighed on a device.",20.00,100.00,
dish_1558629677,apple,73.84,142.00,A single apple on a plate.,95.00,182.00,1.000
dish_1558629715,apple | cauliflower,100.54,247.00,"A plate with an apple, mixed greens salad and cauliflower florets.",140.00,367.00,1.000
dish_1558550127,almonds,127.18,22.00,A serving of almonds,140.00,25.00,1.000
dish_1558629878,apple,73.84,142.00,Apple on a plate with a small piece of carrot.,96.00,185.00,0.500
dish_1558630006,grapes,51.75,75.00,A small plate of red and green grapes.,70.00,100.00,1.000
dish_1558630038,cauliflower,12.75,51.00,Small portion of cauliflower with a slice of carrot and a kernel of corn.,27.00,80.00,0.333
dish_1558630072,apple | almonds | grapes,294.43,295.00,"A plate of fruits, nuts and vegetables including grapes, almonds, cauliflower and an apple.",359.00,425.00,0.750
dish_1558628515,,31.92,56.00,A small plate of raspberries and blackberries.,45.00,130.00,
dish_1558628956,garden salad,9.04,14.00,Small spinach salad with shredded carrots,16.00,92.00,0.000
dish_1558629818,almonds,156.09,27.00,A small snack of almonds and a tiny carrot.,172.00,32.00,0.500
dish_1558630176,apple,73.84,142.00,One apple on a white plate.,95.00,182.00,1.000
dish_1558630325,apple | almonds,751.54,269.00,"A plate containing almonds, a side salad, and an apple.",610.00,317.00,1.000
dish_1558630450,grapes,86.25,125.00,A small bowl of mixed red and green grapes.,69.00,115.00,1.000
dish_1558630600,apple,73.84,142.00,An apple on a plate.,95.00,182.00,1.000
dish_1558630488,cantaloupe,29.92,88.00,A small serving of cantaloupe cubes on a plate.,68.00,200.00,1.000
dish_1558630649,cantaloupe | grapes | apple,190.01,355.00,"A plate with red grapes, cantaloupe, and an apple.",192.00,432.00,1.000
dish_1558630737,cauliflower,22.25,89.00,A plate of cauliflower florets.,25.00,75.00,1.000
dish_1558630814,almonds,196.55,34.00,A small serving of almonds.,170.00,28.00,1.000
dish_1558630867,apple,73.84,142.00,An apple on a white plate,95.00,182.00,1.000
dish_1558631825,corn on the cob,118.83,112.00,Two small portions of corn on the cob on a plate,166.00,154.00,1.000
dish_1558631872,cherry tomatoes,16.02,89.00,A small plate of cherry tomatoes,30.00,200.00,1.000
dish_1558631904,apple,80.08,154.00,A single apple on a plate.,95.00,182.00,1.000
dish_1558630207,almonds,670.60,116.00,A bowl of almonds.,518.00,84.00,1.000
dish_1558632080,corn on the cob,72.15,68.00,Slice of corn on the cob on a white plate.,75.00,75.00,1.000
dish_1558632130,cantaloupe,33.66,99.00,A plate of cantaloupe.,61.00,170.00,1.000
dish_1558632198,garden salad,16.80,26.00,Small mixed greens salad with a single corn kernel garnish,17.00,90.00,0.000
dish_1558630288,garden salad,7.11,11.00,Simple salad of mixed greens,10.00,50.00,0.000
dish_1558632445,almonds,526.07,91.00,A bowl of almonds.,414.00,60.00,1.000
dish_1558630932,apple | cauliflower | almonds,292.64,265.00,"A plate with an apple, almonds and cauliflower florets.",327.00,317.00,1.000
dish_1558632799,corn on the cob,20.16,19.00,A slice of corn on the cob.,45.00,50.00,1.000
dish_1558632921,apple,80.60,155.00,A plate with an apple and a single kernel of corn.,96.00,183.00,0.500
dish_1558632959,cherry tomatoes,16.02,89.00,Small plate of cherry tomatoes,30.00,200.00,1.000
dish_1558632990,cauliflower,25.25,101.00,Plate of cauliflower florets,62.00,200.00,1.000
dish_1558633158,carrot,34.85,85.00,Plate of cooked carrots,40.00,100.00,1.000
dish_1558631932,apple | corn on the cob | cherry tomatoes,214.93,355.00,"A plate with an apple, half an ear of corn, and several grape tomatoes.",187.00,437.00,1.000
dish_1558635400,cauliflower,25.00,100.00,A plate of raw cauliflower florets,25.00,100.00,1.000
dish_1558635489,corn on the cob,78.51,74.00,Two pieces of corn on the cob on a white plate.,150.00,200.00,1.000
dish_1558635523,white rice,55.90,43.00,Small portion of white rice on a plate.,130.00,100.00,1.000
dish_1558635546,apple,60.84,117.00,A single apple on a plate.,100.00,180.00,1.000
dish_1558635618,corn on the cob | apple | white rice | cauliflower,220.25,334.00,"A plate with corn, rice, cauliflower, and an apple.",415.00,640.00,1.000
dish_1558635865,corn on the cob,20.16,19.00,A small portion of corn on the cob served on a plate.,67.00,75.00,1.000
dish_1558635933,cantaloupe,33.32,98.00,A plate of cantaloupe.,68.00,200.00,1.000
dish_1558635962,almonds,52.03,9.00,A small portion of almonds served in a white plate.,170.00,30.00,1.000
dish_1558635994,grapes,93.84,136.00,A plate of mixed red and green grapes.,78.00,130.00,1.000
dish_1558636028,grapes | corn on the cob | cantaloupe,199.35,262.00,"A plate of fruit and nuts, including grapes, cantaloupe, corn, and almonds.",319.00,370.00,0.750
dish_1558636388,cauliflower,24.00,96.00,Plate of raw cauliflower florets,25.00,100.00,1.000
dish_1558632475,corn on the cob,118.83,112.00,"Two pieces of corn on the cob, cut into halves.",155.00,174.00,1.000
dish_1558636514,cherry tomatoes,16.02,89.00,A plate of cherry tomatoes.,30.00,200.00,1.000
dish_1558636544,almonds,410.45,71.00,A plate of almonds,280.00,50.00,1.000
dish_1558636582,apple | almonds,530.55,410.00,"A plate with almonds, cherry tomatoes, an apple and cauliflower florets.",490.00,519.00,0.500
dish_1558636763,apple,60.84,117.00,A single apple on a white plate.,95.00,182.00,1.000
dish_1558636813,grapes,60.72,88.00,A small plate of red and green grapes.,34.00,50.00,1.000
dish_1558632233,garden salad | corn on the cob | cantaloupe,122.60,193.00,"A plate with a side salad, some chunks of cantaloupe, and half a corncob.",116.00,310.00,0.667
dish_1558636902,carrot,38.95,95.00,Plate of sliced carrots,41.00,86.00,1.000
dish_1558636928,cherry tomatoes,16.02,89.00,Plate of grape tomatoes,30.00,170.00,1.000
dish_1558636980,apple | grapes | carrot | cherry tomatoes,222.78,397.00,"A plate of healthy snacks, including an apple, grapes, carrot chips, almonds, and cherry tomatoes.",407.00,612.00,0.800
dish_1558637214,grapes,11.04,16.00,A small serving of red grapes on a white plate.,35.00,60.00,1.000
dish_1558636483,apple,80.08,154.00,A whole apple on a plate,95.00,182.00,1.000
dish_1558636868,almonds,46.25,8.00,A small plate of almonds.,170.00,30.00,1.000
dish_1558633221,corn on the cob | cherry tomatoes | apple | cauliflower | carrot,176.88,449.00,A plate with assorted raw and cooked vegetables and an apple.,250.00,680.00,1.000
dish_1558637423,corn on the cob | apple | almonds,948.86,409.00,"A plate of almonds, corn, grapes, and an apple.",458.00,325.00,0.750
dish_1558637698,cauliflower,12.25,49.00,A serving of raw cauliflower florets,25.00,100.00,1.000
dish_1558637769,apple,80.08,154.00,A single apple on a white plate.,95.00,182.00,1.000
dish_1558637351,apple,80.08,154.00,A single apple on a white plate.,95.00,182.00,1.000
dish_1558637247,corn on the cob,117.77,111.00,Two halves of corn on the cob served on a plate.,160.00,200.00,1.000
dish_1558637896,grapes,84.87,123.00,A plate of red and green grapes.,69.00,115.00,1.000
dish_1558638137,apple,60.84,117.00,A red apple on a white plate.,95.00,182.00,1.000
dish_1558638163,carrot,40.59,99.00,Plate of cooked carrots,50.00,100.00,1.000
dish_1558638216,white rice,55.90,43.00,A plate of white rice.,205.00,150.00,1.000
dish_1558638292,cantaloupe | apple | white rice | carrot,190.31,356.00,"A plate with an apple, rice, carrots, and sweet potato.",453.00,574.00,0.600
dish_1558638844,apple,80.08,154.00,A whole apple on a white plate.,100.00,182.00,1.000
dish_1558638896,cherry tomatoes,22.68,126.00,A plate of cherry tomatoes.,30.00,200.00,1.000
dish_1558638924,cauliflower,6.25,25.00,A small serving of raw cauliflower.,25.00,70.00,1.000
dish_1558637393,almonds,739.97,128.00,A bowl of almonds.,414.00,60.00,1.000
dish_1558638983,corn on the cob,59.42,56.00,A slice of corn on the cob on a plate,70.00,75.00,1.000
dish_1558637865,corn on the cob,71.09,67.00,A small slice of corn on the cob.,67.00,75.00,1.000
dish_1558639089,grapes,19.32,28.00,A small plate of grapes.,35.00,60.00,1.000
dish_1558639138,carrot,22.14,54.00,A small bowl of roasted carrots,60.00,85.00,1.000
dish_1558639167,apple,80.08,154.00,An apple on a plate.,95.00,182.00,1.000
dish_1558639195,grapes | carrot | corn on the cob | apple,238.25,346.00,"A plate of fruit and vegetables consisting of grapes, carrot slices, corn on the cob, and an apple.",319.00,480.00,1.000
dish_1558639221,cauliflower,24.50,98.00,Plate of raw cauliflower florets.,75.00,200.00,1.000
dish_1558638954,grapes,89.01,129.00,A plate of grapes.,69.00,115.00,1.000
dish_1558639306,carrot,40.59,99.00,A plate of cooked carrots.,75.00,150.00,1.000
dish_1558639335,apple,60.32,116.00,A single apple on a plate.,95.00,182.00,1.000
dish_1558639362,cauliflower | apple | carrot | corn on the cob,156.18,342.00,"A plate with various fruits and vegetables, including cauliflower, corn, apple and sliced carrots.",232.00,462.00,1.000
dish_1558639412,cantaloupe,32.98,97.00,A plate of cantaloupe chunks,68.00,200.00,1.000
dish_1558639440,apple,60.32,116.00,A whole apple on a plate.,95.00,182.00,1.000
dish_1558639482,corn on the cob,30.77,29.00,A slice of corn on the cob on a plate,75.00,85.00,1.000
dish_1558639526,carrot,31.98,78.00,A plate of sliced carrots.,50.00,100.00,1.000
dish_1558637932,corn on the cob | apple | grapes,248.29,393.00,"A plate with an apple, some grapes, a small piece of corn, and cauliflower florets.",251.00,452.00,0.750
dish_1558639588,almonds,121.40,21.00,A serving of almonds.,350.00,50.00,1.000
dish_1558639630,corn on the cob,116.71,110.00,Two small circular slices of corn on the cob on a white plate.,72.00,64.00,1.000
dish_1558639662,cherry tomatoes,16.02,89.00,A small plate of cherry tomatoes.,30.00,200.00,1.000
dish_1558639673,cherry tomatoes,16.02,89.00,Small plate of cherry tomatoes,30.00,180.00,1.000
dish_1558639683,cherry tomatoes,16.02,89.00,A small plate of cherry tomatoes.,33.00,200.00,1.000
dish_1558639752,corn on the cob | cherry tomatoes | almonds,254.13,220.00,"A plate with almonds, cherry tomatoes, and corn on the cob.",370.00,355.00,1.000
dish_1558639787,cauliflower,24.75,99.00,A small plate of cooked cauliflower florets.,25.00,75.00,1.000
dish_1558639818,cantaloupe,20.06,59.00,A small plate of cantaloupe chunks.,54.00,150.00,1.000
dish_1558639849,carrot,23.37,57.00,Small portion of baby carrots on a white plate.,30.00,80.00,1.000
dish_1558639876,carrot | cantaloupe | cauliflower,68.18,215.00,"A plate of cauliflower, carrots, and sweet potato.",140.00,240.00,0.500
dish_1558639907,cherry tomatoes,10.44,58.00,A small plate of cherry tomatoes,14.00,85.00,1.000
dish_1558639012,cherry tomatoes | corn on the cob | apple | grapes,257.44,490.00,"A plate of fruit and vegetables, including an apple, grapes, cauliflower, cherry tomatoes and corn.",269.00,634.00,0.800
dish_1558639979,almonds,520.29,90.00,A plate of almonds.,700.00,120.00,1.000
dish_1558640008,almonds,552.49,212.00,"A plate of almonds, cherry tomatoes, and sweet potato",500.00,290.00,0.333
dish_1558640039,carrot,40.18,98.00,"A side dish of sliced, cooked carrots.",50.00,100.00,1.000
dish_1558639266,corn on the cob,30.77,29.00,Half cob of corn on a plate.,80.00,85.00,1.000
dish_1558640105,corn on the cob,77.45,73.00,Two slices of corn on the cob,67.00,75.00,1.000
dish_1558640145,carrot | apple | corn on the cob,177.95,287.00,"A plate with an apple, sliced carrots, and corn on the cob.",222.00,396.00,1.000
dish_1558640190,cantaloupe,19.72,58.00,A plate of cantaloupe chunks.,68.00,200.00,1.000
dish_1558640238,cherry tomatoes,22.68,126.00,A plate of cherry tomatoes.,30.00,180.00,1.000
dish_1558640267,grapes,63.48,92.00,"A small plate of grapes, appears to be a mix of red and green.",69.00,115.00,1.000
dish_1558639555,cantaloupe | corn on the cob | carrot | apple,156.05,320.00,"A plate with an apple, corn, cantaloupe and carrots.",216.00,457.00,1.000
dish_1558640311,grapes | cantaloupe | cherry tomatoes,105.88,276.00,"Plate of grapes, cantaloupe, and grape tomatoes",127.00,320.00,1.000
dish_1558640373,cherry tomatoes | grapes | cantaloupe,105.88,276.00,"A plate of grapes, cantaloupe, and grape tomatoes",133.00,385.00,1.000
dish_1558640418,carrot,14.35,35.00,A small portion of sliced carrots.,50.00,100.00,1.000
dish_1558639949,cantaloupe,21.76,64.00,Small plate of cantaloupe slices,40.00,100.00,1.000
dish_1558640074,apple,60.32,116.00,A single apple on a plate.,95.00,182.00,1.000
dish_1558640477,corn on the cob,59.42,56.00,A small portion of cooked corn on the cob on a white plate.,67.00,75.00,1.000
dish_1558640450,apple,80.08,154.00,A medium-sized apple on a plate.,104.00,182.00,1.000
dish_1558640593,apple,60.32,116.00,A single apple on a white plate.,95.00,182.00,1.000
dish_1558640604,apple,60.84,117.00,A whole apple on a plate.,95.00,182.00,1.000
dish_1558640614,apple,60.32,116.00,A single apple on a white plate.,95.00,182.00,1.000
dish_1558640671,cantaloupe,32.30,95.00,A small serving of cut cantaloupe.,68.00,200.00,1.000
dish_1558640294,cantaloupe | cherry tomatoes,42.40,184.00,"A plate of fruit, including grapes, cantaloupe, and cherry tomatoes.",164.00,456.00,0.667
dish_1558640748,cauliflower,14.50,58.00,A plate of raw cauliflower florets.,50.00,150.00,1.000
dish_1558640705,apple | cantaloupe,96.76,234.00,"A plate with an apple, pieces of cantaloupe, and some grape tomatoes.",178.00,467.00,0.667
dish_1558640563,cherry tomatoes,4.14,23.00,A small plate with four cherry tomatoes.,12.00,70.00,1.000
dish_1558640781,apple,80.08,154.00,A single medium-sized apple,95.00,182.00,1.000
dish_1558640849,apple | cauliflower | carrot,105.24,238.00,"A plate with raw cauliflower florets, sliced carrots, and an apple.",168.00,422.00,1.000
dish_1558640882,cantaloupe,32.30,95.00,A plate of cantaloupe pieces.,51.00,150.00,1.000
dish_1558640513,carrot | apple | corn on the cob,153.85,245.00,"A plate with an apple, a piece of corn on the cob, and some carrots.",222.00,395.00,1.000
dish_1558640979,cantaloupe | cauliflower | carrot,59.28,169.00,"A small plate of assorted cooked vegetables including cauliflower, sliced carrots, and sweet potato chunks.",120.00,250.00,0.500
dish_1558641007,carrot,23.37,57.00,Small plate of sliced carrots.,25.00,60.00,1.000
dish_1558641037,apple,60.84,117.00,A single apple on a plate.,104.00,182.00,1.000
dish_1558640917,cauliflower,5.25,21.00,Small portion of cauliflower florets on a plate.,28.00,100.00,1.000
dish_1558640808,carrot,10.66,26.00,A small plate of cooked carrots.,45.00,100.00,1.000
dish_1558641075,cherry tomatoes,12.42,69.00,A plate of cherry tomatoes,15.00,100.00,1.000
dish_1558641200,carrot,3.28,8.00,A small plate of cooked carrots.,30.00,70.00,1.000
dish_1558641211,carrot,3.28,8.00,Small serving of cooked carrots,50.00,100.00,1.000
dish_1558641253,corn on the cob,116.71,110.00,Two slices of corn on the cob on a white plate.,75.00,75.00,1.000
dish_1558641287,cherry tomatoes,11.52,64.00,A small bowl of cherry tomatoes.,30.00,170.00,1.000
dish_1558641320,apple | corn on the cob | cherry tomatoes,211.59,336.00,"A plate with an apple, carrot slices, cherry tomatoes, and corn on the cob slices.",220.00,442.00,0.750
dish_1558641358,cauliflower,24.25,97.00,A plate of cauliflower florets.,60.00,200.00,1.000
dish_1558641391,cantaloupe,19.72,58.00,A plate of cantaloupe chunks.,68.00,170.00,1.000
dish_1558641416,corn on the cob,59.42,56.00,Cut corn on the cob,75.00,85.00,1.000
dish_1558641442,cauliflower | cantaloupe | corn on the cob,103.39,211.00,Plate of raw vegetables and melon,140.00,325.00,1.000
dish_1558640941,carrot,21.73,53.00,Small plate of baby carrots,35.00,100.00,1.000
dish_1558641926,apple,80.08,154.00,An apple on a plate.,95.00,182.00,1.000
dish_1558641954,cherry tomatoes,18.36,102.00,A plate of cherry tomatoes.,24.00,140.00,1.000
dish_1558641989,cauliflower,13.75,55.00,A plate of cauliflower florets.,77.00,200.00,1.000
dish_1558641164,apple,80.08,154.00,A single apple on a plate.,95.00,182.00,1.000
dish_1558642089,carrot,39.36,96.00,A small portion of sliced carrots served on a white plate.,35.00,80.00,1.000
dish_1558642420,carrot,38.95,95.00,A plate of sliced carrots.,50.00,100.00,1.000
dish_1558642458,cauliflower,23.00,92.00,Plate of raw cauliflower florets,50.00,150.00,1.000
dish_1558642490,carrot | cauliflower,61.95,187.00,Plate of raw carrots and cauliflower.,65.00,200.00,1.000
dish_1558717604,apple,73.84,142.00,A single apple on a plate.,77.00,150.00,1.000
dish_1558717886,apple,73.84,142.00,A single apple on a plate.,95.00,182.00,1.000
dish_1558718009,cantaloupe,25.84,76.00,A small plate of cantaloupe chunks.,51.00,150.00,1.000
dish_1558641897,corn on the cob,116.71,110.00,Two pieces of corn on the cob on a white plate.,140.00,200.00,1.000
dish_1558718088,apple | corn on the cob | cantaloupe | cauliflower,219.42,405.00,"Plate with an apple, corn halves, cauliflower florets and cantaloupe chunks",360.00,707.00,1.000
dish_1558718587,cauliflower,10.25,41.00,A small plate of cauliflower florets.,25.00,100.00,1.000
dish_1558718610,corn on the cob,113.53,107.00,Two slices of corn on a white plate.,140.00,160.00,1.000
dish_1558718649,cantaloupe,25.84,76.00,A plate of cantaloupe chunks,51.00,150.00,1.000
dish_1558718680,almonds,132.96,23.00,A bowl of almonds.,160.00,28.00,1.000
dish_1558718906,corn on the cob | cantaloupe | almonds,282.58,247.00,"A plate with corn, almonds, cantaloupe, and cauliflower",350.00,335.00,0.750
dish_1558718974,almonds,422.01,73.00,A plate of almonds.,410.00,68.00,1.000
dish_1558719040,cantaloupe,31.96,94.00,A plate of cantaloupe chunks.,60.00,170.00,1.000
dish_1558641108,cherry tomatoes | apple | carrot,96.63,243.00,"A light snack with an apple, carrots and cherry tomatoes.",145.00,392.00,1.000
dish_1558719097,cherry tomatoes,19.26,107.00,A plate of cherry tomatoes.,20.00,140.00,1.000
dish_1558719145,cantaloupe | almonds | apple,547.07,416.00,A plate of mixed fruit and nuts.,348.00,455.00,0.750
dish_1558719298,almonds,265.93,46.00,A small bowl of almonds.,170.00,28.00,1.000
dish_1558719336,cauliflower,24.25,97.00,A plate of raw cauliflower florets,61.00,180.00,1.000
dish_1558719377,apple,73.84,142.00,A single apple on a plate.,95.00,182.00,1.000
dish_1558719401,corn on the cob,51.99,49.00,A slice of corn on the cob on a white plate.,30.00,40.00,1.000
dish_1558719514,almonds | apple | corn on the cob | cauliflower,433.29,430.00,"A plate with almonds, cherry tomatoes, cauliflower florets, apple, and corn cob.",435.00,545.00,0.800
dish_1558719570,apple,74.36,143.00,A single apple on a plate.,95.00,182.00,1.000
dish_1558642021,apple | corn on the cob | cherry tomatoes | cauliflower,228.90,421.00,"Plate with an apple, cherry tomatoes, cauliflower florets and corn on the cob.",220.00,537.00,1.000
dish_1558718051,cauliflower,24.25,97.00,Plate of cooked cauliflower.,82.00,200.00,1.000
dish_1558720133,cauliflower,14.25,57.00,Small serving of cauliflower on a plate.,25.00,75.00,1.000
dish_1558720236,apple | almonds,887.82,407.00,"Plate of raw vegetables, almonds, and an apple.",570.00,410.00,0.500
dish_1558719066,apple,73.84,142.00,A single apple on a white plate.,95.00,182.00,1.000
dish_1558719994,almonds,768.87,133.00,Plate of almonds,529.00,90.00,1.000
dish_1558720097,carrot,30.34,74.00,Small plate of baby carrots,50.00,100.00,1.000
dish_1558720335,cantaloupe,15.64,46.00,Small serving of carrot slices.,25.00,60.00,0.000
dish_1558720289,cauliflower,20.00,80.00,A plate of plain cauliflower florets.,65.00,200.00,1.000
dish_1558720364,apple,73.84,142.00,A single apple on a plate.,77.00,182.00,1.000
dish_1558720396,corn on the cob,95.49,90.00,Two slices of corn on the cob on a plate.,134.00,150.00,1.000
dish_1558721272,carrot,29.52,72.00,A plate of cooked carrots,50.00,100.00,1.000
dish_1558721323,cantaloupe,31.62,93.00,Plate of cantaloupe slices,68.00,200.00,1.000
dish_1558721345,cauliflower,19.50,78.00,A plate of plain cauliflower florets.,25.00,100.00,1.000
dish_1558721533,cantaloupe,18.70,55.00,Small plate of cantaloupe chunks,34.00,100.00,1.000
dish_1558721484,cherry tomatoes,11.16,62.00,Four cherry tomatoes on a plate.,10.00,40.00,1.000
dish_1558721559,carrot,37.72,92.00,A small plate of sliced carrots.,50.00,100.00,1.000
dish_1558721587,corn on the cob,95.49,90.00,Two slices of corn on the cob,70.00,100.00,1.000
dish_1558721636,carrot | corn on the cob | cantaloupe | cherry tomatoes,163.07,299.00,"A plate of sliced carrots, cherry tomatoes, corn on the cob slices and cantaloupe.",155.00,310.00,1.000
dish_1558721669,cauliflower,24.25,97.00,Small plate of raw cauliflower florets,63.00,150.00,1.000
dish_1558721726,apple,74.36,143.00,A single apple on a white plate.,100.00,182.00,1.000
dish_1558721757,almonds,768.87,133.00,A bowl of almonds.,414.00,69.00,1.000
dish_1558721827,apple | almonds,886.52,429.00,"Plate of mixed raw vegetables, an apple and almonds.",510.00,390.00,0.500
dish_1558721904,apple,74.36,143.00,A single apple on a plate.,95.00,182.00,1.000
dish_1558721931,cauliflower,13.25,53.00,"Small serving of cauliflower, with a single corn kernel",28.00,78.00,0.500
dish_1558721700,cantaloupe,19.04,56.00,Small serving of cantaloupe on a white plate.,68.00,170.00,1.000
dish_1558721980,cantaloupe,26.86,79.00,Small serving of cantaloupe,34.00,100.00,1.000
dish_1558722068,almonds,179.21,31.00,A small serving of almonds in a white dish.,168.00,28.00,1.000
dish_1558722103,apple | cantaloupe | almonds,304.84,368.00,"Plate of healthy snacks including cauliflower, almonds, carrots, tomatoes, and an apple.",310.00,363.00,0.333
dish_1558721380,cherry tomatoes,19.26,107.00,A plate of cherry tomatoes,28.00,170.00,1.000
dish_1558722171,cauliflower,24.25,97.00,Plate of cauliflower florets,60.00,200.00,1.000
dish_1558722207,apple,83.20,160.00,An apple on a plate.,97.00,183.00,0.500
dish_1558722247,almonds | apple,604.62,343.00,"A plate with an apple, almonds and cauliflower.",530.00,342.00,0.667
dish_1558722322,carrot,37.72,92.00,A plate of baby carrots.,50.00,120.00,1.000
dish_1558722370,cauliflower,19.75,79.00,A small plate of cauliflower florets.,25.00,100.00,1.000
dish_1558722398,apple,83.72,161.00,A single apple on a plate.,95.00,182.00,1.000
dish_1558722434,cherry tomatoes,8.46,47.00,Four grape tomatoes on a white plate.,10.00,50.00,1.000
dish_1558722473,cherry tomatoes | cauliflower | apple | carrot,149.65,379.00,"A plate with a variety of fresh vegetables and a small apple, consisting of cauliflower florets, grape tomatoes, sliced carrots, and a red apple.",190.00,460.00,1.000
dish_1558722636,carrot,30.75,75.00,Plate of cooked carrot slices,50.00,100.00,1.000
dish_1558722665,cauliflower,15.00,60.00,Small plate of raw cauliflower florets,25.00,75.00,1.000
dish_1558722685,cantaloupe,25.84,76.00,Small plate of cantaloupe chunks,68.00,200.00,1.000
dish_1558722707,cherry tomatoes,19.26,107.00,A serving of cherry tomatoes,28.00,180.00,1.000
dish_1558722748,corn on the cob,51.99,49.00,A slice of corn on the cob.,67.00,75.00,1.000
dish_1558722780,cauliflower | carrot | corn on the cob | cantaloupe | cherry tomatoes,142.84,367.00,A plate of mixed raw vegetables and cantaloupe.,164.00,580.00,1.000
dish_1558722842,cherry tomatoes,10.44,58.00,A small plate of fresh grape tomatoes.,15.00,100.00,1.000
dish_1558722871,cauliflower,15.00,60.00,Small portion of cauliflower on a plate.,25.00,80.00,1.000
dish_1558721959,cherry tomatoes,11.16,62.00,A plate of cherry tomatoes.,15.00,100.00,1.000
dish_1558722906,corn on the cob,95.49,90.00,Two cut corn on the cob halves on a white plate.,143.00,160.00,1.000
dish_1558722931,almonds,439.36,76.00,A small plate of almonds.,207.00,35.00,1.000
dish_1558722968,almonds | corn on the cob,560.29,284.00,"A plate with almonds, cauliflower, cherry tomatoes, and corn",425.00,295.00,0.500
dish_1558723047,cantaloupe,31.62,93.00,A small plate of cut carrots,30.00,75.00,0.000
dish_1558723073,cherry tomatoes,16.20,90.00,A small plate of cherry tomatoes,14.00,70.00,1.000
dish_1558723096,cauliflower,16.50,66.00,Small plate of cauliflower florets.,25.00,75.00,1.000
dish_1558721434,cherry tomatoes | carrot | cauliflower | cantaloupe,99.90,350.00,"Plate with cauliflower, cherry tomatoes, carrot and cantaloupe.",110.00,360.00,1.000
dish_1558723414,corn on the cob,51.99,49.00,Small portion of corn on the cob,77.00,86.00,1.000
dish_1558723449,apple,74.36,143.00,An apple on a white plate.,95.00,182.00,1.000
dish_1558722883,cauliflower,15.00,60.00,small serving of cauliflower,22.00,75.00,1.000
dish_1558723512,carrot,15.99,39.00,Small plate of carrots.,25.00,60.00,1.000
dish_1558723537,cauliflower,14.50,58.00,Small portion of cauliflower florets on a plate,25.00,75.00,1.000
dish_1558723568,cantaloupe | corn on the cob | carrot | cauliflower | apple,179.62,356.00,"A plate with an apple, cantaloupe, cauliflower, corn, and carrots.",278.00,582.00,1.000
dish_1558723639,cauliflower,10.25,41.00,Small portion of raw cauliflower florets on a white plate.,25.00,70.00,1.000
dish_1558723671,carrot,38.13,93.00,Plate of sliced carrots,50.00,100.00,1.000
dish_1558723695,corn on the cob,95.49,90.00,Two halved pieces of corn on the cob on a white plate.,120.00,160.00,1.000
dish_1558723719,almonds,231.24,40.00,A small snack of almonds.,160.00,28.00,1.000
dish_1558722125,almonds,497.17,86.00,A plate of almonds.,410.00,60.00,1.000
dish_1558723777,apple,74.36,143.00,An apple on a white plate.,95.00,182.00,1.000
dish_1558723818,corn on the cob,113.53,107.00,Two corn on the cob slices,140.00,200.00,1.000
dish_1558723847,almonds,554.98,96.00,A plate of almonds.,517.00,85.00,1.000
dish_1558723866,cauliflower,14.75,59.00,Small portion of cooked cauliflower,30.00,100.00,1.000
dish_1558723123,corn on the cob,51.99,49.00,A small portion of corn on the cob served on a plate.,67.00,75.00,1.000
dish_1558723926,cherry tomatoes,19.26,107.00,A small plate of cherry tomatoes.,21.00,140.00,1.000
dish_1558723960,cauliflower,13.00,52.00,A small serving of plain cauliflower florets on a white plate.,25.00,75.00,1.000
dish_1558723982,almonds,294.83,51.00,A small bowl of almonds.,170.00,28.00,1.000
dish_1558724005,cantaloupe,31.62,93.00,Small serving of cantaloupe chunks on a plate.,34.00,100.00,1.000
dish_1558723475,cantaloupe,22.78,67.00,Small plate of cantaloupe pieces,50.00,150.00,1.000
dish_1558724574,brussels sprouts,50.74,118.00,Plate of roasted brussel sprouts,75.00,150.00,1.000
dish_1558724607,honeydew melons,54.72,152.00,Small plate of cut honeydew melon.,46.00,135.00,1.000
dish_1558724633,broccoli,32.90,94.00,A plate of steamed broccoli florets.,65.00,200.00,1.000
dish_1558724658,brussels sprouts | honeydew melons | broccoli,138.36,364.00,"Plate of vegetables including Brussels sprouts, cucumber, and broccoli.",130.00,480.00,0.500
dish_1558724689,cauliflower,19.75,79.00,A plate of cooked cauliflower.,50.00,150.00,1.000
dish_1558724723,broccoli,39.20,112.00,A plate of broccoli florets.,55.00,170.00,1.000
dish_1558724766,apple,83.72,161.00,A single apple on a plate.,95.00,182.00,1.000
dish_1558724799,cauliflower | apple | broccoli,142.67,352.00,"A plate of fresh fruits and vegetables, including an apple, cauliflower florets, and broccoli florets.",175.00,452.00,1.000
dish_1558724853,brussels sprouts,50.74,118.00,A small plate of roasted brussels sprouts.,75.00,150.00,1.000
dish_1558724891,apple,83.72,161.00,A single apple on a white plate.,95.00,182.00,1.000
dish_1558724912,carrot,30.75,75.00,A plate of sliced carrots,62.00,130.00,1.000
dish_1558724932,almonds,416.23,72.00,A plate of almonds.,350.00,50.00,1.000
dish_1558724959,brussels sprouts | carrot | almonds | apple,581.44,426.00,"A plate with an apple, almonds, carrots and brussels sprouts.",389.00,445.00,1.000
dish_1558724031,cherry tomatoes | cantaloupe | almonds,358.71,303.00,"A plate of cherry tomatoes, cauliflower florets, almonds, and cantaloupe chunks.",245.00,388.00,0.750
dish_1558725049,brussels sprouts,43.00,100.00,Plate of cooked Brussels sprouts,60.00,150.00,1.000
dish_1558724992,almonds,456.70,79.00,A plate of almonds,410.00,60.00,1.000
dish_1558725112,almonds | brussels sprouts | honeydew melons,554.06,330.00,"A light snack of almonds, honeydew melon, and brussels sprouts.",376.00,280.00,1.000
dish_1558725193,almonds,763.09,132.00,A plate of almonds.,518.00,89.00,1.000
dish_1558725226,cauliflower,19.75,79.00,A plate of cauliflower florets,30.00,100.00,1.000
dish_1558725253,broccoli,33.95,97.00,A plate of steamed broccoli.,55.00,170.00,1.000
dish_1558725286,almonds,816.79,308.00,"A plate with almonds, broccoli florets, and cauliflower florets.",479.00,235.00,0.333
dish_1558723742,carrot | almonds | corn on the cob,375.11,264.00,"Assorted snack plate of carrots, cauliflower, almonds and corn.",239.00,264.00,0.750
dish_1558725403,almonds,289.05,50.00,A small snack of almonds.,140.00,25.00,1.000
dish_1558723894,almonds | corn on the cob | apple,757.61,405.00,"Plate with corn on the cob, cauliflower, almonds and an apple.",636.00,460.00,0.750
dish_1558725621,brussels sprouts | almonds | cauliflower,349.22,223.00,"A plate of almonds and raw vegetables including cauliflower, carrots, and brussels sprouts",325.00,315.00,0.750
dish_1558725702,brussels sprouts,50.31,117.00,Plate of roasted Brussels sprouts.,110.00,200.00,1.000
dish_1558725734,carrot,30.75,75.00,Plate of sliced carrots,52.00,110.00,1.000
dish_1558725760,apple,83.72,161.00,An apple on a plate.,95.00,182.00,1.000
dish_1558725786,corn on the cob,113.53,107.00,Two corn cobs served on a plate.,134.00,150.00,1.000
dish_1558725829,brussels sprouts | carrot | corn on the cob | apple,278.31,460.00,A plate with various vegetables and an apple.,325.00,595.00,1.000
dish_1559059924,bacon,108.20,20.00,Plate of bacon,138.00,40.00,1.000
dish_1559059954,bacon,108.20,20.00,Plate of cooked bacon,135.00,30.00,1.000
dish_1559059992,sweet potato,71.44,94.00,A small serving of roasted potatoes.,150.00,100.00,1.000
dish_1558725353,brussels sprouts,40.42,94.00,A plate of roasted Brussels sprouts.,90.00,250.00,1.000
dish_1559060106,bacon | sweet potato,206.37,195.00,"Breakfast plate with bacon, roasted potatoes and strawberries.",400.00,290.00,1.000
dish_1559061675,watermelon,24.90,83.00,A plate of diced watermelon.,46.00,150.00,1.000
dish_1559061752,eggs,192.82,124.00,"A plate of scrambled eggs, possibly with some hot sauce.",200.00,150.00,1.000
dish_1559062005,turkey bacon,113.91,30.00,A small portion of beef jerky on a plate.,85.00,25.00,0.000
dish_1558725085,honeydew melons,54.36,151.00,A small plate of honeydew melon chunks.,54.00,150.00,1.000
dish_1559062082,watermelon | eggs | turkey bacon | sweet potato,387.87,311.00,"A breakfast plate with scrambled eggs, watermelon, fried potatoes, and turkey bacon.",500.00,450.00,1.000
dish_1559149615,bacon,124.43,23.00,Three strips of cooked bacon on a white plate.,210.00,40.00,1.000
dish_1559149650,carrot,26.24,64.00,A plate of cooked carrots.,50.00,100.00,1.000
dish_1558725576,cauliflower,19.75,79.00,Plate of steamed or boiled cauliflower florets,60.00,200.00,1.000
dish_1559149719,bacon | carrot | eggs,432.12,268.00,"Plate of scrambled eggs, bacon, and cooked carrots.",470.00,290.00,1.000
dish_1559157454,arugula,34.56,28.00,Small salad with mixed greens and blueberries,20.00,60.00,0.000
dish_1559157777,spinach (raw),2.53,11.00,A bowl of spinach leaves.,7.00,30.00,1.000
dish_1559157919,spinach (raw) | arugula,37.09,39.00,"salad of arugula, blueberries, walnuts, and spinach",72.00,77.00,0.667
dish_1559060055,,26.73,81.00,A small plate of fresh strawberries.,50.00,150.00,
dish_1559158354,broccoli,21.00,60.00,A plate of broccoli florets,34.00,100.00,1.000
dish_1559158425,spinach (raw),2.99,13.00,Bowl of spinach,14.00,86.00,1.000
dish_1559172356,brown rice | salmon,313.10,176.00,There are no food items in this image.,0.00,,0.000
dish_1559232986,bacon,189.35,35.00,A small plate of bacon.,200.00,40.00,1.000
dish_1559233055,garden salad,25.19,39.00,"Small salad with spinach, shredded carrots, and cherry tomatoes",30.00,85.00,0.000
dish_1559233102,scrambled eggs,183.52,124.00,A plate of scrambled eggs.,206.00,150.00,1.000
dish_1559233144,garden salad | scrambled eggs | bacon,398.06,198.00,"Breakfast with scrambled eggs, bacon, and spinach salad",450.00,295.00,0.500
dish_1559233445,pineapple,24.50,49.00,Two chunks of pineapple on a white plate.,40.00,75.00,1.000
dish_1559233570,,16.83,51.00,Small plate of sliced strawberries,20.00,50.00,
dish_1559233627,bacon,64.92,12.00,Two strips of bacon on a white plate.,86.00,30.00,1.000
dish_1559233715,sweet potato,83.60,110.00,Small portion of fried potatoes.,250.00,150.00,1.000
dish_1559233756,bacon | sweet potato | pineapple,189.85,222.00,"A plate of fruit, bacon, and potatoes.",250.00,280.00,1.000
dish_1559235639,,33.99,103.00,A small plate of sliced strawberries.,45.00,150.00,
dish_1559149688,eggs,281.45,181.00,A plate of scrambled eggs.,270.00,180.00,1.000
dish_1559235771,cream cheese | bagels,145.80,54.00,A bagel with cream cheese.,400.00,150.00,0.500
dish_1559235815,cream cheese | bagels | eggs,352.40,268.00,"Breakfast with scrambled eggs, a bagel with cream cheese, and strawberries.",550.00,400.00,0.667
dish_1559062051,sweet potato,56.24,74.00,Small plate of roasted potatoes.,180.00,200.00,1.000
dish_1559238481,,59.69,127.00,A single orange on a plate.,62.00,131.00,
dish_1559238566,,62.13,109.00,A small snack of sliced strawberries and blueberries on a white plate.,60.00,170.00,
dish_1559238608,pears,237.36,438.00,"A plate of fruit including a pear, strawberries, blueberries, and a tangerine.",207.00,436.00,0.500
dish_1559238993,,61.56,108.00,Fruit salad with strawberries and blueberries,45.00,135.00,
dish_1559239151,spinach (raw),9.20,40.00,A small spinach salad with shredded carrots.,24.00,66.00,0.500
dish_1559239256,,60.16,128.00,A whole orange on a plate.,62.00,131.00,
dish_1559239369,spinach (raw),130.92,276.00,"Plate with spinach salad, strawberries, blueberries, tomato and a tangerine.",129.00,310.00,0.250
dish_1559158263,arugula,40.74,33.00,Small arugula salad with a few blueberries,30.00,115.00,1.000
dish_1559239912,,60.16,128.00,A single orange on a plate.,62.00,131.00,
dish_1559239985,pears,116.12,203.00,A pear on a plate.,100.00,178.00,1.000
dish_1559240089,carrot | pears,202.82,385.00,"Plate with sliced carrots, a mandarin orange, and a pear.",177.00,341.00,0.667
dish_1559240256,broccoli,18.90,54.00,A small serving of broccoli florets.,34.00,100.00,1.000
dish_1559240382,carrot,20.65,42.00,Small plate of sliced carrots.,30.00,80.00,1.000
dish_1559240441,,19.47,59.00,Plate of cut strawberries.,20.00,50.00,
dish_1559240510,cauliflower | carrot | broccoli,73.52,213.00,"Plate of cauliflower, strawberries, carrot slices and broccoli",139.00,400.00,1.000
dish_1559240875,pears,116.12,203.00,A single green apple on a white plate.,95.00,182.00,0.000
dish_1559235690,eggs,172.60,111.00,A serving of scrambled eggs on a plate.,240.00,150.00,1.000
dish_1559240987,carrot,25.07,51.00,A small plate of glazed carrots.,80.00,150.00,1.000
dish_1559241099,carrot | pears,201.35,382.00,A plate of fresh fruit and vegetables.,225.00,394.00,1.000
dish_1559242066,carrot,26.05,53.00,A small plate of glazed carrots.,110.00,140.00,1.000
dish_1559242155,pears,116.12,203.00,A single pear on a plate.,103.00,178.00,1.000
dish_1559242221,almonds,659.03,114.00,A plate of almonds.,347.00,58.00,1.000
dish_1559239753,carrot,26.55,54.00,A serving of glazed carrots in a white bowl.,75.00,85.00,1.000
dish_1559240908,,60.16,128.00,A single orange on a white plate.,62.00,131.00,
dish_1559242568,pears,116.12,203.00,A single pear on a white plate.,103.00,178.00,1.000
dish_1559243704,pears,116.12,203.00,A single guava on a plate.,112.00,200.00,0.000
dish_1559243139,carrot,26.05,53.00,A small serving of roasted carrots.,75.00,150.00,1.000
dish_1559243974,almonds | pears,431.22,306.00,"A snack plate with an apple, almonds and baby carrots.",294.00,295.00,0.250
dish_1559243887,almonds,289.05,50.00,A small plate of almonds.,210.00,35.00,1.000
dish_1559244305,chickpeas,113.07,64.00,Small plate of chickpeas with some cooked tomatoes and onion.,168.00,150.00,0.333
dish_1559244417,arugula,72.83,59.00,Arugula salad with tomato and pine nuts.,43.00,70.00,0.333
dish_1559244546,brown rice | chicken,469.94,281.00,"A plate with two chicken thighs, rice, spinach, and tomato.",450.00,425.00,0.500
dish_1559244598,cookies,250.92,51.00,One meatball on a plate.,75.00,30.00,0.000
dish_1559244649,chicken | chickpeas | cookies,906.76,455.00,"A plate of food with chicken, rice, chickpeas, falafel, and a green salad.",510.00,445.00,0.333
dish_1559245589,carrot,25.56,52.00,Small plate of baby carrots,50.00,120.00,1.000
dish_1559245654,pears,115.54,202.00,A green mango on a plate with a few carrot shavings.,205.00,310.00,0.000
dish_1559245697,pears | garden salad | carrot,163.72,289.00,"A plate with spinach salad, cooked carrots, and a pear.",210.00,420.00,0.500
dish_1559245801,,60.99,107.00,A small snack of strawberries and blueberries served on a white plate.,58.00,165.00,
dish_1559245920,cauliflower,14.25,57.00,A small portion of cauliflower florets with a tiny piece of carrot on a plate.,27.00,75.00,0.500
dish_1559245979,pears,116.12,203.00,A plate with a guava and some shredded carrots.,114.00,205.00,0.000
dish_1559246053,cauliflower | pears,251.05,494.00,"A plate with strawberries, blueberries, cauliflower, an orange, and a pear.",260.00,590.00,1.000
dish_1559319860,bacon,70.33,13.00,A plate with a single strip of bacon.,86.00,29.00,1.000
dish_1559319826,,45.03,79.00,Plate of mixed berries,57.00,165.00,
dish_1559319902,pineapple,8.50,17.00,Two small pieces of pineapple on a plate.,20.00,35.00,1.000
dish_1559319971,sweet potato,72.96,96.00,A plate of roasted potatoes.,225.00,250.00,1.000
dish_1559320019,sweet potato | bacon,196.82,205.00,Plate of fruit and fried potatoes with bacon,472.00,384.00,0.667
dish_1559332418,salmon | brown rice,482.11,271.00,A plate of salmon with brown rice and vegetables including spinach and red bell pepper.,592.00,400.00,0.500
dish_1559332795,cucumbers | lime | lettuce | cherry tomatoes | onions,39.37,39.00,"Spinach salad with dried cranberries, goat cheese, and walnuts",111.00,97.00,0.000
dish_1559332822,salmon | brown rice,540.59,408.00,"Healthy meal consisting of salmon, brown rice, yellow squash, and spinach salad with feta.",680.00,545.00,0.500
dish_1559578551,bacon,124.43,23.00,A plate with a strip of bacon.,135.00,30.00,1.000
dish_1559245848,,59.69,127.00,A single orange on a plate.,69.00,131.00,
dish_1559332487,zucchini | chayote squash,19.11,98.00,Small portion of cooked yellow squash and zucchini,25.00,125.00,1.000
dish_1559578599,bacon | sweet potato,229.98,193.00,"A plate of breakfast including bacon, roasted potatoes, and strawberries",300.00,240.00,1.000
dish_1559578579,bacon,142.58,78.00,Breakfast with bacon and strawberries,155.00,110.00,1.000
dish_1559581356,bacon | eggs,436.95,294.00,"A plate of scrambled eggs, bacon, broccoli, and mixed salad.",470.00,410.00,0.667
dish_1559238435,pears,115.54,202.00,A single pear on a white plate.,100.00,178.00,1.000
dish_1559585533,broccoli,12.95,37.00,A small plate of broccoli florets,34.00,100.00,1.000
dish_1559589873,mushroom,11.88,54.00,Small portion of cooked mushrooms,30.00,100.00,1.000
dish_1559589902,mushroom,16.37,76.00,Simple plate with asparagus and sauteed mushrooms.,75.00,125.00,1.000
dish_1559589942,pizza,290.35,179.00,Pizza with a side of asparagus and mushrooms,380.00,240.00,0.500
dish_1559590005,pizza,360.83,241.00,"A plate with pizza slices, mixed greens salad, and sauteed mushrooms.",390.00,250.00,0.500
dish_1559581333,bacon | eggs,415.95,234.00,"A breakfast plate with scrambled eggs, bacon and spinach salad.",440.00,295.00,0.667
dish_1559581236,eggs,296.93,212.00,A breakfast plate with scrambled eggs and spinach salad.,300.00,230.00,0.500
dish_1559590157,chicken | caesar salad,230.49,234.00,"A plate with grilled chicken, caesar salad, and asparagus.",450.00,350.00,1.000
dish_1559590202,caesar salad | chicken,316.73,311.00,"A plate with grilled chicken, couscous, asparagus, and Caesar salad",650.00,470.00,1.000
dish_1559593646,kale,55.39,37.00,A plate with kale salad.,80.00,150.00,1.000
dish_1559593722,kale | arugula,140.56,106.00,A plate of mixed salad made with kale and mixed greens.,200.00,400.00,0.500
dish_1559593746,kale | squash | arugula,156.96,186.00,"A plate with kale salad, mixed green salad, and roasted squash.",250.00,400.00,0.667
dish_1559593794,quinoa | chicken thighs,450.56,380.00,"A plate with chicken breast, roasted butternut squash and mixed salads",430.00,470.00,0.250
dish_1559667948,cream cheese | bagels,153.90,57.00,Bagel with cream cheese on a white plate,350.00,130.00,0.500
dish_1559581378,eggs | sausage | bacon,705.73,372.00,"Breakfast plate with scrambled eggs, bacon, sausage, broccoli, and spinach salad.",700.00,470.00,0.600
dish_1559667994,scrambled eggs | hash browns | bagels | cream cheese,445.30,213.00,"Breakfast plate with scrambled eggs, hash browns, and a bagel with cream cheese.",700.00,330.00,0.750
dish_1559668016,scrambled eggs | hash browns | bagels | cream cheese | honeydew melons,469.06,279.00,"Breakfast plate with scrambled eggs, hash browns, bagel with cream cheese, and honeydew melon",710.00,540.00,0.800
dish_1559590031,pizza,402.75,269.00,A plate with a slice of pizza and a mixed green salad.,330.00,250.00,1.000
dish_1559668272,scrambled eggs | hash browns,512.14,239.00,Plate with scrambled eggs and hash browns.,380.00,250.00,1.000
dish_1559668314,scrambled eggs | garden salad | hash browns,551.55,300.00,"Breakfast meal consisting of scrambled eggs, hash browns, and a small side salad with raspberries.",405.00,335.00,0.667
dish_1559674074,pizza,140.98,53.00,Single slice of pepperoni pizza on a plate.,280.00,100.00,1.000
dish_1559674689,honeydew melons,63.72,177.00,A bowl of cubed honeydew melon.,60.00,170.00,1.000
dish_1559674781,grapes | honeydew melons,81.66,203.00,Bowl of honeydew melon and green grapes.,66.00,155.00,1.000
dish_1559674866,honeydew melons | grapes | caesar salad,125.66,303.00,Salad with honeydew melon and green grapes.,250.00,430.00,0.500
dish_1559590130,chicken,194.41,152.00,Diced chicken breast with couscous and asparagus.,290.00,280.00,1.000
dish_1559675146,brussels sprouts | carrot,19.07,45.00,A plate with shredded carrots and Brussels sprouts,75.00,160.00,1.000
dish_1559675178,carrot | cherry tomatoes | brussels sprouts,28.97,100.00,"Small plate with shredded carrots, cherry tomatoes, and brussels sprouts.",75.00,200.00,1.000
dish_1559675234,carrot | bell peppers | cherry tomatoes | brussels sprouts,36.97,120.00,"A plate with shredded carrots, cherry tomatoes, Brussels sprouts and green bell pepper.",75.00,210.00,1.000
dish_1559667973,bagels | cream cheese | scrambled eggs,334.46,179.00,"A breakfast plate with scrambled eggs and hot sauce, and a bagel with cream cheese.",540.00,250.00,0.667
dish_1559678083,cucumbers | carrot | garlic | cherry tomatoes,75.81,66.00,A small mixed greens salad,30.00,150.00,0.000
dish_1559668238,hash browns,290.14,89.00,A plate of hash browns.,150.00,100.00,1.000
dish_1559678127,eggplant | broccoli,108.64,170.00,"Salad with mixed greens, broccoli and eggplant.",155.00,335.00,1.000
dish_1559678146,beef | broccoli,348.58,284.00,"A plate with mixed greens salad, broccoli, eggplant, and beef with rice.",460.00,470.00,0.667
dish_1559678330,spinach (raw),169.69,150.00,"A small salad of spinach, sun-dried tomatoes, and feta cheese",94.00,115.00,0.333
dish_1559678367,broccoli | spinach (raw),192.44,215.00,"A plate of spinach, broccoli and red bell pepper.",80.00,295.00,0.667
dish_1559678405,beef,552.35,386.00,"A plate with steak, broccoli, spinach and grains.",315.00,260.00,0.000
dish_1559675101,brussels sprouts,13.33,31.00,A small serving of cooked Brussels Sprouts.,27.00,75.00,1.000
dish_1559678629,ketchup | fish,89.38,80.00,Baked fish with a small amount of lettuce garnish,225.00,225.00,0.333
dish_1559678651,ketchup | fish | caesar salad,107.86,122.00,Chicken salad with lettuce and croutons on a white plate.,290.00,215.00,0.000
dish_1559700851,spinach (raw),61.09,54.00,Arugula salad with carrots,25.00,110.00,0.000
dish_1559751458,yam,152.64,123.00,A serving of roasted sweet potatoes on a white plate.,150.00,150.00,0.000
dish_1559751552,yam,227.31,254.00,Plate of sweet potato and mixed berries,185.00,290.00,0.000
dish_1559678104,broccoli,99.96,135.00,A light salad with mixed greens and broccoli.,55.00,235.00,1.000
dish_1559751744,eggs,227.33,188.00,A breakfast plate with scrambled eggs and mixed berries.,280.00,280.00,1.000
dish_1559751775,eggs | yam,309.24,254.00,A plate of scrambled eggs with sweet potato and mixed berries (raspberries and blackberries).,465.00,425.00,0.333
dish_1559751801,yam | eggs | chicken apple sausage,451.64,343.00,"Breakfast meal with chicken sausage, scrambled eggs, roasted sweet potato, raspberries and blackberries.",545.00,400.00,0.500
dish_1559838214,bacon,43.28,8.00,One slice of bacon on a plate,80.00,15.00,1.000
dish_1559838279,bacon,103.70,114.00,Plate of mixed berries and bacon.,95.00,155.00,1.000
dish_1559838402,sweet potato | yam,222.76,233.00,"Plate with mixed berries, potatoes and bacon.",385.00,275.00,0.333
dish_1559841023,chicken apple sausage,73.60,46.00,Three meatballs on a plate,150.00,75.00,0.000
dish_1559841061,chicken apple sausage,96.39,99.00,A small plate with blackberries and chicken sausage,147.00,150.00,1.000
dish_1559675268,cherry tomatoes | carrot | bell peppers | brussels sprouts | cucumbers,39.37,144.00,"Small plate of raw vegetables, including shredded carrots, cucumber, cherry tomatoes, brussels sprouts, and green bell pepper.",85.00,255.00,1.000
dish_1559841127,scrambled eggs | yam | chicken apple sausage | sweet potato,339.54,285.00,"A breakfast plate containing scrambled eggs, sausage, roasted potatoes, and blackberries.",440.00,365.00,0.750
dish_1559841163,scrambled eggs | yam | sweet potato | chicken apple sausage,357.04,335.00,"Breakfast plate with scrambled eggs, sausage, roasted potatoes, broccoli, and blackberries",600.00,465.00,0.600
dish_1559841571,cereal,18.80,5.00,A small serving of Cheerios on a white plate.,120.00,30.00,0.000
dish_1559841781,grapes,45.02,43.00,A small snack plate with red grapes and Cheerios.,94.00,77.00,0.500
dish_1559841808,grapes | mandarin oranges,73.11,96.00,"A light snack consisting of grapes, a tangerine, and some Cheerios cereal served on a plate.",135.00,160.00,0.250
dish_1559841870,pears,114.97,201.00,A single pear on a plate.,100.00,178.00,1.000
dish_1559841891,grapes | pears,163.96,272.00,A plate with red grapes and a pear.,172.00,293.00,1.000
dish_1559841908,grapes | broccoli | pears,175.16,304.00,"A plate with a pear, broccoli, and grapes.",205.00,388.00,1.000
dish_1559751710,,37.62,66.00,A plate of raspberries and blackberries.,51.00,108.00,
dish_1559841979,broccoli | mandarin oranges,39.29,85.00,Small plate with a mandarin orange and broccoli florets.,81.00,200.00,1.000
dish_1559842047,broccoli | pears | mandarin oranges,153.69,285.00,"A plate containing a pear, a tangerine, and some broccoli florets.",177.00,351.00,0.500
dish_1559678457,beef,624.24,465.00,"A healthy meal consisting of steak, broccoli, lentils, and a spinach salad.",510.00,420.00,0.000
dish_1559841950,broccoli,11.20,32.00,A small plate with a serving of broccoli.,30.00,85.00,1.000
dish_1559842274,almonds,306.39,53.00,A small portion of almonds.,206.00,35.00,1.000
dish_1559842409,mandarin oranges | almonds,359.19,179.00,"A plate with broccoli florets, a mandarin orange, a portion of almonds, and sliced strawberries.",303.00,273.00,0.667
dish_1559842326,almonds | mandarin oranges,334.48,106.00,A plate with a mandarin orange and a handful of almonds.,254.00,123.00,1.000
dish_1559843052,mandarin oranges,53.50,130.00,A plate with a mandarin orange and sliced strawberries,80.00,188.00,1.000
dish_1559843185,mandarin oranges | broccoli,64.35,161.00,"A plate with a mandarin orange, strawberries and broccoli.",100.00,250.00,1.000
dish_1559843222,grapes | broccoli | mandarin oranges,111.27,229.00,A plate of assorted fruit and broccoli.,196.00,457.00,1.000
dish_1559843335,,25.41,77.00,A small portion of sliced strawberries.,30.00,100.00,
dish_1559843492,broccoli,31.71,95.00,A snack plate with broccoli and sliced strawberries.,70.00,210.00,1.000
dish_1559843690,potatoes | broccoli,61.74,134.00,"Plate of broccoli, sliced strawberries and fried potatoes",180.00,300.00,1.000
dish_1559843715,potatoes | pears,176.14,334.00,"A plate containing pear, broccoli, strawberries, and apple chunks.",210.00,415.00,0.250
dish_1559844030,,25.41,77.00,Small plate of sliced strawberries,27.00,80.00,
dish_1559844063,pears,139.81,277.00,A plate with a pear and sliced strawberries.,125.00,253.00,1.000
dish_1559844090,pears | mandarin oranges,168.43,331.00,"Plate of fruit including a pear, some sliced strawberries, and a mandarin orange",177.00,346.00,1.000
dish_1559844113,pears | mandarin oranges | almonds,312.96,356.00,A plate of fruit and almonds.,342.00,374.00,1.000
dish_1559844272,almonds,462.48,80.00,A small plate of almonds.,350.00,56.00,1.000
dish_1559841091,chicken apple sausage | sweet potato | yam,163.42,166.00,"Plate of roasted potatoes, blackberries, and chicken sausage.",320.00,325.00,0.667
dish_1559844366,almonds | grapes,529.22,192.00,"A snack plate with almonds, broccoli, and red grapes",310.00,250.00,0.667
dish_1559844458,grapes,55.89,81.00,A plate of cherries.,52.00,100.00,0.000
dish_1559844479,mandarin oranges | grapes,83.45,133.00,Fruit plate with a mandarin orange and red grapes.,116.00,203.00,1.000
dish_1559843030,,25.41,77.00,Small serving of fresh strawberries.,25.00,75.00,
dish_1559844506,mandarin oranges | grapes,98.96,180.00,"A plate of fresh fruits including strawberries, grapes and a mandarin orange",141.00,275.00,1.000
dish_1559842374,almonds | mandarin oranges,345.33,137.00,"A plate with a few broccoli florets, a mandarin orange, and a small handful of almonds.",257.00,201.00,0.667
dish_1559844323,grapes | almonds,518.37,161.00,A snack of almonds and grapes on a white plate.,276.00,150.00,1.000
dish_1559844683,broccoli | potatoes | grapes,132.96,198.00,"A plate of broccoli, roasted potatoes, and red grapes.",230.00,350.00,1.000
dish_1559844928,potatoes,66.22,86.00,A plate of roasted potatoes.,240.00,150.00,1.000
dish_1559844951,almonds | potatoes,274.34,122.00,A plate with almonds and roasted potatoes.,550.00,210.00,1.000
dish_1559845018,almonds | mandarin oranges | potatoes,302.43,175.00,"A plate of almonds, roasted potatoes and a clementine.",407.00,255.00,0.500
dish_1559845046,potatoes | mandarin oranges | almonds,313.63,207.00,"A plate with almonds, roasted potatoes, broccoli florets, and a mandarin orange.",440.00,308.00,0.750
dish_1559845290,potatoes,66.22,86.00,A plate of roasted potatoes.,210.00,100.00,1.000
dish_1559845370,potatoes | mandarin oranges,94.31,139.00,Mandarin orange and roasted potatoes served on a plate,260.00,238.00,1.000
dish_1559845399,potatoes | mandarin oranges,107.18,178.00,"Plate with tangerine, roasted potatoes and sliced strawberries",212.00,211.00,0.333
dish_1559845513,potatoes | pears | mandarin oranges,222.15,379.00,"A plate with an apple, mandarin orange, roasted potatoes, and sliced strawberries.",307.00,405.00,0.500
dish_1559844611,grapes,55.89,81.00,A small bowl of red grapes,69.00,115.00,1.000
dish_1559844490,grapes | mandarin oranges,108.36,180.00,"A plate of fruit including strawberries, mandarin orange, and red grapes.",141.00,283.00,1.000
dish_1559845745,pears | potatoes,208.14,322.00,A plate with a pear and a portion of roasted potatoes.,300.00,328.00,1.000
dish_1559844657,potatoes | grapes,122.11,167.00,A small plate with roasted potatoes and red grapes.,220.00,200.00,1.000
dish_1559846099,mandarin oranges | almonds | broccoli,206.94,114.00,"A snack plate with an orange, almonds and broccoli",203.00,212.00,1.000
dish_1559846311,pears,114.97,201.00,A single pear on a plate.,100.00,178.00,1.000
dish_1559846334,pears | broccoli,126.17,233.00,A plate with pear and some broccoli,140.00,278.00,1.000
dish_1559846363,broccoli | pears | mandarin oranges,154.26,286.00,A plate with fruits and vegetables.,183.00,366.00,0.500
dish_1559846034,broccoli,11.20,32.00,Small portion of broccoli,20.00,70.00,1.000
dish_1559846504,broccoli | pears,126.17,233.00,A plate with broccoli and a pear.,130.00,278.00,1.000
dish_1559846528,pears | almonds,322.73,267.00,"A plate with a serving of broccoli, a pear, and a handful of almonds.",310.00,293.00,0.667
dish_1559846585,pears,114.97,201.00,One pear on a plate,103.00,178.00,1.000
dish_1559846688,arugula,82.83,73.00,"Small salad with chickpeas, beets, spinach, lettuce, and goat cheese.",137.00,120.00,0.000
dish_1559846825,pizza,252.70,95.00,Two pizza slices with jalapenos on a white plate,500.00,200.00,0.500
dish_1559848857,mandarin oranges,28.09,53.00,A tangerine on a plate.,47.00,88.00,0.000
dish_1559848882,mandarin oranges | pears,143.06,254.00,A plate with a tangerine and a pear.,150.00,266.00,0.333
dish_1559848929,pears | grapes | mandarin oranges,189.29,321.00,"A plate of fruit including red grapes, a mandarin orange, and a pear.",218.00,378.00,1.000
dish_1559849020,grapes,46.23,67.00,A small portion of red grapes on a white plate.,69.00,115.00,1.000
dish_1559849053,grapes | almonds,381.53,125.00,A small plate of grapes and almonds.,233.00,143.00,1.000
dish_1559849097,almonds | pears | grapes,495.93,325.00,"A plate with grapes, almonds and a pear.",379.00,328.00,1.000
dish_1559849412,almonds,352.64,61.00,A small portion of almonds.,207.00,35.00,1.000
dish_1559849466,pears | almonds,467.61,262.00,A snack consisting of almonds and a guava on a plate.,292.00,230.00,0.333
dish_1559849497,almonds | pears | grapes,521.43,340.00,"Plate of almonds, grapes, and a pear.",449.00,343.00,1.000
dish_1559849537,grapes | pears | mandarin oranges | almonds,549.52,393.00,A plate with fruit and nuts.,399.00,381.00,1.000
dish_1559850283,almonds,271.71,47.00,Small plate of almonds.,170.00,28.00,1.000
dish_1559845767,pears | mandarin oranges | potatoes,236.23,375.00,A plate with fruit (mandarin orange and pear) and roasted potatoes.,400.00,466.00,1.000
dish_1559850338,almonds,307.12,130.00,"A small plate of snacks consisting of a tangerine, almonds and broccoli.",235.00,185.00,0.333
dish_1559925037,bacon,54.10,10.00,One strip of bacon on a plate.,86.00,20.00,1.000
dish_1559925083,yam | sweet potato | bacon,125.14,81.00,A plate with roasted sweet potato and cooked bacon,266.00,235.00,0.667
dish_1559925174,,88.35,155.00,"A plate of mixed berries including strawberries, blueberries and a blackberry.",57.00,170.00,
dish_1559846450,pears,114.97,201.00,A single pear on a plate.,100.00,178.00,1.000
dish_1559933793,brussels sprouts,56.68,111.00,Plate of roasted Brussels sprouts,60.00,150.00,1.000
dish_1559933818,brussels sprouts,115.07,154.00,Plate with roasted Brussels sprouts and a small mixed green salad with carrots.,125.00,230.00,0.500
dish_1559933834,salmon | lentils | brussels sprouts | mayonnaise,775.03,458.00,Salmon with roasted brussels sprouts and mixed greens salad,350.00,300.00,0.500
dish_1559934477,caesar salad,25.08,57.00,A small portion of Caesar salad on a white plate.,180.00,215.00,0.500
dish_1559934645,caesar salad,24.64,56.00,A small Caesar salad on a white plate.,150.00,100.00,1.000
dish_1559934679,chicken thighs | caesar salad,160.85,146.00,"A meal consisting of chicken, a grain side dish and a caesar salad.",500.00,325.00,0.667
dish_1559934708,chicken thighs | white rice | caesar salad,202.45,178.00,"A meal with rice, chicken, and salad.",575.00,400.00,0.667
dish_1560203400,pepperoni pizza,293.28,104.00,A slice of pepperoni pizza on a white plate.,320.00,120.00,1.000
dish_1560203424,pepperoni pizza | brownies,451.75,138.00,A slice of pepperoni pizza and a brownie on a plate.,550.00,180.00,0.333
dish_1560270537,pineapple,24.00,48.00,Small plate of pineapple chunks,50.00,100.00,1.000
dish_1560270585,pineapple | watermelon,43.80,114.00,A plate of watermelon and pineapple.,80.00,200.00,1.000
dish_1560270630,pineapple | watermelon | sweet potato,120.56,215.00,"A plate with watermelon, pineapple and roasted potatoes.",230.00,280.00,1.000
dish_1560356314,spinach (raw),30.54,27.00,Spinach and shredded carrot salad,34.00,131.00,0.500
dish_1559846073,mandarin oranges | broccoli,39.29,85.00,A small plate with a mandarin orange and some broccoli florets.,81.00,200.00,1.000
dish_1560356355,bacon | yam,301.61,148.00,"Plate with bacon, roasted sweet potatoes, and spinach topped with shredded carrots",360.00,310.00,0.200
dish_1560356523,bacon,497.72,92.00,Three strips of fried bacon.,270.00,50.00,1.000
dish_1560356566,scrambled eggs | bacon,676.80,213.00,A breakfast consisting of scrambled eggs and bacon.,440.00,210.00,1.000
dish_1560356627,scrambled eggs | bacon | sausage,980.05,301.00,"A plate of scrambled eggs, bacon, and sausage.",570.00,260.00,1.000
dish_1560357267,scrambled eggs,566.84,383.00,A plate of scrambled eggs with salsa verde.,270.00,200.00,1.000
dish_1560357297,sausage | scrambled eggs,942.45,492.00,A plate of scrambled eggs with sliced sausage.,420.00,230.00,1.000
dish_1560357427,grapefruit juice,93.75,241.00,A glass of orange juice,112.00,248.00,1.000
dish_1560357792,waffles,145.15,50.00,Two pieces of waffles on a white plate.,360.00,120.00,1.000
dish_1560357832,waffles,181.35,82.00,Waffle with salad,230.00,175.00,1.000
dish_1560360030,scrambled eggs,193.88,131.00,"A small plate of scrambled eggs, likely with some cheese mixed in given the orange color.",250.00,150.00,1.000
dish_1560360055,sausage | scrambled eggs,362.73,180.00,Plate of scrambled eggs and sausage slices for breakfast,450.00,225.00,1.000
dish_1560360102,scrambled eggs | sausage,401.49,248.00,"Breakfast plate with scrambled eggs, sausage and berries",410.00,330.00,1.000
dish_1559932674,,58.28,124.00,An orange on a plate.,62.00,131.00,
dish_1559850314,almonds,296.62,100.00,A plate with a mandarin orange and a handful of almonds.,257.00,123.00,0.500
dish_1560366389,arugula,46.91,38.00,Arugula salad with one cherry tomato,23.00,115.00,0.500
dish_1560366410,arugula,58.74,96.00,Arugula salad with some asparagus.,45.00,180.00,1.000
dish_1560356337,yam,144.72,119.00,"Plate of roasted sweet potato, spinach, and shredded carrots.",170.00,150.00,0.000
dish_1560366460,pork,330.74,255.00,"Pork tenderloin with arugula salad, roasted eggplant, and asparagus",300.00,300.00,0.333
dish_1560366963,cherry tomatoes,7.56,42.00,Three cherry tomatoes on a plate.,9.00,50.00,1.000
dish_1560366998,honeydew melons | cherry tomatoes,39.60,131.00,Small plate of fruit and cherry tomatoes.,47.00,140.00,0.667
dish_1560367085,honeydew melons | tofu | cherry tomatoes,77.56,183.00,A plate of quinoa salad with mixed vegetables and tomatoes,160.00,185.00,0.167
dish_1560367116,tofu | honeydew melons | fish | cherry tomatoes,108.41,211.00,"A plate of stir-fry with chicken and vegetables, accompanied by cucumber slices and cherry tomatoes.",225.00,250.00,0.167
dish_1560360112,scrambled eggs | sausage,401.49,248.00,"Breakfast plate with scrambled eggs, sausage slices, raspberries, and blackberries.",390.00,360.00,1.000
dish_1560367193,honeydew melons | cherry tomatoes | fish | mushroom | tofu,131.04,317.00,"A balanced meal with salmon, asparagus, cucumber, tomatoes and brown rice.",345.00,355.00,0.286
dish_1560366438,eggplant | arugula,71.93,136.00,"A plate with arugula salad, roasted eggplant, and asparagus.",140.00,300.00,1.000
dish_1560367296,tofu | fish | mushroom | honeydew melons,184.38,362.00,"A plate with asparagus, mushrooms, salad, grains, tofu and potato.",335.00,495.00,0.333
dish_1560367333,fish | chicken | tofu | honeydew melons,291.63,427.00,"Plate with tofu, quinoa, salad, mushrooms and asparagus.",240.00,490.00,0.167
dish_1560367676,pork | brown rice,430.62,198.00,Chicken and rice with broccoli.,400.00,330.00,0.250
dish_1560367698,white rice | pork,556.72,295.00,"A meal consisting of white rice, chicken stir-fry, and broccoli served on a white plate.",485.00,415.00,0.250
dish_1560367715,pork | croutons | white rice,597.53,305.00,"A plate with rice, chicken, tofu and broccoli.",555.00,430.00,0.167
dish_1560367733,white rice | croutons | pork | potatoes,661.44,388.00,"Plate of stir fry with broccoli, white rice and roasted potatoes.",666.00,620.00,0.333
dish_1560367904,fish | country rice,76.02,69.00,A small portion of roasted chicken thigh with a few green peas.,225.00,110.00,0.000
dish_1560367926,fish | pizza,408.52,194.00,A plate with a piece of roasted chicken and a slice of pizza.,500.00,220.00,0.333
dish_1560367952,fish | pizza,414.73,221.00,Slice of pizza with spinach salad,414.00,190.00,0.333
dish_1560367980,pizza | fish,421.47,254.00,Pizza slice with spinach and asparagus,385.00,300.00,0.333
dish_1560360148,scrambled eggs | sausage | cream cheese | bagels,587.79,317.00,"Breakfast plate with bagel and cream cheese, sausage, scrambled eggs, and mixed berries",780.00,425.00,0.750
dish_1560368110,cherry tomatoes,16.02,89.00,Small plate of cherry tomatoes.,18.00,100.00,1.000
dish_1560368138,cherry tomatoes | mushroom,23.50,123.00,A plate with six cherry tomatoes and some cooked maitake mushrooms.,46.00,160.00,1.000
dish_1560368162,cherry tomatoes | mushroom | eggplant,41.64,178.00,"Plate with eggplant, cherry tomatoes, and mushrooms.",73.00,280.00,1.000
dish_1560368395,honeydew melons,49.32,137.00,A plate of cubed honeydew melon.,61.00,170.00,1.000
dish_1560367153,honeydew melons | tofu | fish | cherry tomatoes,117.18,254.00,"Plate of mixed vegetables including asparagus, cantaloupe, tomatoes, sweet potato, tofu, quinoa and broccoli.",240.00,440.00,0.250
dish_1560368506,fish | honeydew melons | pork | country rice,462.93,378.00,"A plate with baked chicken with sauce, grilled chicken breast, and honeydew melon.",453.00,420.00,0.200
dish_1560368464,honeydew melons | pork,349.45,275.00,Chicken and honeydew melon on a white plate,196.00,238.00,0.333
dish_1560368691,arugula,140.76,112.00,Simple arugula salad with a light dressing.,50.00,100.00,1.000
dish_1560368712,arugula,146.88,142.00,Arugula salad with asparagus and balsamic glaze,60.00,185.00,0.500
dish_1560367258,tofu | fish | mushroom | cherry tomatoes | honeydew melons,157.99,341.00,"Vegetarian meal with asparagus, tofu, mushrooms, greens, beets, and turnip.",260.00,440.00,0.250
dish_1560368764,tofu | eggplant,207.10,270.00,"Salad with eggplant, asparagus, tofu, and arugula",204.00,450.00,0.667
dish_1560368019,pizza | fish,436.97,301.00,"A plate with cooked eggplant, chicken, green beans, spinach, and pizza.",650.00,500.00,0.167
dish_1560368944,pork,143.54,66.00,"Plate with pork tenderloin, rice, and greens.",255.00,145.00,0.500
dish_1560368972,pork | white rice,196.84,107.00,Pork loin with rice and pilaf,440.00,295.00,0.500
dish_1560368990,white rice | pork,211.92,119.00,"Plate with rice, arugula and roasted pork",390.00,300.00,0.667
dish_1560369008,pork | white rice | caesar salad,223.80,146.00,"A plate with mixed green salad, rice, roast pork and a small sweet potato.",400.00,425.00,0.500
dish_1560369080,spinach (raw),55.05,49.00,Small salad with mixed greens.,20.00,100.00,0.000
dish_1560369102,spinach (raw),69.74,121.00,A small salad with mixed greens and asparagus.,50.00,250.00,0.000
dish_1560369122,spinach (raw) | honeydew melons,92.06,183.00,A plate of mixed salad with asparagus and melon,75.00,400.00,0.500
dish_1560369146,pork,474.83,359.00,"Healthy lunch plate with chicken, rice, broccoli, asparagus and salad.",350.00,405.00,0.000
dish_1560369255,pork,132.67,61.00,Remnants of a pork and rice meal with small vegetable garnish.,152.00,80.00,0.500
dish_1560369273,fish | pork | country rice,308.95,221.00,Tofu and chicken breast with some rice and vegetables.,460.00,290.00,0.167
dish_1560369294,country rice | fish | pork,333.64,342.00,Pork loin with asparagus and rice,330.00,290.00,0.667
dish_1560369313,fish | white rice | country rice | pork,392.14,387.00,"Plate of chicken breast, asparagus and rice.",370.00,350.00,0.250
dish_1560369403,fish | white rice | pork | country rice,411.97,405.00,"A plate with white rice, asparagus, chicken breast, and stir-fry sauce.",430.00,340.00,0.200
dish_1560369421,pork | fish | country rice | white rice,413.95,411.00,"A plate with rice, asparagus, chicken, tofu and stir-fried vegetables.",760.00,620.00,0.167
dish_1560370114,,7.96,39.00,A serving of asparagus spears.,20.00,100.00,
dish_1560370137,arugula,89.64,104.00,Arugula and asparagus salad,65.00,205.00,0.333
dish_1560370804,ice cream cones,25.13,6.00,There is nothing to analyze in this image.,0.00,,0.000
dish_1560370833,frozen yogurt,177.00,99.00,A small dessert consisting of chocolate pudding in a waffle cone on a white plate.,250.00,100.00,0.000
dish_1560441247,bok choy,2.21,17.00,A small portion of cabbage and potato on a white plate.,30.00,70.00,0.000
dish_1560441270,bok choy | potatoes,24.54,46.00,Fried potatoes with cabbage.,195.00,130.00,0.333
dish_1560441288,potatoes | bacon,165.20,72.00,"Breakfast plate with bacon, roasted potatoes and onions",370.00,155.00,0.667
dish_1560441311,bacon | quinoa | potatoes,190.40,93.00,"A meal with bacon, roasted potatoes, cabbage and quinoa.",430.00,225.00,0.750
dish_1560441339,bacon | quinoa | potatoes | scrambled eggs,280.68,154.00,"Breakfast with scrambled eggs, bacon, fried potatoes, and quinoa",530.00,330.00,1.000
dish_1560368738,eggplant | arugula,174.25,225.00,"Salad with eggplant, arugula, and asparagus.",105.00,375.00,1.000
dish_1560441487,cantaloupe,41.42,88.00,"Plate of fresh fruit: strawberries, cantaloupe, and blueberries",40.00,115.00,1.000
dish_1560441511,watermelon | cantaloupe,51.92,123.00,"A small plate of fruit including strawberries, blueberries and cantaloupe.",55.00,165.00,0.500
dish_1560368570,honeydew melons | pork | fish,555.93,452.00,"A balanced meal consisting of baked chicken, cooked fish, melon, and a small spinach salad.",515.00,480.00,0.400
dish_1560442226,,83.79,147.00,Mixed berries on a plate,60.00,160.00,
dish_1560441464,,28.50,50.00,"Small amount of yogurt topped with strawberries and blueberries, likely a snack or light breakfast.",75.00,125.00,0.000
dish_1560442279,quinoa | bacon,333.77,222.00,"Breakfast meal with quinoa, bacon, strawberries, blueberries, and blackberries",395.00,340.00,1.000
dish_1560368815,eggplant | tofu | spinach (raw),400.34,442.00,"A salad with mixed greens, tofu, green beans and roasted eggplant.",220.00,380.00,0.500
dish_1560442258,bacon,289.37,185.00,Plate with bacon and mixed berries,180.00,160.00,1.000
dish_1560442450,yogurt,87.76,149.00,A bowl of plain yogurt.,150.00,170.00,1.000
dish_1560443437,,116.28,204.00,"Plate of mixed berries including strawberries, raspberries, blackberries, and blueberries.",92.00,210.00,
dish_1560443474,pineapple,172.78,317.00,"A fruit salad containing strawberries, raspberries, blackberries, blueberries, and pineapple.",120.00,265.00,1.000
dish_1560443537,pineapple | grapes,237.64,411.00,Plate of mixed fresh fruit.,141.00,250.00,1.000
dish_1560443565,honeydew melons | pineapple | grapes,260.68,475.00,"A plate of mixed fresh fruit including grapes, raspberries, blueberries, blackberries, pineapple, cantaloupe, and strawberries.",210.00,440.00,0.500
dish_1560443607,grapes | honeydew melons | egg whites | pineapple,380.80,706.00,Fruit salad with cottage cheese,255.00,420.00,0.333
dish_1560444570,scrambled eggs,168.72,114.00,A plate of scrambled eggs.,220.00,150.00,1.000
dish_1560444592,scrambled eggs | yam,244.42,175.00,A plate of scrambled eggs and sweet potatoes.,370.00,250.00,0.333
dish_1560444616,scrambled eggs | yam,265.87,240.00,Plate of scrambled eggs with sweet potatoes and strawberries.,365.00,345.00,0.333
dish_1560441529,cantaloupe | watermelon | pineapple,66.42,152.00,"Plate of mixed fruit including watermelon, blueberries, cantaloupe and pineapple.",72.00,215.00,1.000
dish_1560444701,watermelon,51.00,170.00,A plate of watermelon pieces,46.00,150.00,1.000
dish_1560444724,watermelon | honeydew melons,113.28,343.00,A plate of cubed honeydew melon and watermelon.,66.00,200.00,1.000
dish_1560444756,honeydew melons | pineapple | watermelon,150.78,418.00,A plate of assorted cubed melon.,116.00,300.00,1.000
dish_1560442303,scrambled eggs | quinoa | bacon,444.77,297.00,"Breakfast plate with scrambled eggs, hash browns, bacon, and mixed berries.",615.00,445.00,0.500
dish_1560444815,honeydew melons | watermelon | scrambled eggs | bacon | pineapple,495.12,571.00,"A breakfast plate with assorted fruits, scrambled eggs and bacon.",444.00,450.00,0.667
dish_1560444869,honeydew melons,14.04,39.00,Small portion of sliced cucumber on a white plate.,6.00,30.00,0.000
dish_1560442374,grapefruit juice,90.64,233.00,A bowl of tomato soup.,100.00,250.00,0.000
dish_1560444914,honeydew melons | pineapple | watermelon,62.34,166.00,"Fruit platter with watermelon, pineapple, and honeydew.",85.00,200.00,1.000
dish_1560444931,watermelon | honeydew melons | pineapple | scrambled eggs,112.66,200.00,"A plate with scrambled eggs, pineapple, watermelon, and honeydew melon.",345.00,475.00,1.000
dish_1560444948,watermelon | pineapple | scrambled eggs | honeydew melons,171.32,231.00,"A breakfast plate with scrambled eggs, pineapple, watermelon, honeydew melon and spinach salad.",270.00,410.00,0.800
dish_1560444967,honeydew melons | yam | scrambled eggs | pineapple | watermelon,197.38,252.00,"Plate of food containing scrambled eggs, pineapple, watermelon, cucumber, salad with carrots, spinach and tomatoes, and roasted sweet potato",410.00,590.00,0.375
dish_1560444637,bacon | yam | scrambled eggs,509.32,285.00,"Breakfast plate with scrambled eggs, bacon, roasted sweet potatoes, and strawberries.",555.00,360.00,0.500
dish_1560445004,watermelon | scrambled eggs | bacon | pineapple | yam,339.60,290.00,"Breakfast plate with bacon, scrambled eggs, pineapple, watermelon, cucumber, carrots, zucchini, onions, and sweet potato.",650.00,660.00,0.400
dish_1560445069,grapefruit juice,94.53,243.00,A glass of tomato juice.,50.00,240.00,1.000
dish_1560453132,spinach (raw),142.09,108.00,"Salad with spinach, carrots, blueberries, and pumpkin seeds.",64.00,95.00,0.333
dish_1560453150,spinach (raw) | green beans,152.32,141.00,"A light meal with green beans, salad and blueberries",150.00,310.00,0.333
dish_1560444785,bacon | watermelon | honeydew melons | pineapple,313.08,448.00,A plate of mixed fruit and bacon,355.00,430.00,1.000
dish_1560453275,chicken,92.55,60.00,A small portion of grilled fish with a slice of zucchini.,155.00,95.00,0.000
dish_1560453294,kimchi | chicken,115.95,138.00,"A small meal consisting of kimchi, grilled fish, and a tomato.",183.00,175.00,0.250
dish_1560453328,kimchi | brown rice | chicken | salmon,340.11,264.00,"A plate of roasted chicken, kimchi, grilled mackerel and a tomato.",393.00,330.00,0.333
dish_1560453356,chicken | brown rice | salmon | kimchi | tomatoes,389.07,408.00,"Grilled chicken breast served with kimchi, grilled zucchini and cherry tomatoes.",295.00,425.00,0.500
dish_1560453380,brown rice | green beans | tomatoes | chicken | kimchi | salmon,411.39,480.00,"A plate with green beans, cherry tomatoes, kimchi, and fish.",325.00,475.00,0.429
dish_1560453412,salmon | tomatoes | chicken | wild rice,591.08,631.00,"Chicken with brown rice, cherry tomatoes, kimchi, zucchini and green beans.",670.00,650.00,0.429
dish_1560454488,garlic | cucumbers | cherry tomatoes | carrot,48.24,42.00,A small side salad with mixed greens and mandarin orange segments.,65.00,150.00,0.000
dish_1560454513,green beans,54.44,62.00,Salad with green beans and an orange segment,101.00,275.00,0.500
dish_1560454539,green beans | wild rice,122.27,119.00,"A plate with brown rice, green beans, a small mixed greens salad, and mandarin orange segments.",298.00,360.00,0.667
dish_1560454562,corn | fish | wild rice,318.82,299.00,"A plate with baked salmon, brown rice, green beans, mixed greens, and a slice of mandarin orange.",705.00,555.00,0.167
dish_1560444892,honeydew melons | pineapple,39.54,90.00,A light snack of pineapple and honeydew melon on a white plate.,70.00,140.00,1.000
dish_1560454970,cherry tomatoes,9.90,55.00,Four cherry tomatoes on a plate.,12.00,80.00,1.000
dish_1560455030,cherry tomatoes | cucumbers | baby carrots,20.59,103.00,"Plate with shredded carrots, cucumber slices and cherry tomatoes.",50.00,140.00,1.000
dish_1560455059,cherry tomatoes | baby carrots | celery | cucumbers,25.55,134.00,"A light salad with shredded carrots, cucumber, celery and cherry tomatoes",65.00,200.00,1.000
dish_1560455090,celery | chicken | cherry tomatoes | baby carrots,60.20,155.00,"A light salad with carrots, tomatoes, cucumber, celery and chicken.",100.00,240.00,0.800
dish_1560455158,arugula,69.12,55.00,Arugula and black olive salad.,60.00,120.00,1.000
dish_1560455179,honeydew melons,103.32,150.00,"Salad with arugula, honeydew melon, and black olives.",135.00,285.00,0.500
dish_1560455203,green beans | honeydew melons,115.10,188.00,"A salad with green beans, honeydew melon, arugula, and black olives.",116.00,303.00,0.667
dish_1560455224,honeydew melons | green beans | wild rice,181.74,244.00,"A plate with a light meal containing honeydew melon, arugula salad with black olives and brown rice stir fry with green beans.",390.00,420.00,0.500
dish_1560455263,chicken | wild rice | honeydew melons,360.68,360.00,"A meal with chicken, rice, beans, melon and salad",490.00,580.00,0.600
dish_1560455343,spinach (raw),53.94,41.00,Side salad of mixed greens,15.00,85.00,0.000
dish_1560444985,honeydew melons | pineapple | watermelon | yam | scrambled eggs,198.94,264.00,"A plate with scrambled eggs, pineapple, watermelon, honeydew melon, and stir-fried vegetables",400.00,595.00,0.667
dish_1560455399,fish | chard,138.50,149.00,"A plate with grilled salmon, mixed green salad, and carrot shreds.",315.00,280.00,0.000
dish_1560453174,chicken | spinach (raw),329.72,256.00,"A plate with a chicken drumstick, green beans, a mixed green salad with shredded carrots, and a few blueberries.",271.00,380.00,0.250
dish_1560455442,corn on the cob | pizza | fish,457.58,293.00,"A plate with a slice of pizza, a salad with salmon, and corn on the cob.",650.00,400.00,0.500
dish_1560456305,lettuce | pumpkin seeds | arugula | carrot,26.39,21.00,Arugula salad on a white plate,10.00,50.00,0.250
dish_1560456326,chicken,206.87,138.00,Roasted chicken thigh with a side of arugula,260.00,200.00,0.500
dish_1560456348,chicken,210.28,149.00,Chicken thigh with green beans and arugula,320.00,285.00,0.333
dish_1560455000,cherry tomatoes | cucumbers,12.80,84.00,"Simple salad of cucumber, cherry tomatoes, and carrot shavings",32.00,155.00,0.667
dish_1560456794,corn | fish,205.28,188.00,"A plate with fish, corn and arugula salad",310.00,325.00,0.250
dish_1560456814,fish | corn | wild rice,318.33,283.00,A plate of food containing brown rice mixed with corn and peas and some pieces of fish with greens.,500.00,350.00,0.667
dish_1560456833,broccoli | fish | wild rice | corn,351.58,378.00,"A plate with chicken breast, brown rice, and broccoli.",476.00,510.00,0.333
dish_1560456853,broccoli | fish | corn | caesar salad | wild rice,405.70,501.00,"A plate with caesar salad, broccoli, brown rice, and chicken.",615.00,680.00,0.500
dish_1560526408,spinach (raw),67.10,51.00,Small mixed green salad with dressing.,70.00,115.00,0.000
dish_1560526447,spinach (raw),88.59,70.00,A salad with spinach and mixed greens.,40.00,200.00,1.000
dish_1560455380,chard | spinach (raw),60.97,78.00,A light salad with mixed greens and carrots.,50.00,150.00,0.000
dish_1560526490,spinach (raw) | pineapple,141.67,170.00,"A salad with mixed greens, spinach, strawberries, and pineapple.",90.00,205.00,0.667
dish_1560526514,potatoes | pineapple | spinach (raw),183.25,224.00,"Salad with roasted potatoes, pineapple and strawberry.",260.00,373.00,1.000
dish_1560526530,sausage | potatoes | pineapple,245.28,242.00,"A plate with mixed greens, roasted potatoes, pineapple, spinach, sausage, and strawberries.",352.00,400.00,0.750
dish_1560526552,sausage | pineapple | potatoes | scrambled eggs,359.24,319.00,"Plate with a side of salad, scrambled eggs, roasted potatoes, sliced sausage, strawberries and pineapples.",545.00,545.00,1.000
dish_1560527070,potatoes,53.13,69.00,A small portion of roasted potatoes on a white plate.,70.00,80.00,1.000
dish_1560527105,potatoes,92.73,104.00,"Side dish of roasted potatoes, shredded carrots, and spinach.",190.00,280.00,0.333
dish_1560527140,potatoes | bacon,276.67,138.00,"Plate with bacon, spinach, carrot shreds, and roasted potatoes.",385.00,270.00,0.500
dish_1560527168,potatoes | bacon,322.84,219.00,"A plate with bacon, roasted potatoes, spinach salad with shredded carrots, blueberries and strawberries.",285.00,275.00,0.500
dish_1560527191,bacon | potatoes | sausage,663.99,318.00,"A breakfast plate with bacon, sausage, potatoes, and a mixed berry and lettuce salad.",610.00,475.00,0.600
dish_1560527225,potatoes | bacon | sausage | scrambled eggs,937.79,503.00,"Breakfast plate with scrambled eggs, bacon, sausage, potatoes, salad greens, and strawberries.",780.00,520.00,1.000
dish_1560527745,yogurt,87.76,149.00,Bowl of Greek Yogurt,150.00,150.00,1.000
dish_1560527950,watermelon,23.10,77.00,Diced watermelon on a white plate,30.00,100.00,1.000
dish_1560529804,watermelon,15.30,51.00,Several small pieces of watermelon on a white plate.,25.00,75.00,1.000
dish_1560529825,watermelon,52.92,117.00,"Plate of watermelon, raspberries, and blackberries.",80.00,250.00,1.000
dish_1560529844,sweet potato | watermelon,91.68,168.00,A plate of fried potatoes and assorted fresh berries and watermelon.,230.00,275.00,1.000
dish_1560539314,fish | quinoa,165.74,158.00,Plate of breaded fish served over a bed of spinach.,307.00,180.00,0.333
dish_1560539340,caesar salad | quinoa | fish,196.54,228.00,A plate with caesar salad and polenta.,550.00,350.00,0.250
dish_1560539368,quinoa | carrot | caesar salad | fish,238.81,314.00,"A plate of glazed carrots, caesar salad, and couscous",370.00,450.00,0.500
dish_1560539396,fish | quinoa | caesar salad | carrot | roasted potatoes,384.04,417.00,"A plate with roasted potatoes, carrots, hot dogs, and caesar salad.",580.00,450.00,0.500
dish_1560541680,arugula,95.05,77.00,Arugula salad with walnuts and feta cheese,135.00,125.00,0.333
dish_1560541706,arugula | cauliflower,110.80,140.00,"Arugula salad with romanesco broccoli, walnuts, and feta cheese.",155.00,220.00,0.200
dish_1560455421,corn on the cob | fish,180.94,189.00,Plate of salmon with a side salad and corn.,380.00,330.00,0.333
dish_1560541793,carrot | chicken,509.83,462.00,"A plate of arugula salad with glazed pork, carrots, and romanesco broccoli.",440.00,480.00,0.200
dish_1560456370,chicken | white rice,258.38,186.00,"A plate with roasted chicken, white rice, green beans, and arugula.",440.00,380.00,0.500
dish_1560543505,tomatoes | caesar salad,66.18,172.00,Salad with tomatoes,170.00,250.00,1.000
dish_1560543525,tomatoes | caesar salad,83.43,187.00,"Salad with romaine lettuce, cherry tomatoes, egg, croutons, salad dressing and black olives",175.00,155.00,0.200
dish_1560543557,tomatoes | caesar salad,87.87,191.00,"A plate with brown rice, caesar salad, cherry tomatoes and black olives",472.00,450.00,0.667
dish_1560543583,fish | tomatoes | quinoa | caesar salad,254.66,350.00,"A plate with Caesar salad, brown rice, breaded chicken, cherry tomatoes, and black olives.",645.00,480.00,0.333
dish_1560543605,chicken | tomatoes | caesar salad | quinoa | fish,485.57,501.00,"Plate with glazed ribs, chicken cordon bleu, salad, rice, tomatoes, and olives.",871.00,642.00,0.429
dish_1560543625,chicken | roasted potatoes | caesar salad | fish | tomatoes,560.30,554.00,"A plate with brown rice, salad, tomatoes, potatoes, olives, chicken breast and bbq ribs.",740.00,715.00,0.375
dish_1560543682,roasted potatoes,121.26,86.00,Small portion of roasted potatoes on a white plate.,80.00,100.00,1.000
dish_1560543704,roasted potatoes | cauliflower,140.01,161.00,Roasted potatoes and romanesco broccoli on a white plate.,185.00,225.00,0.333
dish_1560543729,cauliflower | roasted potatoes | chicken,219.53,213.00,"A plate with roasted potatoes, meat with sauce, and Romanesco broccoli.",250.00,235.00,0.250
dish_1560543755,chicken | cauliflower | roasted potatoes | rice noodles,257.92,264.00,"Plate with coleslaw, roasted potatoes with BBQ sauce, and romanesco broccoli.",335.00,465.00,0.143
dish_1560787696,bacon,37.87,7.00,A single strip of bacon on a white plate.,80.00,15.00,1.000
dish_1560787754,bacon,72.64,68.00,Breakfast plate with bacon and mixed berries.,116.00,85.00,1.000
dish_1560787781,yam,108.63,97.00,"A plate with bacon, roasted sweet potatoes, raspberries and blackberries.",260.00,205.00,0.000
dish_1560526472,spinach (raw),113.67,114.00,"Mixed greens salad with strawberries, blackberries, and blueberries.",65.00,210.00,0.000
dish_1560788338,yogurt,71.27,121.00,A bowl of Greek Yogurt,150.00,150.00,1.000
dish_1560788349,yogurt,78.93,134.00,Yogurt with sliced strawberries,135.00,250.00,1.000
dish_1560788384,yogurt,111.20,242.00,Yogurt with strawberries and blueberries.,175.00,330.00,1.000
dish_1560798656,cheese pizza,287.17,108.00,A square slice of pizza with tomato sauce and cheese.,280.00,100.00,1.000
dish_1560798707,cheese pizza,298.02,139.00,A slice of pizza and some broccoli florets on a white plate.,315.00,180.00,0.500
dish_1560798744,cheese pizza | tofu,357.15,220.00,"A meal consisting of tempeh, broccoli, and a slice of pizza.",420.00,265.00,0.250
dish_1560798785,cheese pizza | tofu | cauliflower,379.65,310.00,"A meal consisting of pizza, cauliflower, tempeh, and broccoli.",480.00,325.00,0.400
dish_1560798815,cheese pizza | tofu | cauliflower,404.96,341.00,"A plate with pizza, kale, cauliflower, tempeh and broccoli.",526.00,385.00,0.333
dish_1560798854,tofu | cheese pizza,455.51,372.00,"A plate with cauliflower, kale, spinach, tempeh, broccoli, and cheese pizza.",462.00,410.00,0.143
dish_1560798928,tofu | cheese pizza,485.04,399.00,"A plate with a variety of foods, including a salad, broccoli, tempeh, and a slice of pizza.",628.00,500.00,0.143
dish_1560541760,white rice | chicken,465.58,372.00,Plate of cooked pork chop with arugula salad and romanesco broccoli.,300.00,325.00,0.000
dish_1560798960,tofu | cheese pizza,493.72,429.00,"Plate of pizza, salad, tempeh, and squash.",580.00,510.00,0.125
dish_1560799113,pizza,98.42,37.00,A single slice of pepperoni pizza on a white plate.,200.00,75.00,1.000
dish_1560799277,pizza | broccoli,111.02,73.00,A light meal of pizza and broccoli,285.00,200.00,1.000
dish_1560799368,pork,108.40,53.00,Small serving of pork belly with a small amount of rice and onions.,320.00,120.00,0.333
dish_1560799407,pork | carrot,220.90,122.00,"Spinach salad with pork, carrots, raisins and cranberries",181.00,119.00,0.500
dish_1560799558,pizza,196.84,74.00,Two slices of pizza on a white plate,400.00,150.00,1.000
dish_1560799590,pizza,298.02,163.00,A light meal consisting of a spinach salad and two small slices of tomato pizza.,340.00,185.00,0.500
dish_1560799647,pork | pizza,723.41,474.00,"Plate with spinach salad, roasted butternut squash, pulled pork with zucchini and rice, and a slice of tomato pizza.",750.00,720.00,0.500
dish_1560800836,pepperoni pizza,479.40,170.00,Three slices of pepperoni pizza on a white plate.,600.00,220.00,1.000
dish_1560800918,kale,70.83,40.00,Small mixed green salad with a single beet.,40.00,125.00,0.000
dish_1560800951,cauliflower | kale,102.83,168.00,"Plate of cauliflower, beets and mixed greens salad.",150.00,420.00,0.333
dish_1560800988,cauliflower | bulgur,314.87,230.00,"A plate with cauliflower, buckwheat, beetroot, and mixed greens.",302.00,450.00,0.250
dish_1560801020,cauliflower | chicken breast | bulgur,346.34,250.00,"Salad with cauliflower, buckwheat, chicken and mixed greens.",350.00,475.00,0.500
dish_1560801041,pork | chicken breast | cauliflower | bulgur,432.24,292.00,"Salad with cauliflower, buckwheat, mixed greens, beetroot and chicken",374.00,525.00,0.333
dish_1560543465,caesar salad,33.88,77.00,A small portion of Caesar salad with a single olive.,155.00,155.00,1.000
dish_1560787817,yam | bagels | cream cheese,292.23,165.00,"Bagel with cream cheese, bacon, roasted sweet potatoes, raspberries and blackberries",530.00,270.00,0.200
dish_1560801829,pepperoni pizza | cauliflower,256.90,178.00,"A plate with a slice of pepperoni pizza, roasted butternut squash, and cauliflower.",368.00,220.00,0.667
dish_1560801859,pepperoni pizza | pork,428.70,262.00,"A plate of assorted foods including pizza, roasted pork, squash, cauliflower, and oyster mushroom.",570.00,360.00,0.400
dish_1560801883,chicken breast | pepperoni pizza | pork,512.11,315.00,"A plate of food containing roasted chicken, butternut squash, cauliflower, pork and pizza.",600.00,370.00,0.600
dish_1560802006,kale,35.93,44.00,A small serving of kale salad.,80.00,100.00,1.000
dish_1560802048,squash | kale,47.21,83.00,Plate with roasted kabocha squash and kale salad,200.00,250.00,1.000
dish_1560802092,squash | chicken breast | kale,118.03,128.00,"A plate with kale salad, roasted squash, crusted tofu and spinach.",335.00,390.00,0.400
dish_1560802149,chicken breast | pork,365.52,249.00,"A plate with pork tenderloin, kale salad, butternut squash, tofu, zucchini, and bell peppers.",645.00,580.00,0.143
dish_1560802562,lemon juice | bulgur | kale | chickpeas,8.85,5.00,Small plate of arugula,4.00,20.00,0.000
dish_1560801773,cauliflower,13.50,54.00,Plate with a small amount of cooked cauliflower.,15.00,150.00,1.000
dish_1560802764,chicken breast | squash,111.83,99.00,"A small plate of salmon, roasted butternut squash, and arugula salad.",307.00,225.00,0.250
dish_1560802853,squash | white rice | chicken breast,136.53,118.00,"A plate with salmon, rice, roasted butternut squash and arugula.",420.00,300.00,0.400
dish_1560799615,squash | pizza,332.75,283.00,"A plate with roasted butternut squash, a spinach salad with cranberries and carrots, and tomato pizza.",650.00,470.00,0.667
dish_1560874667,bacon,100.55,83.00,"Plate of strawberries, blueberries and bacon.",140.00,185.00,1.000
dish_1560874726,bacon | yam,177.49,145.00,"A plate with strawberries, blueberries, sweet potato, and bacon",275.00,295.00,0.333
dish_1560874751,bacon | bagels | cream cheese | yam,379.99,220.00,"Breakfast plate with bagel, cream cheese, berries, sweet potato, and bacon.",595.00,390.00,0.400
dish_1560887408,pizza,324.52,122.00,Pizza slice on a white plate,250.00,100.00,1.000
dish_1560887435,pizza | kale,364.53,171.00,Lasagna with a side of kale salad,375.00,350.00,0.333
dish_1560887457,pizza,389.26,246.00,"A plate with eggplant, kale salad and lasagna",405.00,500.00,0.000
dish_1560801797,squash | cauliflower,25.66,96.00,Small plate of mixed cooked vegetables,110.00,200.00,0.500
dish_1560888817,roasted potatoes,47.94,34.00,Small snack consisting of pear slices and walnuts,97.00,87.00,0.000
dish_1560888849,chicken | roasted potatoes,168.96,107.00,A plate of roast chicken with potatoes and walnuts.,290.00,160.00,0.667
dish_1560888893,roasted potatoes | chicken | white rice,213.16,141.00,"A plate with chicken, rice, apples and pecans.",577.00,290.00,0.400
dish_1560802730,chicken breast,101.70,64.00,"A plate with fried fish, spinach and arugula.",235.00,135.00,0.000
dish_1560874548,,41.04,72.00,A small plate of fresh strawberries and blueberries.,35.00,115.00,
dish_1560889008,carrot,41.29,84.00,Small portion of baby carrots on a plate,40.00,100.00,1.000
dish_1560889032,carrot | chicken,246.87,208.00,"Chicken breast with carrots, lentils, and spinach.",255.00,250.00,0.500
dish_1560889061,carrot | chicken,402.51,281.00,"A plate with mixed greens salad, grilled chicken breast, and sliced carrots.",220.00,370.00,1.000
dish_1560961012,cream cheese | bagels,191.70,71.00,Bagel with Cream Cheese,450.00,131.00,1.000
dish_1560961059,cream cheese | bagels | sweet potato,268.46,172.00,A plate with roasted eggplant and a bagel with cream cheese.,375.00,250.00,0.250
dish_1560961179,scrambled eggs,153.92,104.00,A serving of scrambled eggs.,200.00,150.00,1.000
dish_1560961202,scrambled eggs | broccoli,171.07,153.00,A plate of scrambled eggs and broccoli.,265.00,300.00,1.000
dish_1560961261,broccoli | scrambled eggs,192.52,218.00,"A plate with scrambled eggs, broccoli, and strawberries.",230.00,330.00,1.000
dish_1560961385,sweet potato | scrambled eggs | broccoli,249.52,293.00,"A plate with scrambled eggs, roasted potatoes, tofu, strawberries, and broccoli.",510.00,585.00,0.750
dish_1560973936,arugula,75.24,44.00,Arugula salad on a white plate.,30.00,100.00,1.000
dish_1560888930,white rice | chicken | roasted potatoes,224.93,151.00,"A plate with chicken, rice, arugula, roasted potatoes and pecans",685.00,390.00,0.600
dish_1560973984,broccoli,171.21,195.00,"A plate of mixed food including lentils, arugula and broccoli.",215.00,280.00,0.333
dish_1560974009,chicken thighs | broccoli,482.98,409.00,"Plate with sweet and sour chicken, mixed greens salad, broccoli and lentils.",540.00,450.00,0.667
dish_1560974707,spinach (raw) | black beans,55.03,60.00,Small spinach salad with tomato and dressing,78.00,130.00,0.333
dish_1560974769,white rice,3943.33,3051.00,A light meal consisting of rice and spinach salad with a tomato.,255.00,185.00,0.333
dish_1560975346,chicken thighs,326.34,224.00,A bowl of chicken and vegetable stir fry with a red sauce.,450.00,350.00,1.000
dish_1560975491,caesar salad,37.84,86.00,Plate of Caesar salad.,250.00,200.00,1.000
dish_1560975517,broccoli | caesar salad,42.39,99.00,A plate with Caesar salad and a small amount of broccoli.,170.00,250.00,1.000
dish_1560975572,caesar salad,96.99,159.00,Salad with brown rice and steamed vegetables,350.00,435.00,0.000
dish_1560975601,chicken thighs | caesar salad,233.94,253.00,"A plate with chicken in tomato sauce, lettuce salad, broccoli, and rice with vegetables.",520.00,570.00,0.200
dish_1560975628,caesar salad | cheese pizza | chicken thighs,348.27,296.00,"A plate with salad, pizza, chicken with sauce, rice and broccoli.",830.00,615.00,0.600
dish_1560976044,,124.67,137.00,"A plate of wheat berry salad with sauteed vegetables, including squash and spinach, with a cherry tomato garnish.",353.00,205.00,0.000
dish_1561049320,bacon,102.79,19.00,Three strips of fried bacon,270.00,50.00,1.000
dish_1561049373,scrambled eggs | bacon,290.75,146.00,A breakfast plate with scrambled eggs and bacon,450.00,225.00,1.000
dish_1561049409,bacon | scrambled eggs,317.78,197.00,"Breakfast plate with bacon, scrambled eggs and raspberries.",500.00,295.00,1.000
dish_1561049435,cantaloupe | scrambled eggs | bacon,338.18,257.00,"Breakfast meal with bacon, scrambled eggs, cantaloupe and raspberries.",430.00,410.00,1.000
dish_1560887480,pizza | beef,668.08,374.00,"A plate with steak, vegetables (broccoli, kale, eggplant, red pepper), croutons, and a slice of pizza.",630.00,440.00,0.143
dish_1561060477,pineapple | cheese pizza,141.02,105.00,A slice of pizza and chunks of pineapple on a white plate.,268.00,195.00,1.000
dish_1561060503,pineapple | cheese pizza,145.31,138.00,"A light meal consisting of a slice of pizza, pineapple chunks, and bok choy.",290.00,250.00,0.667
dish_1561060531,brussels sprouts | cheese pizza | pineapple,162.08,177.00,"A plate with a slice of pizza, pineapple chunks, bok choy and brussels sprouts.",387.00,395.00,0.750
dish_1561060558,pineapple | brussels sprouts | tofu | cheese pizza,194.20,221.00,"A plate with pineapple chunks, bok choy, brussels sprouts, tofu salad, and a slice of pizza.",420.00,460.00,0.800
dish_1561060613,salmon | pineapple | cheese pizza | tofu | brussels sprouts,323.67,304.00,"A plate of mixed food items, including pizza, pineapple, bok choy, brussels sprouts, tofu and fried fish.",650.00,630.00,0.571
dish_1560973958,pecans | lime | raisins | arugula,145.31,121.00,Buckwheat salad with arugula,250.00,250.00,0.200
dish_1561060703,pasta | pineapple | salmon | tofu | cheese pizza | beef,538.47,445.00,"A diverse plate of food with pizza, fruit, vegetables, pasta, tofu and fish.",670.00,540.00,0.400
dish_1561060787,brussels sprouts,46.46,91.00,Roasted Brussels sprouts on a white plate.,120.00,200.00,1.000
dish_1561060925,brussels sprouts | tofu,93.91,156.00,"Plate with Brussels sprouts, green beans, tofu, and lentils",255.00,500.00,0.500
dish_1560961107,bagels | cream cheese | sweet potato,352.82,320.00,"Plate with strawberries, blueberries, blackberries, a bagel with cream cheese, and French toast.",610.00,370.00,0.250
dish_1561060448,cheese pizza,109.02,41.00,A slice of pizza on a white plate,280.00,100.00,1.000
dish_1561061123,tofu | salmon | bulgur | brussels sprouts,399.43,357.00,"A well balanced plate with Brussels sprouts, salmon and rice, tofu salad, and arugula",485.00,490.00,0.600
dish_1561061593,kale,42.46,52.00,Kale salad on a white plate.,50.00,85.00,1.000
dish_1561060976,salmon | tofu | brussels sprouts | brown rice,265.51,266.00,"A plate with roasted Brussels sprouts, salmon with rice, and a green bean salad.",450.00,530.00,0.400
dish_1561061687,salmon | brown rice | brussels sprouts | bulgur,508.35,408.00,"Healthy meal with salmon, vegetables, and berries.",470.00,435.00,0.333
dish_1561062171,pasta | beef,101.14,58.00,Small portion of pasta with sauce.,220.00,120.00,0.500
dish_1561062237,beef | pasta | salmon,182.26,110.00,"A plate with pasta, salmon, rice and green leaves",355.00,205.00,0.400
dish_1561062286,beef | pasta | white rice | salmon,256.36,167.00,"A plate with rice, salmon, pasta and arugula",535.00,380.00,0.600
dish_1561062320,white rice | salmon | beef | pasta,307.87,202.00,"A plate with rice, pasta and meatballs, fish, salad and an olive.",555.00,510.00,0.400
dish_1561062555,apple | shallots | bulgur | lemon juice | arugula | garlic,47.09,32.00,"Small salad with arugula, olives, and goji berries.",35.00,70.00,0.143
dish_1561062586,white rice,121.19,89.00,"A small plate with rice, arugula, olives, and goji berries.",175.00,145.00,0.333
dish_1561134102,watermelon,24.30,81.00,A small serving of cubed watermelon.,46.00,150.00,1.000
dish_1561060642,pasta | beef | tofu | pineapple | salmon | cheese pizza,468.41,387.00,"A buffet plate with various food items including pizza, pineapple, bok choy, brussels sprouts, pasta, fried fish, and tofu.",765.00,605.00,0.444
dish_1561134156,watermelon | sweet potato,118.54,220.00,Plate of roasted potatoes and mixed fruit,215.00,295.00,1.000
dish_1561061630,bulgur | kale,186.68,150.00,"A salad with arugula, kale, raspberries, and blueberries.",89.00,185.00,0.333
dish_1561146758,bagels,232.50,93.00,Plain bagel on a plate,250.00,71.00,1.000
dish_1561146781,bagels | apple,300.10,223.00,A bagel and an apple on a white plate.,345.00,253.00,1.000
dish_1561147944,arugula,42.37,34.00,"Small side salad with mixed greens, carrots, and walnuts.",85.00,127.00,0.000
dish_1561061658,brussels sprouts | kale | bulgur,226.00,227.00,"Salad with arugula, kale, brussel sprouts, raspberries, and blackberries",165.00,380.00,0.500
dish_1561147997,cheese pizza,185.18,133.00,"A light meal consisting of pizza, salad and cooked vegetables.",315.00,270.00,0.333
dish_1561148021,cheese pizza | ground turkey,361.77,216.00,"A meal consisting of meatballs with rice, a pizza slice, a mixed green salad, and cooked zucchini and squash.",485.00,360.00,0.250
dish_1561148042,ground turkey | cheese pizza,370.76,245.00,"Assorted hot lunch featuring meatloaf, pizza, and cooked vegetables. Also includes a side salad.",465.00,420.00,0.200
dish_1561148303,cheese pizza,119.65,45.00,A slice of pizza on a white plate.,210.00,80.00,1.000
dish_1561134128,watermelon,58.50,141.00,"A plate of sliced strawberries, blueberries and watermelon.",61.00,190.00,1.000
dish_1561148481,cheese pizza | ground turkey,281.28,140.00,"A plate with pizza, mushroom risotto and salad.",510.00,320.00,0.333
dish_1561392386,sausage,175.75,51.00,A small meal with meatballs and a small amount of scrambled egg.,240.00,130.00,0.000
dish_1561392410,sausage | broccoli,187.30,84.00,A plate of meatballs with broccoli and mustard.,260.00,260.00,0.333
dish_1561392430,sausage | broccoli,208.75,149.00,"A plate with strawberries, broccoli, scrambled eggs and meatballs.",360.00,400.00,0.250
dish_1561392459,sausage | scrambled eggs,395.23,275.00,"Plate with scrambled eggs, strawberries, broccoli and sausage.",430.00,410.00,0.667
dish_1561392512,,42.75,75.00,A small plate of mixed berries.,50.00,130.00,
dish_1561392543,radishes | garlic | bell peppers | cucumbers,126.00,119.00,"A light salad with spinach, carrots, strawberries, and blueberries.",85.00,245.00,0.000
dish_1561392570,broccoli,149.80,187.00,"A plate with a fun design made from strawberries, blueberries, broccoli, lettuce and carrot.",75.00,230.00,0.333
dish_1561392593,broccoli | scrambled eggs,354.04,325.00,"A plate with scrambled eggs, broccoli florets, strawberries, blueberries and greens.",300.00,375.00,1.000
dish_1561392632,bacon | scrambled eggs,500.11,352.00,"Breakfast meal with scrambled eggs, bacon, broccoli, strawberries, blueberries, and mixed greens",425.00,410.00,0.667
dish_1561392710,watermelon,31.80,106.00,A small plate of cubed watermelon.,46.00,153.00,1.000
dish_1561145732,orange with peel,19.70,67.00,A single tangerine on a plate,47.00,88.00,0.000
dish_1561393550,cottage cheese,172.48,176.00,A bowl of cottage cheese,180.00,227.00,1.000
dish_1561393619,cottage cheese,234.04,284.00,A small bowl of cottage cheese topped with strawberries and blueberries.,150.00,280.00,1.000
dish_1561393649,pineapple | cottage cheese,271.54,359.00,"Fruit salad with pineapple, strawberries, and blueberries.",154.00,330.00,0.500
dish_1561147967,cheese pizza,177.98,85.00,Pizza slice with side salad,300.00,200.00,1.000
dish_1561148336,cheese pizza,128.10,68.00,A plate with a slice of pizza and a small mixed green salad.,240.00,160.00,1.000
dish_1561393715,broccoli,17.15,49.00,A plate of roasted broccoli.,31.00,100.00,1.000
dish_1561404438,cauliflower | garlic | lime,366.07,169.00,Pork tenderloin with roasted sweet potatoes and spinach,410.00,280.00,0.000
dish_1561404458,carrot,410.31,259.00,"A meal with steak, roasted carrots and potatoes, and spinach.",485.00,380.00,0.333
dish_1561404485,carrot,511.37,349.00,"A plate with roasted carrots, mixed greens salad, pork, and potatoes.",410.00,480.00,0.333
dish_1561404505,carrot | broccoli,543.92,442.00,"A balanced plate of steak, roasted potatoes and carrots, broccoli, bell peppers and a mixed greens salad.",470.00,535.00,0.500
dish_1561392734,watermelon,84.24,198.00,"Fruit salad consisting of watermelon, strawberries, and blueberries.",79.00,230.00,1.000
dish_1561404956,chicken | kale,97.60,82.00,A plate with cooked chicken and kale salad.,400.00,250.00,1.000
dish_1561405008,chicken | kale,156.43,134.00,"A meal consisting of fried chicken, kale salad with parmesan, and arugula salad with dressing.",430.00,255.00,0.667
dish_1561405034,chicken | kale,178.28,153.00,"A plate of olives, mixed green salad, cooked chicken, and kale salad with parmesan.",390.00,330.00,1.000
dish_1561405332,broccoli,18.55,53.00,Three broccoli florets on a plate,25.00,85.00,1.000
dish_1561405356,broccoli | chicken | white rice,206.65,176.00,"A small meal consisting of grilled chicken, broccoli and arugula.",250.00,270.00,0.500
dish_1561405389,broccoli | chicken,265.98,223.00,Chicken breast with broccoli and arugula salad,270.00,270.00,0.667
dish_1561393764,broccoli | scrambled eggs | bacon,280.80,182.00,"A plate with scrambled eggs, bacon and broccoli.",340.00,300.00,1.000
dish_1561405836,cheese pizza,82.43,31.00,A single slice of pizza on a white plate.,200.00,75.00,1.000
dish_1561405864,cheese pizza | chicken,197.12,106.00,A plate with a slice of cheese pizza and a portion of chicken with sauce and vegetables.,460.00,200.00,1.000
dish_1561405887,cheese pizza | chicken | carrot,213.34,139.00,"A meal consisting of a slice of pizza, some roasted chicken, and roasted carrots.",460.00,240.00,1.000
dish_1561405912,cheese pizza | chicken,270.88,196.00,"A plate with a slice of pizza, glazed chicken, roasted carrots, and a small green salad.",600.00,370.00,0.667
dish_1561405934,cheese pizza | chicken | broccoli,287.33,243.00,"A plate with pizza, chicken, roasted carrots, and broccoli salad.",485.00,365.00,0.750
dish_1561406762,carrot,17.21,35.00,Small plate of roasted carrots.,60.00,80.00,1.000
dish_1561393741,broccoli | scrambled eggs,188.83,165.00,A simple meal consisting of scrambled eggs and broccoli.,205.00,270.00,1.000
dish_1561406817,carrot | white rice,273.39,243.00,"A plate with rice, couscous with nuts and raisons, and roasted carrots.",535.00,400.00,0.667
dish_1561407208,chicken,44.35,29.00,Small portion of fried chicken on a plate,150.00,60.00,1.000
dish_1561407249,chicken,73.88,56.00,Salad with chicken,130.00,130.00,1.000
dish_1561407283,chicken | carrot,88.63,86.00,"A light meal of roasted carrots, salad, and a chicken cutlet.",270.00,260.00,1.000
dish_1561407312,chicken | carrot,127.83,121.00,"Plate with cooked carrots, couscous, chicken and salad.",330.00,375.00,1.000
dish_1561480391,,64.41,113.00,A small plate of fresh raspberries and blackberries.,45.00,100.00,
dish_1561480414,turkey bacon,125.16,129.00,Plate of mixed berries with turkey bacon,90.00,145.00,1.000
dish_1561480439,turkey bacon | pineapple,155.16,189.00,"Plate of raspberries, blackberries, pineapple chunks and bacon",150.00,215.00,1.000
dish_1561404924,kale,31.84,39.00,A small kale salad with parmesan.,80.00,80.00,1.000
dish_1561481577,bacon,200.17,37.00,Plate with three slices of cooked bacon.,207.00,60.00,1.000
dish_1561481606,bacon | scrambled eggs,354.09,141.00,A plate of scrambled eggs and bacon.,540.00,210.00,1.000
dish_1561405411,broccoli | chicken,332.06,282.00,"Chicken with couscous, broccoli, arugula salad and chickpeas",455.00,450.00,0.400
dish_1561481673,honeydew melons | yam | bacon | scrambled eggs,496.62,324.00,"Breakfast with scrambled eggs, bacon, melon and sweet potatoes",560.00,465.00,0.600
dish_1561491121,spinach (raw),31.46,28.00,Spinach and pear salad with dressing,78.00,75.00,0.500
dish_1561406789,white rice | carrot,184.91,164.00,A plate with roasted carrots and white rice,285.00,300.00,1.000
dish_1561491180,fish | wild rice,236.35,217.00,"A plate with rice, fish and spinach.",470.00,370.00,0.667
dish_1561491210,wild rice | fish | cauliflower,251.10,276.00,"A plate of rice, cooked fish, spinach and Romanesco broccoli",395.00,330.00,0.400
dish_1561492161,spinach (raw),48.31,43.00,Plate with some sauteed spinach,31.00,124.00,1.000
dish_1561492182,fried rice,250.17,171.00,A plate with a serving of turmeric rice and a side of spinach.,270.00,250.00,0.500
dish_1561492204,fried rice | chicken | millet,488.64,334.00,"A balanced meal consisting of yellow rice, salmon with quinoa, and spinach.",620.00,400.00,0.200
dish_1561480460,pineapple | scrambled eggs | turkey bacon,285.40,277.00,"Plate with scrambled eggs, assorted berries (raspberries and blackberries), pineapple chunks, and turkey bacon.",350.00,380.00,1.000
dish_1561492519,banana with peel | wheat bread,271.32,206.00,A simple breakfast consisting of a slice of whole wheat bread and a banana.,185.00,153.00,1.000
dish_1561492628,caesar salad,13.64,31.00,Plate of Brussels sprouts,60.00,150.00,0.000
dish_1561492665,caesar salad | fish,81.95,93.00,A meal consisting of chicken with sauce and a Caesar salad.,400.00,250.00,0.333
dish_1561492687,fish | caesar salad | fried rice,105.61,108.00,"A plate with chicken with sauce, yellow rice, and salad.",450.00,250.00,0.250
dish_1561481634,scrambled eggs | bacon | yam,462.06,228.00,"Breakfast plate with scrambled eggs, bacon, and roasted sweet potatoes.",600.00,345.00,0.500
dish_1561493975,arugula,130.85,106.00,Arugula salad with mozzarella and walnuts,230.00,195.00,0.333
dish_1561492228,chicken | fish | fried rice,648.18,488.00,"A plate with turmeric rice, spinach, fish stir-fry, and tofu with tomato sauce.",730.00,520.00,0.400
dish_1561491154,fish,166.14,158.00,Chicken salad served with spinach and a small piece of pickled ginger.,265.00,185.00,0.000
dish_1561567053,watermelon,26.10,87.00,A small bowl of cubed watermelon.,30.00,100.00,1.000
dish_1561567086,watermelon | yam,142.75,181.00,A plate of diced roasted sweet potato and cubed watermelon.,195.00,280.00,0.333
dish_1561574215,lettuce,93.24,134.00,"A mixed green salad with red onion, cherry tomatoes, feta cheese, and bacon.",215.00,220.00,0.000
dish_1561574368,caesar salad,22.00,50.00,Small portion of Caesar Salad,180.00,150.00,1.000
dish_1561574394,caesar salad | arugula,61.50,82.00,"Salad with romaine lettuce, arugula, croutons, salad dressing and blueberries.",140.00,165.00,0.250
dish_1561574428,caesar salad | arugula | cauliflower,84.00,172.00,"Plate of broccoli, cauliflower and lettuce salad with dressing",206.00,400.00,0.200
dish_1561574456,caesar salad | cheese pizza | cauliflower,203.66,217.00,"A plate of salmon, mixed green salad, caesar salad, and steamed vegetables.",625.00,500.00,1.000
dish_1561574479,beef | cauliflower | cheese pizza | caesar salad,363.61,293.00,"A plate with a slice of pizza, steak and rice, and a mixed salad with broccoli and cauliflower.",745.00,535.00,0.600
dish_1561492703,caesar salad | fried rice | fish,113.13,134.00,"Plate with butternut squash, rice, chicken, and salad",443.00,300.00,0.200
dish_1561574623,eggplant | chicken,117.60,152.00,A plate of grilled eggplant and tempeh,250.00,280.00,0.333
dish_1561574783,arugula,29.63,24.00,Arugula salad,15.00,50.00,1.000
dish_1561494001,squash | arugula,162.69,216.00,Plate with roasted vegetables (squash and eggplant) and a side arugula salad with small mozzarella balls.,250.00,350.00,0.250
dish_1561574848,chicken,182.26,155.00,"Mixed green salad with chicken breast, cherry tomatoes, red onion, and grapes.",359.00,470.00,0.250
dish_1561574974,eggplant,50.13,152.00,Plate of cooked eggplant with a small amount of lettuce,76.00,255.00,0.500
dish_1561575033,chicken | eggplant,354.45,339.00,"A plate of grilled chicken, eggplant, grains, and dressing.",440.00,350.00,0.667
dish_1561574600,eggplant,32.98,100.00,A plate of grilled eggplant.,90.00,250.00,1.000
dish_1561575170,cauliflower,42.75,171.00,Plate of cauliflower and arugula,61.00,210.00,0.500
dish_1561575192,arugula | cauliflower,122.99,236.00,Plate with Cauliflower and salad,90.00,300.00,0.500
dish_1561494032,arugula | squash | cauliflower,185.44,307.00,"Plate with roasted potatoes and eggplant, arugula salad, and romanesco broccoli",320.00,410.00,0.167
dish_1561575300,bell peppers | millet | beef,326.78,199.00,Pork tenderloin stuffed with rice and served with slices of bell pepper.,370.00,300.00,0.250
dish_1561575327,roasted potatoes | beef,453.68,289.00,A plate of pork tenderloin with roasted potatoes and green bell pepper.,520.00,450.00,0.250
dish_1561575347,roasted potatoes | pizza | beef,554.76,327.00,"A plate of various food items, including roasted potatoes, sausage, beef, bell peppers, and pizza.",645.00,460.00,0.600
dish_1561575410,cauliflower,16.00,64.00,A small serving of cooked cauliflower.,25.00,80.00,1.000
dish_1561574815,arugula | lettuce,74.85,89.00,"A mixed greens salad with cherry tomatoes, red onion, feta cheese, and dressing.",145.00,240.00,0.000
dish_1561575474,eggplant | roasted potatoes | cauliflower,120.06,183.00,"A plate with roasted potatoes, eggplant, cauliflower, and sweet potato.",165.00,250.00,1.000
dish_1561575506,roasted potatoes | beef,562.04,393.00,"Plate of steak with roasted potatoes, cauliflower and eggplant",550.00,440.00,0.250
dish_1561575613,arugula,86.41,70.00,"A salad with mixed greens, walnuts, and blueberries.",140.00,135.00,0.000
dish_1561575274,millet | beef,305.18,145.00,beef steak with rice,402.00,200.00,0.333
dish_1561575068,eggplant | chicken,421.94,436.00,"A Mediterranean-style salad with chicken, lentils, eggplant, spinach, tomatoes, olives and feta cheese.",381.00,335.00,0.333
dish_1561575908,cheese pizza,106.36,40.00,A serving of lasagna on a white plate.,350.00,150.00,0.000
dish_1561575951,cheese pizza | beef,213.70,91.00,"A plate of baked salmon with cheese, served with brown rice and a small serving of spinach.",565.00,300.00,0.250
dish_1561575977,parmesan cheese | beef | cheese pizza,261.08,102.00,"A plate with lasagna, parmesan cheese, rice and steak with spinach.",700.00,375.00,0.200
dish_1561575996,parmesan cheese | beef | cheese pizza,290.98,128.00,"A plate of lasagna, rice with beef, olives, parmesan and spinach",835.00,460.00,0.333
dish_1561575445,eggplant | cauliflower,35.46,123.00,Small portion of roasted vegetables with eggplant and cauliflower,70.00,210.00,0.667
dish_1561576051,chicken | beef | roasted potatoes | parmesan cheese | cheese pizza,367.89,179.00,"Plate of lasagna, olives, chicken, roasted potatoes, and rice with spinach.",800.00,560.00,0.286
dish_1561576074,beef | cheese pizza | roasted potatoes | chicken | parmesan cheese,374.55,216.00,"Mediterranean style meal with feta, chicken, olives, rice pilaf and vegetables",770.00,570.00,0.333
dish_1561576212,roasted potatoes,145.23,103.00,A plate of roasted potatoes,120.00,150.00,1.000
dish_1561576257,roasted potatoes,180.88,134.00,A plate with red beans and roasted potatoes.,200.00,150.00,0.500
dish_1561576295,roasted potatoes,249.07,232.00,"A plate with mixed green salad, olives, and roasted potatoes.",325.00,320.00,0.333
dish_1561576320,chicken | roasted potatoes,494.80,383.00,"A mixed plate with chicken salad, green salad, olives, and roasted potatoes.",500.00,380.00,1.000
dish_1561576449,cauliflower,77.00,308.00,Plate of cooked cauliflower,102.00,300.00,1.000
dish_1561575661,beef,418.95,228.00,"A plate with steak, mixed green salad with walnuts and blueberries, and brown rice.",575.00,420.00,0.000
dish_1561576590,squash,29.23,101.00,Small serving of mixed vegetables with quinoa,103.00,245.00,0.167
dish_1561576026,parmesan cheese | roasted potatoes | beef | cheese pizza,330.46,156.00,"A plate containing lasagna, brown rice, olives, parmesan cheese, and pineapple.",675.00,405.00,0.125
dish_1561576652,cauliflower | squash | eggplant,91.42,322.00,"A plate of mixed roasted vegetables including cauliflower, eggplant, zucchini and quinoa.",225.00,450.00,0.250
dish_1561576680,cauliflower | chicken | squash | eggplant,307.86,455.00,"Plate of roasted vegetables, cauliflower, and salad with creamy dressing.",410.00,550.00,0.200
dish_1561576707,eggplant | caesar salad | chicken | cauliflower | squash,324.14,492.00,"A plate of mixed vegetables including cauliflower, eggplant, zucchini and a lettuce and chicken salad",460.00,750.00,0.500
dish_1561576483,cauliflower | beef,209.60,371.00,A meal consisting of steak topped with pesto and cauliflower,400.00,450.00,0.333
dish_1561576767,squash | eggplant | cauliflower | chicken | pineapple,408.47,621.00,"Plate of mixed vegetables, lentils, salad and pineapple.",540.00,850.00,0.286
dish_1561576794,beef | chicken | pineapple | cauliflower,654.72,738.00,"A healthy meal with cauliflower, grilled vegetables, salad, pineapple and beef tenderloin.",620.00,935.00,0.600
dish_1561576887,eggplant,15.50,47.00,"Small plate with eggplant, green onion and plum",101.00,168.00,0.333
dish_1561576916,eggplant | arugula,78.46,98.00,Arugula salad with fried eggplant,190.00,160.00,1.000
dish_1561576954,chicken,345.34,262.00,"A plate with chicken salad, a side salad of mixed greens, and roasted eggplant.",475.00,375.00,0.500
dish_1561576978,chicken | beef,511.61,341.00,"A plate with meatloaf, chicken salad, a green salad and roasted eggplant.",725.00,475.00,0.250
dish_1561576618,squash | eggplant,57.92,188.00,Grilled vegetables with quinoa,155.00,480.00,0.333
dish_1561577119,tofu | cheese pizza,128.31,78.00,A plate with a pizza slice and some tofu.,280.00,170.00,1.000
dish_1561577083,cheese pizza,98.38,37.00,A slice of cheese pizza on a plate.,210.00,80.00,1.000
dish_1561577177,tofu | cheese pizza | roasted potatoes,234.61,156.00,"Plate with tofu, salad, roasted potatoes and a slice of pizza",520.00,350.00,1.000
dish_1561577198,tofu | roasted potatoes | cheese pizza,240.54,174.00,"A small plate with tofu, salad, potatoes, eggplant and pizza",490.00,475.00,0.750
dish_1561577219,tofu | chicken | cheese pizza | roasted potatoes,308.89,216.00,"Plate with a variety of foods including tofu, salad, potatoes, pizza, eggplant, and a grain salad.",650.00,600.00,0.500
dish_1561577549,pizza,130.34,49.00,A single slice of pizza,210.00,85.00,1.000
dish_1561577573,beef | pizza,755.43,346.00,A plate containing a slice of tomato pizza and sliced grilled steak with herbs.,700.00,300.00,0.500
dish_1561577598,beef | pizza,813.45,393.00,"Plate with sliced beef steak, arugula salad, and a slice of pizza.",580.00,325.00,0.667
dish_1561577678,beef | millet,218.89,104.00,Small portion of sliced grilled steak,216.00,80.00,0.500
dish_1561577701,cauliflower | beef,258.64,263.00,A plate with steak slices and cauliflower.,325.00,300.00,0.500
dish_1561577731,mushroom | cauliflower | beef,274.26,334.00,"A plate containing steak, cauliflower, creamed mushrooms, and mashed potatoes.",590.00,500.00,0.500
dish_1561577848,chicken,413.35,254.00,A plate of chicken salad with some added greens.,355.00,210.00,1.000
dish_1561575688,beef | roasted potatoes,607.89,362.00,"A plate of steak with a side of roasted potatoes, cooked rice and mixed greens salad with olives and walnuts.",650.00,440.00,0.250
dish_1561578156,eggplant,31.99,97.00,A plate of roasted eggplant.,60.00,150.00,1.000
dish_1561578188,cauliflower | eggplant,57.99,201.00,A small plate with roasted eggplant and mashed cauliflower.,140.00,330.00,1.000
dish_1561578226,eggplant | cauliflower,119.22,289.00,"Plate with roasted eggplant, cauliflower, spinach salad and pasta.",185.00,370.00,0.500
dish_1561578344,cheese pizza,144.26,86.00,A plate with a slice of cheese pizza and a mixed green salad.,360.00,200.00,1.000
dish_1561576737,squash | eggplant | chicken | cauliflower,357.47,519.00,"A plate with cauliflower, roasted vegetables, mixed green salad and a grain salad with creamy dressing.",555.00,850.00,0.167
dish_1561578394,cheese pizza | beef | caesar salad,276.04,185.00,"Plate with a slice of cheese pizza, caesar salad, mixed green salad, and steak.",750.00,430.00,0.667
dish_1561578417,caesar salad | cheese pizza | beef,289.79,240.00,"Plate with a slice of pizza, caesar salad, mixed green salad, grilled steak, and mashed potatoes.",865.00,525.00,0.500
dish_1561577146,cheese pizza | tofu,154.24,99.00,"A meal consisting of tofu, salad, and pizza.",430.00,300.00,1.000
dish_1561578373,cheese pizza | caesar salad,164.50,132.00,A meal consisting of pizza and mixed salads.,536.00,350.00,1.000
dish_1561578570,beef,136.80,65.00,"A small serving of beef with pesto sauce, presented on a white plate.",160.00,50.00,0.500
dish_1561577947,chicken,623.20,424.00,"A plate with chicken in cream sauce, arugula salad, and penne pasta.",480.00,305.00,0.333
dish_1561578623,roasted potatoes | beef | cauliflower,208.51,208.00,"A plate with steak, roasted potatoes, and mashed cauliflower.",475.00,325.00,0.500
dish_1561578676,cauliflower | roasted potatoes | beef,212.03,224.00,"Plate with steak topped with pesto, sauteed mushrooms, and roasted cauliflower",310.00,305.00,0.200
dish_1561578775,cheese pizza,295.15,111.00,Two slices of pizza,250.00,100.00,1.000
dish_1561578441,caesar salad | roasted potatoes | beef | cheese pizza,387.08,309.00,"A plate containing pizza, Caesar salad, mixed green salad, steak, roasted potatoes and mashed cauliflower.",950.00,680.00,0.600
dish_1561578839,cheese pizza | broccoli,362.15,214.00,"Pizza slice with a side of arugula, broccoli, cherry tomatoes and olives.",440.00,380.00,0.500
dish_1561578865,pasta | broccoli | cheese pizza,417.19,246.00,"A plate with pizza, arugula salad, penne pasta, cherry tomatoes, broccoli and olives.",470.00,400.00,0.600
dish_1561579505,cauliflower,31.50,126.00,A small portion of cooked cauliflower.,30.00,100.00,1.000
dish_1561579576,cauliflower | eggplant,78.00,267.00,Plate of roasted eggplant and mashed potatoes,200.00,350.00,0.333
dish_1561579617,eggplant | cauliflower | roasted potatoes,130.17,304.00,Roasted eggplant with mashed and roasted potatoes,270.00,410.00,0.667
dish_1561579673,cauliflower | roasted potatoes | eggplant | chicken,221.30,360.00,"A plate with eggplant, cauliflower, potato and chicken.",400.00,570.00,1.000
dish_1561579706,eggplant | beef | roasted potatoes | chicken | cauliflower,284.44,390.00,"A plate with different foods, including eggplant, chicken, cauliflower, potato, and a meat patty.",540.00,550.00,0.667
dish_1561579824,beef,185.21,88.00,Small portion of cooked steak.,190.00,75.00,0.000
dish_1561578461,beef | roasted potatoes | cheese pizza | chicken,522.15,392.00,"A plate with pizza, two types of salads, roasted potatoes, cauliflower, and sliced steak.",860.00,650.00,0.333
dish_1561579867,beef | chicken,369.36,217.00,"Plate with olives, lamb and stuffed pita",550.00,235.00,0.000
dish_1561579902,chicken | beef,406.40,247.00,"Plate with a salad, olives, chicken, and beef.",450.00,330.00,0.500
dish_1561578603,roasted potatoes | beef,180.51,96.00,steak with pesto and roasted potatoes,370.00,175.00,0.333
dish_1561580278,caesar salad,23.32,53.00,A Caesar Salad on a white plate.,250.00,200.00,1.000
dish_1561579845,beef | chicken,307.26,163.00,A meal consisting of steak and bread with sauce,350.00,175.00,0.000
dish_1561580322,caesar salad,44.25,76.00,Quinoa salad with spinach and mushrooms.,180.00,205.00,0.000
dish_1561580406,caesar salad | chicken | pasta,203.28,171.00,"Salad with quinoa, pasta, spinach and potato salad.",560.00,380.00,0.167
dish_1561578800,cheese pizza,338.35,146.00,A small meal consisting of pizza with a side arugula salad and olives.,390.00,205.00,0.500
dish_1561580552,cauliflower,22.25,89.00,Small portion of mashed potatoes on a white plate.,89.00,100.00,0.000
dish_1561580608,cauliflower,20.25,81.00,A small serving of mashed potatoes.,89.00,100.00,0.000
dish_1561580628,cauliflower | lettuce,72.43,156.00,A plate with mashed potatoes and a mixed green salad with dressing.,180.00,230.00,0.000
dish_1561580659,beef | millet,754.35,480.00,"A healthy plate consisting of steak, brown rice, mashed cauliflower, and a mixed green salad.",500.00,480.00,0.000
dish_1561654326,granola,59.79,46.00,Small mixed green salad with raspberries,40.00,130.00,0.000
dish_1561654346,brussels sprouts,79.20,84.00,"A light salad with mixed greens, raspberries, and roasted Brussels sprouts.",100.00,210.00,1.000
dish_1561654374,scrambled eggs,326.36,251.00,"A light and healthy breakfast meal with scrambled eggs, roasted brussel sprouts, a mixed green salad and raspberries.",290.00,295.00,0.500
dish_1561654392,bacon | scrambled eggs,494.07,282.00,"Breakfast plate with scrambled eggs, bacon, and a small salad.",370.00,265.00,1.000
dish_1561654707,scrambled eggs,199.80,135.00,"A plate of scrambled eggs, possibly with tomato sauce mixed in.",210.00,150.00,1.000
dish_1561654732,sweet potato | scrambled eggs,242.36,191.00,A plate with scrambled eggs and fried potatoes.,350.00,250.00,1.000
dish_1561654756,scrambled eggs | sweet potato | brussels sprouts,256.98,225.00,A plate of scrambled eggs with roasted potatoes and brussels sprouts.,365.00,305.00,1.000
dish_1561579933,chicken | beef,447.45,306.00,"Plate with steak, grilled halloumi, olives, salad, and sauce.",590.00,380.00,0.000
dish_1561661347,green beans | caesar salad,50.67,132.00,A simple meal consisting of Caesar Salad and Green Beans,195.00,350.00,1.000
dish_1561661377,green beans | chicken | caesar salad,306.33,294.00,"A meal containing breaded chicken, green beans, and caesar salad.",385.00,470.00,1.000
dish_1561661449,white rice | pork,237.08,115.00,Small portion of cooked pork belly,250.00,100.00,0.500
dish_1561661324,caesar salad,33.00,75.00,Caesar salad on a plate,150.00,170.00,1.000
dish_1561580370,pasta | caesar salad,126.80,124.00,"Salad with quinoa, penne pasta, tofu, spinach, and salad dressing.",427.00,290.00,0.200
dish_1561661552,pork | broccoli | white rice,394.73,325.00,"A meal consisting of rice, broccoli, zucchini, and pork stir fry.",525.00,520.00,0.750
dish_1561661806,pork,183.48,89.00,A small portion of pork belly with white rice and green onions.,385.00,185.00,0.333
dish_1561661479,pork | white rice,242.18,166.00,Pork belly with cucumber slices.,290.00,200.00,0.333
dish_1561661972,green beans,12.09,39.00,Small serving of sauteed green beans,20.00,60.00,1.000
dish_1561580431,chicken | beef | caesar salad | pasta,258.00,197.00,"A mixed salad containing greens, quinoa, pasta, pork, and cauliflower salad.",610.00,339.00,0.143
dish_1561662054,pork,419.44,292.00,"Plate of salad, string beans, pork stir fry with rice.",435.00,415.00,0.250
dish_1561662160,lemon juice | onions | apple | millet,41.84,36.00,Small mixed green salad with red bell peppers and a light sesame seed dressing.,90.00,173.00,0.000
dish_1561662190,brown rice,117.32,104.00,A small salad with brown rice and mixed greens.,161.00,165.00,1.000
dish_1561662216,brown rice | pork,300.79,193.00,"Plate with brown rice, pork, and lettuce salad.",420.00,380.00,0.667
dish_1561662358,corn on the cob,96.55,91.00,Two pieces of corn on a white plate,140.00,200.00,1.000
dish_1561662458,corn on the cob,124.82,119.00,A light meal consisting of corn on the cob and a small salad.,200.00,290.00,0.500
dish_1561662501,corn on the cob | tofu,158.40,165.00,"Plate with tofu, corn and salad",380.00,395.00,0.667
dish_1561662532,tofu | corn on the cob,166.46,191.00,"A plate of tofu and vegetables, including corn, zucchini, green beans, cherry tomatoes, and spinach.",270.00,580.00,0.333
dish_1561662562,pork | tofu | corn on the cob,368.49,289.00,"A mixed salad with grilled eggplant, tofu, tomatoes, spinach and corn on the cob.",220.00,340.00,0.333
dish_1561661500,pork | white rice,374.78,268.00,"A plate with rice, pork, and cucumber slices.",417.00,240.00,0.667
dish_1561662842,chicken | brown rice,263.13,172.00,"A plate with tofu, kale, quinoa, carrots, and mushrooms.",290.00,365.00,0.000
dish_1561662869,chicken | corn on the cob,284.35,192.00,"A plate with tofu, quinoa salad, and a slice of corn.",370.00,345.00,0.250
dish_1561662926,corn on the cob | chicken,288.34,213.00,"A meal of fried tofu served with a mixed greens salad, quinoa, corn, kale and carrot.",470.00,405.00,0.167
dish_1561662948,corn on the cob | chicken,293.61,230.00,"A meal consisting of fried tofu, kale, green beans, mixed greens salad, quinoa, corn, and roasted carrot.",481.00,535.00,0.143
dish_1561661850,pizza | pork,648.98,264.00,"Pizza with rice, sausage, and some greens",515.00,250.00,0.200
dish_1561663068,cheese pizza,332.89,168.00,A meal consisting of a slice of pizza and a small spinach salad.,425.00,250.00,0.500
dish_1561663541,brown rice,124.32,112.00,A plate of rice.,260.00,150.00,1.000
dish_1561663580,chicken | brown rice,432.06,307.00,A plate of fried chicken and rice.,500.00,270.00,1.000
dish_1561663606,brown rice | corn on the cob | chicken,474.50,347.00,"A meal consisting of brown rice, chicken, and corn.",534.00,356.00,1.000
dish_1561662022,green beans | millet,159.69,166.00,"A salad with spinach, shredded carrots, green beans, cherry tomatoes, and onion.",90.00,275.00,0.167
dish_1561663817,corn on the cob,95.50,86.00,"Small salad with mixed greens, bell pepper, celery, and a slice of corn on a white plate.",57.00,115.00,0.333
dish_1561663855,corn on the cob | chicken,179.14,139.00,"A plate with a chicken drumstick, a mixed green salad, and a slice of corn on the cob.",262.00,242.00,1.000
dish_1561662814,lemon juice | onions | apple | millet,23.24,20.00,"Small plate with quinoa, kale, carrot and mushrooms",105.00,170.00,0.000
dish_1561663914,chicken | corn on the cob | pork,257.40,205.00,"A plate with pork tenderloin slices, mixed green salad, a chicken drumstick, green beans, and a slice of corn on the cob.",450.00,375.00,0.750
dish_1561663990,chicken,181.49,115.00,A piece of chicken pot pie on a white plate.,250.00,150.00,1.000
dish_1561664013,chicken | pork,280.44,163.00,Pork tenderloin with savory bread pudding.,420.00,180.00,0.333
dish_1561664042,chicken | pork,285.04,209.00,"A plate with tempeh, cucumber slices, and a casserole.",365.00,325.00,0.000
dish_1561664061,chicken | green beans | pork,303.64,269.00,"A plate with sliced cucumbers, tempeh, cooked green beans and chicken breast.",325.00,340.00,0.400
dish_1561663786,corn on the cob,46.68,44.00,A slice of corn on the cob,20.00,25.00,1.000
dish_1561665024,green beans,100.57,121.00,A plate of sea beans and kale salad.,175.00,250.00,0.500
dish_1561665065,chicken,387.80,303.00,Chicken with kale salad and sea beans.,360.00,320.00,0.333
dish_1561665378,corn on the cob,74.27,70.00,Two slices of corn on a white plate.,40.00,50.00,1.000
dish_1561665422,corn on the cob | chicken,571.39,385.00,"Plate with chicken, corn, lettuce, and rice.",545.00,380.00,0.500
dish_1561665452,chicken | corn on the cob,624.85,431.00,Chicken and quinoa salad with squash,345.00,285.00,0.250
dish_1561665626,corn on the cob,51.99,49.00,A single small portion of cooked corn on the cob on a white plate.,75.00,80.00,1.000
dish_1561665671,corn on the cob | pizza,158.39,89.00,A light meal consisting of a pastry slice and a piece of corn on the cob.,295.00,150.00,0.333
dish_1561665706,chickpeas | corn on the cob | pizza,386.35,228.00,"A plate with corn, chickpea salad, and a stuffed squash slice.",537.00,345.00,0.500
dish_1561665747,chickpeas | pizza | corn on the cob,486.30,314.00,"Vegetarian meal consisting of stuffed squash, corn, green beans, and chickpea stew.",510.00,450.00,0.400
dish_1561666619,grapes,35.88,52.00,A small serving of red grapes.,69.00,115.00,1.000
dish_1561666640,cantaloupe | grapes,48.80,90.00,A small plate of cantaloupe chunks and red grapes.,120.00,265.00,1.000
dish_1561666761,cheese pizza,114.34,43.00,A slice of pizza on a white plate.,280.00,100.00,1.000
dish_1561666794,cheese pizza | caesar salad,138.10,97.00,A plate with Caesar salad and a slice of pizza,280.00,220.00,1.000
dish_1561666821,caesar salad | cheese pizza,211.79,170.00,Pizza slice with a Caesar salad and a spinach salad,430.00,325.00,0.667
dish_1561666849,cheese pizza | corn on the cob | caesar salad,347.59,298.00,"A meal consisting of a pizza slice, salad, and corn on the cob.",550.00,500.00,0.667
dish_1561666875,corn on the cob | caesar salad | cheese pizza | chicken,443.86,359.00,"A plate with a slice of pizza, a chicken drumstick, corn, and two types of salad.",700.00,565.00,0.800
dish_1561663035,cheese pizza,263.24,99.00,A single slice of pizza on a white plate.,350.00,150.00,1.000
dish_1561664977,green beans,14.57,47.00,Plate of samphire,22.00,100.00,0.000
dish_1561667207,pork | white rice,249.44,121.00,A plate of chicken stir fry served with a portion of white rice.,355.00,250.00,0.333
dish_1561667238,caesar salad | white rice | pork,268.80,165.00,"Plate with sliced pork, rice, and caesar salad.",510.00,260.00,0.750
dish_1561663891,pork | chicken | corn on the cob,247.17,172.00,"A plate with pork tenderloin, mixed green salad, a chicken drumstick and corn on the cob.",400.00,305.00,1.000
dish_1561736715,scrambled eggs,161.32,109.00,A plate of scrambled eggs.,260.00,200.00,1.000
dish_1561736736,scrambled eggs | bacon,356.08,145.00,A plate of scrambled eggs and bacon,315.00,195.00,1.000
dish_1561737176,sausage,403.18,117.00,Several pieces of sausage on a white plate.,100.00,45.00,1.000
dish_1561737200,egg whites | sausage,478.58,262.00,A plate of scrambled eggs and sausage links.,430.00,195.00,1.000
dish_1561737223,sausage | broccoli | egg whites,503.78,334.00,"A plate with mashed potatoes, sausage, and broccoli.",430.00,335.00,0.500
dish_1561667430,white rice | sugar | pork,342.21,166.00,Char Siu Pork with White Rice,480.00,200.00,0.667
dish_1561737271,sausage | hash browns | pineapple | egg whites,762.38,520.00,"Plate with scrambled eggs, rice, sausage, pineapple, and broccoli.",660.00,460.00,0.500
dish_1561666897,chicken | pork | corn on the cob | cheese pizza,532.51,402.00,"Salad, corn, pizza and chicken",725.00,560.00,0.500
dish_1561737776,bagels | cream cheese,375.30,139.00,Two bagel halves with cream cheese.,500.00,136.00,1.000
dish_1561737839,,210.90,370.00,A bowl of red grapes,180.00,300.00,0.000
dish_1561739160,,34.77,61.00,Small snack of raspberries and blackberries.,40.00,80.00,
dish_1561739188,sweet potato,97.09,143.00,"Small plate of roasted sweet potato, raspberries, and blackberries.",100.00,120.00,1.000
dish_1561739212,egg whites | sweet potato,134.01,214.00,"A plate with mozzarella cheese, sweet potato chunks, raspberries, and blackberries.",300.00,215.00,0.333
dish_1561739238,egg whites | hash browns | sweet potato,274.19,257.00,"A plate of mozzarella, shredded coconut, raspberries, blackberries, and roasted sweet potato.",440.00,255.00,0.200
dish_1561739265,sweet potato | hash browns | broccoli | egg whites,292.04,308.00,"Plate with mozzarella, rice, broccoli, sweet potato, raspberries and blackberries",420.00,430.00,0.333
dish_1561739576,sweet potato,63.84,84.00,Roasted sweet potatoes on a plate.,160.00,150.00,1.000
dish_1561739623,broccoli | sweet potato,156.24,348.00,"Plate with broccoli, roasted sweet potato and a strawberry",165.00,310.00,1.000
dish_1561739649,sweet potato | broccoli,208.23,388.00,"A plate with broccoli, mixed greens, sweet potato, and a strawberry.",200.00,370.00,1.000
dish_1561739719,sweet potato | broccoli,350.16,637.00,"A colorful salad with mixed greens, various berries, broccoli, and sweet potato.",320.00,635.00,1.000
dish_1561739760,broccoli | cantaloupe | sweet potato,452.16,937.00,"Plate of fruits, vegetables and sweet potato",412.00,800.00,0.750
dish_1561739805,broccoli | sweet potato | scrambled eggs | cantaloupe,696.36,1102.00,"Breakfast plate with scrambled eggs, mixed fruit, sweet potato, and mixed greens",455.00,625.00,0.400
dish_1561739930,sweet potato,60.04,79.00,Small portion of roasted sweet potato.,150.00,120.00,1.000
dish_1561739954,sweet potato | scrambled eggs,276.12,225.00,A plate with scrambled eggs and roasted sweet potatoes.,454.00,350.00,1.000
dish_1561739973,broccoli | scrambled eggs | sweet potato,295.37,280.00,Plate of scrambled eggs with roasted sweet potatoes and broccoli.,350.00,380.00,1.000
dish_1561740321,bell peppers | garlic | cucumbers | radishes,52.98,28.00,A small salad of spinach and carrots,24.00,65.00,0.000
dish_1561740353,bell peppers | garlic | cucumbers | radishes,75.42,96.00,A small plate of fresh strawberries and spinach.,60.00,180.00,0.000
dish_1561740385,broccoli,99.37,139.00,"A plate with strawberries, spinach, and broccoli.",87.00,265.00,0.500
dish_1561666923,corn on the cob | cheese pizza | chicken | pork,539.64,425.00,"A plate of varied foods, including salad, corn, chicken, pizza and green beans.",685.00,655.00,0.500
dish_1561737248,sausage | egg whites | hash browns,699.38,394.00,"A plate with scrambled eggs, white rice with soy sauce, broccoli and sausages.",600.00,380.00,0.400
dish_1561741090,cottage cheese | cantaloupe,161.54,221.00,Bowl of rice with melon chunks,155.00,325.00,0.000
dish_1561741139,bacon,108.20,20.00,A plate with two slices of bacon.,138.00,30.00,1.000
dish_1561741174,scrambled eggs | bacon,245.84,113.00,Breakfast of scrambled eggs and bacon,330.00,190.00,1.000
dish_1561746876,salmon | brown rice,149.44,84.00,A piece of cooked salmon on a plate.,200.00,100.00,0.500
dish_1561746912,brown rice | salmon,264.10,210.00,"A plate with salmon, wheat berries and brussels sprouts",410.00,290.00,0.333
dish_1561746970,tatsoi | salmon,303.64,363.00,"Plate with a serving of salmon, couscous, and spinach salad with roasted red peppers.",480.00,350.00,0.333
dish_1561740411,scrambled eggs,333.21,297.00,"A plate with scrambled eggs, red bell pepper, spinach and broccoli",340.00,365.00,0.250
dish_1561748274,tortilla | chicken thighs | cheese,558.51,260.00,A plate of what appears to be chicken and vegetable fritters.,350.00,200.00,0.333
dish_1561748862,brown rice | salmon,154.77,87.00,A single serving of baked salmon.,180.00,100.00,0.500
dish_1561748950,honeydew melons | brown rice | salmon,197.25,205.00,A plate with salmon and cubed honeydew melon.,246.00,220.00,0.667
dish_1561749016,salmon | brown rice | honeydew melons,280.12,272.00,"A light meal consisting of salmon, honeydew melon, and a mixed green salad.",270.00,305.00,0.667
dish_1561749061,salmon | honeydew melons,302.86,360.00,Salmon salad with mixed greens and cucumber,370.00,350.00,0.333
dish_1561749348,brown rice | salmon,165.45,93.00,A small portion of salmon with a few grains of rice and some greens.,302.00,135.00,1.000
dish_1561741063,cottage cheese,132.30,135.00,Bowl of cottage cheese,220.00,220.00,1.000
dish_1561737293,sausage | pineapple | egg whites | hash browns,801.82,636.00,"A meal with cantaloupe, scrambled eggs, rice, pineapple, broccoli, and sausage.",572.00,635.00,0.429
dish_1561747075,tortilla | chicken thighs | cheese,646.59,301.00,A serving of chicken stew on a white plate.,350.00,300.00,0.333
dish_1561749750,broccoli | brown rice | salmon,330.53,315.00,"A plate with salmon, broccoli, cherry tomatoes and red onion.",390.00,420.00,0.400
dish_1561749778,broccoli | salmon | brown rice,334.53,340.00,"A plate of salmon, broccoli, cherry tomatoes, radishes, and red onion.",465.00,510.00,0.333
dish_1561749818,brown rice | salmon | broccoli,340.03,395.00,Healthy plate with salmon and vegetables,338.00,405.00,0.286
dish_1561749857,brown rice | salmon | broccoli | brussels sprouts,366.58,447.00,"A plate of salmon with a side salad including radishes, tomatoes, cucumber, brussel sprouts and onion.",385.00,550.00,0.375
dish_1561749908,brown rice | brussels sprouts | broccoli | salmon,377.26,472.00,A plate of mixed vegetables and salmon.,380.00,575.00,0.375
dish_1561749664,brown rice | salmon,288.20,162.00,Two pieces of salmon with a few grains of rice.,255.00,105.00,1.000
dish_1561751958,brown rice | salmon,381.23,293.00,"Plate of grilled salmon with zucchini, yellow squash, brown rice and arugula.",398.00,370.00,0.500
dish_1561752035,brown rice | salmon,454.94,374.00,"A healthy plate with salmon, grain salad, and mixed vegetables.",485.00,370.00,0.200
dish_1561752449,tortilla | chicken thighs | cheese,287.85,134.00,Potato pancake on a plate,210.00,85.00,0.000
dish_1561752481,tortilla | cheese | chicken thighs,297.98,169.00,Potato pancake with squash,195.00,130.00,0.000
dish_1561749711,salmon | brown rice,300.08,228.00,Salmon and cherry tomato meal,270.00,200.00,0.333
dish_1561752535,tortilla | chicken thighs | caesar salad | cheese,358.00,307.00,"A plate of potato hash, cooked yellow squash, and salad with dressing.",360.00,450.00,0.000
dish_1561752563,cheese | caesar salad | chicken thighs | tortilla,373.51,367.00,"A plate with several dishes: summer squash, roasted sweet potato, kimchi pancake, salad with parmesan cheese and croutons, cucumber and spinach salad.",570.00,700.00,0.125
dish_1561752680,cheese pizza,465.32,175.00,A slice of cheese pizza on a white plate.,320.00,120.00,1.000
dish_1561749392,chicken thighs | cheese | salmon | tortilla,416.78,210.00,"A plate of baked salmon, vegetable stew and a small amount of rice. Garnish is arugula.",422.00,335.00,0.143
dish_1561752996,cheese | salmon | chicken thighs | tortilla,848.66,415.00,A plate with lasagna and baked fish.,550.00,320.00,0.000
dish_1561753021,cheese | caesar salad | chicken thighs | salmon | tortilla,918.18,573.00,"A plate with caesar salad, lasagna and salmon.",700.00,450.00,0.333
dish_1561751897,brown rice | salmon,354.02,199.00,"Two pieces of cooked salmon topped with rice, garnished with arugula.",305.00,190.00,0.667
dish_1561752970,tortilla | chicken thighs | cheese,642.29,299.00,Two potato pancakes on a white plate.,350.00,200.00,0.000
dish_1561753203,brown rice | salmon | squash,265.47,207.00,Baked Salmon with Zucchini,280.00,250.00,0.250
dish_1561752509,tortilla | chicken thighs | cheese,321.48,224.00,"A meal consisting of potato pancakes, roasted butternut squash and sauteed summer squash.",380.00,325.00,0.000
dish_1561753168,brown rice | salmon,245.50,138.00,A small portion of baked salmon on a white plate.,180.00,100.00,0.500
dish_1561753075,salmon | chicken thighs | caesar salad | cheese | tortilla,945.67,668.00,"A plate with a serving of lasagna, a portion of caesar salad, some zucchini, and baked salmon.",810.00,650.00,0.286
dish_1561753400,cheese | salmon | tortilla | chicken thighs,354.68,178.00,Salmon and pulled pork on a white plate.,450.00,200.00,0.200
dish_1561753432,salmon | cheese | chicken thighs | tortilla,380.32,238.00,"Plate of baked salmon, pulled pork, and roasted sweet potatoes.",530.00,280.00,0.167
dish_1561753477,salmon | cheese | chicken thighs | tortilla,432.27,280.00,"A plate with baked salmon, pulled pork with tomato sauce, roasted sweet potato, and mixed greens salad.",560.00,400.00,0.167
dish_1561753589,brown rice | salmon,138.76,78.00,Small piece of salmon with arugula,171.00,77.00,0.333
dish_1561753275,brown rice | pineapple | salmon,330.03,397.00,"A plate with grilled salmon, pineapple, zucchini, cherry tomatoes, and salad mix.",437.00,505.00,0.333
dish_1561753649,brown rice | squash | salmon,164.01,196.00,"A plate with cooked salmon, zucchini and yellow squash.",300.00,350.00,0.500
dish_1562007739,caesar salad,28.60,65.00,Small portion of Caesar salad on a white plate,250.00,200.00,1.000
dish_1562007763,quinoa | caesar salad,290.70,298.00,Chicken breast with Caesar salad on a white plate.,350.00,270.00,0.333
dish_1562007789,caesar salad | quinoa,302.95,322.00,"A plate with chicken breast, Brussels sprouts, and Caesar salad.",390.00,290.00,0.250
dish_1562007817,quinoa | caesar salad | pork,444.12,391.00,"A plate of food containing chicken breast, fried pork, caesar salad, and roasted brussels sprouts.",782.00,450.00,0.400
dish_1562007842,caesar salad | quinoa | pork,492.28,434.00,"A balanced meal with chicken breast, brussel sprouts, seasoned couscous, and a side caesar salad.",525.00,420.00,0.200
dish_1562007866,caesar salad | quinoa | pork,497.86,465.00,"A plate with chicken breast, beef strips, caesar salad, couscous, brussels sprouts, squash, and cherry tomatoes.",745.00,670.00,0.125
dish_1562007904,quinoa | pork | caesar salad,525.46,489.00,"A plate with chicken breast, salad, couscous, beef strips, olives, tomatoes, and brussel sprouts.",640.00,535.00,0.143
dish_1562008394,cucumbers,2.40,24.00,A plate with a few slices of cucumber.,5.00,30.00,1.000
dish_1562008429,pork,94.47,69.00,A small plate of chicken stir fry with cucumber slices.,165.00,200.00,0.000
dish_1562008476,brussels sprouts | pork,120.51,120.00,Plate of cooked brussels sprouts with slices of cucumber and tofu.,125.00,300.00,0.250
dish_1562008517,quinoa | pork | brussels sprouts,401.73,370.00,"A plate with chicken breast, brussels sprouts, and cucumber slices.",385.00,400.00,0.200
dish_1562008549,brussels sprouts | pork | quinoa,417.13,405.00,"A plate with roasted chicken, brussels sprouts, salad, and cucumber.",320.00,280.00,0.200
dish_1562008695,cauliflower,18.00,72.00,Small serving of raw cauliflower,15.00,40.00,1.000
dish_1562008738,arugula | cauliflower,64.07,109.00,"A light lunch with mixed greens, cauliflower, and a few blackberries.",65.00,225.00,0.500
dish_1562008780,cauliflower,180.85,195.00,Salad with mixed greens and cauliflower,90.00,300.00,1.000
dish_1561753238,brown rice | salmon | tatsoi,298.03,333.00,Plate of salmon with yellow squash and salad,390.00,430.00,0.200
dish_1562008842,quinoa | pork | cauliflower,355.76,294.00,"Plate with mixed salad, chicken wings, chicken pieces, broccoli and cauliflower.",320.00,325.00,0.143
dish_1562008936,caesar salad,57.64,131.00,A portion of Caesar salad on a white plate.,250.00,200.00,1.000
dish_1562008979,pork | caesar salad,382.94,290.00,A plate of stir-fried beef and Caesar salad.,530.00,350.00,0.333
dish_1562009006,pork | pizza | caesar salad,470.72,323.00,"A plate with pork stir fry and coleslaw, a caesar salad, and a slice of pizza",750.00,400.00,1.000
dish_1562009098,tofu,70.08,96.00,Small portion of fried rice with tofu and some leafy green vegetables.,175.00,125.00,0.333
dish_1562009120,brussels sprouts | tofu,95.61,146.00,"Plate with brussels sprouts, fried tofu, and rice",215.00,280.00,0.667
dish_1561753371,chicken thighs | cheese | tortilla,221.26,103.00,A small serving of pulled chicken in tomato sauce served with a small amount of lettuce on a white plate.,225.00,170.00,0.250
dish_1562009182,brussels sprouts | tofu | pork,306.23,274.00,"A plate of Brussels sprouts, mixed green salad, rice and tofu.",295.00,550.00,0.500
dish_1561753623,squash | salmon | brown rice,159.31,149.00,A plate with salmon and zucchini.,255.00,270.00,0.200
dish_1562009810,brown rice,119.88,108.00,A serving of brown rice on a white plate.,205.00,120.00,1.000
dish_1562009894,brown rice,244.81,200.00,"A salad with mixed greens, brown rice, feta cheese, and brussels sprouts.",330.00,395.00,0.333
dish_1562009934,quinoa | brown rice,434.91,369.00,"Plate with a mixed green salad, brown rice, and roasted chicken pieces.",530.00,390.00,0.250
dish_1562008813,quinoa | cauliflower,214.59,225.00,"A plate with a mixed green salad, roasted cauliflower, and one chicken wing.",210.00,310.00,0.333
dish_1562010085,brussels sprouts | pork,440.32,264.00,"Plate with brussels sprouts, pork belly, and coleslaw",525.00,300.00,0.667
dish_1562010130,pork | chickpeas,638.19,376.00,"A plate with grilled chicken, brussels sprouts and a kale salad.",380.00,350.00,0.000
dish_1562010266,pork,581.03,284.00,Pulled pork with grain mix and coleslaw,600.00,400.00,0.333
dish_1562010293,pork | caesar salad,633.83,404.00,Plate with rice mixed with vegetables and meat and a Caesar Salad.,600.00,450.00,0.333
dish_1562010315,caesar salad | pork,671.11,477.00,"Plate with rice and cabbage stir fry, roasted brussels sprouts, and Caesar salad.",530.00,450.00,0.250
dish_1562010369,pork,141.17,69.00,Small portion of meatloaf with a small amount of shredded cabbage.,105.00,60.00,0.000
dish_1562010394,pork,188.61,116.00,A plate with a small portion of meatloaf and a side of mixed greens salad.,170.00,175.00,0.000
dish_1562010418,pork | brussels sprouts,209.55,157.00,"Plate with roasted Brussels sprouts, a mixed green salad, and a meatball.",275.00,325.00,0.333
dish_1562010440,pork | brussels sprouts,247.63,191.00,Plate of couscous with mixed greens and brussels sprouts,360.00,322.00,0.500
dish_1562010821,pork,274.15,134.00,A small portion of pork stir fry with sesame seeds.,290.00,160.00,0.500
dish_1562010865,pork,376.24,216.00,"Salad with chicken, blackberries, goji berries, and arugula",182.00,186.00,0.000
dish_1562010891,pineapple | pork,438.74,341.00,"Fruit salad with pineapple, blackberries, goji berries and greens",180.00,385.00,0.333
dish_1562010929,pork | pineapple,457.27,405.00,"Pineapple, blackberry and arugula salad with goji berries.",215.00,335.00,0.250
dish_1562009314,brussels sprouts,99.57,195.00,Plate of roasted Brussels sprouts,160.00,300.00,1.000
dish_1562011765,brussels sprouts | pork,423.92,283.00,Pork Stir Fry with Brussels Sprouts,430.00,350.00,1.000
dish_1562011794,pork | brussels sprouts,514.64,364.00,"A meal with couscous, pork stir-fry, roasted Brussel sprouts and coleslaw.",660.00,505.00,0.667
dish_1562012048,quinoa,278.97,248.00,A serving of cooked chicken breast.,272.00,170.00,0.000
dish_1562009148,tofu | pork | brussels sprouts,226.55,210.00,"A plate of mixed food including brussels sprouts, rice, kale, yellow pepper, and tofu",475.00,660.00,0.400
dish_1562085132,bacon,91.97,17.00,Two slices of bacon,160.00,40.00,1.000
dish_1562085163,scrambled eggs | bacon,279.93,144.00,Plate with scrambled eggs and bacon.,450.00,210.00,1.000
dish_1562010048,pork,407.13,199.00,"A serving of pork stir-fry with cabbage and bean sprouts, possibly containing a sweet or savory sauce.",370.00,270.00,0.333
dish_1562085604,,241.11,423.00,"Bowl of mixed fruit: pineapple, strawberries, and blueberries.",177.00,370.00,0.000
dish_1562085672,bread,122.08,46.00,A slice of bread on a white plate.,75.00,30.00,1.000
dish_1562086037,,68.97,121.00,A mix of raspberries and blackberries.,95.00,140.00,
dish_1562086067,yam,178.18,209.00,"Small meal with raspberries, blackberries, and roasted sweet potato.",136.00,175.00,0.000
dish_1562086116,scrambled eggs | yam,290.66,285.00,"A plate with scrambled eggs, berries, and roasted sweet potatoes.",411.00,405.00,0.333
dish_1562086501,scrambled eggs,195.36,132.00,A plate of scrambled eggs.,195.00,150.00,1.000
dish_1562086564,fruit salad | scrambled eggs,286.81,287.00,A plate of scrambled eggs with mixed fruit and lettuce.,405.00,360.00,0.667
dish_1562012076,quinoa | white rice,525.97,438.00,A plate with chicken and white rice.,477.00,220.00,0.333
dish_1562011727,pork,372.35,182.00,A serving of chicken and lentil stir-fry topped with a small amount of coleslaw.,280.00,200.00,0.000
dish_1562086740,scrambled eggs | bacon,447.89,215.00,Breakfast with scrambled eggs and bacon.,360.00,190.00,1.000
dish_1562094621,green beans,10.54,34.00,A small plate of sea beans.,10.00,40.00,1.000
dish_1562085185,bacon | hash browns | scrambled eggs,550.51,227.00,"Breakfast plate with scrambled eggs, hash browns and bacon",550.00,310.00,1.000
dish_1562094730,chicken thighs,428.19,336.00,"A healthy meal consisting of a mixed green salad, chicken drumstick, chicken thigh, quinoa, and green beans.",540.00,600.00,0.250
dish_1562086702,bacon,178.53,33.00,Plate of bacon,200.00,40.00,1.000
dish_1562086595,fruit salad | scrambled eggs | yogurt,308.60,324.00,"Plate with scrambled eggs, mixed fruit salad, yogurt and lettuce.",425.00,520.00,0.750
dish_1562095283,spinach (raw),229.52,197.00,Spinach and sun-dried tomatoes salad,39.00,40.00,0.500
dish_1562095340,pizza,718.96,381.00,Pizza and salad on a white plate.,450.00,250.00,1.000
dish_1562096343,cucumbers,6.20,62.00,Small serving of sliced cucumber on a white plate,12.00,85.00,1.000
dish_1562096372,chicken thighs | quinoa,346.71,287.00,"A plate with roasted chicken, a dollop of hummus and cucumber slices.",315.00,280.00,0.250
dish_1562096401,chicken thighs | green beans | quinoa,366.86,352.00,"A plate with roasted chicken, green beans, cucumber slices, and a small serving of hummus.",395.00,375.00,0.400
dish_1562096512,beets | artichokes | garlic,30.34,25.00,Plate of kale,35.00,80.00,0.000
dish_1562096542,green beans,38.09,50.00,A simple salad with kale and green beans.,81.00,200.00,0.500
dish_1562096584,quinoa | green beans,94.99,90.00,"A balanced meal with quinoa, green beans and kale salad.",260.00,300.00,0.667
dish_1562096608,fish | quinoa,176.71,163.00,"A plate with baked fish, quinoa, green beans, and kale.",415.00,450.00,0.500
dish_1562096633,chicken thighs | quinoa | fish,288.70,237.00,"A plate with fish, couscous, kale, and green beans.",470.00,450.00,0.200
dish_1562096907,white beans | fish,297.78,266.00,Fish and egg dish with arugula and cannellini beans,375.00,230.00,0.500
dish_1562096933,white beans | fish,312.66,314.00,A plate of fish with a side of samphire,390.00,300.00,0.333
dish_1562096973,white beans | fish,349.00,350.00,"Salad with mackerel, green beans, mixed greens, carrots and cucumber.",264.00,360.00,0.200
dish_1562097001,white beans | pizza | fish,529.88,418.00,"A plate containing a slice of pizza, a piece of fish, and a mixed salad.",560.00,370.00,0.667
dish_1562097624,,77.59,68.00,Small portion of brown rice served on a white plate.,50.00,40.00,0.000
dish_1562097653,beets | onions | lettuce | carrot | arugula,116.17,102.00,A light salad with brown rice,170.00,170.00,0.167
dish_1562097673,white beans | fish,345.66,307.00,"Salad with arugula, cannellini beans, grains, and white fish",370.00,350.00,0.500
dish_1562099053,cheese pizza,98.38,37.00,A small slice of pizza on a white plate.,150.00,50.00,1.000
dish_1562099076,cheese pizza | carrot,110.18,61.00,A light meal of sliced carrots and a slice of pizza.,180.00,135.00,1.000
dish_1562094694,green beans,134.60,142.00,Salad with mixed greens and green beans.,91.00,300.00,1.000
dish_1562099157,cheese pizza | chicken thighs,277.53,207.00,"A plate with mixed greens, carrots, lasagna, green beans, and a chicken drumstick.",455.00,375.00,0.200
dish_1562168365,pineapple,70.00,140.00,A serving of pineapple chunks on a white plate.,82.00,150.00,1.000
dish_1562168399,pineapple,128.71,243.00,"A plate of fresh fruit including pineapple, blueberries, and strawberries.",107.00,200.00,1.000
dish_1562168427,egg whites | pineapple,193.71,368.00,"Breakfast plate with scrambled egg whites, pineapple, blueberries and strawberries",200.00,375.00,1.000
dish_1562168450,pineapple | egg whites | roasted potatoes,282.54,431.00,"Plate of fruit, egg whites, and roasted potatoes.",341.00,605.00,1.000
dish_1562168471,brussels sprouts | roasted potatoes | egg whites | pineapple,312.67,490.00,"A plate with pineapple, roasted potatoes, brussels sprouts, blueberries, strawberries and mozzarella cheese.",426.00,495.00,0.600
dish_1562094877,quinoa | chicken thighs,234.58,155.00,Small portion of roast chicken.,270.00,150.00,0.500
dish_1562168673,honeydew melons,56.35,73.00,A light salad with melon.,35.00,145.00,1.000
dish_1562168696,honeydew melons,95.11,141.00,Fruit salad with leafy greens,50.00,145.00,0.500
dish_1562094931,chicken thighs | white beans | fish,376.75,282.00,A plate containing roast chicken and a chicken vegetable stir fry.,430.00,270.00,0.250
dish_1562169729,brussels sprouts,25.53,50.00,A small serving of Brussels sprouts with one small bean.,76.00,151.00,0.500
dish_1562169762,scrambled eggs | brussels sprouts,262.33,210.00,A plate of scrambled eggs and brussels sprouts.,280.00,250.00,1.000
dish_1562169818,scrambled eggs | granola | brussels sprouts,346.82,275.00,"A plate with scrambled eggs, brussels sprouts, and a small salad.",325.00,330.00,0.667
dish_1562169840,sausage | granola | scrambled eggs,739.66,389.00,"A plate with scrambled eggs, sausage, brussels sprouts, and salad.",560.00,385.00,0.500
dish_1562170163,pineapple,53.50,107.00,A plate of pineapple pieces.,70.00,100.00,1.000
dish_1562170236,watermelon | pineapple,169.36,333.00,"Fruit salad with pineapple, watermelon, strawberries, blueberries, and raspberries",160.00,360.00,1.000
dish_1562170331,watermelon | roasted potatoes | pineapple,263.83,400.00,"Plate of roasted potatoes and various fruits, including pineapple, watermelon, strawberries, blueberries and raspberries",297.00,525.00,1.000
dish_1562170356,turkey bacon | pineapple | roasted potatoes,385.33,432.00,"Breakfast plate with roasted potatoes, bacon, pineapple chunks, strawberries, raspberries, and blueberries.",430.00,480.00,1.000
dish_1562172561,egg whites,150.80,290.00,A plate of cottage cheese.,240.00,225.00,0.000
dish_1562168648,granola,41.59,32.00,A very small side salad of mixed greens served on a plate.,20.00,100.00,0.000
dish_1562172643,egg whites | roasted potatoes | bacon,734.27,457.00,"Breakfast plate with scrambled eggs, bacon, and roasted potatoes",580.00,325.00,1.000
dish_1562173111,chia seeds,792.18,163.00,A bowl of chia seed pudding topped with sliced banana.,240.00,250.00,0.500
dish_1562173175,milk | chia seeds | greek yogurt,165.37,163.00,A bowl of chia seed pudding with banana chunks.,270.00,250.00,0.250
dish_1562173200,pineapple | milk | chia seeds | greek yogurt,213.37,259.00,Bowl of diced pineapple and chia seed pudding.,283.00,280.00,0.500
dish_1562173247,chilaquiles,290.55,149.00,A plate of scrambled eggs with some visible vegetables.,250.00,150.00,0.000
dish_1562173267,chilaquiles | bacon,409.57,171.00,Scrambled eggs and bacon on a white plate.,435.00,250.00,0.333
dish_1562099134,chicken thighs | cheese pizza,271.64,188.00,"Plate with mixed green salad, roasted carrots, chicken drumstick, and flatbread with cheese.",390.00,280.00,0.667
dish_1562173411,bacon | sausage,638.26,159.00,Plate of breakfast with bacon and sausage patties.,520.00,150.00,1.000
dish_1562173742,bacon,81.15,15.00,Bacon on a plate,210.00,30.00,1.000
dish_1562180025,bacon | chicken | flour,798.91,256.00,Plate of fried chicken with bacon and coleslaw,700.00,240.00,0.500
dish_1562180089,flour | chicken | bacon,851.30,437.00,"A plate with fried chicken, bacon and squash",750.00,330.00,0.500
dish_1562180157,bacon | chicken | flour,1009.18,557.00,"Plate of fried chicken, bacon, salad, butternut squash and eggplant.",935.00,520.00,0.333
dish_1562181217,chicken | flour,546.48,199.00,A plate with fried fish and coleslaw.,375.00,200.00,0.000
dish_1562181247,bacon | flour | chicken,660.09,220.00,"Plate with fried chicken, coleslaw, and bacon",560.00,235.00,0.500
dish_1562181285,flour | chicken | bacon,796.92,324.00,"A plate with fried chicken, coleslaw, spinach salad, and bacon.",770.00,365.00,0.400
dish_1562183065,mushroom,16.50,75.00,Plate of raw mushrooms,22.00,100.00,1.000
dish_1562168800,roasted potatoes | honeydew melons,237.52,242.00,"Plate with roasted potatoes, honeydew melon, strawberries, blueberries and lettuce.",220.00,290.00,0.667
dish_1562183125,mushroom | spinach (raw),88.55,131.00,"A light meal with spinach, mushrooms, and arugula.",34.00,155.00,0.667
dish_1562183151,mushroom | green beans,108.39,195.00,Plate of various steamed vegetables,116.00,410.00,0.333
dish_1562183175,roasted potatoes | green beans | mushroom,290.28,324.00,Assortment of vegetables on a plate,283.00,585.00,0.429
dish_1562183201,pizza | roasted potatoes,558.94,425.00,"A plate with pizza, green beans, broccoli, mushrooms, potatoes, and arugula.",501.00,625.00,0.333
dish_1562184604,,211.38,78.00,A serving of roast beef on a plate.,180.00,85.00,0.000
dish_1562184628,bacon,444.01,121.00,Plate with a serving of bacon and steak.,370.00,125.00,1.000
dish_1562184663,bacon | fish,600.54,271.00,"A plate with bacon, steak and wheat berries salad",700.00,250.00,0.333
dish_1562184705,bacon | fish,635.19,376.00,"A plate of bacon, pork tenderloin, broccoli, green beans, and grains with chicken.",715.00,430.00,0.167
dish_1562172600,egg whites | roasted potatoes,263.60,370.00,Plate of scrambled eggs with roasted sweet potato.,350.00,250.00,1.000
dish_1562602627,hash browns | sausage,577.18,171.00,Plate of hash browns and sausage,550.00,250.00,1.000
dish_1562602657,hash browns | sausage,610.37,236.00,"A plate with hash browns, brussel sprouts, and sausage.",490.00,310.00,0.667
dish_1562602687,sausage | hash browns | scrambled eggs,721.37,311.00,"Breakfast plate with hash browns, scrambled eggs, brussels sprouts and sausage.",680.00,360.00,0.750
dish_1562602803,chia seeds | greek yogurt | milk,121.74,120.00,Chia seed pudding with blackberries on a white plate.,180.00,200.00,0.333
dish_1562602832,greek yogurt | chia seeds | milk,144.18,188.00,A plate of chia seed pudding with mixed berries,242.00,285.00,0.333
dish_1562602860,milk | chia seeds | greek yogurt | watermelon,165.18,258.00,A plate of fruit and chia seed pudding.,338.00,410.00,0.500
dish_1562602888,watermelon | egg whites | greek yogurt | chia seeds | milk,209.38,343.00,Fruit and cottage cheese plate with chia seed pudding.,315.00,430.00,0.333
dish_1562173381,sausage,389.40,113.00,Three sausage patties on a plate.,285.00,85.00,1.000
dish_1562602945,greek yogurt | milk | watermelon | sweet potato | egg whites | chia seeds,308.37,492.00,"A light meal of mixed fruits, cottage cheese, chia seed pudding, and tofu.",420.00,490.00,0.250
dish_1562183096,mushroom | arugula,41.19,95.00,Mushrooms and arugula salad,35.00,125.00,1.000
dish_1562603569,bacon | sweet potato,121.68,62.00,Small serving of fried potatoes and bacon on a white plate.,285.00,130.00,1.000
dish_1562602589,sausage,365.28,106.00,Several pieces of sausage on a white plate.,200.00,80.00,1.000
dish_1562603626,sweet potato | bacon | pineapple,201.76,209.00,"A breakfast plate with fruit, bacon and a pancake.",427.00,365.00,0.500
dish_1562603536,bacon,75.74,14.00,A small plate with bacon.,150.00,30.00,1.000
dish_1562603842,hash browns | granola,594.25,237.00,"A plate with hash browns, mixed greens, and a raspberry.",305.00,260.00,0.500
dish_1562603867,hash browns | sausage | granola,1049.12,369.00,"A plate with sausage, hash browns, and a mixed green salad.",580.00,350.00,0.667
dish_1562603895,hash browns | scrambled eggs | granola | sausage,1268.16,517.00,"A breakfast plate consisting of sausage, scrambled eggs, hash browns, and a small mixed green salad.",630.00,380.00,0.750
dish_1562605315,scrambled eggs,217.56,147.00,A plate of scrambled eggs.,270.00,150.00,1.000
dish_1562605352,brussels sprouts | scrambled eggs,242.07,195.00,Plate of scrambled eggs and Brussels sprouts.,270.00,230.00,1.000
dish_1562603813,hash browns,475.96,146.00,A plate of hash browns.,210.00,150.00,1.000
dish_1562605411,watermelon | brussels sprouts | scrambled eggs | sweet potato,336.49,363.00,"A plate with scrambled eggs, roasted potatoes, watermelon, and brussel sprouts.",455.00,500.00,1.000
dish_1562611522,cheese pizza,132.95,50.00,A single slice of pepperoni pizza on a white plate.,180.00,70.00,1.000
dish_1562611580,pepperoni pizza,141.00,50.00,Single slice of pepperoni pizza on a plate,200.00,75.00,1.000
dish_1562602918,chia seeds | milk | greek yogurt | sweet potato | watermelon | egg whites,265.62,417.00,"Breakfast plate with fruit, chia pudding, feta, and roasted sweet potato.",435.00,415.00,0.429
dish_1562603598,bacon | sweet potato,175.26,156.00,"Breakfast with pancakes, bacon, and berries",275.00,205.00,0.333
dish_1562611680,pepperoni pizza | caesar salad,326.89,256.00,"A plate with a variety of food items including Caesar salad, a pepperoni pizza slice, sliced steak, and a chicken salad.",730.00,450.00,0.667
dish_1562611620,pepperoni pizza,199.85,76.00,A plate with a slice of pepperoni pizza and a piece of cooked steak.,370.00,140.00,1.000
dish_1562605384,brussels sprouts | scrambled eggs | sweet potato,306.19,262.00,"A plate with scrambled eggs, roasted potatoes, and brussel sprouts.",450.00,330.00,1.000
dish_1562611649,pepperoni pizza,278.49,146.00,"A plate with pizza, steak, and salad.",390.00,210.00,0.500
dish_1562613010,cod,90.27,128.00,Salad with mixed greens and grilled halloumi cheese.,270.00,230.00,0.000
dish_1562613045,corn | cod,166.11,207.00,"A salad with mixed greens, corn salad, and grilled halloumi cheese.",420.00,305.00,0.333
dish_1562613285,figs | apple | arugula | lemon juice | goat cheese,111.74,84.00,Arugula salad with carrot shreds and raisins,30.00,65.00,0.143
dish_1562613340,apple | arugula | onions | lemon juice | garlic | cilantro | pineapple | white rice | kale | jalapenos | goat cheese | figs,349.39,189.00,Steak with mixed greens and rice.,400.00,250.00,0.083
dish_1562611824,chickpeas,192.57,109.00,A simple mixed green salad with a cherry tomato.,33.00,105.00,0.000
dish_1562613403,squash | jalapenos | lemon juice | cilantro | pineapple | white rice | apple | kale | arugula | broccoli | onions | goat cheese | garlic | figs,398.70,315.00,"A mixed plate of arugula salad, roasted delicata squash, broccoli, and sliced steak.",385.00,400.00,0.214
dish_1562613867,bulgur | shallots | arugula | lemon juice | apple | garlic,83.89,57.00,Plate of arugula,15.00,100.00,0.167
dish_1562613898,broccoli,120.64,162.00,Plate of arugula and broccoli.,90.00,300.00,0.500
dish_1562613918,broccoli | squash,133.66,207.00,"A plate of arugula, broccoli and eggplant.",145.00,350.00,0.250
dish_1562613974,chicken thighs | broccoli,416.20,375.00,"A healthy meal featuring grilled chicken, brown rice, roasted vegetables, broccoli and an arugula salad.",465.00,535.00,0.400
dish_1562614088,broccoli,23.45,67.00,Small serving of broccoli florets on a white plate.,34.00,100.00,1.000
dish_1562611853,broccoli | chickpeas,267.21,243.00,"Simple salad with mixed greens, broccoli and a tomato.",47.00,205.00,0.333
dish_1562614158,broccoli,453.93,301.00,"A plate with beef with rice, broccoli and spinach.",305.00,330.00,0.333
dish_1562614121,broccoli | spinach (raw),123.49,155.00,Simple meal with steamed spinach and broccoli,65.00,200.00,1.000
dish_1562611878,chickpeas | broccoli,286.89,311.00,"Salad with mixed greens, broccoli, butternut squash and a single cherry tomato.",153.00,330.00,0.250
dish_1562614980,chicken thighs | broccoli,566.15,485.00,"A plate with steak, chicken, broccoli and mushrooms",470.00,450.00,0.500
dish_1562613376,garlic | kale | jalapenos | arugula | figs | goat cheese | cilantro | onions | lemon juice | squash | apple | white rice | pineapple,371.96,267.00,"A plate with steak, acorn squash, salad greens, and rice.",395.00,350.00,0.154
dish_1562615103,squash,94.29,110.00,"A light meal with salad, roasted squash and chicken",180.00,230.00,0.500
dish_1562615128,apple | white rice | squash | garlic | goat cheese | pineapple | kale | jalapenos | lemon juice | onions | arugula | cilantro | figs,397.57,244.00,"A plate with beef stir fry, mixed green salad, and roasted butternut squash.",620.00,380.00,0.071
dish_1562614895,broccoli,51.80,148.00,A plate of steamed broccoli.,55.00,170.00,1.000
dish_1562615070,squash,14.47,50.00,A small serving of rice with grilled eggplant,75.00,175.00,0.000
dish_1562614952,broccoli | chicken thighs,548.11,403.00,"Plate with sliced steak, sliced chicken and broccoli.",460.00,350.00,0.667
dish_1562615360,roasted potatoes,331.48,191.00,"A plate with sliced beef steak, purple sweet potato and spinach salad with pecans.",470.00,250.00,0.333
dish_1562615388,roasted potatoes | broccoli,360.18,273.00,"Plate of beef steak, broccoli, purple sweet potato, and spinach salad with nuts.",380.00,360.00,0.500
dish_1562617370,pepperoni pizza,155.10,55.00,A single slice of pepperoni pizza on a white plate.,280.00,100.00,1.000
dish_1562617395,caesar salad | pepperoni pizza,185.90,125.00,A plate with a slice of pizza and a small salad,400.00,220.00,1.000
dish_1562617416,broccoli | pepperoni pizza | caesar salad,200.95,168.00,"Plate with broccoli, pepperoni pizza slice and caesar salad.",470.00,350.00,1.000
dish_1562617446,broccoli | roasted potatoes | caesar salad | pepperoni pizza,291.19,232.00,"A plate with a slice of pizza, some broccoli florets, roasted potatoes and caesar salad.",515.00,340.00,1.000
dish_1562617470,pepperoni pizza | roasted potatoes | chicken thighs | caesar salad,440.87,321.00,"A plate with grilled chicken, broccoli, a slice of pizza, roasted potatoes, and Caesar salad.",770.00,460.00,0.800
dish_1562617492,roasted potatoes | caesar salad | pepperoni pizza | chicken thighs,558.56,373.00,"A meal consisting of chicken breast, broccoli, pepperoni pizza, caesar salad, roasted potatoes, and beef.",850.00,590.00,0.667
dish_1562617703,frozen yogurt,179.63,110.00,"A bowl of chocolate and vanilla swirl ice cream, along with a bread crumb.",255.00,151.00,0.000
dish_1562617939,chickpeas,234.97,133.00,mixed green salad with some chickpeas,80.00,220.00,1.000
dish_1562618000,chicken thighs | chickpeas,685.99,448.00,"A healthy salad with mixed greens, grilled chicken, rice, and broccoli.",390.00,430.00,0.250
dish_1562686492,chicken apple sausage,160.00,100.00,A plate with sausage.,180.00,65.00,1.000
dish_1562686520,chicken apple sausage | scrambled eggs,346.48,226.00,A plate of scrambled eggs and sausage.,350.00,225.00,1.000
dish_1562686548,scrambled eggs | yam | chicken apple sausage,413.49,280.00,Plate of scrambled eggs with sausage and cooked carrots,400.00,275.00,0.500
dish_1562686577,chicken apple sausage | scrambled eggs | yam,556.56,531.00,"A plate with scrambled eggs, fruit mix, sausage, and sweet potato.",530.00,440.00,0.400
dish_1562615283,pineapple | white rice | lemon juice | jalapenos | kale | onions | garlic | cilantro,176.54,78.00,Small portion of beef steak on a white plate.,164.00,75.00,0.000
dish_1562687246,bell peppers,115.42,61.00,Small spinach salad with shredded carrots and cherry tomatoes,30.00,80.00,0.000
dish_1562687274,garlic | bell peppers | cucumbers | radishes,161.02,141.00,"Small salad with spinach, berries, carrots, and tomatoes.",48.00,140.00,0.000
dish_1562687299,honeydew melons,180.82,196.00,Mixed fruit and vegetable salad.,120.00,340.00,0.250
dish_1562687527,chicken apple sausage | honeydew melons,203.22,210.00,Mixed fruit and green salad with one crouton on a white plate.,175.00,355.00,0.000
dish_1562615153,chicken thighs,468.20,286.00,"A plate with chicken, beef, rice, squash, and salad.",635.00,430.00,0.143
dish_1562688382,chicken apple sausage,113.60,71.00,A plate with five meatballs.,150.00,100.00,0.000
dish_1562688482,roasted potatoes | chicken apple sausage | grapes,193.46,169.00,"A plate with a small serving of grapes, sausage, and a potato.",196.00,220.00,1.000
dish_1562688524,chicken apple sausage | grapes | roasted potatoes | watermelon,215.36,242.00,"A plate of red grapes, grilled pineapple, and watermelon.",198.00,355.00,0.400
dish_1562688552,grapes | roasted potatoes | watermelon | chicken apple sausage,235.82,304.00,"Plate of grapes, strawberries, cheese and meatballs.",188.00,288.00,0.167
dish_1562689519,cottage cheese,169.54,173.00,A bowl of cottage cheese.,160.00,226.00,1.000
dish_1562689548,pineapple | cottage cheese,216.54,267.00,A small bowl of cottage cheese with pineapple chunks.,183.00,278.00,1.000
dish_1562689601,broccoli,20.61,37.00,Steamed broccoli,34.00,100.00,1.000
dish_1562689645,bacon | scrambled eggs,302.43,169.00,"A plate with scrambled eggs, bacon and broccoli.",310.00,220.00,0.667
dish_1562690047,onions | lime | lettuce | cucumbers | cherry tomatoes,68.64,68.00,"Small spinach salad with carrots, tomatoes and cucumber",23.00,75.00,0.286
dish_1562690074,bacon,263.40,104.00,A small salad with bacon,225.00,180.00,0.250
dish_1562690112,chicken apple sausage | bacon,428.20,207.00,"A plate with chicken sausage, bacon and a spinach salad with carrots and tomatoes.",390.00,230.00,0.667
dish_1562690144,chicken apple sausage | scrambled eggs | bacon,645.76,354.00,"Breakfast plate with scrambled eggs, sausage, bacon, and a small salad",780.00,420.00,1.000
dish_1562690886,broccoli,20.61,37.00,Small portion of roasted broccoli on a white plate.,30.00,100.00,1.000
dish_1562690917,broccoli,69.06,122.00,"A light meal consisting of broccoli, strawberries, and blueberries.",95.00,220.00,1.000
dish_1562690950,pineapple | broccoli,109.06,202.00,A plate of fruit and steamed broccoli.,157.00,370.00,0.667
dish_1562691000,pineapple | scrambled eggs,326.62,349.00,"Plate of scrambled eggs, broccoli, strawberries, pineapple, and blueberries",385.00,395.00,0.667
dish_1562691032,pineapple | scrambled eggs | roasted potatoes,419.68,415.00,"Breakfast plate with scrambled eggs, potatoes, fruit, and broccoli",505.00,525.00,0.750
dish_1562691064,fried rice | pineapple | scrambled eggs | roasted potatoes,555.30,501.00,"Plate with scrambled eggs, fried rice, potatoes, broccoli, strawberries, pineapple and blueberries",725.00,635.00,0.800
dish_1562691383,yam,86.87,70.00,Small portion of roasted sweet potato on a plate.,110.00,100.00,0.000
dish_1562691409,yam | scrambled eggs,225.99,164.00,A plate of scrambled eggs and roasted sweet potato.,330.00,270.00,0.333
dish_1562686664,,119.13,209.00,A small plate of blueberries and sliced strawberries.,91.00,230.00,
dish_1562691466,broccoli | yam | chicken apple sausage | scrambled eggs,319.87,267.00,"A plate of roasted sweet potato, scrambled eggs, sausage, and broccoli.",480.00,400.00,0.600
dish_1562615324,roasted potatoes,258.32,136.00,A simple meal of beef and purple sweet potato.,297.00,175.00,0.500
dish_1562691566,broccoli | egg whites,100.61,187.00,"Plate of broccoli, cauliflower, and butter.",119.00,285.00,0.250
dish_1562687554,waffles | chicken apple sausage,409.33,281.00,"Plate with waffle, melon, spinach salad, blueberries and strawberries",320.00,375.00,0.250
dish_1562691674,sweet potato | broccoli | egg whites | yam | greek yogurt | chicken apple sausage | milk,376.98,435.00,"A plate with broccoli, sweet potato, sausage, mashed potatoes, and cottage cheese.",540.00,610.00,0.375
dish_1562691441,broccoli | scrambled eggs | yam,263.87,232.00,"A plate with scrambled eggs, roasted sweet potato and broccoli.",355.00,330.00,0.500
dish_1562691737,broccoli | egg whites | yam | chicken apple sausage | sweet potato | watermelon | pineapple,485.68,700.00,"A plate of assorted fruits and vegetables including watermelon, pineapple, broccoli, sweet potato, and chia seed pudding.",423.00,615.00,0.500
dish_1562691538,egg whites,49.92,96.00,"A meal with mashed potatoes, a small pat of butter, roasted broccoli and roasted sweet potato.",286.00,260.00,0.000
dish_1562698132,lentils | squash | fish,128.10,178.00,Plate of roasted chicken and vegetables,265.00,300.00,0.143
dish_1562698209,millet | beef,284.13,135.00,Steak on a white plate.,300.00,150.00,0.000
dish_1562698239,beef | white rice,407.63,230.00,A plate with white rice and sliced pork belly.,655.00,300.00,0.333
dish_1562698276,broccoli | white rice | beef,434.58,307.00,"A plate with white rice, beef steak, and broccoli.",532.00,445.00,1.000
dish_1562699570,brown rice,24.42,22.00,Small portion of brown rice on a plate.,78.00,65.00,1.000
dish_1562699612,brown rice | quinoa,98.39,74.00,Brown rice and quinoa on a white plate.,280.00,200.00,1.000
dish_1562699652,brown rice | quinoa,132.18,103.00,A simple meal of brown rice and spinach.,223.00,150.00,0.333
dish_1562699699,quinoa | beef | brown rice,372.11,217.00,"A meal consisting of beef tips, brown rice, and spinach.",535.00,300.00,0.500
dish_1562700496,cauliflower,31.00,124.00,Small portion of cooked cauliflower,40.00,100.00,1.000
dish_1562700568,fish | cauliflower | lentils,246.86,318.00,"A healthy plate with a mix of grains, greens, tofu, and cauliflower.",460.00,545.00,0.167
dish_1562691613,egg whites | broccoli | yam | sweet potato,213.67,300.00,"A plate with broccoli, cod, and roasted sweet potato.",285.00,420.00,0.400
dish_1562700685,mushroom,24.20,110.00,A plate of sauteed mushrooms with a few scattered seeds.,125.00,205.00,1.000
dish_1562700718,mushroom | beef | millet,329.38,255.00,"A plate with sauteed mushrooms, pork tenderloin, and green pepper.",295.00,390.00,0.250
dish_1562700760,beef | cauliflower | mushroom,370.13,418.00,"A plate with cauliflower, mushrooms and beef.",380.00,450.00,1.000
dish_1562698100,squash,24.02,83.00,Small serving of cut Feijoa fruit.,45.00,100.00,0.000
dish_1562700906,squash | cauliflower,59.64,222.00,"Plate of cooked cauliflower, yellow squash, and zucchini.",77.00,320.00,0.667
dish_1562700931,squash | cauliflower,164.23,312.00,"Salad with arugula, radishes, yellow squash and cauliflower.",110.00,345.00,0.500
dish_1562700957,fish | squash | cauliflower | lentils,286.93,424.00,"A plate of baked fish with a mixed green salad, yellow squash, and cauliflower.",380.00,475.00,0.750
dish_1562701956,cherry tomatoes,6.84,38.00,A few cherry tomatoes on a plate,15.00,85.00,1.000
dish_1562702007,cherry tomatoes | squash,24.78,100.00,A light snack of zucchini bites with a small serving of cherry tomatoes.,65.00,180.00,0.333
dish_1562702044,squash | cherry tomatoes | cauliflower,44.03,177.00,"A light meal consisting of zucchini, cauliflower, and cherry tomatoes.",60.00,180.00,0.500
dish_1562702091,cherry tomatoes | cauliflower | squash,86.53,214.00,"A small side salad with mixed greens, shredded carrots, cherry tomato, cauliflower, and pineapple chunks.",100.00,260.00,0.400
dish_1562691705,yam | egg whites | milk | greek yogurt | sweet potato | watermelon | broccoli | chicken apple sausage,412.68,554.00,"A plate with mashed cauliflower, broccoli, chia seed pudding, roasted sweet potato, watermelon and meatballs.",537.00,775.00,0.273
dish_1562702355,lettuce,68.88,99.00,"Small mixed green salad with olives, feta, and sesame seeds.",130.00,140.00,0.000
dish_1562700885,cauliflower,29.25,117.00,A plate with a small portion of cooked cauliflower.,41.00,100.00,1.000
dish_1562702412,cauliflower | quinoa,183.39,285.00,"A plate with couscous, cauliflower and mixed greens salad with feta cheese.",360.00,460.00,0.333
dish_1562702441,cauliflower | quinoa | watermelon,209.19,371.00,"Plate with couscous, cauliflower, watermelon, mixed greens and feta cheese.",375.00,565.00,0.500
dish_1562700593,cauliflower | fish | lentils | beef,385.77,384.00,"A balanced meal with steak, salad, mixed grain and mashed cauliflower.",555.00,450.00,0.200
dish_1562702813,lettuce,41.05,59.00,"A side salad with mixed greens, olives, and nuts.",90.00,130.00,0.000
dish_1562702132,fish | squash | lentils | cauliflower,245.39,359.00,"Plate with mixed green salad, shredded carrots, cherry tomatoes, cauliflower, pineapple and tuna salad.",280.00,375.00,0.125
dish_1562702892,fish | beef | lentils,457.71,338.00,"Plate of assorted dishes containing fish, stewed meat and green salad",630.00,550.00,0.250
dish_1562703345,pizza,154.28,58.00,A slice of pizza on a white plate.,250.00,100.00,1.000
dish_1562703382,pizza,203.87,145.00,Slice of pizza with a side of raspberries and blackberries,345.00,220.00,1.000
dish_1562702379,lettuce | cauliflower,100.88,227.00,"Salad with cauliflower, mixed greens, olives, feta, and pine nuts",240.00,355.00,0.200
dish_1562703447,beef | pizza,384.43,259.00,A plate with a slice of quiche and a side salad.,400.00,250.00,0.000
dish_1562704528,cheese pizza,148.90,56.00,Single slice of pizza on a plate.,210.00,80.00,1.000
dish_1562704564,cheese pizza | beef,292.02,124.00,A plate with cooked beef and pizza slice.,520.00,220.00,1.000
dish_1562704616,squash | beef | cheese pizza,317.78,213.00,"A plate with a small steak, a slice of cheese pizza, and sauteed zucchini.",530.00,350.00,0.250
dish_1562702853,beef,272.57,169.00,A plate with salad and braised beef,280.00,200.00,0.500
dish_1562704665,cheese pizza | caesar salad | beef,387.84,399.00,"A plate containing steak, cauliflower, pizza, caesar salad, and zucchini.",790.00,585.00,0.400
dish_1562774099,granola,51.99,40.00,A small mixed greens salad.,20.00,100.00,0.000
dish_1562702469,quinoa | cauliflower | beef,541.73,529.00,"Plate of steak with farro, cauliflower, tomato salad, cooked onions, and mixed greens salad.",675.00,625.00,0.167
dish_1562774159,cantaloupe,90.76,129.00,"A light meal with mixed salad, cantaloupe, strawberries, and blueberries.",124.00,320.00,1.000
dish_1562774180,cantaloupe | roasted potatoes,164.08,181.00,"Salad with cantaloupe, strawberries, blueberries, and roasted potatoes.",175.00,395.00,1.000
dish_1562774206,scrambled eggs | roasted potatoes | cantaloupe,298.76,272.00,"A plate with a variety of breakfast and lunch items, including scrambled eggs, mixed fruit, potatoes, and mixed greens.",410.00,500.00,1.000
dish_1562774346,cheese | scrambled eggs,422.65,264.00,A plate of scrambled eggs topped with shredded cheese and ketchup.,360.00,185.00,0.667
dish_1562774475,sausage | roasted potatoes,320.96,128.00,Small plate of sausage and roasted potatoes,250.00,110.00,1.000
dish_1562703408,pizza | beef,311.21,196.00,"A plate with pizza, roast beef and mixed berries",520.00,340.00,1.000
dish_1562774531,sausage | roasted potatoes,379.82,254.00,A plate of mixed fruits and roasted potatoes and sausage.,310.00,350.00,0.667
dish_1562774980,oatmeal,136.68,201.00,A bowl of oatmeal with goji berries.,250.00,210.00,0.500
dish_1562775047,oatmeal,284.88,461.00,Bowl of oatmeal with mixed berries,235.00,450.00,1.000
dish_1562775110,honeydew melons,101.52,282.00,A bowl of watermelon and honeydew melon.,97.00,300.00,0.500
dish_1562775212,oatmeal,92.48,136.00,A bowl of oatmeal.,150.00,250.00,1.000
dish_1562775241,oatmeal,140.36,220.00,Bowl of oatmeal with strawberries and blueberries,195.00,350.00,1.000
dish_1562704640,beef | squash | cheese pizza,333.28,275.00,"Meal with steak, mashed potatoes, pizza slice, and sauteed zucchini",660.00,395.00,0.200
dish_1562775356,scrambled eggs,177.60,120.00,A plate of scrambled eggs.,206.00,160.00,1.000
dish_1562775373,bacon | scrambled eggs,329.08,148.00,A plate of scrambled eggs with bacon.,350.00,210.00,1.000
dish_1562774129,granola,73.08,77.00,"Small salad with mixed greens, strawberries and blueberries.",50.00,190.00,0.000
dish_1562775488,egg whites | sweet potato,91.24,145.00,"A plate with fried tofu cubes and mozzarella cheese, likely a small snack or light meal.",360.00,150.00,0.000
dish_1562775510,egg whites | sweet potato | brussels sprouts,114.22,190.00,"Plate of pan fried tofu cubes, brussels sprouts and mozzarella cheese.",330.00,270.00,0.200
dish_1562775549,egg whites | brussels sprouts | sweet potato | cottage cheese,174.98,252.00,"A plate with tofu cubes, brussels sprouts, egg whites, and cottage cheese.",385.00,430.00,0.600
dish_1562775574,egg whites | brussels sprouts | sweet potato | cottage cheese | pineapple,242.48,387.00,"A plate with pineapple chunks, roasted potatoes, brussel sprouts, mozzarella cheese, and cottage cheese.",405.00,525.00,0.667
dish_1562774504,sausage | roasted potatoes,335.36,176.00,"A small plate with a light meal consisting of sausage, roasted potatoes, and watermelon.",310.00,185.00,0.667
dish_1562776465,sweet potato | brussels sprouts,173.43,212.00,Plate of roasted Brussels sprouts and roasted potatoes.,300.00,320.00,1.000
dish_1562776497,brussels sprouts | sweet potato | scrambled eggs,291.83,292.00,"Plate with brussels sprouts, scrambled eggs and roasted potatoes",425.00,420.00,1.000
dish_1562777000,scrambled eggs,195.36,132.00,A plate of scrambled eggs.,207.00,150.00,1.000
dish_1562777037,brussels sprouts | scrambled eggs,215.27,171.00,A plate with scrambled eggs and brussels sprouts,310.00,235.00,1.000
dish_1562777068,brussels sprouts | scrambled eggs,236.72,236.00,A plate of scrambled eggs with brussel sprouts and strawberries.,291.00,357.00,1.000
dish_1562777099,sweet potato | scrambled eggs | brussels sprouts,303.72,306.00,"Breakfast meal with scrambled eggs, roasted potatoes, strawberries, brussels sprouts and a blueberry.",421.00,451.00,1.000
dish_1562777566,toast,263.00,84.00,Slice of toast with strawberry jam and a side of strawberries,255.00,175.00,0.500
dish_1562783605,,75.60,270.00,Mixed green salad with shredded carrots and red cabbage,70.00,180.00,0.000
dish_1562783691,grilled chicken,421.69,423.00,"A salad with mixed greens, shredded carrots, red onion, red bell pepper, tofu with dressing and purple cabbage.",275.00,390.00,0.000
dish_1562784242,pizza,85.12,32.00,A slice of pizza on a plate.,160.00,60.00,1.000
dish_1562775456,sweet potato,50.16,66.00,Plate with small portion of tofu cubes.,65.00,50.00,0.000
dish_1562784307,pizza | eggplant | corn on the cob,158.52,157.00,"A light meal consisting of pizza, corn, and roasted eggplant.",390.00,300.00,1.000
dish_1562784347,pizza | corn on the cob | eggplant | bulgur,315.99,264.00,"A plate with a slice of pizza, corn, roasted eggplant, and mixed green salad.",440.00,450.00,0.750
dish_1562775275,cantaloupe | oatmeal,173.68,318.00,"A bowl of oatmeal with cantaloupe, blueberries, and strawberries on top.",240.00,480.00,1.000
dish_1562785132,fish | country rice,211.54,192.00,"A serving of fried sweet potatoes topped with creamy sauce and a grain salad, garnished with fresh herbs.",655.00,335.00,0.000
dish_1562785159,caesar salad | country rice | fish,265.66,315.00,A plate with fried tofu and Caesar salad.,600.00,350.00,0.250
dish_1562776428,brussels sprouts,33.70,66.00,A plate of cooked brussels sprouts,74.00,150.00,1.000
dish_1562785328,bulgur,133.92,91.00,A mixed green salad,50.00,150.00,0.000
dish_1562784266,corn on the cob | pizza,131.80,76.00,A light meal consisting of a slice of pizza and a slice of corn on the cob.,250.00,120.00,1.000
dish_1562786103,frozen yogurt,93.08,57.00,Bowl of hummus,350.00,150.00,0.000
dish_1562787745,garlic | bulgur | shallots | lemon juice | arugula | apple,85.36,58.00,"Small salad with cauliflower, arugula, and radish.",31.00,100.00,0.125
dish_1562787783,pilaf,114.01,76.00,Bulgur with mixed green salad and cauliflower.,235.00,220.00,0.000
dish_1562787817,pilaf | pork,348.90,184.00,"Plate with pork loin, couscous, and mixed greens salad.",375.00,285.00,0.500
dish_1562787848,pilaf | pork | corn on the cob,416.80,248.00,"A plate with pork loin, corn on the cob, couscous and a mixed green salad.",720.00,500.00,0.667
dish_1562787956,caesar salad,26.84,61.00,A small salad with romaine lettuce and dressing.,120.00,200.00,0.000
dish_1562787983,caesar salad | cantaloupe,56.76,149.00,A small plate with cantaloupe and a Caesar salad.,160.00,270.00,1.000
dish_1562788010,caesar salad | eggplant | cantaloupe,67.64,182.00,"Salad with cantaloupe, grilled eggplant and romaine lettuce.",213.00,415.00,0.500
dish_1562785369,bulgur | pork,440.58,232.00,"A plate with roasted pork loin, mixed green salad and broccoli.",280.00,335.00,0.333
dish_1562788506,corn on the cob,114.59,108.00,Two pieces of corn on the cob on a white plate.,80.00,85.00,1.000
dish_1562788536,pilaf | corn on the cob,245.13,190.00,"Plate of brown rice, vegetables and corn.",380.00,350.00,0.250
dish_1562788568,pilaf | corn on the cob | fish,289.20,230.00,"A plate of brown rice, vegetables, corn, and fried fish.",480.00,375.00,0.400
dish_1562788601,fish | corn on the cob | pork | pilaf,413.17,287.00,"A plate of grilled chicken breast with brown rice, vegetables, and corn on the cob.",570.00,370.00,0.167
dish_1562784388,corn on the cob | pilaf | pizza | bulgur,465.64,358.00,"A plate with bulgur, a salad, grilled eggplant, a slice of pizza, and corn on the cob.",625.00,505.00,0.600
dish_1562788760,pork | fish,331.32,178.00,Pork loin with lasagna,450.00,270.00,0.333
dish_1562788794,white rice | pork | fish,465.22,281.00,"A plate with sliced pork loin, rice, and casserole.",595.00,335.00,0.500
dish_1562788816,pork | corn on the cob | fish | white rice,506.60,320.00,"Plate of pork loin with rice, corn and spinach casserole.",640.00,445.00,0.600
dish_1562788845,white rice | corn on the cob | fish | pork,529.48,372.00,"A meal consisting of pork loin, white rice, corn, and salad.",605.00,460.00,0.600
dish_1562789207,cheese pizza,146.24,55.00,A single slice of pizza on a white plate.,250.00,100.00,1.000
dish_1562789240,cheese pizza | pork,361.56,154.00,A meal consisting of one slice of pizza and baked chicken breast.,445.00,185.00,0.333
dish_1562785184,caesar salad | country rice | eggplant | fish,290.40,390.00,"A plate with fried tofu in sauce, roasted eggplant, and caesar salad.",700.00,500.00,0.400
dish_1562789301,caesar salad | corn on the cob | cheese pizza | pork,606.91,435.00,"A plate with corn, pizza, grilled chicken, and salad.",860.00,500.00,0.400
dish_1562788032,caesar salad | cantaloupe | pork | eggplant,137.24,214.00,"Plate with chicken breast, cantaloupe, grilled eggplant, and lettuce.",251.00,425.00,0.333
dish_1562790170,arugula,103.69,84.00,A simple arugula salad with tomatoes and feta cheese.,45.00,134.00,0.333
dish_1562790224,walnuts,312.75,116.00,Arugula salad with walnuts and feta.,270.00,150.00,0.333
dish_1562788732,fish,57.29,52.00,Leftover lasagna with some spinach.,210.00,130.00,0.000
dish_1562790295,walnuts | grilled chicken,538.71,268.00,"Salad with eggplant, chicken, arugula and walnuts",330.00,345.00,0.500
dish_1562790321,walnuts | pizza | grilled chicken,767.47,354.00,"Salad with arugula, grilled eggplant, chicken, walnuts and tomato",255.00,270.00,0.333
dish_1562789268,pork | corn on the cob | cheese pizza,569.51,350.00,"A meal consisting of a piece of pizza, corn on the cob, and chicken breast.",630.00,370.00,0.500
dish_1562790824,country rice | fish,437.07,368.00,tofu scramble with a spinach side salad,285.00,295.00,0.000
dish_1562790259,walnuts | grilled chicken,518.59,207.00,"Salad with arugula, tofu, and walnuts",230.00,170.00,0.250
dish_1562859116,scrambled eggs,145.04,98.00,Plate of scrambled eggs,207.00,150.00,1.000
dish_1562789328,tofu | corn on the cob | pork | caesar salad | cheese pizza,656.55,503.00,"A plate with mixed vegetables, corn, a slice of pizza, grilled chicken, and salad.",785.00,690.00,0.286
dish_1562860073,scrambled eggs | bacon,357.81,259.00,"A plate with bacon, scrambled eggs, strawberries and blueberries.",410.00,352.00,1.000
dish_1562860700,pineapple,23.50,47.00,A small portion of pineapple chunks on a white plate.,50.00,100.00,1.000
dish_1562860723,pineapple,87.91,160.00,"Fruit plate with pineapple, strawberries and blueberries.",115.00,300.00,1.000
dish_1562861103,bell peppers,94.61,50.00,Small salad with spinach and shredded carrots,32.00,80.00,0.000
dish_1562790775,bell peppers | cucumbers | garlic | radishes,75.69,40.00,A spinach salad with small amount of carrots.,16.00,91.00,0.000
dish_1562861174,egg whites | bacon,401.80,274.00,"A plate with mashed potatoes, bacon, shredded carrots and spinach.",385.00,270.00,0.200
dish_1562862493,scrambled eggs,198.32,134.00,A plate of scrambled eggs.,206.00,150.00,1.000
dish_1562862550,cream cheese | scrambled eggs | bagels,364.52,257.00,"Breakfast with scrambled eggs, strawberries, and English muffin with cream cheese.",520.00,375.00,0.667
dish_1562860045,scrambled eggs | bacon,280.29,123.00,A plate of scrambled eggs and bacon.,380.00,210.00,1.000
dish_1562871363,white rice | cheese pizza,245.87,140.00,A meal with a slice of pizza and white rice on a plate.,485.00,200.00,1.000
dish_1562871408,cheese pizza | squash | white rice,271.34,228.00,"A plate with a slice of pizza, cooked rice, and sauteed squash.",565.00,375.00,1.000
dish_1562790855,fish | pork | country rice,739.38,507.00,"A plate with sliced pork tenderloin, spinach, and tofu scramble.",550.00,380.00,0.200
dish_1562871488,white rice | mushroom | squash | brussels sprouts | cheese pizza,321.59,393.00,"A plate with pizza, rice, mushrooms, squash, and brussels sprouts.",659.00,730.00,1.000
dish_1562871297,cheese pizza,124.97,47.00,A single slice of pizza on a white plate.,250.00,100.00,1.000
dish_1562871731,bok choy,17.03,131.00,A small bowl of kimchi.,45.00,150.00,0.000
dish_1562872150,mushroom,7.48,34.00,A small serving of mushrooms on a white plate.,11.00,50.00,1.000
dish_1562872182,mushroom | bok choy,41.54,296.00,Stir-fried bok choy with mushrooms and potatoes,76.00,175.00,0.667
dish_1562872223,chicken | bok choy,306.86,468.00,Chicken and vegetables on a plate,480.00,500.00,0.500
dish_1562861125,egg whites,190.81,235.00,Plate of mozzarella with spinach and shredded carrots,312.00,180.00,0.000
dish_1562872396,chicken | bok choy,179.56,186.00,A plate with fried chicken and bok choy,225.00,170.00,1.000
dish_1562872432,chicken,259.08,257.00,"A plate with chicken, couscous, and bok choy.",430.00,370.00,0.500
dish_1562872470,fish | chicken,286.38,282.00,"A plate with couscous, bok choy, chicken and beef",530.00,400.00,0.250
dish_1562872498,chicken,306.26,320.00,"A plate of couscous, green beans, bok choy, baked chicken, pork meat, and cherry tomato.",575.00,510.00,0.200
dish_1562872662,corn | fish,133.22,122.00,A piece of salmon topped with grains and garnished with microgreens.,355.00,160.00,0.000
dish_1562872365,bok choy,9.88,76.00,Small serving of bok choy on a white plate.,18.00,85.00,1.000
dish_1562871448,white rice | squash | cheese pizza | brussels sprouts,295.85,276.00,"A meal consisting of a slice of pizza, white rice, brussel sprouts, and squash.",595.00,500.00,1.000
dish_1562872945,corn | fish,258.60,234.00,A plate with potato salad and baked fish.,450.00,350.00,0.333
dish_1562872981,corn | fish,268.32,288.00,"A plate with cherry tomatoes, pasta salad, and fish with sauce.",630.00,500.00,0.250
dish_1562873002,fish | corn,278.26,307.00,"A plate with baked salmon, potato salad, cherry tomatoes and green beans.",611.00,550.00,0.000
dish_1562873028,fish | corn,280.34,320.00,"A plate with cherry tomatoes, green beans, cucumber salad, potato salad, and tofu with vegetables.",530.00,680.00,0.000
dish_1562873155,green beans,41.34,79.00,A plate of cooked green beans.,31.00,100.00,1.000
dish_1562873187,green beans | bok choy,64.22,255.00,Dish with bok choy and green beans,50.00,220.00,1.000
dish_1562872746,fish | corn | arugula,242.36,203.00,A mixed greens salad with a portion of grains and vegetables mix and mandarin orange segment.,340.00,330.00,0.000
dish_1562873264,fish | country rice,503.60,595.00,"Plate with fried fish in sauce, brown rice, bok choy, and a green bean.",645.00,465.00,0.500
dish_1562871537,white rice | grilled chicken | cheese pizza,685.77,554.00,"Plate with grilled chicken, brussel sprouts, squash, rice, pizza and mushrooms.",930.00,695.00,0.500
dish_1562872914,fish | corn,135.40,124.00,A plate with egg rolls and a plate with tomatoes and pickles,400.00,450.00,0.000
dish_1562873544,fish | cheese pizza | caesar salad,193.61,201.00,"A plate with a salad, slice of pizza, and piece of fish.",610.00,370.00,0.667
dish_1562873224,fish | corn | green beans | bok choy,261.86,436.00,"Plate with fried fish, bok choy, long beans and a sauce.",435.00,330.00,0.750
dish_1562873416,caesar salad,52.36,119.00,Small salad with mixed greens and cherry tomatoes.,65.00,230.00,0.000
dish_1562873495,caesar salad | cheese pizza,140.11,152.00,A light meal consisting of a small mixed salad and a single slice of pizza.,280.00,225.00,0.500
dish_1562874049,cheese pizza,412.14,155.00,Pizza cut into quarters on a white plate.,450.00,150.00,1.000
dish_1562874203,sour cream | corn | fish,362.52,332.00,Buckwheat dish with tofu and arugula,535.00,455.00,0.167
dish_1562874250,fish | corn | sour cream,394.44,393.00,A plate of tofu with corn and grain salad and green beans.,550.00,450.00,0.200
dish_1562874282,corn | caesar salad | sour cream | fish,427.88,469.00,"A plate with Tofu, wheat berries salad, green beans and a side of lettuce salad",520.00,590.00,0.000
dish_1562875159,pizza,260.68,98.00,A single slice of pizza on a white plate.,280.00,100.00,1.000
dish_1562873790,lettuce | lime | onions | cucumbers | cherry tomatoes,75.71,75.00,A plate with a small mixed green salad.,20.00,100.00,0.000
dish_1562875241,chicken | pizza,479.69,275.00,"A meal consisting of fried chicken, caesar salad, and a slice of pizza.",800.00,370.00,0.667
dish_1562875273,pizza | chicken,495.91,306.00,"A plate with baked chicken, green beans, caesar salad and pizza",800.00,590.00,0.400
dish_1562873814,green beans,106.58,134.00,Plate with lettuce salad and green beans,58.00,200.00,0.500
dish_1562875833,corn | fish,156.15,143.00,A plate with a piece of baked salmon and vegetables,250.00,150.00,0.000
dish_1562875870,fish | corn,256.95,233.00,A plate of baked salmon with couscous and a single tomato.,405.00,260.00,0.000
dish_1562875898,bok choy | corn | fish,271.12,342.00,"Plate of couscous, fish, bok choy, and a single tomato",435.00,360.00,0.500
dish_1562875940,country rice | fish,386.67,418.00,"A plate with brown rice, couscous, cooked vegetables, tomato, and bok choy.",510.00,540.00,0.200
dish_1562876494,chicken,40.11,26.00,"A small plate of mixed cooked tofu, vegetables and a grain-based dish.",120.00,95.00,0.000
dish_1562875211,pizza | caesar salad,282.24,147.00,A meal consisting of a slice of chicken pizza and a small Caesar salad.,500.00,250.00,1.000
dish_1562873838,chicken,427.44,342.00,"A meal consisting of baked chicken breast, green beans and mixed green salad.",390.00,340.00,0.500
dish_1562876645,chicken | cheese pizza,220.77,112.00,A plate with a fried chicken drumstick and a slice of pizza.,450.00,200.00,1.000
dish_1562876674,cheese pizza | chicken | country rice,289.19,157.00,"A meal consisting of a chicken drumstick, rice with vegetables and a pizza slice.",600.00,300.00,1.000
dish_1562876709,chicken | cheese pizza | country rice,304.37,186.00,"A meal consisting of a fried chicken drumstick, brown rice, green beans and a slice of pizza.",630.00,370.00,0.750
dish_1562876732,cheese pizza | caesar salad | country rice | chicken,350.57,291.00,"A balanced plate with fried chicken, rice, green beans, salad, and a slice of pizza.",810.00,550.00,0.800
dish_1562876756,cheese pizza | caesar salad | chicken | country rice,354.60,322.00,"A plate with various food items including rice, fried chicken, green beans, salad, squash, and pizza.",870.00,660.00,0.429
dish_1562945131,broccoli,37.32,67.00,Broccoli florets on a plate,30.00,100.00,1.000
dish_1562945186,broccoli | greek yogurt | chia seeds | milk,191.53,219.00,"A light meal with fruit salad, oatmeal, banana, and broccoli.",360.00,500.00,0.143
dish_1562876618,cheese pizza,114.34,43.00,A single slice of pizza on a white plate.,220.00,80.00,1.000
dish_1562945393,chia seeds | broccoli | greek yogurt | egg whites | sweet potato | milk,319.39,401.00,"A plate with cottage cheese, ground meat, banana slices, roasted potatoes, and broccoli.",480.00,500.00,0.250
dish_1562876531,chicken | caesar salad,66.07,85.00,A small Caesar salad on a white plate.,150.00,150.00,0.500
dish_1562945499,broccoli | greek yogurt | sweet potato | grapes | chia seeds | milk | egg whites,454.51,625.00,A plate of oatmeal and cottage cheese topped with various fruits and cooked broccoli.,365.00,650.00,0.200
dish_1562945779,granola,37.70,29.00,Simple salad of mixed green leaves.,25.00,100.00,0.000
dish_1562945803,honeydew melons,50.30,64.00,Small salad with pineapple.,70.00,180.00,0.000
dish_1562945823,honeydew melons | cantaloupe,62.20,99.00,"A simple salad with mixed greens, cantaloupe and honeydew melon.",88.00,275.00,1.000
dish_1562945851,cantaloupe | honeydew melons,91.27,150.00,Fruit salad with mixed greens,105.00,305.00,0.667
dish_1562945879,succotash | cantaloupe | honeydew melons,174.43,234.00,"Plate of mixed fruit, salad, and corn/bean salad.",271.00,570.00,0.400
dish_1562875320,chicken | country rice | pizza,603.86,377.00,"A plate with chicken, pizza, rice, salad, mushrooms, and green beans.",900.00,705.00,0.429
dish_1562946006,sausage | scrambled eggs,535.98,224.00,A plate with scrambled eggs and sliced sausage,492.00,230.00,1.000
dish_1562945332,chia seeds | broccoli | greek yogurt | egg whites | milk,246.65,325.00,"A plate with scrambled eggs, broccoli, and oatmeal with banana slices.",320.00,335.00,0.333
dish_1562946106,sausage | scrambled eggs,578.96,359.00,"Breakfast with scrambled eggs, sausage, watermelon, and cantaloupe.",520.00,525.00,0.500
dish_1562947020,scrambled eggs | cheese,533.12,333.00,Scrambled eggs with cheddar cheese,360.00,200.00,0.500
dish_1562947376,pineapple,36.50,73.00,A small serving of fresh pineapple chunks on a white plate.,50.00,80.00,1.000
dish_1562947409,pineapple,103.19,190.00,"Fruit plate with pineapple, strawberries, and blueberries.",110.00,280.00,1.000
dish_1562947436,sausage | pineapple,282.38,242.00,"A plate of sliced sausage, pineapple, strawberries, and blueberries.",255.00,330.00,1.000
dish_1562947469,roasted potatoes | pineapple | sausage,392.36,320.00,"Breakfast plate with sausage, pineapple, strawberries and blueberries.",205.00,290.00,0.667
dish_1562947503,sausage | roasted potatoes | egg whites | pineapple,438.12,408.00,"A plate of meatballs with fresh fruits such as pineapple, strawberries, and blueberries with mozzarella cheese.",352.00,375.00,0.167
dish_1562945445,sweet potato | broccoli | greek yogurt | egg whites | milk | chia seeds | grapes,362.17,463.00,"A plate with cottage cheese, ground beef, grapes, roasted potatoes, broccoli and mixed berries on a smaller side plate.",524.00,645.00,0.333
dish_1562946075,sausage | scrambled eggs,557.88,297.00,"Breakfast plate with scrambled eggs, watermelon, and sausage.",515.00,380.00,0.667
dish_1562947885,grapes,215.97,313.00,Bowl of mixed red and green grapes,100.00,150.00,1.000
dish_1562949162,bacon,64.92,12.00,Three slices of bacon on a white plate.,140.00,28.00,1.000
dish_1562949205,cantaloupe | bacon,80.22,57.00,Breakfast with bacon and cantaloupe.,164.00,125.00,1.000
dish_1562949467,bok choy,24.66,72.00,Small serving of cooked turnip greens,10.00,30.00,0.000
dish_1562949494,bok choy,68.55,149.00,Plate of mixed berries and sliced cucumber.,50.00,120.00,0.000
dish_1562949541,turkey bacon | scrambled eggs,494.23,374.00,"Breakfast plate with scrambled eggs, sausage, berries and bok choy",655.00,425.00,0.250
dish_1562950018,roasted potatoes,200.22,142.00,Small serving of roasted potatoes on a white plate.,150.00,170.00,1.000
dish_1562950057,scrambled eggs | roasted potatoes,320.10,223.00,Scrambled eggs and roasted potatoes on a white plate.,450.00,325.00,1.000
dish_1562950091,roasted potatoes | scrambled eggs | sausage,550.98,290.00,"A plate of scrambled eggs, roasted potatoes, and sausage.",450.00,300.00,1.000
dish_1562950895,sweet potato,137.82,144.00,Small portion of roasted potatoes.,150.00,100.00,1.000
dish_1562950934,sweet potato | egg whites,304.22,464.00,A plate of scrambled eggs and diced potatoes.,350.00,250.00,1.000
dish_1562956486,tofu,103.66,142.00,"Tofu, cherry tomato and mushroom stir fry",120.00,300.00,0.333
dish_1562956510,pork | tofu,221.17,199.00,Plate of pork and tofu stir fry with mushrooms and cherry tomatoes.,480.00,500.00,0.500
dish_1562958445,,24.15,21.00,A small serving of dates on a plate.,140.00,50.00,0.000
dish_1562949242,bacon | cantaloupe | sweet potato,139.56,119.00,"A light breakfast of cantaloupe, roasted potatoes, and bacon.",284.00,345.00,1.000
dish_1562945900,honeydew melons | succotash | roasted potatoes,240.70,281.00,"Colorful salad with mixed fruit, vegetables, and black bean salsa.",255.00,455.00,0.333
dish_1562947598,cantaloupe,87.72,258.00,A bowl of cubed cantaloupe.,170.00,500.00,1.000
dish_1562958603,chicken salad | chickpeas,171.84,93.00,"A small plate of chicken salad, chickpeas, and olives.",330.00,175.00,0.667
dish_1562958629,chicken salad | chickpeas | artichokes,208.97,172.00,"A plate with artichoke hearts, chickpeas, olives, and chicken salad.",420.00,390.00,0.750
dish_1562958721,carrot | cabbage | rice noodles,125.72,167.00,Mixed salad with various vegetables.,75.00,150.00,0.333
dish_1562958775,rice noodles,227.18,251.00,"Plate with coleslaw, beet greens, and sliced radishes.",180.00,270.00,0.000
dish_1562958998,quinoa | fish,109.09,104.00,Breaded chicken cutlet with tomato sauce and arugula.,382.00,200.00,0.000
dish_1562959024,quinoa | pizza | fish,319.23,183.00,"Remaining food on a plate, including fried ravioli and pizza.",430.00,140.00,0.250
dish_1562959059,pizza | fish | roasted potatoes,365.76,216.00,"A plate with breaded chicken, pizza slices and potatoes.",670.00,350.00,0.500
dish_1562959103,parsnips | roasted potatoes | pizza | fish,395.01,255.00,"A plate with a breaded cutlet, roasted potatoes, and pizza slices.",570.00,330.00,0.400
dish_1562959129,fish | pizza | parsnips | roasted potatoes,412.87,293.00,"A plate with breaded cutlet, artichoke hearts, pizza slices, and potatoes.",830.00,450.00,0.333
dish_1562959190,fish | roasted potatoes | pizza | parsnips,518.80,378.00,"A plate with a variety of items including breaded chicken, salad, pizza, potatoes and artichoke hearts.",790.00,500.00,0.286
dish_1562959295,radishes,3.04,19.00,Sliced radishes on a plate,3.00,25.00,1.000
dish_1562959344,radishes | cucumbers,5.54,44.00,Radish and cucumber slices,6.00,60.00,0.333
dish_1562959379,radishes | arugula,57.07,85.00,"Small salad with arugula, cucumber, radishes, lime, and feta cheese.",59.00,170.00,0.400
dish_1562959517,spinach (raw) | arugula | chard | cherry tomatoes | pumpkin seeds | carrot | lettuce | figs | cucumbers,91.14,74.00,A small portion of salad mix.,25.00,100.00,0.000
dish_1562959547,fish,165.62,145.00,A plate containing chicken and vegetable stir fry with arugula salad. It appears to be mostly eaten.,190.00,180.00,0.000
dish_1562959570,fish | pork,311.99,216.00,"A plate with roasted potatoes, green salad, and breaded chicken pieces. ",300.00,330.00,0.000
dish_1562959599,roasted potatoes | pork | fish,403.64,281.00,"A plate with roasted potatoes, fish, meat and salad.",400.00,430.00,0.667
dish_1562959485,arugula,45.24,36.00,"Remnants of a salad, likely arugula based.",15.00,50.00,1.000
dish_1562959732,pork | parsnips | sugar | white rice,374.66,232.00,Pork stir fry with daikon radish,280.00,250.00,0.200
dish_1562959766,sugar | rice noodles | pork | parsnips,431.13,307.00,Asian-inspired noodle salad with pork and tofu.,600.00,380.00,0.400
dish_1562959799,pork | parsnips | rice noodles | sugar,498.77,363.00,A plate of stir-fried noodles and tofu with potatoes and salad.,320.00,300.00,0.167
dish_1562960437,roasted potatoes,97.29,69.00,Three small roasted potatoes.,180.00,90.00,1.000
dish_1562960472,roasted potatoes | caesar salad,139.97,166.00,A small portion of Caesar salad on a white plate.,150.00,200.00,0.500
dish_1562960520,pork | caesar salad | roasted potatoes,422.40,303.00,Salad with chicken and grains,415.00,220.00,0.000
dish_1562961588,pizza,178.22,67.00,Leftover pizza and rice on a plate.,300.00,110.00,0.500
dish_1562961609,pizza | pork,423.54,186.00,A meal with pizza and tofu stir-fry on a white plate.,650.00,320.00,0.333
dish_1562961650,pork | pizza | fish,555.71,312.00,"A plate with a slice of pizza, stir-fried tofu and pork stir-fry with rice and vegetables.",960.00,530.00,0.500
dish_1562963006,quinoa | fish,259.10,247.00,Plate of chicken stir-fry with a small garnish of greens.,355.00,210.00,0.000
dish_1562963033,quinoa | fish | roasted potatoes,356.39,316.00,"A plate with roasted chicken, potatoes, and some lettuce.",455.00,270.00,0.200
dish_1562963059,fish | quinoa | roasted potatoes,369.53,389.00,Fish with tomato sauce and potatoes with cherry tomatoes,530.00,500.00,0.500
dish_1562958563,chicken salad,130.84,68.00,A small plate with chicken salad and a few olives,225.00,105.00,0.500
dish_1562963109,fish | quinoa | roasted potatoes,381.53,488.00,"A plate with fish in sauce, cherry tomatoes, cucumber slices, boiled potatoes, and radish slices.",505.00,600.00,0.333
dish_1562959700,pork | white rice | sugar,315.41,153.00,Small portion of pork stir fry with rice.,250.00,150.00,0.333
dish_1562963246,cheese pizza,324.40,122.00,Two slices of pizza on a white plate,320.00,130.00,1.000
dish_1562963289,caesar salad | cheese pizza,349.92,180.00,A meal consisting of pizza and salad.,450.00,250.00,0.500
dish_1562963325,sugar | pork | cheese pizza,760.16,379.00,"A plate with rice and chicken, salad, and pizza.",630.00,370.00,0.250
dish_1562963484,arugula,100.54,80.00,"Arugula salad with cucumber, feta cheese, and cherry tomatoes",50.00,105.00,0.250
dish_1562963517,fish | quinoa,552.65,511.00,A couscous salad with chicken and arugula,480.00,400.00,0.000
dish_1562963583,pizza,138.32,52.00,Slice of pizza on a white plate.,280.00,100.00,1.000
dish_1562958809,rice noodles | pork,511.67,389.00,Plate of pork stir-fry with brown rice and a side salad,505.00,420.00,1.000
dish_1562963612,pizza | caesar salad,184.08,156.00,Pizza and Caesar Salad,430.00,220.00,1.000
dish_1562963676,roasted potatoes | caesar salad | pizza | rice noodles,397.82,350.00,"A plate with spaghetti, pizza, roasted potatoes and salad.",810.00,520.00,0.400
dish_1562963704,roasted potatoes | caesar salad | pork | rice noodles | pizza,663.76,479.00,"Plate of various foods: pasta, potatoes, pizza, salad, and mixed vegetables with tofu",990.00,710.00,0.286
dish_1563205877,chicken apple sausage,56.00,35.00,Small breakfast of sausage patties,150.00,60.00,1.000
dish_1563205903,chicken apple sausage | egg whites,101.24,122.00,A breakfast meal of scrambled eggs and sausage.,270.00,160.00,1.000
dish_1563205927,egg whites | yam | sweet potato | chicken apple sausage,160.27,181.00,"A plate with scrambled eggs, roasted sweet potatoes, and sliced sausage.",352.00,230.00,0.750
dish_1562963084,quinoa | roasted potatoes | fish,375.13,424.00,"A plate with fried fish, cherry tomatoes, roasted potatoes and sliced radishes.",365.00,345.00,0.400
dish_1563205982,egg whites | yam | chicken apple sausage | sweet potato | pineapple,316.24,469.00,"Breakfast plate with cottage cheese, sausage, and mixed berries and pineapple.",320.00,440.00,0.333
dish_1562963153,fish | quinoa | roasted potatoes,386.48,521.00,"Plate with chicken, roasted potatoes, and salad.",510.00,500.00,0.125
dish_1563206562,yam | sweet potato,98.21,68.00,Plate of roasted sweet potatoes with a dollop of sour cream.,130.00,105.00,0.333
dish_1563206582,yam | egg whites | sweet potato,229.25,320.00,A plate with mashed potatoes and roasted sweet potatoes.,420.00,450.00,0.333
dish_1563206601,sweet potato | turkey bacon | egg whites | yam,293.80,337.00,"Breakfast with scrambled eggs, bacon, and sweet potatoes.",470.00,290.00,0.750
dish_1563207277,yam | sweet potato,153.09,106.00,Small plate of roasted sweet potatoes.,150.00,150.00,0.500
dish_1563207301,yam | egg whites | sweet potato,187.93,173.00,A small plate of roasted sweet potatoes and mashed potatoes,300.00,300.00,0.333
dish_1562963648,caesar salad | pizza | rice noodles,252.59,247.00,"A plate containing spaghetti, a slice of pizza, and Caesar salad.",710.00,370.00,0.500
dish_1563207364,scrambled eggs | yam | grapes | egg whites | sweet potato,309.27,271.00,"Breakfast plate with fruit, roasted sweet potato, scrambled egg, and cottage cheese",325.00,425.00,0.500
dish_1563207389,pineapple | sweet potato | scrambled eggs | egg whites | grapes | yam,337.27,327.00,"Breakfast plate with fruits, eggs, cottage cheese, and sweet potatoes",345.00,375.00,0.667
dish_1563207406,scrambled eggs | pineapple | egg whites | yam | watermelon | sweet potato | grapes,372.07,443.00,"Plate of mixed fruits, eggs, cottage cheese, and roasted sweet potatoes",495.00,600.00,0.714
dish_1563208094,yam | sweet potato,160.31,111.00,Diced and roasted sweet potato on a white plate.,150.00,150.00,0.500
dish_1563205953,yam | sweet potato | egg whites | pineapple | chicken apple sausage,218.77,298.00,"A plate with scrambled eggs, sliced sausage and pineapple chunks.",328.00,286.00,0.600
dish_1563208412,chicken apple sausage,62.40,39.00,A small serving of meatballs on a white plate.,150.00,85.00,0.000
dish_1563208439,chicken apple sausage,92.61,96.00,A small plate with mini corn muffins and raspberries.,165.00,130.00,0.000
dish_1563208459,yam | sweet potato | chicken apple sausage,186.49,161.00,"A plate with breakfast items, including sausage, sweet potato cubes and raspberries.",250.00,204.00,0.667
dish_1563216381,broccoli,34.65,99.00,Small serving of steamed broccoli florets on a white plate.,30.00,85.00,1.000
dish_1563216412,white rice | broccoli,172.45,205.00,A serving of white rice with steamed broccoli.,241.00,180.00,1.000
dish_1563216440,chicken breast | white rice | broccoli,403.79,352.00,"A meal consisting of breaded chicken cutlet, white rice, broccoli and lettuce.",660.00,520.00,0.750
dish_1563216625,chicken breast,171.54,109.00,Breaded chicken tenders,350.00,150.00,1.000
dish_1563206409,scrambled eggs | cheese,443.46,277.00,Plate of scrambled eggs topped with shredded cheddar cheese.,454.00,228.00,1.000
dish_1563216689,squash | broccoli | chicken breast,235.21,302.00,"A plate with breaded chicken breast, broccoli and roasted zucchini.",295.00,325.00,0.500
dish_1563216717,squash | chicken breast | broccoli,246.01,332.00,"Plate of breaded chicken, broccoli, apple and acorn squash",390.00,480.00,0.750
dish_1563207332,scrambled eggs | yam | egg whites | sweet potato,288.57,241.00,"Plate with roasted sweet potatoes, scrambled eggs, and feta cheese.",315.00,250.00,0.500
dish_1563217774,mangos | arugula | broccoli | tomatoes,96.14,265.00,"Salad with romaine lettuce, cucumber, cherry tomatoes, broccoli, and corn.",80.00,270.00,0.286
dish_1563217804,white rice | pork,492.93,459.00,"A plate of mixed salad, grilled chicken, and rice.",325.00,400.00,0.333
dish_1563217895,arugula,26.80,73.00,"Small salad with mixed greens, peach, and apple",100.00,225.00,0.000
dish_1563217939,white rice | pork,227.24,171.00,"A meal consisting of pork stir fry, rice, and a mixed green salad with peach slices and cucumber.",405.00,355.00,0.500
dish_1563217736,broccoli,23.45,67.00,A small portion of broccoli on a plate.,31.00,100.00,1.000
dish_1563217993,pork | squash | broccoli,279.71,337.00,"A plate with stir-fried meat and rice, butternut squash, broccoli, salad greens, and apple slices.",460.00,625.00,0.400
dish_1563218031,broccoli | pork | chicken breast,419.77,426.00,"A plate with a mixed variety of foods including cooked chicken, rice, broccoli, squash, zucchini, apple slices and lettuce.",390.00,450.00,0.250
dish_1563218201,grilled chicken,352.87,156.00,"A bowl of diced, cooked chicken breast.",170.00,100.00,1.000
dish_1563218408,pepperoni pizza,245.34,87.00,Two slices of pepperoni pizza,320.00,120.00,1.000
dish_1563218959,white rice | pork,267.94,131.00,"A plate with pulled pork, rice and zucchini.",395.00,250.00,0.667
dish_1563218987,pepperoni pizza | pork,383.56,172.00,"A meal consisting of a slice of pepperoni pizza, rice with pork, and sliced zucchini.",735.00,370.00,0.667
dish_1563219009,pepperoni pizza | pork,388.36,202.00,"A meal consisting of pizza, pork with rice and pickled vegetables.",615.00,325.00,0.667
dish_1563219035,pepperoni pizza | pork,410.21,221.00,"A plate with pizza, olives, mixed cooked vegetables, rice, and meat.",770.00,380.00,0.250
dish_1563208129,yam | sweet potato | scrambled eggs,426.71,291.00,A plate of scrambled eggs with roasted sweet potatoes and potatoes.,480.00,360.00,0.667
dish_1563220058,pepperoni pizza,146.64,52.00,A slice of pepperoni pizza on a white plate.,210.00,75.00,1.000
dish_1563220087,broccoli | pepperoni pizza,162.74,98.00,A small pepperoni pizza slice with a side of steamed broccoli.,310.00,185.00,1.000
dish_1563216659,chicken breast | squash,190.06,173.00,Plate with breaded chicken and sauteed zucchini.,320.00,220.00,0.333
dish_1563220143,pepperoni pizza | chicken breast,425.51,327.00,"A plate with fried chicken, pizza, squash and broccoli.",740.00,430.00,0.500
dish_1563220171,brown rice | chicken breast | pepperoni pizza,465.47,363.00,"A plate with breaded chicken, pizza slice, broccoli, roasted squash and rice salad",710.00,595.00,0.600
dish_1563220767,pork | white rice,265.89,130.00,Plate with fried chicken pieces.,280.00,100.00,0.000
dish_1563220802,white rice | pork | broccoli,308.59,252.00,chicken and broccoli on a white plate,165.00,225.00,0.250
dish_1563220987,pork | white rice,224.99,110.00,Pork Stir Fry with spinach on a white plate,255.00,170.00,0.333
dish_1563221025,white rice | pork | chicken breast,245.45,123.00,"A small plate with pork tenderloin, fried bread and spinach.",330.00,170.00,0.200
dish_1563221054,chicken breast | pork,298.88,170.00,A pork and spinach salad on a white plate.,290.00,300.00,0.200
dish_1563217968,white rice | broccoli | pork,252.79,244.00,"A meal consisting of pork stir fry, broccoli and peach slices",330.00,350.00,0.500
dish_1563221157,broccoli | black beans | pork,418.15,352.00,Mixed salad with broccoli and pork tenderloin,290.00,350.00,0.667
dish_1563221495,pepperoni pizza | chicken breast,365.27,164.00,A plate with a slice of pepperoni pizza and chicken and vegetable casserole.,550.00,250.00,1.000
dish_1563221519,chicken breast | pepperoni pizza,379.97,206.00,"A plate with a slice of pepperoni pizza, broccoli, and chicken casserole.",560.00,335.00,0.667
dish_1563220109,pepperoni pizza | squash | broccoli,184.74,174.00,A meal of pizza with steamed broccoli and roasted kabocha squash.,395.00,305.00,1.000
dish_1563221602,pepperoni pizza | chicken breast,447.89,306.00,"Plate with pizza, chicken casserole, spinach salad, broccoli and butternut squash",680.00,500.00,0.400
dish_1563221640,pepperoni pizza | chicken breast,469.19,364.00,"A plate of mixed food items including salad, broccoli, pizza, chicken and squash.",690.00,565.00,0.500
dish_1563222745,pepperoni pizza,135.36,48.00,A slice of pepperoni pizza on a white plate.,220.00,80.00,1.000
dish_1563222775,pork | pepperoni pizza,190.58,75.00,A plate with a slice of pepperoni pizza and a piece of fried chicken.,430.00,160.00,0.333
dish_1563222800,chicken breast | pork | pepperoni pizza,302.32,146.00,"A meal consisting of chicken breast, a pizza slice, and a pork chop.",520.00,250.00,1.000
dish_1563222830,broccoli | chicken breast | pork | pepperoni pizza,325.07,211.00,"A plate with grilled chicken breast, broccoli, and pizza slice.",481.00,307.00,0.750
dish_1563222850,pork | broccoli | pepperoni pizza | brown rice | chicken breast,348.38,232.00,"A plate of chicken, broccoli, buckwheat, pizza and pork chop",730.00,475.00,0.667
dish_1563294408,pineapple,41.50,83.00,Small plate of pineapple chunks,50.00,100.00,1.000
dish_1563294441,pineapple | watermelon,65.20,162.00,A plate of fresh cut pineapple and watermelon.,80.00,200.00,1.000
dish_1563294465,pineapple | watermelon | grapes,116.95,237.00,"Fruit platter with pineapple, watermelon, and green grapes.",130.00,250.00,1.000
dish_1563294491,pineapple | grapes | watermelon,146.98,328.00,"Plate of mixed fruit including pineapple, strawberries, green grapes, watermelon and a blueberry.",181.00,411.00,1.000
dish_1563294522,sweet potato | yam | watermelon | pineapple | grapes,250.97,400.00,Fruit and sweet potato platter,227.00,383.00,0.600
dish_1563294547,yam | sweet potato | grapes | watermelon | hash browns | pineapple,430.27,455.00,Assorted fruit and hashbrowns.,372.00,433.00,0.667
dish_1563294575,hash browns | grapes | sweet potato | egg whites | yam | pineapple,485.91,562.00,"Plate of feta cheese, pineapple, strawberries, roasted sweet potato, rice, grapes, and a blueberry.",566.00,552.00,0.375
dish_1563294987,bacon,97.38,18.00,Piece of cooked chicken on a plate,200.00,80.00,0.000
dish_1563295016,bacon | pineapple,127.88,79.00,A serving of bacon and pineapple chunks on a white plate.,225.00,150.00,1.000
dish_1563295044,yam | sweet potato | pineapple | bacon,241.98,158.00,"A plate with cooked bacon, roasted sweet potatoes, and pineapple chunks.",430.00,290.00,0.750
dish_1563295292,bacon,119.02,22.00,A small serving of bacon.,140.00,28.00,1.000
dish_1563295334,bacon | scrambled eggs,228.54,96.00,Breakfast with scrambled eggs and bacon,350.00,200.00,1.000
dish_1563295360,bacon | scrambled eggs | broccoli,275.89,181.00,"Breakfast with scrambled eggs, bacon, and broccoli",395.00,330.00,1.000
dish_1563221086,chicken breast | pork | broccoli,328.28,254.00,"Plate of pork, broccoli, and spinach salad.",325.00,400.00,0.500
dish_1563302315,mushroom,13.86,63.00,A small portion of cooked mushrooms on a white plate.,22.00,100.00,1.000
dish_1563302345,mushroom | chicken,265.86,215.00,"A plate of scrambled eggs, wheat berries and sauteed mushrooms.",240.00,210.00,0.333
dish_1563302391,roasted potatoes | chicken,401.22,311.00,"A meal of roasted potatoes, roasted chicken, and sauteed mushrooms.",420.00,370.00,0.667
dish_1563302420,chicken | roasted potatoes | carrot,435.63,381.00,"A plate of roasted chicken, potatoes, carrots, and mushrooms.",450.00,470.00,0.750
dish_1563219056,pepperoni pizza | pork,416.87,258.00,"A plate with a slice of pizza, pulled pork, rice, tomatoes, olives, celery and zucchini.",630.00,460.00,0.333
dish_1563303298,chicken,170.76,103.00,A single chicken nugget on a plate.,220.00,85.00,1.000
dish_1563303350,chicken | carrot,202.22,167.00,Chicken and carrots,250.00,175.00,1.000
dish_1563303386,roasted potatoes | chicken | carrot,274.13,218.00,"Meal with chicken, carrots, and potatoes",430.00,354.00,0.750
dish_1563304261,kale,30.21,37.00,Kale salad with croutons.,90.00,153.00,0.500
dish_1563304301,kale | roasted potatoes,190.95,151.00,Plate of roasted potatoes and kale salad,280.00,250.00,1.000
dish_1563304333,chicken | roasted potatoes,451.24,308.00,"A healthy meal consisting of baked fish, roasted potatoes, and a kale salad.",530.00,370.00,0.250
dish_1563304369,roasted potatoes | chicken,457.17,326.00,"Plate of roasted chicken, roasted potatoes, and kale salad.",600.00,470.00,0.667
dish_1563304881,chicken,739.41,446.00,A plate of seasoned and cooked chicken breast with a garnish.,332.00,185.00,0.500
dish_1563304925,beef | chicken,874.46,508.00,"A plate with pieces of cooked chicken and beef, topped with green garnish.",505.00,285.00,0.667
dish_1563304958,beef | tofu | chicken,951.84,614.00,A plate of tofu cubes and chicken breast.,500.00,320.00,0.667
dish_1563221562,chicken breast | pepperoni pizza,395.60,260.00,"A meal consisting of a slice of pepperoni pizza, broccoli, roasted butternut squash and chicken vegetable bake.",675.00,500.00,0.500
dish_1563305047,tofu | beef | chicken,1032.31,806.00,"A plate of chicken breast, eggplant, carrots, beef and spinach.",546.00,580.00,0.333
dish_1563295400,broccoli | yam | sweet potato | scrambled eggs | bacon,402.98,269.00,"A breakfast plate with scrambled eggs, bacon, roasted potatoes and carrots, and broccoli.",630.00,420.00,0.800
dish_1563302447,chicken | carrot | roasted potatoes,561.42,440.00,"A plate containing roasted potatoes, sliced carrots, mixed green salad, cooked mushrooms, and chicken breast.",470.00,550.00,0.750
dish_1563305354,beef | white rice | carrot,340.07,208.00,"A meal consisting of beef stir-fry with broccoli and red bell pepper, accompanied by carrots.",285.00,350.00,0.400
dish_1563305401,carrot | quinoa | beef,483.22,332.00,"Plate with beef, carrots, spinach, and red pepper",290.00,330.00,0.500
dish_1563305005,beef | chicken | tofu,1003.95,720.00,"A plate with chicken, carrots, tofu, and beef cubes.",430.00,420.00,0.750
dish_1563305653,mushroom,25.74,117.00,A bowl of cooked mushrooms,56.00,140.00,1.000
dish_1563305689,mushroom | cucumbers,30.14,161.00,A plate with zucchini and sauteed mushrooms,85.00,150.00,0.333
dish_1563305722,mushroom | chicken,434.66,405.00,"A plate with chicken, cucumber, and mushrooms.",295.00,350.00,0.667
dish_1563305837,kale,11.43,14.00,Small lettuce salad,20.00,85.00,0.000
dish_1563305883,spinach (raw) | kale,83.05,77.00,"A light salad with greens, tomatoes, and dressing on a white plate.",70.00,100.00,0.333
dish_1563305913,mushroom | spinach (raw) | kale,89.65,107.00,Plate with mushrooms and salad.,52.00,220.00,0.400
dish_1563305083,chicken | beef | tofu,1234.86,901.00,"A plate with chicken breast, roasted eggplant and carrots, and mixed green salad with pomegranate seeds.",540.00,530.00,0.167
dish_1563305982,roasted potatoes | chicken,273.63,225.00,"A plate with chicken, potatoes, mushrooms and salad.",380.00,410.00,0.667
dish_1563306039,chicken | roasted potatoes | beef,493.64,326.00,"A plate with roasted chicken, potatoes, sauteed mushrooms, and salad.",380.00,480.00,0.500
dish_1563306392,chicken,477.47,288.00,Roasted chicken with a small side salad,290.00,200.00,1.000
dish_1563307488,beef | white rice,538.04,247.00,Beef stir fry with mixed vegetables on a white plate.,350.00,200.00,0.500
dish_1563305321,carrot,32.94,67.00,Small portion of carrots,25.00,60.00,1.000
dish_1563307575,carrot | beef,671.08,419.00,"A plate with beef and rice, carrots and spinach salad.",450.00,420.00,0.667
dish_1563308323,carrot,27.06,66.00,A side dish of sliced carrots.,25.00,60.00,1.000
dish_1563308353,carrot | eggplant,51.47,140.00,Plate with sliced carrots and roasted eggplant.,80.00,160.00,1.000
dish_1563308386,carrot | eggplant | roasted potatoes,155.81,214.00,"A plate with roasted potatoes, sliced carrots, and roasted eggplant.",245.00,350.00,1.000
dish_1563308428,carrot | beef | roasted potatoes,406.31,329.00,"A plate with grilled steak, roasted potatoes, carrots, mushrooms and asparagus",460.00,430.00,0.500
dish_1563309189,,37.95,33.00,A small serving of dates on a plate.,66.00,25.00,0.000
dish_1563309237,bell peppers,49.55,62.00,Small plate with black olives and bell pepper strips,55.00,110.00,1.000
dish_1563309285,bell peppers | lettuce,59.45,128.00,"Salad with lettuce, bell peppers, black olives and corn.",70.00,180.00,0.667
dish_1563309315,chicken,613.18,462.00,"A plate with chicken, stuffing, lettuce, bell peppers, and olives.",470.00,350.00,0.250
dish_1563309353,chicken,625.24,529.00,Chicken with side salad,510.00,455.00,0.250
dish_1563305513,cheese pizza,606.25,228.00,Plate of pizza slices with mozzarella.,650.00,250.00,1.000
dish_1563389042,carrot,30.48,62.00,Small portion of cooked carrots and broccoli,30.00,75.00,0.500
dish_1563389079,broccoli | carrot,50.43,119.00,"A serving of stir-fried vegetables containing broccoli, carrots, yellow squash, and turnip.",80.00,235.00,0.500
dish_1563389114,carrot | broccoli | arugula,86.53,148.00,"Plate of mixed vegetables including broccoli, carrots, yellow squash, and arugula.",100.00,285.00,0.750
dish_1563389153,carrot | bulgur | broccoli,346.45,224.00,"A bowl of mixed vegetables and grains, including farro, carrots, broccoli, squash and arugula.",320.00,455.00,0.333
dish_1563389199,broccoli | bulgur | tofu | carrot,390.25,284.00,"A rice bowl with tofu, broccoli, carrots, squash, and arugula.",360.00,400.00,0.429
dish_1563389413,broccoli,34.65,99.00,Simple plate of steamed broccoli and zucchini.,33.00,115.00,0.500
dish_1563389446,spinach (raw) | broccoli,117.79,173.00,A light meal consisting of broccoli and a mixed green salad.,115.00,340.00,0.500
dish_1563389548,grilled chicken,438.83,194.00,A bowl of diced cooked chicken.,210.00,120.00,1.000
dish_1563307519,beef | white rice | carrot,574.12,335.00,A plate with stir fry beef and cooked carrots.,360.00,350.00,0.667
dish_1563389626,grilled chicken | carrot,498.62,360.00,A bowl of shredded carrots with diced onion and cherry tomatoes.,98.00,210.00,0.250
dish_1563389693,carrot | grilled chicken,500.22,383.00,Bowl of shredded carrots topped with shaved parmesan cheese.,200.00,225.00,0.333
dish_1563389719,carrot | grilled chicken | onions,529.82,457.00,"A bowl of salad ingredients including shredded carrots, sliced red onion, and parmesan cheese shavings.",140.00,170.00,0.500
dish_1563305948,chicken,207.36,178.00,"A plate with chicken drumstick, mushrooms, and a side salad consisting of lettuce, spinach and tomatoes.",210.00,315.00,0.200
dish_1563389600,grilled chicken,451.43,264.00,Chicken and Tomato Salad,195.00,270.00,0.500
dish_1563391333,squash,23.44,81.00,Small serving of mixed cooked vegetables,25.00,125.00,0.333
dish_1563391375,squash | fish,84.28,139.00,Plate of chicken salad with mixed vegetables,210.00,250.00,0.200
dish_1563391413,fish | chicken thighs | squash,227.06,237.00,"Plate with chicken, rice, and sliced vegetables.",285.00,310.00,0.333
dish_1563391647,arugula,27.39,22.00,"Small side salad with mixed greens, tomato, and a blueberry.",24.00,117.00,0.000
dish_1563391681,fish | quinoa,154.32,143.00,Plate of chicken with rice and a small mixed green salad.,240.00,225.00,0.000
dish_1563391708,fish | pizza | quinoa,319.24,205.00,"A plate with a slice of pizza, some chicken salad, and a side salad.",500.00,275.00,0.250
dish_1563309398,chicken,655.99,604.00,"A plate with chicken breast, omelet and mixed vegetables",490.00,600.00,0.167
dish_1563391922,broccoli | squash | zucchini,24.44,104.00,"Plate with steamed broccoli, zucchini, and yellow squash.",35.00,125.00,1.000
dish_1563391989,chicken thighs | fish | quinoa,462.85,464.00,"Plate with chicken stir fry, broccoli, zucchini and rice",445.00,375.00,0.167
dish_1563392128,quinoa | fish,169.93,162.00,Chicken stir-fry with rice and greens,355.00,260.00,0.000
dish_1563389742,onions | grilled chicken | carrot | bell peppers,569.42,556.00,"A bowl of mixed raw vegetables including bell peppers, red onion, carrots and cabbage.",80.00,305.00,0.600
dish_1563393182,zucchini | broccoli | squash | cucumbers,35.23,193.00,"A small plate of chopped cucumber, broccoli and bell pepper.",70.00,280.00,0.400
dish_1563389786,carrot | grilled chicken | bell peppers,640.14,564.00,"Mixed salad ingredients in a bowl, including peppers, onions, and cabbage.",65.00,355.00,0.200
dish_1563393244,broccoli | cucumbers | onions | squash | radishes | zucchini,57.55,280.00,"Salad with radishes, zucchini, red onion and broccoli",75.00,300.00,0.667
dish_1563393341,broccoli | squash | zucchini,27.96,119.00,Assorted cooked vegetables in a container,41.00,137.00,0.500
dish_1563393366,squash | broccoli | fish | zucchini,89.85,178.00,A small serving of tofu with vegetables.,200.00,235.00,0.333
dish_1563393403,broccoli | zucchini | squash | fish,103.15,216.00,"A takeout container with chicken and rice, along with broccoli, bell pepper and zucchini.",310.00,320.00,0.333
dish_1563395341,cheese pizza,143.59,54.00,A single slice of pizza on a white plate.,200.00,75.00,1.000
dish_1563395374,cheese pizza | carrot,158.33,84.00,A meal consisting of a pizza slice and some roasted sweet potato.,367.00,170.00,0.333
dish_1563395415,carrot | broccoli | cheese pizza,182.54,187.00,"A plate with a slice of pizza, roasted carrots, zucchini and broccoli.",380.00,350.00,0.750
dish_1563395449,carrot | broccoli | cheese pizza,214.64,222.00,"A plate with spinach, pizza, roasted carrots, zucchini and broccoli.",420.00,450.00,0.750
dish_1563395480,chicken thighs | cheese pizza,370.52,329.00,"A plate with grilled chicken, spinach salad, slice of pizza, roasted carrots, zucchini, and broccoli.",655.00,525.00,0.333
dish_1563395510,chicken thighs | cheese pizza | fish,415.63,372.00,"A plate with breaded fish, spinach salad, grilled chicken, zucchini, broccoli, pizza and roasted carrots",810.00,740.00,0.429
dish_1563464389,bacon,91.97,17.00,Two strips of bacon on a white plate.,160.00,40.00,1.000
dish_1563464429,bacon,140.99,103.00,"A light breakfast with bacon, blueberries, and strawberries.",180.00,150.00,1.000
dish_1563464457,watermelon | bacon,158.99,163.00,"A plate of bacon, blueberries, and watermelon.",216.00,240.00,1.000
dish_1563464480,bacon | watermelon | roasted potatoes,229.49,213.00,"Breakfast with fried potatoes, bacon and fruit",480.00,400.00,1.000
dish_1563391959,quinoa | fish,245.77,315.00,"A plate with breaded fish served with rice, broccoli, and zucchini.",410.00,450.00,0.250
dish_1563464627,cream cheese | bagels,310.50,115.00,Bagel with cream cheese,373.00,160.00,1.000
dish_1563464651,cream cheese | bagels,312.00,130.00,Bagel with cream cheese and cucumber slices,425.00,175.00,0.667
dish_1563464670,cream cheese | bagels | mozzarella cheese,384.18,156.00,"bagel with cream cheese, cucumber slices, and a string cheese stick",440.00,194.00,0.500
dish_1563465805,roasted potatoes,32.43,23.00,Small portion of roasted potatoes,110.00,100.00,1.000
dish_1563465847,roasted potatoes | scrambled eggs,267.75,182.00,Scrambled eggs with roasted potatoes on a white plate.,350.00,230.00,1.000
dish_1563466280,bacon,357.06,66.00,A plate of beef teriyaki.,350.00,200.00,0.000
dish_1563468199,pineapple,53.50,107.00,Plate of pineapple chunks with a little cottage cheese and a piece of watermelon.,98.00,180.00,0.333
dish_1563468240,pineapple | watermelon,93.10,239.00,Plate of diced watermelon and pineapple.,80.00,200.00,1.000
dish_1563468269,watermelon | pineapple,129.01,302.00,"A plate of mixed fruits including raspberries, blackberries, watermelon, and pineapple.",145.00,340.00,1.000
dish_1563468299,cottage cheese | pineapple | watermelon,210.35,385.00,A plate of fresh fruit and cottage cheese.,220.00,430.00,1.000
dish_1563468327,yam | sweet potato | cottage cheese | pineapple | watermelon,351.89,483.00,"Plate with mixed fruit, roasted sweet potatoes, and cottage cheese",344.00,580.00,0.800
dish_1563393148,broccoli | squash | zucchini,27.73,118.00,Simple vegetable snack with broccoli and peppers,55.00,170.00,0.200
dish_1563475788,pineapple,39.00,78.00,A small serving of pineapple chunks.,60.00,100.00,1.000
dish_1563475826,honeydew melons | pineapple,74.28,176.00,Plate of diced honeydew melon and pineapple.,84.00,200.00,1.000
dish_1563393217,zucchini | broccoli | squash | onions | cucumbers,49.23,228.00,"Vegetable salad with broccoli, cucumber, red onion, and bell pepper",120.00,400.00,0.500
dish_1563475921,pineapple | cauliflower | honeydew melons | brown rice | salmon,244.34,348.00,"A plate with salmon and rice, spinach, cauliflower and fruit.",375.00,533.00,0.667
dish_1563475953,pasta | salmon | pineapple | beef | honeydew melons,427.45,453.00,"A plate of food containing pasta, brown rice, cauliflower, honeydew melon, and pineapple.",485.00,540.00,0.429
dish_1563476267,brownies,237.71,51.00,A small piece of meatloaf on a plate.,50.00,25.00,0.000
dish_1563476323,salmon | brown rice | brownies,686.97,339.00,"A plate containing pasta, rice pilaf with salmon, and a brownie.",850.00,500.00,0.200
dish_1563476408,salmon | pasta | brownies | beef,990.40,513.00,"A plate with penne pasta, tofu, a slice of salmon and rice bake, squash slices and greens",570.00,410.00,0.333
dish_1563464543,bacon | roasted potatoes | scrambled eggs,386.37,319.00,"Breakfast with scrambled eggs, sausage, potatoes, blueberries, and watermelon",605.00,500.00,0.400
dish_1563476551,salmon | brownies | cheese pizza | beef | pasta,1116.39,750.00,"Assortment of foods including pasta, pizza, tofu, rice, mixed vegetables and salmon.",900.00,645.00,0.375
dish_1563476577,beef | pasta | cheese pizza | salmon | brownies,1238.03,857.00,"A mixed plate with pizza, cooked vegetables, fried tofu and pasta",750.00,475.00,0.286
dish_1563476646,pasta | beef,380.16,218.00,Penne pasta with beef cubes and a light sauce.,550.00,215.00,1.000
dish_1563477659,brussels sprouts,26.55,52.00,Small plate of Brussels sprouts,65.00,150.00,1.000
dish_1563477701,brussels sprouts | brown rice | salmon,179.42,150.00,"A plate of food containing fish with rice, some brussels sprouts, and a spinach leaf.",256.00,255.00,0.500
dish_1563477736,salmon | brown rice | brussels sprouts,277.05,234.00,"Plate with salmon and rice, arugula salad and roasted Brussels sprouts",335.00,325.00,0.500
dish_1563478751,pasta | beef,950.40,545.00,"Penne pasta with sausage, spinach, and sauce on a plate.",660.00,330.00,0.250
dish_1563479526,apple | arugula | lemon juice | goat cheese | figs,67.84,51.00,A light salad with greens and butternut squash.,55.00,145.00,0.000
dish_1563479568,brussels sprouts,83.67,82.00,"Salad with spinach, brussel sprouts and butternut squash",92.00,170.00,0.333
dish_1563479596,broccoli | cauliflower | brussels sprouts,104.37,151.00,Mixed vegetable salad,79.00,215.00,0.600
dish_1563475874,pineapple | honeydew melons | cauliflower,93.03,251.00,"A snack of cauliflower, melon and pineapple.",120.00,325.00,1.000
dish_1563479655,beef | salmon | pasta,321.23,282.00,"A plate with pasta, mixed greens salad, broccoli and cauliflower and salmon.",390.00,325.00,0.500
dish_1563480476,salmon | brown rice,517.90,332.00,A plate of salmon covered with pesto.,450.00,200.00,0.500
dish_1563468362,cottage cheese | pineapple | watermelon | sweet potato | yam | egg whites,411.69,598.00,Plate of mixed fruit and cottage cheese with some sweet potato.,275.00,474.00,0.667
dish_1563480534,brown rice | beef | pasta | salmon,797.57,576.00,"A plate with salmon, pasta, and broccoli.",630.00,355.00,0.400
dish_1563480608,beef | brown rice | pasta | salmon,886.95,650.00,"A balanced meal with salmon, rice, pasta, and assorted vegetables.",715.00,650.00,0.429
dish_1563481030,figs | spinach (raw),155.81,129.00,"A salad with spinach, broccoli, mango and banana",102.00,170.00,0.200
dish_1563476463,brownies | beef | salmon | pasta | cheese pizza,1067.51,542.00,"Plate of mixed food items including salmon with rice, pasta, pizza, tofu, and zucchini.",900.00,555.00,0.429
dish_1563550584,egg whites,75.40,145.00,Plate of fresh mozzarella cheese,280.00,100.00,0.000
dish_1563550614,sweet potato | egg whites,132.82,205.00,Cottage cheese and roasted potato cubes on a white plate.,240.00,300.00,0.333
dish_1563550950,scrambled eggs,183.17,93.00,"Breakfast with scrambled eggs, cheddar cheese and bacon",273.00,135.00,0.333
dish_1563550976,scrambled eggs | roasted potatoes,284.69,165.00,"Plate of scrambled eggs, bacon, cheddar cheese, and diced potatoes.",430.00,285.00,0.500
dish_1563551006,scrambled eggs | roasted potatoes | country rice,357.67,213.00,"Breakfast with fried rice, bacon, scrambled eggs, cheddar cheese, and fried potatoes.",780.00,465.00,0.600
dish_1563551105,cream cheese | bagels,194.40,72.00,Bagel with cream cheese,350.00,115.00,1.000
dish_1563551134,bagels | cream cheese | egg whites,246.92,173.00,Scrambled eggs and an english muffin with cream cheese,350.00,168.00,0.500
dish_1563551164,bagels | sweet potato | egg whites | cream cheese,339.76,270.00,A bagel with cream cheese and fried eggplant served with scrambled eggs,580.00,280.00,0.400
dish_1563551194,sweet potato | egg whites | bagels | greek yogurt | chia seeds | milk | cream cheese,471.64,400.00,"Plate with oatmeal, sliced bananas, scrambled eggs, eggplant, and toast with cream cheese.",505.00,480.00,0.200
dish_1563551220,cream cheese | greek yogurt | milk | chia seeds | bagels | egg whites | sweet potato,561.70,558.00,"A plate with oatmeal, fruits, scrambled eggs, and roasted potatoes.",530.00,600.00,0.300
dish_1563551360,scrambled eggs,322.64,218.00,A plate of scrambled eggs.,200.00,150.00,1.000
dish_1563551397,brussels sprouts | scrambled eggs,365.53,302.00,A plate of scrambled eggs and Brussels sprouts.,280.00,250.00,1.000
dish_1563552016,syrup | waffles,493.59,174.00,A waffle with syrup,300.00,105.00,1.000
dish_1563479625,brussels sprouts | salmon | broccoli,202.65,214.00,"A plate with salmon, spinach salad, broccoli, cauliflower, brussels sprouts and butternut squash",400.00,470.00,0.500
dish_1563553756,granola | bacon,309.15,124.00,"Salad with mixed greens, berries and bacon",320.00,180.00,0.500
dish_1563553780,granola | bacon | almonds,557.73,167.00,"Salad with bacon, almonds and berries",304.00,91.00,0.667
dish_1563555072,scrambled eggs,165.76,112.00,A plate of scrambled eggs,206.00,150.00,1.000
dish_1563480505,salmon | brown rice | pasta | beef,767.27,475.00,"A plate with salmon with sauce, and pasta with meat and spinach.",650.00,400.00,0.500
dish_1563555160,scrambled eggs | sweet potato | cantaloupe | brussels sprouts,268.83,287.00,"Plate with scrambled eggs, roasted sweet potatoes, brussels sprouts, roasted potatoes and tofu",520.00,450.00,0.600
dish_1563555510,scrambled eggs,193.88,131.00,A serving of scrambled eggs on a white plate.,270.00,180.00,1.000
dish_1563555543,scrambled eggs | pineapple,268.38,280.00,Plate with scrambled eggs and pineapple chunks,320.00,350.00,1.000
dish_1563555563,scrambled eggs | pineapple | bacon,398.22,304.00,"Breakfast plate with scrambled eggs, bacon, and pineapple.",390.00,320.00,1.000
dish_1563555605,scrambled eggs | pineapple | roasted potatoes | bacon,537.81,403.00,"Breakfast plate with scrambled eggs, potatoes, bacon, and pineapple.",530.00,440.00,1.000
dish_1563563240,,48.30,42.00,A small bowl of olives.,40.00,40.00,
dish_1563563264,grilled chicken,322.00,163.00,A small bowl with diced chicken and kidney beans,180.00,125.00,0.500
dish_1563563289,grilled chicken,331.90,218.00,"A bowl containing diced chicken, cherry tomatoes, and kidney beans.",225.00,195.00,0.333
dish_1563481061,pasta | beef | figs,541.20,350.00,A plate with beef stroganoff and a side of mixed green salad.,475.00,400.00,0.333
dish_1563563348,grilled chicken,362.64,294.00,"Salad with chicken, carrots, bell pepper, and a tomato.",168.00,190.00,0.250
dish_1563563378,grilled chicken | onions,385.44,351.00,"Chicken salad with onions, carrots, and bell pepper",261.00,395.00,0.400
dish_1563563467,bok choy,40.75,119.00,A serving of cooked bok choy on a white plate.,20.00,100.00,1.000
dish_1563553735,granola,114.39,88.00,"Small salad with mixed greens, blackberries and raspberries.",75.00,190.00,0.000
dish_1563563527,fish | pizza,322.91,302.00,A plate with pizza and mixed salad.,350.00,400.00,0.200
dish_1563564676,kale,50.62,62.00,A small portion of kale salad with parmesan cheese and dressing.,110.00,150.00,1.000
dish_1563564707,kale | corn on the cob,143.99,150.00,Plate with a kale salad and corn on the cob.,230.00,230.00,1.000
dish_1563564760,ground turkey | kale | corn on the cob,341.85,243.00,"A plate with chicken salad, kale salad, and sliced corn on the cob.",475.00,330.00,0.500
dish_1563564797,ground turkey | kale | corn on the cob | fish,411.26,310.00,"A balanced meal with fish, chicken salad, corn, and kale salad.",580.00,445.00,0.600
dish_1563555100,cantaloupe | scrambled eggs,190.92,186.00,A plate of scrambled eggs and cantaloupe.,310.00,320.00,1.000
dish_1563565289,corn on the cob,93.37,88.00,Two pieces of cooked corn on the cob in a container.,140.00,160.00,1.000
dish_1563565323,corn on the cob | ground turkey,229.53,152.00,A small meal with meatloaf and corn on the cob.,230.00,155.00,0.333
dish_1563563317,grilled chicken,345.84,252.00,"A salad with shredded carrots, diced chicken, and a cherry tomato.",153.00,186.00,0.333
dish_1563565415,corn on the cob | fish | ground turkey,303.48,284.00,"A takeout container containing cooked fish, corn on the cob, a mixed greens salad, and a grain salad.",450.00,475.00,0.500
dish_1563565454,fish | ground turkey | corn on the cob,350.79,322.00,"A takeout container with a spinach salad, corn and patties.",410.00,420.00,0.200
dish_1563565508,ground turkey | kale | fish | corn on the cob,403.86,387.00,"A mixed meal with bok choy, kale salad, corn on the cob, and chicken.",555.00,535.00,0.333
dish_1563565683,fish,65.74,63.00,Single dolma in a takeout container.,130.00,85.00,0.000
dish_1563565720,mushroom | fish,84.66,149.00,A wrap with sauteed mushrooms.,350.00,250.00,0.333
dish_1563565761,mushroom | fish,88.66,159.00,"A takeout container with fish, mushrooms, and red onion.",235.00,280.00,0.667
dish_1563565805,mushroom | fish | bok choy,157.49,360.00,"Meal with fish, bok choy and mushrooms",210.00,325.00,1.000
dish_1563563492,pizza | bok choy,192.37,176.00,A meal consisting of a slice of pizza and a serving of bok choy.,310.00,250.00,1.000
dish_1563564828,fish | corn on the cob | ground turkey | kale,452.21,355.00,"A plate with fish, quinoa, kale, mashed potatoes and corn.",680.00,575.00,0.500
dish_1563566674,,100.89,88.00,A small portion of kidney beans and cooked buckwheat on a plate.,200.00,110.00,0.000
dish_1563566725,wild rice,241.31,206.00,"A meal consisting of kidney beans, cooked bulgur, and sauteed vegetables.",329.00,285.00,0.000
dish_1563566810,figs | wild rice,392.29,331.00,"A balanced plate with buckwheat, salad, olives, carrots and potato",445.00,585.00,0.000
dish_1563566909,wild rice,222.53,187.00,Tofu stir fry with rice and vegetables,320.00,375.00,0.200
dish_1563566965,wild rice | chickpeas,370.83,286.00,"A colorful salad with tofu, mixed greens, brown rice, and assorted vegetables.",450.00,495.00,0.333
dish_1563567319,fish,398.63,382.00,A plate of herring with scattered grains and a side of fruit salad.,500.00,430.00,0.000
dish_1563567372,fish | pizza,951.91,590.00,A plate with pizza slices and herring.,490.00,270.00,0.250
dish_1563567599,arugula,194.23,156.00,"A light salad of arugula, berries, and nuts.",50.00,75.00,0.500
dish_1563567626,corn on the cob | arugula,291.84,248.00,"Arugula salad with corn, blueberries, raspberries, and walnuts.",255.00,340.00,0.667
dish_1563567663,fish | arugula | corn on the cob,514.11,461.00,"A plate with a salad, corn, blueberries, raspberry and fish with seeds",430.00,370.00,1.000
dish_1563566939,wild rice,286.03,238.00,"A meal containing tofu, brown rice, arugula, berries and vegetables",386.00,545.00,0.167
dish_1563566626,,62.10,54.00,Small serving of olives with a small piece of lettuce.,76.00,35.00,0.000
dish_1563565354,fish | corn on the cob | ground turkey,272.32,193.00,"A small meal in a styrofoam container consisting of corn on the cob, fish, mashed potatoes, and some greens.",385.00,340.00,0.500
dish_1563567978,fish,118.96,114.00,"A portion of mackerel with vegetables, topped with toasted nuts, served on a white plate.",250.00,160.00,0.000
dish_1563568025,fish | corn on the cob,244.99,247.00,"A meal consisting of corn, cooked fish, and blanched chayote.",491.00,470.00,0.667
dish_1563568003,fish,126.15,135.00,Dish consisting of cooked fish and bok choy.,240.00,250.00,0.500
dish_1563568263,cheese pizza,119.65,45.00,Single slice of pizza on a white plate.,210.00,80.00,1.000
dish_1563568148,bok choy | fish,171.00,225.00,Chicken and Bok Choy,230.00,250.00,0.333
dish_1563568292,corn on the cob | cheese pizza,276.68,193.00,A meal of pizza and corn on the cob.,400.00,200.00,1.000
dish_1563568319,ground turkey | corn on the cob | cheese pizza,604.32,347.00,"A meal consisting of pizza, fried vegetables, and corn.",840.00,500.00,0.500
dish_1563568357,cheese pizza | ground turkey | chickpeas | corn on the cob,767.74,448.00,"A plate with various food items including salad, buckwheat, pizza, corn, and bread.",820.00,530.00,0.500
dish_1563568338,corn on the cob | ground turkey | cheese pizza,631.71,371.00,"A meal consisting of a pizza slice, buckwheat, bread with topping and corn on the cob slices.",700.00,425.00,0.400
dish_1563811412,egg whites,112.84,217.00,A meal consisting of Mozzarella Cheese and a sauce.,525.00,350.00,0.000
dish_1563811439,cantaloupe | egg whites,137.32,289.00,A plate of ricotta cheese and cantaloupe with a plate of tomato sauce.,350.00,400.00,0.250
dish_1563811463,egg whites | sweet potato | cantaloupe,220.59,376.00,"A meal consisting of chicken in sauce, roasted potatoes, cantaloupe and cauliflower mash.",600.00,570.00,0.400
dish_1563811515,egg whites | sausage | sweet potato | cantaloupe | salsa,298.12,491.00,"A meal consisting of roasted potatoes, cantaloupe, mashed potatoes, gravy and sausage.",610.00,620.00,0.500
dish_1563811490,sausage | cantaloupe | sweet potato | egg whites,268.83,390.00,"A meal consisting of stew, roasted potatoes, canteloupe, sausage, and mozzarella cheese",720.00,620.00,0.286
dish_1563811611,scrambled eggs,195.36,132.00,A plate of scrambled eggs.,240.00,150.00,1.000
dish_1563811639,scrambled eggs,217.14,198.00,Plate of scrambled eggs with cut strawberries,300.00,280.00,1.000
dish_1563811686,scrambled eggs | sweet potato | brussels sprouts,319.43,331.00,"A plate with scrambled eggs, roasted potatoes, brussels sprouts and strawberries",445.00,385.00,1.000
dish_1563812508,egg whites,112.84,217.00,A plate of paneer cheese cubes.,340.00,125.00,0.000
dish_1563812535,turkey bacon | egg whites,298.89,266.00,A plate of scrambled eggs and bacon,470.00,225.00,1.000
dish_1563812570,egg whites | turkey bacon,369.08,320.00,"A plate with scrambled eggs, bacon, and a small salad.",500.00,300.00,1.000
dish_1563812615,turkey bacon | brussels sprouts | egg whites,402.78,386.00,"A plate of food containing brussels sprouts, mixed salad greens, mashed potatoes and sausage.",435.00,425.00,0.200
dish_1563813221,brussels sprouts,19.40,38.00,Plate of Brussels sprouts,50.00,100.00,1.000
dish_1563813308,brussels sprouts | bacon,224.98,76.00,Plate with bacon and brussels sprouts,315.00,225.00,1.000
dish_1563568118,fish,139.83,134.00,A plate with three pieces of cooked white fish.,180.00,150.00,1.000
dish_1563813436,pineapple | sausage | sweet potato | bacon,418.76,242.00,"Plate with bacon, sausage slices, brussels sprouts, pineapple, and fried potatoes.",570.00,325.00,0.800
dish_1563813501,sausage | pineapple | bacon | scrambled eggs | sweet potato,694.12,414.00,"Breakfast plate with scrambled eggs, bacon, sausage, pineapple, roasted potatoes and brussels sprouts.",920.00,610.00,0.833
dish_1563813806,egg whites,81.12,156.00,A plate of scrambled eggs.,180.00,150.00,1.000
dish_1563813833,sausage | egg whites,256.87,207.00,A plate of scrambled eggs with sausage slices.,380.00,210.00,1.000
dish_1563820775,zucchini | broccoli | squash,38.07,162.00,Diced yellow squash and zucchini.,28.00,200.00,0.667
dish_1563820806,chicken | squash | broccoli,207.81,273.00,"A plate with chicken stir-fry, zucchini, and yellow squash.",180.00,380.00,0.500
dish_1563820834,chicken | broccoli | pizza,308.89,311.00,"A plate with baked tofu topped with tomato sauce, zucchini and yellow squash, quinoa, steamed broccoli and pork.",495.00,620.00,0.143
dish_1563822546,caesar salad,38.72,88.00,Small Caesar Salad,215.00,195.00,0.333
dish_1563822597,broccoli | caesar salad | squash | zucchini,59.40,176.00,Caesar salad with yellow squash and zucchini.,230.00,300.00,0.750
dish_1563567722,fish | corn on the cob,645.32,576.00,"A balanced plate containing corn on the cob, buckwheat, fish, arugula salad, blueberries, raspberry, and nuts.",685.00,650.00,0.400
dish_1563822663,caesar salad,303.10,317.00,"A plate with a Caesar salad, couscous, zucchini, yellow squash, and sliced steak.",685.00,465.00,0.333
dish_1563823292,lime | cauliflower | garlic,450.55,208.00,"Plate with fried tempeh, potatoes, cauliflower, and spinach.",390.00,235.00,0.167
dish_1563823359,chicken,641.70,333.00,"A plate of chicken, brown rice, seitan, potatoes and cauliflower.",540.00,420.00,0.200
dish_1563823390,chicken,670.17,372.00,A plate of chicken and brown rice with roasted vegetables.,465.00,425.00,0.143
dish_1563823423,chicken,700.53,441.00,"A plate of mixed foods including salad, rice with chicken, roasted vegetables, and tempeh.",720.00,730.00,0.167
dish_1563823814,turnips,25.59,85.00,Small portion of roasted turnip cubes on a white plate.,75.00,100.00,1.000
dish_1563823894,tatsoi,368.34,400.00,"A plate with sliced steak, roasted potatoes, and a saute of zucchini and peppers.",505.00,370.00,0.000
dish_1563824065,zucchini | broccoli | squash,15.51,66.00,Side dish of sauteed zucchini and yellow squash.,22.00,100.00,0.667
dish_1563811662,scrambled eggs | brussels sprouts,245.73,254.00,"A plate containing scrambled eggs, cut strawberries, and roasted Brussels sprouts.",310.00,335.00,1.000
dish_1563824130,broccoli | turnips,111.32,202.00,"A plate of roasted turnips, sliced zucchini and yellow squash, and a portion of couscous.",310.00,400.00,0.333
dish_1563824155,garlic | turnips | broccoli | zucchini | squash | lime | cauliflower,455.73,361.00,"A plate of steak with couscous, roasted potatoes, squash and spinach",640.00,405.00,0.111
dish_1563824250,onions,17.20,43.00,Sliced red onion in a bowl,20.00,60.00,1.000
dish_1563824279,onions,58.60,79.00,Sliced red onion and dates in a bowl,100.00,90.00,0.500
dish_1563824304,bell peppers | onions,75.80,122.00,"Chopped bell peppers and red onion in a bowl, preparing a dish",26.00,85.00,1.000
dish_1563824092,broccoli | zucchini | squash | turnips,36.28,135.00,Plate with cooked turnips and sauteed zucchini/yellow squash.,110.00,300.00,0.500
dish_1563824377,grilled chicken,454.05,338.00,Tofu and vegetable salad.,185.00,325.00,0.000
dish_1563824339,onions | cherry tomatoes | bell peppers,85.34,175.00,raw salad,79.00,290.00,1.000
dish_1563826223,lime | cauliflower | garlic,301.09,139.00,Sliced pork tenderloin on a white plate.,250.00,120.00,0.000
dish_1563813395,bacon | pineapple | sausage,371.86,193.00,"Breakfast plate with bacon, sausage, pineapple, and brussels sprouts.",430.00,270.00,0.750
dish_1563826306,brownies | pepperoni pizza,882.84,312.00,"Meal with sliced steak, pepperoni pizza, and a brownie.",600.00,275.00,0.333
dish_1563827060,cheese pizza,146.24,55.00,A single slice of pizza on a white plate.,280.00,100.00,1.000
dish_1563827086,cheese pizza | caesar salad,199.04,175.00,A plate with pizza and salad,530.00,300.00,0.500
dish_1563827110,pineapple | caesar salad | cheese pizza,220.04,217.00,"A plate containing a slice of pizza, chunks of pineapple, and a serving of Caesar salad.",510.00,330.00,1.000
dish_1563827132,cheese pizza | caesar salad | pineapple,240.02,302.00,"A plate with sauteed squash, a slice of pizza, and caesar salad.",440.00,350.00,0.500
dish_1563827162,cheese pizza | caesar salad | pineapple | chicken,319.54,354.00,"A plate with a mixed variety of foods including cooked vegetables, chicken stir-fry, Caesar salad, and a slice of pizza.",580.00,480.00,0.600
dish_1563827188,cheese pizza | caesar salad | pineapple | chicken,369.36,377.00,"Plate with zucchini, yellow squash, salad, pork strips, and pizza",640.00,500.00,0.286
dish_1563827425,caesar salad,60.72,138.00,A Caesar salad on a white plate.,200.00,200.00,1.000
dish_1563827454,zucchini | caesar salad | squash | broccoli,86.57,248.00,Salad with zucchini and yellow squash,75.00,400.00,0.400
dish_1563827482,caesar salad,894.52,621.00,"A plate of grilled steak with mixed vegetables including lettuce salad, zucchini, yellow squash, cauliflower and green bell pepper.",330.00,425.00,0.000
dish_1563822636,caesar salad,237.02,258.00,"A plate with caesar salad, cooked yellow squash, zucchini slices, and beef.",395.00,355.00,0.250
dish_1563826272,pepperoni pizza,645.13,261.00,A plate with sliced pork tenderloin and three slices of pepperoni pizza.,700.00,330.00,0.500
dish_1563897338,cantaloupe,29.92,88.00,A small serving of cantaloupe.,51.00,150.00,1.000
dish_1563897369,cantaloupe | sweet potato,117.01,179.00,A plate with cantaloupe and roasted potatoes.,235.00,350.00,1.000
dish_1563897395,cantaloupe | sweet potato | broccoli,135.91,233.00,"A small meal with cantaloupe, roasted potatoes, and broccoli.",248.00,435.00,1.000
dish_1563824406,grilled chicken,474.14,387.00,"Chicken salad with shredded carrots, cherry tomatoes, green bell pepper and red onion",280.00,320.00,0.200
dish_1563897492,cantaloupe | broccoli | salsa | egg whites | sweet potato,339.67,662.00,"A plate containing mashed potatoes with tomato sauce, cantaloupe, broccoli and roasted eggplant.",395.00,490.00,0.429
dish_1563897794,,57.57,101.00,A small plate of sliced strawberries and blueberries,50.00,165.00,
dish_1563897047,egg whites,66.04,127.00,A bowl of potato salad with sauce.,320.00,250.00,0.000
dish_1563897870,oatmeal,169.32,249.00,Bowl of oatmeal with walnuts.,200.00,260.00,0.500
dish_1563897938,bacon,54.10,10.00,A single strip of bacon on a plate.,43.00,8.00,1.000
dish_1563897087,broccoli | egg whites,102.44,231.00,"Bowl of rice, tofu, and broccoli",193.00,280.00,0.250
dish_1563898019,bacon | chia seeds | greek yogurt | scrambled eggs | milk,343.98,237.00,"A breakfast meal with scrambled eggs, a strip of bacon, and chia seed pudding.",450.00,270.00,0.600
dish_1563898084,bacon | milk | greek yogurt | scrambled eggs | pineapple | chia seeds,419.49,384.00,"Breakfast plate with scrambled eggs, bacon, pineapple, blueberries and chia seed pudding.",545.00,465.00,0.667
dish_1563898107,greek yogurt | bacon | pineapple | milk | chia seeds | scrambled eggs,440.69,424.00,"Breakfast plate with scrambled eggs, bacon, pineapple, mixed berries and chia seed pudding.",550.00,450.00,0.667
dish_1563898688,broccoli,32.55,93.00,Plate of Broccoli,62.00,175.00,1.000
dish_1563898722,broccoli | scrambled eggs,343.35,303.00,Scrambled eggs with broccoli.,270.00,300.00,1.000
dish_1563898786,broccoli | scrambled eggs,420.93,344.00,"Plate with scrambled eggs, broccoli, and spinach salad",305.00,405.00,0.667
dish_1563898813,broccoli | scrambled eggs | bacon,626.51,382.00,"A plate of scrambled eggs, broccoli, spinach salad, and bacon.",430.00,395.00,0.750
dish_1563898880,scrambled eggs | bacon | broccoli,643.62,441.00,"A plate with scrambled eggs, bacon, broccoli, salsa, and a small spinach salad.",450.00,445.00,0.600
dish_1563900120,sweet potato,46.90,49.00,Small plate of roasted potatoes,75.00,50.00,1.000
dish_1563900150,sweet potato | scrambled eggs,202.30,154.00,A plate with scrambled eggs and roasted potatoes.,350.00,250.00,1.000
dish_1563897837,watermelon,118.47,304.00,"Plate of mixed fruit including watermelon, strawberries and blueberries",66.00,215.00,1.000
dish_1563897981,scrambled eggs | bacon,243.54,138.00,A breakfast of scrambled eggs and one strip of bacon.,270.00,170.00,1.000
dish_1563908923,caesar salad,49.28,112.00,A plate of Caesar salad,250.00,200.00,1.000
dish_1563908957,caesar salad | green beans,73.87,159.00,Plate of Caesar salad and green beans.,290.00,300.00,1.000
dish_1563908996,caesar salad | chicken | millet | green beans,269.92,293.00,"Plate with breaded chicken breast, caesar salad and green beans.",650.00,450.00,0.750
dish_1563909469,spinach (raw),72.40,64.00,A simple spinach and onion salad.,18.00,97.00,0.500
dish_1563909507,spinach (raw) | green beans,117.93,151.00,Side dish with spinach and green beans,67.00,180.00,1.000
dish_1563909550,green beans | fried rice,310.32,273.00,"A plate of green beans, spinach, and rice.",257.00,300.00,0.667
dish_1563909580,fried rice | cheese pizza,544.31,361.00,"Plate with a slice of pizza, green beans, turmeric rice and spinach salad.",510.00,450.00,0.500
dish_1563897439,cantaloupe | broccoli | egg whites | sweet potato,315.31,578.00,"A meal consisting of cantaloupe, fried potatoes, broccoli, and cottage cheese.",488.00,575.00,0.600
dish_1563909982,chicken | spinach (raw) | millet,370.79,318.00,"A meal consisting of chicken, green beans, and spinach.",400.00,375.00,0.400
dish_1563910106,spinach (raw),101.46,84.00,Small plate of cooked swiss chard.,21.00,100.00,0.000
dish_1563910137,green beans,131.28,141.00,Side dish with cooked green beans and chard.,65.00,250.00,0.500
dish_1563910171,salmon | brown rice,571.18,423.00,"A plate with Swiss chard, green beans, and chicken and rice casserole.",425.00,450.00,0.250
dish_1563910276,salmon | brown rice,375.94,241.00,A plate of chicken stir-fry with vegetables.,220.00,180.00,0.000
dish_1563910530,salmon | brown rice,333.83,214.00,A serving of chicken and rice.,350.00,200.00,0.500
dish_1563910639,brown rice | salmon,697.29,447.00,A serving of chicken with rice and spinach.,349.00,255.00,0.250
dish_1563910676,brown rice | salmon,757.96,501.00,A plate with chicken and rice casserole and spinach,380.00,335.00,0.333
dish_1563910708,salmon | brown rice,786.21,555.00,"A plate with baked fish and rice, green beans, and spinach.",415.00,450.00,0.250
dish_1563911156,millet | chicken,140.45,96.00,A single piece of fried chicken on a white plate.,250.00,100.00,0.500
dish_1563911185,green beans | millet | chicken,159.81,133.00,A plate with chicken and green beans,280.00,220.00,0.667
dish_1563911215,millet | chicken | green beans | fried rice,218.16,170.00,"A plate with chicken, yellow rice and green beans.",440.00,280.00,0.750
dish_1563900172,scrambled eggs | cantaloupe | sweet potato,236.64,255.00,"A breakfast with scrambled eggs, roasted potatoes and cantaloupe",410.00,420.00,1.000
dish_1563909951,spinach (raw) | green beans,180.60,188.00,"A salad with spinach, green beans and egg",123.00,210.00,0.667
dish_1563913627,cheese pizza,230.33,109.00,Two slices of cheese pizza served with a small side salad of mixed greens.,500.00,250.00,1.000
dish_1563913675,cheese pizza | caesar salad,282.69,228.00,A meal consisting of pizza and two types of salad.,750.00,480.00,1.000
dish_1563913709,fried rice | caesar salad | cheese pizza,337.89,263.00,"A plate with yellow rice, caesar salad, mixed greens, and cheese pizza.",750.00,470.00,1.000
dish_1563913741,cheese pizza | fried rice | caesar salad,353.06,292.00,"A plate with rice, green beans, mixed salad, and pizza.",601.00,520.00,0.500
dish_1563900205,sweet potato | broccoli | scrambled eggs | cantaloupe,262.26,301.00,"A breakfast plate with scrambled eggs, cantaloupe, broccoli, and roasted potatoes.",390.00,500.00,1.000
dish_1563984167,egg whites | cantaloupe,291.68,608.00,A plate with cottage cheese and cantaloupe.,255.00,350.00,0.333
dish_1563911255,fried rice | quinoa | millet | chicken,293.19,235.00,"A plate with chicken breast, yellow rice, spinach, green beans, and bok choy.",415.00,460.00,0.286
dish_1563984242,sweet potato | egg whites | pineapple | cantaloupe,402.12,753.00,"Plate with paneer, pineapple, cantaloupe and fried eggplant",627.00,585.00,0.333
dish_1563984296,egg whites | salsa | cantaloupe | sweet potato | pineapple,436.34,871.00,"A plate with cottage cheese, tomato sauce, pineapple, cantaloupe, and roasted eggplant.",360.00,570.00,0.250
dish_1563913588,cheese pizza,180.81,68.00,Two slices of pizza on a white plate,370.00,135.00,1.000
dish_1563984729,scrambled eggs | chicken apple sausage,495.72,321.00,A breakfast plate with scrambled eggs and sliced breakfast sausage.,450.00,250.00,1.000
dish_1563984771,granola | chicken apple sausage | scrambled eggs,582.81,388.00,"A breakfast plate with scrambled eggs, chicken sausage, and a side salad.",540.00,345.00,0.667
dish_1563984835,granola | scrambled eggs | chicken apple sausage,603.98,461.00,"A plate with a scrambled eggs, tomato sauce, a garden salad and sliced sausages.",500.00,380.00,0.400
dish_1563986093,scrambled eggs,239.03,215.00,Scrambled eggs with mixed berries,295.00,255.00,1.000
dish_1563996251,cauliflower,39.50,158.00,Small serving of cooked cauliflower,25.00,75.00,1.000
dish_1563996279,carrot | cauliflower,98.49,278.00,A small plate of cooked carrots and cauliflower.,77.00,220.00,1.000
dish_1563996308,carrot | cream | chicken | cauliflower,718.51,659.00,A plate of tofu in sauce with carrots and cauliflower,330.00,450.00,0.400
dish_1563996441,arugula,80.24,65.00,Simple arugula salad on a white plate.,25.00,100.00,1.000
dish_1563996464,arugula | cauliflower,100.49,146.00,Arugula salad with cauliflower florets,80.00,250.00,1.000
dish_1563996485,arugula | roasted potatoes | cauliflower,178.04,201.00,"Plate with a side salad of arugula, roasted cauliflower, and roasted potatoes.",235.00,350.00,1.000
dish_1563996509,cauliflower | chicken | roasted potatoes,365.18,316.00,"A plate containing chicken breast, cauliflower, arugula salad, and roasted potatoes.",360.00,440.00,0.750
dish_1563996596,caesar salad,39.60,90.00,"A plate of Caesar salad with romaine lettuce, parmesan cheese, and creamy dressing.",350.00,250.00,1.000
dish_1563996625,brown rice | caesar salad,342.70,215.00,A plate with Caesar salad and Beef with Rice.,500.00,400.00,1.000
dish_1563996656,carrot | brown rice | caesar salad,376.62,284.00,A plate of mixed roasted vegetables and salad with brown rice.,435.00,625.00,0.400
dish_1563984140,egg whites,245.44,472.00,A plate of fresh mozzarella cheese.,650.00,250.00,0.000
dish_1563997386,spinach (raw) | carrot,215.88,238.00,Salad with sliced carrots and mixed greens.,77.00,190.00,0.667
dish_1563997418,carrot,608.70,400.00,"Salad with steak, roasted potatoes, carrots and spinach",390.00,325.00,0.333
dish_1563998210,chicken,148.09,91.00,Small portion of chicken salad on a white plate.,150.00,100.00,1.000
dish_1563998244,roasted potatoes | chicken,259.48,170.00,A small portion of chicken breast with roasted potatoes.,250.00,180.00,1.000
dish_1563998279,chicken | roasted potatoes,565.01,296.00,"A plate with beef tenderloin, roasted potatoes, and mashed potatoes.",580.00,370.00,0.333
dish_1563998323,roasted potatoes | chicken | cauliflower,634.51,574.00,"A plate containing steak, roasted chicken, roasted potatoes, and cauliflower.",775.00,525.00,1.000
dish_1563998513,chicken | cookies | roasted potatoes | cauliflower,757.51,599.00,"A plate with roast beef, chicken, roasted potatoes, cauliflower, and a meatball.",670.00,525.00,0.500
dish_1564000202,cheese pizza,396.19,149.00,Four slices of pizza on a white plate.,687.50,275.00,1.000
dish_1564000417,cheese pizza,340.35,128.00,Two slices of pizza,560.00,200.00,1.000
dish_1564000459,cheese pizza | chicken,485.19,217.00,A plate with a slice of pizza and a serving of chicken salad.,430.00,220.00,1.000
dish_1564000490,caesar salad | cheese pizza | chicken,532.71,325.00,A plate with a slice of pizza and caesar salad.,550.00,400.00,0.667
dish_1564000536,chickpeas | cheese pizza | chicken | caesar salad,659.91,397.00,"A plate with pizza, Caesar salad, mixed salad, and hummus.",680.00,465.00,0.333
dish_1563984199,egg whites | cantaloupe | pineapple,322.68,670.00,Plate of mozzarella cheese and cut fruit.,364.00,300.00,0.500
dish_1564073677,scrambled eggs | sweet potato,108.97,92.00,A plate with scrambled eggs and roasted sweet potatoes.,270.00,200.00,1.000
dish_1563984701,chicken apple sausage,275.20,172.00,Plate of sliced chicken sausage,220.00,100.00,1.000
dish_1564073860,bacon,492.31,91.00,A plate of crispy bacon.,210.00,50.00,1.000
dish_1563997327,spinach (raw),157.88,120.00,"A spinach salad with apples, quinoa, carrots, red pepper and blueberries.",140.00,315.00,0.250
dish_1564082323,caesar salad | pork | chicken,748.86,518.00,"Plate of fried chicken, pork, rice and salad.",875.00,475.00,0.500
dish_1564082462,pesto | pork | pasta | chicken,905.35,609.00,"Plate of fried chicken, beef, rice, salad, and pasta.",1150.00,650.00,0.333
dish_1564083480,grilled chicken,259.70,133.00,Small bowl of chicken and kalamata olives.,165.00,115.00,0.500
dish_1564073641,sweet potato,49.77,52.00,A small portion of roasted sweet potato.,90.00,100.00,1.000
dish_1564083534,cherry tomatoes | grilled chicken | bell peppers,309.06,307.00,"Chicken salad with bell peppers, cherry tomatoes, and black olives",160.00,220.00,1.000
dish_1564086602,cheese pizza,130.29,49.00,A slice of pizza on a white plate.,250.00,100.00,1.000
dish_1564086624,cheese pizza | corn on the cob,217.29,131.00,A pizza slice with two slices of corn on the cob.,360.00,200.00,1.000
dish_1564086658,cheese pizza | corn on the cob | caesar salad,260.85,230.00,"A plate of Caesar salad, pizza, and corn on the cob.",540.00,420.00,1.000
dish_1564073716,scrambled eggs | sweet potato | egg whites,214.53,295.00,"A plate with scrambled eggs, egg whites, and roasted sweet potato.",310.00,370.00,1.000
dish_1564086748,chicken | pasta | corn on the cob | cheese pizza | caesar salad,443.77,339.00,"A plate with Caesar salad, pesto pasta, a slice of pizza, a piece of roasted chicken, and corn on the cob.",950.00,610.00,1.000
dish_1564082212,pork | chicken,707.94,425.00,"Plate of fried chicken, rice, pork and some lettuce.",805.00,395.00,0.500
dish_1564159520,bacon,227.22,42.00,Two strips of cooked bacon.,160.00,40.00,1.000
dish_1564159588,turkey bacon | sausage | bacon,477.15,113.00,A plate of bacon.,270.00,75.00,0.333
dish_1564159636,sausage | turkey bacon | bacon,487.87,134.00,Bacon with brussels sprouts and sausage,490.00,220.00,0.500
dish_1564160043,bagels,245.00,98.00,Bagel on a plate,350.00,120.00,1.000
dish_1564160161,bagels,242.50,97.00,Plain bagel on a white plate,250.00,70.00,1.000
dish_1564168695,pepperoni,385.01,78.00,Two slices of pepperoni pizza on a white plate.,520.00,200.00,1.000
dish_1564168739,pepperoni | sandwiches,585.30,164.00,Two slices of pepperoni pizza and a sandwich cut in half on a plate.,900.00,360.00,0.000
dish_1564169197,sandwiches,116.45,50.00,Slice of bread on a plate,70.00,30.00,0.000
dish_1564169254,sandwiches | watermelon,161.75,201.00,A small plate with watermelon and bread.,121.00,180.00,0.333
dish_1564169298,tatsoi | sandwiches | watermelon,187.08,299.00,"A plate with whole wheat bread, watermelon and cucumber salad.",176.00,325.00,0.200
dish_1564169340,watermelon | sandwiches | chicken thighs | tortilla | cheese,657.52,518.00,"A plate with pulled chicken, bread, watermelon, and cucumber tomato salad.",475.00,430.00,0.286
dish_1564169644,cheese pizza,433.42,163.00,Plate of pizza slices (cheese and pepperoni),590.00,225.00,0.500
dish_1564083508,grilled chicken | cherry tomatoes,276.26,225.00,"Small bowl of chicken, black beans, and tomatoes.",130.00,120.00,0.667
dish_1564169932,cheese | chicken thighs | tortilla,766.63,473.00,A plate with pulled chicken in tomato sauce and a cucumber and tomato salad.,425.00,350.00,0.250
dish_1564169958,tortilla | chicken thighs | cheese,787.78,563.00,Plate of shredded chicken in tomato sauce with sauteed zucchini and a cucumber tomato salad.,475.00,450.00,0.200
dish_1564170010,tortilla | cheese | salmon | chicken thighs,1264.55,831.00,"A plate of pulled pork, potato pancake, fish with rice, cucumber salad, and zucchini.",1015.00,830.00,0.000
dish_1564170071,onions,14.00,35.00,Sliced red onions in a bowl and a portion of fried food on a plate.,280.00,200.00,0.500
dish_1564170098,onions,50.80,67.00,Fritter with onion and a bowl of red onion and olives.,252.00,135.00,0.333
dish_1564170141,onions | cherry tomatoes,62.68,133.00,"Omelet with a bowl of salad, including tomatoes, red onions, and kalamata olives.",325.00,350.00,0.500
dish_1564169878,tortilla | chicken thighs | cheese,732.51,341.00,A serving of shredded chicken cooked in tomato based sauce.,250.00,200.00,0.333
dish_1564170283,cheese | chicken thighs | tortilla,646.59,301.00,"A serving of chicken stir-fry with shredded chicken, vegetables, and sauce.",350.00,250.00,0.333
dish_1564170474,zucchini | squash | broccoli,39.48,168.00,A serving of sauteed zucchini.,40.00,150.00,0.333
dish_1564086709,cheese pizza | caesar salad | pasta | corn on the cob,393.27,307.00,"A plate with caesar salad, pesto pasta, a slice of pizza, and two slices of corn on the cob.",780.00,570.00,1.000
dish_1564170836,salmon | brown rice,240.16,135.00,Roasted chicken with a small leaf of lettuce,252.00,160.00,0.000
dish_1564170880,salmon | brown rice,348.56,230.00,A plate of baked salmon with farro salad and brussels sprouts.,460.00,320.00,0.250
dish_1564170923,kale | salmon | brown rice,378.82,319.00,"A healthy meal consisting of salmon, kale, and farro.",380.00,305.00,0.500
dish_1564170967,salmon | kale | brown rice,400.20,410.00,"A healthy plate with salmon, farro, kale, squash and brussels sprouts.",540.00,520.00,0.333
dish_1564171888,brown rice | salmon,345.13,194.00,A plate of salmon mixed with rice and greens.,250.00,150.00,0.500
dish_1564171935,salmon | brown rice,476.34,309.00,A plate of salmon with rice and a farro salad.,600.00,350.00,0.333
dish_1564171970,brown rice | salmon,498.82,396.00,"A plate with farro salad, a cucumber and tomato salad, and salmon with rice.",600.00,450.00,0.250
dish_1564171996,brown rice | salmon,519.50,484.00,"A plate containing salmon and rice, farro salad with cranberries, cucumber and red pepper salad, and zucchini and yellow squash.",675.00,550.00,0.200
dish_1564427406,grilled chicken,305.37,135.00,Bowl of diced chicken,172.00,86.00,1.000
dish_1564086778,pork | cheese pizza | chicken | pasta | corn on the cob | caesar salad,645.80,437.00,"A plate containing Caesar salad, pizza, corn, roasted chicken, BBQ pork, and pesto pasta.",1130.00,770.00,1.000
dish_1564427455,grilled chicken,354.26,218.00,Chicken salad with cherry tomatoes and kalamata olives,230.00,205.00,0.333
dish_1564428102,arugula,133.22,107.00,Small arugula salad with white cheese.,40.00,100.00,1.000
dish_1564170173,bell peppers | onions | cherry tomatoes,79.88,176.00,Vegetable salad with frittata,335.00,485.00,0.750
dish_1564428181,quinoa | pork,510.05,320.00,"Plate of food containing pork cutlet, mixed grain pilaf, and arugula salad.",470.00,295.00,0.250
dish_1564428404,pears,113.75,104.00,"Side salad with mixed greens, shredded carrots, and a sprinkle of cheese.",115.00,190.00,0.000
dish_1564428444,cauliflower,157.00,277.00,A simple meal of mixed green salad and cauliflower florets on a white plate.,105.00,295.00,1.000
dish_1564427430,grilled chicken,345.62,170.00,Chicken and Olive Salad,155.00,120.00,0.500
dish_1564428515,pork | quinoa | cauliflower,484.62,479.00,"A plate with a green salad, roasted cauliflower, roasted chicken and shredded cabbage with dressing",520.00,550.00,0.167
dish_1564170542,salmon | brown rice,523.37,440.00,A plate with sauteed zucchini and salmon with rice.,500.00,450.00,0.333
dish_1564429235,chickpeas | tempeh,479.76,253.00,"Tofu and rice dish with mixed green salad, including chickpeas and red pepper.",415.00,380.00,0.250
dish_1564429270,chickpeas | tempeh,605.51,354.00,A plate containing tofu stir fry with rice and a mixed green salad.,500.00,400.00,0.333
dish_1564429702,cauliflower,39.50,158.00,Plate of cauliflower,75.00,200.00,1.000
dish_1564429744,cauliflower | quinoa,282.48,374.00,A plate with cauliflower and roasted chicken,280.00,320.00,0.333
dish_1564429808,cauliflower | pork | quinoa,380.68,422.00,"Plate with cauliflower, roasted chicken and braised pork",460.00,360.00,0.500
dish_1564429843,cauliflower | quinoa | pork,395.73,474.00,"A plate with cauliflower, chicken and squash.",342.00,440.00,0.200
dish_1564429894,quinoa | pork | cauliflower,498.77,566.00,"Plate of cauliflower, couscous, roasted chicken, eggplant and pulled pork.",880.00,700.00,0.400
dish_1564428144,arugula | quinoa,205.21,171.00,A plate with cooked chicken and arugula salad.,265.00,180.00,0.333
dish_1564428475,cauliflower | quinoa,261.62,370.00,Salmon with salad and cauliflower,385.00,430.00,0.333
dish_1564432094,pepperoni pizza,177.66,63.00,A single slice of pepperoni pizza on a white plate.,270.00,100.00,1.000
dish_1564432191,pepperoni pizza | cauliflower | pineapple,261.03,220.00,"A plate with a mixed salad, pineapple, cauliflower, and a slice of pepperoni pizza.",410.00,405.00,1.000
dish_1564429184,tempeh,389.66,202.00,"A plate of rice, tofu and vegetables.",300.00,250.00,0.000
dish_1564502063,bacon,497.72,92.00,Plate of bacon,340.00,100.00,1.000
dish_1564432128,pepperoni pizza,217.03,102.00,A light meal of a mixed green salad and a slice of pepperoni pizza served on a white plate.,340.00,185.00,1.000
dish_1564432165,pepperoni pizza | pineapple,246.03,160.00,"A light meal of pizza, salad and pineapple.",415.00,330.00,1.000
dish_1564503184,bacon,97.38,18.00,A plate containing one slice of bacon and a grain of rice.,56.00,11.00,0.500
dish_1564503219,bacon | egg whites,213.86,242.00,A plate of scrambled eggs with one strip of bacon.,280.00,170.00,1.000
dish_1564514953,white beans | fish | carrot,249.90,281.00,A plate of chicken casserole with carrot slices,250.00,270.00,0.250
dish_1564514906,white beans | fish,199.27,178.00,A serving of fish mixed with vegetables and white beans.,310.00,270.00,1.000
dish_1564514997,carrot | fish | white beans,381.11,396.00,"A balanced meal consisting of lentil stew, baked fish with vegetables, and roasted carrots.",480.00,370.00,0.500
dish_1564515049,carrot | white beans | broccoli | fish,431.64,611.00,"A plate with barley, fish, zucchini and carrots",540.00,570.00,0.333
dish_1564516366,,31.05,27.00,A plate with six olives,35.00,30.00,
dish_1564516397,cherry tomatoes,36.81,59.00,Small plate of cherry tomatoes and olives,59.00,80.00,0.500
dish_1564516454,fish | chicken breast | white beans,311.14,266.00,"A plate with chicken, fish with beans, tomatoes and olives.",420.00,355.00,0.500
dish_1564432238,pepperoni pizza | pineapple | pork,455.39,315.00,"A plate of food containing a slice of pepperoni pizza, mixed green salad, cauliflower, pineapple, and beef stir-fry.",745.00,585.00,0.400
dish_1564516760,chicken thighs | quinoa,442.73,329.00,Plate of roasted chicken with carrots and purple potatoes,450.00,400.00,0.250
dish_1564518454,cheese pizza,164.86,62.00,A single slice of pizza on a white plate.,280.00,100.00,1.000
dish_1564518488,cheese pizza | chicken thighs,248.09,117.00,A plate containing a slice of pizza and a fried chicken drumstick.,419.00,175.00,1.000
dish_1564518512,cheese pizza | chicken thighs | carrot,270.71,163.00,"A plate with pizza, a chicken drumstick, and steamed carrots.",450.00,255.00,1.000
dish_1564518542,carrot | chicken thighs | cheese pizza,342.38,234.00,"A plate with mixed green salad, a slice of cheese pizza, a baked chicken drumstick, and cooked carrots.",550.00,405.00,0.750
dish_1564516732,carrot,26.55,54.00,A small portion of roasted carrots.,50.00,80.00,1.000
dish_1564516429,fish | white beans,178.98,186.00,Plate of baked fish with beans and greens accompanied by cherry tomatoes and black olives.,245.00,265.00,0.333
dish_1564518586,carrot | cheese pizza | chicken thighs,361.41,315.00,"A plate with a mixed green salad, cooked carrots and zucchini/squash, a pizza slice, and a chicken drumstick.",445.00,465.00,0.750
dish_1564588533,sausage | egg whites,236.07,167.00,Breakfast with scrambled eggs and sausage links.,270.00,195.00,1.000
dish_1564588567,sausage | scrambled eggs | egg whites,450.67,312.00,"A plate of sausage links, scrambled eggs, and hard boiled eggs.",510.00,345.00,0.667
dish_1564516483,carrot | white beans | chicken breast | fish,364.23,374.00,"A plate with baked fish, cooked carrots, diced chicken, cherry tomatoes and olives.",465.00,490.00,0.600
dish_1564588719,chilaquiles | sausage,222.28,81.00,"A breakfast plate with hash browns, sausage, and egg.",410.00,185.00,0.250
dish_1564588820,egg whites,81.12,156.00,A small plate of fresh mozzarella cheese with a light sprinkle of pepper.,210.00,80.00,0.000
dish_1564588859,egg whites | greek yogurt | milk | chia seeds,183.59,257.00,"A plate with cottage cheese, chia seed pudding and fruits.",390.00,522.00,0.167
dish_1564588889,egg whites | greek yogurt | chia seeds | milk,234.49,346.00,"A breakfast bowl with Greek yogurt, blueberries, chia seed pudding, and peach pieces.",341.00,390.00,0.400
dish_1564588919,milk | greek yogurt | egg whites | sweet potato | chia seeds,335.94,452.00,"A plate with cottage cheese, blueberries, chia seed pudding, and fried bread.",530.00,520.00,0.143
dish_1564589025,sweet potato,48.81,51.00,Small portion of roasted potatoes on a white plate.,110.00,80.00,1.000
dish_1564589072,sweet potato | chilaquiles,419.31,241.00,A plate of chilaquiles with roasted potatoes and cotija cheese.,700.00,420.00,0.667
dish_1564589308,roasted potatoes,227.01,161.00,A plate of roasted potatoes.,200.00,150.00,1.000
dish_1564518850,frozen yogurt,194.33,119.00,A bowl of chocolate pudding.,380.00,200.00,0.000
dish_1564589366,egg whites | roasted potatoes,324.25,348.00,A plate with scrambled eggs and fried potatoes.,350.00,250.00,1.000
dish_1564590146,watermelon | sweet potato,141.01,205.00,A plate with a small serving of roasted potatoes and a few slices of watermelon.,240.00,250.00,1.000
dish_1564590190,sweet potato | watermelon,194.02,298.00,"A plate of roasted potatoes and fruit (blueberries, strawberries, watermelon) with a small plate of cream cheese",300.00,365.00,0.667
dish_1564590226,watermelon | sweet potato | cantaloupe,220.54,376.00,"A plate of roasted potatoes, cantaloupe, blueberries, strawberries and watermelon, along with cottage cheese.",385.00,540.00,0.750
dish_1564588483,sausage,175.75,51.00,A plate with sausage slices and a tiny bit of scrambled egg.,170.00,75.00,0.500
dish_1564590288,pineapple | watermelon | egg whites | cantaloupe | sweet potato,464.86,848.00,"Breakfast plate with cottage cheese, potatoes, and various fruits.",370.00,650.00,0.667
dish_1564590352,pineapple | cantaloupe | salsa | watermelon | sweet potato | egg whites,497.92,962.00,"A plate of food with cottage cheese, potatoes, watermelon, strawberries, blueberries, cantaloupe, pineapple, and tomato sauce.",405.00,660.00,0.500
dish_1564601470,turnips,15.84,73.00,Plate of melon pieces,20.00,50.00,0.000
dish_1564601528,turnips | roasted potatoes,142.74,163.00,A small meal of daikon radish slices and roasted potatoes with herbs.,164.00,200.00,0.333
dish_1564601569,turnips | roasted potatoes | brussels sprouts,208.10,291.00,"Plate with daikon radish, roasted potatoes, and brussel sprouts.",210.00,420.00,0.500
dish_1564601600,chicken | brussels sprouts | roasted potatoes,600.80,434.00,"A plate with fried chicken, roasted potatoes, radishes, and brussel sprouts.",590.00,445.00,0.600
dish_1564588688,sausage,148.18,43.00,Four sausage pieces on a white plate.,120.00,50.00,1.000
dish_1564605293,cheese pizza,404.17,152.00,Three slices of pizza on a white plate.,840.00,300.00,1.000
dish_1564605328,cheese pizza,541.24,349.00,Pizza with two types of salads,440.00,330.00,0.333
dish_1564675060,watermelon,23.10,77.00,A small serving of cut watermelon on a plate.,30.00,100.00,1.000
dish_1564675118,watermelon | sweet potato,177.19,238.00,A plate with roasted potatoes and watermelon cubes.,240.00,250.00,1.000
dish_1564675157,grapes | watermelon | sweet potato,208.93,284.00,"Plate with roasted potatoes, red grapes, watermelon and gnocchi",374.00,340.00,0.750
dish_1564675193,grapes | egg whites | sweet potato,478.81,803.00,"Breakfast with scrambled eggs, roasted potatoes, grapes, and watermelon",475.00,460.00,0.750
dish_1564675240,grapes | egg whites | sweet potato,502.88,886.00,"A meal consisting of mashed potatoes with tomato sauce, roasted potatoes, grapes, and watermelon.",428.00,650.00,0.400
dish_1564590115,sweet potato,115.81,121.00,A serving of roasted potatoes on a white plate.,160.00,150.00,1.000
dish_1564675411,egg whites | turkey bacon,235.53,308.00,A plate of mashed potatoes with gravy and bacon.,343.00,260.00,0.250
dish_1564675380,turkey bacon,87.33,23.00,A single slice of bacon on a plate.,150.00,35.00,1.000
dish_1564685183,green beans,127.11,150.00,"Salad with mixed greens, green beans and carrots",100.00,325.00,0.500
dish_1564685229,green beans | cherry tomatoes | bell peppers | lime | ketchup | spinach (raw) | millet | onions | lettuce | cucumbers,591.44,347.00,"A plate with steak, salad, and string beans",430.00,310.00,0.100
dish_1564685360,millet,304.05,129.00,A partial serving of beef steak with fried garlic and vegetables on a white plate.,300.00,150.00,0.000
dish_1564601638,chicken | roasted potatoes | fish | brussels sprouts,712.46,541.00,"Plate of radish, potatoes, fried chicken, brussels sprouts, and chicken breast.",610.00,620.00,0.600
dish_1564685450,pizza,623.01,288.00,"A plate with a slice of pizza, steak, salad and couscous.",800.00,410.00,1.000
dish_1564685482,pizza | brownies,851.40,337.00,"Plate with steak, salad, pizza slice, and brownie.",1000.00,440.00,0.333
dish_1564686657,cheese pizza,279.19,105.00,Two slices of pizza on a white plate.,350.00,150.00,1.000
dish_1564686702,cheese pizza,307.94,130.00,Two slices of pizza with kalamata olives,290.00,125.00,0.500
dish_1564590254,pineapple | watermelon | cantaloupe | sweet potato,248.54,432.00,A fruit and potato breakfast.,475.00,590.00,0.800
dish_1564686791,chicken breast | cheese pizza,601.35,343.00,"A plate with pizza, salad, chicken, and olives.",700.00,430.00,1.000
dish_1564685144,green beans,26.16,50.00,Small serving of asparagus on a white plate.,20.00,100.00,0.000
dish_1564686855,brownies | chicken breast | cheese pizza,1030.16,435.00,"Pizza with salad, chicken, and tempeh",800.00,430.00,0.500
dish_1564686966,ketchup | millet | bell peppers | spinach (raw) | onions,153.20,65.00,Small portion of steak on a plate.,220.00,85.00,0.000
dish_1564685406,bell peppers | cherry tomatoes | ketchup | spinach (raw) | onions | lime | lettuce | cucumbers | millet,367.65,192.00,A plate of beef steak with quinoa and a mixed green salad.,410.00,330.00,0.000
dish_1564687046,white rice | green beans | ketchup | fish,374.79,308.00,"Plate of steak, green beans, and fish with tomato sauce",545.00,400.00,0.500
dish_1564687090,fish | white rice | ketchup | green beans,498.02,416.00,"A plate with steak, green beans, cooked mackerel with tomato sauce, and lentils with tofu.",695.00,505.00,0.167
dish_1564688969,cheese pizza,239.31,90.00,Two slices of cheese pizza on a white plate.,367.00,140.00,1.000
dish_1564689078,spinach (raw),72.36,55.00,Small snack of blueberries and spinach,25.00,55.00,1.000
dish_1564689108,chickpeas | arugula,203.66,159.00,Chickpea and spinach salad with pear and blueberries.,222.00,231.00,0.400
dish_1564686740,cheese pizza,399.80,221.00,Two slices of pizza with a mixed green salad and olives.,625.00,330.00,1.000
dish_1564689168,tofu | chickpeas,352.95,339.00,"Salad with tofu, chickpeas, and lentils",430.00,390.00,0.667
dish_1564689219,chickpeas | lentils | tofu,506.85,474.00,"Plate of lentils, tofu, chickpeas and salad",520.00,420.00,1.000
dish_1564690038,lentils,92.34,81.00,A small portion of bitter melon stir fry with a few green beans on a white plate.,95.00,130.00,0.000
dish_1564690085,lentils | chickpeas,170.62,143.00,"Plate with cooked fish, green vegetables, and chickpeas.",205.00,195.00,0.250
dish_1564690138,lentils | green beans | chickpeas,190.50,181.00,"A plate with green beans, roasted cauliflower and chickpeas.",211.00,320.00,0.500
dish_1564690167,lentils | chickpeas,251.78,207.00,"A plate of vegan food with tempeh, green beans, bitter melon, chickpeas, and arugula",235.00,320.00,0.167
dish_1564687013,fish | ketchup | white rice,330.84,224.00,Steak with stuffed eggplant and rice.,600.00,325.00,0.250
dish_1564691380,green beans | corn on the cob,96.26,111.00,A plate with green beans and two slices of corn on the cob.,90.00,175.00,1.000
dish_1564691420,corn on the cob | green beans,212.35,226.00,"A plate with green beans, corn, and a side salad.",175.00,335.00,1.000
dish_1564691450,corn on the cob,542.33,366.00,"A plate of sliced beef, salad, corn, and green beans",450.00,490.00,0.333
dish_1564761388,egg whites,54.60,105.00,A serving of scrambled eggs on a white plate.,200.00,150.00,1.000
dish_1564761426,egg whites | fried rice,207.57,202.00,A plate of scrambled eggs and fried rice.,390.00,300.00,1.000
dish_1564761457,fried rice | turkey bacon | egg whites,287.31,223.00,"Breakfast with scrambled eggs, fried rice and turkey bacon",445.00,310.00,1.000
dish_1564761488,turkey bacon | egg whites | fried rice | honeydew melons,327.99,336.00,"Breakfast plate with scrambled eggs, fried rice, bacon and melon.",570.00,470.00,1.000
dish_1564773826,cherry tomatoes,10.08,56.00,Plate of cherry tomatoes,20.00,100.00,1.000
dish_1564773847,salmon | mayonnaise | lentils,238.03,161.00,A meal of salmon and cherry tomatoes.,200.00,185.00,0.250
dish_1564773876,salmon | lentils | broccoli | mayonnaise,258.33,219.00,"A light meal consisting of fish, broccoli, and cherry tomatoes.",260.00,355.00,0.167
dish_1564773903,salmon | pineapple | mayonnaise | broccoli,316.83,336.00,"A plate with pineapple, cherry tomatoes, broccoli and fish",275.00,285.00,0.333
dish_1564773942,salmon | chicken breast | mayonnaise | pineapple,491.94,442.00,"Plate with chicken, pineapple, cherry tomatoes, broccoli, and fish.",377.00,425.00,0.286
dish_1564773976,chicken breast | mayonnaise | salmon | pineapple,516.09,463.00,"A plate of diced chicken, pineapple chunks, cherry tomatoes, black olives, broccoli florets and cooked salmon",476.00,455.00,0.500
dish_1564774773,broccoli,50.14,90.00,Plate of steamed broccoli.,50.00,170.00,1.000
dish_1564686832,brownies | chicken breast | cheese pizza,829.74,392.00,"A plate containing two slices of pizza, a mixed green salad, diced grilled chicken, kalamata olives, and a crisp.",675.00,415.00,0.400
dish_1564775147,salmon | mayonnaise | lentils,327.81,151.00,Two small grilled salmon pieces on a white plate.,250.00,150.00,0.333
dish_1564775182,salmon | lentils | mayonnaise | broccoli,398.00,277.00,A meal consisting of salmon and broccoli.,235.00,200.00,0.500
dish_1564775216,salmon | mayonnaise | broccoli | beef,530.60,340.00,"A plate with broccoli, salmon, and beef.",380.00,315.00,0.750
dish_1564777933,cheese pizza,103.70,39.00,A single slice of pizza on a white plate.,280.00,100.00,1.000
dish_1564777960,cheese pizza | beef,331.01,147.00,A plate containing a slice of pizza and some cooked pork tenderloin.,450.00,220.00,0.333
dish_1564777986,cheese pizza | broccoli | beef,372.23,221.00,"A meal consisting of a slice of pizza, roasted pork, and broccoli.",580.00,370.00,0.500
dish_1564778030,cheese pizza | broccoli | beef,504.42,283.00,"A plate with pizza, pork, broccoli and salad.",620.00,380.00,0.500
dish_1564778057,rice noodles | beef | cheese pizza,575.19,377.00,"Plate with a slice of cheese pizza, roasted pork tenderloin, broccoli, mixed green salad and coleslaw with tofu.",710.00,560.00,0.167
dish_1565020755,bacon,43.28,8.00,A single slice of bacon on a white plate.,70.00,20.00,1.000
dish_1565020796,egg whites,90.60,99.00,A plate of cottage cheese and bacon.,285.00,180.00,0.000
dish_1564774805,mayonnaise | salmon | lentils,621.09,353.00,A plate with broccoli and a piece of cooked fish.,312.00,350.00,0.000
dish_1565020867,egg whites | sweet potato,255.80,325.00,"Plate with berries, bacon, sweet potato, and cream",305.00,280.00,0.250
dish_1564690194,white rice | fish | ketchup | lentils,500.92,430.00,"A plate with rice pilaf, cooked fish, green beans, roasted cauliflower and chickpea salad.",500.00,510.00,0.286
dish_1564689138,chickpeas,268.27,223.00,"A mixed greens salad with chickpeas, pear, and olives.",230.00,310.00,0.500
dish_1565020822,egg whites | sweet potato,180.56,193.00,"A plate with cottage cheese, cooked sweet potato cubes, and bacon.",330.00,223.00,0.250
dish_1565021054,tofu | waffles,263.75,144.00,Waffles with a tofu scramble topping,550.00,250.00,1.000
dish_1565020895,egg whites | milk | greek yogurt | sweet potato,348.13,416.00,"Breakfast plate with berries, cooked sweet potato, bacon, chia seed pudding, and ricotta cheese.",450.00,400.00,0.125
dish_1565021104,waffles | tofu | egg whites,291.31,197.00,A waffle with scrambled tofu with vegetables and vegan cream cheese,618.00,210.00,0.500
dish_1565020926,sweet potato | grapes | greek yogurt | egg whites | milk,398.50,489.00,"A plate with a variety of breakfast items including fruits (raspberries, blackberries, grapes), ricotta cheese, sweet potato, bacon and chia seed pudding.",510.00,470.00,0.250
dish_1565021141,waffles | egg whites | sausage | tofu,467.05,248.00,"Plate with waffle, sausage, scrambled tofu with vegetables, and cream cheese.",570.00,225.00,0.600
dish_1565021599,egg whites,206.96,398.00,A plate of feta cheese and roasted sweet potatoes,310.00,150.00,0.000
dish_1565021185,waffles | egg whites | sausage | tofu,481.50,296.00,"Plate of waffles, sausage, potatoes, tofu scramble, and ricotta cheese.",690.00,325.00,0.500
dish_1565021220,egg whites | sweet potato | waffles | tofu | sausage,543.71,361.00,"A plate with a waffle, sweet potato cubes, sausage slices, scrambled eggs with vegetables, and ricotta cheese.",680.00,395.00,0.667
dish_1565021640,egg whites | sweet potato,304.58,500.00,"A breakfast plate with scrambled eggs, roasted sweet potato and cantaloupe.",312.00,320.00,0.667
dish_1565021965,egg whites,92.04,177.00,A plate of paneer cheese.,340.00,170.00,0.000
dish_1565021675,sweet potato | egg whites | honeydew melons,331.58,575.00,"A plate with scrambled eggs, roasted sweet potatoes, cantaloupe and honeydew melon.",425.00,600.00,0.750
dish_1565021714,egg whites | honeydew melons | sweet potato,381.17,662.00,"Breakfast plate with scrambled eggs, roasted sweet potato, and mixed fruit (strawberries, blueberries, cantaloupe, and honeydew melon).",345.00,425.00,0.750
dish_1565022027,sweet potato | egg whites,178.18,267.00,A plate of cottage cheese and roasted sweet potatoes.,350.00,340.00,0.333
dish_1565023128,granola,41.59,32.00,Small side salad of mixed greens,15.00,80.00,0.000
dish_1565022062,egg whites | sweet potato,234.61,366.00,"Plate with cottage cheese, roasted sweet potato, raspberries, and blackberries.",275.00,385.00,0.333
dish_1565023157,scrambled eggs,379.03,260.00,A plate of scrambled eggs served over mixed greens.,285.00,200.00,1.000
dish_1565023182,scrambled eggs | bacon,638.71,308.00,"A plate with scrambled eggs, bacon, and mixed green salad.",445.00,260.00,1.000
dish_1565024675,turkey bacon,129.10,34.00,Two pieces of bacon with some scrambled eggs.,190.00,80.00,0.500
dish_1565024707,turkey bacon | scrambled eggs,299.30,149.00,A breakfast of scrambled eggs with turkey bacon and hot sauce,325.00,215.00,0.667
dish_1565030350,lettuce | lime | cucumbers | onions | cherry tomatoes,62.59,62.00,Arugula salad with shredded carrots.,25.00,70.00,0.000
dish_1565031283,beef | white rice,252.68,116.00,A small portion of rice with meat and greens on a white plate.,250.00,200.00,0.500
dish_1565024741,turkey bacon | scrambled eggs | roasted potatoes,359.93,192.00,"A breakfast plate with scrambled eggs, turkey bacon and diced potatoes.",410.00,280.00,1.000
dish_1565030391,white rice | beef,609.33,313.00,"A plate with a salad, broccoli, and a meat and rice dish",330.00,450.00,0.250
dish_1565032680,figs | arugula,280.28,208.00,Cantaloupe and mixed greens salad with dressing,110.00,215.00,0.000
dish_1565031338,beef | white rice | caesar salad,296.24,215.00,A plate with a Caesar salad and a portion of rice with chicken.,450.00,350.00,0.667
dish_1565031376,beef | cauliflower | caesar salad,319.49,308.00,"A plate of food containing caesar salad, cooked cauliflower, rice, and meat.",400.00,500.00,0.500
dish_1565032714,figs | squash | arugula,315.59,330.00,"A plate of roasted butternut squash, cantaloupe, and mixed greens.",210.00,400.00,0.250
dish_1565033085,,15.40,55.00,A simple mixed greens salad in a white bowl.,20.00,100.00,
dish_1565033110,broccoli,47.60,147.00,A salad with mixed greens and broccoli,82.00,280.00,1.000
dish_1565032748,beef | arugula | figs,544.31,435.00,"A light meal consisting of roasted eggplant, cantaloupe chunks, rice and mixed greens.",250.00,495.00,0.000
dish_1565033139,broccoli,193.65,274.00,"Bowl of mixed salad consisting of chicken hearts, broccoli, and mixed greens.",195.00,300.00,0.500
dish_1565033189,chicken | broccoli,578.10,507.00,"Mixed salad with chicken, kidney beans and broccoli",395.00,355.00,0.667
dish_1565033220,chicken,908.60,578.00,"Salad with mixed greens, broccoli, tofu, kidney beans, and dressing",385.00,440.00,0.000
dish_1565033265,chicken,1324.08,625.00,"A salad with broccoli, red kidney beans, lettuce, tofu, and dressing.",334.00,415.00,0.000
dish_1565034234,cauliflower,43.75,175.00,A plate of cooked cauliflower.,75.00,200.00,1.000
dish_1565034281,roasted potatoes | cauliflower,228.46,306.00,A meal consisting of cauliflower and purple potatoes.,225.00,350.00,1.000
dish_1565034605,lettuce | lime | cucumbers | onions | cherry tomatoes,52.49,52.00,Small mixed greens salad with diced mango and carrot.,65.00,175.00,0.000
dish_1565034330,cauliflower | beef | roasted potatoes,614.02,483.00,"A plate with cauliflower, stir fried eggplant, and stir fried rice with vegetables.",475.00,550.00,0.200
dish_1565034661,cheese pizza,219.81,146.00,A plate with a slice of lasagna and a side salad.,400.00,300.00,0.000
dish_1565034635,arugula,124.09,110.00,A small mixed greens salad with a small amount of raisins and walnuts.,145.00,222.00,0.000
dish_1565035715,onions,15.60,39.00,Sliced red onion on a plate,15.00,50.00,1.000
dish_1565035746,onions | cauliflower,43.10,149.00,A simple plate with cauliflower and red onion.,63.00,210.00,1.000
dish_1565035774,onions | cauliflower | bell peppers,57.50,185.00,"A small plate with raw cauliflower florets, slices of green bell pepper and red onion.",85.00,285.00,1.000
dish_1565034681,cheese pizza | pizza,323.55,185.00,A plate with two pieces of lasagna served on top of mixed green salad.,450.00,300.00,0.000
dish_1565035802,onions | cherry tomatoes | cauliflower | bell peppers,69.20,250.00,"Plate of raw vegetables including cauliflower, cherry tomatoes, green bell pepper, and red onion.",110.00,425.00,1.000
dish_1565035830,chicken breast | cauliflower,340.13,414.00,"A plate of ingredients including chicken, cauliflower, bell pepper, red onion, and cherry tomatoes, possibly for a stir-fry or salad.",295.00,380.00,0.400
dish_1565036788,cheese pizza,186.13,70.00,A single slice of cheese pizza on a white plate.,270.00,100.00,1.000
dish_1565035858,chicken breast | watermelon | cauliflower,375.23,531.00,"A plate of diced chicken, cauliflower, watermelon, tomatoes, and bell peppers.",315.00,510.00,0.500
dish_1565036821,beef | cheese pizza,325.54,134.00,Steak and Pizza slice on a plate.,485.00,180.00,0.500
dish_1565036890,roasted potatoes | beef | cheese pizza | chicken thighs,520.86,260.00,"Assorted meal with roasted potatoes, chicken with rice, a meat roll, and pizza slice.",620.00,375.00,0.600
dish_1565036922,chicken thighs | roasted potatoes | cheese pizza | beef,539.86,336.00,"Plate with roasted potatoes, chicken stir fry, cauliflower, roast beef, and a slice of pizza",750.00,495.00,0.800
dish_1565107066,scrambled eggs,127.28,86.00,A plate of scrambled eggs.,210.00,150.00,1.000
dish_1565036953,chicken thighs | caesar salad | beef | roasted potatoes | cheese pizza,586.94,443.00,"A plate containing Caesar salad, roasted potatoes, cauliflower, chicken, beef, and pizza.",830.00,625.00,0.833
dish_1565107092,scrambled eggs | egg whites,313.44,444.00,Scrambled eggs and cottage cheese on a white plate.,285.00,225.00,0.500
dish_1565107119,sweet potato | scrambled eggs | egg whites,426.37,562.00,"Plate of scrambled eggs, cheese sauce and fried potatoes",550.00,350.00,0.667
dish_1565107143,watermelon | egg whites | scrambled eggs | sweet potato,454.27,655.00,"A plate with watermelon, scrambled eggs, egg salad, and fried plantains.",630.00,450.00,0.500
dish_1565107171,sweet potato | scrambled eggs | egg whites | watermelon | grapes,501.88,724.00,"A plate containing red grapes, cubed watermelon, scrambled eggs, sliced hard-boiled eggs, and French toast.",609.00,515.00,0.500
dish_1565109606,sweet potato,89.96,94.00,A small portion of fried potatoes on a white plate.,250.00,100.00,1.000
dish_1565109637,sweet potato | egg whites,172.64,253.00,A plate of fried potatoes and cottage cheese.,450.00,350.00,0.333
dish_1565107211,sweet potato | scrambled eggs | egg whites | watermelon | grapes,523.63,799.00,"Plate with scrambled eggs, feta cheese, cottage cheese with tomato sauce, watermelon, grapes and grilled zucchini.",510.00,695.00,0.375
dish_1565117429,cheese pizza,390.87,147.00,A plate of cheese pizza slices and a taco.,450.00,175.00,0.500
dish_1565109659,sweet potato | bacon | egg whites,226.74,263.00,"A breakfast with scrambled eggs, fried potatoes, and bacon.",530.00,350.00,1.000
dish_1565117892,tuna,132.60,102.00,"A meal consisting of tuna salad, diced chicken and tomato slices.",355.00,295.00,0.333
dish_1565117463,caesar salad | cheese pizza,435.31,248.00,"A meal containing three slices of cheese pizza, caesar salad and one taco",1050.00,550.00,0.667
dish_1565117934,chicken breast | tuna,352.32,235.00,Diced chicken breast and tuna salad served with red pepper slices.,410.00,320.00,0.667
dish_1565117962,chicken breast | bell peppers | tuna,379.92,304.00,"A plate with diced chicken breast, tuna salad, and sliced bell peppers.",430.00,400.00,1.000
dish_1565117990,tuna | chicken breast | cheese pizza,582.00,380.00,"A plate with pizza, tuna salad, chopped chicken, and bell peppers.",520.00,360.00,0.750
dish_1565118029,chicken breast | cheese pizza | tuna,595.14,453.00,"Plate with pizza slice, tuna salad, bell peppers, tomatoes, and a pineapple and carrot salad",600.00,420.00,0.400
dish_1565118067,chicken breast | tuna | cheese pizza,623.43,522.00,"Plate with pizza, tuna salad, shredded carrots, bell pepper and tomato salad, and chicken pieces.",680.00,540.00,0.600
dish_1565118096,chicken breast | tuna | cheese pizza | pineapple,656.43,588.00,"Plate with pizza, tuna salad, chicken, carrots, bell peppers and pineapple.",545.00,425.00,0.667
dish_1565118700,chard | kale,16.66,49.00,Small plate of beetroot salad,40.00,100.00,0.000
dish_1565118729,beef | millet,435.49,248.00,Roast beef with swiss chard,330.00,250.00,0.333
dish_1565118782,beef | millet,557.52,353.00,"A plate with roast beef, arugula quinoa salad and beet greens.",430.00,300.00,0.250
dish_1565119418,cheese pizza,324.40,122.00,Three slices of pizza on a white plate,400.00,150.00,1.000
dish_1565119439,beef | cheese pizza,465.41,189.00,A plate containing a portion of pork and pizza.,610.00,250.00,0.333
dish_1565118999,lettuce | feta cheese,200.39,288.00,"Greek salad with mixed greens, tomatoes, cucumber, red onion, olives, and feta, dressed with vinaigrette.",210.00,260.00,0.167
dish_1565119464,cheese pizza | beef,504.07,223.00,"A meal containing pork, pizza, and a spinach salad.",600.00,280.00,0.250
dish_1565119642,kale | chard,26.52,78.00,A plate of kale and beet,79.00,155.00,0.333
dish_1565119493,beef | cheese pizza,529.14,280.00,"A plate with roasted pork, pizza, caesar salad, and spinach salad. On another plate, there is cooked zucchini and kale.",820.00,580.00,0.143
dish_1565119669,kale | zucchini | chard | chayote squash,55.97,229.00,kale and beet salad with sauteed squash and zucchini,135.00,330.00,0.600
dish_1565123783,cheese pizza,93.06,35.00,A single slice of pizza on a white plate.,210.00,80.00,1.000
dish_1565119698,zucchini | kale | beef | chayote squash,222.24,308.00,"A meal consisting of beef tenderloin, kale, beets, yellow squash, and zucchini.",390.00,365.00,0.800
dish_1565119739,beef,396.80,461.00,"Plate with kale, couscous, sliced beef, and squash.",540.00,445.00,0.333
dish_1565123816,beef | cheese pizza,250.92,110.00,A plate with a slice of pizza and a small portion of roast beef.,410.00,155.00,1.000
dish_1565123845,cheese pizza | beef,268.66,201.00,"A plate with a slice of pizza, roast beef, and sauteed zucchini.",425.00,235.00,0.667
dish_1565194684,egg whites,196.56,378.00,"Plate with mozzarella cheese, sweet potatoes, grapes and mushrooms",450.00,339.00,0.000
dish_1565123881,caesar salad | cheese pizza | beef,406.82,515.00,"A plate with caesar salad, a slice of pizza, sliced pork tenderloin, and roasted zucchini.",630.00,485.00,0.400
dish_1565194752,sweet potato | egg whites,322.89,510.00,A plate of cottage cheese with roasted sweet potatoes and mushrooms.,375.00,450.00,0.250
dish_1565194781,sweet potato | carrot | egg whites,351.41,568.00,A plate with cottage cheese and roasted sweet potatoes.,370.00,340.00,0.250
dish_1565194823,sweet potato | carrot | egg whites | grapes,386.60,619.00,"Plate with cottage cheese, roasted sweet potato, and red grapes",304.00,377.00,0.400
dish_1565194852,watermelon | egg whites | sweet potato | grapes | carrot,428.60,759.00,"Plate with cottage cheese, roasted sweet potatoes, tomato chunks, and grapes.",350.00,535.00,0.286
dish_1565195362,sweet potato,98.58,103.00,Small plate of roasted sweet potato and mushroom,126.00,200.00,0.500
dish_1565195398,chicken apple sausage | sweet potato,135.38,126.00,A small plate with roasted sweet potatoes and a mushroom.,165.00,200.00,0.333
dish_1565194906,grapes | watermelon | salsa | carrot | egg whites | sweet potato,451.80,839.00,"A plate with cottage cheese, applesauce, roasted sweet potatoes, watermelon, cantaloupe, and red grapes.",415.00,722.00,0.333
dish_1565195436,chicken apple sausage | sweet potato | bacon,340.96,164.00,"Plate of bacon, roasted sweet potato, and meatballs.",406.00,175.00,0.500
dish_1565196260,egg whites,74.36,143.00,A plate of fresh mozzarella cheese.,200.00,75.00,0.000
dish_1565195493,sweet potato | chicken apple sausage | bacon | egg whites,407.00,291.00,"Breakfast plate with scrambled eggs, bacon, sweet potatoes and meatballs.",690.00,375.00,0.600
dish_1565203015,chicken | brown rice,663.94,397.00,A plate of chicken stir fry with zucchini.,315.00,325.00,0.333
dish_1565204855,brussels sprouts,53.61,105.00,Plate of cooked brussels sprouts,45.00,150.00,1.000
dish_1565203094,chicken | pizza,898.02,485.00,A meal consisting of a slice of pizza and chicken stir-fry with vegetables.,630.00,300.00,1.000
dish_1565204891,brussels sprouts | chicken thighs | white rice,302.89,314.00,Chicken stir fry with brussels sprouts on a white plate.,300.00,320.00,0.667
dish_1565207631,white rice,64.41,54.00,A small portion of tempura with green bell pepper.,152.00,85.00,0.000
dish_1565207662,white rice | fish | country rice,145.94,128.00,A plate with a fish fillet and some green beans.,260.00,180.00,0.333
dish_1565204931,chicken thighs | white rice | caesar salad | brussels sprouts,391.33,515.00,"A plate with a Caesar salad, roasted Brussels sprouts, and risotto.",650.00,450.00,0.400
dish_1565207694,white rice | country rice | fish | broccoli,173.79,178.00,Baked chicken with steamed broccoli and some green onions.,235.00,195.00,0.200
dish_1565207727,broccoli | white rice | fish | pizza | country rice,314.77,231.00,"A plate with chicken and rice casserole, broccoli and a pizza slice.",560.00,345.00,0.750
dish_1565207815,brussels sprouts,40.85,80.00,A plate with roasted brussels sprouts and omelette.,350.00,350.00,0.500
dish_1565207865,brussels sprouts,112.96,129.00,Salad and brussel sprouts,125.00,300.00,0.333
dish_1565207896,brussels sprouts | tofu,298.38,383.00,"Vegetarian plate with tofu, rice, greens and brussels sprouts",270.00,450.00,0.400
dish_1565208562,caesar salad,40.48,92.00,Caesar Salad,198.00,110.00,0.250
dish_1565208637,chicken thighs | white rice | caesar salad | brussels sprouts,250.19,305.00,"Chicken with Brussels sprouts, croutons, and Parmesan",380.00,275.00,0.333
dish_1565208611,brussels sprouts | caesar salad,73.67,157.00,A light meal consisting of Caesar salad and Brussels sprouts.,195.00,240.00,1.000
dish_1565209922,white rice | chicken thighs,201.57,169.00,A portion of chicken stir fry on a white plate,250.00,150.00,0.500
dish_1565209963,chicken thighs | white rice | brussels sprouts,244.46,253.00,A plate with pulled chicken and roasted Brussel sprouts.,285.00,250.00,0.667
dish_1565210009,white rice | chicken thighs | brussels sprouts,263.82,290.00,"Plate with pulled chicken, brussels sprouts, and green beans.",310.00,350.00,0.500
dish_1565369938,bacon,167.71,31.00,Plate with 3 strips of bacon.,270.00,50.00,1.000
dish_1565210037,brussels sprouts | white rice | pineapple | chicken thighs,291.82,346.00,"A plate with pulled chicken, broccoli, green beans, and potatoes.",420.00,500.00,0.143
dish_1565210073,brussels sprouts | white rice | pineapple | chicken thighs | caesar salad,364.42,511.00,"A plate with fried chicken, caesar salad, green beans, broccoli, and potatoes.",745.00,625.00,0.250
dish_1565369971,green beans | bacon,221.60,134.00,A plate with green beans and bacon.,225.00,190.00,1.000
dish_1565370004,bacon | scrambled eggs | green beans,570.88,370.00,"A plate containing scrambled eggs, bacon, and green beans.",366.00,290.00,1.000
dish_1565378680,,92.42,81.00,A small portion of couscous with spinach and tofu,227.00,155.00,0.000
dish_1565378731,carrot,154.36,207.00,A plate of couscous and cooked carrots,275.00,300.00,1.000
dish_1565379251,carrot,32.94,67.00,Small serving of roasted carrots on a plate.,45.00,100.00,1.000
dish_1565378770,pork | carrot,319.28,287.00,Plate of roasted vegetables and couscous with seitan.,432.00,400.00,0.250
dish_1565379320,pork | sugar | white rice | carrot,404.01,247.00,A plate of fried rice with pork and some roasted sweet potatoes.,550.00,370.00,0.200
dish_1565379377,sugar | caesar salad | carrot | pork,470.01,397.00,"A meal consisting of pork stir-fry, salad with dressing, and roasted sweet potatoes.",550.00,450.00,0.200
dish_1565379788,carrot,49.65,101.00,Small plate of sliced carrots with salad.,50.00,130.00,1.000
dish_1565379827,carrot | rice noodles,150.53,235.00,Chow mein with small sausages,380.00,210.00,0.000
dish_1565382733,pepperoni pizza,287.64,102.00,A single slice of pepperoni pizza.,300.00,100.00,1.000
dish_1565379868,pork | rice noodles | sugar | carrot,560.77,434.00,"A plate with Asian noodle salad, pork stir fry, and roasted carrots.",680.00,550.00,0.750
dish_1565382803,roasted potatoes | pepperoni pizza,359.41,177.00,"A plate with a slice of pepperoni pizza, some slices of red bell pepper, and a few pieces of roasted potatoes.",270.00,160.00,0.667
dish_1565382762,pepperoni pizza,305.83,139.00,Two slices of pepperoni pizza accompanied by marinated red peppers.,450.00,220.00,0.500
dish_1565382969,spinach (raw),13.11,57.00,Bowl of fresh spinach.,14.00,100.00,1.000
dish_1565382833,tofu | pepperoni pizza | roasted potatoes,396.64,228.00,"A plate with a slice of pepperoni pizza, roasted bell peppers, tofu, and eggplant.",470.00,320.00,0.400
dish_1565382886,tofu | roasted potatoes | caesar salad | rice noodles | pepperoni pizza,470.09,348.00,"A plate with a variety of foods including salad, noodles, pizza, roasted vegetables, and tofu.",840.00,670.00,0.833
dish_1565382995,spinach (raw) | cucumbers,23.21,158.00,Spinach and cucumber salad,25.00,159.00,1.000
dish_1565383062,chicken,362.96,403.00,"Salad with spinach, chicken, olives, and cucumber",247.00,240.00,0.250
dish_1565383097,chicken | parmesan cheese,479.25,430.00,"Salad with chicken, spinach, cucumber, olives, and parmesan.",315.00,205.00,0.400
dish_1565383128,parmesan cheese | chicken,600.28,456.00,"Chicken salad with spinach, olives, cucumber, Parmesan, and dressing",375.00,195.00,0.400
dish_1565383159,parmesan cheese | chicken,706.36,468.00,"Salad with chicken, spinach, olives, cucumber, parmesan cheese, and dressing",275.00,220.00,0.500
dish_1565627751,sweet potato,68.91,72.00,A small plate of roasted sweet potatoes.,120.00,150.00,1.000
dish_1565627800,sweet potato | egg whites,167.19,261.00,A meal consisting of roasted sweet potato and scrambled eggs.,350.00,280.00,1.000
dish_1565637162,pasta salad | pork,581.51,286.00,"Plate with rice, chicken, and pasta salad.",550.00,350.00,0.333
dish_1565637123,pasta salad,229.71,114.00,A plate containing a mixed greens salad with macaroni salad and chopped apples.,245.00,305.00,0.000
dish_1565637504,pineapple,28.00,56.00,A small serving of pineapple chunks,68.00,100.00,1.000
dish_1565637548,pineapple | quinoa,93.44,102.00,A plate with buckwheat and pineapple.,293.00,295.00,0.333
dish_1565383026,spinach (raw) | cucumbers,171.56,287.00,"Salad with spinach, cucumber, and kidney beans",114.00,130.00,0.667
dish_1565637608,pork | quinoa | chicken breast | pineapple,422.29,278.00,"A meal consisting of Buckwheat, Chicken, Rice, Tofu, and Pineapple",550.00,445.00,0.286
dish_1565637578,pineapple | quinoa | chicken breast,197.30,168.00,"A plate with breaded chicken, buckwheat, pineapple, sliced red pepper, and onion.",445.00,380.00,0.400
dish_1565638287,pork | white rice,357.93,175.00,Pulled pork with white rice and greens.,485.00,210.00,1.000
dish_1565382856,pepperoni pizza | tofu | rice noodles | roasted potatoes,446.33,294.00,"A plate containing a slice of pepperoni pizza, noodles, tofu, and roasted vegetables including red bell pepper.",700.00,425.00,0.500
dish_1565638365,pork | brown rice,612.35,389.00,"A plate with mixed green salad, rice, tofu, and cooked meat.",540.00,500.00,0.333
dish_1565638323,pork | brown rice,467.82,274.00,"A plate of pulled pork with brown rice, green vegetables and sweet potatoes.",610.00,395.00,0.500
dish_1565638478,green beans,47.62,91.00,A plate of asparagus,20.00,100.00,0.000
dish_1565638515,pork | green beans,198.97,165.00,A plate with a serving of asparagus and pulled pork.,190.00,175.00,0.500
dish_1565638550,pork | chicken breast | green beans,277.66,215.00,"A plate with asparagus, breaded chicken breast, and pulled pork",430.00,305.00,0.667
dish_1565640195,bell peppers,21.60,54.00,Chopped red and green bell peppers on a plate,15.00,60.00,1.000
dish_1565638599,green beans | pork | chicken breast | quinoa,368.70,279.00,"A plate with asparagus, buckwheat, breaded chicken, and artichoke hearts.",460.00,450.00,0.167
dish_1565640227,bell peppers | pepperoni pizza,334.62,165.00,A light meal consisting of pizza and mixed bell peppers.,430.00,250.00,1.000
dish_1565640427,brownies,195.76,42.00,Pizza and meat dish.,301.00,126.00,0.000
dish_1565640272,bell peppers | pepperoni pizza | cherry tomatoes,377.82,405.00,"A meal consisting of pepperoni pizza, cherry tomatoes, bell peppers, asparagus and olives.",520.00,530.00,1.000
dish_1565640528,arugula | mangos | tomatoes,38.55,105.00,"Side salad with mixed greens, tomato, and mango.",98.00,255.00,0.667
dish_1565640365,cherry tomatoes | chicken breast | pepperoni pizza,720.89,623.00,"A plate with a variety of foods including pizza, grilled chicken, vegetables, and olives.",690.00,610.00,0.600
dish_1565640549,tomatoes | arugula | mangos,45.48,139.00,"Salad with asparagus, mango and tomato.",93.00,300.00,0.667
dish_1565640576,white rice | pork,307.29,267.00,"Plate with pork, rice, salad, and asparagus",335.00,430.00,0.400
dish_1565640772,chicken,241.17,191.00,Chicken salad with mixed greens.,230.00,200.00,1.000
dish_1565640601,chicken breast | pork,411.15,333.00,"A mixed plate with chicken, rice, salad, asparagus, and zucchini.",310.00,330.00,0.333
dish_1565640812,black beans | chicken,297.93,234.00,"A salad with mixed greens, black beans, and tofu.",255.00,275.00,0.333
dish_1565640842,chicken | black beans,307.43,329.00,"Mixed greens salad with cucumber, black beans and grilled chicken.",240.00,355.00,0.667
dish_1565640868,black beans | chicken,395.98,406.00,"Mixed green salad with cucumber, red grapes, and grilled chicken.",186.00,351.00,0.250
dish_1565640894,chicken | black beans | parmesan cheese,464.89,422.00,"Mixed green salad with grapes, cucumber, parmesan, and chicken.",275.00,310.00,0.400
dish_1565641844,cheese pizza,244.63,92.00,A slice of cheese pizza on a white plate.,300.00,120.00,1.000
dish_1565641885,cheese pizza,254.22,139.00,A slice of pizza and some asparagus on a white plate.,370.00,240.00,1.000
dish_1565640914,black beans | parmesan cheese | chicken,774.29,457.00,"A salad with mixed greens, grapes, cucumber, parmesan cheese, and croutons.",220.00,305.00,0.167
dish_1565641915,cheese pizza | quinoa,326.76,190.00,"Plate with pizza, asparagus, and buckwheat",600.00,325.00,0.333
dish_1565711083,bacon,178.53,33.00,Two strips of bacon.,135.00,45.00,1.000
dish_1565641943,cheese pizza | quinoa | chicken breast,510.89,307.00,"A plate with asparagus, buckwheat, chicken breast and a slice of pizza.",670.00,470.00,0.500
dish_1565711115,bacon | egg whites,321.53,308.00,Plate of scrambled eggs and bacon,369.00,208.00,1.000
dish_1565711154,bacon | granola | egg whites,421.62,385.00,"Breakfast of scrambled eggs, bacon, and mixed green salad",380.00,265.00,0.667
dish_1565711270,cantaloupe,31.62,93.00,Cantaloupe chunks,51.00,150.00,1.000
dish_1565711183,bacon | granola | egg whites | brussels sprouts,460.42,461.00,"Plate of cauliflower mash, roasted brussel sprouts, bacon, and a small mixed green salad.",345.00,550.00,0.400
dish_1565711296,cantaloupe | grapes,43.35,110.00,Small plate of cantaloupe and grapes,85.00,185.00,1.000
dish_1565711326,yam | cantaloupe | sweet potato,296.09,285.00,fruit and roasted potatoes on a white plate,230.00,335.00,0.500
dish_1565711453,scrambled eggs,198.32,134.00,Scrambled eggs on a plate,207.00,150.00,1.000
dish_1565711358,yam | cantaloupe | sweet potato | egg whites,490.05,658.00,"Plate of cottage cheese, cantaloupe cubes, red grapes and roasted sweet potatoes",305.00,525.00,0.333
dish_1565711498,brussels sprouts | scrambled eggs,246.83,229.00,A plate of scrambled eggs and roasted brussel sprouts.,300.00,250.00,1.000
dish_1565711527,brussels sprouts | scrambled eggs | hash browns,484.81,302.00,"A breakfast plate with scrambled eggs, brussels sprouts, and hash browns.",545.00,350.00,1.000
dish_1565721800,zucchini | chayote squash,33.35,171.00,A plate with yellow squash and zucchini.,70.00,250.00,1.000
dish_1565711570,brussels sprouts | scrambled eggs | hash browns | bacon,603.83,324.00,"Plate with scrambled eggs, bacon, hash browns and brussel sprouts",600.00,435.00,1.000
dish_1565721828,zucchini | chayote squash | roasted potatoes,129.23,239.00,"Plate of yellow squash, zucchini, and roasted potatoes.",155.00,350.00,1.000
dish_1565721855,chicken | roasted potatoes,479.03,450.00,"A plate with chicken breast, squash, potatoes, and lentils.",380.00,375.00,0.500
dish_1565724196,broccoli,45.68,82.00,A plate of steamed broccoli.,55.00,170.00,1.000
dish_1565724050,arugula,84.72,72.00,Arugula salad with onions,23.00,70.00,0.500
dish_1565724087,chicken | arugula,230.61,160.00,A plate with chicken and mixed green salad.,350.00,250.00,0.500
dish_1565724509,chayote squash | zucchini,30.81,158.00,small serving of zucchini,40.00,200.00,0.500
dish_1565724235,chicken | broccoli,256.23,209.00,"Plate with chicken breast, broccoli, and lentils",355.00,315.00,0.667
dish_1565724269,pizza | chicken | broccoli,527.55,311.00,"A plate of broccoli, chicken, lentils and a pizza slice with squash on a white plate",585.00,395.00,0.750
dish_1565725009,,50.60,44.00,Small bowl of Kalamata olives.,65.00,50.00,0.000
dish_1565724552,zucchini | broccoli | chayote squash,108.80,298.00,"Plate with broccoli, yellow squash, zucchini and a pecan.",103.00,352.00,0.750
dish_1565724588,broccoli | roasted potatoes | chayote squash,266.72,410.00,"A plate with broccoli, yellow squash, and roasted potatoes.",222.00,430.00,1.000
dish_1565724620,broccoli | roasted potatoes | chicken,473.95,535.00,"A plate of roasted chicken wing, broccoli, roasted potatoes, zucchini and yellow squash",315.00,415.00,0.750
dish_1565725047,carrot,77.66,110.00,A bowl of shredded carrots.,82.00,170.00,1.000
dish_1565725071,carrot | bell peppers,109.66,190.00,"Bowl of shredded carrots, green bell pepper and red bell pepper.",75.00,225.00,1.000
dish_1565725095,cherry tomatoes | carrot | bell peppers,121.72,257.00,"Salad made with cherry tomatoes, shredded carrots, and bell peppers",73.00,350.00,1.000
dish_1565725123,bell peppers | carrot | chicken,430.27,444.00,Chicken salad with mixed vegetables in a bowl,280.00,380.00,0.750
dish_1565725156,carrot | bell peppers | chicken,452.67,500.00,Chicken salad with mixed vegetables,285.00,355.00,0.600
dish_1565726812,broccoli,36.21,65.00,Small portion of steamed broccoli.,18.00,50.00,1.000
dish_1565725188,bell peppers | chicken | parmesan cheese,543.12,521.00,"Salad with parmesan cheese, red onion, cherry tomatoes, croutons, mixed greens, and carrots.",430.00,300.00,0.143
dish_1565726848,broccoli | arugula,102.11,121.00,A small plate of mixed greens with broccoli and kale.,83.00,185.00,0.333
dish_1565725244,parmesan cheese | chicken | bell peppers | caesar dressing,573.55,590.00,"A panzanella salad in a bowl with bread, tomatoes, red onion, and a creamy dressing.",1150.00,830.00,0.000
dish_1565726887,roasted potatoes | arugula | broccoli,174.02,172.00,"A mix salad with arugula, kale, broccoli, roasted potatoes and walnuts",230.00,245.00,0.600
dish_1565726915,roasted potatoes | squash | broccoli,196.88,251.00,A plate of mixed roasted vegetables and a small salad with walnuts.,210.00,410.00,0.750
dish_1565727738,,2.52,9.00,A simple salad of mixed greens.,30.00,150.00,
dish_1565727765,broccoli,26.32,77.00,A simple salad with mixed greens and broccoli.,65.00,250.00,1.000
dish_1565727791,broccoli | parmesan cheese,121.07,99.00,A mixed greens salad with broccoli and parmesan cheese shavings.,100.00,245.00,1.000
dish_1565726949,roasted potatoes | beef,451.55,372.00,"A plate of sliced pork tenderloin with mixed vegetables including zucchini, squash, asparagus, broccoli, and a side of arugula.",475.00,550.00,0.000
dish_1565727821,parmesan cheese | chicken | broccoli,281.12,196.00,"Salad with mixed greens, grilled chicken, broccoli and parmesan cheese",320.00,300.00,1.000
dish_1565727851,broccoli | parmesan cheese | chicken,406.47,305.00,"Salad with lettuce, kidney beans, chicken and cheese",315.00,335.00,0.750
dish_1565728388,cheese pizza,124.97,47.00,A single slice of pizza on a plate,200.00,75.00,1.000
dish_1565727875,parmesan cheese | black beans | chicken,485.67,365.00,"Salad with lettuce, beans, tofu and broccoli.",373.00,430.00,0.167
dish_1565727921,black beans | chicken | parmesan cheese,768.55,397.00,"Salad with mixed beans, broccoli and tofu.",330.00,510.00,0.143
dish_1565728415,cheese pizza | beef,194.43,80.00,Pizza and artichoke on a white plate.,255.00,155.00,0.333
dish_1565728453,beef | cheese pizza | chicken,293.90,140.00,"A plate with a slice of pizza, a roasted chicken piece and a chicken drumstick.",530.00,240.00,0.500
dish_1565728591,squash | beef | chicken | cheese pizza | roasted potatoes | broccoli,388.41,322.00,"A meal consisting of pizza, chicken, broccoli, zucchini, and squash.",525.00,445.00,0.667
dish_1565728562,beef | chicken | roasted potatoes | cheese pizza | squash,354.98,262.00,"A plate with pizza, chicken and yellow squash.",550.00,380.00,0.500
dish_1565728494,roasted potatoes | chicken | beef | cheese pizza,326.33,163.00,A plate with a slice of pizza and some roasted chicken and potatoes,600.00,280.00,0.600
dish_1565797645,watermelon,21.00,70.00,Small serving of watermelon chunks.,30.00,100.00,1.000
dish_1565728634,chicken | beef | roasted potatoes | cheese pizza | pineapple,436.41,418.00,"Assorted meal with pizza, protein, fruit and vegetables.",592.00,545.00,0.571
dish_1565797671,watermelon,39.24,102.00,"A plate of fresh fruit including watermelon, strawberries, and blueberries.",55.00,180.00,1.000
dish_1565728684,cheese pizza | beef | chicken | roasted potatoes | pineapple,493.30,464.00,"A plate with a variety of food including salad, pineapple, broccoli, zucchini, roasted chicken and pork and a pizza slice.",615.00,585.00,0.375
dish_1565797699,granola | watermelon,128.93,171.00,A plate of various fruit and some greens.,61.00,280.00,0.500
dish_1565798531,cherry tomatoes | lettuce | lime | onions | cucumbers,61.58,61.00,"Small salad with spinach, carrot shreds, cucumber, and a tomato.",28.00,85.00,0.286
dish_1565797723,scrambled eggs | granola | watermelon,202.93,221.00,"A plate with watermelon, strawberries, blueberries, scrambled eggs, salad greens, and blackberries",240.00,430.00,0.667
dish_1565799507,sweet potato,74.65,78.00,Small portion of roasted sweet potatoes.,78.00,65.00,1.000
dish_1565798558,broccoli,88.32,109.00,"Simple salad with spinach, shredded carrots, cucumber, broccoli and tomato",48.00,155.00,0.200
dish_1565798591,egg whites | broccoli,148.12,224.00,"A healthy plate with salad (spinach, carrots, cucumber, tomato), broccoli, and mashed cauliflower",143.00,410.00,0.143
dish_1565798617,egg whites | broccoli,197.71,311.00,"Plate of a healthy mix of salad, broccoli, cottage cheese, strawberries and blueberries.",210.00,405.00,0.250
dish_1565799565,sweet potato | egg whites,240.01,396.00,Plate with scrambled eggs and roasted sweet potato,320.00,250.00,1.000
dish_1565799617,egg whites | watermelon | sweet potato,294.22,520.00,"A plate with cottage cheese, roasted sweet potatoes and a mixture of strawberries, blueberries and watermelon.",340.00,460.00,0.500
dish_1565799597,egg whites | watermelon | sweet potato,258.31,457.00,"A plate containing cottage cheese, roasted sweet potato, and watermelon.",310.00,380.00,0.500
dish_1565799663,salsa | watermelon | egg whites | sweet potato,314.81,591.00,"Breakfast plate with scrambled eggs, roasted sweet potatoes, salsa, strawberries, blueberries, and watermelon.",385.00,495.00,1.000
dish_1565808943,cherry tomatoes,13.32,74.00,A bowl of cherry tomatoes.,15.00,100.00,1.000
dish_1565808975,cherry tomatoes | onions,35.72,130.00,A bowl of sliced red onion and cherry tomatoes.,50.00,200.00,1.000
dish_1565809080,onions | tuna | carrot | bell peppers,362.74,485.00,Tuna salad mixed with shredded carrots.,350.00,275.00,0.500
dish_1565809033,bell peppers | onions | tuna,341.42,433.00,A bowl of tuna salad with mixed vegetables,370.00,270.00,1.000
dish_1565809120,bell peppers | onions | tuna | carrot,365.63,502.00,"A bowl of tuna salad with shredded carrots, red onion, and green bell pepper.",465.00,340.00,1.000
dish_1565810205,tofu,126.97,153.00,A plate with arugula and brown rice with mixed vegetables.,320.00,300.00,0.000
dish_1565810146,arugula,36.45,29.00,Arugula salad,15.00,50.00,1.000
dish_1565810237,tofu | chicken thighs,349.87,306.00,"A plate with a mix of arugula, brown rice with vegetables and tofu stir-fry",570.00,450.00,0.250
dish_1565810969,spinach (raw),4.60,20.00,A bowl of fresh spinach,21.00,90.00,1.000
dish_1565811000,chicken,342.85,225.00,Chicken and spinach salad,215.00,150.00,0.500
dish_1565811025,chicken | broccoli,361.05,277.00,"Salad with spinach, diced chicken breast, and broccoli florets.",247.00,250.00,0.667
dish_1565811061,chicken | carrot,380.32,324.00,"A salad consisting of spinach, chicken breast, broccoli, and shredded carrots.",186.00,287.00,0.500
dish_1565811091,chicken | goat cheese,504.40,371.00,"Salad with spinach, carrots, broccoli and feta cheese",166.00,210.00,0.200
dish_1565811139,goat cheese | chicken,902.20,416.00,"Salad with spinach, broccoli, carrots and tofu.",203.00,386.00,0.000
dish_1565811287,bok choy,16.51,127.00,A small serving of Bok Choy,15.00,85.00,1.000
dish_1565811390,salmon | bok choy,205.09,266.00,"A plate with bok choy, lentils, and chicken pieces.",280.00,310.00,0.250
dish_1565811335,bok choy,121.48,219.00,"A plate with bok choy, lentils, and butternut squash",270.00,290.00,0.333
dish_1565811423,salmon | bok choy | chicken thighs,240.06,290.00,"A plate of salmon, lentils, butternut squash, and bok choy.",430.00,370.00,0.400
dish_1565811529,spinach (raw),116.84,104.00,"Small mixed greens salad with carrots, red onion, and watermelon radish.",50.00,175.00,0.000
dish_1565811588,chicken thighs,348.48,263.00,"A plate with mixed green salad, chicken and cabbage stir-fry, and watermelon radish.",390.00,400.00,0.500
dish_1565812116,arugula,44.44,36.00,Small arugula salad with walnuts.,100.00,110.00,0.500
dish_1565812146,arugula | pineapple,72.94,93.00,Arugula salad with pineapple and nuts,142.00,270.00,0.667
dish_1565813386,tofu,113.88,156.00,Tofu with brown rice and vegetables,251.00,235.00,0.333
dish_1565812186,chicken thighs | pineapple,324.98,266.00,Chicken stir-fry with a side arugula salad and pineapple.,330.00,350.00,0.667
dish_1565813414,tofu,139.72,179.00,Tofu with brown rice and a small salad.,358.00,210.00,0.250
dish_1565813446,tofu,202.68,230.00,"A plate with arugula salad, fried tofu and brown rice.",455.00,315.00,0.250
dish_1565884692,egg whites,212.16,408.00,A plate of cottage cheese and a plate of watermelon.,249.00,377.00,0.000
dish_1565884738,watermelon | egg whites,228.66,463.00,A plate of mozzarella cheese and watermelon.,240.00,180.00,0.333
dish_1565884766,waffles | egg whites,469.61,546.00,"Breakfast with scrambled eggs, watermelon, and waffle",405.00,325.00,0.667
dish_1565894858,cookies,132.84,27.00,A single chocolate chip cookie on a plate.,120.00,30.00,0.000
dish_1565884833,egg whites | waffles | salsa,497.74,643.00,"Breakfast plate with waffle, queso fresco topped with salsa verde, and watermelon",395.00,375.00,0.400
dish_1565894889,cheese pizza | cookies,257.81,74.00,A small meal consisting of a slice of pizza and a chocolate chip cookie.,400.00,130.00,0.333
dish_1565894910,pizza | cheese pizza | cookies,537.11,179.00,Two slices of pizza and a chocolate chip cookie on a plate.,940.00,355.00,0.500
dish_1565895808,green beans,51.80,99.00,Plate of green beans,40.00,150.00,1.000
dish_1565895879,kale | chard | green beans,96.68,231.00,Green beans and kale,130.00,350.00,0.667
dish_1565895966,kale | green beans | chard | beef,214.54,287.00,"A plate of green beans, kale, and steak",335.00,400.00,0.500
dish_1565896662,chard | kale,19.38,57.00,Small portion of cooked Swiss Chard.,20.00,80.00,0.500
dish_1565896039,kale | quinoa | green beans | beef,352.53,384.00,"A balanced meal consisting of green beans, kale, quinoa and pork tenderloin.",515.00,410.00,0.600
dish_1565896701,chard | kale | lime | garlic | cauliflower,294.47,184.00,A plate with beef stew and beet greens.,280.00,250.00,0.000
dish_1565896745,arugula | garlic | walnuts | cauliflower | chard | kale | lime,368.54,244.00,Salmon with arugula and beet greens.,240.00,300.00,0.111
dish_1565897617,green beans,356.83,211.00,Green beans and rice salad,231.00,250.00,0.500
dish_1565897569,cauliflower | garlic | lime,324.91,150.00,A small portion of quinoa salad with spinach and tomatoes on a white plate.,180.00,150.00,0.000
dish_1565898128,salmon | brown rice,209.03,134.00,A plate of baked fish with a side of brown rice.,380.00,255.00,0.333
dish_1565898158,salmon | green beans | brown rice,240.43,194.00,"A plate of fish, brown rice, and green beans",342.00,337.00,0.500
dish_1565898193,brown rice | green beans | salmon,291.91,268.00,"A plate with baked fish, green beans, mixed greens salad and brown rice.",360.00,395.00,0.500
dish_1565897680,blue cheese | walnuts,770.45,405.00,"A plate with a grain salad, green beans, mixed greens, and cherry tomatoes.",261.00,380.00,0.000
dish_1565898331,salmon | brown rice,155.99,100.00,"A small meal consisting of fish, brown rice and spinach.",217.00,165.00,0.250
dish_1565898230,beef | salmon,780.20,500.00,"A plate with baked fish, green beans, meatloaf, rice and mixed greens salad.",555.00,570.00,0.000
dish_1565898361,beef | salmon,370.67,202.00,"Meal with steak, rice, spinach, olives, tomatoes, and carrots.",425.00,450.00,0.000
dish_1565898402,salmon | beef,384.80,229.00,"A plate with beef, spinach, rice, green beans, olives, tomatoes, and carrots.",475.00,460.00,0.143
dish_1565898489,,46.00,40.00,"A plate with fish, sauce, green beans, cherry tomatoes, and olives.",265.00,215.00,0.000
dish_1565898432,salmon | beef,450.22,282.00,"A meal with beef, rice, and vegetables like arugula, green beans, tomatoes, olives, carrots, and spinach.",437.00,520.00,0.125
dish_1565898511,cherry tomatoes,57.16,102.00,"A plate with fish, green beans, tomatoes and olives.",235.00,340.00,0.333
dish_1565898544,cherry tomatoes | salmon | brown rice,181.95,182.00,"A meal consisting of fish, cherry tomatoes, olives and green beans.",240.00,330.00,0.167
dish_1565898590,salmon | cherry tomatoes | carrot | brown rice,212.70,257.00,"A healthy meal with baked cod, cherry tomatoes, kalamata olives, shredded carrots, and green beans.",295.00,550.00,0.286
dish_1565898659,tuna | salmon | carrot,576.70,537.00,"A plate of mixed items including tuna salad, carrots, olives, tomatoes and pickled herring.",465.00,425.00,0.400
dish_1565972363,egg whites,289.64,557.00,Plate of crumbled feta cheese.,396.00,165.00,0.000
dish_1565898723,tuna | salmon | carrot,603.39,588.00,"A plate with tuna salad, hard boiled egg, tomatoes, olives, carrots and green beans.",553.00,555.00,0.333
dish_1565898758,tuna | carrot | salmon,612.99,612.00,"Plate of tuna salad, cooked fish, and various vegetables including tomatoes, olives, shredded carrots, green beans, and red onion slices.",410.00,480.00,0.250
dish_1565972384,sweet potato | egg whites,432.24,706.00,Plate of roasted potatoes and ricotta cheese.,520.00,350.00,0.333
dish_1565972429,egg whites | sweet potato | salsa,468.49,831.00,Fufu with fried plantains and sauce.,580.00,550.00,0.000
dish_1565972591,chicken apple sausage,195.20,122.00,Small portion of sliced sausages and scrambled egg pieces on a white plate.,155.00,70.00,0.500
dish_1565972628,chicken apple sausage | scrambled eggs,545.96,359.00,Breakfast plate with scrambled eggs and sliced sausage.,400.00,225.00,1.000
dish_1565972674,scrambled eggs | chicken apple sausage,613.59,426.00,"Plate with scrambled eggs, sliced sausage, and spinach salad",490.00,330.00,0.667
dish_1565974375,bacon,459.85,85.00,Plate of cooked bacon,225.00,85.00,1.000
dish_1565972715,scrambled eggs | chicken apple sausage,657.55,510.00,"Plate with scrambled eggs, sausage, spinach salad with carrots and green beans.",620.00,455.00,0.500
dish_1565974409,chicken apple sausage | bacon,688.65,228.00,A plate of bacon and sausage.,490.00,150.00,1.000
dish_1565981769,carrot,23.10,47.00,Small portion of cooked plantain on a white plate.,100.00,100.00,0.000
dish_1565981802,carrot | tofu,99.75,152.00,A light meal with tofu and cooked vegetables.,150.00,265.00,0.500
dish_1565984245,carrot,38.34,78.00,Small portion of cooked carrots with a single black bean,52.00,101.00,0.500
dish_1565981898,fish | tofu | arugula | carrot,260.98,290.00,"Salad with arugula, cooked beets, cooked carrots, mushroom, lentils and tofu.",270.00,450.00,0.429
dish_1565981848,carrot | tofu | fish,147.41,198.00,"Plate with fish, buckwheat, tofu, carrots, beets, and greens.",515.00,525.00,0.600
dish_1565984299,carrot | cauliflower,93.34,298.00,Simple meal of carrots and cauliflower,65.00,175.00,1.000
dish_1565984345,cauliflower | ground turkey | carrot,210.36,353.00,"A plate with cauliflower, carrots, and meatloaf.",275.00,445.00,0.500
dish_1565984434,quinoa | ground turkey | cauliflower | carrot,319.89,430.00,"A plate with carrots, cauliflower, buckwheat, and meatloaf.",410.00,475.00,0.333
dish_1565986702,fish,211.34,204.00,"Plate with herring, spinach and lentils.",377.00,250.00,0.000
dish_1565987015,spinach (raw),14.72,64.00,Bowl of fresh spinach,20.00,100.00,1.000
dish_1565986733,ground turkey | fish,387.93,287.00,"A plate with stuffed poblano pepper, accompanied by spinach and lentils.",347.00,310.00,0.000
dish_1565987054,spinach (raw) | chicken,260.57,213.00,"A salad with spinach, tofu and edamame",200.00,290.00,0.250
dish_1565987081,spinach (raw) | chicken,268.07,288.00,Spinach salad with chicken and cucumber,157.00,155.00,0.667
dish_1565987269,cheese pizza,119.65,45.00,A slice of pizza on a plate.,280.00,100.00,1.000
dish_1565987116,chicken,393.42,397.00,"Salad with spinach, cucumber, chicken, and olives.",198.00,155.00,0.250
dish_1565987142,parmesan cheese | chicken,518.32,426.00,"Salad with Spinach, olives, chicken, Parmesan cheese and cucumber",316.00,175.00,0.400
dish_1565987201,parmesan cheese | caesar dressing | chicken,560.66,522.00,"Salad with spinach, chicken, olives, cucumber, parmesan and creamy dressing.",352.00,182.00,0.333
dish_1565987298,ground turkey | cheese pizza,211.14,88.00,A plate containing a slice of meatloaf and a slice of pizza.,500.00,220.00,0.333
dish_1566316525,bacon,223.89,83.00,A plate with a spinach salad and two slices of bacon,190.00,125.00,0.500
dish_1566316496,bell peppers,121.10,64.00,A small spinach salad with shredded carrots and tomato slices on a white plate.,39.00,161.00,0.000
dish_1566316681,sweet potato,116.76,122.00,Small portion of fried tofu cubes on a plate.,130.00,100.00,0.000
dish_1566316558,scrambled eggs | bacon,490.29,263.00,"A breakfast with scrambled eggs, bacon, and spinach salad.",480.00,340.00,0.667
dish_1566316587,bacon | scrambled eggs | hash browns,646.77,311.00,"Breakfast plate with scrambled eggs, hash browns, bacon and spinach salad.",650.00,400.00,0.750
dish_1566316612,hash browns | bacon | scrambled eggs,665.24,367.00,"Plate of breakfast foods including scrambled eggs, hash browns, bacon, spinach salad, and fried eggplant.",680.00,490.00,0.600
dish_1566316726,egg whites | sweet potato,409.52,685.00,A plate of scrambled eggs and roasted potatoes.,410.00,320.00,1.000
dish_1566317711,oatmeal,123.76,182.00,Bowl of oatmeal with sides of raspberries and blackberries,220.00,430.00,1.000
dish_1566316757,sweet potato | egg whites | salsa,448.38,819.00,Cottage cheese with salsa verde and roasted potatoes.,300.00,340.00,0.500
dish_1566317742,oatmeal,154.72,254.00,A bowl of oatmeal with blackberries and a side of strawberries.,260.00,425.00,1.000
dish_1566317775,oatmeal,237.40,410.00,A bowl of raspberries,65.00,125.00,0.000
dish_1566328724,chicken,275.55,167.00,A plate of diced chicken breast.,225.00,150.00,1.000
dish_1566317801,brown sugar | oatmeal,275.40,420.00,A bowl of raspberries topped with brown sugar.,174.00,175.00,0.500
dish_1566328745,chicken,282.03,203.00,Diced chicken breast and cherry tomatoes on a white plate.,185.00,200.00,0.500
dish_1566328776,chicken | pizza,901.81,436.00,"A meal consisting of Hawaiian pizza, cooked chicken breast and cherry tomatoes.",880.00,500.00,0.667
dish_1566328894,cheese pizza,236.65,89.00,Two slices of pizza on a white plate,400.00,150.00,1.000
dish_1566328831,pizza | chicken,941.61,500.00,"A plate with pineapple pizza, cooked chicken, pineapple chunks, cherry tomatoes and olives.",800.00,550.00,0.400
dish_1566328805,pizza | chicken,927.81,488.00,"A plate containing pizza, cooked chicken breast, diced pineapple, and cherry tomatoes.",790.00,560.00,0.500
dish_1566328929,beef | cheese pizza,396.61,165.00,pizza and beef,400.00,165.00,1.000
dish_1566328961,cheese pizza | millet | beef | chicken,605.82,308.00,"A plate with pizza, steak, and chicken with tomato sauce.",640.00,270.00,0.500
dish_1566328988,beef | fried rice | chicken | cheese pizza,747.75,398.00,"A plate with pizza, rice pilaf, chicken breast with sauce, and beef slices.",995.00,500.00,1.000
dish_1566329021,beef | cheese pizza | chicken | fried rice,792.68,486.00,"A plate with pizza, steak, brussel sprouts, yellow rice and stuffed chicken breast",1030.00,570.00,0.600
dish_1566329203,cauliflower,94.25,377.00,A plate of plain cauliflower.,102.00,300.00,1.000
dish_1566329049,beef | chicken | cheese pizza | fried rice,814.93,575.00,"A meal consisting of pizza, roasted chicken, yellow rice, brussels sprouts, sliced meat and cauliflower.",950.00,680.00,0.500
dish_1566329234,cauliflower | beef,262.63,457.00,A plate with cauliflower and cooked beef,250.00,375.00,1.000
dish_1566330399,millet | beef,265.19,126.00,Tuna with spinach,207.00,180.00,0.000
dish_1566329257,tofu | beef | cauliflower,321.03,537.00,"A meal consisting of cauliflower, beef tenderloin, and tofu.",410.00,580.00,1.000
dish_1566330428,beef | millet | cauliflower,290.69,228.00,"A meal containing roast beef, cauliflower and a few spinach leaves.",267.00,310.00,0.500
dish_1566330466,beef | fried rice | cauliflower,377.43,283.00,"A meal consisting of beef, cauliflower, rice, and spinach.",530.00,480.00,0.750
dish_1566331801,chicken | millet,296.99,203.00,Plate with dumplings covered in tomato sauce.,150.00,80.00,0.000
dish_1566331828,chicken | millet | brussels sprouts,349.58,306.00,A plate with chicken in tomato sauce and Brussels sprouts.,330.00,250.00,0.667
dish_1566331868,brussels sprouts | millet | chicken | fried rice,453.67,372.00,"A plate with chicken in tomato sauce, yellow rice, and roasted brussels sprouts.",530.00,400.00,0.750
dish_1566332040,spinach (raw),14.95,65.00,A bowl of fresh spinach leaves.,14.00,86.00,1.000
dish_1566331914,chicken | fried rice | brussels sprouts | millet,589.50,481.00,"Plate of chicken, yellow rice, brussels sprouts, and leafy greens.",475.00,500.00,0.750
dish_1566332085,spinach (raw) | cucumbers,24.75,163.00,A simple salad of spinach and cucumber.,23.00,150.00,1.000
dish_1566332116,spinach (raw) | cucumbers,153.55,275.00,"A salad with spinach, cucumber, and kidney beans.",137.00,225.00,0.667
dish_1566332154,chicken,401.05,425.00,"Salad with chicken, spinach, grapes, and cucumber",298.00,280.00,0.250
dish_1566332193,avocado | chicken,527.45,504.00,"Salad with spinach, avocado, chicken, and beans",441.00,265.00,0.500
dish_1566332268,chicken | avocado | caesar dressing,567.58,595.00,"Salad with spinach, chicken, avocado, olives, cucumber and dressing",485.00,410.00,0.400
dish_1566333118,cheese pizza,239.31,90.00,Two slices of pizza on a plate,840.00,320.00,1.000
dish_1566333167,beef | cheese pizza,344.54,140.00,Two slices of pizza with a side of green curry,550.00,250.00,0.333
dish_1566333194,cheese pizza | beef | chicken,461.59,220.00,"A meal consisting of two pizza slices, fried meat patty, and a chicken drumstick with sauce.",890.00,350.00,0.500
dish_1566333228,beef | caesar salad | chicken | cheese pizza,498.55,304.00,"Pizza, chicken, meatloaf, and caesar salad on a plate",1200.00,590.00,0.600
dish_1566333255,caesar salad | cheese pizza | chicken | beef,515.55,372.00,"A plate with a slice of pizza, a chicken drumstick, salad, and some cauliflower and a meatball.",900.00,550.00,0.286
dish_1566402041,egg whites,231.92,446.00,A plate of paneer.,340.00,120.00,0.000
dish_1566333291,caesar salad | brussels sprouts | beef | chicken | cheese pizza,549.76,439.00,"Plate with a variety of foods, including pizza, salad, chicken, cauliflower, meat, and Brussels sprouts.",1025.00,660.00,0.500
dish_1566402095,sweet potato | yam | egg whites,421.12,577.00,A plate with cottage cheese and diced roasted sweet potato.,350.00,340.00,0.250
dish_1566333324,cheese pizza | caesar salad | chicken | beef | fried rice,608.10,476.00,"A plate with two slices of pizza, chicken with sauce, meatloaf, caesar salad, brussel sprouts, rice and cauliflower",905.00,580.00,0.500
dish_1566402123,egg whites | watermelon | yam | sweet potato,445.12,657.00,"Plate with cottage cheese, sweet potato and watermelon",380.00,500.00,0.400
dish_1566402160,egg whites | watermelon | yam | sweet potato,458.72,697.00,"A plate with cottage cheese, roasted sweet potato, cantaloupe and watermelon.",419.00,641.00,0.333
dish_1566413321,spinach (raw),14.03,61.00,A bowl of fresh spinach.,14.00,85.00,1.000
dish_1566402197,egg whites | yam | sweet potato,480.95,736.00,"Plate with cottage cheese, roasted sweet potato, watermelon, cantaloupe, strawberry, and blueberries",440.00,637.00,0.167
dish_1566413356,spinach (raw) | chicken,183.98,164.00,Spinach salad with grilled chicken.,220.00,200.00,1.000
dish_1566402232,salsa | egg whites | yam | sweet potato,511.40,841.00,"A plate with cottage cheese, salsa verde, roasted sweet potatoes, watermelon, cantaloupe, strawberries, and blueberries.",365.00,610.00,0.286
dish_1566413388,chicken | spinach (raw) | broccoli,207.43,231.00,"A salad with spinach, chicken breast and broccoli.",213.00,300.00,1.000
dish_1566413419,chicken | avocado | broccoli,285.83,280.00,"A salad with spinach, chicken, avocado, and broccoli.",260.00,345.00,0.750
dish_1566413445,chicken | avocado | broccoli,377.83,360.00,"Salad with spinach, broccoli, chicken, black beans, and avocado",310.00,365.00,0.600
dish_1566413469,chicken | avocado | parmesan cheese | broccoli,459.66,379.00,"Salad with spinach, broccoli, grapes, parmesan and avocado",272.00,275.00,0.500
dish_1566414291,roasted potatoes | quinoa,345.14,244.00,A plate with roasted potatoes and couscous salad.,400.00,270.00,0.333
dish_1566414225,quinoa,125.18,88.00,A plate of quinoa with vegetables.,203.00,255.00,0.250
dish_1566413510,parmesan cheese | chicken | avocado,751.38,412.00,"Spinach salad with broccoli, black beans, parmesan cheese, avocado and vinaigrette",369.00,385.00,0.333
dish_1566414342,chicken | quinoa | roasted potatoes,846.37,552.00,"A plate with roasted potatoes, couscous salad, and chicken casserole.",720.00,550.00,0.667
dish_1566414611,chicken,105.60,64.00,Diced chicken with wasabi.,118.00,90.00,0.500
dish_1566414642,roasted potatoes | chicken,219.81,145.00,A plate with diced chicken breast and roasted potatoes.,285.00,185.00,1.000
dish_1566414412,quinoa | chicken | roasted potatoes,920.12,658.00,"A plate with roasted potatoes, mixed green salad, quinoa salad with vegetables and a chicken casserole.",700.00,550.00,1.000
dish_1566414686,roasted potatoes | chicken,646.18,407.00,"A plate with diced chicken, roasted potatoes, and chicken salad.",526.00,400.00,1.000
dish_1566414723,chicken | fish | roasted potatoes,728.81,482.00,"A plate with diced chicken, roasted potatoes, and egg salad.",621.00,400.00,0.500
dish_1566414754,roasted potatoes | fish | chicken,755.50,533.00,"A plate with scrambled eggs, tofu, potato and green beans.",370.00,405.00,0.167
dish_1566414780,chicken | fish | caesar salad | roasted potatoes,807.42,651.00,"A plate of food with tofu, green beans, sweet potato, scrambled tofu and salad.",427.00,615.00,0.143
dish_1566415520,green beans,74.82,143.00,A plate of green beans.,31.00,100.00,1.000
dish_1566414924,roasted potatoes | arugula | green beans,247.48,227.00,Salad with mixed green and potatoes,270.00,312.00,0.750
dish_1566414891,arugula | roasted potatoes,213.99,163.00,"Salad with roasted potatoes, arugula, nuts, persimmon slices and blueberries.",335.00,255.00,0.500
dish_1566415558,fish | green beans,169.10,234.00,Plate with green beans and cooked chicken breast.,200.00,275.00,0.333
dish_1566416299,green beans,45.00,86.00,A plate of green beans.,31.00,100.00,1.000
dish_1566416339,eggplant | green beans,77.98,186.00,Plate with green beans and eggplant,151.00,250.00,1.000
dish_1566415591,broccoli | green beans | fish,214.78,316.00,"A plate with chicken, broccoli, mushrooms, and green beans.",300.00,430.00,0.400
dish_1566416388,roasted potatoes | eggplant | green beans,259.87,315.00,"A plate of green beans, roasted eggplant and roasted potatoes",243.00,335.00,1.000
dish_1566416421,green beans | fish | roasted potatoes | eggplant,313.74,367.00,"A plate of fish, green beans, roasted potatoes and eggplant.",393.00,450.00,1.000
dish_1566416701,chicken,198.54,122.00,A plate with chicken and vegetable stir-fry with some greens.,260.00,230.00,1.000
dish_1566416455,eggplant | green beans | chicken | fish | roasted potatoes,372.33,403.00,"Plate with green beans, eggplant, baked potatoes, and fish with sauce.",595.00,600.00,0.800
dish_1566417442,eggplant,93.83,158.00,"Two small plates containing sauteed vegetables, roasted eggplant and a mixed green salad.",480.00,425.00,0.500
dish_1566417475,roasted potatoes | eggplant,150.23,198.00,"A plate of roasted eggplant, mixed green salad, and a roasted potato.",255.00,310.00,1.000
dish_1566417398,celery root | cherry tomatoes,56.89,46.00,A light meal consisting of chicken and vegetable stir-fry and a mixed green salad.,280.00,250.00,0.000
dish_1566417516,eggplant | fish | roasted potatoes,385.40,425.00,"A plate with fried eggplant, rice, fish, salad, and potato.",680.00,525.00,0.750
dish_1566419546,caesar salad | cheese pizza,306.44,177.00,A plate with caesar salad and pizza.,750.00,400.00,1.000
dish_1566419510,cheese pizza,273.88,103.00,Three slices of pizza on a white plate.,300.00,150.00,1.000
dish_1566419603,caesar salad | roasted potatoes | cheese pizza,382.92,252.00,"A plate with pizza, Caesar salad, green beans and roasted potatoes.",750.00,550.00,0.750
dish_1566419577,caesar salad | cheese pizza,323.70,210.00,"A meal consisting of pizza, caesar salad, and green beans.",580.00,330.00,0.667
dish_1566488905,sweet potato,82.31,86.00,Two side dishes: cantaloupe cubes and roasted potato pieces,165.00,230.00,0.500
dish_1566488928,cantaloupe | sweet potato,103.05,147.00,A plate with roasted potatoes and cantaloupe.,210.00,300.00,1.000
dish_1566488956,egg whites | sweet potato | cantaloupe,280.89,489.00,"A plate with scrambled eggs, roasted potatoes, and cantaloupe.",380.00,400.00,1.000
dish_1566488981,cantaloupe | sweet potato | egg whites,279.33,486.00,"Plate of scrambled egg whites, roasted potatoes, and cantaloupe",330.00,510.00,1.000
dish_1566419635,roasted potatoes | caesar salad | cheese pizza | chicken,605.87,389.00,"A plate containing Caesar salad, pizza, green beans, roasted potatoes, and a portion of chicken breast with sauce.",950.00,620.00,0.800
dish_1566499564,,42.55,37.00,Plate with kalamata olives,75.00,30.00,0.000
dish_1566500963,spinach (raw),5.75,25.00,A bowl of raw spinach.,14.00,100.00,1.000
dish_1566499686,pork | sugar,674.71,388.00,"A plate with chicken and rice, spinach salad, broccoli and olives.",540.00,430.00,0.000
dish_1566499633,spinach (raw),161.39,139.00,"Salad with spinach, broccoli, olives, artichoke hearts, red onion and tomato",90.00,165.00,0.200
dish_1566500988,spinach (raw) | carrot,21.33,63.00,A simple salad with spinach and shredded carrots.,40.00,147.00,1.000
dish_1566501012,carrot,132.88,160.00,"Salad with spinach, olives, and shredded carrots",95.00,110.00,0.333
dish_1566501041,carrot | parmesan cheese,279.32,194.00,"Salad with spinach, carrots, olives and parmesan cheese",334.00,140.00,0.500
dish_1566501067,parmesan cheese | chicken,464.12,306.00,"Salad with spinach, grapes, chicken, parmesan and shredded carrots",406.00,285.00,0.400
dish_1566501126,parmesan cheese | chicken | avocado,564.92,369.00,"A spinach salad with chicken, avocado, parmesan, carrots and black beans.",477.00,333.00,0.500
dish_1566501258,onions,12.00,30.00,A bowl of sliced red onion.,32.00,80.00,1.000
dish_1566501153,parmesan cheese | chicken | avocado,1006.92,419.00,"Chicken salad with spinach, avocado, carrots, shaved parmesan, and olives.",505.00,308.00,0.600
dish_1566501293,onions,41.90,56.00,Small salad with red onion and kalamata olives,65.00,90.00,0.500
dish_1566501324,onions | carrot,65.27,113.00,Bowl of shredded carrots with olives and onion,75.00,130.00,1.000
dish_1566501352,cherry tomatoes | onions | carrot,75.53,170.00,A simple salad with shredded carrots and cherry tomatoes.,64.00,185.00,0.667
dish_1566501382,tuna | carrot,283.53,330.00,Tuna salad with shredded carrots and cherry tomatoes in a bowl,250.00,225.00,0.667
dish_1566501447,tuna | carrot,286.76,349.00,"Tuna salad with carrots, tomatoes, olives, and celery.",273.00,230.00,0.500
dish_1566501473,carrot | almonds | tuna,413.94,371.00,"Tuna salad with shredded carrots, almonds, cherry tomato, and celery",334.00,197.00,0.600
dish_1566501575,brownies,251.69,54.00,"Tuna salad with cherry tomatoes, shredded carrots, raisins and sweet potato in a bowl.",490.00,470.00,0.000
dish_1566501594,brownies,508.05,109.00,"Tuna salad with cherry tomatoes, shredded carrots and brownies",855.00,470.00,0.250
dish_1566502000,bok choy,63.01,184.00,A plate of steamed or stir-fried bok choy.,40.00,200.00,1.000
dish_1566502033,corn on the cob | bok choy,136.22,253.00,A plate with sliced mustard greens and corn slices.,120.00,265.00,0.500
dish_1566502061,pork | corn on the cob | bok choy,408.34,385.00,Pork with bok choy and corn.,370.00,370.00,1.000
dish_1566502437,spinach (raw),74.56,64.00,A small serving of spinach.,20.00,100.00,1.000
dish_1566502315,pork | caesar salad | chicken,577.18,495.00,"A plate of caesar salad with breaded chicken breast, pilaf, salad and corn on the cob",930.00,720.00,0.400
dish_1566502472,spinach (raw) | corn on the cob,132.92,119.00,A spinach salad with a slice of corn.,92.00,175.00,1.000
dish_1566502271,caesar salad | chicken,296.82,359.00,"A balanced meal consisting of caesar salad, baked chicken breast, spinach salad, and corn.",605.00,550.00,0.500
dish_1566587102,chicken | millet,213.60,146.00,A serving of chicken parmesan on a white plate.,350.00,150.00,0.500
dish_1566502505,pork | corn on the cob | sugar,454.52,275.00,"A plate with pork, rice, spinach, corn, and broccoli.",445.00,430.00,0.333
dish_1566502573,chicken | pork | sugar | corn on the cob | chickpeas,821.51,487.00,"Plate with chicken, chickpea salad, spinach and corn",515.00,400.00,0.500
dish_1566502537,corn on the cob | pork | chicken | sugar,517.64,315.00,"Plate with sliced pork, rice, spinach, broccoli, and corn.",445.00,366.00,0.286
dish_1566587143,chicken | avocado | millet,354.40,234.00,A meal consisting of Chicken Parmesan and sliced avocado.,540.00,270.00,0.667
dish_1566587689,salmon | kale | brown rice | chard,196.85,270.00,"A meal consisting of cooked greens, salmon, and brown rice.",360.00,380.00,0.500
dish_1566587182,avocado | chicken,531.26,377.00,"Plate with fried chicken, avocado slices, and a mixed greens salad",655.00,470.00,0.500
dish_1566587714,salmon | chicken | chard | kale | millet,347.54,373.00,"A meal consisting of swiss chard, breaded chicken, and cooked salmon.",560.00,400.00,0.600
dish_1566588016,salmon | brown rice | carrot,472.23,374.00,A plate with salmon and roasted carrots,330.00,270.00,0.667
dish_1566587958,brown rice | salmon,398.50,224.00,A plate with three small pieces of cooked salmon garnished with chopped green onions and arugula.,253.00,157.00,0.250
dish_1566588066,carrot | pineapple | brown rice | salmon,566.23,562.00,"A plate with salmon, roasted tomatoes and pineapple chunks.",439.00,400.00,0.400
dish_1566589933,tofu,89.06,122.00,"A plate with a small portion of tofu, fried cauliflower, and coleslaw",215.00,225.00,0.333
dish_1566589967,millet | chicken | tofu,381.66,322.00,A plate of Vietnamese and Thai salad dishes.,600.00,300.00,0.000
dish_1566590007,pizza | tofu | chicken,740.76,457.00,"Plate with naan pizza, quinoa salad, and tofu cauliflower salad.",730.00,550.00,0.500
dish_1566590536,carrot,25.07,51.00,A plate of roasted carrots.,50.00,80.00,1.000
dish_1566590056,tofu | chicken | pizza,815.65,519.00,"A plate with pizza, quinoa, spinach salad, and tofu salad",630.00,390.00,0.400
dish_1566590566,carrot | salmon | brown rice,186.96,142.00,A plate with baked salmon and baked sweet potatoes.,300.00,250.00,0.250
dish_1566590946,brown rice | salmon,405.61,228.00,Salmon with mixed vegetables,418.00,370.00,0.200
dish_1566590987,chicken | salmon | brown rice,639.91,370.00,"A plate with salmon, tofu, roasted vegetables, topped with green onions and peppers.",720.00,590.00,0.143
dish_1566591048,chicken salad | chicken | salmon,876.20,481.00,"A plate with salmon, chicken, potatoes, olives and greens.",755.00,535.00,0.500
dish_1566591080,salmon | chicken | chicken salad,909.63,549.00,"Plate with salmon, roasted carrots and potatoes, tofu, and a small salad.",640.00,600.00,0.200
dish_1566592456,caesar salad,55.44,126.00,Plate of Caesar Salad,250.00,200.00,1.000
dish_1566835603,sweet potato,63.17,66.00,A meal with mashed potatoes and roasted sweet potato.,220.00,225.00,1.000
dish_1566835641,sweet potato | egg whites,312.77,546.00,A plate of scrambled eggs with a small portion of roasted sweet potato.,320.00,225.00,1.000
dish_1566838286,pineapple,72.50,145.00,A plate with pineapple chunks.,68.00,120.00,1.000
dish_1566835701,egg whites | salsa | sweet potato,370.19,744.00,Cottage cheese with roasted sweet potatoes and green sauce.,340.00,350.00,0.250
dish_1566838317,watermelon | pineapple,114.20,284.00,A plate with pineapple and watermelon chunks,128.00,310.00,1.000
dish_1566838351,watermelon | pineapple,190.01,417.00,"A plate of mixed fresh fruit consisting of pineapple, watermelon, blackberries, and raspberries.",110.00,300.00,1.000
dish_1566838378,scrambled eggs | watermelon | pineapple,286.21,482.00,"Breakfast plate with scrambled eggs, pineapple, raspberries, blackberries, and watermelon",230.00,345.00,1.000
dish_1566838407,pineapple | scrambled eggs | sweet potato | watermelon,358.95,558.00,"Plate with scrambled eggs, diced sweet potato, pineapple, watermelon, raspberries and blackberries",328.00,445.00,1.000
dish_1566844766,caesar salad,72.16,164.00,A Caesar salad with croutons.,400.00,320.00,0.500
dish_1566844803,caesar salad | pepperoni pizza,249.82,227.00,A meal consisting of Caesar salad and two slices of pepperoni pizza.,550.00,320.00,1.000
dish_1566844850,pork | pepperoni pizza | caesar salad,491.24,345.00,"A plate with caesar salad, meatloaf, and a slice of pepperoni pizza.",900.00,520.00,0.500
dish_1566847043,squash | pork,434.88,483.00,Plate with cooked pork and sliced zucchini.,290.00,400.00,0.333
dish_1566846997,pork,343.71,168.00,A small serving of what appears to be cooked pork belly.,250.00,100.00,1.000
dish_1566849208,,19.60,70.00,Simple salad with mixed greens,20.00,100.00,
dish_1566847454,pork | quinoa,346.75,210.00,A plate of chicken and beef,421.00,232.00,0.000
dish_1566847483,pork | quinoa,476.23,314.00,A meal consisting of meatloaf and a mixed green salad.,400.00,300.00,0.000
dish_1566847431,quinoa,101.24,90.00,A portion of chicken breast with a small arugula garnish.,202.00,130.00,0.000
dish_1566849269,avocado | parmesan cheese,249.85,153.00,Small salad with mixed greens and Parmesan cheese,135.00,113.00,0.500
dish_1566849233,avocado,94.80,117.00,A simple mixed green salad with avocado.,120.00,200.00,1.000
dish_1566849295,avocado | parmesan cheese,348.75,239.00,"A simple salad with mixed greens, kalamata olives, and parmesan cheese.",195.00,150.00,0.333
dish_1566849327,parmesan cheese | avocado | chicken,551.70,362.00,"Salad with chicken breast, kidney beans, avocado, lettuce and parmesan",370.00,290.00,0.600
dish_1566849862,,77.05,67.00,A bowl of dates.,66.00,28.00,0.000
dish_1566849895,carrot,112.31,153.00,Bowl of shredded carrots.,50.00,100.00,1.000
dish_1566849387,parmesan cheese | caesar salad | chicken | avocado,619.90,517.00,"Salad with mixed greens, chicken, croutons, dressing, and olives",360.00,305.00,0.200
dish_1566849923,cherry tomatoes | carrot,127.97,240.00,A simple salad with carrots and cherry tomatoes in a metal bowl.,70.00,200.00,1.000
dish_1566849987,carrot | chicken,562.97,540.00,Chicken and vegetable salad,271.00,245.00,0.500
dish_1566849955,onions | cherry tomatoes | carrot,147.17,288.00,"Simple salad with shredded carrots, red onion, and cherry tomatoes in a bowl.",120.00,350.00,1.000
dish_1566850099,onions | cucumbers | lettuce | lime | cherry tomatoes,113.06,112.00,"A side salad consisting of mixed greens, broccoli and shredded carrots.",90.00,205.00,0.000
dish_1566850031,carrot | chicken | caesar dressing,616.77,662.00,"Salad with chicken, cherry tomatoes, carrots, red onion, and sauce",455.00,370.00,0.400
dish_1566850142,pork,464.95,284.00,"A plate with pulled pork, coleslaw, and mixed green salad with broccoli.",425.00,350.00,0.500
dish_1566851115,spinach (raw),81.55,70.00,Spinach Salad with Cherries.,70.00,130.00,0.000
dish_1566851198,quinoa | pork,463.05,342.00,Grilled Chicken and Spinach Salad,230.00,215.00,0.000
dish_1566851155,quinoa,295.28,260.00,A plate with grilled chicken and spinach salad.,250.00,200.00,0.000
dish_1566851549,cheese pizza,226.01,85.00,A slice of pizza on a white plate.,280.00,100.00,1.000
dish_1566851222,pizza | quinoa | pork,550.83,375.00,"A plate with grilled chicken breast, spinach salad with mustard seeds, and a slice of pizza.",550.00,330.00,0.200
dish_1566851584,caesar salad | cheese pizza,286.29,222.00,A plate with a Caesar salad and a slice of pizza.,550.00,320.00,1.000
dish_1566851616,caesar salad | cheese pizza,300.78,248.00,"A plate with a slice of pizza, Caesar salad, and broccoli.",630.00,435.00,0.667
dish_1566920304,egg whites,296.40,570.00,A plate of cheese curds.,560.00,200.00,0.000
dish_1566851704,quinoa | pork | cheese pizza | caesar salad,461.16,348.00,"A plate of caesar salad, broccoli, pizza slice and chicken pieces.",735.00,470.00,0.333
dish_1566851677,quinoa | caesar salad | cheese pizza,354.77,296.00,"A meal consisting of caesar salad, pizza slice, broccoli, and cooked chicken.",715.00,490.00,0.400
dish_1566920339,egg whites | sweet potato,449.53,730.00,Dish of sweet potato and cheese curds,410.00,200.00,0.333
dish_1566922978,scrambled eggs,124.32,84.00,A plate of scrambled eggs.,143.00,100.00,1.000
dish_1566923004,scrambled eggs | pineapple,158.82,153.00,A simple meal of scrambled eggs and pineapple chunks.,270.00,250.00,1.000
dish_1566920365,salsa | sweet potato | egg whites,490.42,871.00,"Poutine with cheese curds, roasted sweet potatoes and gravy.",650.00,325.00,0.200
dish_1566923030,hash browns | scrambled eggs | pineapple,396.80,226.00,"Breakfast plate with hash browns, scrambled eggs, and pineapple.",505.00,390.00,1.000
dish_1566923060,bacon | scrambled eggs | pineapple | hash browns,515.82,248.00,"Breakfast with bacon, scrambled eggs, hash browns and pineapple",610.00,420.00,1.000
dish_1566931116,cauliflower,35.50,142.00,A small portion of roasted cauliflower on a white plate.,80.00,200.00,1.000
dish_1566931140,cauliflower | avocado,126.70,199.00,A plate with roasted cauliflower and avocado slices.,210.00,270.00,1.000
dish_1566931179,avocado | cauliflower,204.37,263.00,"Plate with roasted cauliflower, a spinach salad and sliced avocado.",300.00,340.00,0.667
dish_1566931482,,25.48,91.00,A bowl of mixed greens salad.,20.00,100.00,
dish_1566931217,fish | avocado | white beans | cauliflower,333.11,378.00,"A healthy meal consisting of salmon, white beans, roasted cauliflower, spinach salad, and avocado.",685.00,525.00,0.500
dish_1566931519,,130.13,182.00,Mixed greens salad with olives.,105.00,180.00,0.000
dish_1566931548,broccoli,154.98,253.00,"salad with mixed greens, broccoli and beans",110.00,320.00,0.500
dish_1566931586,chicken | broccoli,379.38,389.00,"Salad with mixed greens, broccoli, and grilled chicken.",264.00,300.00,1.000
dish_1566931650,chicken | avocado | parmesan cheese,610.87,488.00,"Chicken and avocado salad with greens, broccoli and parmesan cheese.",520.00,425.00,0.750
dish_1566933180,chicken thighs,161.45,96.00,A single fried chicken leg on a plate.,210.00,85.00,1.000
dish_1566931674,chicken | avocado | parmesan cheese,990.99,531.00,"Salad with mixed greens, chicken, avocado, broccoli and parmesan cheese",490.00,390.00,0.750
dish_1566933401,bok choy,27.05,79.00,Small serving of lettuce.,10.00,85.00,0.000
dish_1566933226,chicken thighs,245.45,171.00,A plate with a fried chicken drumstick and couscous.,450.00,250.00,1.000
dish_1566933454,bok choy | arugula | chickpeas,121.74,154.00,A simple green salad with a few pieces of red pepper.,60.00,200.00,0.000
dish_1566934057,bok choy,66.09,193.00,A plate of raw bok choy.,20.00,100.00,1.000
dish_1566933498,chickpeas | chicken thighs,318.48,284.00,A plate with mixed green salad and chicken with quinoa.,280.00,300.00,0.500
dish_1566934085,cauliflower | bok choy,82.59,259.00,A small plate with bok choy and roasted cauliflower.,95.00,175.00,1.000
dish_1566934120,bok choy | salmon | cauliflower,183.99,316.00,"Plate with bok choy, roasted cauliflower, and cooked salmon.",180.00,300.00,1.000
dish_1566934366,cheese pizza,87.75,33.00,Single slice of pizza on a white plate.,210.00,80.00,1.000
dish_1566934152,bok choy | chicken thighs | cauliflower | salmon,305.07,396.00,"A plate with bok choy, roasted cauliflower, baked salmon and chicken drumstick.",420.00,505.00,1.000
dish_1566931620,avocado | chicken | broccoli,494.58,461.00,"A salad with mixed greens, grilled chicken, avocado and broccoli.",420.00,385.00,1.000
dish_1566934401,white beans | fish | cheese pizza,435.90,344.00,"Plate of salmon, pizza slice, and some artichoke and beans.",550.00,325.00,0.500
dish_1566934430,fish | cookies | white beans | cheese pizza,519.54,361.00,"A plate with salmon, artichoke hearts, beans, a pizza slice, and a cookie.",720.00,385.00,0.286
dish_1566934455,cookies | fish | white beans | cheese pizza,528.04,395.00,"A plate with salmon, pizza, a cookie, cauliflower, and artichoke.",625.00,435.00,0.125
dish_1566934487,fish | white beans | cookies | cheese pizza,553.04,468.00,"A plate with salmon, salad, cauliflower, flatbread and a cookie.",485.00,445.00,0.000
dish_1566936266,chicken thighs | quinoa,220.96,146.00,A single fried chicken drumstick on a white plate,250.00,100.00,0.500
dish_1566936297,fish | chicken thighs | white beans,355.29,266.00,"A plate containing a fried chicken leg, salmon, carrots and spinach.",475.00,270.00,0.167
dish_1566936323,chicken thighs | white beans | fish,368.29,318.00,"A plate with a fried chicken drumstick, salmon, cauliflower, and mixed vegetables.",495.00,350.00,0.167
dish_1566938026,cheese pizza | chicken thighs,450.58,219.00,A plate with fried chicken and pizza,530.00,220.00,1.000
dish_1566936352,white beans | fish | chicken thighs,424.29,368.00,"A plate containing a fried chicken drumstick, steamed cauliflower, couscous and baked salmon.",770.00,450.00,0.200
dish_1566937992,cheese pizza,276.54,104.00,Two slices of cheese pizza on a plate.,560.00,200.00,1.000
dish_1566938059,cheese pizza | chicken thighs,463.25,256.00,"A small meal containing a piece of pizza, some baked chicken, and a small portion of bok choy.",520.00,295.00,0.667
dish_1567007719,cantaloupe,14.28,42.00,A small portion of cantaloupe on a white plate.,34.00,100.00,1.000
dish_1566938088,chicken thighs | cauliflower | cheese pizza,494.50,381.00,"A meal consisting of pizza, roasted cauliflower, chicken, and a small lettuce salad.",680.00,520.00,0.750
dish_1567007751,cantaloupe,39.93,87.00,"Mixed fruit plate with strawberries, blueberries, and cantaloupe.",46.00,150.00,1.000
dish_1567007783,cantaloupe,50.00,106.00,A plate of mixed berries and cantaloupe.,70.00,190.00,1.000
dish_1567019993,brussels sprouts,28.08,55.00,Plate of cooked brussels sprouts,70.00,200.00,1.000
dish_1567007814,pineapple | cantaloupe,73.00,152.00,"Mixed fruit plate with strawberries, blueberries, raspberries, blackberries, cantaloupe, and pineapple.",80.00,195.00,1.000
dish_1567007848,watermelon | cantaloupe | pineapple,100.30,243.00,"Mixed fruit salad with strawberries, blueberries, watermelon, pineapple, cantaloupe, blackberries, and raspberries.",140.00,395.00,1.000
dish_1567020054,brussels sprouts | fish,122.00,145.00,A plate with chicken breast and roasted brussels sprouts.,225.00,250.00,0.333
dish_1567020340,broccoli,93.59,168.00,Plate of cooked broccoli,55.00,170.00,1.000
dish_1567020091,fish | arugula | brussels sprouts,236.81,238.00,"Plate with kale salad, roasted brussels sprouts, tofu scramble, and almonds",360.00,320.00,0.167
dish_1567020366,brussels sprouts | broccoli,111.46,203.00,Plate of roasted broccoli and brussel sprouts,130.00,335.00,1.000
dish_1567020394,fish | broccoli | brussels sprouts,176.16,265.00,Plate of roasted broccoli and brussel sprouts with a piece of cooked fish.,286.00,500.00,1.000
dish_1567020417,fish | chicken | broccoli,313.76,348.00,"Plate with broccoli, roasted brussels sprouts, and chicken salad",344.00,550.00,0.500
dish_1567021799,arugula,93.82,76.00,A simple mixed green salad with no visible dressing.,25.00,100.00,0.000
dish_1567021831,fish | arugula,252.44,228.00,Arugula salad with fried tofu.,275.00,250.00,0.333
dish_1567021864,fish | pizza,342.88,262.00,"Plate with arugula salad, fried fish, and a slice of pizza",580.00,400.00,0.667
dish_1567022147,cherry tomatoes | bell peppers,34.92,128.00,"Chopped vegetables in a bowl, including cherry tomatoes, red bell pepper and green bell pepper.",45.00,200.00,1.000
dish_1567022180,bell peppers | carrot | cherry tomatoes,48.86,162.00,"Salad of carrots, bell peppers and red onion.",91.00,220.00,0.500
dish_1567022212,bell peppers | carrot | cherry tomatoes,89.11,197.00,"Mixed salad consisting of shredded carrots, olives, tomatoes, green pepper, and onions.",110.00,245.00,0.750
dish_1567022251,onions | cherry tomatoes | carrot | bell peppers,111.91,254.00,"A salad in a bowl with shredded carrots, sliced red onion, red bell pepper and green bell pepper.",80.00,275.00,0.750
dish_1567022296,onions | bell peppers | chicken,425.41,444.00,A bowl containing diced chicken with some shredded carrots and red onion.,245.00,225.00,0.500
dish_1567022338,chicken | parmesan cheese,507.24,463.00,"Chicken salad with Parmesan cheese, red onion, and carrot.",465.00,270.00,0.500
dish_1567022383,chicken | parmesan cheese,527.09,508.00,Tofu salad with parmesan cheese and dressing,345.00,320.00,0.200
dish_1567023132,kimchi,59.20,84.00,Kimchi and kalamata olives on a plate.,100.00,105.00,0.500
dish_1567023110,,46.00,40.00,Small plate of kalamata olives,45.00,30.00,0.000
dish_1567023161,chicken | kimchi,141.70,134.00,"A small plate with kimchi, kalamata olives, and diced grilled chicken breast.",220.00,220.00,0.667
dish_1567023184,chicken | kimchi | kale,191.51,195.00,"Plate with Kimchi, Black Olives, Diced Chicken Breast, and Chopped Kale",224.00,330.00,1.000
dish_1567023296,garlic | pecans | chard | arugula,107.18,92.00,A small mixed greens salad with cucumber and feta.,70.00,160.00,0.000
dish_1567023262,,72.32,64.00,"Small side salad with mixed greens, cucumber and feta.",115.00,190.00,0.000
dish_1567023335,garlic | pecans | almonds | arugula | chard | carrot,138.34,117.00,"A small side salad with mixed greens, cucumber, cheese, almonds, and light vinaigrette.",129.00,195.00,0.125
dish_1567024066,cheese pizza,228.67,86.00,Two slices of cheese pizza,400.00,150.00,1.000
dish_1567023375,tofu,248.57,268.00,"A plate with a mixed green salad, tofu with rice pilaf and zucchini slices.",425.00,475.00,0.500
dish_1567024112,cheese pizza | chicken thighs,274.08,116.00,A meal with 2 slices of pizza and some chicken.,500.00,200.00,1.000
dish_1567024135,cheese pizza | chicken thighs | roasted potatoes,317.79,147.00,"A plate with pizza, roasted potatoes, and chicken with cream sauce.",650.00,290.00,1.000
dish_1567024187,cheese pizza | chicken thighs | roasted potatoes,334.95,235.00,"A plate of food containing sliced zucchini, pizza, roasted potatoes, and chicken",570.00,410.00,0.750
dish_1567024252,chicken thighs | roasted potatoes | cheese pizza,512.02,454.00,"Plate with pizza, zucchini, cauliflower, and a small salad.",470.00,520.00,0.200
dish_1567106594,cherry tomatoes,15.84,88.00,Several cherry tomatoes in a metal bowl.,15.00,80.00,1.000
dish_1567024224,chicken thighs | cheese pizza | cauliflower | roasted potatoes,354.95,315.00,"A plate with pizza, zucchini, roasted potatoes, chicken and cauliflower.",570.00,485.00,0.800
dish_1567106620,bell peppers | cherry tomatoes,39.04,146.00,A mix of chopped vegetables in a metal bowl.,62.00,305.00,0.667
dish_1567106668,onions | cherry tomatoes | carrot | bell peppers,80.31,248.00,"A bowl of mixed raw vegetables including shredded carrots, sliced red onion, and green bell pepper, likely for a salad.",105.00,250.00,0.750
dish_1567106693,onions | chicken | bell peppers | carrot,359.16,417.00,"Salad with tofu, carrots, red onion, and celery",222.00,295.00,0.333
dish_1567106646,cherry tomatoes | bell peppers | onions,61.04,201.00,"A bowl of salad ingredients, including red onion, cherry tomatoes, red and green bell pepper, and carrot.",75.00,330.00,0.750
dish_1567106794,walnuts | lettuce | garlic | blue cheese,102.34,48.00,"A light salad with mixed greens, sprouts, and a single cherry tomato.",48.00,155.00,0.000
dish_1567107049,brownies,107.20,23.00,Small piece of brownie and salad,165.00,130.00,0.000
dish_1567106870,pizza | beef,504.82,211.00,"A meal consisting of a slice of pizza, a side salad, and roasted meat.",600.00,320.00,0.500
dish_1567106825,beef,220.20,104.00,"Mixed greens salad with bean sprouts, tomato and sesame chicken.",268.00,265.00,0.000
dish_1567107989,chickpeas | arugula,140.14,111.00,A simple arugula salad with radishes and cucumber.,37.00,130.00,0.250
dish_1567107839,ketchup | fish | white rice,174.28,156.00,A portion of fish with sauce accompanied by some greens on a plate.,260.00,170.00,0.333
dish_1567110519,lettuce | lime | onions | cucumbers | cherry tomatoes,100.94,100.00,A simple salad with mixed greens and carrots.,60.00,225.00,0.000
dish_1567108037,chickpeas | beef,674.73,365.00,A plate with beef stir-fry and a mixed green salad.,425.00,350.00,0.500
dish_1567110556,green beans,127.11,150.00,A plate of mixed green salad and green beans.,80.00,300.00,1.000
dish_1567110756,pizza,111.72,42.00,A single slice of pizza topped with squash.,180.00,75.00,1.000
dish_1567110631,green beans,252.61,260.00,"Plate of wheat berry salad with tofu and vegetables, green beans, and salad mix.",391.00,385.00,0.333
dish_1567110665,fish | white rice | ketchup,556.49,532.00,"A plate with a mixed green salad, green beans, a grain and vegetable mix and a rice and vegetable dish.",625.00,600.00,0.200
dish_1567525637,bell peppers,153.26,81.00,Small salad with spinach and carrot,34.00,80.00,0.000
dish_1567110783,pizza | beef,465.31,210.00,A plate with cooked pork tenderloin and a slice of squash pizza.,430.00,225.00,0.333
dish_1567110811,pizza | beef,537.99,282.00,"Plate with pork loin, mixed greens salad, and a pizza slice with squash.",460.00,300.00,0.333
dish_1567525712,bacon | hash browns,510.54,184.00,"A meal with rice, spinach, carrots, bacon and scrambled eggs.",365.00,300.00,0.167
dish_1567526738,egg whites,225.16,433.00,A plate of cottage cheese.,200.00,225.00,0.000
dish_1567526785,egg whites | sweet potato | yam,378.25,539.00,Scrambled egg whites with roasted sweet potatoes,246.00,500.00,0.667
dish_1567525744,bacon | scrambled eggs | hash browns,679.26,298.00,"A bowl with scrambled eggs, rice, bacon, spinach and carrot shreds.",475.00,350.00,0.333
dish_1567526814,egg whites | watermelon | yam | sweet potato,408.25,639.00,"A plate with scrambled eggs, diced tomatoes, and roasted butternut squash.",295.00,325.00,0.167
dish_1567526845,egg whites | watermelon | yam | sweet potato,448.15,709.00,"A plate with cottage cheese, watermelon, blueberries, strawberries and roasted sweet potato.",373.00,505.00,0.400
dish_1567537185,beef | white rice,402.98,185.00,Small portion of beef stir fry with broccoli.,365.00,230.00,0.333
dish_1567537212,beef | white rice,432.51,238.00,A plate with beef and rice stir-fry and steamed broccoli florets.,400.00,350.00,0.333
dish_1567526888,sweet potato | salsa | egg whites | watermelon | yam,479.18,816.00,"A plate with cottage cheese topped with green salsa, alongside strawberries, watermelon, blueberries, and sweet potato.",375.00,501.00,0.500
dish_1567537352,lettuce,50.79,73.00,Small mixed greens salad with tomato.,33.00,120.00,0.000
dish_1567537280,cheese pizza | beef,733.02,404.00,"A plate with beef with rice, broccoli, carrot slices, and pizza.",620.00,395.00,0.500
dish_1567537252,white rice | beef | carrot,464.46,303.00,"A plate of beef with rice, broccoli, and carrots.",370.00,380.00,0.500
dish_1567537422,broccoli | cantaloupe,109.32,203.00,"A plate with mixed greens, broccoli, cantaloupe, and a cherry tomato.",103.00,350.00,0.667
dish_1567538263,arugula | chickpeas,70.70,56.00,Arugula Salad with a cherry tomato on a white plate.,23.00,105.00,0.333
dish_1567537457,white rice | cantaloupe | chicken thighs | broccoli,297.77,361.00,"Plate with cantaloupe, broccoli, mixed green salad and chicken stir-fry.",388.00,655.00,0.750
dish_1567538303,white rice | beef,617.45,307.00,A plate with beef stir fry and mixed greens salad.,400.00,275.00,0.500
dish_1567542778,cheese pizza,260.58,98.00,Two slices of pizza on a white plate.,320.00,120.00,1.000
dish_1567542813,white rice | cheese pizza,316.64,145.00,Pizza slice and egg roll on a plate,390.00,150.00,0.333
dish_1567542843,beef | white rice | cheese pizza,471.30,216.00,"A plate containing pizza, beef with greens, and a spring roll.",680.00,270.00,0.500
dish_1567542876,white rice | cheese pizza | beef,495.81,260.00,"Plate with broccoli, sliced beef, pizza, and bread.",573.00,310.00,0.400
dish_1567542914,white rice | cheese pizza | beef,514.00,297.00,"Plate with broccoli, steak, sweet potato, pizza and spring roll",760.00,460.00,0.167
dish_1567612954,sweet potato,148.35,155.00,Roasted sweet potato cubes on a white plate.,86.00,100.00,1.000
dish_1567542953,beef | white rice | pineapple | cheese pizza,542.50,354.00,"A plate containing pineapple chunks, broccoli, meatloaf, sweet potatoes, a spring roll, and a slice of pizza.",701.00,520.00,0.250
dish_1567612986,egg whites | sweet potato,340.23,524.00,A plate of scrambled eggs and roasted sweet potato.,290.00,270.00,1.000
dish_1567542986,cheese pizza | pineapple | beef | caesar salad | white rice,605.86,498.00,"A plate containing a variety of food items including pineapple, broccoli, meat, sweet potato, salad, pizza and spring roll.",865.00,780.00,0.250
dish_1567625294,avocado,51.20,32.00,A small serving of sliced avocado on a plate.,100.00,60.00,1.000
dish_1567613019,sweet potato | watermelon | egg whites,376.53,645.00,"A plate with cottage cheese, roasted sweet potato, and chopped tomatoes.",300.00,427.00,0.200
dish_1567625343,chard | avocado | kale,65.48,74.00,A plate containing avocado slices and swiss chard.,147.00,170.00,0.667
dish_1567613057,egg whites | watermelon | sweet potato | salsa,406.69,749.00,"A plate with diced sweet potato, fresh mozzarella, chopped tomato, and salsa verde.",330.00,340.00,0.333
dish_1567625392,bulgur | avocado,208.23,171.00,"Salad with arugula, tomatoes, avocado, and chard.",117.00,225.00,0.200
dish_1567628069,garlic | arugula | lemon juice | bulgur | shallots | apple,107.43,73.00,Simple salad consisting of arugula and cauliflower.,50.00,150.00,0.143
dish_1567625434,avocado | bulgur | chicken,581.25,396.00,Salad with rice and sauted chard.,360.00,350.00,0.143
dish_1567628099,kale,127.49,132.00,A small mixed green salad.,30.00,100.00,0.000
dish_1567628157,fish | country rice,373.19,355.00,Plate with lentil cauliflower mix and green salad,290.00,300.00,0.000
dish_1567629081,cheese pizza,239.31,90.00,Two slices of cheese pizza,560.00,200.00,1.000
dish_1567629106,caesar salad | cheese pizza,292.55,211.00,A meal consisting of a salad with dressing and two slices of pizza.,450.00,350.00,0.500
dish_1567628193,quinoa | country rice | fish,492.68,439.00,"A healthy meal consisting of arugula salad, cooked buckwheat, baked fish, steamed cauliflower and cooked beet greens.",485.00,530.00,0.143
dish_1567785130,granola,76.69,59.00,Small spinach salad with shredded carrots.,45.00,150.00,0.000
dish_1567785165,sausage,273.11,116.00,A small meal of cooked spinach and sliced sausage on a white plate.,280.00,230.00,0.500
dish_1567785622,,30.78,54.00,Small plate of strawberries and blueberries,40.00,100.00,
dish_1567785223,sausage | scrambled eggs,487.71,261.00,"A breakfast plate with scrambled eggs, sausage, and spinach salad.",475.00,310.00,0.667
dish_1567785654,pineapple,51.78,96.00,"A simple fruit snack consisting of pineapple, strawberries and blueberries.",95.00,170.00,1.000
dish_1567785709,pineapple,131.25,138.00,Fruit and spinach salad,150.00,280.00,0.500
dish_1567785739,sweet potato | pineapple,168.58,177.00,"A colorful plate with roasted potatoes, diced pineapple, sliced strawberries, blueberries, and a spinach salad.",220.00,370.00,0.667
dish_1567785778,pineapple | greek yogurt | milk | chia seeds | sweet potato,303.51,310.00,"A plate with oatmeal, mixed berries, salad, pineapple, and roasted potatoes",420.00,650.00,0.333
dish_1567789154,sausage,382.51,111.00,A plate with sliced sausage.,150.00,60.00,1.000
dish_1567789190,sausage,507.39,177.00,A meal with sausage and salad.,350.00,250.00,1.000
dish_1567801468,caesar salad,86.24,196.00,A plate of Caesar salad.,250.00,250.00,1.000
dish_1567789230,sausage | scrambled eggs,689.43,300.00,"Plate with scrambled eggs, sliced sausage, and a small spinach salad.",620.00,325.00,0.667
dish_1567789256,scrambled eggs | bacon | sausage,792.22,319.00,"Breakfast plate with scrambled eggs, bacon, sliced sausage, and a side salad.",630.00,375.00,1.000
dish_1567801520,white rice | sugar | caesar salad | pork,919.10,600.00,A plate with chicken stir fry and caesar salad,650.00,450.00,0.200
dish_1567801716,cheese pizza,101.04,38.00,A single slice of pizza on a plate.,285.00,100.00,1.000
dish_1567801748,cheese pizza | pork,169.07,71.00,A plate with a slice of pizza and a small serving of fried eggplant.,360.00,155.00,0.333
dish_1567801791,cheese pizza | roasted potatoes | pork,225.47,111.00,"A plate with roasted potatoes, stewed mushrooms, and a pizza slice.",410.00,235.00,0.500
dish_1568044496,watermelon,35.40,118.00,A plate with some watermelon pieces,35.00,100.00,1.000
dish_1567801830,caesar salad | cheese pizza | roasted potatoes | pork,265.07,201.00,"Plate of pizza, roasted potatoes, and salad with dressing.",530.00,305.00,0.500
dish_1568044528,sweet potato | watermelon,145.46,233.00,"A light lunch of watermelon, feta and roasted sweet potatoes.",170.00,236.00,0.667
dish_1568044581,sweet potato | egg whites | watermelon,386.22,696.00,"A breakfast plate with scrambled eggs, roasted sweet potatoes, and watermelon.",370.00,400.00,1.000
dish_1568047932,broccoli,30.64,55.00,Small serving of cooked broccoli,35.00,100.00,1.000
dish_1568044634,salsa | sweet potato | egg whites | watermelon,413.19,789.00,"A plate containing cottage cheese topped with salsa verde, roasted sweet potato, and watermelon.",295.00,460.00,0.600
dish_1568047973,broccoli | scrambled eggs,295.56,234.00,A plate with scrambled eggs and broccoli,295.00,260.00,1.000
dish_1568048018,turkey bacon | scrambled eggs,496.80,287.00,"A plate with scrambled eggs, veggie bacon, and broccoli.",380.00,310.00,0.667
dish_1568048053,chicken apple sausage | turkey bacon | scrambled eggs,607.20,356.00,"Plate with scrambled eggs, vegan sausage, broccoli, and vegan bacon",560.00,415.00,0.750
dish_1568055963,,36.80,32.00,"A bowl of olives, carrots, and red onion.",140.00,180.00,0.000
dish_1568055986,onions,54.40,76.00,A simple salad with red onion and dates.,86.00,93.00,0.500
dish_1568056019,cherry tomatoes | onions,64.30,131.00,"Salad of cherry tomatoes, red onion, and kalamata olives",65.00,140.00,0.667
dish_1568056046,carrot | cherry tomatoes | onions,88.08,189.00,"A salad with carrots, cherry tomatoes and red onion.",75.00,180.00,1.000
dish_1568056217,chicken,480.78,427.00,Chicken and vegetable salad,285.00,340.00,0.250
dish_1568060414,mangos | arugula | tomatoes,53.60,146.00,Small garden salad,80.00,200.00,0.000
dish_1568056258,chicken | caesar dressing,506.36,485.00,"Chicken salad with cherry tomatoes, shredded carrots, red onion and a creamy dressing",365.00,350.00,0.200
dish_1568060461,white rice | pork,376.76,304.00,A plate containing a mixed salad and pulled pork with rice and spinach.,525.00,450.00,0.500
dish_1568060616,,17.08,61.00,A mixed greens salad in a white bowl.,40.00,150.00,
dish_1568060501,fried rice | pork,548.66,413.00,"A plate with a chopped salad, rice, pulled pork, and steamed vegetables.",465.00,400.00,0.667
dish_1568060542,pork | fried rice,583.38,481.00,"A plate with salad, roasted vegetables, and rice pilaf.",635.00,585.00,0.200
dish_1568060646,onions,31.48,97.00,A simple salad with mixed greens and red onion.,35.00,150.00,1.000
dish_1568060697,onions | avocado,133.88,161.00,"salad with mixed greens, red onion, and avocado",230.00,255.00,1.000
dish_1568060722,avocado | chicken,460.58,359.00,"Chicken salad with mixed greens, avocado, and red onion.",390.00,370.00,0.667
dish_1568061097,cheese pizza,146.24,55.00,A single slice of cheese pizza on a plate.,280.00,100.00,1.000
dish_1568060746,avocado | chicken,778.82,395.00,"Salad with mixed greens, chicken, avocado, and red onion",462.00,385.00,0.667
dish_1568061145,cheese pizza | squash,187.05,196.00,"A plate with sliced zucchini, yellow squash and a slice of pizza.",230.00,225.00,1.000
dish_1568061174,pineapple | squash | cheese pizza,232.55,287.00,"A plate with pineapple, squash and zucchini slices, and a slice of pizza.",322.00,355.00,1.000
dish_1568061202,brussels sprouts | squash | pineapple | cheese pizza,256.55,334.00,"Plate with pineapple chunks, zucchini/squash slices, brussels sprouts, and a slice of pizza",330.00,395.00,1.000
dish_1568061234,cheese pizza | brussels sprouts | squash | pineapple | quinoa,290.69,358.00,"A plate containing pineapple chunks, roasted brussel sprouts, buckwheat, sliced zucchini and yellow squash, and a slice of pizza.",420.00,450.00,0.667
dish_1568305198,turkey bacon,311.35,82.00,A plate of turkey bacon.,200.00,85.00,1.000
dish_1568061272,quinoa | chicken breast | cheese pizza | pineapple | squash | brussels sprouts,380.39,415.00,"A plate with pineapple, brussels sprouts, cooked buckwheat, chicken, zucchini and squash, and a pizza slice.",535.00,615.00,0.714
dish_1568061320,squash | pork | cheese pizza | pineapple | quinoa | chicken breast,535.84,491.00,"Plate with mixed ingredients including pineapple, squash, buckwheat, chicken, beef stew, brussel sprouts and pizza.",688.00,640.00,0.444
dish_1568313487,,13.72,49.00,A bowl of mixed green salad with various types of lettuce.,30.00,150.00,
dish_1568305257,turkey bacon | scrambled eggs,837.15,420.00,"A breakfast plate with scrambled eggs, vegetarian sausage, and spinach.",550.00,400.00,0.250
dish_1568305225,turkey bacon,428.67,144.00,A plate with plant based sausage and a spinach and carrot salad.,300.00,250.00,0.000
dish_1568313527,avocado,48.92,71.00,A simple salad with mixed greens and avocado.,70.00,130.00,1.000
dish_1568313575,mushroom | avocado,57.94,112.00,A mixed green salad with avocado and mushroom.,150.00,300.00,1.000
dish_1568313640,onions | mushroom | avocado,71.14,145.00,"A salad with mixed greens, red onion, and avocado.",86.00,200.00,0.667
dish_1568313676,avocado | chicken | onions,184.99,214.00,"Mixed green salad with red onion, avocado, and tofu",270.00,280.00,0.500
dish_1568314823,avocado,144.00,90.00,Avocado slices on a plate.,160.00,100.00,1.000
dish_1568314857,beef | avocado,295.54,162.00,A plate with beef stew and a small portion of avocado.,280.00,200.00,1.000
dish_1568314907,beef | avocado | salmon,481.17,281.00,"Plate of beef, sardines, and avocado.",610.00,300.00,0.500
dish_1568314951,avocado | salmon | beef,496.13,325.00,"Plate with sardines, roast beef, avocado, and cherry tomatoes.",680.00,436.00,0.400
dish_1568315001,salmon | beef | avocado,504.71,364.00,"A plate of sardines, beef, avocado, mushrooms and cherry tomatoes",545.00,380.00,0.333
dish_1568315040,avocado | quinoa | salmon | beef,555.92,400.00,"A plate with fish, couscous, avocado, tomatoes, and beef.",665.00,640.00,0.286
dish_1568315088,avocado | salmon | quinoa | beef,582.37,423.00,"A plate with baked fish, beef, couscous, sliced avocado, cherry tomatoes and mushrooms.",820.00,650.00,0.286
dish_1568315177,quinoa | avocado | salmon | beef,637.81,497.00,"A plated meal with sardines, beef, couscous, kale salad, cherry tomatoes and avocado.",830.00,615.00,0.286
dish_1568315132,quinoa | beef | salmon | avocado,591.27,440.00,"A plate with a variety of food items, including sardines, couscous, steak, avocado, tomatoes, green beans, and olives.",865.00,600.00,0.143
dish_1568315988,tofu,50.37,69.00,A small serving of lentils with tofu and vegetables.,180.00,160.00,0.250
dish_1568316041,arugula | tofu,149.13,149.00,"Salad with lentils and tofu, including radish and carrots.",267.00,315.00,0.400
dish_1568318286,,32.20,115.00,A bowl of mixed greens salad.,30.00,150.00,
dish_1568318316,,525.42,297.00,Salad with sliced grilled beef.,280.00,200.00,0.000
dish_1568316085,beef | tofu,378.54,258.00,"A plate with arugula salad, sliced steak, and tofu salad.",460.00,420.00,0.333
dish_1568318361,broccoli,540.82,341.00,Steak salad with broccoli and mixed greens,320.00,270.00,1.000
dish_1568318408,chicken,907.12,563.00,"A salad with tofu, lettuce, steak, and broccoli.",430.00,470.00,0.000
dish_1568319725,bell peppers,111.64,59.00,A simple spinach salad on a white plate.,30.00,100.00,0.000
dish_1568318480,chicken,1119.28,587.00,"Salad with tofu, broccoli, lettuce and tomato",305.00,400.00,0.000
dish_1568319769,pizza,356.36,151.00,Quesadilla with spinach salad,330.00,250.00,0.000
dish_1568320296,cheese pizza,226.01,85.00,Two slices of pizza on a plate.,400.00,155.00,1.000
dish_1568319899,pizza | salmon,627.66,377.00,"A plate with a salad, cooked vegetables, flatbread with zucchini and peppers, and fish.",470.00,380.00,0.000
dish_1568319838,pizza | salmon,607.51,312.00,"Plate with spinach salad, quesadilla, tomatoes, zucchini and fish",260.00,275.00,0.000
dish_1568320338,cheese pizza | beef,390.18,163.00,A meal consisting of roast beef and two slices of pizza.,480.00,200.00,1.000
dish_1568320383,beef | quinoa | cheese pizza,437.12,196.00,"A plate with roast beef, couscous, tomato, and two slices of pizza",823.00,340.00,0.500
dish_1568320427,cheese pizza | beef | quinoa,450.76,240.00,"A plate with steak, couscous, green beans and pizza.",620.00,350.00,0.250
dish_1568400935,,11.76,42.00,A bowl of mixed green salad.,20.00,100.00,
dish_1568400967,broccoli,36.61,113.00,A bowl of mixed greens and broccoli florets.,90.00,300.00,1.000
dish_1568401018,chicken,587.71,447.00,"Tofu, broccoli, and spinach salad.",240.00,310.00,0.000
dish_1568320470,beef | quinoa | cheese pizza,521.04,341.00,"A plate with a balanced meal including salad, green beans, quinoa, roast beef, and pizza.",665.00,585.00,0.500
dish_1568401064,chicken | avocado,787.71,572.00,"A salad with tofu, avocado, and broccoli and another plate with carrots and salad",670.00,830.00,0.167
dish_1568401167,tuna salad,426.36,228.00,Tuna salad with shredded carrots,330.00,300.00,0.500
dish_1568401199,tuna salad | squash,459.64,343.00,A plate with tuna salad and cooked sweet potato.,400.00,350.00,0.333
dish_1568401233,carrot | tuna salad,490.39,418.00,"A plate with butternut squash, tuna salad, and shredded carrots.",298.00,395.00,0.667
dish_1568401090,avocado | chicken,1158.99,614.00,"A balanced meal consisting of a grilled chicken salad, shredded carrots, and tuna salad.",700.00,600.00,0.250
dish_1568401261,carrot | avocado | tuna salad,530.39,443.00,"Plate with tuna salad, sweet potato, shredded carrots and avocado.",475.00,450.00,0.750
dish_1568404850,fried rice,157.70,100.00,Plate of fried rice with mixed vegetables and broccoli.,420.00,250.00,0.500
dish_1568401302,fried rice | avocado | tuna salad,716.48,561.00,"A plate with tuna salad, brown rice, butternut squash, shredded carrots, and avocado slices.",666.00,600.00,0.600
dish_1568405183,spinach (raw),72.40,64.00,A small salad on a white plate.,14.00,70.00,1.000
dish_1568404889,fried rice | rice noodles,247.29,219.00,A plate with fried rice and asian slaw,550.00,400.00,0.333
dish_1568405214,kale | spinach (raw),144.26,152.00,A plate with kale salad and spinach.,265.00,250.00,1.000
dish_1568405273,salmon | kale | brown rice,386.20,288.00,"A plate with spinach, kale salad, wheat berry salad, and salmon.",507.00,405.00,0.500
dish_1568405405,spinach (raw),83.72,74.00,A simple spinach salad with sun-dried tomatoes and onions.,75.00,130.00,0.333
dish_1568405430,rice noodles | spinach (raw),119.10,121.00,A plate with a spinach salad and a small portion of kimchi.,75.00,180.00,0.333
dish_1568405306,kale | salmon | brown rice | tofu,421.24,336.00,"Plate with spinach, kale salad, rice, grain salad, tofu, and sun dried tomatoes.",510.00,505.00,0.429
dish_1568405466,rice noodles | pineapple | spinach (raw),153.10,189.00,"Plate with a spinach salad, coleslaw, and pineapple.",232.00,400.00,0.500
dish_1568649312,,44.46,78.00,"A small portion of mixed berries, raspberries and blackberries on a white plate.",35.00,70.00,
dish_1568405499,brown rice | salmon | pineapple,562.27,419.00,"A plate with salmon, spinach salad, kimchi, and pineapple.",462.00,450.00,0.400
dish_1568649354,broccoli,72.87,129.00,"A small plate of broccoli, raspberries and blackberries.",67.00,160.00,1.000
dish_1568649387,sweet potato | broccoli | yam,163.86,192.00,"A plate with roasted sweet potatoes, broccoli, blackberries and raspberries",195.00,285.00,0.667
dish_1568660810,pepperoni pizza,132.54,47.00,A single slice of pepperoni pizza on a white plate.,280.00,100.00,1.000
dish_1568664931,spinach (raw),67.88,60.00,Side salad with mixed greens.,25.00,100.00,0.000
dish_1568649430,yam | sweet potato | scrambled eggs,363.66,327.00,"Breakfast plate with scrambled eggs, sweet potato, broccoli, and mixed berries",470.00,480.00,0.500
dish_1568664972,chicken | millet,303.42,221.00,Chicken and couscous with a side of mixed green salad.,380.00,270.00,0.500
dish_1568665012,brussels sprouts | millet | chicken,327.42,268.00,"A plate with chicken and couscous, a side of mixed green salad, and some Brussels sprouts.",425.00,325.00,0.667
dish_1568665935,cheese pizza,154.22,58.00,Single slice of pizza on a white plate.,200.00,75.00,1.000
dish_1568665970,cheese pizza | caesar salad,202.18,167.00,A light meal of pizza and salad,360.00,230.00,1.000
dish_1568665052,brussels sprouts | millet | chicken,345.65,331.00,"A plate with grilled chicken breast, zucchini, Brussels sprouts, and a mixed greens salad.",300.00,500.00,0.500
dish_1568666000,cheese pizza | caesar salad,209.93,197.00,Pizza slice and two types of salad on a white plate.,490.00,450.00,0.667
dish_1568666032,caesar salad | cheese pizza | chicken,243.58,220.00,"Plate with a slice of pizza, grilled chicken, kale salad with cucumber, and caesar salad.",610.00,475.00,0.750
dish_1568666184,lettuce,28.50,190.00,A bowl of mixed green salad.,50.00,200.00,0.000
dish_1568666061,caesar salad | chicken | brussels sprouts | cheese pizza,260.43,253.00,"A plate with chicken, kale salad, brussel sprouts, caesar salad, and pizza.",675.00,505.00,0.800
dish_1568666230,lettuce | broccoli,55.80,268.00,Salad with broccoli and lettuce,120.00,400.00,1.000
dish_1568666089,cheese pizza | caesar salad | brussels sprouts | chicken,276.42,335.00,"A plate with mixed foods including a pizza slice, several vegetables, and salad.",580.00,580.00,0.667
dish_1568666263,lettuce | broccoli | artichokes,93.40,348.00,"A salad with romaine lettuce, broccoli, and artichoke hearts.",123.00,335.00,1.000
dish_1568666303,artichokes | chicken | lettuce | broccoli,443.20,560.00,"Salad with chicken, broccoli, and lettuce.",265.00,275.00,0.750
dish_1568666329,artichokes | chicken,743.76,594.00,"Salad with chicken breast, broccoli and lettuce.",245.00,285.00,0.250
dish_1568666357,chicken | artichokes,751.68,603.00,"Salad with lettuce, broccoli, and chicken breast",260.00,350.00,0.250
