dish_id,true_ingredients,true_calories,true_weight,ai_description,ai_calories,ai_weight,ingredient_jaccard
dish_1556573514,,6.44,23.00,A small mixed green salad with red onion slices.,50.00,150.00,0.000
dish_1556575014,,71.30,62.00,A plate of olives.,115.00,100.00,
dish_1556572657,,41.40,36.00,A plate of olives.,66.00,60.00,
dish_1556575083,brussels sprouts,27.52,64.00,A serving of cooked Brussels sprouts.,51.00,100.00,1.000
dish_1556575327,brussels sprouts,103.30,152.00,"A plate with brussels sprouts, green bell pepper, and kalamata olives.",135.00,205.00,0.333
dish_1556575124,celery,4.48,28.00,A small serving of sliced green bell pepper on a white plate.,9.00,30.00,0.000
dish_1556575273,brussels sprouts,103.30,152.00,"A plate with Brussels sprouts, black olives, and celery.",179.00,190.00,0.500
dish_1556575386,brussels sprouts,103.30,152.00,Plate of assorted vegetables,160.00,200.00,0.500
dish_1556575446,brussels sprouts,103.30,152.00,"A small plate with brussels sprouts, olives, and bell pepper.",105.00,200.00,0.333
dish_1556575499,brussels sprouts,103.30,152.00,"Plate of brussels sprouts, kidney beans and celery",150.00,250.00,0.333
dish_1557853154,,18.81,57.00,A small snack of strawberries and blueberries.,35.00,95.00,
dish_1557853314,yam,115.41,93.00,Plate of roasted sweet potatoes,200.00,200.00,0.000
dish_1557861605,fish,35.10,39.00,A serving of fish garnished with dill and pine nuts.,250.00,120.00,1.000
dish_1557861697,eggplant,13.14,53.00,Plate of cooked eggplant,50.00,200.00,1.000
dish_1557861795,caesar salad,13.64,31.00,A small plate of caesar salad with croutons.,120.00,205.00,0.000
dish_1557853229,eggs,195.93,126.00,A bowl of scrambled eggs.,360.00,240.00,1.000
dish_1557862345,chicken,103.95,63.00,Small plate of cut up chicken pieces,165.00,100.00,1.000
dish_1557862696,cauliflower,19.25,77.00,A bowl of cauliflower,100.00,300.00,1.000
dish_1556575558,brussels sprouts,103.30,151.00,"A small plate with Brussels sprouts, olives, and celery.",120.00,200.00,0.500
dish_1557862783,chicken,442.98,258.00,"A meal with beef steak, mashed potatoes, and cooked chicken.",558.00,425.00,0.333
dish_1557862829,spinach (raw),5.52,24.00,A plate of fresh spinach.,14.00,70.00,1.000
dish_1557863012,cucumbers,3.10,31.00,sliced cucumber on a plate,7.00,50.00,1.000
dish_1557861837,eggplant | caesar salad | fish,61.88,123.00,Salad with roasted eggplant and polenta,311.00,330.00,0.500
dish_1557863104,,46.00,40.00,Plate of olives,115.00,100.00,
dish_1557863170,avocado,129.82,142.00,"A salad with spinach, avocado, cucumber, and grapes.",209.00,230.00,0.250
dish_1557936555,eggs,149.28,96.00,A plate of scrambled eggs.,143.00,110.00,1.000
dish_1557936599,broccoli,22.05,63.00,A small serving of cooked broccoli.,34.00,100.00,1.000
dish_1557936645,,11.88,36.00,A small serving of strawberries.,20.00,50.00,
dish_1557853429,eggs | yam,330.15,276.00,A plate of scrambled eggs with cooked sweet potato and strawberries,380.00,400.00,0.333
dish_1557937079,bacon,146.07,27.00,A plate with cooked bacon.,216.00,40.00,1.000
dish_1557862738,,319.78,118.00,A small portion of beef steak on a plate.,250.00,120.00,0.000
dish_1557937335,yam,47.16,38.00,small portion of roasted sweet potato cubes,60.00,70.00,0.000
dish_1557937037,,25.97,49.00,A small plate of raspberries.,32.00,80.00,
dish_1557937574,,5.59,13.00,Three blackberries on a white plate.,18.00,30.00,
dish_1557937615,,6.93,21.00,A plate with two pieces of strawberry,10.00,30.00,
dish_1557937715,,20.67,39.00,A small portion of fresh raspberries.,35.00,100.00,
dish_1557937758,yam | eggs,106.78,128.00,"A plate with sweet potato chunks, scrambled eggs, blackberries, raspberries and strawberries.",220.00,260.00,0.333
dish_1558026623,honeydew melons,29.88,83.00,A plate of diced honeydew melon.,61.00,170.00,1.000
dish_1558026684,cantaloupe,24.14,71.00,Cantaloupe cubes,54.00,150.00,1.000
dish_1558026714,bacon,129.84,24.00,Three strips of bacon,210.00,30.00,1.000
dish_1558026756,honeydew melons | cantaloupe | bacon,183.86,178.00,Breakfast with bacon and melon cubes,223.00,300.00,1.000
dish_1558027057,yam,80.67,65.00,Small portion of roasted sweet potato cubes.,86.00,100.00,0.000
dish_1558027164,bacon,162.30,30.00,A serving of bacon on a white plate.,276.00,60.00,1.000
dish_1558028007,potatoes,54.67,71.00,A small portion of roasted potatoes.,150.00,150.00,1.000
dish_1557863056,avocado,75.20,47.00,Several slices of avocado on a white plate.,160.00,100.00,1.000
dish_1558028492,cantaloupe,20.74,61.00,A small plate of cut cantaloupe.,61.00,170.00,1.000
dish_1558028690,honeydew melons,23.76,66.00,A small plate of honeydew melon cubes.,27.00,80.00,1.000
dish_1558029148,honeydew melons,38.88,108.00,A plate of diced honeydew melon.,61.00,150.00,1.000
dish_1558029230,potatoes,88.55,115.00,A small portion of roasted potatoes.,213.00,194.00,1.000
dish_1558029278,bacon,146.07,27.00,Three strips of bacon on a plate.,138.00,40.00,1.000
dish_1558029324,potatoes | bacon | honeydew melons,273.50,250.00,"A plate with roasted potatoes, bacon and honeydew melon.",297.00,350.00,1.000
dish_1558029518,yam,137.75,111.00,A plate of roasted sweet potato.,130.00,100.00,0.000
dish_1558029686,bacon,119.02,22.00,A serving of cooked bacon on a white plate.,137.00,30.00,1.000
dish_1558029842,cantaloupe,22.78,67.00,A serving of cubed cantaloupe,61.00,170.00,1.000
dish_1558029923,bacon | yam | cantaloupe,279.55,200.00,"A plate with roasted sweet potato cubes, cantaloupe cubes and strips of bacon.",306.00,230.00,0.500
dish_1558030182,potatoes,67.76,88.00,A small serving of roasted potatoes.,130.00,150.00,1.000
dish_1558030289,honeydew melons,38.52,107.00,A serving of cubed honeydew melon.,36.00,100.00,1.000
dish_1558030383,bacon,140.66,26.00,A plate with three strips of bacon.,270.00,60.00,1.000
dish_1558030435,honeydew melons | potatoes | bacon,246.94,221.00,"A plate with roasted potatoes, bacon, and melon.",340.00,400.00,1.000
dish_1558030832,yam,89.35,72.00,A plate of roasted sweet potatoes.,103.00,100.00,0.000
dish_1558030910,bacon,81.15,15.00,Two strips of bacon on a white plate.,135.00,45.00,1.000
dish_1558030971,honeydew melons,17.64,49.00,A small serving of cut honeydew melon.,36.00,100.00,1.000
dish_1558031133,yam,136.51,110.00,A serving of roasted sweet potatoes.,154.00,180.00,0.000
dish_1558031237,cantaloupe,31.62,93.00,Plate of cantaloupe chunks,51.00,130.00,1.000
dish_1557937157,broccoli | eggs | bacon,355.25,271.00,"A plate of scrambled eggs with bacon, raspberries, strawberries, and broccoli.",406.00,415.00,1.000
dish_1558031526,yam,76.94,62.00,Small portion of roasted sweet potato.,77.00,65.00,0.000
dish_1558031566,bacon,140.66,26.00,A serving of bacon on a plate.,135.00,50.00,1.000
dish_1557937427,eggs,26.43,17.00,A small portion of scrambled eggs on a plate.,150.00,100.00,1.000
dish_1558031675,yam | bacon | cantaloupe,248.88,180.00,"A plate with cantaloupe, roasted sweet potatoes, and bacon.",267.00,270.00,0.500
dish_1558032156,bacon,140.66,26.00,Plate of bacon,215.00,30.00,1.000
dish_1558109864,almonds,213.90,37.00,A serving of almonds in a white bowl.,207.00,35.00,1.000
dish_1558109907,grapes,43.47,63.00,A plate of grapes,69.00,120.00,1.000
dish_1558109986,sausage,258.45,75.00,A plate of sliced sausage.,250.00,100.00,1.000
dish_1558110245,,29.07,51.00,A small snack of blackberries and raspberries on a white plate.,58.00,116.00,
dish_1558110297,,29.07,51.00,"A small plate of mixed berries, including raspberries and blackberries.",52.00,100.00,
dish_1558110335,bacon,37.87,7.00,Two pieces of bacon,135.00,50.00,1.000
dish_1558110385,eggs,52.87,34.00,A small serving of scrambled eggs on a white plate.,206.00,160.00,1.000
dish_1558110436,yam,85.63,69.00,A serving of cooked sweet potato chunks on a plate.,150.00,200.00,0.000
dish_1558110478,eggs | yam,205.44,161.00,"A breakfast plate with sweet potato, bacon, scrambled eggs, raspberries and blackberries.",454.00,365.00,0.250
dish_1558113154,grapes,37.26,54.00,A small plate of red grapes.,69.00,120.00,1.000
dish_1558113204,almonds,179.21,31.00,A small bowl of almonds.,207.00,35.00,1.000
dish_1558113255,cantaloupe,30.60,90.00,A small bowl of cantaloupe cubes.,68.00,170.00,1.000
dish_1558028057,bacon,151.48,28.00,A small portion of bacon.,270.00,60.00,1.000
dish_1558113430,,7.84,28.00,A small salad with spinach and carrots.,11.00,40.00,0.000
dish_1558113477,almonds,289.05,50.00,A serving of almonds.,414.00,70.00,1.000
dish_1558113941,almonds,296.89,78.00,"A light meal with almonds, spinach, and carrot shreds.",219.00,75.00,0.333
dish_1558114145,grapes,57.27,83.00,A small bowl of grapes.,69.00,120.00,1.000
dish_1558114209,cantaloupe,30.60,90.00,A serving of cut cantaloupe.,61.00,170.00,1.000
dish_1558031302,potatoes,56.98,74.00,A small plate of roasted potatoes.,180.00,200.00,1.000
dish_1558114484,bacon,151.48,28.00,A small plate of bacon.,217.00,35.00,1.000
dish_1558114523,almonds,104.06,18.00,Small plate of almonds,170.00,30.00,1.000
dish_1558031628,cantaloupe,31.28,92.00,A plate of diced cantaloupe.,54.00,150.00,1.000
dish_1558114609,sausage | almonds | bacon,540.90,160.00,"A plate with bacon, sausage, almonds, and grapes.",660.00,260.00,0.750
dish_1558114937,,13.72,49.00,A small salad of spinach and shredded carrots,15.00,50.00,0.000
dish_1558115011,almonds,115.62,20.00,A small snack of almonds in a small plate.,168.00,28.00,1.000
dish_1558115169,bacon,151.48,28.00,Three strips of bacon on a plate.,270.00,90.00,1.000
dish_1558114441,sausage,258.45,75.00,Plate of sausage pieces,375.00,150.00,1.000
dish_1558113304,grapes | cantaloupe | almonds,247.07,175.00,"A plate with cantaloupe, red grapes, and almonds.",225.00,225.00,1.000
dish_1558115448,grapes,64.86,94.00,A small bowl of red and green grapes.,69.00,120.00,1.000
dish_1558115512,sausage,434.20,126.00,A plate of sliced sausages.,480.00,200.00,1.000
dish_1558115601,potatoes,85.47,111.00,A small plate of roasted potatoes.,186.00,200.00,1.000
dish_1558115641,grapes | sausage | potatoes,584.53,331.00,"A plate with sliced sausage, roasted potatoes and red grapes.",424.00,340.00,1.000
dish_1558114569,grapes,26.91,39.00,A small serving of grapes.,35.00,60.00,1.000
dish_1558115825,grapes,42.78,62.00,A plate of mixed grapes.,69.00,120.00,1.000
dish_1558115867,almonds,132.96,23.00,A small plate of almonds,168.00,28.00,1.000
dish_1558115241,potatoes,85.47,111.00,A plate of roasted potatoes.,200.00,200.00,1.000
dish_1558115960,potatoes,39.27,51.00,Small portion of roasted potatoes,80.00,100.00,1.000
dish_1558116001,almonds | grapes | sausage | bacon | potatoes,569.81,223.00,"A plate with sausage, bacon, almonds, grapes and roasted potatoes.",690.00,330.00,1.000
dish_1558115320,almonds,173.43,30.00,A serving of almonds.,207.00,35.00,1.000
dish_1558116146,grapes,76.59,111.00,A bowl of mixed red and green grapes.,69.00,115.00,1.000
dish_1558116201,sausage,313.59,91.00,A plate of sausage slices.,300.00,100.00,1.000
dish_1558115915,sausage,203.31,59.00,Sausage slices on a plate,250.00,100.00,1.000
dish_1558116298,almonds | grapes | sausage,854.69,368.00,"A plate of grapes, cantaloupe, almonds, and sausage.",534.00,350.00,0.750
dish_1558116399,,7.00,25.00,small bowl of spinach and carrot salad,35.00,90.00,0.000
dish_1558115764,bacon,151.48,28.00,Plate of bacon,216.00,40.00,1.000
dish_1558116486,grapes,39.33,57.00,"A small plate of mixed grapes, likely a snack.",69.00,120.00,1.000
dish_1558122583,potatoes,46.97,61.00,A small plate of roasted potatoes.,156.00,180.00,1.000
dish_1558372525,almonds,242.80,42.00,A small plate of almonds,345.00,61.00,1.000
dish_1558372650,grapes,57.27,83.00,A small plate of mixed grapes.,69.00,115.00,1.000
dish_1558372695,sausage,148.18,43.00,A small portion of roasted potatoes on a white plate.,229.00,286.00,0.000
dish_1558372948,almonds,687.94,119.00,A bowl of almonds,529.00,89.00,1.000
dish_1558116090,cantaloupe,30.94,91.00,A bowl of cantaloupe chunks.,61.00,170.00,1.000
dish_1558373284,sausage,389.40,113.00,A plate of sliced kielbasa sausage.,420.00,150.00,1.000
dish_1558373352,grapes,69.00,100.00,A bowl of grapes.,69.00,115.00,1.000
dish_1558373405,cantaloupe,13.60,40.00,A small plate of cooked carrots.,50.00,100.00,0.000
dish_1558373449,almonds,416.23,72.00,A bowl of almonds.,414.00,70.00,1.000
dish_1558116260,almonds,433.58,75.00,A bowl of almonds.,518.00,90.00,1.000
dish_1558373639,,5.60,20.00,Small salad with spinach and carrots,17.00,55.00,0.000
dish_1558373687,sausage,306.69,89.00,A serving of sausage.,344.00,128.00,1.000
dish_1558116436,bacon,91.97,17.00,A plate with strips of bacon.,137.00,40.00,1.000
dish_1558373008,sausage,251.56,73.00,Plate of sausage slices,250.00,100.00,1.000
dish_1558375732,grapes,45.54,66.00,A small bowl of grapes.,69.00,115.00,1.000
dish_1558375667,almonds,687.94,119.00,A bowl of almonds.,518.00,88.00,1.000
dish_1558376212,almonds,300.61,52.00,A small bowl of almonds.,414.00,69.00,1.000
dish_1558376306,sausage,372.17,108.00,A plate of sliced sausage.,450.00,150.00,1.000
dish_1558376364,grapes,48.99,71.00,A small plate of mixed red and green grapes.,69.00,120.00,1.000
dish_1558376437,cantaloupe,13.26,39.00,A small serving of cantaloupe.,46.00,100.00,1.000
dish_1558376483,almonds | grapes | sausage,735.03,270.00,"A plate with almonds, sausage, grapes, and cantaloupe.",737.00,255.00,0.750
dish_1558376734,sausage,206.76,60.00,A small plate of sliced sausage.,250.00,100.00,1.000
dish_1558373492,almonds | sausage | grapes,888.23,325.00,"A small plate of almonds, cheddar cheese cubes, grapes and sliced sausage.",586.00,255.00,0.750
dish_1558376874,almonds,335.30,58.00,A bowl of almonds,414.00,69.00,1.000
dish_1558376938,grapes,51.06,74.00,A small plate of red grapes.,46.00,80.00,1.000
dish_1558377105,sausage,389.40,113.00,A plate of sausage slices.,350.00,150.00,1.000
dish_1558375833,sausage,317.03,92.00,A plate of sliced sausage,260.00,80.00,1.000
dish_1558378553,almonds,393.11,68.00,A bowl of almonds.,410.00,70.00,1.000
dish_1558375886,almonds | sausage,1050.51,277.00,"A plate with almonds, chorizo, and grapes.",705.00,255.00,0.250
dish_1558379128,grapes,36.57,53.00,A small bowl of grapes.,69.00,120.00,1.000
dish_1558379182,almonds,323.74,56.00,A bowl of almonds,207.00,35.00,1.000
dish_1558379273,sausage,227.44,66.00,A serving of sausage on a plate.,250.00,100.00,1.000
dish_1558376801,,4.20,15.00,A small seaweed and carrot salad on a plate.,60.00,150.00,0.000
dish_1558378516,grapes,92.46,134.00,A bowl of grapes,69.00,115.00,1.000
dish_1558379639,sausage,385.95,112.00,A plate of sliced sausage.,450.00,150.00,1.000
dish_1558378634,grapes | almonds | sausage,874.97,315.00,"A snack plate with sausage slices, red and green grapes, and almonds.",394.00,200.00,1.000
dish_1558379712,almonds,687.94,119.00,Bowl of almonds.,579.00,100.00,1.000
dish_1558379324,cantaloupe,16.32,48.00,A small plate of diced butternut squash.,45.00,120.00,0.000
dish_1558380414,grapes,35.88,52.00,A small snack of grapes.,69.00,115.00,1.000
dish_1558380464,almonds,277.49,48.00,A bowl of almonds.,414.00,69.00,1.000
dish_1558380527,sausage,385.95,112.00,A bowl of sliced sausage.,450.00,150.00,1.000
dish_1558380557,grapes | almonds | sausage,699.32,212.00,Sausage with almonds and grapes.,625.00,200.00,1.000
dish_1558380804,,7.56,27.00,Spinach and carrots,44.00,150.00,0.000
dish_1558381032,almonds,115.62,20.00,A small bowl of almonds.,140.00,25.00,1.000
dish_1558381084,grapes,36.57,53.00,A small plate of mixed grapes.,69.00,115.00,1.000
dish_1558381143,sausage,182.64,53.00,Small plate of sliced kielbasa sausage,172.00,70.00,1.000
dish_1558379391,sausage | almonds | grapes,604.06,223.00,"A plate with sausage slices, cantaloupe cubes, almonds, and grapes.",375.00,225.00,0.750
dish_1558381665,broccoli,17.85,51.00,A small plate of broccoli.,34.00,100.00,1.000
dish_1558381708,green beans,16.43,53.00,A serving of cooked green beans,55.00,150.00,1.000
dish_1558381742,,78.20,68.00,A plate of kalamata olives.,135.00,60.00,0.000
dish_1558381819,tomatoes,22.10,65.00,A plate of cherry tomatoes.,30.00,200.00,1.000
dish_1558381840,chicken,113.85,69.00,A plate of diced chicken,248.00,150.00,1.000
dish_1558381860,avocado,94.40,59.00,Avocado slices on a plate.,240.00,150.00,1.000
dish_1558381943,spinach (raw),13.80,60.00,A bowl of fresh spinach.,23.00,100.00,1.000
dish_1558382263,chicken | avocado | tomatoes | broccoli,356.63,425.00,"Salad with spinach, tomatoes, green beans, avocado, chicken, broccoli and olives",628.00,680.00,0.667
dish_1558457415,sweet potato,60.80,80.00,Four fried wontons on a plate.,240.00,100.00,0.000
dish_1558457468,cantaloupe,23.80,70.00,A plate of cantaloupe chunks,61.00,170.00,1.000
dish_1558380014,grapes,92.46,134.00,A bowl of red and green grapes.,69.00,115.00,1.000
dish_1558457577,eggs,172.60,111.00,A serving of scrambled eggs on a white plate.,270.00,200.00,1.000
dish_1558457665,cantaloupe | sweet potato | eggs | cauliflower,273.20,325.00,"A plate with scrambled eggs, roasted potatoes, cauliflower, and cantaloupe.",470.00,600.00,1.000
dish_1558458438,spinach (raw),3.22,14.00,A bowl of spinach,14.00,70.00,1.000
dish_1558380058,almonds,208.12,36.00,A small bowl of almonds.,207.00,35.00,1.000
dish_1558458541,almonds,294.83,51.00,A small white bowl of almonds.,414.00,69.00,1.000
dish_1558458584,grapes | almonds,351.18,142.00,"A light snack consisting of grapes, almonds and spinach",290.00,183.00,0.667
dish_1558458737,white rice,41.60,32.00,A serving of white rice on a plate.,260.00,200.00,1.000
dish_1558458847,apple,74.36,143.00,A whole apple on a plate.,95.00,182.00,1.000
dish_1558458903,almonds,115.62,20.00,A small bowl of almonds.,172.00,30.00,1.000
dish_1558459020,cherry tomatoes,10.98,61.00,A small plate of cherry tomatoes,20.00,100.00,1.000
dish_1558459059,grapes,28.98,42.00,A small plate of mixed grapes.,34.00,60.00,1.000
dish_1558459115,almonds | apple | white rice | grapes,271.54,298.00,"A meal consisting of an apple, rice, almonds, grape tomatoes and grapes.",440.00,517.00,0.800
dish_1558459276,white rice,102.70,79.00,A plate of white rice.,260.00,200.00,1.000
dish_1558459395,almonds,208.12,36.00,A small plate of almonds.,172.80,30.00,1.000
dish_1558459462,grapes,58.65,85.00,A small plate of grapes,69.00,120.00,1.000
dish_1558459528,cherry tomatoes,11.52,64.00,A small plate of cherry tomatoes.,20.00,100.00,1.000
dish_1558459602,spinach (raw),2.07,9.00,Plate of spinach,7.00,30.00,1.000
dish_1558459664,white rice | almonds | grapes,383.06,273.00,"Plate with almonds, cooked white rice, grapes, cherry tomatoes, and spinach",521.00,500.00,0.600
dish_1558459945,apple,73.84,142.00,One apple on a plate.,95.00,182.00,1.000
dish_1558459994,grapes,25.53,37.00,A small serving of red grapes.,35.00,60.00,1.000
dish_1558460061,grapes,40.71,59.00,A small bowl of almonds.,410.00,70.00,0.000
dish_1558460138,cherry tomatoes,10.08,56.00,A small portion of cherry tomatoes,20.00,100.00,1.000
dish_1558460205,spinach (raw),1.84,8.00,A plate of spinach,7.00,30.00,1.000
dish_1558460908,apple | grapes | cherry tomatoes,152.00,302.00,"A plate with almonds, an apple, grapes, cherry tomatoes, and spinach.",447.00,419.00,0.600
dish_1558461431,spinach (raw),1.15,5.00,A plate of fresh spinach,7.00,30.00,1.000
dish_1558461607,grapes,87.63,127.00,A plate of grapes.,69.00,120.00,1.000
dish_1558461692,almonds,231.24,40.00,A bowl of almonds.,288.00,50.00,1.000
dish_1558461760,cherry tomatoes,10.98,61.00,A small bowl of cherry tomatoes.,25.00,150.00,1.000
dish_1558461792,grapes | almonds,331.00,233.00,"Plate with cherry tomatoes, almonds, red grapes and spinach",276.00,325.00,0.500
dish_1558457530,cauliflower,16.00,64.00,A serving of cooked cauliflower,82.00,200.00,1.000
dish_1558462106,grapes,25.53,37.00,A small snack of red grapes.,34.00,60.00,1.000
dish_1558458496,grapes,53.13,77.00,A plate of grapes.,69.00,115.00,1.000
dish_1558462531,cherry tomatoes,12.96,72.00,A small plate of cherry tomatoes.,32.00,180.00,1.000
dish_1558463113,white rice | grapes | cherry tomatoes,63.58,139.00,"A plate with spinach, cherry tomatoes, rice, and grapes.",120.00,180.00,0.750
dish_1558462036,spinach (raw),2.99,13.00,A bowl of spinach,7.00,30.00,1.000
dish_1558463429,grapes,42.09,61.00,A small portion of red grapes.,69.00,120.00,1.000
dish_1558463562,almonds,369.98,64.00,A bowl of almonds,414.00,70.00,1.000
dish_1558463690,grapes | almonds,432.95,241.00,"A plate with almonds, cherry tomatoes, and red grapes.",261.00,185.00,0.667
dish_1558468285,,12.32,44.00,A plate of mixed green salad,40.00,200.00,
dish_1558468401,avocado,75.20,47.00,Two slices of avocado on a plate,240.00,150.00,1.000
dish_1558462228,white rice,22.10,17.00,A portion of white rice on a plate.,174.00,150.00,1.000
dish_1558463362,cherry tomatoes,20.88,116.00,A bowl of cherry tomatoes,30.00,180.00,1.000
dish_1558468547,squash,6.97,34.00,A small plate of kimchi with a few broccoli sprouts,42.00,110.00,0.000
dish_1558468589,mushroom,12.10,55.00,A plate of cooked mushrooms.,33.00,150.00,1.000
dish_1558468632,chicken,169.95,103.00,A plate of cubed chicken breast.,232.00,145.00,1.000
dish_1558468435,broccoli,28.00,80.00,A plate of steamed broccoli.,55.00,170.00,1.000
dish_1558544427,eggs,160.16,103.00,A plate of scrambled eggs with shredded carrots.,365.00,300.00,0.500
dish_1558544482,,38.19,67.00,A small plate of raspberries and blackberries.,57.00,120.00,
dish_1558468494,squash,15.79,77.00,Plate of cooked yellow squash and zucchini.,31.00,175.00,0.500
dish_1558544870,eggs,198.35,170.00,A breakfast consisting of scrambled eggs and mixed berries (raspberries and blackberries),305.00,305.00,1.000
dish_1558545738,apple,73.84,142.00,A whole apple on a plate.,95.00,182.00,1.000
dish_1558546434,spinach (raw),2.53,11.00,A small plate of spinach.,7.00,30.00,1.000
dish_1558544663,oatmeal,141.44,208.00,A bowl of oatmeal.,210.00,175.00,1.000
dish_1558546663,almonds | apple,330.73,197.00,"A snack consisting of spinach, an apple, and almonds.",272.00,240.00,0.667
dish_1558546918,white rice,70.20,54.00,A portion of white rice served on a white plate.,207.00,175.00,1.000
dish_1558547008,potatoes,73.92,96.00,A plate of roasted potatoes.,150.00,150.00,1.000
dish_1558468731,avocado | chicken | broccoli | squash,320.33,440.00,"A mixed salad with mixed greens, broccoli, mushrooms, avocado, and chicken breast.",230.00,355.00,0.600
dish_1558547124,almonds,144.53,25.00,A small snack of almonds.,153.00,26.00,1.000
dish_1558547205,potatoes | almonds | white rice,291.17,186.00,"A plate with white rice, roasted potatoes, spinach, and almonds.",570.00,315.00,0.750
dish_1558548666,white rice,97.50,75.00,A serving of plain white rice on a white plate.,208.00,160.00,1.000
dish_1558548958,spinach (raw),2.30,10.00,A plate of spinach,7.00,30.00,1.000
dish_1558549008,cherry tomatoes,20.70,115.00,A plate of cherry tomatoes,36.00,200.00,1.000
dish_1558549086,potatoes,73.15,95.00,Plate of roasted potatoes.,156.00,180.00,1.000
dish_1558549150,grapes,45.54,66.00,A plate of grapes,69.00,120.00,1.000
dish_1558549214,white rice | potatoes | cherry tomatoes | grapes,239.19,361.00,"A plate with rice, spinach, grapes, roasted potatoes, and grape tomatoes.",441.00,620.00,0.800
dish_1558549413,almonds,682.16,118.00,A plate of almonds.,507.00,85.00,1.000
dish_1558546558,almonds,254.36,44.00,A plate of almonds.,207.00,35.00,1.000
dish_1558549773,spinach (raw),2.30,10.00,A small serving of spinach on a white plate.,7.00,30.00,1.000
dish_1558549806,almonds | white rice,781.96,203.00,"A plate with almonds, white rice and spinach",967.00,280.00,0.667
dish_1558547068,spinach (raw),2.53,11.00,A small serving of spinach leaves on a white plate.,7.00,30.00,1.000
dish_1558549605,white rice,97.50,75.00,A serving of white rice.,260.00,200.00,1.000
dish_1558550181,grapes,28.98,42.00,A small portion of grapes on a white plate.,34.00,60.00,1.000
dish_1558550218,almonds | grapes | apple,230.00,206.00,"A plate with an apple, a portion of almonds, and some red grapes.",302.00,267.00,1.000
dish_1558628339,bacon,70.33,13.00,A plate with bacon.,137.00,30.00,1.000
dish_1558550079,apple,73.84,142.00,A single apple,95.00,182.00,1.000
dish_1558628711,yam | sweet potato,129.06,129.00,A plate of roasted potatoes and sweet potatoes,170.00,200.00,0.500
dish_1558628760,yam | sweet potato | bacon,231.31,198.00,"A plate with bacon, raspberries, blackberries, roasted potatoes and roasted sweet potatoes.",485.00,400.00,0.667
dish_1558628888,eggs,111.96,72.00,A plate of scrambled eggs.,180.00,150.00,1.000
dish_1558628921,carrot,24.60,60.00,A plate of carrot slices.,41.00,100.00,1.000
dish_1558550127,almonds,127.18,22.00,Small serving of almonds.,170.00,30.00,1.000
dish_1558629013,,26.40,80.00,A small plate of sliced strawberries.,33.00,100.00,
dish_1558629041,eggs | carrot | garden salad,172.00,226.00,"A plate with strawberries, scrambled eggs, cooked carrots and spinach salad.",333.00,525.00,0.500
dish_1558629398,tomatoes,21.76,64.00,A small plate with cherry tomatoes and one small piece of carrot.,16.00,85.00,0.500
dish_1558629444,almonds,225.46,39.00,A serving of almonds,289.00,50.00,1.000
dish_1558629488,cauliflower,16.00,64.00,A serving of cauliflower on a white plate.,25.00,100.00,1.000
dish_1558629517,cauliflower | tomatoes | almonds,263.22,167.00,"A plate with almonds, cauliflower florets, and cherry tomatoes.",250.00,160.00,1.000
dish_1558629578,cauliflower,22.50,90.00,Plate of cauliflower with a few carrot pieces.,37.00,155.00,0.500
dish_1558629644,,4.20,15.00,A small salad with mixed greens.,20.00,100.00,
dish_1558629677,apple,73.84,142.00,An apple and a tiny piece of carrot on a white plate.,95.50,183.00,0.500
dish_1558629715,apple | cauliflower,100.54,247.00,"A plate with apple, mixed greens and cauliflower.",140.00,367.00,1.000
dish_1558628515,,31.92,56.00,A plate of mixed raspberries and blackberries,50.00,95.00,
dish_1558629878,apple,73.84,142.00,An apple on a plate with a small carrot slice.,105.00,184.00,0.500
dish_1558630006,grapes,51.75,75.00,A small plate of grapes,34.00,60.00,1.000
dish_1558630038,cauliflower,12.75,51.00,Small portion of cauliflower and a tiny amount of carrot,25.50,51.00,0.500
dish_1558630072,apple | almonds | grapes,294.43,295.00,"A light snack with cauliflower, red grapes, almonds, and an apple.",368.00,402.00,0.750
dish_1558628956,garden salad,9.04,14.00,"Small salad with spinach, carrots and a little egg",28.00,60.00,0.000
dish_1558381206,grapes | almonds | sausage,342.39,153.00,"A light snack meal with almonds, grapes, sliced sausage, spinach, and carrots.",404.00,245.00,0.600
dish_1558630176,apple,73.84,142.00,An apple on a plate.,95.00,182.00,1.000
dish_1558630325,apple | almonds,751.54,269.00,"A plate with almonds, mixed greens and an apple.",913.00,340.00,1.000
dish_1558630450,grapes,86.25,125.00,A plate of red and green grapes,69.00,120.00,1.000
dish_1558630488,cantaloupe,29.92,88.00,A small plate of cantaloupe pieces.,47.00,125.00,1.000
dish_1558630600,apple,73.84,142.00,An apple on a plate,95.00,182.00,1.000
dish_1558630649,cantaloupe | grapes | apple,190.01,355.00,"Plate of fruit, including grapes, cantaloupe, and an apple.",200.00,377.00,1.000
dish_1558630737,cauliflower,22.25,89.00,A plate of raw cauliflower florets.,25.00,100.00,1.000
dish_1558630814,almonds,196.55,34.00,A small plate of almonds.,170.00,30.00,1.000
dish_1558630867,apple,73.84,142.00,A whole apple,95.00,182.00,1.000
dish_1558629818,almonds,156.09,27.00,A small snack of almonds and a small piece of carrot,172.00,35.00,0.500
dish_1558631825,corn on the cob,118.83,112.00,Two small pieces of corn on the cob.,156.00,180.00,1.000
dish_1558631872,cherry tomatoes,16.02,89.00,A plate of cherry tomatoes.,27.00,150.00,1.000
dish_1558631904,apple,80.08,154.00,A single apple on a plate.,95.00,182.00,1.000
dish_1558630207,almonds,670.60,116.00,A serving of almonds in a white plate,579.00,100.00,1.000
dish_1558632080,corn on the cob,72.15,68.00,A half cob of corn on a white plate.,83.00,86.00,1.000
dish_1558632130,cantaloupe,33.66,99.00,A plate of cantaloupe chunks.,61.00,170.00,1.000
dish_1558632198,garden salad,16.80,26.00,A light side salad of mixed greens with a few kernels of corn.,22.00,105.00,0.000
dish_1558630288,garden salad,7.11,11.00,A small side salad with mixed greens.,10.00,50.00,0.000
dish_1558632445,almonds,526.07,91.00,A bowl of almonds.,414.00,70.00,1.000
dish_1558630932,apple | cauliflower | almonds,292.64,265.00,"A plate with an apple, almonds and cauliflower.",272.00,280.00,1.000
dish_1558632799,corn on the cob,20.16,19.00,A slice of corn on the cob.,67.00,75.00,1.000
dish_1558632921,apple,80.60,155.00,A plate with an apple and a single corn kernel.,96.00,183.00,0.500
dish_1558632959,cherry tomatoes,16.02,89.00,A small plate of cherry tomatoes,20.00,100.00,1.000
dish_1558632990,cauliflower,25.25,101.00,A plate of steamed or boiled cauliflower.,75.00,250.00,1.000
dish_1558633158,carrot,34.85,85.00,A plate of cooked carrots.,50.00,100.00,1.000
dish_1558631932,apple | corn on the cob | cherry tomatoes,214.93,355.00,"A plate with corn on the cob, cherry tomatoes and an apple.",182.00,357.00,1.000
dish_1558635400,cauliflower,25.00,100.00,A plate of raw cauliflower florets.,62.00,150.00,1.000
dish_1558635489,corn on the cob,78.51,74.00,Two cut pieces of corn on the cob on a white plate.,144.00,160.00,1.000
dish_1558635523,white rice,55.90,43.00,Small portion of white rice.,130.00,100.00,1.000
dish_1558635546,apple,60.84,117.00,A single apple on a plate.,104.00,182.00,1.000
dish_1558635618,corn on the cob | apple | white rice | cauliflower,220.25,334.00,"A plate with corn on the cob, white rice, cauliflower florets and an apple.",355.00,454.00,1.000
dish_1558635865,corn on the cob,20.16,19.00,A slice of corn on the cob.,53.00,50.00,1.000
dish_1558635933,cantaloupe,33.32,98.00,A plate of sliced cantaloupe.,68.00,170.00,1.000
dish_1558635962,almonds,52.03,9.00,A plate of almonds.,289.00,50.00,1.000
dish_1558635994,grapes,93.84,136.00,A small bowl of red and green grapes.,69.00,115.00,1.000
dish_1558636028,grapes | corn on the cob | cantaloupe,199.35,262.00,Plate of mixed fruits and almonds,263.00,266.00,0.750
dish_1558636388,cauliflower,24.00,96.00,A small serving of cauliflower on a plate.,25.00,50.00,1.000
dish_1558632475,corn on the cob,118.83,112.00,Two halves of a corn on the cob.,170.00,200.00,1.000
dish_1558636514,cherry tomatoes,16.02,89.00,A plate of cherry tomatoes,30.00,150.00,1.000
dish_1558636544,almonds,410.45,71.00,A plate of almonds,414.00,70.00,1.000
dish_1558636582,apple | almonds,530.55,410.00,"A plate with almonds, cherry tomatoes, an apple and cauliflower florets.",490.00,490.00,0.500
dish_1558636763,apple,60.84,117.00,A single apple on a plate,95.00,182.00,1.000
dish_1558636813,grapes,60.72,88.00,A small serving of grapes.,69.00,120.00,1.000
dish_1558632233,garden salad | corn on the cob | cantaloupe,122.60,193.00,"Simple meal with cantaloupe, corn, and a small salad",130.00,270.00,0.667
dish_1558636902,carrot,38.95,95.00,A plate of sliced carrots.,50.00,100.00,1.000
dish_1558636928,cherry tomatoes,16.02,89.00,A plate of cherry tomatoes,30.00,180.00,1.000
dish_1558636980,apple | grapes | carrot | cherry tomatoes,222.78,397.00,"A plate of apple slices, grapes, cherry tomatoes, sliced carrots and almonds.",345.00,467.00,0.800
dish_1558637214,grapes,11.04,16.00,A small serving of red grapes.,46.00,80.00,1.000
dish_1558636483,apple,80.08,154.00,A whole red apple.,95.00,182.00,1.000
dish_1558636868,almonds,46.25,8.00,A small serving of almonds.,207.00,35.00,1.000
dish_1558633221,corn on the cob | cherry tomatoes | apple | cauliflower | carrot,176.88,449.00,"A plate with an apple, cauliflower, cherry tomatoes, cooked carrots and corn.",240.00,622.00,1.000
dish_1558637423,corn on the cob | apple | almonds,948.86,409.00,"A plate with almonds, corn, grapes and an apple.",620.00,438.00,0.750
dish_1558637698,cauliflower,12.25,49.00,A small plate of raw cauliflower florets.,30.00,100.00,1.000
dish_1558637769,apple,80.08,154.00,A single apple on a plate.,95.00,182.00,1.000
dish_1558637247,corn on the cob,117.77,111.00,Two pieces of corn on the cob,140.00,200.00,1.000
dish_1558637896,grapes,84.87,123.00,A plate of grapes.,69.00,120.00,1.000
dish_1558637351,apple,80.08,154.00,A single medium-sized apple.,104.00,182.00,1.000
dish_1558638137,apple,60.84,117.00,A single apple on a plate.,95.00,182.00,1.000
dish_1558638163,carrot,40.59,99.00,A small plate of sliced and cooked carrots.,50.00,120.00,1.000
dish_1558638216,white rice,55.90,43.00,A plate of cooked white rice.,207.00,175.00,1.000
dish_1558638292,cantaloupe | apple | white rice | carrot,190.31,356.00,"A plate containing an apple, cooked white rice, carrots, and sweet potato.",400.00,462.00,0.600
dish_1558638844,apple,80.08,154.00,An apple on a plate.,95.00,182.00,1.000
dish_1558638896,cherry tomatoes,22.68,126.00,A plate of cherry tomatoes.,36.00,200.00,1.000
dish_1558638924,cauliflower,6.25,25.00,Small plate of raw cauliflower florets,25.00,50.00,1.000
dish_1558637865,corn on the cob,71.09,67.00,A slice of corn on the cob,75.00,75.00,1.000
dish_1558638983,corn on the cob,59.42,56.00,A single slice of corn on the cob on a white plate.,67.00,75.00,1.000
dish_1558637393,almonds,739.97,128.00,A serving of almonds.,343.00,59.00,1.000
dish_1558637932,corn on the cob | apple | grapes,248.29,393.00,"A plate with an apple, grapes, corn on the cob (cut), and cauliflower florets",255.00,420.00,0.750
dish_1558639138,carrot,22.14,54.00,A plate of roasted carrots.,82.00,170.00,1.000
dish_1558639167,apple,80.08,154.00,An apple on a plate.,95.00,182.00,1.000
dish_1558639195,grapes | carrot | corn on the cob | apple,238.25,346.00,"A plate of fruit and vegetables including grapes, carrots, corn and an apple.",353.00,522.00,1.000
dish_1558639221,cauliflower,24.50,98.00,A plate of raw cauliflower florets.,63.00,200.00,1.000
dish_1558638954,grapes,89.01,129.00,A small plate of grapes,69.00,120.00,1.000
dish_1558639306,carrot,40.59,99.00,A plate of glazed carrots,82.00,182.00,1.000
dish_1558639335,apple,60.32,116.00,An apple on a plate.,104.00,182.00,1.000
dish_1558639362,cauliflower | apple | carrot | corn on the cob,156.18,342.00,A plate of raw vegetables and an apple.,205.00,460.00,1.000
dish_1558639412,cantaloupe,32.98,97.00,Plate of cantaloupe slices,61.00,170.00,1.000
dish_1558639440,apple,60.32,116.00,A single apple on a plate.,104.00,182.00,1.000
dish_1558639482,corn on the cob,30.77,29.00,A small portion of corn on the cob.,75.00,75.00,1.000
dish_1558639526,carrot,31.98,78.00,A plate of sliced carrots.,52.00,122.00,1.000
dish_1558639089,grapes,19.32,28.00,A plate of grapes.,41.00,69.00,1.000
dish_1558639588,almonds,121.40,21.00,A serving of almonds.,426.00,75.00,1.000
dish_1558639630,corn on the cob,116.71,110.00,Two cross-sections of corn on the cob on a white plate,120.00,150.00,1.000
dish_1558639662,cherry tomatoes,16.02,89.00,A plate of cherry tomatoes.,20.00,100.00,1.000
dish_1558639673,cherry tomatoes,16.02,89.00,A plate of cherry tomatoes.,30.00,180.00,1.000
dish_1558639683,cherry tomatoes,16.02,89.00,A plate of cherry tomatoes,30.00,180.00,1.000
dish_1558639752,corn on the cob | cherry tomatoes | almonds,254.13,220.00,"A plate with almonds, cherry tomatoes, and corn on the cob halved.",510.00,350.00,1.000
dish_1558639787,cauliflower,24.75,99.00,A plate of raw cauliflower florets,45.00,100.00,1.000
dish_1558639818,cantaloupe,20.06,59.00,A plate of cantaloupe chunks.,61.00,170.00,1.000
dish_1558639849,carrot,23.37,57.00,Small snack of baby carrots,20.00,50.00,1.000
dish_1558639876,carrot | cantaloupe | cauliflower,68.18,215.00,"A plate of cooked carrots, sweet potato, and cauliflower.",150.00,250.00,0.500
dish_1558639907,cherry tomatoes,10.44,58.00,A plate of cherry tomatoes.,14.00,80.00,1.000
dish_1558639012,cherry tomatoes | corn on the cob | apple | grapes,257.44,490.00,"A plate of mixed fruit and vegetables, including an apple, grapes, cauliflower, cherry tomatoes, and corn.",239.00,477.00,0.800
dish_1558639979,almonds,520.29,90.00,A plate of almonds.,518.00,90.00,1.000
dish_1558640008,almonds,552.49,212.00,"A plate of almonds, cherry tomatoes and sweet potato chunks.",499.00,175.00,0.333
dish_1558640039,carrot,40.18,98.00,A serving of cooked carrots.,52.00,120.00,1.000
dish_1558639266,corn on the cob,30.77,29.00,A slice of corn on the cob on a white plate.,67.00,75.00,1.000
dish_1558640105,corn on the cob,77.45,73.00,Two small rounds of corn on the cob,83.00,75.00,1.000
dish_1558640145,carrot | apple | corn on the cob,177.95,287.00,"A plate with an apple, sliced carrots, and corn.",228.00,396.00,1.000
dish_1558640190,cantaloupe,19.72,58.00,A small white plate with cantaloupe slices.,68.00,170.00,1.000
dish_1558640238,cherry tomatoes,22.68,126.00,Plate of Cherry Tomatoes,20.00,100.00,1.000
dish_1558640267,grapes,63.48,92.00,A plate of red and green grapes.,69.00,115.00,1.000
dish_1558639555,cantaloupe | corn on the cob | carrot | apple,156.05,320.00,"Plate with apple, corn, cantaloupe and carrots.",253.00,521.00,1.000
dish_1558640311,grapes | cantaloupe | cherry tomatoes,105.88,276.00,"A plate of grapes, cantaloupe, and cherry tomatoes.",121.00,315.00,1.000
dish_1558640373,cherry tomatoes | grapes | cantaloupe,105.88,276.00,"A plate of grapes, cherry tomatoes, and cantaloupe.",130.00,345.00,1.000
dish_1558640418,carrot,14.35,35.00,Plate of sliced carrots,41.00,100.00,1.000
dish_1558639949,cantaloupe,21.76,64.00,A small serving of cantaloupe pieces,34.00,100.00,1.000
dish_1558640074,apple,60.32,116.00,An apple on a plate.,95.00,182.00,1.000
dish_1558640294,cantaloupe | cherry tomatoes,42.40,184.00,"A plate with grapes, cherry tomatoes, and cantaloupe.",134.00,375.00,0.667
dish_1558640563,cherry tomatoes,4.14,23.00,Four cherry tomatoes on a white plate.,10.00,50.00,1.000
dish_1558640593,apple,60.32,116.00,A single apple on a plate.,95.00,182.00,1.000
dish_1558640604,apple,60.84,117.00,An apple on a plate,95.00,182.00,1.000
dish_1558640614,apple,60.32,116.00,A single apple on a white plate.,95.00,182.00,1.000
dish_1558640671,cantaloupe,32.30,95.00,A plate of sliced cantaloupe.,41.00,100.00,1.000
dish_1558640705,apple | cantaloupe,96.76,234.00,"A snack plate with an apple, cantaloupe pieces, and grape tomatoes.",144.00,362.00,0.667
dish_1558640748,cauliflower,14.50,58.00,A plate of cauliflower florets.,66.00,200.00,1.000
dish_1558640781,apple,80.08,154.00,A red apple on a white plate.,95.00,182.00,1.000
dish_1558640450,apple,80.08,154.00,A whole apple on a plate,104.00,182.00,1.000
dish_1558640849,apple | cauliflower | carrot,105.24,238.00,"A plate with cauliflower florets, sliced carrots, and a whole apple.",186.00,457.00,1.000
dish_1558640882,cantaloupe,32.30,95.00,A plate of cantaloupe chunks.,51.00,130.00,1.000
dish_1558640477,corn on the cob,59.42,56.00,Corn on the cob,54.00,60.00,1.000
dish_1558640513,carrot | apple | corn on the cob,153.85,245.00,"A plate with a whole apple, sliced carrots, and a small piece of corn on the cob.",222.00,368.00,1.000
dish_1558640979,cantaloupe | cauliflower | carrot,59.28,169.00,"A plate with cauliflower, carrots and sweet potato.",125.00,225.00,0.500
dish_1558641007,carrot,23.37,57.00,A small portion of cooked carrots.,25.00,60.00,1.000
dish_1558641037,apple,60.84,117.00,A single apple on a plate.,95.00,182.00,1.000
dish_1558640808,carrot,10.66,26.00,A serving of cooked carrots,31.00,73.00,1.000
dish_1558640917,cauliflower,5.25,21.00,Small serving of cauliflower.,25.00,100.00,1.000
dish_1558640941,carrot,21.73,53.00,A small serving of carrots.,50.00,100.00,1.000
dish_1558641200,carrot,3.28,8.00,A small serving of cooked carrots.,50.00,100.00,1.000
dish_1558641211,carrot,3.28,8.00,A small serving of cooked carrots on a white plate.,30.00,70.00,1.000
dish_1558641253,corn on the cob,116.71,110.00,"Two slices of corn on the cob, likely already cooked.",70.00,80.00,1.000
dish_1558641287,cherry tomatoes,11.52,64.00,A plate of cherry tomatoes.,35.00,200.00,1.000
dish_1558641320,apple | corn on the cob | cherry tomatoes,211.59,336.00,"A plate with an apple, carrot slices, corn on the cob, and cherry tomatoes",318.00,564.00,0.750
dish_1558641358,cauliflower,24.25,97.00,A plate of cauliflower florets.,100.00,400.00,1.000
dish_1558641391,cantaloupe,19.72,58.00,A plate of cantaloupe slices.,68.00,170.00,1.000
dish_1558641416,corn on the cob,59.42,56.00,Half an ear of corn on a white plate.,67.00,75.00,1.000
dish_1558641442,cauliflower | cantaloupe | corn on the cob,103.39,211.00,"A plate of raw vegetables and fruit including cauliflower, corn, and cantaloupe.",115.00,290.00,1.000
dish_1558641075,cherry tomatoes,12.42,69.00,A small plate with cherry tomatoes.,15.00,85.00,1.000
dish_1558641926,apple,80.08,154.00,A single apple on a plate.,95.00,182.00,1.000
dish_1558641954,cherry tomatoes,18.36,102.00,A plate of cherry tomatoes.,24.00,140.00,1.000
dish_1558641989,cauliflower,13.75,55.00,A plate of plain cauliflower,62.00,200.00,1.000
dish_1558641897,corn on the cob,116.71,110.00,Two pieces of corn on the cob on a plate.,134.00,150.00,1.000
dish_1558642089,carrot,39.36,96.00,A plate of sliced carrots,50.00,100.00,1.000
dish_1558642420,carrot,38.95,95.00,Plate of sliced carrots,50.00,120.00,1.000
dish_1558642458,cauliflower,23.00,92.00,A plate of cauliflower florets.,25.00,100.00,1.000
dish_1558642490,carrot | cauliflower,61.95,187.00,Plate of carrots and cauliflower florets.,75.00,220.00,1.000
dish_1558717604,apple,73.84,142.00,A single apple on a white plate.,104.00,182.00,1.000
dish_1558717886,apple,73.84,142.00,A single apple on a plate.,95.00,182.00,1.000
dish_1558718009,cantaloupe,25.84,76.00,A plate of cantaloupe slices.,51.00,150.00,1.000
dish_1558641108,cherry tomatoes | apple | carrot,96.63,243.00,"A light snack consisting of an apple, some carrot slices, and a few cherry tomatoes.",135.00,307.00,1.000
dish_1558718088,apple | corn on the cob | cantaloupe | cauliflower,219.42,405.00,"A plate with a variety of fruits and vegetables, including apple, corn on the cob, cantaloupe, and cauliflower.",227.00,493.00,1.000
dish_1558718587,cauliflower,10.25,41.00,A plate of plain cauliflower florets.,77.00,200.00,1.000
dish_1558718610,corn on the cob,113.53,107.00,Two slices of corn on the cob,140.00,200.00,1.000
dish_1558718649,cantaloupe,25.84,76.00,A small plate of carrot sticks,25.00,60.00,0.000
dish_1558718680,almonds,132.96,23.00,A small bowl of almonds.,207.00,35.00,1.000
dish_1558718906,corn on the cob | cantaloupe | almonds,282.58,247.00,"A plate with corn slices, almonds, cantaloupe chunks, and cauliflower florets.",425.00,355.00,0.750
dish_1558718974,almonds,422.01,73.00,A plate of almonds.,414.00,70.00,1.000
dish_1558719040,cantaloupe,31.96,94.00,Small plate of cantaloupe chunks,51.00,150.00,1.000
dish_1558641164,apple,80.08,154.00,One apple on a plate,104.00,182.00,1.000
dish_1558719097,cherry tomatoes,19.26,107.00,A plate of cherry tomatoes,20.00,100.00,1.000
dish_1558719145,cantaloupe | almonds | apple,547.07,416.00,"A plate with an apple, cantaloupe chunks, almonds, and cherry tomatoes.",473.00,410.00,0.750
dish_1558719298,almonds,265.93,46.00,A small bowl of almonds.,289.00,50.00,1.000
dish_1558719336,cauliflower,24.25,97.00,Plate of cauliflower florets,110.00,400.00,1.000
dish_1558719377,apple,73.84,142.00,A single apple on a plate.,95.00,182.00,1.000
dish_1558719401,corn on the cob,51.99,49.00,A slice of corn on the cob,67.00,75.00,1.000
dish_1558719514,almonds | apple | corn on the cob | cauliflower,433.29,430.00,"A plate with almonds, an apple, corn, cherry tomatoes, and cauliflower.",415.00,452.00,0.800
dish_1558719570,apple,74.36,143.00,A single medium apple on a plate.,104.00,182.00,1.000
dish_1558718051,cauliflower,24.25,97.00,A plate of cauliflower florets.,63.00,210.00,1.000
dish_1558719994,almonds,768.87,133.00,A plate of almonds.,414.00,60.00,1.000
dish_1558720133,cauliflower,14.25,57.00,A small portion of cauliflower on a white plate.,25.00,50.00,1.000
dish_1558720236,apple | almonds,887.82,407.00,"A plate containing carrots, cauliflower, almonds and an apple.",545.00,355.00,0.500
dish_1558720289,cauliflower,20.00,80.00,Plate of cauliflower florets,100.00,300.00,1.000
dish_1558720335,cantaloupe,15.64,46.00,Small plate with carrot slices.,31.00,80.00,0.000
dish_1558720364,apple,73.84,142.00,An apple on a plate.,95.00,182.00,1.000
dish_1558720396,corn on the cob,95.49,90.00,Two slices of corn on the cob,140.00,200.00,1.000
dish_1558721272,carrot,29.52,72.00,A plate of sliced carrots,50.00,100.00,1.000
dish_1558721323,cantaloupe,31.62,93.00,A plate of cantaloupe.,47.00,120.00,1.000
dish_1558721345,cauliflower,19.50,78.00,A plate of cauliflower florets.,63.00,185.00,1.000
dish_1558719066,apple,73.84,142.00,One apple on a white plate,95.00,182.00,1.000
dish_1558642021,apple | corn on the cob | cherry tomatoes | cauliflower,228.90,421.00,"Plate with an apple, cherry tomatoes, cauliflower florets, and corn on the cob.",280.00,632.00,1.000
dish_1558721484,cherry tomatoes,11.16,62.00,A small plate with four cherry tomatoes.,10.00,50.00,1.000
dish_1558721533,cantaloupe,18.70,55.00,A small serving of cantaloupe chunks on a white plate.,34.00,100.00,1.000
dish_1558721559,carrot,37.72,92.00,A plate of sliced cooked carrots.,50.00,100.00,1.000
dish_1558721587,corn on the cob,95.49,90.00,Two pieces of corn on the cob,134.00,150.00,1.000
dish_1558721636,carrot | corn on the cob | cantaloupe | cherry tomatoes,163.07,299.00,"A plate of carrot slices, baby corn, cherry tomatoes and cantaloupe.",110.00,300.00,1.000
dish_1558721669,cauliflower,24.25,97.00,A plate of fresh cauliflower florets.,114.00,228.00,1.000
dish_1558720097,carrot,30.34,74.00,A bowl of carrots,50.00,100.00,1.000
dish_1558721726,apple,74.36,143.00,A single apple on a plate.,95.00,182.00,1.000
dish_1558721757,almonds,768.87,133.00,A bowl of almonds,414.00,73.00,1.000
dish_1558721827,apple | almonds,886.52,429.00,"A plate with almonds, chopped carrots, cauliflower, and an apple.",670.00,408.00,0.500
dish_1558721904,apple,74.36,143.00,An apple on a plate,95.00,182.00,1.000
dish_1558721931,cauliflower,13.25,53.00,Small serving of plain cauliflower with a single kernel of corn,26.00,76.00,0.500
dish_1558721700,cantaloupe,19.04,56.00,A plate of cantaloupe pieces.,34.00,100.00,1.000
dish_1558721980,cantaloupe,26.86,79.00,A serving of cantaloupe slices on a plate.,51.00,120.00,1.000
dish_1558722068,almonds,179.21,31.00,A small plate of almonds.,172.00,30.00,1.000
dish_1558722103,apple | cantaloupe | almonds,304.84,368.00,"A plate with an apple, cauliflower florets, almonds, carrot sticks, and cherry tomatoes.",307.00,380.00,0.333
dish_1558721380,cherry tomatoes,19.26,107.00,A small plate of grape tomatoes.,24.00,140.00,1.000
dish_1558722171,cauliflower,24.25,97.00,A plate of cauliflower.,61.00,150.00,1.000
dish_1558722207,apple,83.20,160.00,An apple with a small drop of condiment.,100.00,187.00,0.500
dish_1558722247,almonds | apple,604.62,343.00,"A plate with an apple, almonds, and cauliflower.",540.00,292.00,0.667
dish_1558722322,carrot,37.72,92.00,A plate of baby carrots and sliced carrots.,60.00,150.00,1.000
dish_1558722370,cauliflower,19.75,79.00,A small plate of raw cauliflower florets.,25.00,100.00,1.000
dish_1558722398,apple,83.72,161.00,A single apple on a white plate,95.00,182.00,1.000
dish_1558722434,cherry tomatoes,8.46,47.00,Small plate of cherry tomatoes,10.00,50.00,1.000
dish_1558722473,cherry tomatoes | cauliflower | apple | carrot,149.65,379.00,"A plate with cauliflower florets, cherry tomatoes, a whole apple, and sliced carrots.",195.00,550.00,1.000
dish_1558722636,carrot,30.75,75.00,A plate of sliced carrots.,50.00,120.00,1.000
dish_1558722665,cauliflower,15.00,60.00,A small serving of cauliflower.,25.00,75.00,1.000
dish_1558722685,cantaloupe,25.84,76.00,A bowl of cantaloupe chunks.,68.00,170.00,1.000
dish_1558722707,cherry tomatoes,19.26,107.00,A small plate of cherry tomatoes,18.00,100.00,1.000
dish_1558722748,corn on the cob,51.99,49.00,A single slice of corn on the cob,53.00,50.00,1.000
dish_1558722780,cauliflower | carrot | corn on the cob | cantaloupe | cherry tomatoes,142.84,367.00,"A plate of various cut vegetables and a piece of fruit. Includes cherry tomatoes, cantaloupe, carrots, cauliflower, and corn.",171.00,495.00,1.000
dish_1558722842,cherry tomatoes,10.44,58.00,A small plate of cherry tomatoes.,15.00,100.00,1.000
dish_1558722871,cauliflower,15.00,60.00,Small portion of cauliflower on a white plate.,25.00,80.00,1.000
dish_1558721434,cherry tomatoes | carrot | cauliflower | cantaloupe,99.90,350.00,"A plate of assorted cooked vegetables including cauliflower, cherry tomatoes, carrots and sweet potato.",138.00,360.00,0.600
dish_1558722906,corn on the cob,95.49,90.00,Two slices of corn on the cob,154.00,180.00,1.000
dish_1558722931,almonds,439.36,76.00,A plate of almonds.,354.00,60.00,1.000
dish_1558722968,almonds | corn on the cob,560.29,284.00,"Plate of assorted healthy snack items including cauliflower, tomatoes, almonds and corn.",390.00,250.00,0.500
dish_1558723047,cantaloupe,31.62,93.00,A small plate of chopped carrots.,31.00,65.00,0.000
dish_1558723073,cherry tomatoes,16.20,90.00,A small plate of cherry tomatoes.,18.00,100.00,1.000
dish_1558723096,cauliflower,16.50,66.00,A plate with several pieces of cauliflower.,25.00,100.00,1.000
dish_1558721959,cherry tomatoes,11.16,62.00,A small serving of cherry tomatoes,15.00,100.00,1.000
dish_1558723414,corn on the cob,51.99,49.00,A single slice of corn on the cob.,67.00,75.00,1.000
dish_1558723449,apple,74.36,143.00,An apple on a white plate.,95.00,182.00,1.000
dish_1558722125,almonds,497.17,86.00,A plate of almonds.,579.00,100.00,1.000
dish_1558723512,carrot,15.99,39.00,A small plate of sliced carrots,25.00,60.00,1.000
dish_1558723537,cauliflower,14.50,58.00,Small serving of cauliflower florets,25.00,75.00,1.000
dish_1558723568,cantaloupe | corn on the cob | carrot | cauliflower | apple,179.62,356.00,"A plate of fruits and vegetables, including an apple, cantaloupe, cauliflower, corn, and carrots.",286.00,622.00,1.000
dish_1558723639,cauliflower,10.25,41.00,A small serving of raw cauliflower florets.,25.00,75.00,1.000
dish_1558723671,carrot,38.13,93.00,A plate of sliced carrots.,52.00,122.00,1.000
dish_1558723695,corn on the cob,95.49,90.00,Two pieces of corn on a white plate.,140.00,200.00,1.000
dish_1558723719,almonds,231.24,40.00,A plate of almonds.,140.00,25.00,1.000
dish_1558722883,cauliflower,15.00,60.00,A small serving of cauliflower,25.00,50.00,1.000
dish_1558723777,apple,74.36,143.00,A single apple on a plate.,95.00,182.00,1.000
dish_1558723818,corn on the cob,113.53,107.00,Two halves of corn on the cob on a white plate.,150.00,150.00,1.000
dish_1558723847,almonds,554.98,96.00,A serving of almonds,414.00,70.00,1.000
dish_1558723866,cauliflower,14.75,59.00,A plate of cauliflower florets.,25.00,50.00,1.000
dish_1558723123,corn on the cob,51.99,49.00,A single slice of corn on the cob,53.00,60.00,1.000
dish_1558723926,cherry tomatoes,19.26,107.00,A plate of cherry tomatoes.,24.00,150.00,1.000
dish_1558723960,cauliflower,13.00,52.00,Small serving of raw cauliflower.,15.00,50.00,1.000
dish_1558723982,almonds,294.83,51.00,A small bowl of almonds.,207.00,35.00,1.000
dish_1558724005,cantaloupe,31.62,93.00,A small serving of cut cantaloupe.,34.00,100.00,1.000
dish_1558723475,cantaloupe,22.78,67.00,Small serving of cantaloupe melon,34.00,100.00,1.000
dish_1558724574,brussels sprouts,50.74,118.00,Plate of cooked brussels sprouts,105.00,175.00,1.000
dish_1558724607,honeydew melons,54.72,152.00,A plate of cut honeydew melon.,61.00,170.00,1.000
dish_1558724633,broccoli,32.90,94.00,A plate of steamed broccoli florets.,34.00,100.00,1.000
dish_1558724658,brussels sprouts | honeydew melons | broccoli,138.36,364.00,"A plate of vegetables including Brussels sprouts, cucumber, and broccoli.",185.00,450.00,0.500
dish_1558724689,cauliflower,19.75,79.00,A plate of cooked cauliflower florets.,25.00,100.00,1.000
dish_1558724723,broccoli,39.20,112.00,A plate of broccoli florets.,68.00,200.00,1.000
dish_1558724766,apple,83.72,161.00,A single apple on a plate.,95.00,182.00,1.000
dish_1558724799,cauliflower | apple | broccoli,142.67,352.00,"A plate with an apple, cauliflower florets and broccoli florets.",154.00,382.00,1.000
dish_1558724853,brussels sprouts,50.74,118.00,Plate of roasted brussels sprouts.,75.00,150.00,1.000
dish_1558724891,apple,83.72,161.00,A single apple on a plate.,104.00,182.00,1.000
dish_1558724912,carrot,30.75,75.00,A small plate of sliced carrots.,36.00,80.00,1.000
dish_1558724932,almonds,416.23,72.00,A small bowl of almonds.,414.00,70.00,1.000
dish_1558724959,brussels sprouts | carrot | almonds | apple,581.44,426.00,"A plate of mixed healthy snacks including an apple, Brussels sprouts, almonds and carrots.",419.00,406.00,1.000
dish_1558723742,carrot | almonds | corn on the cob,375.11,264.00,"A plate with carrots, cauliflower, corn and almonds",265.00,280.00,0.750
dish_1558725049,brussels sprouts,43.00,100.00,A plate of Brussels sprouts.,84.00,140.00,1.000
dish_1558724992,almonds,456.70,79.00,A serving of almonds.,410.00,70.00,1.000
dish_1558725112,almonds | brussels sprouts | honeydew melons,554.06,330.00,"A plate with almonds, melon cubes, and brussel sprouts.",430.00,240.00,1.000
dish_1558725193,almonds,763.09,132.00,A plate of almonds.,518.00,92.00,1.000
dish_1558725226,cauliflower,19.75,79.00,A plate of raw cauliflower florets.,62.00,150.00,1.000
dish_1558725253,broccoli,33.95,97.00,A plate of broccoli florets.,52.00,170.00,1.000
dish_1558725286,almonds,816.79,308.00,"A plate of almonds, broccoli, and cauliflower.",485.00,268.00,0.333
dish_1558723894,almonds | corn on the cob | apple,757.61,405.00,"A plate with apple, corn, cauliflower and almonds.",597.00,432.00,0.750
dish_1558725403,almonds,289.05,50.00,Small plate of almonds,170.00,30.00,1.000
dish_1558724031,cherry tomatoes | cantaloupe | almonds,358.71,303.00,"A plate with cherry tomatoes, cauliflower, almonds, and cantaloupe chunks",285.00,380.00,0.750
dish_1558725621,brussels sprouts | almonds | cauliflower,349.22,223.00,A plate of mixed vegetables and almonds,275.00,310.00,0.750
dish_1558725702,brussels sprouts,50.31,117.00,Plate of roasted Brussels sprouts.,74.00,200.00,1.000
dish_1558725734,carrot,30.75,75.00,A plate of sliced carrots.,63.00,150.00,1.000
dish_1558725760,apple,83.72,161.00,An apple on a plate,95.00,182.00,1.000
dish_1558725786,corn on the cob,113.53,107.00,Two slices of corn on the cob.,134.00,150.00,1.000
dish_1558725829,brussels sprouts | carrot | corn on the cob | apple,278.31,460.00,"A plate with roasted brussels sprouts, an apple, sliced corn on the cob and carrot slices.",368.00,622.00,1.000
dish_1559059924,bacon,108.20,20.00,Three strips of cooked bacon,204.00,34.00,1.000
dish_1559059954,bacon,108.20,20.00,Three strips of cooked bacon.,215.00,30.00,1.000
dish_1559059992,sweet potato,71.44,94.00,A plate of roasted potatoes.,154.00,150.00,1.000
dish_1558725353,brussels sprouts,40.42,94.00,Plate of roasted Brussels sprouts,100.00,250.00,1.000
dish_1559060106,bacon | sweet potato,206.37,195.00,"Breakfast with bacon, roasted potatoes, and strawberries.",355.00,350.00,1.000
dish_1559061675,watermelon,24.90,83.00,A plate of cubed watermelon,46.00,150.00,1.000
dish_1559061752,eggs,192.82,124.00,A plate of scrambled eggs.,206.00,150.00,1.000
dish_1559062005,turkey bacon,113.91,30.00,A plate with 3 slices of turkey bacon,135.00,50.00,1.000
dish_1558725085,honeydew melons,54.36,151.00,A plate of cubed honeydew melon.,46.00,120.00,1.000
dish_1559062082,watermelon | eggs | turkey bacon | sweet potato,387.87,311.00,"Breakfast plate with scrambled eggs, watermelon, fried potatoes and turkey bacon.",425.00,420.00,1.000
dish_1559149615,bacon,124.43,23.00,A plate of bacon strips,200.00,40.00,1.000
dish_1559149650,carrot,26.24,64.00,A plate of cooked carrots.,35.00,75.00,1.000
dish_1559060055,,26.73,81.00,A plate of fresh strawberries.,50.00,150.00,
dish_1559149719,bacon | carrot | eggs,432.12,268.00,"A plate with scrambled eggs, bacon, and roasted carrots.",430.00,300.00,1.000
dish_1559157454,arugula,34.56,28.00,Small salad with blueberries,15.00,60.00,0.000
dish_1559157777,spinach (raw),2.53,11.00,A small bowl of spinach.,7.00,30.00,1.000
dish_1559157919,spinach (raw) | arugula,37.09,39.00,"A small salad with spinach, arugula, blueberries, and walnuts",60.00,66.00,0.667
dish_1558725576,cauliflower,19.75,79.00,Plate of cauliflower florets,25.00,100.00,1.000
dish_1559158354,broccoli,21.00,60.00,A plate of broccoli florets.,31.00,100.00,1.000
dish_1559158425,spinach (raw),2.99,13.00,A small bowl of spinach.,7.00,30.00,1.000
dish_1559172356,brown rice | salmon,313.10,176.00,There is no food visible in this image.,0.00,,0.000
dish_1559232986,bacon,189.35,35.00,A plate of bacon.,240.00,60.00,1.000
dish_1559233055,garden salad,25.19,39.00,"Simple salad with spinach, shredded carrots and cherry tomatoes.",23.00,75.00,0.000
dish_1559233102,scrambled eggs,183.52,124.00,A serving of scrambled eggs.,240.00,150.00,1.000
dish_1559233144,garden salad | scrambled eggs | bacon,398.06,198.00,"A plate of scrambled eggs, bacon, and spinach salad with carrots.",396.00,305.00,0.400
dish_1559233445,pineapple,24.50,49.00,Two pieces of pineapple,50.00,100.00,1.000
dish_1559233570,,16.83,51.00,A small plate of cut strawberries,20.00,60.00,
dish_1559233627,bacon,64.92,12.00,Two strips of bacon on a plate.,164.00,35.00,1.000
dish_1559233715,sweet potato,83.60,110.00,A plate of fried potatoes.,212.00,100.00,1.000
dish_1559233756,bacon | sweet potato | pineapple,189.85,222.00,"A light breakfast of fruit, potatoes, and bacon.",230.00,320.00,1.000
dish_1559235639,,33.99,103.00,A small bowl of sliced strawberries.,50.00,150.00,
dish_1559062051,sweet potato,56.24,74.00,A serving of roasted potatoes.,150.00,150.00,1.000
dish_1559235771,cream cheese | bagels,145.80,54.00,A bagel with cream cheese.,450.00,150.00,0.500
dish_1559235815,cream cheese | bagels | eggs,352.40,268.00,"A breakfast of scrambled eggs, a bagel with cream cheese and strawberries.",680.00,470.00,0.667
dish_1559149688,eggs,281.45,181.00,A plate of scrambled eggs,360.00,300.00,1.000
dish_1559238481,,59.69,127.00,A single orange on a plate.,62.00,131.00,
dish_1559238566,,62.13,109.00,A small plate of strawberries and blueberries.,60.00,160.00,
dish_1559238608,pears,237.36,438.00,"A plate of fresh fruits including a pear, strawberries, blueberries and a mandarin orange.",202.00,436.00,0.500
dish_1559238993,,61.56,108.00,A small serving of strawberries and blueberries,54.00,155.00,
dish_1559239151,spinach (raw),9.20,40.00,small spinach salad with shredded carrots,24.00,65.00,0.500
dish_1559239256,,60.16,128.00,A single orange on a plate.,62.00,131.00,
dish_1559239369,spinach (raw),130.92,276.00,Fruit and spinach salad,128.00,358.00,0.250
dish_1559235690,eggs,172.60,111.00,A plate of scrambled eggs,300.00,200.00,1.000
dish_1559239912,,60.16,128.00,An orange on a plate,69.00,131.00,
dish_1559239985,pears,116.12,203.00,A green pear on a white plate.,100.00,178.00,1.000
dish_1559240089,carrot | pears,202.82,385.00,"A plate with sliced carrots, one orange and one pear.",192.00,379.00,1.000
dish_1559240256,broccoli,18.90,54.00,A plate of broccoli florets.,34.00,100.00,1.000
dish_1559240382,carrot,20.65,42.00,A plate of cooked carrots.,50.00,100.00,1.000
dish_1559240441,,19.47,59.00,A small plate of strawberries.,27.00,75.00,
dish_1559240510,cauliflower | carrot | broccoli,73.52,213.00,"A plate with cauliflower, strawberries, carrots and broccoli.",142.00,435.00,1.000
dish_1559240875,pears,116.12,203.00,A single green plum on a white plate.,66.00,150.00,0.000
dish_1559158263,arugula,40.74,33.00,A simple arugula salad with berries.,50.00,150.00,1.000
dish_1559240987,carrot,25.07,51.00,A plate of glazed carrots.,70.00,100.00,1.000
dish_1559241099,carrot | pears,201.35,382.00,"A plate with an orange, a pear, and carrot chips.",222.00,409.00,1.000
dish_1559242066,carrot,26.05,53.00,A plate of cooked carrots.,62.00,130.00,1.000
dish_1559242155,pears,116.12,203.00,A single pear on a plate.,102.00,175.00,1.000
dish_1559242221,almonds,659.03,114.00,A plate of almonds.,579.00,100.00,1.000
dish_1559238435,pears,115.54,202.00,A single pear on a white plate.,102.00,174.00,1.000
dish_1559242568,pears,116.12,203.00,A single pear on a plate.,100.00,170.00,1.000
dish_1559239753,carrot,26.55,54.00,A serving of glazed carrots.,82.00,180.00,1.000
dish_1559243887,almonds,289.05,50.00,A small plate of almonds.,207.00,35.00,1.000
dish_1559243974,almonds | pears,431.22,306.00,"A plate with a green apple, baby carrots and almonds.",351.00,347.00,0.250
dish_1559244305,chickpeas,113.07,64.00,A small plate of cooked chickpeas with onion and tomatoes.,180.00,200.00,0.333
dish_1559244417,arugula,72.83,59.00,Arugula salad with pine nuts and dressing.,120.00,120.00,0.500
dish_1559244546,brown rice | chicken,469.94,281.00,"A plate with chicken, rice, spinach and tomatoes",505.00,500.00,0.500
dish_1559244598,cookies,250.92,51.00,A single meatball on a plate.,180.00,75.00,0.000
dish_1559244649,chicken | chickpeas | cookies,906.76,455.00,"A plate with chicken breast, chickpea salad, arugula salad, falafel, rice, and spinach.",730.00,580.00,0.286
dish_1559245589,carrot,25.56,52.00,A plate of baby carrots.,50.00,100.00,1.000
dish_1559245654,pears,115.54,202.00,A whole green mango on a white plate.,200.00,300.00,0.000
dish_1559245697,pears | garden salad | carrot,163.72,289.00,"A plate with spinach, carrots, and a pear.",161.00,328.00,0.500
dish_1559245801,,60.99,107.00,A serving of strawberries and blueberries.,60.00,160.00,
dish_1559240908,,60.16,128.00,A single orange on a plate.,69.00,131.00,
dish_1559245920,cauliflower,14.25,57.00,Small plate of cauliflower florets and a small piece of carrot.,27.00,80.00,0.500
dish_1559245979,pears,116.12,203.00,A guava fruit on a plate.,112.00,200.00,0.000
dish_1559246053,cauliflower | pears,251.05,494.00,"A plate with strawberries, blueberries, cauliflower, an orange, and a pear.",240.00,565.00,1.000
dish_1559319826,,45.03,79.00,A small plate of fresh berries.,49.00,120.00,
dish_1559319860,bacon,70.33,13.00,A single strip of bacon on a plate.,137.00,30.00,1.000
dish_1559319902,pineapple,8.50,17.00,Two small chunks of pineapple,30.00,50.00,1.000
dish_1559319971,sweet potato,72.96,96.00,A plate of roasted potatoes.,210.00,150.00,1.000
dish_1559320019,sweet potato | bacon,196.82,205.00,"Breakfast with potatoes, strawberries, raspberries, pineapple and bacon",280.00,320.00,0.667
dish_1559332418,salmon | brown rice,482.11,271.00,"A meal consisting of salmon, brown rice, spinach, and red bell pepper.",560.00,380.00,0.500
dish_1559243704,pears,116.12,203.00,A guava fruit on a plate.,151.00,250.00,0.000
dish_1559332795,cucumbers | lime | lettuce | cherry tomatoes | onions,39.37,39.00,"Spinach salad with balsamic vinaigrette, pine nuts, and feta cheese.",210.00,150.00,0.000
dish_1559332822,salmon | brown rice,540.59,408.00,"A meal with salmon, brown rice, yellow squash, and spinach salad.",600.00,505.00,0.500
dish_1559578551,bacon,124.43,23.00,A plate with one strip of bacon.,135.00,50.00,1.000
dish_1559243139,carrot,26.05,53.00,A plate of roasted carrot slices.,52.00,120.00,1.000
dish_1559578599,bacon | sweet potato,229.98,193.00,"Plate with fried potatoes, bacon and strawberries",350.00,290.00,1.000
dish_1559245848,,59.69,127.00,A single orange on a white plate.,62.00,131.00,
dish_1559332487,zucchini | chayote squash,19.11,98.00,Small plate with diced yellow squash and zucchini.,22.00,75.00,1.000
dish_1559581356,bacon | eggs,436.95,294.00,"Breakfast plate with scrambled eggs, bacon, broccoli and spinach salad.",430.00,425.00,0.500
dish_1559578579,bacon,142.58,78.00,A plate with bacon and strawberries,158.00,110.00,1.000
dish_1559585533,broccoli,12.95,37.00,A small plate of broccoli florets.,20.00,70.00,1.000
dish_1559589873,mushroom,11.88,54.00,A small portion of sauteed mushrooms.,33.00,150.00,1.000
dish_1559589902,mushroom,16.37,76.00,Simple plate with sauteed mushrooms and asparagus,70.00,130.00,1.000
dish_1559589942,pizza,290.35,179.00,Pizza slices with asparagus and mushrooms,365.00,245.00,0.500
dish_1559590005,pizza,360.83,241.00,Pizza with mixed greens and mushrooms,420.00,350.00,0.500
dish_1559581236,eggs,296.93,212.00,A plate with scrambled eggs and spinach salad,300.00,300.00,0.500
dish_1559581333,bacon | eggs,415.95,234.00,"A breakfast with scrambled eggs, bacon, and spinach salad",434.00,350.00,0.667
dish_1559590157,chicken | caesar salad,230.49,234.00,Grilled chicken with Caesar salad and asparagus,370.00,370.00,1.000
dish_1559590202,caesar salad | chicken,316.73,311.00,"A balanced meal with grilled chicken, couscous, asparagus, and caesar salad.",640.00,500.00,1.000
dish_1559593646,kale,55.39,37.00,A small kale salad with what appears to be other vegetables and nuts.,50.00,100.00,1.000
dish_1559593722,kale | arugula,140.56,106.00,"Salad with mixed greens, kale, and a few pieces of tomato.",75.00,300.00,0.500
dish_1559593746,kale | squash | arugula,156.96,186.00,"A plate with kale salad, mixed green salad and roasted butternut squash.",280.00,500.00,0.667
dish_1559593794,quinoa | chicken thighs,450.56,380.00,"A plate with chicken, butternut squash, and a salad.",359.00,480.00,0.250
dish_1559667948,cream cheese | bagels,153.90,57.00,A bagel with cream cheese.,470.00,150.00,1.000
dish_1559581378,eggs | sausage | bacon,705.73,372.00,"A breakfast plate containing sausage, bacon, scrambled eggs, broccoli and spinach salad.",550.00,450.00,0.600
dish_1559667994,scrambled eggs | hash browns | bagels | cream cheese,445.30,213.00,"Breakfast plate with scrambled eggs, hash browns, and a bagel with cream cheese",700.00,370.00,0.750
dish_1559668016,scrambled eggs | hash browns | bagels | cream cheese | honeydew melons,469.06,279.00,"Breakfast plate with scrambled eggs, hash browns, a bagel with cream cheese, and melon.",775.00,500.00,0.800
dish_1559590130,chicken,194.41,152.00,A plate with diced chicken breast and asparagus,287.00,255.00,1.000
dish_1559668272,scrambled eggs | hash browns,512.14,239.00,A plate with scrambled eggs and hash browns.,525.00,350.00,1.000
dish_1559668314,scrambled eggs | garden salad | hash browns,551.55,300.00,"Breakfast plate with scrambled eggs, hash browns and a small salad.",380.00,325.00,0.667
dish_1559674074,pizza,140.98,53.00,A slice of pizza on a white plate.,280.00,100.00,1.000
dish_1559674689,honeydew melons,63.72,177.00,A bowl of honeydew melon chunks.,54.00,150.00,1.000
dish_1559674781,grapes | honeydew melons,81.66,203.00,A small bowl of fruit including honeydew melon chunks and green grapes.,102.00,250.00,1.000
dish_1559674866,honeydew melons | grapes | caesar salad,125.66,303.00,Salad with melon and grapes,290.00,620.00,0.400
dish_1559590031,pizza,402.75,269.00,A plate with pizza slices and a mixed green salad,350.00,270.00,1.000
dish_1559675146,brussels sprouts | carrot,19.07,45.00,Plate of shredded carrots and brussels sprouts,60.00,160.00,1.000
dish_1559675178,carrot | cherry tomatoes | brussels sprouts,28.97,100.00,"A plate with shredded carrots, cherry tomatoes and brussels sprouts.",65.00,180.00,1.000
dish_1559675234,carrot | bell peppers | cherry tomatoes | brussels sprouts,36.97,120.00,"A plate of assorted raw vegetables, including shredded carrots, cherry tomatoes, green bell pepper, and Brussels sprouts.",80.00,235.00,1.000
dish_1559668238,hash browns,290.14,89.00,A serving of hash browns.,160.00,150.00,1.000
dish_1559678083,cucumbers | carrot | garlic | cherry tomatoes,75.81,66.00,A simple mixed greens salad.,40.00,200.00,0.000
dish_1559667973,bagels | cream cheese | scrambled eggs,334.46,179.00,A breakfast meal consisting of scrambled eggs with hot sauce and a bagel with cream cheese.,560.00,275.00,0.500
dish_1559678127,eggplant | broccoli,108.64,170.00,"A salad with mixed greens, broccoli, and eggplant.",115.00,335.00,1.000
dish_1559678146,beef | broccoli,348.58,284.00,"A plate of mixed greens salad with broccoli florets, roasted eggplant, and beef topped with grains.",490.00,480.00,0.667
dish_1559678330,spinach (raw),169.69,150.00,A simple spinach salad with sun-dried tomatoes and other vegetables.,42.00,60.00,0.333
dish_1559678367,broccoli | spinach (raw),192.44,215.00,"A plate with broccoli, spinach, and red bell pepper",75.00,235.00,0.667
dish_1559678405,beef,552.35,386.00,"Steak with cooked barley, broccoli and greens",470.00,420.00,0.000
dish_1559675101,brussels sprouts,13.33,31.00,Small portion of brussel sprouts on a white plate.,27.00,75.00,1.000
dish_1559678629,ketchup | fish,89.38,80.00,Fish with greens.,225.00,220.00,0.500
dish_1559678651,ketchup | fish | caesar salad,107.86,122.00,salad with baked fish,260.00,350.00,0.333
dish_1559700851,spinach (raw),61.09,54.00,Arugula and carrot salad,20.00,110.00,0.000
dish_1559751458,yam,152.64,123.00,A plate of cooked sweet potato.,160.00,200.00,0.000
dish_1559751552,yam,227.31,254.00,"A plate of roasted sweet potato and mixed berries (strawberries, raspberries, and blackberries).",220.00,370.00,0.000
dish_1559675268,cherry tomatoes | carrot | bell peppers | brussels sprouts | cucumbers,39.37,144.00,"A plate with assorted vegetables, including shredded carrots, cucumber slices, cherry tomatoes, brussel sprouts, and green bell pepper.",80.00,230.00,1.000
dish_1559751744,eggs,227.33,188.00,Scrambled eggs with a side of blackberries and raspberries.,245.00,225.00,1.000
dish_1559751775,eggs | yam,309.24,254.00,"A plate with scrambled eggs, roasted sweet potato and berries.",400.00,380.00,0.333
dish_1559751801,yam | eggs | chicken apple sausage,451.64,343.00,"Breakfast plate with sausages, scrambled eggs, roasted sweet potatoes, and mixed berries.",650.00,470.00,0.500
dish_1559838214,bacon,43.28,8.00,A single serving of bacon on a white plate.,140.00,30.00,1.000
dish_1559838279,bacon,103.70,114.00,A plate of mixed berries and bacon.,155.00,260.00,1.000
dish_1559838402,sweet potato | yam,222.76,233.00,"Plate with fruit, roasted vegetables and bacon",275.00,360.00,0.250
dish_1559841023,chicken apple sausage,73.60,46.00,Three meatballs on a plate.,180.00,90.00,0.000
dish_1559841061,chicken apple sausage,96.39,99.00,A small plate with blackberries and chicken sausage.,107.00,133.00,1.000
dish_1559678104,broccoli,99.96,135.00,A plate of mixed greens salad with broccoli florets.,74.00,300.00,1.000
dish_1559841127,scrambled eggs | yam | chicken apple sausage | sweet potato,339.54,285.00,"Breakfast with scrambled eggs, sausage, potatoes and blackberries",520.00,425.00,0.750
dish_1559841163,scrambled eggs | yam | sweet potato | chicken apple sausage,357.04,335.00,"A plate with scrambled eggs, broccoli, sausage, blackberries, and roasted potatoes.",530.00,500.00,0.600
dish_1559841571,cereal,18.80,5.00,A small serving of Cheerios cereal.,120.00,35.00,0.000
dish_1559841781,grapes,45.02,43.00,A snack of grapes and Cheerios.,119.00,129.00,0.500
dish_1559841808,grapes | mandarin oranges,73.11,96.00,"A plate with grapes, tangerine, and Cheerios.",169.00,218.00,0.250
dish_1559841870,pears,114.97,201.00,A pear on a plate.,100.00,178.00,1.000
dish_1559841891,grapes | pears,163.96,272.00,A plate of red grapes and a pear,171.00,285.00,1.000
dish_1559841908,grapes | broccoli | pears,175.16,304.00,"A plate with broccoli, red grapes and a pear.",205.00,393.00,1.000
dish_1559751710,,37.62,66.00,A snack of raspberries and blackberries.,77.00,132.00,
dish_1559841979,broccoli | mandarin oranges,39.29,85.00,A small plate with a mandarin orange and some broccoli florets.,67.00,145.00,1.000
dish_1559842047,broccoli | pears | mandarin oranges,153.69,285.00,"A plate with pear, mandarin orange and broccoli.",178.00,358.00,1.000
dish_1559678457,beef,624.24,465.00,"A meal consisting of steak, broccoli, spinach salad, and cooked lentils.",489.00,450.00,0.000
dish_1559841091,chicken apple sausage | sweet potato | yam,163.42,166.00,"Plate of roasted potatoes, sausage, and blackberries",300.00,300.00,0.667
dish_1559841950,broccoli,11.20,32.00,A plate with a small serving of broccoli,27.00,80.00,1.000
dish_1559842409,mandarin oranges | almonds,359.19,179.00,"Plate of healthy snacks including broccoli, mandarin orange, almonds, and strawberries.",303.00,273.00,0.667
dish_1559842274,almonds,306.39,53.00,A portion of almonds on a plate.,168.00,28.00,1.000
dish_1559843052,mandarin oranges,53.50,130.00,Mandarin orange and sliced strawberries on a plate,80.00,185.00,1.000
dish_1559843185,mandarin oranges | broccoli,64.35,161.00,"A plate with broccoli florets, an orange, and sliced strawberries.",110.00,310.00,0.500
dish_1559843222,grapes | broccoli | mandarin oranges,111.27,229.00,"A plate of mixed fruits and vegetables including broccoli, mandarin orange, strawberries and grapes.",194.00,450.00,1.000
dish_1559843335,,25.41,77.00,A plate with sliced strawberries.,33.00,100.00,
dish_1559843492,broccoli,31.71,95.00,A simple snack of broccoli and strawberries on a white plate.,55.00,160.00,1.000
dish_1559843690,potatoes | broccoli,61.74,134.00,"A light snack with broccoli, strawberries, and fried potatoes.",160.00,230.00,1.000
dish_1559843715,potatoes | pears,176.14,334.00,A plate of assorted fruits and a serving of broccoli.,215.00,428.00,0.250
dish_1559844030,,25.41,77.00,A plate of sliced strawberries,33.00,100.00,
dish_1559844063,pears,139.81,277.00,Pear and sliced strawberries,133.00,270.00,1.000
dish_1559844090,pears | mandarin oranges,168.43,331.00,"A plate of fresh fruit including a pear, strawberries and a mandarin orange.",170.00,360.00,1.000
dish_1559844113,pears | mandarin oranges | almonds,312.96,356.00,A plate of fruit and almonds.,350.00,380.00,1.000
dish_1559844272,almonds,462.48,80.00,A plate of almonds.,414.00,69.00,1.000
dish_1559842326,almonds | mandarin oranges,334.48,106.00,A small plate with a mandarin orange and a small handful of almonds.,254.00,120.00,1.000
dish_1559844366,almonds | grapes,529.22,192.00,"A small plate with almonds, broccoli, and grapes.",504.00,244.00,0.667
dish_1559844458,grapes,55.89,81.00,A plate of cherries.,85.00,150.00,0.000
dish_1559844479,mandarin oranges | grapes,83.45,133.00,A plate with grapes and a mandarin orange.,116.00,200.00,1.000
dish_1559843030,,25.41,77.00,A plate of sliced strawberries.,23.00,70.00,
dish_1559844506,mandarin oranges | grapes,98.96,180.00,"A plate of fruits: strawberries, grapes, and a mandarin orange",119.00,235.00,1.000
dish_1559842374,almonds | mandarin oranges,345.33,137.00,"A plate with broccoli, a mandarin orange, and almonds.",422.00,245.00,0.667
dish_1559844323,grapes | almonds,518.37,161.00,A snack consisting of almonds and red grapes.,483.00,175.00,1.000
dish_1559844683,broccoli | potatoes | grapes,132.96,198.00,"A plate with broccoli, roasted potatoes, and red grapes.",230.00,365.00,1.000
dish_1559844928,potatoes,66.22,86.00,A serving of roasted potatoes.,192.00,150.00,1.000
dish_1559844951,almonds | potatoes,274.34,122.00,A plate with almonds and roasted potatoes,540.00,205.00,1.000
dish_1559844490,grapes | mandarin oranges,108.36,180.00,"A plate with sliced strawberries, a mandarin orange, and red grapes.",149.00,300.00,1.000
dish_1559845046,potatoes | mandarin oranges | almonds,313.63,207.00,"Plate with almonds, roasted potatoes, broccoli, and a mandarin orange.",530.00,385.00,0.750
dish_1559845018,almonds | mandarin oranges | potatoes,302.43,175.00,"A light meal consisting of almonds, roasted potatoes and a mandarin orange.",407.00,273.00,1.000
dish_1559845290,potatoes,66.22,86.00,A small serving of roasted potatoes on a white plate.,150.00,100.00,1.000
dish_1559845370,potatoes | mandarin oranges,94.31,139.00,A plate with a mandarin orange and a serving of roasted potatoes.,257.00,185.00,1.000
dish_1559845399,potatoes | mandarin oranges,107.18,178.00,"A plate with a mandarin orange, roasted potatoes, and some strawberries.",275.00,285.00,1.000
dish_1559845513,potatoes | pears | mandarin oranges,222.15,379.00,"A plate with an apple, mandarin orange, fried potatoes and sliced strawberries.",287.00,400.00,0.500
dish_1559844611,grapes,55.89,81.00,A serving of red grapes.,69.00,120.00,1.000
dish_1559844657,potatoes | grapes,122.11,167.00,A small plate of roasted potatoes and grapes.,199.00,265.00,1.000
dish_1559845745,pears | potatoes,208.14,322.00,A plate with pear and some roasted potatoes.,280.00,320.00,1.000
dish_1559846099,mandarin oranges | almonds | broccoli,206.94,114.00,"A snack plate with a mandarin orange, almonds, and broccoli florets.",245.00,213.00,1.000
dish_1559846311,pears,114.97,201.00,A single mango on a plate,135.00,200.00,0.000
dish_1559846334,pears | broccoli,126.17,233.00,A small meal of broccoli and a pear.,136.00,278.00,1.000
dish_1559846363,broccoli | pears | mandarin oranges,154.26,286.00,"A plate with broccoli, a pear, and a mandarin orange",180.00,366.00,1.000
dish_1559846034,broccoli,11.20,32.00,A small portion of steamed broccoli.,27.00,85.00,1.000
dish_1559846504,broccoli | pears,126.17,233.00,A plate with pear and broccoli.,133.00,278.00,1.000
dish_1559846528,pears | almonds,322.73,267.00,"A light snack consisting of broccoli, a pear, and some almonds.",302.00,308.00,0.667
dish_1559846585,pears,114.97,201.00,A single pear on a plate.,101.00,178.00,1.000
dish_1559846688,arugula,82.83,73.00,"Salad with mixed greens, beets, chickpeas and yogurt dressing.",160.00,220.00,0.000
dish_1559846825,pizza,252.70,95.00,"Two slices of pizza, one with red onion and pepper and one with jalapeno.",500.00,200.00,0.500
dish_1559848857,mandarin oranges,28.09,53.00,One tangerine on a plate,47.00,88.00,0.000
dish_1559848882,mandarin oranges | pears,143.06,254.00,A tangerine and a pear on a white plate.,150.00,266.00,0.333
dish_1559848929,pears | grapes | mandarin oranges,189.29,321.00,"A plate of fruit with grapes, a mandarin orange, and a pear.",217.00,378.00,1.000
dish_1559849020,grapes,46.23,67.00,A plate of red grapes,69.00,120.00,1.000
dish_1559849053,grapes | almonds,381.53,125.00,A snack of red grapes and almonds on a white plate.,353.00,170.00,1.000
dish_1559849097,almonds | pears | grapes,495.93,325.00,"A snack plate with a pear, grapes, and almonds.",424.00,330.00,1.000
dish_1559849412,almonds,352.64,61.00,A plate of almonds.,347.00,61.00,1.000
dish_1559849466,pears | almonds,467.61,262.00,A snack consisting of almonds and a guava.,391.00,180.00,0.333
dish_1559849497,almonds | pears | grapes,521.43,340.00,"A plate of almonds, red grapes, and a pear.",525.00,353.00,1.000
dish_1559849537,grapes | pears | mandarin oranges | almonds,549.52,393.00,"A plate with a mandarin orange, red grapes, a pear and almonds.",532.00,430.00,1.000
dish_1559850283,almonds,271.71,47.00,A plate of almonds.,207.00,35.00,1.000
dish_1559845767,pears | mandarin oranges | potatoes,236.23,375.00,"A plate with a pear, a tangerine and some roasted potatoes.",400.00,416.00,0.500
dish_1559850338,almonds,307.12,130.00,"A plate with a mandarin orange, almonds, and broccoli florets.",281.00,200.00,0.333
dish_1559925037,bacon,54.10,10.00,A small serving of bacon on a plate.,140.00,20.00,1.000
dish_1559925083,yam | sweet potato | bacon,125.14,81.00,A small plate with roasted sweet potato and a strip of bacon.,206.00,180.00,0.667
dish_1559925174,,88.35,155.00,A plate of mixed berries,60.00,180.00,
dish_1559846073,mandarin oranges | broccoli,39.29,85.00,A small plate with a tangerine and a few florets of broccoli.,69.00,159.00,0.333
dish_1559933793,brussels sprouts,56.68,111.00,Roasted brussels sprouts on a plate,80.00,200.00,1.000
dish_1559933818,brussels sprouts,115.07,154.00,A simple salad with mixed greens and roasted brussel sprouts.,150.00,250.00,1.000
dish_1559933834,salmon | lentils | brussels sprouts | mayonnaise,775.03,458.00,"A plate with salmon, brussels sprouts, and mixed greens.",435.00,350.00,0.500
dish_1559934477,caesar salad,25.08,57.00,A small Caesar salad with croutons and parmesan cheese.,360.00,180.00,0.333
dish_1559934645,caesar salad,24.64,56.00,Small Caesar salad on a white plate.,225.00,250.00,1.000
dish_1559934679,chicken thighs | caesar salad,160.85,146.00,"A plate with a salad, chicken and quinoa.",475.00,350.00,0.333
dish_1559934708,chicken thighs | white rice | caesar salad,202.45,178.00,"A meal consisting of rice, chicken, and salad.",537.00,370.00,0.667
dish_1560203400,pepperoni pizza,293.28,104.00,A slice of pepperoni pizza on a white plate.,300.00,120.00,1.000
dish_1560203424,pepperoni pizza | brownies,451.75,138.00,A slice of pepperoni pizza and a brownie on a white plate.,560.00,200.00,0.333
dish_1560270537,pineapple,24.00,48.00,A plate with a few chunks of pineapple.,62.00,120.00,1.000
dish_1560270585,pineapple | watermelon,43.80,114.00,A plate of watermelon and pineapple.,80.00,200.00,1.000
dish_1560270630,pineapple | watermelon | sweet potato,120.56,215.00,"A plate of watermelon, pineapple and roasted potatoes.",236.00,400.00,1.000
dish_1560356314,spinach (raw),30.54,27.00,A small salad consisting of spinach and shredded carrots.,32.00,80.00,0.500
dish_1559846450,pears,114.97,201.00,A single pear on a plate.,100.00,170.00,1.000
dish_1560356355,bacon | yam,301.61,148.00,"A plate of bacon, roasted sweet potato, spinach, and carrot shreds.",380.00,330.00,0.200
dish_1560356523,bacon,497.72,92.00,Three strips of bacon on a white plate.,288.00,48.00,1.000
dish_1560356566,scrambled eggs | bacon,676.80,213.00,A plate with scrambled eggs and bacon.,366.00,210.00,1.000
dish_1560356627,scrambled eggs | bacon | sausage,980.05,301.00,"Breakfast meal consisting of scrambled eggs, bacon, and sausage.",529.00,260.00,1.000
dish_1560357267,scrambled eggs,566.84,383.00,A plate of scrambled eggs topped with salsa verde.,330.00,260.00,0.500
dish_1560357297,sausage | scrambled eggs,942.45,492.00,A plate of scrambled eggs with sausage.,550.00,300.00,1.000
dish_1560357427,grapefruit juice,93.75,241.00,A glass of carrot juice,96.00,240.00,1.000
dish_1560357792,waffles,145.15,50.00,Two pieces of waffle on a white plate.,214.00,80.00,1.000
dish_1560357832,waffles,181.35,82.00,A waffle with mixed greens,225.00,155.00,1.000
dish_1560360030,scrambled eggs,193.88,131.00,A plate of scrambled eggs with possibly cheddar cheese.,225.00,150.00,1.000
dish_1560360055,sausage | scrambled eggs,362.73,180.00,Plate of scrambled eggs and sausage slices,380.00,230.00,1.000
dish_1560360102,scrambled eggs | sausage,401.49,248.00,"Breakfast with scrambled eggs, sausage and berries",370.00,350.00,1.000
dish_1559932674,,58.28,124.00,One orange on a white plate.,69.00,131.00,
dish_1559850314,almonds,296.62,100.00,A small plate with one mandarin orange and a small pile of almonds.,288.00,128.00,0.500
dish_1560366389,arugula,46.91,38.00,Arugula Salad with Tomato,25.00,100.00,1.000
dish_1560366410,arugula,58.74,96.00,A light meal consisting of arugula salad and asparagus.,40.00,200.00,1.000
dish_1560356337,yam,144.72,119.00,roasted sweet potato and spinach salad,174.00,256.00,0.000
dish_1560366460,pork,330.74,255.00,"Pork loin with arugula salad, roasted eggplant, and asparagus",350.00,400.00,0.333
dish_1560366963,cherry tomatoes,7.56,42.00,Three cherry tomatoes on a white plate,9.00,50.00,1.000
dish_1560366998,honeydew melons | cherry tomatoes,39.60,131.00,A light snack of mixed melon and cherry tomatoes.,41.00,125.00,0.667
dish_1560367085,honeydew melons | tofu | cherry tomatoes,77.56,183.00,"A salad with quinoa, tofu, broccoli, sweet potato, cucumber and tomato.",113.00,195.00,0.286
dish_1560367116,tofu | honeydew melons | fish | cherry tomatoes,108.41,211.00,Chicken with Rice and Vegetables,268.00,250.00,0.111
dish_1560360112,scrambled eggs | sausage,401.49,248.00,"Breakfast meal with scrambled eggs, sausage, raspberries and blackberries.",436.00,375.00,1.000
dish_1560367193,honeydew melons | cherry tomatoes | fish | mushroom | tofu,131.04,317.00,"A plate with asparagus, cucumber, cherry tomatoes, tofu and mushrooms.",184.00,400.00,0.500
dish_1560366438,eggplant | arugula,71.93,136.00,"A light meal featuring arugula salad, cooked eggplant, and asparagus.",110.00,330.00,1.000
dish_1560367296,tofu | fish | mushroom | honeydew melons,184.38,362.00,"Plate with asparagus, mushrooms, mixed greens, tofu, and rice",275.00,400.00,0.400
dish_1560367333,fish | chicken | tofu | honeydew melons,291.63,427.00,"A plate with asparagus, mushrooms, mixed greens, tofu and cucumber.",207.00,525.00,0.167
dish_1560367676,pork | brown rice,430.62,198.00,"A meal consisting of chicken, broccoli, and rice.",516.00,370.00,0.250
dish_1560367698,white rice | pork,556.72,295.00,"A meal consisting of rice, stir-fried chicken, broccoli, and stir-fried vegetables.",539.00,480.00,0.200
dish_1560367715,pork | croutons | white rice,597.53,305.00,"A plate of rice, broccoli, tofu, and cooked chicken.",465.00,460.00,0.167
dish_1560367733,white rice | croutons | pork | potatoes,661.44,388.00,"A plate with white rice, roasted potatoes, chicken and vegetable stir-fry, and broccoli.",642.00,600.00,0.333
dish_1560367904,fish | country rice,76.02,69.00,Piece of chicken on a plate.,165.00,75.00,0.000
dish_1560367926,fish | pizza,408.52,194.00,A plate with a piece of baked chicken and a slice of pizza.,500.00,220.00,0.333
dish_1560367952,fish | pizza,414.73,221.00,A slice of pizza topped with fresh spinach.,294.00,150.00,0.333
dish_1560367980,pizza | fish,421.47,254.00,A pizza slice served with asparagus and spinach.,310.00,230.00,0.333
dish_1560360148,scrambled eggs | sausage | cream cheese | bagels,587.79,317.00,"A breakfast plate with a bagel with cream cheese, scrambled eggs, sausage, and mixed berries.",790.00,450.00,0.750
dish_1560368110,cherry tomatoes,16.02,89.00,A small plate of cherry tomatoes,18.00,100.00,1.000
dish_1560368138,cherry tomatoes | mushroom,23.50,123.00,A small plate with sauteed mushrooms and cherry tomatoes.,43.00,180.00,1.000
dish_1560368162,cherry tomatoes | mushroom | eggplant,41.64,178.00,A plate with fried eggplant and cherry tomatoes,165.00,300.00,0.667
dish_1560368395,honeydew melons,49.32,137.00,A plate of cubed honeydew melon.,45.00,125.00,1.000
dish_1560367153,honeydew melons | tofu | fish | cherry tomatoes,117.18,254.00,Plate of mixed vegetables with tofu and quinoa,283.00,460.00,0.250
dish_1560368506,fish | honeydew melons | pork | country rice,462.93,378.00,"A plate with baked chicken, fish with sauce, and cantaloupe.",426.00,420.00,0.167
dish_1560368464,honeydew melons | pork,349.45,275.00,A plate with sliced chicken breast and cut honeydew melon.,211.00,220.00,0.333
dish_1560368691,arugula,140.76,112.00,Arugula salad with parmesan cheese.,47.00,106.00,0.500
dish_1560368712,arugula,146.88,142.00,Arugula and asparagus salad with prosciutto,115.00,210.00,0.500
dish_1560368019,pizza | fish,436.97,301.00,"A plate with stir-fried eggplant, green beans, spinach, chicken wings and a slice of pizza.",530.00,500.00,0.167
dish_1560368764,tofu | eggplant,207.10,270.00,"Salad with arugula, grilled eggplant, asparagus, and tofu",229.00,400.00,0.667
dish_1560367258,tofu | fish | mushroom | cherry tomatoes | honeydew melons,157.99,341.00,"A mixed plate with asparagus, pickled daikon radish, mushroom stir-fry, lentils, sweet potatoes and braised red cabbage and green leaf lettuce.",425.00,620.00,0.100
dish_1560368944,pork,143.54,66.00,Pork with rice and greens,314.00,120.00,0.500
dish_1560368972,pork | white rice,196.84,107.00,"A plate with pork, rice, and vegetables.",385.00,300.00,0.667
dish_1560368990,white rice | pork,211.92,119.00,"Pork with rice, arugula, and green beans",500.00,400.00,0.500
dish_1560369008,pork | white rice | caesar salad,223.80,146.00,"A balanced meal consisting of mixed greens salad, cooked rice, pork, and sweet potato.",410.00,400.00,0.500
dish_1560369080,spinach (raw),55.05,49.00,A simple mixed greens salad.,20.00,100.00,0.000
dish_1560369102,spinach (raw),69.74,121.00,A simple salad with asparagus and mixed greens.,35.00,175.00,0.000
dish_1560369122,spinach (raw) | honeydew melons,92.06,183.00,"A light salad with asparagus, melon, and mixed greens.",45.00,200.00,0.500
dish_1560369146,pork,474.83,359.00,"A healthy plate with chicken, brown rice, and assorted vegetables.",505.00,510.00,0.000
dish_1560369255,pork,132.67,61.00,Chicken with rice and greens,195.00,140.00,0.000
dish_1560369273,fish | pork | country rice,308.95,221.00,Pork dish with vegetables and sauce,330.00,250.00,0.250
dish_1560369294,country rice | fish | pork,333.64,342.00,"Pork loin with rice, sauce and asparagus",420.00,380.00,0.667
dish_1560369313,fish | white rice | country rice | pork,392.14,387.00,"Plate of chicken, asparagus, rice and tofu.",550.00,470.00,0.200
dish_1560369403,fish | white rice | pork | country rice,411.97,405.00,"A plate with fish, chicken, rice and asparagus.",610.00,570.00,0.500
dish_1560369421,pork | fish | country rice | white rice,413.95,411.00,"A meal consisting of pork loin slices, rice, stir fry vegetables, and asparagus.",570.00,500.00,0.500
dish_1560370114,,7.96,39.00,A small serving of asparagus.,20.00,100.00,
dish_1560370137,arugula,89.64,104.00,Arugula salad with asparagus and tomato.,50.00,200.00,0.500
dish_1560370804,ice cream cones,25.13,6.00,There are no edible items visible in this image. It shows a plastic object on a plate.,0.00,,0.000
dish_1560370833,frozen yogurt,177.00,99.00,A chocolate cream filled tart on a plate.,250.00,75.00,0.000
dish_1560441247,bok choy,2.21,17.00,A small plate with sauteed cabbage and potato.,25.00,60.00,0.000
dish_1560441270,bok choy | potatoes,24.54,46.00,Small plate of roasted potatoes and sauteed cabbage,100.00,135.00,0.333
dish_1560441288,potatoes | bacon,165.20,72.00,"A plate with bacon, roasted potatoes and sauteed cabbage.",280.00,190.00,0.667
dish_1560441311,bacon | quinoa | potatoes,190.40,93.00,"A meal consisting of bacon, roasted potatoes, and quinoa.",522.00,200.00,1.000
dish_1560441339,bacon | quinoa | potatoes | scrambled eggs,280.68,154.00,"Breakfast plate with scrambled eggs, bacon, roasted potatoes, and quinoa",700.00,375.00,1.000
dish_1560368570,honeydew melons | pork | fish,555.93,452.00,"Plate with sliced chicken, breaded fish, arugula and cantaloupe chunks",435.00,450.00,0.167
dish_1560441487,cantaloupe,41.42,88.00,"A plate of fruit containing strawberries, cantaloupe, and blueberries.",46.00,130.00,1.000
dish_1560441511,watermelon | cantaloupe,51.92,123.00,"Fruit plate with strawberries, cantaloupe, and blueberries",44.00,125.00,0.500
dish_1560368738,eggplant | arugula,174.25,225.00,"Salad with arugula, eggplant and asparagus",111.00,400.00,1.000
dish_1560442226,,83.79,147.00,"Plate of assorted berries (strawberries, blueberries, and blackberries).",105.00,200.00,
dish_1560368815,eggplant | tofu | spinach (raw),400.34,442.00,"Salad with mixed greens, green beans, tofu, and eggplant",190.00,430.00,0.500
dish_1560442279,quinoa | bacon,333.77,222.00,"A breakfast plate with quinoa, bacon, strawberries, blueberries and blackberries.",399.00,370.00,1.000
dish_1560441464,,28.50,50.00,Plate of sliced strawberries and blueberries,25.00,80.00,
dish_1560441529,cantaloupe | watermelon | pineapple,66.42,152.00,"Plate of mixed fruit including watermelon, strawberries, cantaloupe, and blueberries.",74.00,220.00,0.667
dish_1560442450,yogurt,87.76,149.00,A bowl of yogurt,150.00,200.00,1.000
dish_1560443437,,116.28,204.00,"Plate of mixed berries (strawberries, blueberries, raspberries, blackberries)",108.00,300.00,
dish_1560443474,pineapple,172.78,317.00,"A fruit platter with strawberries, raspberries, blackberries, blueberries and pineapple.",214.00,410.00,1.000
dish_1560443537,pineapple | grapes,237.64,411.00,"Fruit salad with pineapple, grapes, blueberries, raspberries, strawberries, and blackberries.",281.00,455.00,1.000
dish_1560443565,honeydew melons | pineapple | grapes,260.68,475.00,"A fruit salad with grapes, raspberries, blackberries, blueberries, cantaloupe, and pineapple.",189.00,349.00,0.500
dish_1560443607,grapes | honeydew melons | egg whites | pineapple,380.80,706.00,A fruit salad with a scoop of cottage cheese.,243.00,385.00,0.400
dish_1560444570,scrambled eggs,168.72,114.00,A plate of scrambled eggs.,206.00,150.00,1.000
dish_1560444592,scrambled eggs | yam,244.42,175.00,A plate of scrambled eggs and sweet potatoes.,322.00,250.00,0.333
dish_1560444616,scrambled eggs | yam,265.87,240.00,"A breakfast plate with scrambled eggs, strawberries and roasted sweet potato",360.00,370.00,0.333
dish_1560442258,bacon,289.37,185.00,"A plate with bacon, strawberries, blueberries, and blackberries",253.00,310.00,1.000
dish_1560444701,watermelon,51.00,170.00,A plate of cubed watermelon.,46.00,150.00,1.000
dish_1560444724,watermelon | honeydew melons,113.28,343.00,A plate of sliced honeydew melon and watermelon.,50.00,145.00,1.000
dish_1560444756,honeydew melons | pineapple | watermelon,150.78,418.00,"A plate of mixed fresh fruit including watermelon, honeydew, and pineapple.",116.00,300.00,1.000
dish_1560442374,grapefruit juice,90.64,233.00,A bowl of tomato soup.,150.00,250.00,0.000
dish_1560444815,honeydew melons | watermelon | scrambled eggs | bacon | pineapple,495.12,571.00,"Breakfast with scrambled eggs, bacon and mixed fruits including watermelon, cantaloupe and pineapple.",430.00,460.00,0.667
dish_1560444869,honeydew melons,14.04,39.00,A plate with a small serving of cucumber slices.,5.00,30.00,0.000
dish_1560442303,scrambled eggs | quinoa | bacon,444.77,297.00,"A breakfast plate consisting of scrambled eggs, fried rice, bacon, and mixed berries.",680.00,550.00,0.500
dish_1560444914,honeydew melons | pineapple | watermelon,62.34,166.00,"A plate of fruit including pineapple, watermelon, and honeydew melon.",83.00,200.00,1.000
dish_1560444931,watermelon | honeydew melons | pineapple | scrambled eggs,112.66,200.00,"A plate of scrambled eggs, pineapple, watermelon and honeydew melon.",260.00,360.00,1.000
dish_1560444948,watermelon | pineapple | scrambled eggs | honeydew melons,171.32,231.00,"A plate with scrambled eggs, pineapple, watermelon, melon, and a small salad.",371.00,500.00,0.800
dish_1560444967,honeydew melons | yam | scrambled eggs | pineapple | watermelon,197.38,252.00,"A plate of fruit, vegetables and scrambled eggs.",404.00,700.00,0.667
dish_1560444892,honeydew melons | pineapple,39.54,90.00,A plate of pineapple and melon chunks.,65.00,150.00,1.000
dish_1560445004,watermelon | scrambled eggs | bacon | pineapple | yam,339.60,290.00,"A plate with bacon, scrambled eggs, pineapple, watermelon, melon, and sauteed vegetables.",540.00,610.00,0.571
dish_1560445069,grapefruit juice,94.53,243.00,A glass of tomato juice.,41.00,200.00,1.000
dish_1560453132,spinach (raw),142.09,108.00,"Spinach salad with carrots, blueberries and pumpkin seeds",121.00,115.00,0.333
dish_1560453150,spinach (raw) | green beans,152.32,141.00,"A plate with cooked green beans, spinach salad with carrots and seeds, and blueberries.",175.00,380.00,1.000
dish_1560444637,bacon | yam | scrambled eggs,509.32,285.00,"Breakfast with scrambled eggs, bacon, sweet potatoes, and strawberries.",630.00,405.00,0.500
dish_1560453275,chicken,92.55,60.00,A small portion of grilled mackerel served with a thin zucchini slice.,160.00,130.00,0.000
dish_1560453294,kimchi | chicken,115.95,138.00,"A plate of kimchi, grilled fish, and a tomato.",169.00,245.00,0.250
dish_1560453328,kimchi | brown rice | chicken | salmon,340.11,264.00,"A plate with roasted chicken, kimchi, roasted fish, and a cherry tomato.",435.00,360.00,0.333
dish_1560453356,chicken | brown rice | salmon | kimchi | tomatoes,389.07,408.00,"A plate with chicken, kimchi, roasted vegetables, and tomatoes.",396.00,440.00,0.500
dish_1560453380,brown rice | green beans | tomatoes | chicken | kimchi | salmon,411.39,480.00,"A plate with green beans, kimchi, cherry tomatoes and grilled fish",305.00,470.00,0.429
dish_1560453412,salmon | tomatoes | chicken | wild rice,591.08,631.00,"A meal with fish, brown rice, kimchi, tomatoes, and green beans",440.00,550.00,0.286
dish_1560454488,garlic | cucumbers | cherry tomatoes | carrot,48.24,42.00,A small salad with mixed greens and orange segments.,53.00,190.00,0.000
dish_1560454513,green beans,54.44,62.00,"A light meal consisting of green beans, mixed green salad and a mandarin orange.",76.00,220.00,0.500
dish_1560454539,green beans | wild rice,122.27,119.00,"A plate of brown rice, green beans, mixed greens salad, and a mandarin orange segment.",281.00,395.00,0.667
dish_1560454562,corn | fish | wild rice,318.82,299.00,"Plate with baked salmon, brown rice, green beans, salad, and mandarin orange.",665.00,540.00,0.167
dish_1560444785,bacon | watermelon | honeydew melons | pineapple,313.08,448.00,"Plate with watermelon, cantaloupe, pineapple, and bacon",244.00,350.00,0.600
dish_1560444985,honeydew melons | pineapple | watermelon | yam | scrambled eggs,198.94,264.00,"A plate of mixed breakfast or brunch items including scrambled eggs, pineapple, watermelon, melon, and mixed vegetables.",336.00,575.00,0.667
dish_1560454970,cherry tomatoes,9.90,55.00,Four cherry tomatoes on a white plate.,12.00,60.00,1.000
dish_1560455030,cherry tomatoes | cucumbers | baby carrots,20.59,103.00,"A light vegetable salad with carrots, cucumbers, and cherry tomatoes",45.00,125.00,1.000
dish_1560455059,cherry tomatoes | baby carrots | celery | cucumbers,25.55,134.00,"A light salad with shredded carrots, cucumber, celery, and cherry tomatoes.",66.00,250.00,1.000
dish_1560455090,celery | chicken | cherry tomatoes | baby carrots,60.20,155.00,"Mixed salad with carrots, tomatoes, cucumber, celery and diced chicken breast.",158.00,325.00,0.800
dish_1560455158,arugula,69.12,55.00,Arugula salad with olives,55.00,120.00,1.000
dish_1560455179,honeydew melons,103.32,150.00,"A salad with honeydew, arugula, and olives",153.00,410.00,0.500
dish_1560455203,green beans | honeydew melons,115.10,188.00,"A light salad with melon, arugula, green beans, and olives.",111.00,320.00,0.667
dish_1560455263,chicken | wild rice | honeydew melons,360.68,360.00,"A meal with chicken, mixed rice, green beans, melon, and arugula salad with olives.",575.00,650.00,0.600
dish_1560455224,honeydew melons | green beans | wild rice,181.74,244.00,"A plate of rice with green beans, arugula salad with olives, and sliced melon.",355.00,620.00,0.500
dish_1560455343,spinach (raw),53.94,41.00,A simple mixed green salad on a white plate.,30.00,100.00,0.000
dish_1560455399,fish | chard,138.50,149.00,Grilled salmon with mixed greens and shredded carrots,315.00,250.00,0.000
dish_1560453174,chicken | spinach (raw),329.72,256.00,A plate of chicken drumstick with green beans and mixed greens salad.,345.00,390.00,0.250
dish_1560455442,corn on the cob | pizza | fish,457.58,293.00,"A plate containing a mixed green salad, salmon, a slice of pizza, and corn on the cob.",540.00,360.00,0.500
dish_1560456305,lettuce | pumpkin seeds | arugula | carrot,26.39,21.00,A small serving of arugula salad on a white plate.,10.00,50.00,0.250
dish_1560456326,chicken,206.87,138.00,A simple meal of roasted chicken and arugula.,260.00,200.00,0.500
dish_1560456348,chicken,210.28,149.00,"A meal consisting of roasted chicken leg, green beans, and arugula.",240.00,230.00,0.333
dish_1560455000,cherry tomatoes | cucumbers,12.80,84.00,"Simple salad with cucumber, carrot and cherry tomatoes",21.00,85.00,0.667
dish_1560456794,corn | fish,205.28,188.00,"A dish with fish, corn, and arugula",245.00,225.00,0.667
dish_1560456814,fish | corn | wild rice,318.33,283.00,A plate with brown rice with corn and fish with greens.,450.00,350.00,0.667
dish_1560456833,broccoli | fish | wild rice | corn,351.58,378.00,"A plate with brown rice, steamed broccoli and fish.",445.00,500.00,0.750
dish_1560456853,broccoli | fish | corn | caesar salad | wild rice,405.70,501.00,"A plate with caesar salad, brown rice, cooked chicken, and broccoli.",644.00,690.00,0.500
dish_1560526408,spinach (raw),67.10,51.00,A small salad with mixed greens.,30.00,150.00,0.000
dish_1560526447,spinach (raw),88.59,70.00,"salad with spinach, spring mix, and carrot shreds",25.00,100.00,0.333
dish_1560455380,chard | spinach (raw),60.97,78.00,Mixed green salad with shredded carrots,65.00,230.00,0.000
dish_1560526490,spinach (raw) | pineapple,141.67,170.00,"Salad with spinach, mixed greens, strawberries, and pineapple",84.00,215.00,1.000
dish_1560526514,potatoes | pineapple | spinach (raw),183.25,224.00,"A light meal consisting of spinach, mixed greens salad, strawberries, pineapple and roasted potatoes.",227.00,335.00,1.000
dish_1560526530,sausage | potatoes | pineapple,245.28,242.00,"A salad with mixed greens, spinach, sausage, roasted potatoes, strawberries and pineapple",272.00,380.00,0.750
dish_1560526552,sausage | pineapple | potatoes | scrambled eggs,359.24,319.00,"A plate with scrambled eggs, spinach salad, mixed greens salad, roasted potatoes, pineapple, and strawberry slices.",495.00,600.00,0.600
dish_1560527070,potatoes,53.13,69.00,A small portion of roasted potatoes.,78.00,90.00,1.000
dish_1560527105,potatoes,92.73,104.00,Spinach salad with carrots and roasted potatoes,140.00,250.00,0.333
dish_1560527140,potatoes | bacon,276.67,138.00,"A plate with bacon, potatoes, spinach and shredded carrots.",250.00,230.00,0.500
dish_1560527168,potatoes | bacon,322.84,219.00,"Breakfast with bacon, potatoes, and a spinach salad with strawberries, blueberries and shredded carrots.",247.00,225.00,0.500
dish_1560527191,bacon | potatoes | sausage,663.99,318.00,"Plate with bacon, sausage, strawberries, blueberries, potatoes, carrots and greens.",540.00,445.00,0.750
dish_1560527225,potatoes | bacon | sausage | scrambled eggs,937.79,503.00,"Breakfast plate with scrambled eggs, bacon, sausage, potatoes, spinach, carrots and strawberries.",875.00,605.00,0.667
dish_1560527745,yogurt,87.76,149.00,A bowl of plain yogurt,120.00,200.00,1.000
dish_1560527950,watermelon,23.10,77.00,A plate of cubed watermelon.,46.00,150.00,1.000
dish_1560529804,watermelon,15.30,51.00,small serving of watermelon,15.00,50.00,1.000
dish_1560529825,watermelon,52.92,117.00,"A plate of watermelon, raspberries, and blackberries.",66.00,200.00,1.000
dish_1560529844,sweet potato | watermelon,91.68,168.00,"A plate of fried potatoes, watermelon, raspberries and blackberries.",215.00,255.00,1.000
dish_1560539314,fish | quinoa,165.74,158.00,Plate of breaded fish with spinach,260.00,180.00,0.333
dish_1560539340,caesar salad | quinoa | fish,196.54,228.00,Caesar salad with cornbread.,400.00,350.00,0.250
dish_1560539368,quinoa | carrot | caesar salad | fish,238.81,314.00,Salad with carrots and couscous,300.00,400.00,0.200
dish_1560539396,fish | quinoa | caesar salad | carrot | roasted potatoes,384.04,417.00,"Roasted potatoes, carrots, lettuce salad and sausage.",565.00,675.00,0.286
dish_1560541680,arugula,95.05,77.00,Arugula salad with walnuts and vinaigrette dressing.,147.00,123.00,0.500
dish_1560541706,arugula | cauliflower,110.80,140.00,"Salad with arugula, romanesco, nuts, and cheese",200.00,210.00,0.200
dish_1560455421,corn on the cob | fish,180.94,189.00,"A healthy meal consisting of grilled fish, mixed greens salad, and corn on the cob.",380.00,355.00,1.000
dish_1560541793,carrot | chicken,509.83,462.00,"A meal with arugula salad, pork chop with sauce, cooked carrots and romanesco broccoli.",510.00,460.00,0.200
dish_1560456370,chicken | white rice,258.38,186.00,"A meal consisting of roasted chicken leg, white rice, green beans, and arugula.",500.00,400.00,0.500
dish_1560543505,tomatoes | caesar salad,66.18,172.00,A small plate with Caesar Salad and Cherry Tomatoes.,270.00,300.00,1.000
dish_1560543525,tomatoes | caesar salad,83.43,187.00,"salad with lettuce, cherry tomatoes, croutons, olives, dressing and egg",175.00,220.00,0.200
dish_1560543557,tomatoes | caesar salad,87.87,191.00,"A plate with Caesar salad, brown rice, cherry tomatoes and olives.",350.00,480.00,0.667
dish_1560543583,fish | tomatoes | quinoa | caesar salad,254.66,350.00,"A plate with salad, rice, chicken, tomatoes, and olives",615.00,645.00,0.333
dish_1560543605,chicken | tomatoes | caesar salad | quinoa | fish,485.57,501.00,"A plate with caesar salad, brown rice, quinoa with spinach, cherry tomatoes, dates, and glazed ribs.",820.00,700.00,0.375
dish_1560543625,chicken | roasted potatoes | caesar salad | fish | tomatoes,560.30,554.00,"A plate of mixed foods including salad, tomatoes, olives, potatoes, rice, couscous, chicken, and ribs.",960.00,845.00,0.333
dish_1560543682,roasted potatoes,121.26,86.00,A small portion of roasted potatoes.,150.00,150.00,1.000
dish_1560543704,roasted potatoes | cauliflower,140.01,161.00,A plate of roasted potatoes and romanesco broccoli.,145.00,200.00,0.333
dish_1560543729,cauliflower | roasted potatoes | chicken,219.53,213.00,"A plate with roasted potatoes, BBQ chicken, and Romanesco broccoli.",360.00,330.00,0.500
dish_1560543755,chicken | cauliflower | roasted potatoes | rice noodles,257.92,264.00,"A plate with coleslaw, roasted potatoes, romanesco broccoli, and sauce.",350.00,455.00,0.167
dish_1560787696,bacon,37.87,7.00,Single strip of bacon on a plate.,80.00,15.00,1.000
dish_1560787754,bacon,72.64,68.00,"A small plate with a slice of bacon, raspberries, and blackberries.",110.00,85.00,1.000
dish_1560787781,yam,108.63,97.00,"Plate with bacon, sweet potato and berries",261.00,217.00,0.000
dish_1560526472,spinach (raw),113.67,114.00,"Mixed green salad with strawberries, blueberries and blackberries.",80.00,250.00,0.000
dish_1560788338,yogurt,71.27,121.00,A bowl of yogurt,200.00,200.00,1.000
dish_1560788349,yogurt,78.93,134.00,Yogurt with strawberries,165.00,250.00,1.000
dish_1560788384,yogurt,111.20,242.00,Yogurt with strawberries and blueberries,165.00,330.00,1.000
dish_1560798656,cheese pizza,287.17,108.00,A slice of pizza with cheese and tomato sauce.,380.00,150.00,1.000
dish_1560798707,cheese pizza,298.02,139.00,A slice of pizza with a small serving of steamed broccoli.,375.00,220.00,0.500
dish_1560798744,cheese pizza | tofu,357.15,220.00,"A meal consisting of tempeh, broccoli and pizza.",460.00,255.00,0.250
dish_1560798785,cheese pizza | tofu | cauliflower,379.65,310.00,"A plate with cauliflower, tempeh, broccoli, and pizza.",495.00,345.00,0.400
dish_1560798815,cheese pizza | tofu | cauliflower,404.96,341.00,"A plate with pizza, broccoli, kale, cauliflower and tempeh.",654.00,475.00,0.333
dish_1560798854,tofu | cheese pizza,455.51,372.00,"A plate with cauliflower, kale, spinach, tempeh, broccoli and a pizza slice.",624.00,550.00,0.143
dish_1560798928,tofu | cheese pizza,485.04,399.00,"A plate with pizza slice, tempeh, kale, arugula, spinach and broccoli.",539.00,450.00,0.143
dish_1560798960,tofu | cheese pizza,493.72,429.00,"A plate with salad (arugula, spinach, kale, broccoli), tempeh, butternut squash, and a slice of pizza",577.00,560.00,0.125
dish_1560799113,pizza,98.42,37.00,A single slice of pepperoni pizza.,280.00,100.00,1.000
dish_1560799277,pizza | broccoli,111.02,73.00,A small meal consisting of a slice of pizza and broccoli.,230.00,160.00,1.000
dish_1560799368,pork,108.40,53.00,Pork belly with rice and onions,228.00,96.00,0.333
dish_1560799407,pork | carrot,220.90,122.00,"A spinach salad with grilled pork, shredded carrots, dried cranberries, golden raisins and walnuts.",341.00,190.00,0.400
dish_1560799558,pizza,196.84,74.00,Two slices of tomato pizza on a white plate.,320.00,120.00,1.000
dish_1560799590,pizza,298.02,163.00,A light meal of spinach salad and tomato pizza.,375.00,270.00,0.500
dish_1560541760,white rice | chicken,465.58,372.00,Pork served with arugula salad and romanesco broccoli.,305.00,300.00,0.000
dish_1560799647,pork | pizza,723.41,474.00,"A plate with spinach salad, roasted squash, pork with zucchini and rice, and tomato pizza.",645.00,600.00,0.500
dish_1560800836,pepperoni pizza,479.40,170.00,Three slices of pepperoni pizza.,675.00,250.00,1.000
dish_1560800918,kale,70.83,40.00,Small salad with beets and nuts,130.00,210.00,0.000
dish_1560800951,cauliflower | kale,102.83,168.00,"A plate of mixed salad with beets, grain salad, and mashed cauliflower.",217.00,490.00,0.250
dish_1560800988,cauliflower | bulgur,314.87,230.00,"A salad with cauliflower, buckwheat, beetroot, mixed greens, and shrimp.",322.00,432.00,0.200
dish_1560801020,cauliflower | chicken breast | bulgur,346.34,250.00,"A salad with buckwheat, cauliflower, chicken and some green vegetables",351.00,505.00,0.333
dish_1560801041,pork | chicken breast | cauliflower | bulgur,432.24,292.00,"A plate with cauliflower, buckwheat, mixed greens, chicken, and beetroot",356.00,425.00,0.333
dish_1560543465,caesar salad,33.88,77.00,Small Caesar salad on a white plate.,150.00,200.00,1.000
dish_1560799615,squash | pizza,332.75,283.00,"Plate of roasted kabocha squash, spinach salad with carrots and cranberries and slices of tomato pizza",495.00,420.00,0.667
dish_1560801829,pepperoni pizza | cauliflower,256.90,178.00,"A plate with roasted butternut squash, cauliflower and pepperoni pizza.",370.00,250.00,0.667
dish_1560801859,pepperoni pizza | pork,428.70,262.00,"Plate with a slice of pizza, roasted pork, squash, cauliflower, mushroom and greens.",590.00,420.00,0.400
dish_1560801883,chicken breast | pepperoni pizza | pork,512.11,315.00,"A meal consisting of roasted chicken, roasted sweet potato, cauliflower, pork and pizza.",736.00,375.00,0.600
dish_1560802006,kale,35.93,44.00,A small portion of Kale Salad,100.00,150.00,1.000
dish_1560802048,squash | kale,47.21,83.00,Roasted acorn squash and kale salad with parmesan.,170.00,175.00,1.000
dish_1560802092,squash | chicken breast | kale,118.03,128.00,"A healthy meal consisting of roasted kabocha squash, kale salad, fried tofu, and spinach.",342.00,360.00,0.400
dish_1560802149,chicken breast | pork,365.52,249.00,"A plate with pork, zucchini, butternut squash, chicken breast, and kale salad.",560.00,475.00,0.400
dish_1560802562,lemon juice | bulgur | kale | chickpeas,8.85,5.00,Small portion of arugula,10.00,50.00,0.000
dish_1560787817,yam | bagels | cream cheese,292.23,165.00,"Breakfast with bagel, cream cheese, bacon, sweet potatoes and berries.",600.00,355.00,0.200
dish_1560802764,chicken breast | squash,111.83,99.00,"A meal consisting of salmon, squash, and arugula",290.00,250.00,0.250
dish_1560802853,squash | white rice | chicken breast,136.53,118.00,"A plate with salmon, rice, mixed greens and roasted squash.",470.00,450.00,0.500
dish_1560801773,cauliflower,13.50,54.00,A small serving of cauliflower florets.,30.00,100.00,1.000
dish_1560874667,bacon,100.55,83.00,"A breakfast plate with strawberries, blueberries, and bacon.",131.00,160.00,1.000
dish_1560874726,bacon | yam,177.49,145.00,"Plate with strawberries, blueberries, bacon, and sweet potato",280.00,290.00,0.333
dish_1560874751,bacon | bagels | cream cheese | yam,379.99,220.00,"Breakfast with English muffin, fruit, sweet potatoes and bacon.",570.00,335.00,0.400
dish_1560887408,pizza,324.52,122.00,Slice of pizza on a plate.,350.00,150.00,1.000
dish_1560887435,pizza | kale,364.53,171.00,A meal with enchiladas and kale.,385.00,300.00,0.333
dish_1560887457,pizza,389.26,246.00,Lasagna with eggplant and kale salad,380.00,500.00,0.000
dish_1560801797,squash | cauliflower,25.66,96.00,"A plate of roasted vegetables, including butternut squash, cauliflower, an unknown green vegetable, and maitake mushroom.",90.00,170.00,0.500
dish_1560888817,roasted potatoes,47.94,34.00,A small plate with potato wedges and walnuts.,123.00,110.00,0.500
dish_1560874548,,41.04,72.00,A light snack of strawberries and blueberries,55.00,155.00,
dish_1560802730,chicken breast,101.70,64.00,Fried salmon with arugula and spinach salad,217.00,180.00,0.000
dish_1560888849,chicken | roasted potatoes,168.96,107.00,Chicken and roasted potatoes with walnuts.,412.00,263.00,0.667
dish_1560888893,roasted potatoes | chicken | white rice,213.16,141.00,"Chicken with rice, potato and pecan.",515.00,360.00,0.750
dish_1560889008,carrot,41.29,84.00,A small serving of sliced carrots on a white plate.,31.00,73.00,1.000
dish_1560889032,carrot | chicken,246.87,208.00,"A plate of chicken breast with lentils, carrots, and spinach.",252.00,270.00,0.500
dish_1560889061,carrot | chicken,402.51,281.00,"A light meal consisting of a mixed greens salad, grilled chicken breast, and carrots.",250.00,400.00,1.000
dish_1560961012,cream cheese | bagels,191.70,71.00,Bagel with cream cheese,460.00,125.00,1.000
dish_1560961059,cream cheese | bagels | sweet potato,268.46,172.00,Bagel with cream cheese and a side of roasted eggplant.,420.00,330.00,0.250
dish_1560961179,scrambled eggs,153.92,104.00,A plate of scrambled eggs.,300.00,200.00,1.000
dish_1560961202,scrambled eggs | broccoli,171.07,153.00,A plate with scrambled eggs and broccoli.,250.00,250.00,1.000
dish_1560961261,broccoli | scrambled eggs,192.52,218.00,"A plate with scrambled eggs, broccoli, and sliced strawberries.",245.00,355.00,1.000
dish_1560961385,sweet potato | scrambled eggs | broccoli,249.52,293.00,"A plate with scrambled eggs, roasted potatoes, tofu, strawberries, and broccoli",490.00,580.00,0.750
dish_1560973936,arugula,75.24,44.00,Arugula salad with some raisins.,65.00,100.00,1.000
dish_1560887480,pizza | beef,668.08,374.00,"Assorted plate with beef, eggplant, broccoli, kale, pizza, and red bell pepper.",705.00,535.00,0.333
dish_1560973984,broccoli,171.21,195.00,"Plate of broccoli, arugula and lentils",270.00,290.00,0.333
dish_1560974009,chicken thighs | broccoli,482.98,409.00,"A plate of sweet and sour chicken with coleslaw, lentils, broccoli, and arugula.",595.00,605.00,0.400
dish_1560974707,spinach (raw) | black beans,55.03,60.00,Small spinach salad with tomato and light dressing.,68.00,105.00,0.333
dish_1560974769,white rice,3943.33,3051.00,A plate with rice and spinach salad.,217.00,240.00,0.333
dish_1560975346,chicken thighs,326.34,224.00,"Bowl of chicken with tomato sauce, rice, and mixed vegetables.",600.00,500.00,0.333
dish_1560975491,caesar salad,37.84,86.00,Caesar salad on a white plate,150.00,200.00,1.000
dish_1560975517,broccoli | caesar salad,42.39,99.00,A plate with a Caesar salad and a small portion of broccoli.,165.00,250.00,1.000
dish_1560975572,caesar salad,96.99,159.00,"A healthy meal consisting of salad, rice with vegetables and tofu, and broccoli.",325.00,600.00,0.000
dish_1560975601,chicken thighs | caesar salad,233.94,253.00,"A plate with lettuce salad, chicken with sauce, rice, and broccoli.",480.00,530.00,0.200
dish_1560975628,caesar salad | cheese pizza | chicken thighs,348.27,296.00,"A plate with caesar salad, pizza, chicken with sauce, brown rice and broccoli.",730.00,650.00,0.600
dish_1560976044,,124.67,137.00,"A plate with wheat berries, squash, spinach and tomato.",235.00,290.00,0.000
dish_1561049320,bacon,102.79,19.00,A plate of bacon,135.00,50.00,1.000
dish_1561049373,scrambled eggs | bacon,290.75,146.00,A plate of bacon and scrambled eggs.,470.00,200.00,1.000
dish_1561049409,bacon | scrambled eggs,317.78,197.00,"Breakfast with bacon, scrambled eggs, and raspberries.",445.00,285.00,1.000
dish_1561049435,cantaloupe | scrambled eggs | bacon,338.18,257.00,"A breakfast plate consisting of bacon, scrambled eggs, cantaloupe and raspberries.",428.00,425.00,1.000
dish_1560973958,pecans | lime | raisins | arugula,145.31,121.00,Arugula salad with lentils,150.00,180.00,0.200
dish_1561060477,pineapple | cheese pizza,141.02,105.00,A plate with pineapple chunks and a slice of pizza.,260.00,175.00,1.000
dish_1561060503,pineapple | cheese pizza,145.31,138.00,"A plate with a slice of pizza, pineapple chunks, and bok choy.",265.00,225.00,0.667
dish_1561060531,brussels sprouts | cheese pizza | pineapple,162.08,177.00,"A plate with a slice of pizza, pineapple chunks, Brussels sprouts and bok choy.",331.00,375.00,0.750
dish_1561060558,pineapple | brussels sprouts | tofu | cheese pizza,194.20,221.00,"A plate with a slice of pizza, pineapple chunks, bok choy, brussels sprouts, and tofu scramble with vegetables.",395.00,370.00,0.800
dish_1561060613,salmon | pineapple | cheese pizza | tofu | brussels sprouts,323.67,304.00,"A plate with pizza, pineapple, bok choy, brussels sprouts, tofu with vegetables, and fried fish.",555.00,475.00,0.571
dish_1561060448,cheese pizza,109.02,41.00,A slice of pizza,280.00,100.00,1.000
dish_1561060703,pasta | pineapple | salmon | tofu | cheese pizza | beef,538.47,445.00,"A plate with various food items including fruit, vegetables, pasta, fish, tofu and pizza.",836.00,630.00,0.400
dish_1561060787,brussels sprouts,46.46,91.00,A plate of roasted brussels sprouts.,80.00,200.00,1.000
dish_1561060925,brussels sprouts | tofu,93.91,156.00,A plate with roasted Brussels sprouts and green bean salad.,250.00,330.00,1.000
dish_1560961107,bagels | cream cheese | sweet potato,352.82,320.00,"Breakfast meal with bagel with cream cheese, fried plantains and berries.",615.00,440.00,0.250
dish_1561061123,tofu | salmon | bulgur | brussels sprouts,399.43,357.00,"A plate with brussel sprouts, tofu stir-fry, arugula salad, and rice with fish.",510.00,850.00,0.333
dish_1561061593,kale,42.46,52.00,Salad made from kale.,75.00,150.00,1.000
dish_1560888930,white rice | chicken | roasted potatoes,224.93,151.00,"Plate of chicken, potatoes, walnuts, rice and arugula.",500.00,410.00,0.600
dish_1561060976,salmon | tofu | brussels sprouts | brown rice,265.51,266.00,"Plate with roasted brussels sprouts, salmon with rice, and green bean salad.",430.00,500.00,0.400
dish_1561061687,salmon | brown rice | brussels sprouts | bulgur,508.35,408.00,A plate of salmon with a variety of green vegetables and some berries.,331.00,480.00,0.333
dish_1561062171,pasta | beef,101.14,58.00,Pasta with Meat Sauce and Pesto,240.00,150.00,0.333
dish_1561062237,beef | pasta | salmon,182.26,110.00,"salmon with rice, pasta and green leaves",470.00,210.00,0.400
dish_1561062286,beef | pasta | white rice | salmon,256.36,167.00,"A plate with rice, salmon, pasta with sauce and green leaves.",575.00,300.00,0.600
dish_1561062320,white rice | salmon | beef | pasta,307.87,202.00,"A plate with rice, greens, pasta with meat sauce, salmon and olive.",577.00,495.00,0.750
dish_1561062555,apple | shallots | bulgur | lemon juice | arugula | garlic,47.09,32.00,"Small salad with arugula, olives and goji berries",39.00,45.00,0.143
dish_1561062586,white rice,121.19,89.00,"A light meal consisting of arugula salad with goji berries and olives, and a small portion of white rice.",310.00,165.00,0.333
dish_1561134102,watermelon,24.30,81.00,A plate of cubed watermelon.,30.00,100.00,1.000
dish_1561061630,bulgur | kale,186.68,150.00,"Salad with arugula, kale, blueberries and raspberries",130.00,300.00,0.333
dish_1561134156,watermelon | sweet potato,118.54,220.00,"A plate of fried potatoes with watermelon, strawberries and blueberries",265.00,320.00,1.000
dish_1561060642,pasta | beef | tofu | pineapple | salmon | cheese pizza,468.41,387.00,"A plate with pizza slice, pineapple chunks, brussels sprouts, bok choy, pasta with meat sauce, tofu salad, and cooked fish.",837.00,730.00,0.444
dish_1561146758,bagels,232.50,93.00,A bagel on a white plate.,250.00,100.00,1.000
dish_1561146781,bagels | apple,300.10,223.00,A bagel and an apple on a white plate.,375.00,282.00,1.000
dish_1561147944,arugula,42.37,34.00,A mixed greens salad with carrots and walnuts,67.00,120.00,0.000
dish_1561145732,orange with peel,19.70,67.00,A single orange on a plate.,62.00,131.00,0.000
dish_1561147997,cheese pizza,185.18,133.00,Pizza with a side salad and cooked zucchini,290.00,275.00,0.500
dish_1561148021,cheese pizza | ground turkey,361.77,216.00,"A plate with meatballs and rice, a pizza slice, salad and cooked zucchini.",350.00,310.00,0.200
dish_1561148042,ground turkey | cheese pizza,370.76,245.00,"A plate of assorted food items including green beans, meatloaf with rice, pizza, mixed green salad and zucchini.",521.00,500.00,0.200
dish_1561148303,cheese pizza,119.65,45.00,A slice of pizza on a white plate.,285.00,100.00,1.000
dish_1561134128,watermelon,58.50,141.00,"A small plate of fresh fruit including strawberries, blueberries, and watermelon.",50.00,145.00,1.000
dish_1561148481,cheese pizza | ground turkey,281.28,140.00,"A plate with a slice of pizza, some rice with mushrooms, and a small salad.",565.00,350.00,0.333
dish_1561392386,sausage,175.75,51.00,Plate with meatballs and scrambled egg.,288.00,160.00,0.000
dish_1561392410,sausage | broccoli,187.30,84.00,"A plate of broccoli, meatballs, and mustard.",236.00,190.00,0.333
dish_1561392430,sausage | broccoli,208.75,149.00,"A plate of strawberries, broccoli, sausage, and scrambled egg.",281.00,360.00,0.667
dish_1561392459,sausage | scrambled eggs,395.23,275.00,"A plate with scrambled eggs, strawberries, sausage and broccoli.",480.00,460.00,0.667
dish_1561392512,,42.75,75.00,A plate of strawberries and blueberries.,45.00,150.00,
dish_1561392543,radishes | garlic | bell peppers | cucumbers,126.00,119.00,"A light salad with spinach, carrots, strawberries, and blueberries.",80.00,195.00,0.000
dish_1561392570,broccoli,149.80,187.00,A creative and colorful dish featuring a variety of fresh fruits and vegetables arranged in an appealing manner.,80.00,230.00,0.333
dish_1561392593,broccoli | scrambled eggs,354.04,325.00,"A plate with scrambled eggs, broccoli, spinach, strawberries and blueberries",282.00,410.00,0.667
dish_1561392632,bacon | scrambled eggs,500.11,352.00,"A breakfast plate with scrambled eggs, bacon, broccoli, strawberries, blueberries, and spinach salad.",415.00,480.00,0.500
dish_1561392710,watermelon,31.80,106.00,A plate of watermelon slices,46.00,150.00,1.000
dish_1561061658,brussels sprouts | kale | bulgur,226.00,227.00,"Salad with arugula, kale, brussel sprouts, olives, and raspberries",185.00,330.00,0.500
dish_1561393550,cottage cheese,172.48,176.00,A bowl of rice,207.00,180.00,0.000
dish_1561393619,cottage cheese,234.04,284.00,A bowl of cottage cheese with strawberries and blueberries.,170.00,300.00,1.000
dish_1561393649,pineapple | cottage cheese,271.54,359.00,"A bowl of fruit salad containing pineapple, strawberries and blueberries.",144.00,310.00,0.500
dish_1561147967,cheese pizza,177.98,85.00,A meal consisting of a slice of pizza and a mixed green salad.,300.00,200.00,1.000
dish_1561148336,cheese pizza,128.10,68.00,A plate containing a small side salad and a small slice of pizza.,230.00,160.00,1.000
dish_1561393715,broccoli,17.15,49.00,A small serving of cooked broccoli on a white plate.,31.00,100.00,1.000
dish_1561404438,cauliflower | garlic | lime,366.07,169.00,Pork with roasted potatoes and spinach,360.00,230.00,0.000
dish_1561404458,carrot,410.31,259.00,"A meal with steak, roasted carrots, roasted potatoes, and spinach.",455.00,430.00,0.333
dish_1561404485,carrot,511.37,349.00,"A plate with sliced carrots, mixed greens salad, roasted potatoes, sliced pork, and green bell pepper.",395.00,530.00,0.250
dish_1561404505,carrot | broccoli,543.92,442.00,steak and roasted vegetables,525.00,600.00,0.400
dish_1561392734,watermelon,84.24,198.00,"Plate of fruit including watermelon, strawberries and blueberries",75.00,200.00,1.000
dish_1561404956,chicken | kale,97.60,82.00,A simple meal consisting of chicken and kale salad.,350.00,230.00,1.000
dish_1561405008,chicken | kale,156.43,134.00,A meal with fried chicken and two types of salads.,325.00,250.00,0.667
dish_1561405034,chicken | kale,178.28,153.00,"A plate with olives, chicken, mixed green salad, and kale salad",480.00,340.00,1.000
dish_1561405332,broccoli,18.55,53.00,Three small florets of broccoli on a white plate.,20.00,60.00,1.000
dish_1561405356,broccoli | chicken | white rice,206.65,176.00,"A plate with chicken breast, broccoli and arugula.",275.00,290.00,0.500
dish_1561405389,broccoli | chicken,265.98,223.00,Grilled chicken with broccoli and arugula salad,250.00,240.00,0.667
dish_1561393741,broccoli | scrambled eggs,188.83,165.00,A plate of scrambled eggs and broccoli.,186.00,200.00,1.000
dish_1561405836,cheese pizza,82.43,31.00,A slice of pizza,200.00,75.00,1.000
dish_1561405864,cheese pizza | chicken,197.12,106.00,A plate with a slice of pizza and chicken with vegetables.,490.00,230.00,1.000
dish_1561405887,cheese pizza | chicken | carrot,213.34,139.00,"A meal consisting of a slice of pizza, roasted chicken, and roasted carrots.",555.00,275.00,1.000
dish_1561405912,cheese pizza | chicken,270.88,196.00,"A plate with a slice of pizza, chicken, roasted carrots and a salad.",530.00,360.00,0.667
dish_1561405934,cheese pizza | chicken | broccoli,287.33,243.00,"A plate with pizza, cooked chicken, broccoli, roasted carrots and green salad",595.00,525.00,0.750
dish_1561406762,carrot,17.21,35.00,A small portion of roasted carrots on a plate.,31.00,73.00,1.000
dish_1561393764,broccoli | scrambled eggs | bacon,280.80,182.00,"A plate of broccoli, bacon, and scrambled eggs.",320.00,250.00,1.000
dish_1561406817,carrot | white rice,273.39,243.00,"A plate with rice, couscous with nuts and dried fruit, and roasted carrots.",710.00,450.00,0.667
dish_1561407208,chicken,44.35,29.00,Small serving of chicken cutlet with chickpeas.,170.00,80.00,0.500
dish_1561407249,chicken,73.88,56.00,A small salad with some chicken.,110.00,150.00,1.000
dish_1561407283,chicken | carrot,88.63,86.00,"A simple meal with roasted carrots, mixed green salad and a piece of chicken.",217.00,265.00,1.000
dish_1561407312,chicken | carrot,127.83,121.00,"Plate of carrots, couscous, mixed greens salad and chicken",450.00,400.00,1.000
dish_1561480391,,64.41,113.00,Plate of raspberries and blackberries,55.00,110.00,
dish_1561480414,turkey bacon,125.16,129.00,"Plate with raspberries, blackberries, and a strip of cooked bacon",199.00,145.00,1.000
dish_1561480439,turkey bacon | pineapple,155.16,189.00,"Plate of raspberries, blackberries, pineapple and bacon",197.00,218.00,1.000
dish_1561404924,kale,31.84,39.00,A small plate of kale salad with cheese.,80.00,150.00,1.000
dish_1561481577,bacon,200.17,37.00,A plate of bacon strips.,216.00,72.00,1.000
dish_1561481606,bacon | scrambled eggs,354.09,141.00,A breakfast meal consisting of scrambled eggs and bacon.,362.00,220.00,1.000
dish_1561405411,broccoli | chicken,332.06,282.00,Chicken with couscous and arugula salad,480.00,430.00,0.667
dish_1561406789,white rice | carrot,184.91,164.00,A plate with cooked rice and roasted carrots.,260.00,270.00,1.000
dish_1561481634,scrambled eggs | bacon | yam,462.06,228.00,"Breakfast with scrambled eggs, bacon, and roasted sweet potatoes.",650.00,375.00,0.500
dish_1561480460,pineapple | scrambled eggs | turkey bacon,285.40,277.00,"A breakfast meal including scrambled eggs, mixed berries, pineapple chunks and cooked meat.",291.00,342.00,0.667
dish_1561491180,fish | wild rice,236.35,217.00,"A plate with yellow rice, fish and spinach",405.00,350.00,0.667
dish_1561491121,spinach (raw),31.46,28.00,A small spinach and pear salad,59.00,110.00,0.500
dish_1561481673,honeydew melons | yam | bacon | scrambled eggs,496.62,324.00,"Breakfast plate with scrambled eggs, bacon, roasted sweet potato and melon",495.00,470.00,0.600
dish_1561491210,wild rice | fish | cauliflower,251.10,276.00,"A plate with yellow rice, cooked chicken, spinach and romanesco broccoli.",590.00,500.00,0.167
dish_1561492161,spinach (raw),48.31,43.00,Plate of cooked spinach.,63.00,105.00,1.000
dish_1561492182,fried rice,250.17,171.00,A plate with rice and spinach.,325.00,250.00,0.500
dish_1561492204,fried rice | chicken | millet,488.64,334.00,"A plate of yellow rice, spinach, and salmon with a topping.",649.00,400.00,0.200
dish_1561492519,banana with peel | wheat bread,271.32,206.00,A slice of rye bread and a banana on a plate.,216.00,160.00,1.000
dish_1561492628,caesar salad,13.64,31.00,A small serving of kale chips.,50.00,20.00,0.000
dish_1561492665,caesar salad | fish,81.95,93.00,Chicken with a side of lettuce salad.,300.00,220.00,0.000
dish_1561492687,fish | caesar salad | fried rice,105.61,108.00,Chicken with rice and a side salad,475.00,225.00,0.200
dish_1561493975,arugula,130.85,106.00,"Arugula salad with mozzarella, balsamic dressing, and parmesan cheese",198.00,100.00,0.250
dish_1561491154,fish,166.14,158.00,Chicken with spinach,230.00,260.00,0.000
dish_1561494001,squash | arugula,162.69,216.00,A plate with roasted eggplant and arugula salad,200.00,300.00,0.333
dish_1561567053,watermelon,26.10,87.00,A small serving of cubed watermelon.,30.00,100.00,1.000
dish_1561567086,watermelon | yam,142.75,181.00,A plate with roasted sweet potato and watermelon cubes.,226.00,350.00,0.333
dish_1561574215,lettuce,93.24,134.00,"Mixed greens salad with cherry tomatoes, red onion, feta cheese, and bacon.",235.00,225.00,0.000
dish_1561574368,caesar salad,22.00,50.00,A small portion of Caesar salad,175.00,150.00,1.000
dish_1561574394,caesar salad | arugula,61.50,82.00,Salad with mixed greens and dressing,135.00,290.00,0.333
dish_1561574428,caesar salad | arugula | cauliflower,84.00,172.00,A plate of mixed salad and steamed broccoli and cauliflower.,175.00,355.00,0.250
dish_1561574456,caesar salad | cheese pizza | cauliflower,203.66,217.00,"A plate with salmon with cheese, caesar salad, mixed greens salad and broccoli/cauliflower.",570.00,520.00,1.000
dish_1561574479,beef | cauliflower | cheese pizza | caesar salad,363.61,293.00,"A plate containing a slice of pizza, steak with rice, broccoli, cauliflower, caesar salad, and mixed green salad.",820.00,630.00,0.500
dish_1561492228,chicken | fish | fried rice,648.18,488.00,"A plate with rice, spinach and fish with vegetables",495.00,400.00,0.500
dish_1561574623,eggplant | chicken,117.60,152.00,Plate with grilled eggplant and tempeh.,310.00,350.00,0.333
dish_1561574783,arugula,29.63,24.00,A simple arugula salad served on a white plate.,25.00,100.00,1.000
dish_1561492703,caesar salad | fried rice | fish,113.13,134.00,"A plate with roasted butternut squash, risotto, chicken in sauce and salad with vinaigrette",600.00,450.00,0.000
dish_1561574848,chicken,182.26,155.00,"A salad with mixed greens, chicken, cherry tomatoes, cucumber and red onion with dressing.",258.00,270.00,0.250
dish_1561574974,eggplant,50.13,152.00,Roasted eggplant with some lettuce,102.00,210.00,0.500
dish_1561575033,chicken | eggplant,354.45,339.00,"A plate with chicken, lentils, and eggplant",375.00,390.00,0.667
dish_1561574600,eggplant,32.98,100.00,A plate of grilled eggplant.,80.00,200.00,1.000
dish_1561575170,cauliflower,42.75,171.00,A plate of cooked cauliflower.,102.00,300.00,1.000
dish_1561575192,arugula | cauliflower,122.99,236.00,A simple meal of arugula salad and cooked cauliflower.,122.00,300.00,1.000
dish_1561494032,arugula | squash | cauliflower,185.44,307.00,"A plate with roasted potatoes, eggplant, arugula salad and romanesco broccoli",235.00,425.00,0.167
dish_1561575300,bell peppers | millet | beef,326.78,199.00,Pork loin with rice stuffing and a side of green bell pepper.,370.00,300.00,0.250
dish_1561575327,roasted potatoes | beef,453.68,289.00,"Plate with pork tenderloin, roasted potatoes, and green bell peppers.",430.00,400.00,0.250
dish_1561575347,roasted potatoes | pizza | beef,554.76,327.00,"A meal consisting of pizza, roasted potatoes, meat, sausage and green bell pepper.",905.00,525.00,0.400
dish_1561575410,cauliflower,16.00,64.00,Small portion of cooked cauliflower.,25.00,80.00,1.000
dish_1561574815,arugula | lettuce,74.85,89.00,"Mixed green salad with tomatoes, avocado, red onion and feta.",155.00,230.00,0.000
dish_1561575474,eggplant | roasted potatoes | cauliflower,120.06,183.00,"Plate of roasted potatoes, cauliflower and eggplant.",170.00,330.00,1.000
dish_1561575506,roasted potatoes | beef,562.04,393.00,"A meal consisting of steak, potatoes, cauliflower, and eggplant.",500.00,475.00,0.250
dish_1561575613,arugula,86.41,70.00,"A side salad with mixed greens, walnuts, and blueberries.",140.00,145.00,0.000
dish_1561575274,millet | beef,305.18,145.00,steak and rice,450.00,250.00,0.000
dish_1561575445,eggplant | cauliflower,35.46,123.00,Roasted vegetables,75.00,195.00,0.667
dish_1561575908,cheese pizza,106.36,40.00,A single portion of lasagna,350.00,200.00,0.000
dish_1561575951,cheese pizza | beef,213.70,91.00,"Salmon with cheese, rice, beef, and spinach.",540.00,380.00,0.500
dish_1561575977,parmesan cheese | beef | cheese pizza,261.08,102.00,"A meal consisting of lasagna, parmesan cheese, beef, rice and spinach.",770.00,380.00,0.500
dish_1561575996,parmesan cheese | beef | cheese pizza,290.98,128.00,"A plate with lasagna, olives, parmesan cheese, beef with rice, and spinach.",830.00,420.00,0.400
dish_1561575068,eggplant | chicken,421.94,436.00,"A salad with chicken, lentils, eggplant, mixed greens, tomatoes, olives, feta and dressing.",585.00,435.00,0.333
dish_1561576051,chicken | beef | roasted potatoes | parmesan cheese | cheese pizza,367.89,179.00,"A plate with salmon, olives, rice pilaf, pineapple and chicken roll.",860.00,520.00,0.375
dish_1561576074,beef | cheese pizza | roasted potatoes | chicken | parmesan cheese,374.55,216.00,"A mediterranean style plate with chicken, feta cheese, olives, tomatoes, potatoes and brown rice.",760.00,660.00,0.375
dish_1561576212,roasted potatoes,145.23,103.00,"A plate of roasted potatoes, possibly with herbs and oil.",160.00,200.00,1.000
dish_1561576257,roasted potatoes,180.88,134.00,A plate with red beans and roasted potatoes.,224.00,110.00,0.500
dish_1561576295,roasted potatoes,249.07,232.00,"Salad with mixed greens, olives, feta cheese, and roasted potatoes",285.00,345.00,0.333
dish_1561576320,chicken | roasted potatoes,494.80,383.00,"A plate with salad with chicken, olives and roasted potatoes.",500.00,400.00,1.000
dish_1561576449,cauliflower,77.00,308.00,A plate of cooked cauliflower,114.00,500.00,1.000
dish_1561575661,beef,418.95,228.00,steak with brown rice and salad,572.00,373.00,0.000
dish_1561576590,squash,29.23,101.00,Mixed vegetables with quinoa,116.00,300.00,0.167
dish_1561575688,beef | roasted potatoes,607.89,362.00,"A plate with steak, potatoes, green salad and brown rice",750.00,475.00,0.250
dish_1561576652,cauliflower | squash | eggplant,91.42,322.00,"Plate of roasted vegetables including cauliflower, eggplant, zucchini, broccoli, and quinoa.",145.00,400.00,0.333
dish_1561576680,cauliflower | chicken | squash | eggplant,307.86,455.00,"A plate of roasted vegetables including cauliflower, eggplant, zucchini, and a quinoa salad",346.00,620.00,0.333
dish_1561576707,eggplant | caesar salad | chicken | cauliflower | squash,324.14,492.00,"A plate with cauliflower, roasted vegetables, and salad with dressing.",400.00,450.00,0.167
dish_1561576483,cauliflower | beef,209.60,371.00,A plate with cauliflower and steak covered with pesto,400.00,450.00,0.333
dish_1561576767,squash | eggplant | cauliflower | chicken | pineapple,408.47,621.00,"A plate of roasted vegetables, mixed salad, fruit salad and lentil salad.",485.00,850.00,0.125
dish_1561576794,beef | chicken | pineapple | cauliflower,654.72,738.00,"A plate with beef tenderloin, cauliflower, grilled mixed vegetables, grain salad with creamy dressing, green salad with dressing, and pineapple chunks.",730.00,950.00,0.500
dish_1561576887,eggplant,15.50,47.00,"Small portion of roasted eggplant and greens, with a prune",65.00,140.00,0.500
dish_1561576916,eggplant | arugula,78.46,98.00,Arugula salad with fried eggplant,175.00,200.00,1.000
dish_1561576954,chicken,345.34,262.00,"A plate with chicken salad, mixed greens salad, and roasted eggplant.",370.00,350.00,0.500
dish_1561576978,chicken | beef,511.61,341.00,"A balanced meal consisting of meatloaf, chicken salad, arugula salad, and roasted eggplant.",710.00,470.00,0.200
dish_1561576026,parmesan cheese | roasted potatoes | beef | cheese pizza,330.46,156.00,"A plate of lasagna, black olives, risotto with spinach and mushrooms, parmesan cheese slices, and roasted potatoes.",755.00,500.00,0.333
dish_1561577119,tofu | cheese pizza,128.31,78.00,A plate with some tofu and a pizza slice,350.00,190.00,1.000
dish_1561576618,squash | eggplant,57.92,188.00,Vegetable stir-fry with quinoa.,130.00,625.00,0.333
dish_1561577177,tofu | cheese pizza | roasted potatoes,234.61,156.00,"A plate with tofu, salad, roasted potatoes and a slice of pizza",405.00,350.00,1.000
dish_1561577198,tofu | roasted potatoes | cheese pizza,240.54,174.00,"A meal consisting of tofu, mixed green salad, roasted potatoes, eggplant, and pizza.",560.00,490.00,0.600
dish_1561577219,tofu | chicken | cheese pizza | roasted potatoes,308.89,216.00,"A plate with a variety of food items, including tofu, salad, potatoes, pizza, eggplant, and grain salad.",560.00,485.00,0.500
dish_1561577549,pizza,130.34,49.00,A single slice of pizza on a plate.,250.00,100.00,1.000
dish_1561577573,beef | pizza,755.43,346.00,A meal consisting of sliced steak and a slice of tomato pizza.,510.00,230.00,0.500
dish_1561577598,beef | pizza,813.45,393.00,"Plate with steak, salad greens, and pizza",450.00,265.00,0.500
dish_1561577678,beef | millet,218.89,104.00,A small serving of sliced steak.,250.00,100.00,0.000
dish_1561577701,cauliflower | beef,258.64,263.00,A serving of cauliflower and beef steak.,325.00,375.00,1.000
dish_1561577731,mushroom | cauliflower | beef,274.26,334.00,"A plate with beef slices, cauliflower, mashed potatoes, and mushrooms with cream sauce.",510.00,500.00,0.750
dish_1561577848,chicken,413.35,254.00,A plate of chicken salad with greens.,355.00,270.00,1.000
dish_1561577083,cheese pizza,98.38,37.00,A single slice of cheese pizza on a white plate.,250.00,100.00,1.000
dish_1561578156,eggplant,31.99,97.00,A plate of fried eggplant.,112.00,160.00,1.000
dish_1561578188,cauliflower | eggplant,57.99,201.00,A plate of cauliflower mash and roasted eggplant.,134.00,350.00,1.000
dish_1561578226,eggplant | cauliflower,119.22,289.00,"Grilled eggplant with cauliflower, spinach salad and some pasta.",200.00,460.00,0.500
dish_1561578344,cheese pizza,144.26,86.00,A meal consisting of a slice of pizza and a side salad.,330.00,200.00,1.000
dish_1561576737,squash | eggplant | chicken | cauliflower,357.47,519.00,"A plate with a selection of vegetables, including cauliflower, eggplant, zucchini, mixed greens salad, and lentil salad with creamy dressing.",380.00,750.00,0.333
dish_1561578394,cheese pizza | beef | caesar salad,276.04,185.00,"A plate with a slice of pizza, Caesar salad, mixed green salad, and a portion of steak.",760.00,470.00,0.667
dish_1561578417,caesar salad | cheese pizza | beef,289.79,240.00,"Plate with pizza slice, caesar salad, mixed green salad, roasted cauliflower and a piece of steak.",810.00,550.00,0.500
dish_1561577146,cheese pizza | tofu,154.24,99.00,"A plate with tofu, a salad and a slice of pizza.",425.00,350.00,0.667
dish_1561577947,chicken,623.20,424.00,"Plate of chicken, arugula salad, and penne pasta",450.00,350.00,0.333
dish_1561578570,beef,136.80,65.00,Beef steak with pesto sauce,250.00,100.00,1.000
dish_1561578373,cheese pizza | caesar salad,164.50,132.00,"A plate with a slice of pizza, Caesar salad and a mixed green salad.",435.00,350.00,1.000
dish_1561578623,roasted potatoes | beef | cauliflower,208.51,208.00,A plate with beef and potatoes.,400.00,300.00,0.667
dish_1561578676,cauliflower | roasted potatoes | beef,212.03,224.00,"A plate with steak and pesto, mushrooms, cauliflower, and roasted potatoes.",350.00,450.00,0.400
dish_1561578775,cheese pizza,295.15,111.00,Three square pieces of pizza,300.00,120.00,1.000
dish_1561578441,caesar salad | roasted potatoes | beef | cheese pizza,387.08,309.00,"A plate of mixed food items including pizza, salad, beef, potatoes, and cauliflower.",1005.00,850.00,0.800
dish_1561578839,cheese pizza | broccoli,362.15,214.00,"A plate with pizza, arugula salad, cherry tomatoes, broccoli, and black olives.",440.00,420.00,0.500
dish_1561578865,pasta | broccoli | cheese pizza,417.19,246.00,"A plate with pizza slice, salad, broccoli, tomatoes and pasta.",520.00,465.00,0.600
dish_1561579505,cauliflower,31.50,126.00,A plate of cooked cauliflower.,25.00,75.00,1.000
dish_1561579576,cauliflower | eggplant,78.00,267.00,A small meal consisting of roasted eggplant and mashed potatoes.,180.00,350.00,0.333
dish_1561579617,eggplant | cauliflower | roasted potatoes,130.17,304.00,A plate with eggplant and potatoes.,161.00,400.00,0.667
dish_1561579673,cauliflower | roasted potatoes | eggplant | chicken,221.30,360.00,"A plate with roasted eggplant, mashed cauliflower, boiled potatoes and chicken salad",370.00,550.00,1.000
dish_1561579706,eggplant | beef | roasted potatoes | chicken | cauliflower,284.44,390.00,"A plate containing eggplant, cauliflower, chicken, potato, and meatloaf.",564.00,785.00,0.667
dish_1561579824,beef,185.21,88.00,A piece of steak with mixed greens on a white plate.,166.00,80.00,0.000
dish_1561578461,beef | roasted potatoes | cheese pizza | chicken,522.15,392.00,"A plate of food containing a slice of pizza, a salad with dressing, a piece of steak, some roasted potatoes, and cauliflower.",935.00,650.00,0.400
dish_1561579867,beef | chicken,369.36,217.00,"Plate with olives, meat and bread with cheese",480.00,255.00,0.000
dish_1561579902,chicken | beef,406.40,247.00,"A plate with arugula salad, meat, olives, and chicken roll with white sauce.",670.00,370.00,0.333
dish_1561578603,roasted potatoes | beef,180.51,96.00,A small plate of steak with pesto and roasted potatoes,275.00,125.00,0.333
dish_1561580278,caesar salad,23.32,53.00,A plate of Caesar Salad.,150.00,200.00,1.000
dish_1561578800,cheese pizza,338.35,146.00,"A meal consisting of pizza, arugula salad and olives.",500.00,250.00,0.500
dish_1561579845,beef | chicken,307.26,163.00,"A small meal consisting of steak and a bread roll with sauce, garnished with greens.",435.00,170.00,0.000
dish_1561580406,caesar salad | chicken | pasta,203.28,171.00,"A salad with pasta, quinoa, fried potatoes and dressing",630.00,450.00,0.200
dish_1561580322,caesar salad,44.25,76.00,"Salad with spinach, quinoa, and mushrooms.",140.00,200.00,0.000
dish_1561580552,cauliflower,22.25,89.00,A plate of mashed potatoes,116.00,120.00,0.000
dish_1561580608,cauliflower,20.25,81.00,A small serving of mashed potatoes on a white plate.,150.00,150.00,0.000
dish_1561580628,cauliflower | lettuce,72.43,156.00,A plate with mixed greens salad and mashed potatoes.,264.00,300.00,0.000
dish_1561580659,beef | millet,754.35,480.00,"A balanced meal with steak, rice, salad, and mashed cauliflower.",600.00,520.00,0.000
dish_1561654326,granola,59.79,46.00,A small salad with mixed greens and raspberries.,35.00,150.00,0.000
dish_1561654346,brussels sprouts,79.20,84.00,"Salad with mixed greens, raspberries, and roasted brussels sprouts",70.00,175.00,1.000
dish_1561654374,scrambled eggs,326.36,251.00,"A plate with scrambled eggs, brussels sprouts, a mixed green salad, and a few raspberries.",295.00,315.00,0.500
dish_1561654392,bacon | scrambled eggs,494.07,282.00,"Plate of scrambled eggs, bacon, and salad.",470.00,300.00,1.000
dish_1561654707,scrambled eggs,199.80,135.00,A plate of scrambled eggs,300.00,200.00,1.000
dish_1561654732,sweet potato | scrambled eggs,242.36,191.00,A plate with scrambled eggs and fried potatoes.,400.00,250.00,1.000
dish_1561654756,scrambled eggs | sweet potato | brussels sprouts,256.98,225.00,"Plate with scrambled eggs, roasted potatoes, and brussels sprouts",400.00,325.00,1.000
dish_1561580370,pasta | caesar salad,126.80,124.00,"Salad with pasta, quinoa, leafy greens, mushrooms and croutons.",465.00,310.00,0.200
dish_1561661347,green beans | caesar salad,50.67,132.00,A plate with green beans and salad.,191.00,320.00,0.500
dish_1561661377,green beans | chicken | caesar salad,306.33,294.00,"A plate with breaded fish, green beans and a salad with dressing.",380.00,400.00,0.250
dish_1561661449,white rice | pork,237.08,115.00,Small portion of pork belly,250.00,100.00,0.500
dish_1561579933,chicken | beef,447.45,306.00,"A meal consisting of a mixed green salad, beef steak, olives, and grilled cheese.",680.00,480.00,0.333
dish_1561661324,caesar salad,33.00,75.00,A Caesar salad on a white plate.,150.00,200.00,1.000
dish_1561661552,pork | broccoli | white rice,394.73,325.00,A plate of rice with steamed vegetables and meat.,537.00,600.00,0.600
dish_1561661806,pork,183.48,89.00,Rice with Pork and Green Onions,506.00,145.00,0.333
dish_1561661479,pork | white rice,242.18,166.00,Pork with sliced cucumber.,265.00,180.00,0.333
dish_1561661972,green beans,12.09,39.00,A small portion of cooked green beans.,25.00,75.00,1.000
dish_1561580431,chicken | beef | caesar salad | pasta,258.00,197.00,"A salad with roast beef, quinoa, pasta, spinach, and potatoes in sauce.",842.00,365.00,0.286
dish_1561662054,pork,419.44,292.00,"A plate with spinach salad, carrots, green beans, rice, and pork.",445.00,370.00,0.200
dish_1561662160,lemon juice | onions | apple | millet,41.84,36.00,"A small salad with mixed greens, red pepper, quinoa and dressing.",149.00,185.00,0.000
dish_1561662190,brown rice,117.32,104.00,A light meal consisting of brown rice and mixed green salad.,222.00,250.00,1.000
dish_1561662216,brown rice | pork,300.79,193.00,"A meal consisting of brown rice, mixed greens, and pork.",331.00,265.00,1.000
dish_1561662358,corn on the cob,96.55,91.00,Two pieces of corn on the cob,140.00,150.00,1.000
dish_1561662458,corn on the cob,124.82,119.00,A small salad and corn on the cob served on a plate.,205.00,350.00,0.250
dish_1561662501,corn on the cob | tofu,158.40,165.00,"A plate with tofu, salad, cherry tomatoes and corn on the cob.",340.00,425.00,0.667
dish_1561662532,tofu | corn on the cob,166.46,191.00,"Plate with tofu, corn, grilled zucchini, green beans, tomatoes and spinach.",282.00,530.00,0.333
dish_1561662562,pork | tofu | corn on the cob,368.49,289.00,"A plate with grilled pork, grilled eggplant, tofu, corn on the cob, cherry tomatoes and spinach.",602.00,560.00,0.500
dish_1561661500,pork | white rice,374.78,268.00,"A plate of rice, grilled pork, and cucumber slices.",603.00,425.00,0.667
dish_1561662842,chicken | brown rice,263.13,172.00,"A meal consisting of fried tofu, kale, quinoa, and a roasted carrot.",487.00,400.00,0.000
dish_1561662869,chicken | corn on the cob,284.35,192.00,"A plate with Tofu, Quinoa, Kale, Sweet Potato, Corn, and Mushrooms.",310.00,360.00,0.143
dish_1561662926,corn on the cob | chicken,288.34,213.00,"Plate of tofu with breading, mixed green salad, kale, roasted carrots, quinoa, and corn.",425.00,420.00,0.167
dish_1561662948,corn on the cob | chicken,293.61,230.00,A plate of tofu with quinoa and vegetables,365.00,485.00,0.111
dish_1561661850,pizza | pork,648.98,264.00,"A plate with several slices of pizza, alongside cooked mushrooms, rice, and cooked greens",715.00,400.00,0.250
dish_1561663068,cheese pizza,332.89,168.00,A meal consisting of a slice of pizza and a spinach salad with vegetables.,530.00,300.00,0.500
dish_1561663541,brown rice,124.32,112.00,A plate of rice,240.00,100.00,1.000
dish_1561663580,chicken | brown rice,432.06,307.00,A plate of fried chicken and rice.,600.00,300.00,1.000
dish_1561663606,brown rice | corn on the cob | chicken,474.50,347.00,"A plate with rice, chicken and corn",537.40,232.00,1.000
dish_1561662022,green beans | millet,159.69,166.00,"Salad with spinach, carrot shreds, green beans and cherry tomatoes.",64.00,195.00,0.200
dish_1561663817,corn on the cob,95.50,86.00,"A small salad with mixed greens, red bell pepper, celery and corn.",57.00,175.00,0.333
dish_1561663855,corn on the cob | chicken,179.14,139.00,"A meal consisting of a chicken drumstick, a mixed greens salad, and a slice of corn on the cob.",247.00,311.00,1.000
dish_1561662814,lemon juice | onions | apple | millet,23.24,20.00,"A small salad with kale, mushrooms, a piece of sweet potato, and quinoa",141.00,130.00,0.000
dish_1561663914,chicken | corn on the cob | pork,257.40,205.00,"A balanced meal with pork, chicken, salad, corn, and green beans.",450.00,475.00,0.750
dish_1561663990,chicken,181.49,115.00,A piece of quiche on a plate.,250.00,100.00,0.000
dish_1561664013,chicken | pork,280.44,163.00,A meal consisting of sliced pork and an omelette.,360.00,180.00,0.333
dish_1561664042,chicken | pork,285.04,209.00,"A meal consisting of sliced cucumber, pork loin, and bread pudding.",585.00,350.00,0.250
dish_1561664061,chicken | green beans | pork,303.64,269.00,"A meal with chicken, tempeh, green beans, and cucumber slices.",395.00,400.00,0.400
dish_1561663035,cheese pizza,263.24,99.00,"A slice of pizza with tomato sauce, cheese, and bacon.",350.00,140.00,1.000
dish_1561665024,green beans,100.57,121.00,A plate of sauteed kale and samphire with raisins,156.00,225.00,0.000
dish_1561665065,chicken,387.80,303.00,"A plate with chicken breast, kale salad with raisins, and sea beans.",325.00,270.00,0.250
dish_1561665378,corn on the cob,74.27,70.00,Two slices of corn,67.00,75.00,1.000
dish_1561665422,corn on the cob | chicken,571.39,385.00,"Meal with fried chicken, corn, rice and a small salad",615.00,380.00,0.667
dish_1561665452,chicken | corn on the cob,624.85,431.00,"A plate with grilled chicken, mixed green salad and quinoa.",340.00,260.00,0.333
dish_1561665626,corn on the cob,51.99,49.00,A small piece of corn on the cob served on a white plate.,77.00,70.00,1.000
dish_1561665671,corn on the cob | pizza,158.39,89.00,A light meal consisting of a pizza slice and a small piece of corn on the cob.,320.00,170.00,1.000
dish_1561665706,chickpeas | corn on the cob | pizza,386.35,228.00,"A plate with corn on the cob, chickpea salad, and squash with some filling.",450.00,330.00,0.500
dish_1561665747,chickpeas | pizza | corn on the cob,486.30,314.00,"A plate with stuffed squash, corn, green beans, and chickpeas with vegetables.",500.00,525.00,0.400
dish_1561666619,grapes,35.88,52.00,A small plate of red grapes.,69.00,120.00,1.000
dish_1561666640,cantaloupe | grapes,48.80,90.00,A plate of red grapes and cantaloupe cubes.,120.00,270.00,1.000
dish_1561666761,cheese pizza,114.34,43.00,A single slice of cheese pizza.,210.00,80.00,1.000
dish_1561666794,cheese pizza | caesar salad,138.10,97.00,A plate with a slice of pizza and a small salad.,275.00,225.00,0.500
dish_1561666821,caesar salad | cheese pizza,211.79,170.00,salad with a pizza slice,250.00,225.00,0.500
dish_1561666849,cheese pizza | corn on the cob | caesar salad,347.59,298.00,"A plate with pizza, corn, and salad",522.00,470.00,0.667
dish_1561666875,corn on the cob | caesar salad | cheese pizza | chicken,443.86,359.00,"A plate with pizza, chicken, corn, and salad",720.00,630.00,1.000
dish_1561663786,corn on the cob,46.68,44.00,A single slice of corn on a plate.,25.00,30.00,1.000
dish_1561664977,green beans,14.57,47.00,A plate of samphire,30.00,100.00,0.000
dish_1561667207,pork | white rice,249.44,121.00,A plate of pork and rice.,444.00,300.00,1.000
dish_1561667238,caesar salad | white rice | pork,268.80,165.00,"A meal with sliced pork, white rice, and a caesar salad with croutons.",750.00,335.00,0.750
dish_1561663891,pork | chicken | corn on the cob,247.17,172.00,"A plate with grilled pork and chicken, a side salad and a slice of corn on the cob.",370.00,340.00,1.000
dish_1561736715,scrambled eggs,161.32,109.00,A plate of scrambled eggs.,206.00,150.00,1.000
dish_1561736736,scrambled eggs | bacon,356.08,145.00,A plate of scrambled eggs with bacon.,470.00,225.00,1.000
dish_1561737176,sausage,403.18,117.00,A small serving of sausages.,150.00,60.00,1.000
dish_1561737200,egg whites | sausage,478.58,262.00,A plate with scrambled eggs and sausages.,453.00,225.00,1.000
dish_1561737223,sausage | broccoli | egg whites,503.78,334.00,"A plate of sausage, mashed potatoes, and broccoli.",340.00,290.00,0.500
dish_1561666897,chicken | pork | corn on the cob | cheese pizza,532.51,402.00,"A meal consisting of pizza, mixed salad, corn and grilled chicken.",600.00,575.00,0.600
dish_1561737271,sausage | hash browns | pineapple | egg whites,762.38,520.00,"A plate with scrambled eggs, cooked rice, sausage, pineapple chunks, and broccoli.",552.00,475.00,0.500
dish_1561667430,white rice | sugar | pork,342.21,166.00,A plate of Char Siu pork with a side of white rice.,480.00,200.00,0.667
dish_1561737776,bagels | cream cheese,375.30,139.00,Two bagel halves with cream cheese,480.00,150.00,1.000
dish_1561737839,,210.90,370.00,A cup of grapes,104.00,180.00,0.000
dish_1561739160,,34.77,61.00,A small plate of raspberries and blackberries.,23.00,50.00,
dish_1561739188,sweet potato,97.09,143.00,Small serving of sweet potato and berries.,120.00,140.00,1.000
dish_1561739212,egg whites | sweet potato,134.01,214.00,"A light meal consisting of feta cheese, mixed berries, and roasted sweet potato.",254.00,215.00,0.333
dish_1561739238,egg whites | hash browns | sweet potato,274.19,257.00,"A plate of mozzarella cheese, shredded coconut, raspberries, blackberries, and roasted sweet potato.",540.00,355.00,0.200
dish_1561739265,sweet potato | hash browns | broccoli | egg whites,292.04,308.00,"A plate with mozzarella cheese, rice, broccoli, sweet potatoes and berries.",470.00,390.00,0.333
dish_1561739576,sweet potato,63.84,84.00,Small portion of roasted sweet potatoes.,130.00,100.00,1.000
dish_1561739623,broccoli | sweet potato,156.24,348.00,"Healthy meal consisting of broccoli, roasted sweet potato and strawberries.",197.00,395.00,1.000
dish_1561739649,sweet potato | broccoli,208.23,388.00,"A plate with mixed greens, broccoli, sweet potato and a strawberry.",152.00,290.00,1.000
dish_1561739719,sweet potato | broccoli,350.16,637.00,Mixed fruit and vegetable salad with sweet potato,270.00,675.00,1.000
dish_1561739760,broccoli | cantaloupe | sweet potato,452.16,937.00,"A mix of fresh fruits, vegetables and roasted sweet potato.",339.00,790.00,0.750
dish_1561739805,broccoli | sweet potato | scrambled eggs | cantaloupe,696.36,1102.00,"A breakfast plate with scrambled eggs, mixed fruit, sweet potato and some greens.",440.00,580.00,0.400
dish_1561739930,sweet potato,60.04,79.00,Small portion of roasted sweet potatoes.,90.00,75.00,1.000
dish_1561739954,sweet potato | scrambled eggs,276.12,225.00,A plate with roasted sweet potatoes and scrambled eggs.,370.00,270.00,1.000
dish_1561739973,broccoli | scrambled eggs | sweet potato,295.37,280.00,"A plate with scrambled eggs, broccoli, and sweet potato.",330.00,300.00,1.000
dish_1561740321,bell peppers | garlic | cucumbers | radishes,52.98,28.00,Simple salad with spinach and carrots,9.00,35.00,0.000
dish_1561740353,bell peppers | garlic | cucumbers | radishes,75.42,96.00,Plate of strawberries and spinach,56.00,170.00,0.000
dish_1561740385,broccoli,99.37,139.00,"A small salad with spinach, broccoli and strawberries",90.00,300.00,0.500
dish_1561666923,corn on the cob | cheese pizza | chicken | pork,539.64,425.00,"A plate with a slice of pizza, chicken, corn, mixed green salad, and cooked meat.",655.00,545.00,0.600
dish_1561737248,sausage | egg whites | hash browns,699.38,394.00,"A plate with sausage, mashed cauliflower, rice and broccoli.",420.00,400.00,0.167
dish_1561741090,cottage cheese | cantaloupe,161.54,221.00,A bowl of rice and cantaloupe.,292.00,315.00,0.333
dish_1561741139,bacon,108.20,20.00,Two slices of bacon on a plate.,120.00,40.00,1.000
dish_1561741174,scrambled eggs | bacon,245.84,113.00,A plate with scrambled eggs and bacon.,330.00,200.00,1.000
dish_1561746876,salmon | brown rice,149.44,84.00,A small portion of cooked salmon on a white plate.,164.00,75.00,0.500
dish_1561746912,brown rice | salmon,264.10,210.00,"A meal consisting of salmon, brussels sprouts and wheat berries.",480.00,300.00,0.333
dish_1561746970,tatsoi | salmon,303.64,363.00,"A plate of salmon, couscous, and a spinach salad with peppers and zucchini.",525.00,425.00,0.333
dish_1561741063,cottage cheese,132.30,135.00,A bowl of cottage cheese,204.00,220.00,1.000
dish_1561748274,tortilla | chicken thighs | cheese,558.51,260.00,A serving of what appears to be egg and vegetable frittata.,250.00,200.00,0.000
dish_1561748862,brown rice | salmon,154.77,87.00,A piece of cooked salmon on a white plate.,206.00,100.00,0.500
dish_1561748950,honeydew melons | brown rice | salmon,197.25,205.00,A simple meal of salmon and melon.,230.00,200.00,0.667
dish_1561749016,salmon | brown rice | honeydew melons,280.12,272.00,"A plate with salmon, melon and a green salad.",280.00,345.00,0.667
dish_1561749061,salmon | honeydew melons,302.86,360.00,"A meal consisting of salmon with a mixed greens salad, including cucumbers and bean sprouts.",355.00,370.00,0.250
dish_1561749348,brown rice | salmon,165.45,93.00,A simple plate of salmon with a small amount of rice and arugula.,252.00,150.00,0.667
dish_1561737293,sausage | pineapple | egg whites | hash browns,801.82,636.00,"A plate containing cantaloupe, cooked egg whites, brown rice, pineapple, broccoli and sausage.",609.00,735.00,0.429
dish_1561740411,scrambled eggs,333.21,297.00,"A plate with scrambled eggs, red bell pepper, spinach, and broccoli.",349.00,436.00,0.250
dish_1561747075,tortilla | chicken thighs | cheese,646.59,301.00,A plate of chicken stew,300.00,250.00,0.333
dish_1561749750,broccoli | brown rice | salmon,330.53,315.00,"A plate of salmon with broccoli, cherry tomatoes and onion.",420.00,415.00,0.400
dish_1561749778,broccoli | salmon | brown rice,334.53,340.00,"Salmon with broccoli, cherry tomatoes, radish, and onion",380.00,415.00,0.333
dish_1561749818,brown rice | salmon | broccoli,340.03,395.00,"A plate of salmon with mixed vegetables including cucumber, radishes, tomatoes, broccoli and red onion.",345.00,525.00,0.286
dish_1561749857,brown rice | salmon | broccoli | brussels sprouts,366.58,447.00,"A healthy plate with salmon, broccoli, cucumber, radishes, sprouts, tomatoes, and red onion.",420.00,675.00,0.375
dish_1561749908,brown rice | brussels sprouts | broccoli | salmon,377.26,472.00,"A plate with salmon and mixed vegetables including broccoli, radishes, cucumber, cherry tomatoes, and brussels sprouts.",343.00,520.00,0.429
dish_1561749664,brown rice | salmon,288.20,162.00,Two pieces of cooked salmon with some rice,297.00,165.00,1.000
dish_1561751958,brown rice | salmon,381.23,293.00,"A plate with salmon, zucchini, squash, rice and arugula.",360.00,400.00,0.400
dish_1561752035,brown rice | salmon,454.94,374.00,Salmon with Buckwheat and Vegetables,505.00,410.00,0.143
dish_1561752449,tortilla | chicken thighs | cheese,287.85,134.00,Single Fritter on a white plate.,250.00,100.00,0.000
dish_1561752481,tortilla | cheese | chicken thighs,297.98,169.00,A plate with a fritter and yellow squash.,215.00,150.00,0.000
dish_1561749711,salmon | brown rice,300.08,228.00,Salmon and cherry tomatoes,330.00,250.00,0.333
dish_1561752535,tortilla | chicken thighs | caesar salad | cheese,358.00,307.00,"A plate with potato pancake, squash, roasted sweet potato, and salad.",441.00,445.00,0.000
dish_1561752563,cheese | caesar salad | chicken thighs | tortilla,373.51,367.00,"A plate with zucchini, roasted sweet potatoes, fried pancake, and salads.",570.00,700.00,0.125
dish_1561752680,cheese pizza,465.32,175.00,Two slices of cheese pizza on a white plate.,450.00,150.00,1.000
dish_1561749392,chicken thighs | cheese | salmon | tortilla,416.78,210.00,"A plate with fish, stewed vegetables, and rice.",370.00,250.00,0.000
dish_1561752996,cheese | salmon | chicken thighs | tortilla,848.66,415.00,A plate with lasagna and salmon.,650.00,350.00,0.200
dish_1561753021,cheese | caesar salad | chicken thighs | salmon | tortilla,918.18,573.00,"A plate with Caesar salad, lasagna, and a piece of salmon.",610.00,500.00,0.333
dish_1561751897,brown rice | salmon,354.02,199.00,Two pieces of salmon with rice and arugula.,293.00,190.00,0.667
dish_1561752970,tortilla | chicken thighs | cheese,642.29,299.00,Two potato pancakes on a white plate.,300.00,150.00,0.000
dish_1561753203,brown rice | salmon | squash,265.47,207.00,A serving of baked salmon with a side of zucchini.,308.00,225.00,0.250
dish_1561752509,tortilla | chicken thighs | cheese,321.48,224.00,A plate of roasted vegetables and a fritter.,330.00,320.00,0.000
dish_1561753075,salmon | chicken thighs | caesar salad | cheese | tortilla,945.67,668.00,"A plate with lasagna, salmon, caesar salad, and zucchini.",630.00,600.00,0.286
dish_1561753168,brown rice | salmon,245.50,138.00,A small portion of salmon fillet.,180.00,100.00,0.500
dish_1561753400,cheese | salmon | tortilla | chicken thighs,354.68,178.00,A plate with a serving of salmon and pulled chicken with barbecue sauce and a side of greens.,455.00,290.00,0.500
dish_1561753432,salmon | cheese | chicken thighs | tortilla,380.32,238.00,"A meal consisting of cooked salmon, pulled pork, sweet potatoes and greens.",535.00,320.00,0.167
dish_1561753477,salmon | cheese | chicken thighs | tortilla,432.27,280.00,"A meal with salmon, pulled pork in tomato sauce, roasted sweet potato, and a green salad.",570.00,430.00,0.167
dish_1561753589,brown rice | salmon,138.76,78.00,A piece of salmon with a garnish of arugula on a white plate.,167.00,90.00,0.333
dish_1561753238,brown rice | salmon | tatsoi,298.03,333.00,"A plate with baked salmon, zucchini, cherry tomatoes, and a salad with mixed greens and a light dressing.",360.00,450.00,0.200
dish_1561753649,brown rice | squash | salmon,164.01,196.00,"A meal consisting of salmon, zucchini, and yellow squash.",285.00,325.00,0.500
dish_1562007739,caesar salad,28.60,65.00,"A plate of Caesar salad with visible romaine lettuce, croutons, and creamy dressing.",150.00,200.00,1.000
dish_1562007763,quinoa | caesar salad,290.70,298.00,Chicken breast with caesar salad on a white plate.,361.00,320.00,0.333
dish_1562007789,caesar salad | quinoa,302.95,322.00,"A plate with chicken breast, Caesar salad, and brussels sprouts.",390.00,350.00,0.250
dish_1562007817,quinoa | caesar salad | pork,444.12,391.00,"A plate with chicken, pork, brussels sprouts, and Caesar salad.",667.00,500.00,0.400
dish_1562007842,caesar salad | quinoa | pork,492.28,434.00,"Plate with chicken, beef, couscous, brussels sprouts and salad.",790.00,510.00,0.167
dish_1562007866,caesar salad | quinoa | pork,497.86,465.00,"Plate with chicken, pork, couscous, butternut squash, Brussels sprouts, Caesar salad and cherry tomatoes.",785.00,660.00,0.286
dish_1562007904,quinoa | pork | caesar salad,525.46,489.00,"A plate of chicken breast with caesar salad, couscous, brussels sprouts, beef strips, olives, and cherry tomatoes.",705.00,620.00,0.143
dish_1562008394,cucumbers,2.40,24.00,Slices of cucumber,3.00,20.00,1.000
dish_1562008429,pork,94.47,69.00,A small portion of cooked meat and sliced zucchini.,135.00,70.00,0.000
dish_1562008476,brussels sprouts | pork,120.51,120.00,"A light meal consisting of brussels sprouts, cucumber, and tofu.",145.00,230.00,0.250
dish_1562008517,quinoa | pork | brussels sprouts,401.73,370.00,Grilled chicken breast with brussels sprouts and cucumber slices.,250.00,245.00,0.200
dish_1562008549,brussels sprouts | pork | quinoa,417.13,405.00,"A plate with chicken breast, Brussels sprouts, and salad.",359.00,350.00,0.200
dish_1562008695,cauliflower,18.00,72.00,Small serving of raw cauliflower,25.00,50.00,1.000
dish_1562008738,arugula | cauliflower,64.07,109.00,"A light salad with lettuce, cauliflower and blackberries.",45.00,180.00,0.333
dish_1562008780,cauliflower,180.85,195.00,A small salad with mixed greens and cauliflower.,55.00,225.00,1.000
dish_1561753623,squash | salmon | brown rice,159.31,149.00,A plate with salmon and zucchini.,205.00,150.00,0.250
dish_1562008842,quinoa | pork | cauliflower,355.76,294.00,"Plate of chicken wings, chicken breast, and mixed green salad with cauliflower.",430.00,435.00,0.200
dish_1562008936,caesar salad,57.64,131.00,A plate of Caesar salad,150.00,150.00,1.000
dish_1562008979,pork | caesar salad,382.94,290.00,A plate with chicken and cabbage stir-fry along with caesar salad.,500.00,400.00,0.333
dish_1562009006,pork | pizza | caesar salad,470.72,323.00,"A meal consisting of stir-fry, Caesar salad, and a slice of pizza.",700.00,450.00,0.500
dish_1562009098,tofu,70.08,96.00,Plate of rice with stir fried tofu and vegetables.,285.00,200.00,0.333
dish_1562009120,brussels sprouts | tofu,95.61,146.00,"Plate with rice, fried tofu and Brussels sprouts",310.00,400.00,0.667
dish_1561753275,brown rice | pineapple | salmon,330.03,397.00,"A plate with cooked salmon, mixed green salad, pineapple, zucchini and cherry tomatoes.",384.00,505.00,0.400
dish_1562009182,brussels sprouts | tofu | pork,306.23,274.00,"Plate of mixed foods including rice, brussels sprouts, salad with greens, yellow bell pepper and tofu.",420.00,500.00,0.400
dish_1561753371,chicken thighs | cheese | tortilla,221.26,103.00,Pulled chicken with some type of sauce and a small portion of green vegetables.,240.00,200.00,0.250
dish_1562009810,brown rice,119.88,108.00,A serving of brown rice on a white plate.,216.00,180.00,1.000
dish_1562009894,brown rice,244.81,200.00,A plate with mixed green salad and a serving of brown rice.,235.00,375.00,1.000
dish_1562009934,quinoa | brown rice,434.91,369.00,"A plate of roasted chicken, brown rice, and mixed green salad with Brussels sprouts.",590.00,560.00,0.250
dish_1562008813,quinoa | cauliflower,214.59,225.00,"A light meal of a mixed greens salad, cauliflower, and a chicken wing.",230.00,375.00,0.333
dish_1562010085,brussels sprouts | pork,440.32,264.00,Pork belly with brussels sprouts and coleslaw,650.00,425.00,0.667
dish_1562010130,pork | chickpeas,638.19,376.00,"A plate with chicken pieces, brussels sprouts and a mixed green salad.",363.00,600.00,0.000
dish_1562010266,pork,581.03,284.00,"Plate with pulled pork, wheat berries and coleslaw",576.00,303.00,0.333
dish_1562010293,pork | caesar salad,633.83,404.00,A meal consisting of brown rice and chicken stir fry served with a Caesar salad.,550.00,450.00,0.333
dish_1562010315,caesar salad | pork,671.11,477.00,"A plate with brown rice, brussel sprouts, and a Caesar salad.",462.00,315.00,0.250
dish_1562010369,pork,141.17,69.00,Meatloaf with shredded cabbage,170.00,100.00,0.000
dish_1562010394,pork,188.61,116.00,Small plate with meatloaf and salad mix,220.00,180.00,0.000
dish_1562010418,pork | brussels sprouts,209.55,157.00,"A plate with meatloaf, mixed green salad, and roasted Brussels sprouts.",400.00,350.00,0.333
dish_1562010440,pork | brussels sprouts,247.63,191.00,"Couscous with brussels sprouts, mixed greens, and unknown meat",470.00,400.00,0.333
dish_1562010821,pork,274.15,134.00,Pork stir fry with cabbage and wheat grains,385.00,180.00,0.333
dish_1562010865,pork,376.24,216.00,"Arugula salad with blackberries, goji berries and mushrooms",95.00,215.00,0.000
dish_1562010891,pineapple | pork,438.74,341.00,Fruit and greens salad,269.00,440.00,0.333
dish_1562010929,pork | pineapple,457.27,405.00,"A fruit salad with pineapple, blackberries, mixed greens and seeds.",188.00,390.00,0.500
dish_1562009148,tofu | pork | brussels sprouts,226.55,210.00,"Plate with rice, brussels sprouts, kale, and chicken.",390.00,480.00,0.167
dish_1562009314,brussels sprouts,99.57,195.00,Plate of roasted brussels sprouts.,180.00,300.00,1.000
dish_1562011794,pork | brussels sprouts,514.64,364.00,"A plate with couscous, meat and brussels sprouts",650.00,400.00,0.500
dish_1562011765,brussels sprouts | pork,423.92,283.00,Pork stir fry with brussels sprouts and coleslaw,500.00,350.00,0.667
dish_1562012048,quinoa,278.97,248.00,A plate of chicken breast,272.00,160.00,0.000
dish_1562085132,bacon,91.97,17.00,Two strips of bacon,103.00,29.00,1.000
dish_1562085163,scrambled eggs | bacon,279.93,144.00,A plate with scrambled eggs and bacon.,450.00,260.00,1.000
dish_1562010048,pork,407.13,199.00,Pork stir fry with mixed vegetables on a white plate.,350.00,250.00,1.000
dish_1562085604,,241.11,423.00,"A bowl of mixed fruits including pineapple, blueberries, and strawberries.",161.00,340.00,0.000
dish_1562085672,bread,122.08,46.00,A slice of toast,110.00,40.00,0.000
dish_1562086037,,68.97,121.00,A plate of raspberries and blackberries,46.00,100.00,
dish_1562086067,yam,178.18,209.00,"A plate with sweet potato, raspberries, and blackberries",144.00,162.00,0.000
dish_1562086116,scrambled eggs | yam,290.66,285.00,"A breakfast plate with scrambled eggs, berries, and roasted sweet potatoes.",400.00,430.00,0.333
dish_1562086501,scrambled eggs,195.36,132.00,A plate of scrambled eggs.,206.00,150.00,1.000
dish_1562086564,fruit salad | scrambled eggs,286.81,287.00,"A breakfast plate with scrambled eggs, mixed fruit (melon, pineapple, berries, strawberries) and lettuce.",345.00,370.00,0.667
dish_1562011727,pork,372.35,182.00,Plate of fried tofu with cabbage slaw.,350.00,200.00,0.000
dish_1562012076,quinoa | white rice,525.97,438.00,A meal consisting of grilled chicken breast and white rice.,460.00,350.00,0.333
dish_1562086740,scrambled eggs | bacon,447.89,215.00,A plate with bacon and scrambled eggs,460.00,230.00,1.000
dish_1562094621,green beans,10.54,34.00,A plate of sea beans,15.00,50.00,1.000
dish_1562085185,bacon | hash browns | scrambled eggs,550.51,227.00,"Plate of scrambled eggs, hash browns, and bacon",660.00,360.00,1.000
dish_1562094730,chicken thighs,428.19,336.00,"A plate with mixed green salad, chicken pieces, couscous, and green beans.",700.00,570.00,0.333
dish_1562086595,fruit salad | scrambled eggs | yogurt,308.60,324.00,"A plate with scrambled eggs, Greek yogurt, and mixed fruit.",455.00,520.00,0.750
dish_1562086702,bacon,178.53,33.00,Three strips of bacon,270.00,60.00,1.000
dish_1562095283,spinach (raw),229.52,197.00,A simple salad with spinach and sun-dried tomatoes.,59.00,75.00,0.500
dish_1562095340,pizza,718.96,381.00,A meal consisting of a side salad and two slices of pepperoni pizza.,530.00,330.00,1.000
dish_1562096343,cucumbers,6.20,62.00,A plate with sliced cucumber.,18.00,100.00,1.000
dish_1562096372,chicken thighs | quinoa,346.71,287.00,"A plate with roasted chicken, cucumber slices, and white sauce.",365.00,250.00,0.333
dish_1562096401,chicken thighs | green beans | quinoa,366.86,352.00,"A plate of roasted chicken with green beans, cucumber, and hummus.",337.00,315.00,0.400
dish_1562096512,beets | artichokes | garlic,30.34,25.00,A plate with kale salad.,30.00,80.00,0.000
dish_1562096542,green beans,38.09,50.00,A light meal consisting of kale and green beans.,75.00,180.00,0.500
dish_1562096584,quinoa | green beans,94.99,90.00,"A meal consisting of couscous, green beans and kale.",240.00,300.00,0.333
dish_1562096608,fish | quinoa,176.71,163.00,"A balanced plate with chicken, couscous, green beans, and kale.",405.00,400.00,0.000
dish_1562096633,chicken thighs | quinoa | fish,288.70,237.00,"A plate with fish, couscous, green beans and kale.",406.00,500.00,0.200
dish_1562096907,white beans | fish,297.78,266.00,"Fish fillet with beans, egg, and arugula",278.00,275.00,0.500
dish_1562096933,white beans | fish,312.66,314.00,"Fish with samphire, white beans and arugula salad",315.00,310.00,0.500
dish_1562096973,white beans | fish,349.00,350.00,"Salad with mackerel, green beans, mixed greens, and carrots",340.00,380.00,0.250
dish_1562097001,white beans | pizza | fish,529.88,418.00,"A plate with sausage pizza, scrambled eggs, fish, salad and green beans",630.00,510.00,0.750
dish_1562097624,,77.59,68.00,Small portion of cooked brown rice on a white plate.,40.00,30.00,0.000
dish_1562097653,beets | onions | lettuce | carrot | arugula,116.17,102.00,"Salad with arugula, rice and feta.",185.00,110.00,0.143
dish_1562097673,white beans | fish,345.66,307.00,"A plate with white fish, arugula, beans and grain.",395.00,350.00,0.500
dish_1562099053,cheese pizza,98.38,37.00,A single slice of pizza on a white plate.,200.00,75.00,1.000
dish_1562099076,cheese pizza | carrot,110.18,61.00,A meal consisting of carrot slices and a slice of pizza.,235.00,140.00,1.000
dish_1562094877,quinoa | chicken thighs,234.58,155.00,A plate with a portion of roast chicken.,250.00,150.00,0.500
dish_1562099157,cheese pizza | chicken thighs,277.53,207.00,"A plate with mixed greens salad, roasted carrots, lasagna, green beans, and a chicken drumstick.",560.00,480.00,0.200
dish_1562168365,pineapple,70.00,140.00,A plate of pineapple chunks.,82.00,130.00,1.000
dish_1562168399,pineapple,128.71,243.00,"A fruit plate with pineapple, blueberries, and strawberries.",146.00,280.00,1.000
dish_1562168427,egg whites | pineapple,193.71,368.00,"A breakfast dish containing pineapple, blueberries, strawberries, and egg whites.",212.00,460.00,1.000
dish_1562168450,pineapple | egg whites | roasted potatoes,282.54,431.00,"A plate with pineapple, blueberries, strawberries, scrambled eggs and roasted potatoes.",375.00,460.00,1.000
dish_1562168471,brussels sprouts | roasted potatoes | egg whites | pineapple,312.67,490.00,"A plate with pineapple, roasted potatoes, brussels sprouts, blueberries, strawberries and ricotta cheese.",395.00,490.00,0.600
dish_1562094694,green beans,134.60,142.00,A simple salad with mixed greens and a side of green beans.,80.00,300.00,1.000
dish_1562168673,honeydew melons,56.35,73.00,A light snack with green apple slices and lettuce.,45.00,155.00,0.000
dish_1562168696,honeydew melons,95.11,141.00,"A light salad with cantaloupe, strawberries, blueberries and lettuce.",64.00,185.00,0.000
dish_1562094931,chicken thighs | white beans | fish,376.75,282.00,Plate with pieces of chicken,567.00,250.00,0.333
dish_1562169729,brussels sprouts,25.53,50.00,Plate of cooked brussels sprouts,51.00,150.00,1.000
dish_1562169762,scrambled eggs | brussels sprouts,262.33,210.00,A plate of scrambled eggs and brussels sprouts.,383.00,350.00,1.000
dish_1562169818,scrambled eggs | granola | brussels sprouts,346.82,275.00,"Plate with scrambled eggs, Brussels sprouts and salad.",355.00,450.00,0.667
dish_1562169840,sausage | granola | scrambled eggs,739.66,389.00,"A plate with scrambled eggs, brussels sprouts, sausage slices, and mixed greens.",570.00,430.00,0.500
dish_1562170163,pineapple,53.50,107.00,A plate of pineapple pieces.,50.00,100.00,1.000
dish_1562170236,watermelon | pineapple,169.36,333.00,"Plate of mixed fruit including pineapple, strawberries, blueberries and watermelon.",157.00,440.00,1.000
dish_1562170331,watermelon | roasted potatoes | pineapple,263.83,400.00,"Plate with roasted potatoes, pineapple chunks, strawberries, blueberries and watermelon cubes.",322.00,510.00,1.000
dish_1562170356,turkey bacon | pineapple | roasted potatoes,385.33,432.00,"Plate with fried potatoes, bacon, pineapple, strawberries, raspberries and blueberries",435.00,490.00,1.000
dish_1562172561,egg whites,150.80,290.00,A plate of paneer,480.00,200.00,0.000
dish_1562168648,granola,41.59,32.00,A small plate of lettuce salad.,15.00,85.00,0.000
dish_1562172643,egg whites | roasted potatoes | bacon,734.27,457.00,"A breakfast plate with scrambled eggs, bacon, and roasted potatoes.",585.00,305.00,1.000
dish_1562173111,chia seeds,792.18,163.00,Bowl of chia seed pudding with diced apples,278.00,350.00,0.500
dish_1562173175,milk | chia seeds | greek yogurt,165.37,163.00,A bowl of chia seed pudding with chopped apple.,278.00,250.00,0.250
dish_1562173200,pineapple | milk | chia seeds | greek yogurt,213.37,259.00,A bowl of diced pineapple mixed with chia seed pudding.,262.00,300.00,0.500
dish_1562173247,chilaquiles,290.55,149.00,A plate of scrambled eggs with tomatoes.,220.00,180.00,0.000
dish_1562173267,chilaquiles | bacon,409.57,171.00,A breakfast plate containing scrambled eggs and bacon.,380.00,190.00,0.333
dish_1562099134,chicken thighs | cheese pizza,271.64,188.00,"A meal consisting of a mixed greens salad, carrot slices, a chicken drumstick, and a slice of pizza.",520.00,350.00,0.667
dish_1562173411,bacon | sausage,638.26,159.00,Plate of breakfast including bacon and sausage patties.,520.00,180.00,1.000
dish_1562173742,bacon,81.15,15.00,A plate of bacon,137.00,55.00,1.000
dish_1562180025,bacon | chicken | flour,798.91,256.00,Plate of fried chicken with coleslaw and bacon,700.00,250.00,0.500
dish_1562180089,flour | chicken | bacon,851.30,437.00,"A meal consisting of fried chicken, bacon, roasted vegetables, and coleslaw.",750.00,400.00,0.400
dish_1562180157,bacon | chicken | flour,1009.18,557.00,"A plate with fried chicken, bacon, spinach salad, and roasted butternut squash.",1000.00,500.00,0.400
dish_1562181217,chicken | flour,546.48,199.00,A piece of fried fish with a small portion of coleslaw on a white plate.,425.00,200.00,0.000
dish_1562181247,bacon | flour | chicken,660.09,220.00,"Plate with fried chicken, coleslaw, and bacon.",590.00,260.00,0.500
dish_1562181285,flour | chicken | bacon,796.92,324.00,"Fried chicken with coleslaw, bacon, and spinach salad.",915.00,420.00,0.400
dish_1562183065,mushroom,16.50,75.00,A serving of raw mushrooms,11.00,50.00,1.000
dish_1562168800,roasted potatoes | honeydew melons,237.52,242.00,"A plate with roasted potatoes, melon, lettuce, strawberries, and blueberries.",260.00,360.00,0.667
dish_1562183125,mushroom | spinach (raw),88.55,131.00,"A salad with spinach, arugula and mushrooms.",40.00,160.00,0.667
dish_1562183151,mushroom | green beans,108.39,195.00,A plate of assorted vegetables.,135.00,500.00,0.400
dish_1562183175,roasted potatoes | green beans | mushroom,290.28,324.00,"A plate with a variety of vegetables, including green beans, broccoli, carrots, mushrooms, potatoes, arugula, and spinach.",328.00,725.00,0.429
dish_1562183201,pizza | roasted potatoes,558.94,425.00,"A meal consisting of pizza, green beans, broccoli, mushrooms, potatoes and arugula.",555.00,720.00,0.333
dish_1562184604,,211.38,78.00,A plate with a small portion of roast beef.,288.00,120.00,0.000
dish_1562184628,bacon,444.01,121.00,Plate with bacon and roast beef,550.00,175.00,0.500
dish_1562184663,bacon | fish,600.54,271.00,"A plate with bacon, roast beef, and a wheat berry salad with tofu.",648.00,290.00,0.250
dish_1562184705,bacon | fish,635.19,376.00,"A plate with bacon, pork tenderloin, broccoli, green beans, buckwheat and tofu.",730.00,485.00,0.143
dish_1562172600,egg whites | roasted potatoes,263.60,370.00,A plate with scrambled eggs and roasted sweet potatoes.,295.00,250.00,1.000
dish_1562602627,hash browns | sausage,577.18,171.00,Plate with hash browns and sausage,350.00,250.00,1.000
dish_1562602657,hash browns | sausage,610.37,236.00,"A meal containing hash browns, brussel sprouts, and sausage.",680.00,450.00,0.667
dish_1562602687,sausage | hash browns | scrambled eggs,721.37,311.00,"A plate of hash browns, scrambled eggs, brussels sprouts, and sausage.",760.00,450.00,0.750
dish_1562602803,chia seeds | greek yogurt | milk,121.74,120.00,A small portion of chia seeds with a few blackberries,181.00,110.00,0.333
dish_1562602832,greek yogurt | chia seeds | milk,144.18,188.00,Plate of fruit and chia pudding,189.00,230.00,0.333
dish_1562602860,milk | chia seeds | greek yogurt | watermelon,165.18,258.00,"A plate with watermelon, strawberries, blueberries, blackberries, and chia seed pudding.",215.00,355.00,0.500
dish_1562602888,watermelon | egg whites | greek yogurt | chia seeds | milk,209.38,343.00,"A plate with watermelon, strawberries, blueberries, cottage cheese, chia seed pudding, and blackberries.",315.00,460.00,0.333
dish_1562173381,sausage,389.40,113.00,Three sausage patties on a plate,300.00,120.00,1.000
dish_1562602945,greek yogurt | milk | watermelon | sweet potato | egg whites | chia seeds,308.37,492.00,"A plate of fruit, cottage cheese, chia seed pudding and fried plantain",430.00,550.00,0.250
dish_1562183096,mushroom | arugula,41.19,95.00,A plate of mushrooms and arugula.,27.00,125.00,1.000
dish_1562603569,bacon | sweet potato,121.68,62.00,A plate with roasted potatoes and bacon.,350.00,170.00,1.000
dish_1562602589,sausage,365.28,106.00,A few sausage slices.,225.00,75.00,1.000
dish_1562603626,sweet potato | bacon | pineapple,201.76,209.00,Pancakes with bacon and mixed berries and pineapple,443.00,305.00,0.500
dish_1562603536,bacon,75.74,14.00,A serving of bacon,135.00,30.00,1.000
dish_1562603842,hash browns | granola,594.25,237.00,"A simple meal consisting of hash browns, salad, and an unknown small item.",210.00,260.00,0.333
dish_1562603867,hash browns | sausage | granola,1049.12,369.00,"A plate with sausage, salad, and hash browns.",480.00,325.00,0.667
dish_1562603895,hash browns | scrambled eggs | granola | sausage,1268.16,517.00,"Breakfast plate with scrambled eggs, sausage slices, hash browns, and a small mixed greens salad.",770.00,450.00,0.750
dish_1562605315,scrambled eggs,217.56,147.00,A serving of scrambled eggs on a plate.,270.00,200.00,1.000
dish_1562605352,brussels sprouts | scrambled eggs,242.07,195.00,A plate with scrambled eggs and Brussels sprouts.,306.00,300.00,1.000
dish_1562603813,hash browns,475.96,146.00,A serving of hash browns on a white plate.,250.00,150.00,1.000
dish_1562605411,watermelon | brussels sprouts | scrambled eggs | sweet potato,336.49,363.00,"Plate with scrambled eggs, roasted potatoes, Brussel sprouts and watermelon",466.00,500.00,1.000
dish_1562611522,cheese pizza,132.95,50.00,A single slice of pepperoni pizza on a white plate.,220.00,80.00,1.000
dish_1562611580,pepperoni pizza,141.00,50.00,A single slice of pepperoni pizza on a white plate.,280.00,100.00,1.000
dish_1562602918,chia seeds | milk | greek yogurt | sweet potato | watermelon | egg whites,265.62,417.00,"A plate with a variety of fruits, cheese and some fried potatoes.  It contains watermelon, strawberries, blueberries, blackberries, chia seed pudding, halloumi cheese, and fried potatoes",515.00,500.00,0.429
dish_1562603598,bacon | sweet potato,175.26,156.00,"Breakfast with bacon, pancakes, strawberries, blueberries, blackberries and raspberries",280.00,270.00,0.333
dish_1562611680,pepperoni pizza | caesar salad,326.89,256.00,"A plate with caesar salad, a slice of pizza, sliced beef and chicken salad.",800.00,450.00,0.500
dish_1562605384,brussels sprouts | scrambled eggs | sweet potato,306.19,262.00,"A plate of scrambled eggs, roasted potatoes, and Brussels sprouts.",450.00,450.00,1.000
dish_1562611620,pepperoni pizza,199.85,76.00,A small meal consisting of one slice of pepperoni pizza and a slice of beef steak.,310.00,120.00,0.500
dish_1562611649,pepperoni pizza,278.49,146.00,"A meal consisting of a slice of pepperoni pizza, a small cut of steak, and a salad with rice and mushrooms.",520.00,280.00,0.500
dish_1562613010,cod,90.27,128.00,A simple mixed greens salad with grilled halloumi cheese.,180.00,210.00,0.000
dish_1562613045,corn | cod,166.11,207.00,A mixed greens salad with grilled halloumi cheese and corn salad.,370.00,330.00,0.333
dish_1562613285,figs | apple | arugula | lemon juice | goat cheese,111.74,84.00,Arugula salad with carrots and raisins,80.00,135.00,0.143
dish_1562613340,apple | arugula | onions | lemon juice | garlic | cilantro | pineapple | white rice | kale | jalapenos | goat cheese | figs,349.39,189.00,Steak with mixed greens salad and rice,470.00,250.00,0.077
dish_1562611824,chickpeas,192.57,109.00,A mixed green salad with cherry tomatoes and chickpeas,48.00,175.00,0.500
dish_1562613403,squash | jalapenos | lemon juice | cilantro | pineapple | white rice | apple | kale | arugula | broccoli | onions | goat cheese | garlic | figs,398.70,315.00,"Plate of steak, roasted squash, arugula salad and broccoli",350.00,390.00,0.214
dish_1562613867,bulgur | shallots | arugula | lemon juice | apple | garlic,83.89,57.00,Arugula salad,25.00,100.00,0.167
dish_1562613898,broccoli,120.64,162.00,A plate of arugula and broccoli.,80.00,270.00,0.500
dish_1562613918,broccoli | squash,133.66,207.00,"A simple meal of arugula, broccoli and roasted eggplant.",140.00,340.00,0.250
dish_1562613974,chicken thighs | broccoli,416.20,375.00,"A plate of chicken breast with brown rice, squash, arugula, and broccoli.",470.00,520.00,0.400
dish_1562614088,broccoli,23.45,67.00,A small serving of steamed broccoli on a white plate.,17.00,50.00,1.000
dish_1562611853,broccoli | chickpeas,267.21,243.00,"Salad with mixed greens, broccoli and a cherry tomato",63.00,265.00,0.333
dish_1562614158,broccoli,453.93,301.00,"A plate with beef stir fry, broccoli, and spinach",396.00,300.00,0.333
dish_1562614121,broccoli | spinach (raw),123.49,155.00,a plate of spinach and broccoli,34.00,135.00,1.000
dish_1562613376,garlic | kale | jalapenos | arugula | figs | goat cheese | cilantro | onions | lemon juice | squash | apple | white rice | pineapple,371.96,267.00,Steak and squash salad with rice,360.00,350.00,0.154
dish_1562614980,chicken thighs | broccoli,566.15,485.00,"A plate with beef steak, chicken breast, steamed broccoli and mushrooms.",500.00,450.00,0.500
dish_1562611878,chickpeas | broccoli,286.89,311.00,"A salad with mixed greens, roasted butternut squash, broccoli, and a cherry tomato.",139.00,300.00,0.250
dish_1562615103,squash,94.29,110.00,"Salad with chicken, olives, spinach, arugula, roasted butternut squash and cherry tomatoes",188.00,210.00,0.200
dish_1562615128,apple | white rice | squash | garlic | goat cheese | pineapple | kale | jalapenos | lemon juice | onions | arugula | cilantro | figs,397.57,244.00,A meal consisting of beef stir-fry with mixed greens and roasted squash.,500.00,450.00,0.143
dish_1562614895,broccoli,51.80,148.00,A serving of broccoli.,40.00,150.00,1.000
dish_1562614952,broccoli | chicken thighs,548.11,403.00,steak with chicken and broccoli,450.00,360.00,1.000
dish_1562615070,squash,14.47,50.00,Small portion of cooked rice with roasted butternut squash and eggplant,149.00,200.00,0.333
dish_1562615283,pineapple | white rice | lemon juice | jalapenos | kale | onions | garlic | cilantro,176.54,78.00,A small portion of beef slices on a plate.,150.00,60.00,0.000
dish_1562615360,roasted potatoes,331.48,191.00,"A plate with sliced steak, purple sweet potato chunks, and a spinach salad with pecans.",430.00,330.00,0.500
dish_1562615388,roasted potatoes | broccoli,360.18,273.00,"Plate with beef steak, broccoli, purple sweet potato, and spinach salad",480.00,430.00,0.500
dish_1562617370,pepperoni pizza,155.10,55.00,A slice of pepperoni pizza.,280.00,100.00,1.000
dish_1562617395,caesar salad | pepperoni pizza,185.90,125.00,A plate with a slice of pepperoni pizza and a small caesar salad.,425.00,250.00,1.000
dish_1562617416,broccoli | pepperoni pizza | caesar salad,200.95,168.00,"A plate with broccoli, a slice of pizza and Caesar salad.",462.00,300.00,1.000
dish_1562617446,broccoli | roasted potatoes | caesar salad | pepperoni pizza,291.19,232.00,"A plate with a pizza slice, broccoli, caesar salad, and roasted vegetables",625.00,470.00,1.000
dish_1562617492,roasted potatoes | caesar salad | pepperoni pizza | chicken thighs,558.56,373.00,"A diverse plate with grilled chicken, beef, roasted potatoes, broccoli, a pizza slice, and caesar salad.",960.00,595.00,0.667
dish_1562617470,pepperoni pizza | roasted potatoes | chicken thighs | caesar salad,440.87,321.00,"A plate with chicken, broccoli, roasted potatoes, pizza, and Caesar salad.",740.00,600.00,0.800
dish_1562617939,chickpeas,234.97,133.00,A small plate of mixed greens with a few chickpeas.,45.00,115.00,1.000
dish_1562617703,frozen yogurt,179.63,110.00,A bowl of vanilla and chocolate ice cream.,250.00,150.00,0.000
dish_1562686492,chicken apple sausage,160.00,100.00,A plate with sausage pieces.,250.00,100.00,1.000
dish_1562618000,chicken thighs | chickpeas,685.99,448.00,"A salad with mixed greens, grilled chicken, broccoli and brown rice.",323.00,400.00,0.250
dish_1562686520,chicken apple sausage | scrambled eggs,346.48,226.00,A simple breakfast of scrambled eggs and sausage links.,465.00,225.00,1.000
dish_1562686548,scrambled eggs | yam | chicken apple sausage,413.49,280.00,A plate of scrambled eggs with sausage and sweet potato.,530.00,320.00,0.500
dish_1562686577,chicken apple sausage | scrambled eggs | yam,556.56,531.00,"A plate with scrambled eggs, sausage, sweet potato, and mixed fruit.",530.00,460.00,0.400
dish_1562687246,bell peppers,115.42,61.00,Spinach salad with cherry tomatoes and shredded carrots.,29.00,90.00,0.000
dish_1562687274,garlic | bell peppers | cucumbers | radishes,161.02,141.00,"Salad with spinach, carrots, tomatoes, blueberries and strawberries",55.00,145.00,0.000
dish_1562687299,honeydew melons,180.82,196.00,A fruit and spinach salad with shredded carrots and cherry tomatoes.,103.00,280.00,0.000
dish_1562687527,chicken apple sausage | honeydew melons,203.22,210.00,Fruit and vegetable salad with crouton,95.00,265.00,0.000
dish_1562615153,chicken thighs,468.20,286.00,"A plate with sliced beef, rice, butternut squash and salad",600.00,450.00,0.000
dish_1562688382,chicken apple sausage,113.60,71.00,A plate of meatballs.,210.00,100.00,0.000
dish_1562688482,roasted potatoes | chicken apple sausage | grapes,193.46,169.00,"A small plate with grapes, meatballs, and potato.",195.00,195.00,0.500
dish_1562688524,chicken apple sausage | grapes | roasted potatoes | watermelon,215.36,242.00,"A plate of mixed fruits including grapes, watermelon and pineapple.",143.00,325.00,0.400
dish_1562688552,grapes | roasted potatoes | watermelon | chicken apple sausage,235.82,304.00,"A plate of mixed fruit, cheese and meatballs.",210.00,250.00,0.167
dish_1562689519,cottage cheese,169.54,173.00,A bowl of cottage cheese,204.00,200.00,1.000
dish_1562689548,pineapple | cottage cheese,216.54,267.00,A bowl with cottage cheese and pineapple chunks.,185.00,245.00,1.000
dish_1562689601,broccoli,20.61,37.00,Small portion of broccoli.,20.00,60.00,1.000
dish_1562689645,bacon | scrambled eggs,302.43,169.00,"A plate with scrambled eggs, bacon, and broccoli.",370.00,300.00,0.667
dish_1562690047,onions | lime | lettuce | cucumbers | cherry tomatoes,68.64,68.00,"small spinach salad with carrots, cherry tomatoes, and cucumber",21.00,70.00,0.286
dish_1562690074,bacon,263.40,104.00,"Salad with spinach, shredded carrots, cherry tomatoes, cucumber and bacon.",247.00,205.00,0.200
dish_1562690112,chicken apple sausage | bacon,428.20,207.00,"A plate with sausage, bacon, and spinach salad.",550.00,280.00,0.667
dish_1562690144,chicken apple sausage | scrambled eggs | bacon,645.76,354.00,"A breakfast meal with scrambled eggs, sausage, bacon, and a spinach salad.",560.00,375.00,0.750
dish_1562690886,broccoli,20.61,37.00,A small serving of cooked broccoli.,27.00,80.00,1.000
dish_1562690917,broccoli,69.06,122.00,"A light meal with roasted broccoli, strawberries and blueberries.",102.00,210.00,1.000
dish_1562690950,pineapple | broccoli,109.06,202.00,"Plate with broccoli, strawberries, blueberries, pineapple and banana",136.00,300.00,0.667
dish_1562691000,pineapple | scrambled eggs,326.62,349.00,"A breakfast plate with scrambled eggs, broccoli, strawberries, blueberries and pineapple.",365.00,395.00,0.667
dish_1562691032,pineapple | scrambled eggs | roasted potatoes,419.68,415.00,"A breakfast plate with scrambled eggs, roasted potatoes, broccoli, strawberries, pineapple, and blueberries.",542.00,630.00,0.750
dish_1562691064,fried rice | pineapple | scrambled eggs | roasted potatoes,555.30,501.00,"A plate with scrambled eggs, fried rice, roasted potatoes, broccoli, and mixed berries.",765.00,730.00,0.800
dish_1562691383,yam,86.87,70.00,A serving of roasted sweet potatoes,100.00,100.00,0.000
dish_1562691409,yam | scrambled eggs,225.99,164.00,A plate of scrambled eggs and roasted sweet potato.,330.00,280.00,0.333
dish_1562615324,roasted potatoes,258.32,136.00,A plate of beef and purple sweet potato.,319.00,220.00,0.500
dish_1562691466,broccoli | yam | chicken apple sausage | scrambled eggs,319.87,267.00,"Plate of scrambled eggs, sausage, sweet potato and broccoli",545.00,420.00,0.600
dish_1562686664,,119.13,209.00,A plate of blueberries and cut strawberries.,102.00,200.00,
dish_1562691566,broccoli | egg whites,100.61,187.00,"A plate with cooked broccoli and fish, and a small piece of butter",195.00,295.00,0.250
dish_1562687554,waffles | chicken apple sausage,409.33,281.00,Waffle with fruit and spinach salad,407.00,455.00,0.500
dish_1562691674,sweet potato | broccoli | egg whites | yam | greek yogurt | chicken apple sausage | milk,376.98,435.00,"A meal consisting of broccoli, mashed cauliflower, mashed potatoes, sweet potatoes, and sausage.",506.00,575.00,0.375
dish_1562691441,broccoli | scrambled eggs | yam,263.87,232.00,"A meal consisting of scrambled eggs, roasted sweet potatoes and broccoli.",350.00,350.00,0.500
dish_1562691737,broccoli | egg whites | yam | chicken apple sausage | sweet potato | watermelon | pineapple,485.68,700.00,Assorted cooked and raw vegetables and fruits with chia seed pudding.,414.00,715.00,0.400
dish_1562691538,egg whites,49.92,96.00,"A light meal with mozzarella cheese, roasted broccoli and sweet potato.",377.00,230.00,0.000
dish_1562698132,lentils | squash | fish,128.10,178.00,A meal consisting of cooked fish and mixed vegetables.,224.00,350.00,0.167
dish_1562698209,millet | beef,284.13,135.00,Two pieces of cooked pork chop,275.00,125.00,0.000
dish_1562698239,beef | white rice,407.63,230.00,A plate of rice and roasted meat.,447.00,300.00,0.500
dish_1562698276,broccoli | white rice | beef,434.58,307.00,"A plate of rice, pork and broccoli",443.00,350.00,0.500
dish_1562699570,brown rice,24.42,22.00,Small portion of brown rice on a white plate.,81.00,70.00,1.000
dish_1562699612,brown rice | quinoa,98.39,74.00,A plate with brown rice and couscous.,382.40,240.00,0.500
dish_1562699652,brown rice | quinoa,132.18,103.00,A simple meal of brown rice and spinach.,223.00,210.00,0.333
dish_1562699699,quinoa | beef | brown rice,372.11,217.00,"Plate with beef cubes, spinach, and brown rice",465.00,340.00,0.500
dish_1562700496,cauliflower,31.00,124.00,A small serving of boiled cauliflower.,33.00,100.00,1.000
dish_1562700568,fish | cauliflower | lentils,246.86,318.00,"Healthy meal with fish, brown rice, arugula salad and cauliflower",470.00,570.00,0.400
dish_1562691613,egg whites | broccoli | yam | sweet potato,213.67,300.00,"A plate with broccoli, cod and sweet potatoes",280.00,390.00,0.400
dish_1562700685,mushroom,24.20,110.00,A plate of sauteed mushrooms with scattered seeds.,180.00,260.00,1.000
dish_1562700718,mushroom | beef | millet,329.38,255.00,Pork tenderloin with mushrooms and bell pepper,253.00,410.00,0.200
dish_1562700760,beef | cauliflower | mushroom,370.13,418.00,"A plate with cauliflower, mushrooms, and beef.",369.00,425.00,1.000
dish_1562698100,squash,24.02,83.00,A small plate of feijoa slices.,34.00,80.00,0.000
dish_1562700906,squash | cauliflower,59.64,222.00,Plate of cooked yellow squash and cauliflower,70.00,250.00,1.000
dish_1562700931,squash | cauliflower,164.23,312.00,"Salad with arugula, yellow squash, cauliflower and radishes",135.00,370.00,0.500
dish_1562700957,fish | squash | cauliflower | lentils,286.93,424.00,"A plate with fish, green salad, yellow squash, and cauliflower.",320.00,425.00,0.750
dish_1562701956,cherry tomatoes,6.84,38.00,small serving of cherry tomatoes,15.00,100.00,1.000
dish_1562702007,cherry tomatoes | squash,24.78,100.00,zucchini with tomatoes and carrot,42.00,155.00,0.250
dish_1562702044,squash | cherry tomatoes | cauliflower,44.03,177.00,"A plate of zucchini, cauliflower, and cherry tomatoes.",45.00,185.00,0.500
dish_1562702091,cherry tomatoes | cauliflower | squash,86.53,214.00,"A simple salad with mixed greens, shredded carrots, cherry tomatoes, cooked cauliflower, squash and pineapple.",84.00,260.00,0.600
dish_1562691705,yam | egg whites | milk | greek yogurt | sweet potato | watermelon | broccoli | chicken apple sausage,412.68,554.00,"A plate with broccoli, sweet potato cubes, watermelon, mashed cauliflower and chia seeds pudding.",359.00,530.00,0.300
dish_1562702355,lettuce,68.88,99.00,"Salad with mixed greens, olives, feta cheese and pine nuts",129.00,145.00,0.000
dish_1562700885,cauliflower,29.25,117.00,A serving of cooked cauliflower,30.00,100.00,1.000
dish_1562702412,cauliflower | quinoa,183.39,285.00,"A salad with cauliflower, couscous, mixed greens and feta cheese.",350.00,415.00,0.333
dish_1562702441,cauliflower | quinoa | watermelon,209.19,371.00,"A salad with couscous, cauliflower, mixed greens, watermelon and feta cheese.",292.00,365.00,0.500
dish_1562700593,cauliflower | fish | lentils | beef,385.77,384.00,"Plate with beef, rice salad, arugula and cauliflower.",435.00,445.00,0.333
dish_1562702813,lettuce,41.05,59.00,A small salad with lettuce and olives,34.00,80.00,1.000
dish_1562702379,lettuce | cauliflower,100.88,227.00,"Salad with cauliflower, mixed greens, olives, feta and walnuts.",197.00,287.00,0.250
dish_1562702892,fish | beef | lentils,457.71,338.00,"A meal with cooked fish, beef, lettuce salad, corn and quinoa salad and caramelized onions.",605.00,500.00,0.333
dish_1562703345,pizza,154.28,58.00,A slice of pizza on a white plate.,280.00,100.00,1.000
dish_1562703382,pizza,203.87,145.00,A slice of pizza with a side of mixed berries.,332.00,215.00,1.000
dish_1562702132,fish | squash | lentils | cauliflower,245.39,359.00,"A mixed salad with fish, pineapple and cauliflower.",320.00,480.00,0.286
dish_1562703447,beef | pizza,384.43,259.00,A light meal consisting of a slice of quiche and a mixed green salad.,300.00,250.00,0.000
dish_1562704528,cheese pizza,148.90,56.00,A single slice of pizza,200.00,75.00,1.000
dish_1562704564,cheese pizza | beef,292.02,124.00,A plate with beef slices and a pizza slice,485.00,200.00,1.000
dish_1562704616,squash | beef | cheese pizza,317.78,213.00,"A meal consisting of steak, pizza, and cooked zucchini.",550.00,320.00,0.250
dish_1562702853,beef,272.57,169.00,"Plate with beef stew, mixed green salad, and olives",340.00,280.00,1.000
dish_1562704665,cheese pizza | caesar salad | beef,387.84,399.00,"A plate containing steak, cauliflower, pizza, zucchini and Caesar salad",845.00,780.00,0.400
dish_1562774099,granola,51.99,40.00,A small mixed green salad on a white plate.,20.00,100.00,0.000
dish_1562702469,quinoa | cauliflower | beef,541.73,529.00,"A plate with beef, barley, cauliflower, tomato salad and caramelized onions",630.00,640.00,0.333
dish_1562774159,cantaloupe,90.76,129.00,"A light salad with mixed greens, cantaloupe, strawberries, and blueberries.",112.00,300.00,1.000
dish_1562774180,cantaloupe | roasted potatoes,164.08,181.00,Fruit and salad plate with roasted potatoes.,165.00,380.00,1.000
dish_1562774206,scrambled eggs | roasted potatoes | cantaloupe,298.76,272.00,"A plate with cantaloupe, strawberries, blueberries, mixed green salad, roasted potatoes, and scrambled eggs.",396.00,550.00,1.000
dish_1562774346,cheese | scrambled eggs,422.65,264.00,A plate of scrambled eggs topped with shredded cheddar cheese and tomato sauce.,409.00,260.00,0.667
dish_1562774475,sausage | roasted potatoes,320.96,128.00,A small plate with pieces of cooked sausage and potatoes.,300.00,210.00,1.000
dish_1562703408,pizza | beef,311.21,196.00,"A plate with pizza, steak, raspberries and blackberries.",510.00,340.00,0.500
dish_1562774531,sausage | roasted potatoes,379.82,254.00,"A plate of roasted potatoes, sausage, watermelon, strawberries and blueberries.",360.00,400.00,0.667
dish_1562774980,oatmeal,136.68,201.00,A bowl of oatmeal with goji berries.,180.00,220.00,0.500
dish_1562775047,oatmeal,284.88,461.00,oatmeal with berries,250.00,425.00,1.000
dish_1562775110,honeydew melons,101.52,282.00,A bowl of mixed honeydew and watermelon.,78.00,220.00,0.500
dish_1562775212,oatmeal,92.48,136.00,A bowl of oatmeal,210.00,200.00,1.000
dish_1562775241,oatmeal,140.36,220.00,Bowl of oatmeal with strawberries and blueberries,195.00,350.00,1.000
dish_1562774129,granola,73.08,77.00,"A small salad with mixed greens, blueberries, and strawberries.",45.00,160.00,0.000
dish_1562775356,scrambled eggs,177.60,120.00,A serving of scrambled eggs on a white plate.,206.00,150.00,1.000
dish_1562775373,bacon | scrambled eggs,329.08,148.00,Scrambled eggs with bacon,315.00,195.00,1.000
dish_1562704640,beef | squash | cheese pizza,333.28,275.00,"A plate with beef, mashed potatoes, pizza, and zucchini.",605.00,475.00,0.400
dish_1562775488,egg whites | sweet potato,91.24,145.00,A plate with fried tofu and mozzarella.,350.00,140.00,0.000
dish_1562775510,egg whites | sweet potato | brussels sprouts,114.22,190.00,"Tofu, fish, and brussels sprouts",285.00,350.00,0.200
dish_1562775549,egg whites | brussels sprouts | sweet potato | cottage cheese,174.98,252.00,"A plate with tofu cubes, Brussels sprouts, cottage cheese, and egg whites.",257.00,380.00,0.600
dish_1562775574,egg whites | brussels sprouts | sweet potato | cottage cheese | pineapple,242.48,387.00,"Plate of pineapple, roasted potatoes, brussel sprouts, mozzarella and cottage cheese.",388.00,475.00,0.667
dish_1562774504,sausage | roasted potatoes,335.36,176.00,"A light meal consisting of sausages, potatoes, and watermelon.",400.00,330.00,0.667
dish_1562776465,sweet potato | brussels sprouts,173.43,212.00,Roasted brussel sprouts and roasted potatoes on a plate.,250.00,350.00,1.000
dish_1562776497,brussels sprouts | sweet potato | scrambled eggs,291.83,292.00,"A plate with scrambled eggs, roasted potatoes and roasted brussel sprouts.",425.00,400.00,1.000
dish_1562777000,scrambled eggs,195.36,132.00,A plate of scrambled eggs.,206.00,150.00,1.000
dish_1562777037,brussels sprouts | scrambled eggs,215.27,171.00,A plate of scrambled eggs with brussels sprouts.,315.00,300.00,1.000
dish_1562777068,brussels sprouts | scrambled eggs,236.72,236.00,"A breakfast plate with scrambled eggs, Brussels sprouts, strawberries and a blueberry.",370.00,410.00,1.000
dish_1562777099,sweet potato | scrambled eggs | brussels sprouts,303.72,306.00,"Breakfast plate with scrambled eggs, roasted potatoes, strawberries, brussels sprouts, and a blueberry",456.00,471.00,1.000
dish_1562777566,toast,263.00,84.00,Toast with jam and strawberries,230.00,210.00,0.500
dish_1562783605,,75.60,270.00,A mixed green salad with shredded carrots and red cabbage.,55.00,225.00,0.000
dish_1562783691,grilled chicken,421.69,423.00,Mixed green salad with tofu,272.00,405.00,0.000
dish_1562784242,pizza,85.12,32.00,A single slice of pizza on a white plate.,200.00,75.00,1.000
dish_1562775456,sweet potato,50.16,66.00,Small portion of fried tofu on a plate.,75.00,30.00,0.000
dish_1562784307,pizza | eggplant | corn on the cob,158.52,157.00,"A plate containing a slice of corn, a slice of pizza, and a portion of roasted eggplant.",325.00,275.00,1.000
dish_1562784347,pizza | corn on the cob | eggplant | bulgur,315.99,264.00,"A plate with pizza slice, grilled eggplant, a mixed green salad, and a corn on the cob slice.",338.00,302.00,0.750
dish_1562776428,brussels sprouts,33.70,66.00,Plate of Brussels sprouts,74.00,130.00,1.000
dish_1562785132,fish | country rice,211.54,192.00,"A meal consisting of fried fish with grains, sauce, and greens.",705.00,360.00,0.333
dish_1562785159,caesar salad | country rice | fish,265.66,315.00,A plate with fried tofu and caesar salad.,550.00,350.00,0.250
dish_1562775275,cantaloupe | oatmeal,173.68,318.00,A bowl of oatmeal with mixed fruits.,246.00,400.00,1.000
dish_1562785328,bulgur,133.92,91.00,A mixed green salad with cherry tomatoes.,25.00,125.00,0.000
dish_1562784266,corn on the cob | pizza,131.80,76.00,A plate with a slice of corn on the cob and a pizza slice.,230.00,140.00,1.000
dish_1562786103,frozen yogurt,93.08,57.00,A bowl of peanut butter.,475.00,80.00,0.000
dish_1562787745,garlic | bulgur | shallots | lemon juice | arugula | apple,85.36,58.00,"A light salad with cauliflower, mixed greens, and radish.",37.00,110.00,0.000
dish_1562787783,pilaf,114.01,76.00,"A simple meal consisting of bulgur, mixed greens, cauliflower and radishes.",207.00,235.00,0.000
dish_1562787817,pilaf | pork,348.90,184.00,"A plate with pork loin, couscous, and a mixed greens salad.",458.00,360.00,0.333
dish_1562787848,pilaf | pork | corn on the cob,416.80,248.00,"Pork loin with corn, bulgur, cauliflower and mixed greens salad.",523.00,425.00,0.400
dish_1562787956,caesar salad,26.84,61.00,A simple salad with romaine lettuce and creamy dressing.,80.00,150.00,0.000
dish_1562787983,caesar salad | cantaloupe,56.76,149.00,A small plate containing cantaloupe pieces and salad with dressing.,131.00,350.00,0.500
dish_1562788010,caesar salad | eggplant | cantaloupe,67.64,182.00,"Salad with cantaloupe, eggplant and lettuce",113.00,315.00,0.500
dish_1562785369,bulgur | pork,440.58,232.00,"A plate with grilled pork loin, salad and broccoli.",320.00,350.00,0.333
dish_1562788506,corn on the cob,114.59,108.00,Two pieces of cooked corn on the cob on a white plate.,80.00,80.00,1.000
dish_1562788536,pilaf | corn on the cob,245.13,190.00,"A plate with brown rice, mixed vegetables and corn on the cob.",418.00,410.00,0.250
dish_1562788568,pilaf | corn on the cob | fish,289.20,230.00,"A plate with brown rice, fish, vegetables and corn.",554.00,505.00,0.400
dish_1562788601,fish | corn on the cob | pork | pilaf,413.17,287.00,"A meal consisting of grilled chicken breast, brown rice with vegetables, and corn on the cob.",640.00,450.00,0.167
dish_1562784388,corn on the cob | pilaf | pizza | bulgur,465.64,358.00,"A plate with bulgur, mixed green salad, a slice of pizza, roasted eggplant, and a slice of corn on the cob.",690.00,480.00,0.600
dish_1562788760,pork | fish,331.32,178.00,A plate with roast pork and spinach lasagna.,530.00,270.00,0.333
dish_1562788794,white rice | pork | fish,465.22,281.00,"A plate with pork loin, rice, and a spinach casserole.",600.00,400.00,0.500
dish_1562788816,pork | corn on the cob | fish | white rice,506.60,320.00,"A plate of pork loin slices, rice, corn and casserole.",658.00,450.00,0.600
dish_1562788845,white rice | corn on the cob | fish | pork,529.48,372.00,"Plate of pork loin with rice, corn, stuffing and Caesar salad.",870.00,545.00,0.500
dish_1562789207,cheese pizza,146.24,55.00,A single slice of pizza on a white plate.,285.00,100.00,1.000
dish_1562789240,cheese pizza | pork,361.56,154.00,A plate with a slice of pizza and a piece of baked chicken breast.,492.00,220.00,0.333
dish_1562788032,caesar salad | cantaloupe | pork | eggplant,137.24,214.00,"Salad with cantaloupe, grilled eggplant, pork tenderloin, and romaine lettuce",315.00,435.00,0.600
dish_1562789301,caesar salad | corn on the cob | cheese pizza | pork,606.91,435.00,"A meal consisting of pizza, corn on the cob, grilled chicken, and salad.",815.00,650.00,0.400
dish_1562785184,caesar salad | country rice | eggplant | fish,290.40,390.00,"A plate with fried tofu and sauce, roasted eggplant, and a small caesar salad.",660.00,600.00,0.400
dish_1562790170,arugula,103.69,84.00,Arugula salad with tomatoes and feta cheese.,80.00,165.00,0.333
dish_1562788732,fish,57.29,52.00,A small portion of lasagna with visible green spinach.,150.00,75.00,0.000
dish_1562789268,pork | corn on the cob | cheese pizza,569.51,350.00,"A meal consisting of grilled chicken breast, corn on the cob, and a slice of pizza.",584.00,355.00,0.500
dish_1562790224,walnuts,312.75,116.00,Arugula salad with walnuts and feta cheese,200.00,85.00,0.333
dish_1562790295,walnuts | grilled chicken,538.71,268.00,"Salad with arugula, eggplant, chicken breast and walnuts.",365.00,420.00,0.500
dish_1562790321,walnuts | pizza | grilled chicken,767.47,354.00,"Salad with mixed greens, grilled eggplant, chicken, walnuts and roasted sweet potato.",390.00,420.00,0.400
dish_1562790824,country rice | fish,437.07,368.00,Tofu scramble with a side of spinach salad,280.00,275.00,0.000
dish_1562789328,tofu | corn on the cob | pork | caesar salad | cheese pizza,656.55,503.00,"A plate with corn on the cob, pizza slice, salad, cooked chicken breast and tofu with roasted vegetables.",921.00,730.00,0.500
dish_1562859116,scrambled eggs,145.04,98.00,A plate of scrambled eggs,270.00,200.00,1.000
dish_1562790775,bell peppers | cucumbers | garlic | radishes,75.69,40.00,Spinach salad with carrots and sesame seeds,42.00,87.00,0.000
dish_1562860073,scrambled eggs | bacon,357.81,259.00,"Breakfast with bacon, eggs, and berries",398.00,330.00,1.000
dish_1562860700,pineapple,23.50,47.00,Small serving of pineapple chunks.,68.00,100.00,1.000
dish_1562860723,pineapple,87.91,160.00,"Fruit salad with pineapple, strawberries, and blueberries.",111.00,250.00,1.000
dish_1562861103,bell peppers,94.61,50.00,A light spinach and carrot salad,28.00,80.00,0.000
dish_1562790855,fish | pork | country rice,739.38,507.00,"A meal consisting of pork tenderloin, spinach, and tofu scramble.",484.00,363.00,0.200
dish_1562861174,egg whites | bacon,401.80,274.00,"Plate of mashed potatoes with bacon, shredded carrots and spinach",380.00,330.00,0.200
dish_1562862493,scrambled eggs,198.32,134.00,A plate of scrambled eggs.,288.00,240.00,1.000
dish_1562862550,cream cheese | scrambled eggs | bagels,364.52,257.00,"A breakfast plate with scrambled eggs, strawberries, and an english muffin with cream cheese.",500.00,375.00,0.667
dish_1562860045,scrambled eggs | bacon,280.29,123.00,A plate of scrambled eggs and bacon.,344.00,200.00,1.000
dish_1562871363,white rice | cheese pizza,245.87,140.00,A slice of pizza and a small portion of rice.,490.00,250.00,1.000
dish_1562871408,cheese pizza | squash | white rice,271.34,228.00,"A plate with pizza, rice and squash",620.00,450.00,1.000
dish_1562871297,cheese pizza,124.97,47.00,A slice of pizza on a plate,350.00,140.00,1.000
dish_1562871488,white rice | mushroom | squash | brussels sprouts | cheese pizza,321.59,393.00,"A meal consisting of a slice of pizza, cooked rice, mushrooms, zucchini, and brussels sprouts.",652.00,600.00,0.667
dish_1562790259,walnuts | grilled chicken,518.59,207.00,Chicken and walnut salad with arugula,378.00,180.00,0.667
dish_1562871731,bok choy,17.03,131.00,Small bowl of bok choy.,40.00,200.00,1.000
dish_1562872150,mushroom,7.48,34.00,Four small cooked mushrooms on a plate.,11.00,50.00,1.000
dish_1562872182,mushroom | bok choy,41.54,296.00,A plate of bok choy with potatoes and mushrooms,129.00,325.00,0.667
dish_1562872223,chicken | bok choy,306.86,468.00,"A plate with chicken, bok choy, and mushrooms",500.00,400.00,0.667
dish_1562861125,egg whites,190.81,235.00,"Salad with spinach, shredded carrots and mozzarella cheese.",308.00,180.00,0.000
dish_1562872396,chicken | bok choy,179.56,186.00,A plate of chicken wings and bok choy.,270.00,200.00,1.000
dish_1562872432,chicken,259.08,257.00,"A plate with couscous, chicken wing, and stir-fried bok choy.",443.00,405.00,0.500
dish_1562872470,fish | chicken,286.38,282.00,"A plate with couscous, chicken, beef, bok choy, and a tomato.",640.00,450.00,0.200
dish_1562872498,chicken,306.26,320.00,"A plate with couscous, green beans, bok choy, and chicken",460.00,350.00,0.333
dish_1562872662,corn | fish,133.22,122.00,A piece of cooked salmon topped with cooked bulgur and garnished with some greens.,355.00,210.00,0.000
dish_1562871448,white rice | squash | cheese pizza | brussels sprouts,295.85,276.00,"A meal consisting of a pizza slice, rice, roasted brussel sprouts, and squash.",611.00,370.00,1.000
dish_1562872365,bok choy,9.88,76.00,A plate with bok choy.,20.00,100.00,1.000
dish_1562872945,corn | fish,258.60,234.00,A meal with potato salad and baked fish,500.00,400.00,0.333
dish_1562872981,corn | fish,268.32,288.00,"A meal consisting of cherry tomatoes, pasta salad, and fish with sauce.",480.00,500.00,0.250
dish_1562873002,fish | corn,278.26,307.00,"A plate with green beans, cherry tomatoes, potato salad, and baked fish with vegetables.",495.00,500.00,0.200
dish_1562873028,fish | corn,280.34,320.00,"A plate with cherry tomatoes, green beans, pickled cucumber, pasta salad, and baked tofu.",525.00,675.00,0.000
dish_1562873155,green beans,41.34,79.00,Plate of cooked green beans.,31.00,100.00,1.000
dish_1562873187,green beans | bok choy,64.22,255.00,A simple meal consisting of bok choy and green beans.,45.00,250.00,1.000
dish_1562872746,fish | corn | arugula,242.36,203.00,"A salad with cooked grains and corn, topped with a mandarin orange segment.",295.00,280.00,0.250
dish_1562873264,fish | country rice,503.60,595.00,"A meal consisting of fried fish with peanut sauce, brown rice, bok choy, and a green bean.",829.00,525.00,0.500
dish_1562871537,white rice | grilled chicken | cheese pizza,685.77,554.00,"Plate with chicken, vegetables, rice and a slice of pizza",776.00,650.00,0.500
dish_1562872914,fish | corn,135.40,124.00,"A meal with fried fish, tomatoes, and pickles.",320.00,280.00,0.250
dish_1562873544,fish | cheese pizza | caesar salad,193.61,201.00,"A plate with salad, a slice of pizza, and fish.",605.00,370.00,0.667
dish_1562873224,fish | corn | green beans | bok choy,261.86,436.00,"A plate with fried fish covered in sauce, served with bok choy and yardlong beans.",395.00,350.00,0.750
dish_1562873495,caesar salad | cheese pizza,140.11,152.00,A meal consisting of a mixed greens salad and a slice of pizza.,250.00,225.00,0.500
dish_1562873416,caesar salad,52.36,119.00,Small mixed green salad with cherry tomatoes,40.00,130.00,0.000
dish_1562874049,cheese pizza,412.14,155.00,Four slices of cheese pizza.,400.00,150.00,1.000
dish_1562874203,sour cream | corn | fish,362.52,332.00,Plate of tofu with grains and vegetables,400.00,450.00,0.000
dish_1562874250,fish | corn | sour cream,394.44,393.00,A plate of tofu with corn salad and green beans.,480.00,700.00,0.200
dish_1562874282,corn | caesar salad | sour cream | fish,427.88,469.00,"A plate with tofu, green beans, grain salad and lettuce.",430.00,550.00,0.000
dish_1562875159,pizza,260.68,98.00,A single slice of pizza with toppings.,280.00,100.00,1.000
dish_1562873790,lettuce | lime | onions | cucumbers | cherry tomatoes,75.71,75.00,A simple salad of mixed greens.,20.00,100.00,0.000
dish_1562875241,chicken | pizza,479.69,275.00,"A plate with fried chicken, pizza, and salad.",880.00,400.00,0.500
dish_1562875273,pizza | chicken,495.91,306.00,"A plate with a portion of chicken (breast and leg), green beans, a caesar salad and a slice of pizza with sausage and red onions",861.00,520.00,0.400
dish_1562873814,green beans,106.58,134.00,A simple salad with green beans and mixed greens.,45.00,170.00,1.000
dish_1562875833,corn | fish,156.15,143.00,A portion of cooked salmon.,270.00,150.00,0.000
dish_1562875870,fish | corn,256.95,233.00,"A plate with salmon, couscous and a cherry tomato",429.00,265.00,0.000
dish_1562875898,bok choy | corn | fish,271.12,342.00,"Plate of food with couscous, fish, bok choy, and tomato",385.00,400.00,0.500
dish_1562875940,country rice | fish,386.67,418.00,"A meal with brown rice, couscous, fish, bok choy, and tomato.",537.00,480.00,0.500
dish_1562876494,chicken,40.11,26.00,"A plate with some chicken pieces, roasted squash, green beans and couscous.",150.00,110.00,0.333
dish_1562875211,pizza | caesar salad,282.24,147.00,A meal consisting of a slice of pizza and a small caesar salad.,500.00,250.00,1.000
dish_1562873838,chicken,427.44,342.00,Chicken breast with mixed greens and green beans,330.00,350.00,0.500
dish_1562876645,chicken | cheese pizza,220.77,112.00,A plate with fried chicken leg and a slice of pizza.,450.00,180.00,1.000
dish_1562876674,cheese pizza | chicken | country rice,289.19,157.00,"A meal consisting of a chicken leg, rice with vegetables, and a slice of pizza.",700.00,350.00,1.000
dish_1562876709,chicken | cheese pizza | country rice,304.37,186.00,"A meal consisting of a fried chicken drumstick, rice pilaf, green beans, and a slice of pizza.",680.00,430.00,0.750
dish_1562876732,cheese pizza | caesar salad | country rice | chicken,350.57,291.00,"A plate with fried chicken, brown rice, green beans, caesar salad, and a slice of pizza.",820.00,580.00,0.800
dish_1562876756,cheese pizza | caesar salad | chicken | country rice,354.60,322.00,"A plate with rice, fried chicken, pizza slice, green beans, zucchini and Caesar salad.",890.00,635.00,0.667
dish_1562945131,broccoli,37.32,67.00,A plate with a small serving of broccoli.,30.00,100.00,1.000
dish_1562945186,broccoli | greek yogurt | chia seeds | milk,191.53,219.00,"A plate of oatmeal with banana and broccoli, and a side of grapes, raspberries and blueberries.",339.00,515.00,0.143
dish_1562876618,cheese pizza,114.34,43.00,A slice of pizza,210.00,80.00,1.000
dish_1562945393,chia seeds | broccoli | greek yogurt | egg whites | sweet potato | milk,319.39,401.00,"A meal consisting of cottage cheese, ground meat, banana slices, roasted potatoes, and broccoli.",480.00,405.00,0.250
dish_1562876531,chicken | caesar salad,66.07,85.00,Caesar salad on a plate,135.00,115.00,0.250
dish_1562945499,broccoli | greek yogurt | sweet potato | grapes | chia seeds | milk | egg whites,454.51,625.00,"A healthy breakfast of oatmeal with berries, yogurt, grapes and broccoli.",325.00,530.00,0.375
dish_1562945779,granola,37.70,29.00,A small salad of mixed greens on a white plate.,35.00,100.00,0.000
dish_1562945803,honeydew melons,50.30,64.00,Salad with mixed greens and melon cubes,55.00,180.00,1.000
dish_1562945823,honeydew melons | cantaloupe,62.20,99.00,"A light salad with mixed greens, cantaloupe, and honeydew melon.",90.00,300.00,1.000
dish_1562945851,cantaloupe | honeydew melons,91.27,150.00,Fruit and salad mix,133.00,355.00,1.000
dish_1562945879,succotash | cantaloupe | honeydew melons,174.43,234.00,"A plate with mixed greens, diced melon, cantaloupe, corn and black bean salsa, blueberries, and strawberries.",230.00,480.00,0.500
dish_1562875320,chicken | country rice | pizza,603.86,377.00,"A plate with chicken, pizza, rice, salad and vegetables",962.00,830.00,0.429
dish_1562946006,sausage | scrambled eggs,535.98,224.00,A plate of scrambled eggs and sausage.,475.00,275.00,1.000
dish_1562945332,chia seeds | broccoli | greek yogurt | egg whites | milk,246.65,325.00,"Plate of cottage cheese, oatmeal with banana, and broccoli",330.00,400.00,0.125
dish_1562946106,sausage | scrambled eggs,578.96,359.00,"A breakfast plate with scrambled eggs, sausage, watermelon, and cantaloupe.",498.00,555.00,0.500
dish_1562947020,scrambled eggs | cheese,533.12,333.00,A plate of scrambled eggs mixed with shredded carrots.,247.00,200.00,0.500
dish_1562947376,pineapple,36.50,73.00,A plate of pineapple chunks.,50.00,100.00,1.000
dish_1562947409,pineapple,103.19,190.00,"A plate of pineapple chunks, strawberries, and blueberries.",110.00,280.00,1.000
dish_1562947436,sausage | pineapple,282.38,242.00,"Plate with dates, strawberries, blueberries, and pineapple",169.00,261.00,0.333
dish_1562947469,roasted potatoes | pineapple | sausage,392.36,320.00,"A plate of breakfast food including sausage, pineapple, blueberries, and strawberries.",251.00,340.00,0.667
dish_1562947503,sausage | roasted potatoes | egg whites | pineapple,438.12,408.00,"A plate with sausage, pineapple, blueberries, strawberries and cheese.",448.00,430.00,0.400
dish_1562946075,sausage | scrambled eggs,557.88,297.00,"A plate of scrambled eggs, sausage, and watermelon.",509.00,340.00,0.667
dish_1562947885,grapes,215.97,313.00,A bowl of mixed grapes,69.00,115.00,1.000
dish_1562949162,bacon,64.92,12.00,Two strips of bacon on a plate.,135.00,30.00,1.000
dish_1562949205,cantaloupe | bacon,80.22,57.00,A small plate with cantaloupe and bacon.,166.00,125.00,1.000
dish_1562949242,bacon | cantaloupe | sweet potato,139.56,119.00,"A plate of cantaloupe, potatoes, and bacon",242.00,220.00,1.000
dish_1562949467,bok choy,24.66,72.00,Small serving of cooked bok choy,10.00,50.00,1.000
dish_1562949494,bok choy,68.55,149.00,"A plate with a small serving of raspberries, mulberries, and zucchini",46.00,105.00,0.000
dish_1562949541,turkey bacon | scrambled eggs,494.23,374.00,"Breakfast plate with scrambled eggs, sausage, berries, and bok choy",654.00,505.00,0.250
dish_1562950018,roasted potatoes,200.22,142.00,A plate of roasted potatoes,140.00,150.00,1.000
dish_1562950057,scrambled eggs | roasted potatoes,320.10,223.00,A plate with scrambled eggs and roasted potatoes.,362.00,300.00,1.000
dish_1562950091,roasted potatoes | scrambled eggs | sausage,550.98,290.00,"Plate of scrambled eggs, potatoes and sausage.",490.00,370.00,1.000
dish_1562950895,sweet potato,137.82,144.00,A serving of roasted potatoes.,195.00,150.00,1.000
dish_1562950934,sweet potato | egg whites,304.22,464.00,A plate of scrambled eggs and diced fried potatoes.,391.00,250.00,1.000
dish_1562956486,tofu,103.66,142.00,Tofu with mushrooms and cherry tomatoes,135.00,250.00,0.333
dish_1562956510,pork | tofu,221.17,199.00,"A dish with beef, tofu, mushrooms, rice and tomatoes",545.00,350.00,0.167
dish_1562958445,,24.15,21.00,Six dates on a white plate.,119.00,48.00,0.000
dish_1562947598,cantaloupe,87.72,258.00,A bowl of cut cantaloupe pieces.,136.00,340.00,1.000
dish_1562958603,chicken salad | chickpeas,171.84,93.00,"Plate of chicken salad, chickpeas and kalamata olives",320.00,175.00,0.667
dish_1562958629,chicken salad | chickpeas | artichokes,208.97,172.00,"A plate with chicken salad, artichoke hearts, chickpeas, and olives.",460.00,350.00,0.750
dish_1562958721,carrot | cabbage | rice noodles,125.72,167.00,A small portion of mixed salad with watermelon radish.,120.00,200.00,0.000
dish_1562958775,rice noodles,227.18,251.00,"salad with cabbage, chard, and radishes",110.00,350.00,0.000
dish_1562945445,sweet potato | broccoli | greek yogurt | egg whites | milk | chia seeds | grapes,362.17,463.00,"a plate of mixed food including cottage cheese, grapes, potatoes, banana and broccoli",523.00,517.00,0.333
dish_1562958998,quinoa | fish,109.09,104.00,Breaded fish with tomato sauce and a small amount of arugula,282.00,210.00,0.250
dish_1562959024,quinoa | pizza | fish,319.23,183.00,Plate with breaded cutlets and pizza slices.,705.00,340.00,0.200
dish_1562959059,pizza | fish | roasted potatoes,365.76,216.00,"A plate with breaded chicken cutlet, pizza and potatoes.",565.00,280.00,0.400
dish_1562959103,parsnips | roasted potatoes | pizza | fish,395.01,255.00,"A plate with breaded chicken, pizza slices, potatoes and turnip",725.00,530.00,0.333
dish_1562959129,fish | pizza | parsnips | roasted potatoes,412.87,293.00,"A plate with breaded fish, artichoke hearts, roasted potatoes, and pizza.",760.00,470.00,0.600
dish_1562959190,fish | roasted potatoes | pizza | parsnips,518.80,378.00,"Assorted meal with breaded chicken, salad, artichoke hearts, roasted potatoes and pizza.",760.00,520.00,0.333
dish_1562959295,radishes,3.04,19.00,A few radish slices on a plate.,3.00,50.00,0.000
dish_1562959344,radishes | cucumbers,5.54,44.00,Radish and cucumber slices,6.00,30.00,1.000
dish_1562959379,radishes | arugula,57.07,85.00,"Arugula salad with sliced cucumber, radish, feta cheese and lime wedge",46.00,145.00,0.167
dish_1562945900,honeydew melons | succotash | roasted potatoes,240.70,281.00,"A plate with a variety of fruits, vegetables and a black bean and corn salsa",262.00,455.00,0.400
dish_1562959517,spinach (raw) | arugula | chard | cherry tomatoes | pumpkin seeds | carrot | lettuce | figs | cucumbers,91.14,74.00,A small portion of mixed green salad with some dressing.,20.00,100.00,0.000
dish_1562959547,fish,165.62,145.00,A plate with fried cauliflower and a mixed green salad.,280.00,250.00,0.000
dish_1562959570,fish | pork,311.99,216.00,"A meal with potatoes, chicken and salad.",505.00,550.00,0.000
dish_1562959599,roasted potatoes | pork | fish,403.64,281.00,"A plate with roasted potatoes, fish, broccoli and a salad.",372.00,650.00,0.500
dish_1562959485,arugula,45.24,36.00,A small plate with remaining arugula salad.,15.00,50.00,1.000
dish_1562959732,pork | parsnips | sugar | white rice,374.66,232.00,Pork stew with rice and steamed daikon radish,450.00,300.00,0.400
dish_1562959766,sugar | rice noodles | pork | parsnips,431.13,307.00,A plate with noodles and coleslaw with tofu and pork.,600.00,370.00,0.400
dish_1562959799,pork | parsnips | rice noodles | sugar,498.77,363.00,"A plate of stir-fried noodles with vegetables, tofu, roasted potatoes, and arugula salad.",550.00,470.00,0.143
dish_1562960437,roasted potatoes,97.29,69.00,Three potato balls on a white plate,105.00,150.00,1.000
dish_1562960472,roasted potatoes | caesar salad,139.97,166.00,A small serving of Caesar salad.,250.00,200.00,0.500
dish_1562960520,pork | caesar salad | roasted potatoes,422.40,303.00,Caesar salad with chicken,345.00,220.00,0.167
dish_1562961588,pizza,178.22,67.00,A plate with a slice of pizza and some rice leftovers.,250.00,95.00,0.500
dish_1562961609,pizza | pork,423.54,186.00,Chicken stir fry with rice and a slice of pizza on a plate.,580.00,370.00,0.333
dish_1562961650,pork | pizza | fish,555.71,312.00,"A plate containing a slice of pizza, pork with rice, and tofu with rice.",1000.00,425.00,0.500
dish_1562963006,quinoa | fish,259.10,247.00,A plate of fish with sauce and a side of lettuce.,255.00,220.00,0.333
dish_1562963033,quinoa | fish | roasted potatoes,356.39,316.00,"A meal consisting of shredded chicken, roasted potatoes, and some greens.",405.00,270.00,0.250
dish_1562958809,rice noodles | pork,511.67,389.00,"A meal with pork, rice, and salad.",550.00,520.00,0.667
dish_1562963059,fish | quinoa | roasted potatoes,369.53,389.00,"A plate with chicken or fish, tomatoes and potatoes.",430.00,500.00,0.500
dish_1562963109,fish | quinoa | roasted potatoes,381.53,488.00,"A plate of fish with tomato sauce, cherry tomatoes, cucumber, radishes, and potatoes.",410.00,575.00,0.333
dish_1562959700,pork | white rice | sugar,315.41,153.00,Pork with rice on a white plate.,300.00,200.00,0.333
dish_1562958563,chicken salad,130.84,68.00,A light meal consisting of grapes and chicken salad.,191.00,144.00,0.500
dish_1562963289,caesar salad | cheese pizza,349.92,180.00,A meal with pizza and a salad.,550.00,300.00,0.500
dish_1562963246,cheese pizza,324.40,122.00,Two slices of pizza on a white plate.,350.00,140.00,1.000
dish_1562963325,sugar | pork | cheese pizza,760.16,379.00,"A plate with rice, salad and pizza",610.00,350.00,0.250
dish_1562963484,arugula,100.54,80.00,"Arugula salad with cucumber, tomato and feta cheese",49.00,135.00,0.250
dish_1562963517,fish | quinoa,552.65,511.00,"Couscous with chicken, arugula, tomato and cucumber.",435.00,425.00,0.000
dish_1562963583,pizza,138.32,52.00,A single slice of pizza on a white plate.,280.00,100.00,1.000
dish_1562963612,pizza | caesar salad,184.08,156.00,A meal consisting of a slice of pizza and a Caesar salad.,430.00,250.00,1.000
dish_1562963676,roasted potatoes | caesar salad | pizza | rice noodles,397.82,350.00,"A plate with spaghetti, roasted potatoes, salad, and a slice of pizza.",671.00,500.00,0.400
dish_1562963704,roasted potatoes | caesar salad | pork | rice noodles | pizza,663.76,479.00,"A plate with pasta, pizza, salad, potatoes and stir-fry.",1080.00,670.00,0.286
dish_1563205877,chicken apple sausage,56.00,35.00,Plate of chicken meatballs,80.00,40.00,1.000
dish_1563205903,chicken apple sausage | egg whites,101.24,122.00,A plate of scrambled eggs and sausage slices.,285.00,170.00,1.000
dish_1563205927,egg whites | yam | sweet potato | chicken apple sausage,160.27,181.00,A plate of scrambled eggs with sausage slices and roasted sweet potato.,360.00,250.00,0.750
dish_1562963648,caesar salad | pizza | rice noodles,252.59,247.00,"A plate with spaghetti, a slice of pizza, and a salad.",760.00,470.00,0.500
dish_1563205982,egg whites | yam | chicken apple sausage | sweet potato | pineapple,316.24,469.00,A plate of fruit salad with cottage cheese and sliced sausage.,310.00,395.00,0.333
dish_1562963084,quinoa | roasted potatoes | fish,375.13,424.00,"A plate with breaded fish, cherry tomatoes, roasted potatoes, and radish slices.",485.00,430.00,0.400
dish_1563206562,yam | sweet potato,98.21,68.00,Roasted sweet potatoes with a small amount of cheese.,150.00,160.00,0.333
dish_1563206582,yam | egg whites | sweet potato,229.25,320.00,A plate with mashed potatoes and roasted sweet potatoes.,344.00,450.00,0.333
dish_1563206601,sweet potato | turkey bacon | egg whites | yam,293.80,337.00,"A breakfast meal containing scrambled eggs, bacon, and roasted sweet potatoes.",555.00,380.00,0.750
dish_1563207277,yam | sweet potato,153.09,106.00,A plate of roasted sweet potato cubes.,160.00,200.00,0.500
dish_1563207301,yam | egg whites | sweet potato,187.93,173.00,A plate with roasted sweet potatoes and mashed potatoes.,390.00,350.00,0.333
dish_1563205953,yam | sweet potato | egg whites | pineapple | chicken apple sausage,218.77,298.00,"A plate of sausage, sweet potato, pineapple and mashed potatoes.",407.00,380.00,0.600
dish_1563207364,scrambled eggs | yam | grapes | egg whites | sweet potato,309.27,271.00,"A breakfast plate containing scrambled eggs, cheese, roasted sweet potatoes and regular potatoes, and red grapes.",465.00,325.00,0.600
dish_1563207389,pineapple | sweet potato | scrambled eggs | egg whites | grapes | yam,337.27,327.00,"Breakfast with sweet potato, pineapple, grapes, scrambled eggs, and mozzarella cheese.",399.00,350.00,0.667
dish_1563207406,scrambled eggs | pineapple | egg whites | yam | watermelon | sweet potato | grapes,372.07,443.00,"A plate with watermelon, grapes, pineapple, cottage cheese, scrambled egg, and sweet potato cubes.",390.00,575.00,0.714
dish_1563208094,yam | sweet potato,160.31,111.00,A plate of roasted sweet potatoes.,207.00,200.00,0.500
dish_1563206409,scrambled eggs | cheese,443.46,277.00,Scrambled eggs with cheddar cheese.,413.00,230.00,1.000
dish_1563208412,chicken apple sausage,62.40,39.00,A plate of 5 meatballs.,160.00,80.00,0.000
dish_1563208439,chicken apple sausage,92.61,96.00,Plate with small pancakes and raspberries,77.00,97.00,0.000
dish_1563208459,yam | sweet potato | chicken apple sausage,186.49,161.00,"A plate of raspberries, sweet potato, and chicken sausage.",326.00,247.00,0.667
dish_1563216381,broccoli,34.65,99.00,A plate with a serving of broccoli,31.00,100.00,1.000
dish_1563216412,white rice | broccoli,172.45,205.00,A plate with rice and broccoli.,238.00,280.00,1.000
dish_1563216440,chicken breast | white rice | broccoli,403.79,352.00,"A plate of breaded chicken cutlet, white rice, and broccoli.",630.00,450.00,0.750
dish_1563216625,chicken breast,171.54,109.00,Breaded chicken cutlet with a side of green vegetables.,330.00,140.00,0.500
dish_1562963153,fish | quinoa | roasted potatoes,386.48,521.00,"A plate of chicken with tomato sauce, served with a side salad containing lettuce, tomatoes, cucumber, and radishes, with roasted potatoes.",385.00,480.00,0.125
dish_1563216689,squash | broccoli | chicken breast,235.21,302.00,"A plate with breaded chicken, broccoli, and squash.",345.00,350.00,1.000
dish_1563216717,squash | chicken breast | broccoli,246.01,332.00,"A plate with breaded chicken breast, broccoli, zucchini and apple pieces.",350.00,430.00,0.400
dish_1563207332,scrambled eggs | yam | egg whites | sweet potato,288.57,241.00,"Breakfast with roasted sweet potato, scrambled eggs, and cottage cheese",330.00,300.00,0.500
dish_1563217774,mangos | arugula | broccoli | tomatoes,96.14,265.00,"Mixed vegetable salad with lettuce, broccoli, cucumber, tomatoes, and corn.",115.00,405.00,0.286
dish_1563217804,white rice | pork,492.93,459.00,"A plate with a mixed salad, rice and cooked meat.",480.00,500.00,0.500
dish_1563217895,arugula,26.80,73.00,"A small salad with mixed greens, peach slices, melon cubes, and salad dressing.",105.00,245.00,0.000
dish_1563217939,white rice | pork,227.24,171.00,Pork with rice and salad with cucumber and peach slices,475.00,380.00,0.500
dish_1563208129,yam | sweet potato | scrambled eggs,426.71,291.00,Scrambled eggs with sweet potatoes and regular potatoes,450.00,350.00,0.667
dish_1563217993,pork | squash | broccoli,279.71,337.00,"A plate of cooked butternut squash, stir-fried meat with rice, broccoli and salad",366.00,550.00,0.400
dish_1563218031,broccoli | pork | chicken breast,419.77,426.00,"A plate with chicken cutlet, rice, and a variety of vegetables including butternut squash, broccoli, zucchini, and mixed greens with some apple slices.",645.00,700.00,0.286
dish_1563218201,grilled chicken,352.87,156.00,Bowl of diced chicken pieces.,233.00,130.00,1.000
dish_1563218408,pepperoni pizza,245.34,87.00,Two slices of pepperoni pizza in a bowl.,560.00,200.00,1.000
dish_1563218959,white rice | pork,267.94,131.00,Pulled pork with rice and zucchini,409.00,168.00,0.667
dish_1563218987,pepperoni pizza | pork,383.56,172.00,"A meal consisting of a slice of pepperoni pizza, rice, stewed meat, and zucchini slices.",750.00,380.00,0.200
dish_1563219009,pepperoni pizza | pork,388.36,202.00,"A meal consisting of a slice of pepperoni pizza, stewed meat with white rice, and sauteed zucchini with celery.",777.00,440.00,0.167
dish_1563219035,pepperoni pizza | pork,410.21,221.00,"A plate with pizza, olives, cucumber, zucchini and meat with rice.",715.00,385.00,0.200
dish_1563217736,broccoli,23.45,67.00,A small serving of broccoli on a white plate,45.00,150.00,1.000
dish_1563220058,pepperoni pizza,146.64,52.00,A slice of pepperoni pizza,210.00,80.00,1.000
dish_1563220087,broccoli | pepperoni pizza,162.74,98.00,A meal consisting of a slice of pepperoni pizza and a small serving of broccoli.,310.00,185.00,1.000
dish_1563216659,chicken breast | squash,190.06,173.00,A meal of breaded chicken breast and sauteed zucchini.,330.00,220.00,0.333
dish_1563220143,pepperoni pizza | chicken breast,425.51,327.00,"A plate with fried chicken, pizza, squash, and broccoli.",715.00,520.00,0.500
dish_1563220171,brown rice | chicken breast | pepperoni pizza,465.47,363.00,"A plate with breaded chicken, a slice of pizza, butternut squash, rice with vegetables, and broccoli.",767.00,650.00,0.600
dish_1563220767,pork | white rice,265.89,130.00,A plate with some pieces of fried chicken.,350.00,150.00,0.000
dish_1563220802,white rice | pork | broccoli,308.59,252.00,A plate with broccoli and pork.,236.00,185.00,0.667
dish_1563220987,pork | white rice,224.99,110.00,Pork with spinach and greens,262.00,170.00,0.333
dish_1563221025,white rice | pork | chicken breast,245.45,123.00,Pork stir-fry with some fried bread and a side of spinach.,410.00,180.00,0.200
dish_1563221054,chicken breast | pork,298.88,170.00,"Pork salad with spinach, lettuce and carrot shreds",285.00,260.00,0.200
dish_1563217968,white rice | broccoli | pork,252.79,244.00,"Plate with pork, rice, vegetables and fruit",465.00,525.00,0.600
dish_1563221157,broccoli | black beans | pork,418.15,352.00,"A plate with a mixed green salad, broccoli and pork.",320.00,370.00,0.667
dish_1563221495,pepperoni pizza | chicken breast,365.27,164.00,A meal consisting of a slice of pepperoni pizza and a serving of chicken casserole.,630.00,250.00,1.000
dish_1563221519,chicken breast | pepperoni pizza,379.97,206.00,"A plate with pepperoni pizza, broccoli, and chicken casserole.",600.00,350.00,0.667
dish_1563220109,pepperoni pizza | squash | broccoli,184.74,174.00,"A meal consisting of pepperoni pizza slice, roasted kabocha squash, and steamed broccoli.",385.00,330.00,1.000
dish_1563221602,pepperoni pizza | chicken breast,447.89,306.00,"A plate with a variety of food items including pizza, salad, broccoli, casserole, and squash",680.00,520.00,0.400
dish_1563221640,pepperoni pizza | chicken breast,469.19,364.00,"A plate with mixed salad, broccoli, pizza, chicken casserole, and butternut squash.",610.00,650.00,0.500
dish_1563222745,pepperoni pizza,135.36,48.00,A single slice of pepperoni pizza.,270.00,100.00,1.000
dish_1563222775,pork | pepperoni pizza,190.58,75.00,A plate with a slice of pepperoni pizza and a small piece of fried chicken.,530.00,180.00,0.333
dish_1563222800,chicken breast | pork | pepperoni pizza,302.32,146.00,"A plate containing sliced chicken breast, a slice of pepperoni pizza, and a small pork chop.",605.00,275.00,1.000
dish_1563222830,broccoli | chicken breast | pork | pepperoni pizza,325.07,211.00,"A meal consisting of chicken breast, broccoli, pork, and pizza slice.",580.00,390.00,1.000
dish_1563222850,pork | broccoli | pepperoni pizza | brown rice | chicken breast,348.38,232.00,"A plate with buckwheat, chicken breast slices, a slice of pizza, broccoli, and a piece of pork chop.",735.00,430.00,0.667
dish_1563294408,pineapple,41.50,83.00,A plate of fresh pineapple chunks.,50.00,100.00,1.000
dish_1563294441,pineapple | watermelon,65.20,162.00,A plate of cut watermelon and pineapple.,80.00,200.00,1.000
dish_1563294465,pineapple | watermelon | grapes,116.95,237.00,"A plate of fruit with pineapple, watermelon, and grapes",149.00,260.00,1.000
dish_1563294491,pineapple | grapes | watermelon,146.98,328.00,"A plate of mixed fruit including pineapple, strawberries, watermelon, grapes and a single blueberry.",133.00,301.00,1.000
dish_1563294522,sweet potato | yam | watermelon | pineapple | grapes,250.97,400.00,"A plate of mixed fruits including pineapple, strawberries, grapes, sweet potato and blueberry.",205.00,387.00,0.600
dish_1563294547,yam | sweet potato | grapes | watermelon | hash browns | pineapple,430.27,455.00,"A plate of pineapple, strawberries, grapes, roasted sweet potato, hash browns, and watermelon",500.00,550.00,0.833
dish_1563294575,hash browns | grapes | sweet potato | egg whites | yam | pineapple,485.91,562.00,"A plate with feta cheese, pineapple, strawberries, roasted sweet potato, rice, grapes and a blueberry.",442.00,503.00,0.375
dish_1563294987,bacon,97.38,18.00,A plate with a portion of bacon.,206.00,40.00,1.000
dish_1563295016,bacon | pineapple,127.88,79.00,A small meal containing bacon and pineapple chunks.,275.00,200.00,1.000
dish_1563295044,yam | sweet potato | pineapple | bacon,241.98,158.00,"A plate with bacon, roasted sweet potatoes, and pineapple.",430.00,300.00,0.750
dish_1563295292,bacon,119.02,22.00,A plate with bacon.,86.00,30.00,1.000
dish_1563295334,bacon | scrambled eggs,228.54,96.00,A plate of scrambled eggs and bacon.,378.00,220.00,1.000
dish_1563295360,bacon | scrambled eggs | broccoli,275.89,181.00,"A plate of scrambled eggs, bacon, and broccoli.",461.00,350.00,1.000
dish_1563221086,chicken breast | pork | broccoli,328.28,254.00,"A plate with pork, broccoli, and a spinach salad",258.00,300.00,0.500
dish_1563302315,mushroom,13.86,63.00,A small serving of mushrooms,22.00,100.00,1.000
dish_1563302345,mushroom | chicken,265.86,215.00,"A plate containing chicken, wheat, and mushrooms.",249.00,262.00,1.000
dish_1563302391,roasted potatoes | chicken,401.22,311.00,"A plate with roasted potatoes, chicken, and mushrooms.",380.00,400.00,0.667
dish_1563302420,chicken | roasted potatoes | carrot,435.63,381.00,"A plate with chicken, potatoes, mushrooms, and carrots.",405.00,410.00,0.750
dish_1563219056,pepperoni pizza | pork,416.87,258.00,"Plate with pizza, tomatoes, olives, stewed pork, rice and vegetables",890.00,530.00,0.333
dish_1563303298,chicken,170.76,103.00,Fried Tofu on a plate.,200.00,100.00,0.000
dish_1563303350,chicken | carrot,202.22,167.00,Chicken with sliced carrots,230.00,175.00,1.000
dish_1563303386,roasted potatoes | chicken | carrot,274.13,218.00,"A plate with roasted chicken, carrots, potatoes and pecans.",395.00,305.00,0.750
dish_1563304261,kale,30.21,37.00,Kale salad with croutons,75.00,155.00,0.500
dish_1563304301,kale | roasted potatoes,190.95,151.00,A plate with roasted potatoes and kale salad.,400.00,350.00,1.000
dish_1563304333,chicken | roasted potatoes,451.24,308.00,"Plate with chicken breast, roasted potatoes, and kale.",396.00,370.00,0.667
dish_1563304369,roasted potatoes | chicken,457.17,326.00,"A meal consisting of roasted potatoes, kale salad, and chicken breast.",480.00,450.00,0.667
dish_1563304881,chicken,739.41,446.00,A plate of sliced chicken breast garnished with herbs.,275.00,160.00,0.500
dish_1563304925,beef | chicken,874.46,508.00,"Plate of chicken, beef stew, rice, and greens",561.00,300.00,0.667
dish_1563304958,beef | tofu | chicken,951.84,614.00,"A plate with tofu cubes, chicken breast and spinach",435.00,400.00,0.500
dish_1563221562,chicken breast | pepperoni pizza,395.60,260.00,"A plate with a slice of pepperoni pizza, broccoli, a casserole, and butternut squash",660.00,470.00,0.500
dish_1563305047,tofu | beef | chicken,1032.31,806.00,"Plate with grilled chicken breast, roasted eggplant and carrots and beef cubes with spinach",420.00,425.00,0.400
dish_1563295400,broccoli | yam | sweet potato | scrambled eggs | bacon,402.98,269.00,"A breakfast plate with scrambled eggs, bacon and roasted vegetables.",550.00,410.00,0.600
dish_1563302447,chicken | carrot | roasted potatoes,561.42,440.00,"A plate with roasted chicken, potatoes, carrots, salad, and mushrooms.",460.00,500.00,0.750
dish_1563305354,beef | white rice | carrot,340.07,208.00,"A meal consisting of beef stir fry, carrots, broccoli and red pepper.",319.00,420.00,0.500
dish_1563305401,carrot | quinoa | beef,483.22,332.00,"A plate of beef stir fry with carrots, spinach and red bell pepper.",345.00,450.00,0.400
dish_1563305005,beef | chicken | tofu,1003.95,720.00,Chicken breast with carrots and tofu,448.00,400.00,0.750
dish_1563305653,mushroom,25.74,117.00,A bowl of mushrooms.,33.00,150.00,1.000
dish_1563305689,mushroom | cucumbers,30.14,161.00,Plate of cooked mushrooms and zucchini slices,59.00,250.00,0.333
dish_1563305722,mushroom | chicken,434.66,405.00,"A plate with chicken breast, sauteed mushrooms, and sliced cucumber.",229.00,300.00,0.667
dish_1563305837,kale,11.43,14.00,A small plate of kale and cheese.,54.00,60.00,0.500
dish_1563305883,spinach (raw) | kale,83.05,77.00,"A small side salad with mixed greens, tomatoes, and dressing.",55.00,190.00,0.000
dish_1563305913,mushroom | spinach (raw) | kale,89.65,107.00,"Plate with mixed vegetables: mushrooms, salad, tomato and kale",62.00,300.00,0.500
dish_1563305321,carrot,32.94,67.00,Sliced carrots on a white plate,25.00,50.00,1.000
dish_1563305982,roasted potatoes | chicken,273.63,225.00,"A plate with chicken leg, potatoes, mushrooms and salad",320.00,400.00,0.500
dish_1563306039,chicken | roasted potatoes | beef,493.64,326.00,"A plate with roasted chicken leg, roasted potatoes, mushrooms, mixed greens, and tomatoes.",330.00,460.00,0.400
dish_1563306392,chicken,477.47,288.00,Two baked chicken thighs with a small salad,440.00,300.00,1.000
dish_1563307488,beef | white rice,538.04,247.00,Beef and rice stir fry with vegetables.,600.00,450.00,0.667
dish_1563305513,cheese pizza,606.25,228.00,Six slices of cheese pizza on a plate.,525.00,200.00,1.000
dish_1563307575,carrot | beef,671.08,419.00,"Plate of beef stir-fry with rice, sliced carrots and spinach salad with red pepper flakes.",430.00,375.00,0.667
dish_1563308323,carrot,27.06,66.00,A plate of sliced carrots.,35.00,75.00,1.000
dish_1563308353,carrot | eggplant,51.47,140.00,Simple plate of carrots and eggplant.,50.00,150.00,1.000
dish_1563308386,carrot | eggplant | roasted potatoes,155.81,214.00,"A plate with roasted potatoes, sliced carrots, and roasted eggplant.",220.00,330.00,1.000
dish_1563308428,carrot | beef | roasted potatoes,406.31,329.00,"Plate with stewed beef, roasted potatoes, carrots, mushrooms, and asparagus.",485.00,500.00,0.750
dish_1563309189,,37.95,33.00,A small serving of dates on a plate.,66.00,25.00,0.000
dish_1563309237,bell peppers,49.55,62.00,A small serving of olives with a mix of red and green bell peppers.,55.00,95.00,1.000
dish_1563309285,bell peppers | lettuce,59.45,128.00,"Mixed salad with lettuce, olives and bell peppers",77.00,140.00,1.000
dish_1563309315,chicken,613.18,462.00,Chicken with salad and squash,350.00,380.00,0.250
dish_1563309353,chicken,625.24,529.00,"A plate of chicken with lettuce, tomato, and bell pepper.",385.00,335.00,0.250
dish_1563305083,chicken | beef | tofu,1234.86,901.00,"Plate with chicken breast, eggplant, carrots, arugula salad, onion, and pomegranate seeds.",475.00,505.00,0.125
dish_1563389042,carrot,30.48,62.00,Side dish of carrots and broccoli,35.00,90.00,0.500
dish_1563389079,broccoli | carrot,50.43,119.00,"A small portion of sauteed vegetables, including carrots, yellow squash, broccoli and turnip.",75.00,275.00,0.500
dish_1563389114,carrot | broccoli | arugula,86.53,148.00,"Plate of cooked vegetables including broccoli, carrots, yellow squash, and arugula",80.00,250.00,0.750
dish_1563389153,carrot | bulgur | broccoli,346.45,224.00,A bowl of mixed vegetables and cooked farro,325.00,430.00,0.333
dish_1563389199,broccoli | bulgur | tofu | carrot,390.25,284.00,"A bowl with brown rice, tofu, carrots, squash, broccoli, and arugula",390.00,525.00,0.429
dish_1563389413,broccoli,34.65,99.00,A small serving of steamed broccoli with a slice of zucchini.,38.00,120.00,0.500
dish_1563389446,spinach (raw) | broccoli,117.79,173.00,A plate with a side of broccoli and a mixed greens salad.,92.00,300.00,0.500
dish_1563389548,grilled chicken,438.83,194.00,Bowl of diced chicken pieces,233.00,130.00,1.000
dish_1563305948,chicken,207.36,178.00,"A plate with chicken drumstick, mushrooms, mixed greens and tomatoes",182.00,350.00,0.333
dish_1563389626,grilled chicken | carrot,498.62,360.00,Bowl of shredded carrots mixed with diced onion and tomato slices.,129.00,275.00,0.250
dish_1563389693,carrot | grilled chicken,500.22,383.00,A bowl of grated carrots topped with shaved parmesan cheese.,163.00,150.00,0.333
dish_1563389719,carrot | grilled chicken | onions,529.82,457.00,"Salad with carrots, red onion and parmesan cheese",171.00,170.00,0.500
dish_1563307519,beef | white rice | carrot,574.12,335.00,A meal of beef stir fry with a side of sliced carrots.,360.00,350.00,0.667
dish_1563389600,grilled chicken,451.43,264.00,Chicken breast and cherry tomato salad,183.00,200.00,0.500
dish_1563391333,squash,23.44,81.00,"side dish of sauteed zucchini, squash, and a mini bell pepper",22.00,180.00,0.333
dish_1563391375,squash | fish,84.28,139.00,"Chicken and rice with sliced zucchini, yellow squash and bell pepper",181.00,245.00,0.200
dish_1563391413,fish | chicken thighs | squash,227.06,237.00,"Chicken with rice and a side of zucchini, bell pepper, and squash.",257.00,320.00,0.500
dish_1563391647,arugula,27.39,22.00,"A small side salad with mixed greens, a tomato slice, a blueberry and pine nuts.",43.00,120.00,0.000
dish_1563391681,fish | quinoa,154.32,143.00,Plate of chicken with sauce and salad.,255.00,225.00,0.000
dish_1563391708,fish | pizza | quinoa,319.24,205.00,"A plate with pizza, chicken and salad.",420.00,200.00,0.250
dish_1563309398,chicken,655.99,604.00,"A plate with chicken, lettuce, carrots, tomato and squash.",280.00,450.00,0.200
dish_1563389742,onions | grilled chicken | carrot | bell peppers,569.42,556.00,"A bowl with mixed vegetables like red onion, red and green bell pepper, shredded carrots, and cabbage.",97.00,300.00,0.600
dish_1563391989,chicken thighs | fish | quinoa,462.85,464.00,"A plate with fish, rice and vegetables. The vegetables are broccoli, zucchini and cabbage.",465.00,475.00,0.143
dish_1563392128,quinoa | fish,169.93,162.00,"Fish with a sauce, served over rice, garnished with some greens",355.00,260.00,0.333
dish_1563389786,carrot | grilled chicken | bell peppers,640.14,564.00,"A bowl of sliced raw vegetables including red and green bell peppers, red onion, and cabbage.",100.00,375.00,0.200
dish_1563393182,zucchini | broccoli | squash | cucumbers,35.23,193.00,vegetables,70.00,275.00,0.400
dish_1563391922,broccoli | squash | zucchini,24.44,104.00,A small plate of mixed vegetables. Mostly broccoli and zucchini.,40.00,171.00,1.000
dish_1563393244,broccoli | cucumbers | onions | squash | radishes | zucchini,57.55,280.00,"A salad with radishes, red onion, cucumber and broccoli",48.00,325.00,0.667
dish_1563393341,broccoli | squash | zucchini,27.96,119.00,small side dish of steamed vegetables,40.00,135.00,0.500
dish_1563393366,squash | broccoli | fish | zucchini,89.85,178.00,Tofu with mixed vegetables,215.00,340.00,0.333
dish_1563393403,broccoli | zucchini | squash | fish,103.15,216.00,Fish with assorted vegetables,203.00,305.00,0.500
dish_1563395341,cheese pizza,143.59,54.00,A slice of pizza.,250.00,100.00,1.000
dish_1563395374,cheese pizza | carrot,158.33,84.00,A pizza slice and sweet potato slices on a plate.,388.00,180.00,0.333
dish_1563395415,carrot | broccoli | cheese pizza,182.54,187.00,"A meal consisting of pizza, carrots, zucchini and broccoli.",360.00,300.00,0.750
dish_1563395449,carrot | broccoli | cheese pizza,214.64,222.00,"A plate with spinach salad, pizza, carrots and zucchini/broccoli",320.00,400.00,0.750
dish_1563395480,chicken thighs | cheese pizza,370.52,329.00,"A plate of chicken, spinach salad with light dressing, zucchini, broccoli, roasted carrots, and pizza slice.",625.00,600.00,0.333
dish_1563395510,chicken thighs | cheese pizza | fish,415.63,372.00,"A plate with breaded fish, shredded chicken, spinach salad, roasted carrots, pizza slice, sliced zucchini and broccoli florets.",790.00,680.00,0.429
dish_1563464389,bacon,91.97,17.00,Two strips of bacon,160.00,50.00,1.000
dish_1563464429,bacon,140.99,103.00,"A plate of bacon, blueberries, and strawberries.",196.00,180.00,1.000
dish_1563464457,watermelon | bacon,158.99,163.00,"A breakfast of bacon, blueberries and watermelon.",214.00,230.00,1.000
dish_1563464480,bacon | watermelon | roasted potatoes,229.49,213.00,"A plate of fried potatoes, bacon, blueberries, and watermelon.",370.00,275.00,1.000
dish_1563391959,quinoa | fish,245.77,315.00,Fish with rice served with steamed broccoli and zucchini,400.00,380.00,0.250
dish_1563464627,cream cheese | bagels,310.50,115.00,Toasted bagel with cream cheese,484.00,157.00,1.000
dish_1563464651,cream cheese | bagels,312.00,130.00,Bagel with cream cheese and cucumber slices,355.00,125.00,0.667
dish_1563464670,cream cheese | bagels | mozzarella cheese,384.18,156.00,"A breakfast consisting of a bagel with cream cheese, a string cheese, and cucumber slices.",465.00,197.00,0.750
dish_1563465805,roasted potatoes,32.43,23.00,A small serving of roasted potatoes.,150.00,75.00,1.000
dish_1563465847,roasted potatoes | scrambled eggs,267.75,182.00,A plate with scrambled eggs and roasted potatoes.,360.00,230.00,1.000
dish_1563466280,bacon,357.06,66.00,A portion of General Tso's Chicken in a white dish.,375.00,150.00,0.000
dish_1563468199,pineapple,53.50,107.00,A small snack of pineapple chunks with a small piece of watermelon and cream on a plate.,82.00,136.00,0.333
dish_1563468240,pineapple | watermelon,93.10,239.00,A plate with watermelon and pineapple chunks.,80.00,200.00,1.000
dish_1563468269,watermelon | pineapple,129.01,302.00,"A plate of mixed berries, watermelon and pineapple.",173.00,414.00,1.000
dish_1563468299,cottage cheese | pineapple | watermelon,210.35,385.00,Fruit salad with cottage cheese,198.00,340.00,1.000
dish_1563468327,yam | sweet potato | cottage cheese | pineapple | watermelon,351.89,483.00,A fruit and vegetable plate with cottage cheese.,321.00,428.00,0.800
dish_1563393148,broccoli | squash | zucchini,27.73,118.00,small portion of broccoli and bell peppers,59.00,195.00,0.200
dish_1563475788,pineapple,39.00,78.00,A plate with cut pineapple.,50.00,100.00,1.000
dish_1563475826,honeydew melons | pineapple,74.28,176.00,Plate of sliced melon and pineapple,80.00,175.00,1.000
dish_1563393217,zucchini | broccoli | squash | onions | cucumbers,49.23,228.00,"A salad with red onion, cucumber, broccoli and orange bell pepper",85.00,320.00,0.500
dish_1563475921,pineapple | cauliflower | honeydew melons | brown rice | salmon,244.34,348.00,"A plate with rice and fish, spinach, cauliflower, melon and pineapple.",380.00,510.00,0.667
dish_1563475953,pasta | salmon | pineapple | beef | honeydew melons,427.45,453.00,"A plate of pasta, rice, vegetables (cauliflower and spinach), and fruit (pineapple and honeydew).",475.00,525.00,0.429
dish_1563476267,brownies,237.71,51.00,small portion of tofu,55.00,50.00,0.000
dish_1563476323,salmon | brown rice | brownies,686.97,339.00,"A plate with salmon and rice, protein, pasta and vegetables.",800.00,600.00,0.167
dish_1563476408,salmon | pasta | brownies | beef,990.40,513.00,"A plate with pasta, tempeh, rice, salmon and squash.",720.00,625.00,0.286
dish_1563464543,bacon | roasted potatoes | scrambled eggs,386.37,319.00,"Breakfast plate with scrambled eggs, sausage, fried potatoes, blueberries, and watermelon",760.00,580.00,0.400
dish_1563476551,salmon | brownies | cheese pizza | beef | pasta,1116.39,750.00,"A plate with various food items including salmon with rice, pasta, cooked vegetables, pizza and a brownie.",950.00,590.00,0.429
dish_1563476577,beef | pasta | cheese pizza | salmon | brownies,1238.03,857.00,"A plate with pasta, pizza, tofu, rice, and salad.",1105.00,780.00,0.429
dish_1563476646,pasta | beef,380.16,218.00,Penne pasta with beef stew on a white plate,493.00,325.00,1.000
dish_1563477659,brussels sprouts,26.55,52.00,A plate of Brussels sprouts.,45.00,100.00,1.000
dish_1563477701,brussels sprouts | brown rice | salmon,179.42,150.00,Fish with rice and sauce with Brussel sprouts and a spinach leaf,361.00,305.00,0.500
dish_1563477736,salmon | brown rice | brussels sprouts,277.05,234.00,"A plate with baked fish and rice, mixed greens salad, and roasted brussels sprouts.",330.00,380.00,0.667
dish_1563478751,pasta | beef,950.40,545.00,"Penne pasta with sausage, spinach, and sauce",665.00,450.00,0.250
dish_1563479526,apple | arugula | lemon juice | goat cheese | figs,67.84,51.00,A small salad with mixed greens and some butternut squash pieces.,50.00,200.00,0.000
dish_1563479568,brussels sprouts,83.67,82.00,"A light meal consisting of spinach, brussel sprouts, and pumpkin.",63.00,170.00,0.333
dish_1563479596,broccoli | cauliflower | brussels sprouts,104.37,151.00,"A plate of mixed vegetables, including spinach, butternut squash, broccoli, cauliflower, brussel sprouts, and kale.",88.00,230.00,0.500
dish_1563468362,cottage cheese | pineapple | watermelon | sweet potato | yam | egg whites,411.69,598.00,A fruit salad with cottage cheese and sweet potato cubes.,330.00,520.00,0.667
dish_1563479655,beef | salmon | pasta,321.23,282.00,"A plate of pasta, salad, mixed vegetables and salmon.",380.00,425.00,0.500
dish_1563480476,salmon | brown rice,517.90,332.00,Salmon fillet with pesto sauce.,450.00,300.00,0.500
dish_1563475874,pineapple | honeydew melons | cauliflower,93.03,251.00,"A plate with chopped cauliflower, honeydew melon and pineapple.",111.00,275.00,1.000
dish_1563480534,brown rice | beef | pasta | salmon,797.57,576.00,"A meal consisting of salmon with pesto, pasta with beef and spinach, and broccoli and cauliflower.",590.00,530.00,0.400
dish_1563480608,beef | brown rice | pasta | salmon,886.95,650.00,"A balanced meal with salmon, brown rice and vegetables.",547.00,500.00,0.400
dish_1563481030,figs | spinach (raw),155.81,129.00,"Mixed salad with spinach, broccoli, banana and sweet potato.",127.00,175.00,0.200
dish_1563480505,salmon | brown rice | pasta | beef,767.27,475.00,A meal consisting of salmon and pasta with beef and basil.,620.00,350.00,0.500
dish_1563550584,egg whites,75.40,145.00,A plate of mozzarella cheese.,280.00,100.00,0.000
dish_1563550614,sweet potato | egg whites,132.82,205.00,A plate with cottage cheese and fried eggplant.,284.00,260.00,0.000
dish_1563550950,scrambled eggs,183.17,93.00,"A simple breakfast of scrambled eggs, cheese, and bacon",328.00,157.00,0.333
dish_1563550976,scrambled eggs | roasted potatoes,284.69,165.00,"A breakfast meal consisting of bacon, scrambled eggs, shredded cheddar cheese and roasted potatoes.",489.00,285.00,0.500
dish_1563551006,scrambled eggs | roasted potatoes | country rice,357.67,213.00,"A breakfast plate with fried rice, bacon, scrambled eggs with cheese, and fried potatoes.",747.00,435.00,0.600
dish_1563551105,cream cheese | bagels,194.40,72.00,Bagel with cream cheese,404.00,132.00,1.000
dish_1563476463,brownies | beef | salmon | pasta | cheese pizza,1067.51,542.00,"A plate with a variety of food items, including rice with salmon, brownie, pasta, pizza, squash, and tofu.",1150.00,700.00,0.375
dish_1563479625,brussels sprouts | salmon | broccoli,202.65,214.00,"Plate with cooked salmon, spinach, broccoli, brussels sprouts, and butternut squash",266.00,305.00,0.600
dish_1563481061,pasta | beef | figs,541.20,350.00,A meal consisting of penne pasta with beef stew and a side of mixed green salad.,450.00,400.00,0.333
dish_1563551134,bagels | cream cheese | egg whites,246.92,173.00,Scrambled eggs with a bagel and cream cheese,635.00,245.00,1.000
dish_1563551164,bagels | sweet potato | egg whites | cream cheese,339.76,270.00,"A breakfast consisting of scrambled eggs, bagel with cream cheese and fried eggplant.",570.00,330.00,0.600
dish_1563551194,sweet potato | egg whites | bagels | greek yogurt | chia seeds | milk | cream cheese,471.64,400.00,"A breakfast plate with oatmeal, scrambled eggs, fried eggplant and bread with cream cheese.",530.00,385.00,0.222
dish_1563551220,cream cheese | greek yogurt | milk | chia seeds | bagels | egg whites | sweet potato,561.70,558.00,"A breakfast plate with oatmeal, banana, scrambled eggs, roasted potatoes, blueberries, strawberries, pineapple, and yogurt.",547.00,600.00,0.300
dish_1563551360,scrambled eggs,322.64,218.00,A plate of scrambled eggs.,270.00,200.00,1.000
dish_1563551397,brussels sprouts | scrambled eggs,365.53,302.00,A plate with scrambled eggs and brussels sprouts.,300.00,250.00,1.000
dish_1563552016,syrup | waffles,493.59,174.00,A waffle with syrup.,400.00,130.00,1.000
dish_1563553756,granola | bacon,309.15,124.00,Salad with bacon and berries,190.00,225.00,0.500
dish_1563553780,granola | bacon | almonds,557.73,167.00,"Salad with bacon, mixed greens, almonds, and berries",339.00,175.00,0.667
dish_1563555072,scrambled eggs,165.76,112.00,A plate of scrambled eggs.,206.00,160.00,1.000
dish_1563555510,scrambled eggs,193.88,131.00,A serving of scrambled eggs on a white plate.,270.00,200.00,1.000
dish_1563555160,scrambled eggs | sweet potato | cantaloupe | brussels sprouts,268.83,287.00,"A plate of scrambled eggs with roasted sweet potatoes, brussel sprouts, and potatoes.",468.00,420.00,0.750
dish_1563555543,scrambled eggs | pineapple,268.38,280.00,A plate with scrambled eggs and pineapple chunks.,289.00,290.00,1.000
dish_1563555563,scrambled eggs | pineapple | bacon,398.22,304.00,"A breakfast meal with scrambled eggs, bacon, and pineapple chunks.",377.00,315.00,1.000
dish_1563555605,scrambled eggs | pineapple | roasted potatoes | bacon,537.81,403.00,"Breakfast with scrambled eggs, fried potatoes, bacon, and pineapple",620.00,490.00,1.000
dish_1563563240,,48.30,42.00,A small snack of olives in a bowl.,60.00,50.00,
dish_1563563264,grilled chicken,322.00,163.00,A simple salad of diced chicken and kidney beans.,203.00,125.00,0.500
dish_1563563289,grilled chicken,331.90,218.00,"Bowl of chicken, tomatoes and black beans",225.00,250.00,0.333
dish_1563563348,grilled chicken,362.64,294.00,"A salad with diced chicken, shredded carrots, sliced green bell pepper, and a cherry tomato.",128.00,190.00,0.250
dish_1563563378,grilled chicken | onions,385.44,351.00,"Salad with chicken, red onions, green bell pepper, carrots and cherry tomato",250.00,375.00,0.400
dish_1563563467,bok choy,40.75,119.00,A small plate of cooked bok choy.,20.00,100.00,1.000
dish_1563555100,cantaloupe | scrambled eggs,190.92,186.00,A breakfast with scrambled eggs and cantaloupe.,321.00,300.00,1.000
dish_1563563527,fish | pizza,322.91,302.00,A slice of pizza with a side salad and bok choy.,370.00,280.00,0.333
dish_1563564676,kale,50.62,62.00,A portion of kale salad on a white plate.,180.00,150.00,1.000
dish_1563564707,kale | corn on the cob,143.99,150.00,A light meal consisting of corn on the cob slices and kale salad with parmesan.,384.00,350.00,1.000
dish_1563564760,ground turkey | kale | corn on the cob,341.85,243.00,"A meal consisting of meatloaf, kale salad, and corn on the cob.",430.00,350.00,0.500
dish_1563564797,ground turkey | kale | corn on the cob | fish,411.26,310.00,"A balanced plate with fish, mashed potatoes, kale salad, and corn.",570.00,450.00,0.600
dish_1563563492,pizza | bok choy,192.37,176.00,A slice of pizza with a side of bok choy.,310.00,200.00,1.000
dish_1563565289,corn on the cob,93.37,88.00,Two pieces of corn on the cob,134.00,150.00,1.000
dish_1563565323,corn on the cob | ground turkey,229.53,152.00,"A meal containing meatloaf, sliced corn on the cob, and a leafy green vegetable.",326.00,260.00,0.333
dish_1563553735,granola,114.39,88.00,"A small salad with mixed greens, raspberries, and blackberries",45.00,160.00,0.000
dish_1563565415,corn on the cob | fish | ground turkey,303.48,284.00,"A meal consisting of stir fried bok choy, fish, sweet corn, and rice.",442.00,320.00,0.400
dish_1563565454,fish | ground turkey | corn on the cob,350.79,322.00,"Healthy lunch box with fish, spinach salad and corn.",340.00,420.00,0.400
dish_1563565508,ground turkey | kale | fish | corn on the cob,403.86,387.00,"Healthy meal with bok choy, kale, corn, protein patty, and tofu.",502.00,550.00,0.286
dish_1563565683,fish,65.74,63.00,Sardine wrapped in seaweed,150.00,100.00,0.000
dish_1563565720,mushroom | fish,84.66,149.00,Tortilla wrap with filling and cooked mushrooms.,320.00,250.00,0.333
dish_1563565761,mushroom | fish,88.66,159.00,Fish with seaweed and mushrooms and red onion,205.00,285.00,0.500
dish_1563565805,mushroom | fish | bok choy,157.49,360.00,"A meal containing bok choy, fish and mushrooms.",194.00,330.00,1.000
dish_1563563317,grilled chicken,345.84,252.00,Chicken salad with shredded carrots and one cherry tomato.,218.00,215.00,0.333
dish_1563566674,,100.89,88.00,A small plate with kidney beans and cooked buckwheat.,216.00,75.00,0.000
dish_1563566725,wild rice,241.31,206.00,"A meal consisting of kidney beans, buckwheat, and stir-fried vegetables.",421.00,400.00,0.000
dish_1563566810,figs | wild rice,392.29,331.00,"A plate with brown rice, buckwheat, kale salad, carrots, and olives",551.00,461.00,0.200
dish_1563566909,wild rice,222.53,187.00,"A plate of tofu, brown rice, carrots, green beans, and yellow squash.",364.00,370.00,0.200
dish_1563566939,wild rice,286.03,238.00,Tofu and brown rice bowl with mixed vegetables and arugula salad with berries,391.00,505.00,0.250
dish_1563566965,wild rice | chickpeas,370.83,286.00,"A plate with tofu, brown rice, carrots, green beans, arugula, kale, chickpeas and blackberries",420.00,625.00,0.286
dish_1563567319,fish,398.63,382.00,"Plate with herring fillet, buckwheat, tomato and spinach.",461.00,353.00,0.000
dish_1563567372,fish | pizza,951.91,590.00,A plate with three slices of pizza and three slices of herring,750.00,375.00,0.250
dish_1563567599,arugula,194.23,156.00,Arugula salad with berries and nuts,50.00,135.00,0.500
dish_1563567626,corn on the cob | arugula,291.84,248.00,"Salad with corn, berries and nuts.",245.00,335.00,0.667
dish_1563567663,fish | arugula | corn on the cob,514.11,461.00,"A plate with arugula salad, corn, berries and fish with seeds.",460.00,415.00,1.000
dish_1563566626,,62.10,54.00,A small serving of olives with some lettuce.,76.00,75.00,0.000
dish_1563567978,fish,118.96,114.00,A plate of fish with some sauce and topping.,225.00,150.00,1.000
dish_1563568003,fish,126.15,135.00,Fish with some Bok Choy,165.00,195.00,0.500
dish_1563568025,fish | corn on the cob,244.99,247.00,"A meal consisting of fish, corn, and vegetables.",360.00,370.00,0.667
dish_1563565354,fish | corn on the cob | ground turkey,272.32,193.00,"A meal consisting of fish, corn, meatloaf, and greens in a container.",255.00,280.00,0.500
dish_1563568148,bok choy | fish,171.00,225.00,A simple meal consisting of cooked chicken breast and a side of bok choy.,242.00,210.00,0.333
dish_1563568263,cheese pizza,119.65,45.00,A single slice of pizza on a white plate.,280.00,100.00,1.000
dish_1563568292,corn on the cob | cheese pizza,276.68,193.00,A meal consisting of pizza and corn on the cob slices.,350.00,225.00,1.000
dish_1563568319,ground turkey | corn on the cob | cheese pizza,604.32,347.00,"A meal consisting of pizza, corn, and a vegetable stir-fry.",567.00,450.00,0.500
dish_1563568338,corn on the cob | ground turkey | cheese pizza,631.71,371.00,"A plate with a slice of pizza, cooked buckwheat, corn on the cob slices, and bread with spinach and cream cheese.",654.00,450.00,0.400
dish_1563568357,cheese pizza | ground turkey | chickpeas | corn on the cob,767.74,448.00,"A plate with a variety of different foods, including a kale salad, buckwheat, a cracker with ricotta cheese, corn on the cob slices, and a slice of pizza.",812.00,650.00,0.286
dish_1563811412,egg whites,112.84,217.00,A plate of mozzarella cheese,414.00,150.00,0.000
dish_1563811439,cantaloupe | egg whites,137.32,289.00,"Stew, cantaloupe and mozzarella cheese on two white plates.",534.00,400.00,0.250
dish_1563811463,egg whites | sweet potato | cantaloupe,220.59,376.00,"A meal consisting of chicken with sauce, roasted potatoes, cantaloupe, and cauliflower.",530.00,500.00,0.400
dish_1563811490,sausage | cantaloupe | sweet potato | egg whites,268.83,390.00,"A meal consisting of soup, mozzarella cheese, canteloupe, fried potatoes, and sausage.",750.00,675.00,0.286
dish_1563811515,egg whites | sausage | sweet potato | cantaloupe | salsa,298.12,491.00,"A meal consisting of roasted potatoes, melon, mashed potatoes, sausage, and gravy.",550.00,600.00,0.286
dish_1563811611,scrambled eggs,195.36,132.00,A plate of scrambled eggs.,285.00,200.00,1.000
dish_1563811639,scrambled eggs,217.14,198.00,A plate with scrambled eggs and strawberries.,227.00,220.00,1.000
dish_1563564828,fish | corn on the cob | ground turkey | kale,452.21,355.00,"A plate with fish, quinoa, kale salad, corn on the cob, and meatloaf.",800.00,750.00,0.500
dish_1563811686,scrambled eggs | sweet potato | brussels sprouts,319.43,331.00,"Breakfast meal with scrambled eggs, roasted potatoes, brussel sprouts and strawberries.",365.00,350.00,1.000
dish_1563812508,egg whites,112.84,217.00,A plate of fresh mozzarella cheese.,360.00,100.00,0.000
dish_1563812535,turkey bacon | egg whites,298.89,266.00,A breakfast with scrambled eggs and bacon,416.00,220.00,1.000
dish_1563812570,egg whites | turkey bacon,369.08,320.00,"A plate with scrambled eggs, bacon, and a small salad.",542.00,460.00,1.000
dish_1563812615,turkey bacon | brussels sprouts | egg whites,402.78,386.00,"A plate of sausage, mashed potatoes, salad and brussels sprouts.",625.00,425.00,0.200
dish_1563567722,fish | corn on the cob,645.32,576.00,"A meal consisting of corn on the cob, buckwheat, fish, arugula, blueberries, and raspberries.",506.00,545.00,0.500
dish_1563813308,brussels sprouts | bacon,224.98,76.00,Plate of bacon and Brussels sprouts,245.00,119.00,1.000
dish_1563568118,fish,139.83,134.00,Cooked fish on a white plate.,138.00,120.00,1.000
dish_1563813436,pineapple | sausage | sweet potato | bacon,418.76,242.00,"Plate of bacon, sausage, Brussels sprouts, pineapple, and roasted potatoes",650.00,380.00,0.800
dish_1563813501,sausage | pineapple | bacon | scrambled eggs | sweet potato,694.12,414.00,"A plate with scrambled eggs and cheese, bacon, sausage, pineapple, brussel sprouts, and potatoes.",755.00,515.00,0.714
dish_1563813806,egg whites,81.12,156.00,A serving of scrambled eggs.,207.00,150.00,1.000
dish_1563813833,sausage | egg whites,256.87,207.00,A plate with scrambled eggs and sausage.,293.00,175.00,1.000
dish_1563820775,zucchini | broccoli | squash,38.07,162.00,Chopped zucchini,18.00,150.00,0.333
dish_1563820806,chicken | squash | broccoli,207.81,273.00,A plate with sliced zucchini and chicken with broccoli.,220.00,300.00,0.250
dish_1563820834,chicken | broccoli | pizza,308.89,311.00,"A plate of food containing fish with tomato sauce, zucchini, broccoli, and quinoa.",472.00,460.00,0.167
dish_1563822546,caesar salad,38.72,88.00,"Caesar salad with romaine lettuce, croutons, parmesan cheese and caesar dressing.",263.00,162.00,0.250
dish_1563822597,broccoli | caesar salad | squash | zucchini,59.40,176.00,Caesar salad with zucchini and yellow squash,140.00,180.00,0.286
dish_1563813221,brussels sprouts,19.40,38.00,A small serving of Brussels sprouts.,40.00,100.00,1.000
dish_1563822663,caesar salad,303.10,317.00,Steak with couscous and zucchini and yellow squash plus a caesar salad.,660.00,575.00,0.333
dish_1563823292,lime | cauliflower | garlic,450.55,208.00,"A plate with seitan, potatoes, cauliflower, and spinach.",280.00,275.00,0.167
dish_1563823359,chicken,641.70,333.00,"A plate of chicken, brown rice, steak, and some vegetables.",574.00,505.00,0.200
dish_1563823390,chicken,670.17,372.00,"A balanced meal with chicken, brown rice, potatoes, steak, and vegetables",811.00,675.00,0.200
dish_1563823423,chicken,700.53,441.00,"A balanced plate with chicken, brown rice, salad and roasted vegetables (potatoes, cauliflower, broccoli and tempeh)",725.00,795.00,0.143
dish_1563823814,turnips,25.59,85.00,A small serving of fried potatoes on a white plate.,139.00,55.00,0.000
dish_1563811662,scrambled eggs | brussels sprouts,245.73,254.00,"A plate of scrambled eggs, strawberries and brussels sprouts.",267.00,320.00,1.000
dish_1563823894,tatsoi,368.34,400.00,"A meal with steak, roasted potatoes, and zucchini with herbs.",425.00,370.00,0.000
dish_1563824065,zucchini | broccoli | squash,15.51,66.00,Small portion of zucchini and yellow squash.,20.00,80.00,0.667
dish_1563824130,broccoli | turnips,111.32,202.00,"A plate with roasted turnips, sliced yellow squash and zucchini, and couscous with vegetables.",310.00,450.00,0.250
dish_1563824155,garlic | turnips | broccoli | zucchini | squash | lime | cauliflower,455.73,361.00,"A plate of food with couscous, steak, roasted potatoes, sauteed spinach and yellow squash.",650.00,530.00,0.111
dish_1563824250,onions,17.20,43.00,A bowl of sliced red onion,20.00,50.00,1.000
dish_1563824279,onions,58.60,79.00,Salad ingredients in a bowl: red onion and dates.,86.00,105.00,0.500
dish_1563824304,bell peppers | onions,75.80,122.00,A bowl with sliced red and green bell peppers and red onions.,25.00,85.00,1.000
dish_1563813395,bacon | pineapple | sausage,371.86,193.00,"Plate of bacon, sausage slices, Brussels sprouts, and pineapple.",515.00,330.00,0.750
dish_1563824377,grilled chicken,454.05,338.00,Tofu and vegetable salad in a metal bowl.,215.00,350.00,0.000
dish_1563822636,caesar salad,237.02,258.00,Caesar salad with grilled steak and sauteed zucchini and yellow squash.,505.00,400.00,0.333
dish_1563826223,lime | cauliflower | garlic,301.09,139.00,Plate of sliced pork,260.00,100.00,0.000
dish_1563824092,broccoli | zucchini | squash | turnips,36.28,135.00,A light meal with roasted potatoes and sauteed squash and zucchini.,147.00,250.00,0.200
dish_1563826306,brownies | pepperoni pizza,882.84,312.00,"A plate with steak, pepperoni pizza, and a brownie.",930.00,380.00,0.333
dish_1563827060,cheese pizza,146.24,55.00,A single slice of pizza on a white plate.,250.00,100.00,1.000
dish_1563827086,cheese pizza | caesar salad,199.04,175.00,A plate with a slice of pizza and a salad with creamy dressing.,480.00,250.00,0.500
dish_1563827110,pineapple | caesar salad | cheese pizza,220.04,217.00,"A meal consisting of a pizza slice, mango chunks, and salad with creamy dressing.",640.00,550.00,0.250
dish_1563827132,cheese pizza | caesar salad | pineapple,240.02,302.00,"Plate with zucchini and yellow squash, pizza slice and caesar salad.",380.00,425.00,0.500
dish_1563827162,cheese pizza | caesar salad | pineapple | chicken,319.54,354.00,"A plate with zucchini, pizza, chicken, and Caesar salad",460.00,435.00,0.600
dish_1563827188,cheese pizza | caesar salad | pineapple | chicken,369.36,377.00,"A plate with yellow squash, a slice of pizza, Caesar salad and grilled chicken.",530.00,475.00,0.600
dish_1563827425,caesar salad,60.72,138.00,Caesar Salad on a white plate,350.00,300.00,1.000
dish_1563827454,zucchini | caesar salad | squash | broccoli,86.57,248.00,"A light salad with lettuce, yellow squash and zucchini",90.00,400.00,0.400
dish_1563827482,caesar salad,894.52,621.00,"A plate with steak, lettuce salad, zucchini, yellow squash, and cauliflower.",480.00,400.00,0.000
dish_1563824339,onions | cherry tomatoes | bell peppers,85.34,175.00,"A mix of raw vegetables in a bowl, including cherry tomatoes, red onion, red and green bell peppers, and olives.",108.00,250.00,1.000
dish_1563826272,pepperoni pizza,645.13,261.00,steak slices and pepperoni pizza slices on a plate,700.00,330.00,1.000
dish_1563897338,cantaloupe,29.92,88.00,A plate of cantaloupe chunks,61.00,170.00,1.000
dish_1563897369,cantaloupe | sweet potato,117.01,179.00,A plate with cantaloupe and roasted potatoes.,231.00,300.00,1.000
dish_1563897395,cantaloupe | sweet potato | broccoli,135.91,233.00,"A plate with cantaloupe, roasted potatoes and broccoli.",199.00,350.00,1.000
dish_1563897047,egg whites,66.04,127.00,A bowl of potato and green vegetable with sauce,205.00,260.00,0.000
dish_1563897492,cantaloupe | broccoli | salsa | egg whites | sweet potato,339.67,662.00,"A plate with mashed potatoes and tomato sauce, broccoli, eggplant, and cantaloupe.",330.00,515.00,0.429
dish_1563897794,,57.57,101.00,"A plate of mixed berries, including strawberries and blueberries.",39.00,110.00,
dish_1563897087,broccoli | egg whites,102.44,231.00,A bowl of steamed broccoli and rice.,235.00,400.00,0.333
dish_1563897870,oatmeal,169.32,249.00,Bowl of oatmeal with walnuts,200.00,260.00,0.500
dish_1563897938,bacon,54.10,10.00,A single strip of bacon on a white plate.,86.00,15.00,1.000
dish_1563897439,cantaloupe | broccoli | egg whites | sweet potato,315.31,578.00,"A plate with fried potatoes, broccoli, cantaloupe, and scrambled eggs.",437.00,510.00,1.000
dish_1563898019,bacon | chia seeds | greek yogurt | scrambled eggs | milk,343.98,237.00,"A breakfast meal consisting of scrambled eggs, bacon, and chia seed pudding.",518.00,365.00,0.600
dish_1563898084,bacon | milk | greek yogurt | scrambled eggs | pineapple | chia seeds,419.49,384.00,"A breakfast plate with scrambled eggs, bacon, pineapple, blueberries and chia seed pudding.",529.00,490.00,0.667
dish_1563898107,greek yogurt | bacon | pineapple | milk | chia seeds | scrambled eggs,440.69,424.00,"Breakfast with scrambled eggs, bacon, pineapple, berries and chia seed pudding",517.00,530.00,0.667
dish_1563898688,broccoli,32.55,93.00,A plate of steamed broccoli florets.,55.00,170.00,1.000
dish_1563898722,broccoli | scrambled eggs,343.35,303.00,A plate of scrambled eggs and broccoli.,320.00,370.00,1.000
dish_1563898786,broccoli | scrambled eggs,420.93,344.00,"Plate with scrambled eggs, broccoli, and spinach salad",280.00,400.00,0.667
dish_1563898813,broccoli | scrambled eggs | bacon,626.51,382.00,"A plate with scrambled eggs, bacon, broccoli and spinach salad",415.00,440.00,0.750
dish_1563898880,scrambled eggs | bacon | broccoli,643.62,441.00,"A plate of scrambled eggs, broccoli, bacon, spinach and some sauce.",450.00,460.00,0.750
dish_1563900120,sweet potato,46.90,49.00,A small serving of roasted potatoes on a white plate.,130.00,150.00,1.000
dish_1563900150,sweet potato | scrambled eggs,202.30,154.00,A breakfast plate with scrambled eggs and roasted potatoes.,420.00,300.00,1.000
dish_1563824406,grilled chicken,474.14,387.00,"Chicken salad with shredded carrots, cherry tomatoes, red onion and green bell pepper.",317.00,360.00,0.200
dish_1563897837,watermelon,118.47,304.00,"A small bowl of cut fresh fruits including watermelon, strawberries, and blueberries",51.00,160.00,1.000
dish_1563908923,caesar salad,49.28,112.00,Caesar Salad,270.00,155.00,0.250
dish_1563908957,caesar salad | green beans,73.87,159.00,A plate with caesar salad and green beans.,295.00,350.00,1.000
dish_1563908996,caesar salad | chicken | millet | green beans,269.92,293.00,"A plate with breaded chicken, green beans, and caesar salad.",630.00,450.00,0.750
dish_1563909469,spinach (raw),72.40,64.00,A spinach salad with onions and lemon juice.,20.00,108.00,0.333
dish_1563909507,spinach (raw) | green beans,117.93,151.00,"A simple side dish consisting of green beans, spinach and lemon zest.",64.00,185.00,0.667
dish_1563909550,green beans | fried rice,310.32,273.00,"A plate with green beans, spinach, and curry rice.",386.00,310.00,0.667
dish_1563909580,fried rice | cheese pizza,544.31,361.00,"A meal consisting of pizza, yellow rice, green beans, and a spinach salad.",630.00,530.00,0.500
dish_1563897981,scrambled eggs | bacon,243.54,138.00,Plate with scrambled eggs and a strip of bacon,326.00,170.00,1.000
dish_1563909982,chicken | spinach (raw) | millet,370.79,318.00,"Plate with chicken, spinach, and green beans",400.00,380.00,0.400
dish_1563910106,spinach (raw),101.46,84.00,A serving of Swiss chard on a white plate.,14.00,70.00,0.000
dish_1563910137,green beans,131.28,141.00,A plate of cooked green beans and cooked greens,51.00,180.00,1.000
dish_1563910171,salmon | brown rice,571.18,423.00,Chicken and rice casserole with sauteed swiss chard and green beans.,411.00,400.00,0.250
dish_1563910276,salmon | brown rice,375.94,241.00,"A serving of cooked chicken breast, likely pan-fried or grilled.",340.00,200.00,0.000
dish_1563910530,salmon | brown rice,333.83,214.00,A plate of chicken with sauce.,225.00,150.00,0.000
dish_1563910639,brown rice | salmon,697.29,447.00,A plate of chicken and rice with spinach,435.00,320.00,0.250
dish_1563910676,brown rice | salmon,757.96,501.00,"A plate with rice, fish and spinach.",360.00,350.00,0.250
dish_1563910708,salmon | brown rice,786.21,555.00,"A plate with fish and rice, green beans, and spinach.",420.00,475.00,0.250
dish_1563911156,millet | chicken,140.45,96.00,a piece of fried chicken,270.00,100.00,0.500
dish_1563911185,green beans | millet | chicken,159.81,133.00,A plate of chicken with green beans.,230.00,200.00,0.667
dish_1563911215,millet | chicken | green beans | fried rice,218.16,170.00,"A plate with chicken, yellow rice, and green beans.",380.00,300.00,0.750
dish_1563900172,scrambled eggs | cantaloupe | sweet potato,236.64,255.00,"Breakfast with scrambled eggs, roasted potatoes, and cantaloupe.",480.00,450.00,1.000
dish_1563900205,sweet potato | broccoli | scrambled eggs | cantaloupe,262.26,301.00,"A plate with scrambled eggs, cantaloupe, and broccoli",280.00,400.00,0.750
dish_1563913627,cheese pizza,230.33,109.00,Two slices of cheese pizza with a small side salad,430.00,230.00,1.000
dish_1563913675,cheese pizza | caesar salad,282.69,228.00,"A plate with pizza slices, Caesar salad and mixed greens salad.",595.00,400.00,1.000
dish_1563913709,fried rice | caesar salad | cheese pizza,337.89,263.00,"A plate with yellow rice, caesar salad, mixed greens, and two slices of cheese pizza.",670.00,450.00,1.000
dish_1563913741,cheese pizza | fried rice | caesar salad,353.06,292.00,"A plate with rice, green beans, mixed salads and a pizza slice.",675.00,500.00,0.750
dish_1563909951,spinach (raw) | green beans,180.60,188.00,"A light meal consisting of spinach, green beans, and a small serving of egg salad.",159.00,236.00,0.667
dish_1563984167,egg whites | cantaloupe,291.68,608.00,A plate of feta cheese and cantaloupe.,447.00,300.00,0.333
dish_1563911255,fried rice | quinoa | millet | chicken,293.19,235.00,A plate of roasted chicken breast with yellow rice and various vegetables.,440.00,500.00,0.286
dish_1563984242,sweet potato | egg whites | pineapple | cantaloupe,402.12,753.00,"Plate with mozzarella, pineapple, cantaloupe and grilled zucchini.",481.00,450.00,0.333
dish_1563984296,egg whites | salsa | cantaloupe | sweet potato | pineapple,436.34,871.00,"A plate with cooked cauliflower covered in tomato sauce, diced pineapple, cantaloupe, and cooked eggplant.",231.00,620.00,0.250
dish_1563913588,cheese pizza,180.81,68.00,Two slices of cheese pizza on a white plate.,350.00,130.00,1.000
dish_1563984729,scrambled eggs | chicken apple sausage,495.72,321.00,A plate with scrambled eggs and sausage slices.,507.00,250.00,1.000
dish_1563984771,granola | chicken apple sausage | scrambled eggs,582.81,388.00,"Breakfast plate with scrambled eggs, sliced sausage, and a small side salad.",431.00,315.00,0.667
dish_1563984835,granola | scrambled eggs | chicken apple sausage,603.98,461.00,"A plate with scrambled eggs, mixed green salad, sausage slices and tomato sauce.",410.00,335.00,0.500
dish_1563986093,scrambled eggs,239.03,215.00,Scrambled eggs with mixed berries,316.00,300.00,1.000
dish_1563996251,cauliflower,39.50,158.00,A plate of cauliflower florets.,25.00,100.00,1.000
dish_1563996279,carrot | cauliflower,98.49,278.00,A small plate of cooked carrots and cauliflower.,75.00,200.00,1.000
dish_1563996308,carrot | cream | chicken | cauliflower,718.51,659.00,"A plate of tofu with sauce, cauliflower, carrots and spinach",370.00,600.00,0.333
dish_1563996441,arugula,80.24,65.00,Arugula salad served on a white plate.,20.00,100.00,1.000
dish_1563996464,arugula | cauliflower,100.49,146.00,Arugula salad with cauliflower,83.00,250.00,1.000
dish_1563996485,arugula | roasted potatoes | cauliflower,178.04,201.00,"Salad with arugula, cauliflower, and potatoes",220.00,400.00,1.000
dish_1563996509,cauliflower | chicken | roasted potatoes,365.18,316.00,"A plate with arugula salad, cauliflower, roasted potatoes and chicken breast.",345.00,370.00,0.750
dish_1563996596,caesar salad,39.60,90.00,A plate of Caesar Salad,350.00,250.00,1.000
dish_1563996625,brown rice | caesar salad,342.70,215.00,A plate with caesar salad and braised beef with rice.,500.00,450.00,1.000
dish_1563996656,carrot | brown rice | caesar salad,376.62,284.00,"A plate with lettuce salad, roasted carrots, a small piece of roasted sweet potato, and a meat and rice mixture.",514.00,645.00,0.400
dish_1563984140,egg whites,245.44,472.00,A plate of mozzarella cheese,560.00,200.00,0.000
dish_1563997386,spinach (raw) | carrot,215.88,238.00,"Salad with carrot slices, spinach, and lettuce.",62.00,155.00,0.667
dish_1563997418,carrot,608.70,400.00,"Salad with steak, carrots, spinach and potatoes with dressing",495.00,370.00,0.250
dish_1563998210,chicken,148.09,91.00,A serving of chicken salad.,105.00,60.00,1.000
dish_1563998244,roasted potatoes | chicken,259.48,170.00,A meal consisting of chicken breast and roasted potatoes.,291.00,250.00,1.000
dish_1563998279,chicken | roasted potatoes,565.01,296.00,"A meal consisting of roast beef, chicken breast, and roasted potatoes.",546.00,370.00,0.667
dish_1563998323,roasted potatoes | chicken | cauliflower,634.51,574.00,"A plate with sliced beef, chicken, cauliflower and potatoes.",481.00,420.00,0.750
dish_1563998513,chicken | cookies | roasted potatoes | cauliflower,757.51,599.00,"A plate with steak, potatoes, chicken, cauliflower, and a meatball.",698.00,580.00,0.600
dish_1564000202,cheese pizza,396.19,149.00,Four slices of pizza on a plate.,945.00,350.00,1.000
dish_1564000417,cheese pizza,340.35,128.00,Two slices of pizza with cheese and tomato sauce.,400.00,150.00,1.000
dish_1564000459,cheese pizza | chicken,485.19,217.00,A meal consisting of a slice of pizza and a small portion of hummus.,430.00,180.00,0.333
dish_1564000490,caesar salad | cheese pizza | chicken,532.71,325.00,A plate with pizza and caesar salad.,550.00,270.00,0.667
dish_1564000536,chickpeas | cheese pizza | chicken | caesar salad,659.91,397.00,A plate with a slice of pizza and several different salads.,760.00,600.00,0.400
dish_1563984701,chicken apple sausage,275.20,172.00,Plate of sliced chicken sausage,315.00,150.00,1.000
dish_1564073677,scrambled eggs | sweet potato,108.97,92.00,A breakfast meal with scrambled eggs and roasted sweet potatoes.,320.00,250.00,1.000
dish_1563984199,egg whites | cantaloupe | pineapple,322.68,670.00,"A plate of mozzarella cheese, cantaloupe, and pineapple.",554.00,430.00,0.500
dish_1564073860,bacon,492.31,91.00,A plate of cooked bacon.,430.00,150.00,1.000
dish_1564073641,sweet potato,49.77,52.00,Small portion of roasted sweet potatoes,115.00,100.00,1.000
dish_1564082323,caesar salad | pork | chicken,748.86,518.00,"A plate of fried chicken, a salad, pork and rice.",1005.00,530.00,0.500
dish_1564082462,pesto | pork | pasta | chicken,905.35,609.00,"A plate with fried chicken, salad, beef slices, and rice.",830.00,570.00,0.167
dish_1564083480,grilled chicken,259.70,133.00,A small bowl of sliced chicken and olives.,180.00,125.00,1.000
dish_1564073716,scrambled eggs | sweet potato | egg whites,214.53,295.00,"A plate with scrambled eggs, egg whites, and roasted sweet potatoes",345.00,470.00,1.000
dish_1564083534,cherry tomatoes | grilled chicken | bell peppers,309.06,307.00,Chicken and vegetable salad,205.00,290.00,1.000
dish_1564086602,cheese pizza,130.29,49.00,A single slice of pizza,280.00,100.00,1.000
dish_1564086624,cheese pizza | corn on the cob,217.29,131.00,A plate with a slice of pizza and two corn on the cob slices.,333.00,175.00,1.000
dish_1564086658,cheese pizza | corn on the cob | caesar salad,260.85,230.00,"A meal consisting of Caesar salad, a slice of pizza, and two slices of corn on the cob.",585.00,400.00,1.000
dish_1563997327,spinach (raw),157.88,120.00,"Spinach salad with apple slices, carrot, red bell pepper, and vinaigrette dressing",174.00,300.00,0.250
dish_1564086748,chicken | pasta | corn on the cob | cheese pizza | caesar salad,443.77,339.00,"A plate with a slice of pizza, salad, pesto pasta, corn, and grilled chicken.",920.00,780.00,1.000
dish_1564082212,pork | chicken,707.94,425.00,"A meal consisting of fried chicken, rice, and cooked plantains.",695.00,410.00,0.200
dish_1564159520,bacon,227.22,42.00,Two strips of bacon on a plate.,217.00,40.00,1.000
dish_1564159588,turkey bacon | sausage | bacon,477.15,113.00,A plate with bacon and sausage.,560.00,150.00,0.667
dish_1564159636,sausage | turkey bacon | bacon,487.87,134.00,"Plate of bacon, brussel sprouts, and sausage.",537.00,229.00,0.500
dish_1564160043,bagels,245.00,98.00,A bagel on a plate,280.00,100.00,1.000
dish_1564160161,bagels,242.50,97.00,A bagel on a plate,280.00,100.00,1.000
dish_1564168695,pepperoni,385.01,78.00,Two slices of pepperoni pizza,600.00,240.00,1.000
dish_1564168739,pepperoni | sandwiches,585.30,164.00,Two slices of pepperoni pizza and a sandwich.,700.00,270.00,0.333
dish_1564169197,sandwiches,116.45,50.00,Slice of white bread,70.00,25.00,0.000
dish_1564169254,sandwiches | watermelon,161.75,201.00,A light snack consisting of bread and watermelon.,110.00,130.00,0.333
dish_1564169298,tatsoi | sandwiches | watermelon,187.08,299.00,"a plate with a mixed vegetable salad, watermelon and bread",200.00,430.00,0.200
dish_1564169340,watermelon | sandwiches | chicken thighs | tortilla | cheese,657.52,518.00,"A plate with pulled chicken, a slice of bread, some watermelon chunks, and a small salad with cucumber and tomato.",400.00,435.00,0.286
dish_1564169644,cheese pizza,433.42,163.00,"A plate of pizza slices, some with pepperoni, some plain.",675.00,270.00,0.500
dish_1564083508,grilled chicken | cherry tomatoes,276.26,225.00,Chicken breast with cherry tomatoes and black beans.,190.00,255.00,0.667
dish_1564169932,cheese | chicken thighs | tortilla,766.63,473.00,A plate with pulled chicken in tomato sauce and a cucumber tomato salad.,340.00,350.00,0.250
dish_1564169958,tortilla | chicken thighs | cheese,787.78,563.00,"A plate with shredded chicken in tomato sauce, cooked zucchini and cucumber tomato salad",320.00,500.00,0.200
dish_1564170010,tortilla | cheese | salmon | chicken thighs,1264.55,831.00,"A plate with pulled pork, vegetable salad, fish and zucchini.",665.00,570.00,0.000
dish_1564170071,onions,14.00,35.00,Red onion slices in a bowl and an unidentified cooked food on a plate,270.00,180.00,0.500
dish_1564170098,onions,50.80,67.00,"A meal containing a fried item, and a side salad of olives and red onion.",370.00,180.00,0.500
dish_1564170141,onions | cherry tomatoes,62.68,133.00,"A meal consisting of a salad with tomatoes, red onion, and olives, and a savory cake.",332.00,280.00,0.667
dish_1564086709,cheese pizza | caesar salad | pasta | corn on the cob,393.27,307.00,"A plate with salad, pesto pasta, a slice of pizza and corn on the cob.",680.00,550.00,1.000
dish_1564170283,cheese | chicken thighs | tortilla,646.59,301.00,A plate of shredded chicken in tomato sauce,300.00,200.00,0.333
dish_1564170474,zucchini | squash | broccoli,39.48,168.00,Sauteed zucchini and yellow squash,40.00,200.00,0.667
dish_1564169878,tortilla | chicken thighs | cheese,732.51,341.00,"A portion of shredded chicken cooked in a tomato-based sauce, served on a white plate.",350.00,250.00,0.333
dish_1564170836,salmon | brown rice,240.16,135.00,Salmon with greens on a plate,264.00,175.00,0.500
dish_1564170880,salmon | brown rice,348.56,230.00,"A plate with salmon, cooked grains, brussels sprouts and greens.",595.00,420.00,0.250
dish_1564170923,kale | salmon | brown rice,378.82,319.00,"A plate with salmon, kale and brown rice.",675.00,430.00,1.000
dish_1564170967,salmon | kale | brown rice,400.20,410.00,"A plate with salmon, brown rice, kale and zucchini",570.00,470.00,0.750
dish_1564171888,brown rice | salmon,345.13,194.00,A plate of salmon with rice.,350.00,200.00,0.500
dish_1564171935,salmon | brown rice,476.34,309.00,"A meal consisting of salmon, rice and a grain mix containing farro, brussel sprouts and cranberries",750.00,500.00,0.667
dish_1564171970,brown rice | salmon,498.82,396.00,"A plate with salmon and rice, a grain salad, and a cucumber and tomato salad.",600.00,450.00,0.250
dish_1564171996,brown rice | salmon,519.50,484.00,"A balanced meal with salmon, rice, farro, and a variety of vegetables.",680.00,550.00,0.200
dish_1564427406,grilled chicken,305.37,135.00,A bowl of diced chicken breast.,232.00,130.00,1.000
dish_1564086778,pork | cheese pizza | chicken | pasta | corn on the cob | caesar salad,645.80,437.00,"A plate with Caesar salad, pesto pasta, pizza, corn on the cob, grilled chicken, and char siu pork.",1230.00,825.00,1.000
dish_1564427455,grilled chicken,354.26,218.00,"A bowl of chicken, cherry tomatoes, and kalamata olives",264.00,280.00,0.333
dish_1564428102,arugula,133.22,107.00,Arugula salad with olives and pine nuts,105.00,125.00,0.500
dish_1564170542,salmon | brown rice,523.37,440.00,salmon with rice and zucchini,610.00,550.00,0.667
dish_1564428181,quinoa | pork,510.05,320.00,"A plate with chicken, rice with vegetables, and arugula salad",615.00,420.00,0.000
dish_1564428404,pears,113.75,104.00,A simple salad with mixed greens and shredded carrots with salad dressing,110.00,260.00,0.000
dish_1564428444,cauliflower,157.00,277.00,"A light meal with mixed greens salad, shredded carrots and cauliflower.",135.00,375.00,0.500
dish_1564170173,bell peppers | onions | cherry tomatoes,79.88,176.00,"Chicken fritter and salad with cherry tomatoes, bell peppers, red onion, and black olives.",315.00,320.00,0.750
dish_1564428515,pork | quinoa | cauliflower,484.62,479.00,"A plate of mixed greens salad, cauliflower, and pulled pork.",420.00,500.00,0.667
dish_1564427430,grilled chicken,345.62,170.00,Chicken and Olive Salad,200.00,100.00,1.000
dish_1564429235,chickpeas | tempeh,479.76,253.00,A plate of tofu with rice and salad,377.00,525.00,0.250
dish_1564429270,chickpeas | tempeh,605.51,354.00,A plate with tofu stir-fry and a mixed green salad.,430.00,430.00,0.333
dish_1564429702,cauliflower,39.50,158.00,Plate of cauliflower,125.00,500.00,1.000
dish_1564429744,cauliflower | quinoa,282.48,374.00,A plate with baked chicken breast and cauliflower.,260.00,320.00,0.333
dish_1564429808,cauliflower | pork | quinoa,380.68,422.00,"A plate with cauliflower, chicken, and pulled pork",410.00,375.00,0.500
dish_1564429843,cauliflower | quinoa | pork,395.73,474.00,"A plate with roasted chicken, vegetables and cauliflower.",430.00,450.00,0.200
dish_1564429894,quinoa | pork | cauliflower,498.77,566.00,"A plate with cauliflower, couscous with raisins, roasted chicken and grilled eggplant.",540.00,600.00,0.167
dish_1564428144,arugula | quinoa,205.21,171.00,A simple meal consisting of a piece of chicken breast and an arugula salad.,350.00,250.00,0.333
dish_1564428475,cauliflower | quinoa,261.62,370.00,"A plate with salmon, mixed greens salad, and cauliflower.",325.00,400.00,0.333
dish_1564429184,tempeh,389.66,202.00,Plate of fried rice with tofu and green vegetables.,350.00,280.00,0.000
dish_1564432191,pepperoni pizza | cauliflower | pineapple,261.03,220.00,"A plate with a slice of pepperoni pizza, mixed green salad, pineapple chunks, and cauliflower florets.",430.00,470.00,1.000
dish_1564432094,pepperoni pizza,177.66,63.00,A single slice of pepperoni pizza on a white plate.,280.00,100.00,1.000
dish_1564502063,bacon,497.72,92.00,A plate of bacon.,520.00,200.00,1.000
dish_1564503184,bacon,97.38,18.00,Single slice of bacon on a plate.,68.00,15.00,1.000
dish_1564503219,bacon | egg whites,213.86,242.00,A breakfast of scrambled eggs and turkey bacon,261.00,180.00,1.000
dish_1564514906,white beans | fish,199.27,178.00,A serving of fish with mixed vegetables and beans.,245.00,280.00,0.667
dish_1564514953,white beans | fish | carrot,249.90,281.00,"A plate of scalloped potatoes, roasted carrots, and greens.",350.00,400.00,0.250
dish_1564514997,carrot | fish | white beans,381.11,396.00,"A plate with lentils, baked fish with white sauce, and roasted carrots.",460.00,370.00,0.500
dish_1564515049,carrot | white beans | broccoli | fish,431.64,611.00,"A plate with cooked barley, baked fish with sauce and sauteed vegetables.",460.00,450.00,0.333
dish_1564516366,,31.05,27.00,A small portion of olives on a white plate.,35.00,35.00,
dish_1564516397,cherry tomatoes,36.81,59.00,A small plate with cherry tomatoes and olives.,42.00,55.00,1.000
dish_1564432165,pepperoni pizza | pineapple,246.03,160.00,"A meal consisting of a slice of pepperoni pizza, a small mixed green salad with dressing, and pineapple chunks.",455.00,320.00,1.000
dish_1564432128,pepperoni pizza,217.03,102.00,A meal consisting of a mixed green salad and a slice of pepperoni pizza.,330.00,220.00,1.000
dish_1564516454,fish | chicken breast | white beans,311.14,266.00,"A plate with fish and sauce, diced chicken breast, cherry tomatoes and olives.",425.00,330.00,0.500
dish_1564432238,pepperoni pizza | pineapple | pork,455.39,315.00,"A plate with mixed greens salad, pineapple, cauliflower, pizza, and beef/cabbage stir-fry.",690.00,670.00,0.400
dish_1564516760,chicken thighs | quinoa,442.73,329.00,"A plate with roasted chicken, carrots, potatoes, and some greens.",485.00,330.00,0.250
dish_1564516732,carrot,26.55,54.00,Small side dish of roasted carrots.,50.00,100.00,1.000
dish_1564518454,cheese pizza,164.86,62.00,A single slice of pizza on a white plate.,300.00,120.00,1.000
dish_1564518488,cheese pizza | chicken thighs,248.09,117.00,A meal consisting of a slice of pizza and a fried chicken drumstick.,419.00,165.00,1.000
dish_1564518512,cheese pizza | chicken thighs | carrot,270.71,163.00,"A meal consisting of pizza, a chicken drumstick, and cooked carrots.",475.00,325.00,1.000
dish_1564518542,carrot | chicken thighs | cheese pizza,342.38,234.00,"A meal consisting of mixed green salad, a slice of pizza, a chicken drumstick, and cooked carrots.",490.00,375.00,1.000
dish_1564518850,frozen yogurt,194.33,119.00,A serving of chocolate pudding in a white bowl.,300.00,200.00,0.000
dish_1564516429,fish | white beans,178.98,186.00,"A plate with fish, white beans, cherry tomatoes and olives",300.00,330.00,0.667
dish_1564588533,sausage | egg whites,236.07,167.00,A breakfast meal consisting of scrambled eggs and sausage links.,280.00,180.00,1.000
dish_1564588567,sausage | scrambled eggs | egg whites,450.67,312.00,"Plate of breakfast food including sausage links, scrambled eggs and egg whites.",540.00,430.00,1.000
dish_1564516483,carrot | white beans | chicken breast | fish,364.23,374.00,"A plate with baked eggplant, carrots, diced chicken breast, cherry tomatoes and olives.",300.00,455.00,0.333
dish_1564588719,chilaquiles | sausage,222.28,81.00,"Breakfast with eggs, sausage and hash browns.",410.00,225.00,0.250
dish_1564588820,egg whites,81.12,156.00,A plate of mozzarella cheese.,143.00,50.00,0.000
dish_1564588859,egg whites | greek yogurt | milk | chia seeds,183.59,257.00,"A meal consisting of greek yogurt, chia seed pudding, peach, and blueberries.",334.00,460.00,0.400
dish_1564588889,egg whites | greek yogurt | chia seeds | milk,234.49,346.00,"A breakfast or snack with ricotta cheese, chia seed pudding, blueberries, and peach.",420.00,370.00,0.167
dish_1564588919,milk | greek yogurt | egg whites | sweet potato | chia seeds,335.94,452.00,"A plate with cottage cheese, chia seed pudding, blueberries, and toasted bread cubes",415.00,374.00,0.143
dish_1564589025,sweet potato,48.81,51.00,Small portion of roasted potatoes,135.00,150.00,1.000
dish_1564589072,sweet potato | chilaquiles,419.31,241.00,"Scrambled eggs with tomato sauce, tortilla chips, potatoes, topped with queso fresco and cilantro.",571.00,392.00,0.167
dish_1564589308,roasted potatoes,227.01,161.00,A serving of roasted potatoes on a white plate.,150.00,100.00,1.000
dish_1564589366,egg whites | roasted potatoes,324.25,348.00,A plate of scrambled eggs and roasted potatoes.,455.00,400.00,1.000
dish_1564588688,sausage,148.18,43.00,Four small sausage pieces on a white plate.,120.00,50.00,1.000
dish_1564590146,watermelon | sweet potato,141.01,205.00,A plate of roasted potatoes and watermelon.,180.00,250.00,1.000
dish_1564590190,sweet potato | watermelon,194.02,298.00,"A meal consisting of roasted potatoes, blueberries, sliced strawberries, watermelon, and butter.",391.00,445.00,0.667
dish_1564590226,watermelon | sweet potato | cantaloupe,220.54,376.00,"A plate with potatoes, strawberries, blueberries, cantaloupe, watermelon and cream.",509.00,630.00,0.750
dish_1564588483,sausage,175.75,51.00,A small portion of sausage and some scrambled egg.,230.00,100.00,0.500
dish_1564590288,pineapple | watermelon | egg whites | cantaloupe | sweet potato,464.86,848.00,"Plate of mixed fruits, cottage cheese, and potatoes",534.00,790.00,0.667
dish_1564590352,pineapple | cantaloupe | salsa | watermelon | sweet potato | egg whites,497.92,962.00,"A plate with cottage cheese, potato cubes, mixed fruits including watermelon, strawberries, blueberries, cantaloupe, and pineapple topped with tomato sauce.",510.00,750.00,0.500
dish_1564601470,turnips,15.84,73.00,Small serving of tofu on a white plate.,35.00,100.00,0.000
dish_1564601528,turnips | roasted potatoes,142.74,163.00,A side dish of daikon radish and roasted potatoes.,192.00,185.00,0.333
dish_1564601569,turnips | roasted potatoes | brussels sprouts,208.10,291.00,"A plate with Daikon radish, roasted potatoes, and Brussels sprouts.",190.00,400.00,0.500
dish_1564601600,chicken | brussels sprouts | roasted potatoes,600.80,434.00,"A meal consisting of fried chicken, roasted potatoes, brussels sprouts, daikon radish, and coleslaw.",600.00,475.00,0.600
dish_1564590115,sweet potato,115.81,121.00,A small serving of roasted potatoes.,160.00,150.00,1.000
dish_1564605293,cheese pizza,404.17,152.00,Three slices of cheese pizza,840.00,300.00,1.000
dish_1564605328,cheese pizza,541.24,349.00,"A plate with pizza slices and mixed salad with olives, cucumber and feta.",600.00,350.00,0.500
dish_1564675060,watermelon,23.10,77.00,A small serving of watermelon on a white plate.,30.00,100.00,1.000
dish_1564675118,watermelon | sweet potato,177.19,238.00,A plate of roasted potatoes and watermelon.,230.00,250.00,1.000
dish_1564675157,grapes | watermelon | sweet potato,208.93,284.00,"Plate with roasted potatoes, grapes, and watermelon",280.00,325.00,1.000
dish_1564675193,grapes | egg whites | sweet potato,478.81,803.00,"A plate with scrambled eggs, croutons, grapes, and watermelon.",365.00,350.00,0.400
dish_1564675240,grapes | egg whites | sweet potato,502.88,886.00,"A plate of food containing mashed potatoes with tomato sauce, roasted potatoes, grapes and watermelon.",370.00,500.00,0.500
dish_1564518586,carrot | cheese pizza | chicken thighs,361.41,315.00,"A plate with mixed green salad, a slice of pizza, a piece of roasted chicken, roasted carrots, zucchini and yellow squash.",450.00,400.00,0.750
dish_1564675411,egg whites | turkey bacon,235.53,308.00,A meal consisting of turkey bacon and mashed potatoes with gravy.,370.00,260.00,0.333
dish_1564675380,turkey bacon,87.33,23.00,A single piece of bacon on a white plate.,137.00,58.00,1.000
dish_1564685183,green beans,127.11,150.00,"Mixed green salad with asparagus, carrot, and red onion.",77.00,315.00,0.000
dish_1564685229,green beans | cherry tomatoes | bell peppers | lime | ketchup | spinach (raw) | millet | onions | lettuce | cucumbers,591.44,347.00,"A plate with mixed green salad, some green beans and steak",380.00,450.00,0.100
dish_1564685360,millet,304.05,129.00,Beef dish with garnish,160.00,80.00,0.000
dish_1564685144,green beans,26.16,50.00,a small serving of green beans,25.00,100.00,1.000
dish_1564685450,pizza,623.01,288.00,"A plate with a pizza slice, a green salad, and a grain-based salad with meat.",700.00,450.00,0.333
dish_1564685482,pizza | brownies,851.40,337.00,"A plate with steak, salad, pizza, and a brownie.",800.00,420.00,0.333
dish_1564686657,cheese pizza,279.19,105.00,Two slices of rectangular pizza on a plate.,320.00,120.00,1.000
dish_1564686702,cheese pizza,307.94,130.00,Pizza slices with olives,360.00,150.00,1.000
dish_1564601638,chicken | roasted potatoes | fish | brussels sprouts,712.46,541.00,"Plate with chicken, daikon radish, potatoes, and Brussels sprouts",545.00,575.00,0.600
dish_1564686791,chicken breast | cheese pizza,601.35,343.00,"A meal consisting of pizza slices, mixed green salad, diced chicken, and olives.",590.00,390.00,1.000
dish_1564590254,pineapple | watermelon | cantaloupe | sweet potato,248.54,432.00,Fruit and potato breakfast,431.00,700.00,0.800
dish_1564686855,brownies | chicken breast | cheese pizza,1030.16,435.00,"A plate with pizza, salad, chicken pieces, tempeh, and olives.",800.00,430.00,0.500
dish_1564686966,ketchup | millet | bell peppers | spinach (raw) | onions,153.20,65.00,Sliced steak on a white plate,250.00,100.00,0.000
dish_1564685406,bell peppers | cherry tomatoes | ketchup | spinach (raw) | onions | lime | lettuce | cucumbers | millet,367.65,192.00,"A plate with grilled beef, a green salad, and quinoa.",400.00,345.00,0.000
dish_1564686740,cheese pizza,399.80,221.00,Two pizza slices served with a mixed green salad and olives.,490.00,280.00,1.000
dish_1564687013,fish | ketchup | white rice,330.84,224.00,A meal with steak and eggplant parmigiana.,550.00,320.00,0.000
dish_1564686832,brownies | chicken breast | cheese pizza,829.74,392.00,"Plate with two pizza slices, salad, grilled chicken, olives, and a cracker.",675.00,440.00,0.500
dish_1564687090,fish | white rice | ketchup | green beans,498.02,416.00,"A plate with steak, green beans, fish with tomato sauce and lentils with tofu",680.00,500.00,0.400
dish_1564687046,white rice | green beans | ketchup | fish,374.79,308.00,"A plate with steak, green beans and fish in tomato sauce",500.00,400.00,0.500
dish_1564688969,cheese pizza,239.31,90.00,Two slices of pizza,532.00,190.00,1.000
dish_1564689078,spinach (raw),72.36,55.00,Small portion of spinach and blueberries,11.00,30.00,1.000
dish_1564689108,chickpeas | arugula,203.66,159.00,"Salad with chickpeas, arugula, blueberries, pear, and red pepper.",190.00,195.00,0.667
dish_1564689219,chickpeas | lentils | tofu,506.85,474.00,"A salad with lentils, tofu, chickpeas and mixed greens",384.00,490.00,0.750
dish_1564689168,tofu | chickpeas,352.95,339.00,"Salad with tofu, chickpeas, and lentils",420.00,430.00,0.667
dish_1564690038,lentils,92.34,81.00,Stir-fried bitter melon,150.00,100.00,0.000
dish_1564690138,lentils | green beans | chickpeas,190.50,181.00,"A mix of vegetables, chickpeas and fried bitter melon.",266.00,280.00,0.500
dish_1564690167,lentils | chickpeas,251.78,207.00,"A plate of food containing stewed meat, green beans, chickpeas, and kale.",285.00,255.00,0.200
dish_1564690085,lentils | chickpeas,170.62,143.00,"A plate with broccoli, chickpeas, green beans and leafy greens.",165.00,300.00,0.250
dish_1564691380,green beans | corn on the cob,96.26,111.00,A plate with green beans and corn slices.,76.00,150.00,1.000
dish_1564691420,corn on the cob | green beans,212.35,226.00,"A light meal consisting of green beans, a mixed green salad, and corn on the cob.",170.00,350.00,1.000
dish_1564761388,egg whites,54.60,105.00,A serving of scrambled eggs on a white plate.,206.00,150.00,1.000
dish_1564691450,corn on the cob,542.33,366.00,"A plate with steak, salad, green beans, and corn.",438.00,486.00,0.500
dish_1564761457,fried rice | turkey bacon | egg whites,287.31,223.00,"A breakfast plate with scrambled eggs, fried rice, and turkey bacon.",493.00,325.00,1.000
dish_1564761426,egg whites | fried rice,207.57,202.00,A plate of scrambled eggs with fried rice.,450.00,350.00,1.000
dish_1564761488,turkey bacon | egg whites | fried rice | honeydew melons,327.99,336.00,"A plate of scrambled eggs, fried rice with corn, turkey bacon, and honeydew melon.",520.00,500.00,1.000
dish_1564773847,salmon | mayonnaise | lentils,238.03,161.00,A simple meal with baked salmon and cherry tomatoes,221.00,160.00,0.250
dish_1564773826,cherry tomatoes,10.08,56.00,A small serving of cherry tomatoes,10.00,60.00,1.000
dish_1564773876,salmon | lentils | broccoli | mayonnaise,258.33,219.00,"A meal consisting of fish, broccoli and cherry tomatoes",254.00,350.00,0.167
dish_1564773903,salmon | pineapple | mayonnaise | broccoli,316.83,336.00,"Plate with pineapple, tomatoes, broccoli and fish.",305.00,370.00,0.333
dish_1564773942,salmon | chicken breast | mayonnaise | pineapple,491.94,442.00,"Balanced meal with chicken, fish, fruit and vegetables.",387.00,375.00,0.500
dish_1564774773,broccoli,50.14,90.00,A plate of cooked broccoli.,55.00,170.00,1.000
dish_1564773976,chicken breast | mayonnaise | salmon | pineapple,516.09,463.00,"A plate with diced chicken breast, pineapple chunks, cherry tomatoes, black olives, broccoli florets, and a piece of salmon.",493.00,515.00,0.500
dish_1564775147,salmon | mayonnaise | lentils,327.81,151.00,Baked fish fillet,255.00,150.00,0.000
dish_1564775182,salmon | lentils | mayonnaise | broccoli,398.00,277.00,Baked fish with broccoli,250.00,300.00,0.200
dish_1564775216,salmon | mayonnaise | broccoli | beef,530.60,340.00,"A meal consisting of broccoli, pork tenderloin, and baked fish.",272.00,230.00,0.167
dish_1564777933,cheese pizza,103.70,39.00,A slice of pizza on a white plate.,270.00,100.00,1.000
dish_1564777960,cheese pizza | beef,331.01,147.00,A meal consisting of a pizza slice and roasted pork tenderloin.,530.00,220.00,0.333
dish_1564777986,cheese pizza | broccoli | beef,372.23,221.00,"A plate with cheese pizza, roasted pork and steamed broccoli.",505.00,300.00,0.500
dish_1564778030,cheese pizza | broccoli | beef,504.42,283.00,"A plate with a slice of pizza, roast pork, steamed broccoli, and salad.",620.00,420.00,0.500
dish_1564778057,rice noodles | beef | cheese pizza,575.19,377.00,"A plate with cheese pizza, pork tenderloin, broccoli, mixed greens, and tofu cabbage salad.",742.00,520.00,0.167
dish_1565020755,bacon,43.28,8.00,A single strip of bacon on a white plate.,86.00,20.00,1.000
dish_1565020796,egg whites,90.60,99.00,Scrambled eggs with bacon.,295.00,160.00,0.500
dish_1564774805,mayonnaise | salmon | lentils,621.09,353.00,A meal consisting of baked tofu and broccoli.,230.00,300.00,0.000
dish_1565020867,egg whites | sweet potato,255.80,325.00,"Breakfast plate with berries, sweet potatoes, bacon, and ricotta cheese.",368.00,242.00,0.250
dish_1565020822,egg whites | sweet potato,180.56,193.00,"A small plate with bacon, cottage cheese, and roasted sweet potato.",360.00,210.00,0.250
dish_1564690194,white rice | fish | ketchup | lentils,500.92,430.00,"Rice with meat, green beans, kale, and chickpeas.",600.00,600.00,0.143
dish_1564689138,chickpeas,268.27,223.00,"A salad with mixed greens, chickpeas, pear, and olives.",250.00,330.00,0.500
dish_1565021054,tofu | waffles,263.75,144.00,Waffles topped with scrambled tofu and vegetables.,450.00,220.00,1.000
dish_1565021104,waffles | tofu | egg whites,291.31,197.00,"Waffles with scrambled tofu, broccoli, and vegan cream cheese",550.00,320.00,0.500
dish_1565020895,egg whites | milk | greek yogurt | sweet potato,348.13,416.00,"A plate with a mix of fresh berries, cooked sweet potato, bacon, chia seed pudding, and ricotta cheese.",458.00,355.00,0.125
dish_1565020926,sweet potato | grapes | greek yogurt | egg whites | milk,398.50,489.00,"A plate of breakfast or dessert items including raspberries, blackberries, grapes, whipped cream, sweet potatoes, bacon, and chia seed pudding.",630.00,462.00,0.250
dish_1565021141,waffles | egg whites | sausage | tofu,467.05,248.00,"A breakfast plate with waffles, sausage, scrambled eggs, and ricotta cheese.",650.00,275.00,0.600
dish_1565021185,waffles | egg whites | sausage | tofu,481.50,296.00,"Waffles with tofu scramble, mozzarella and sausage",630.00,275.00,0.600
dish_1565021599,egg whites,206.96,398.00,A meal with feta cheese and sweet potato.,462.00,200.00,0.000
dish_1565021220,egg whites | sweet potato | waffles | tofu | sausage,543.71,361.00,"Breakfast with waffles, scrambled eggs, sweet potato cubes, sausage slices, and cream cheese.",680.00,340.00,0.667
dish_1565021640,egg whites | sweet potato,304.58,500.00,"A plate with scrambled eggs, roasted sweet potatoes, and melon slices.",500.00,450.00,0.667
dish_1565021965,egg whites,92.04,177.00,A serving of Paneer.,570.00,200.00,0.000
dish_1565021675,sweet potato | egg whites | honeydew melons,331.58,575.00,"A plate with scrambled eggs, roasted sweet potato, and melon.",329.00,305.00,1.000
dish_1565021714,egg whites | honeydew melons | sweet potato,381.17,662.00,"A breakfast plate with scrambled eggs, roasted sweet potatoes, mixed melon, strawberries, blueberries, and grapes.",390.00,590.00,0.600
dish_1565022027,sweet potato | egg whites,178.18,267.00,A plate with cottage cheese and roasted sweet potatoes.,350.00,300.00,0.333
dish_1565023128,granola,41.59,32.00,Small plate of mixed greens.,10.00,50.00,0.000
dish_1565022062,egg whites | sweet potato,234.61,366.00,Cottage cheese with berries and roasted sweet potatoes,218.00,260.00,0.333
dish_1565023182,scrambled eggs | bacon,638.71,308.00,"A breakfast of scrambled eggs, bacon and mixed greens",525.00,310.00,1.000
dish_1565024675,turkey bacon,129.10,34.00,Two strips of bacon with mustard,280.00,115.00,1.000
dish_1565023157,scrambled eggs,379.03,260.00,A plate of scrambled eggs served over mixed greens.,221.00,225.00,1.000
dish_1565024707,turkey bacon | scrambled eggs,299.30,149.00,"Breakfast with scrambled eggs, turkey bacon, and hot sauce",305.00,205.00,0.667
dish_1565024741,turkey bacon | scrambled eggs | roasted potatoes,359.93,192.00,"A breakfast plate with vegan bacon, scrambled eggs and diced potatoes",400.00,290.00,1.000
dish_1565030350,lettuce | lime | cucumbers | onions | cherry tomatoes,62.59,62.00,A simple arugula salad with shredded carrots.,25.00,100.00,0.000
dish_1565030391,white rice | beef,609.33,313.00,"A plate with arugula salad, broccoli, and rice and meat stew.",320.00,450.00,0.250
dish_1565031283,beef | white rice,252.68,116.00,A portion of rice with some meat and greens.,350.00,200.00,0.500
dish_1565032680,figs | arugula,280.28,208.00,A salad with cantaloupe and mixed greens,78.00,220.00,0.000
dish_1565031338,beef | white rice | caesar salad,296.24,215.00,A plate containing a Caesar salad and rice with meat.,400.00,350.00,0.667
dish_1565032714,figs | squash | arugula,315.59,330.00,Salad with cantaloupe and roasted butternut squash,252.00,410.00,0.167
dish_1565031376,beef | cauliflower | caesar salad,319.49,308.00,"A plate with Caesar salad, cauliflower, and rice with meat.",400.00,450.00,0.500
dish_1565033110,broccoli,47.60,147.00,A salad consisting of mixed greens and broccoli.,65.00,210.00,1.000
dish_1565033085,,15.40,55.00,A simple mixed greens salad.,20.00,100.00,
dish_1565032748,beef | arugula | figs,544.31,435.00,"A plate with roasted eggplant, cooked rice, cantaloupe, and spinach salad.",286.00,550.00,0.000
dish_1565033189,chicken | broccoli,578.10,507.00,"Salad with tofu, kidney beans, broccoli, and mixed greens",268.00,375.00,0.250
dish_1565033220,chicken,908.60,578.00,"Salad with mixed greens, kidney beans, tofu, broccoli and dressing.",435.00,410.00,0.000
dish_1565033265,chicken,1324.08,625.00,"Salad with lettuce, broccoli, kidney beans, tofu and dressing",362.00,355.00,0.000
dish_1565033139,broccoli,193.65,274.00,A bowl of chicken hearts with broccoli and mixed greens,223.00,230.00,0.500
dish_1565034234,cauliflower,43.75,175.00,A plate of cauliflower.,60.00,200.00,1.000
dish_1565034281,roasted potatoes | cauliflower,228.46,306.00,A plate with cauliflower and purple potatoes.,175.00,350.00,1.000
dish_1565034605,lettuce | lime | cucumbers | onions | cherry tomatoes,52.49,52.00,A small mixed green salad.,25.00,100.00,0.000
dish_1565034330,cauliflower | beef | roasted potatoes,614.02,483.00,"Plate with cauliflower, braised eggplant, and rice with greens",325.00,600.00,0.200
dish_1565034635,arugula,124.09,110.00,A mixed green salad with raisins and walnuts.,172.00,175.00,0.000
dish_1565034661,cheese pizza,219.81,146.00,Lasagna with a side salad,400.00,350.00,0.000
dish_1565035715,onions,15.60,39.00,A small serving of sliced red onion,20.00,50.00,1.000
dish_1565034681,cheese pizza | pizza,323.55,185.00,Lasagna served over a mixed greens salad.,575.00,300.00,0.000
dish_1565035774,onions | cauliflower | bell peppers,57.50,185.00,"A plate of mixed raw vegetables consisting of cauliflower, green bell pepper, and red onion.",117.00,300.00,1.000
dish_1565035746,onions | cauliflower,43.10,149.00,A simple dish of cauliflower and sliced red onion.,56.00,220.00,1.000
dish_1565035802,onions | cherry tomatoes | cauliflower | bell peppers,69.20,250.00,"A plate with cauliflower, cherry tomatoes, green bell pepper, and red onion.",70.00,310.00,1.000
dish_1565035830,chicken breast | cauliflower,340.13,414.00,Plate of diced chicken with raw vegetables,310.00,500.00,0.400
dish_1565036788,cheese pizza,186.13,70.00,A slice of pizza on a white plate,300.00,120.00,1.000
dish_1565036821,beef | cheese pizza,325.54,134.00,A plate with some roast beef and a slice of pizza.,435.00,180.00,1.000
dish_1565035858,chicken breast | watermelon | cauliflower,375.23,531.00,"A plate with diced chicken, cauliflower, watermelon, red onion, green bell pepper, and cherry tomatoes.",330.00,500.00,0.500
dish_1565036890,roasted potatoes | beef | cheese pizza | chicken thighs,520.86,260.00,"A plate containing roasted potatoes, chicken and rice stir fry, a meat roll (possibly beef), and a pizza slice.",550.00,370.00,1.000
dish_1565036922,chicken thighs | roasted potatoes | cheese pizza | beef,539.86,336.00,"Assorted foods including roasted potatoes, chicken and rice, roast beef with vegetables, cauliflower and pizza",685.00,500.00,0.800
dish_1565107066,scrambled eggs,127.28,86.00,A serving of scrambled eggs on a white plate.,143.00,110.00,1.000
dish_1565036953,chicken thighs | caesar salad | beef | roasted potatoes | cheese pizza,586.94,443.00,"A plate with Caesar salad, roasted potatoes, cooked cauliflower, chicken and rice, beef roll-up, and a slice of pizza.",825.00,675.00,0.833
dish_1565107092,scrambled eggs | egg whites,313.44,444.00,A plate with scrambled and cheesy scrambled eggs.,350.00,250.00,0.500
dish_1565107119,sweet potato | scrambled eggs | egg whites,426.37,562.00,Scrambled eggs with roasted potatoes and sweet potatoes,450.00,330.00,1.000
dish_1565107143,watermelon | egg whites | scrambled eggs | sweet potato,454.27,655.00,"Plate with scrambled eggs, french toast, mashed sweet potato and some watermelon",680.00,500.00,0.750
dish_1565107171,sweet potato | scrambled eggs | egg whites | watermelon | grapes,501.88,724.00,"A plate with grapes, watermelon, scrambled eggs, cheese and french toast.",564.00,435.00,0.500
dish_1565109606,sweet potato,89.96,94.00,A serving of fried potatoes on a white plate.,210.00,150.00,1.000
dish_1565107211,sweet potato | scrambled eggs | egg whites | watermelon | grapes,523.63,799.00,"A plate with grapes, watermelon, scrambled eggs, cottage cheese, and eggplant with sauce.",581.00,618.00,0.500
dish_1565109637,sweet potato | egg whites,172.64,253.00,Plate with fried potatoes and scrambled eggs,550.00,400.00,1.000
dish_1565117429,cheese pizza,390.87,147.00,A meal with three slices of cheese pizza and a taco.,600.00,250.00,0.500
dish_1565109659,sweet potato | bacon | egg whites,226.74,263.00,"Breakfast with scrambled eggs, fried potatoes and bacon",571.00,350.00,1.000
dish_1565117463,caesar salad | cheese pizza,435.31,248.00,"Pizza, Caesar salad, and a taco.",1010.00,500.00,0.667
dish_1565117934,chicken breast | tuna,352.32,235.00,"A meal consisting of diced chicken, tuna salad, and red bell pepper.",446.00,355.00,0.667
dish_1565117892,tuna,132.60,102.00,"Two plates, one with tuna salad and the other with chicken and tomato.",375.00,300.00,0.333
dish_1565117962,chicken breast | bell peppers | tuna,379.92,304.00,"A plate with diced chicken breast, tuna salad, and bell peppers",475.00,350.00,1.000
dish_1565117990,tuna | chicken breast | cheese pizza,582.00,380.00,"A meal with pizza, tuna salad, chicken pieces and bell peppers.",645.00,395.00,0.750
dish_1565118029,chicken breast | cheese pizza | tuna,595.14,453.00,"A plate with pizza, tuna salad, diced chicken and a bell pepper and tomato salad.",640.00,450.00,0.750
dish_1565118700,chard | kale,16.66,49.00,Small spinach salad with beets.,30.00,100.00,0.000
dish_1565118096,chicken breast | tuna | cheese pizza | pineapple,656.43,588.00,"Plate with pizza slice, tuna salad, carrots, bell peppers, pineapple and chicken.",650.00,520.00,0.667
dish_1565118067,chicken breast | tuna | cheese pizza,623.43,522.00,"A meal containing pizza, tuna salad, shredded carrots, bell peppers, tomatoes and chicken pieces",570.00,475.00,0.600
dish_1565119418,cheese pizza,324.40,122.00,Three slices of pizza.,450.00,200.00,1.000
dish_1565118729,beef | millet,435.49,248.00,A meal consisting of roast beef and sauteed greens.,330.00,250.00,0.333
dish_1565118782,beef | millet,557.52,353.00,"A plate of food containing roast pork, a couscous and arugula salad, and some steamed greens with beets.",490.00,350.00,0.000
dish_1565118999,lettuce | feta cheese,200.39,288.00,"Salad with mixed greens, cherry tomatoes, cucumber, red onion, olives, and feta cheese.",151.00,274.00,0.200
dish_1565119439,beef | cheese pizza,465.41,189.00,A meal with pork stew and pizza.,780.00,350.00,0.333
dish_1565119464,cheese pizza | beef,504.07,223.00,Pork with pizza and spinach salad,650.00,325.00,0.250
dish_1565119493,beef | cheese pizza,529.14,280.00,Pork with pizza and salad,650.00,400.00,0.200
dish_1565119642,kale | chard,26.52,78.00,kale and beets,80.00,200.00,0.333
dish_1565123783,cheese pizza,93.06,35.00,A slice of pizza on a white plate,285.00,100.00,1.000
dish_1565119669,kale | zucchini | chard | chayote squash,55.97,229.00,"Mixed vegetables including kale, beets, and yellow and green squash",126.00,550.00,0.600
dish_1565119739,beef,396.80,461.00,"Balanced meal consisting of kale salad, couscous, sliced beef, and sauteed squash.",450.00,450.00,0.333
dish_1565119698,zucchini | kale | beef | chayote squash,222.24,308.00,"Plate with beef roast, kale, beets, yellow squash, and zucchini.",384.00,620.00,0.800
dish_1565123816,beef | cheese pizza,250.92,110.00,A plate with a slice of pizza and a slice of beef with sauce.,350.00,150.00,1.000
dish_1565123845,cheese pizza | beef,268.66,201.00,"A small meal consisting of a slice of pizza, roast beef, and sauteed zucchini.",425.00,235.00,0.667
dish_1565194684,egg whites,196.56,378.00,"A meal consisting of mozzarella cheese, roasted sweet potatoes, and grapes.",1089.00,565.00,0.000
dish_1565194752,sweet potato | egg whites,322.89,510.00,A plate with cottage cheese and roasted sweet potatoes.,319.00,340.00,0.333
dish_1565123881,caesar salad | cheese pizza | beef,406.82,515.00,"A plate with Caesar salad, a slice of pizza, sliced pork and sauteed zucchini.",760.00,530.00,0.400
dish_1565194781,sweet potato | carrot | egg whites,351.41,568.00,A plate with cottage cheese and roasted sweet potatoes.,342.00,359.00,0.250
dish_1565194823,sweet potato | carrot | egg whites | grapes,386.60,619.00,"A plate with scrambled eggs, roasted sweet potato, and grapes.",489.00,465.00,0.750
dish_1565195362,sweet potato,98.58,103.00,A serving of roasted sweet potatoes on a plate.,172.00,200.00,1.000
dish_1565194852,watermelon | egg whites | sweet potato | grapes | carrot,428.60,759.00,"A plate with scrambled eggs, roasted sweet potato, watermelon, and grapes.",426.00,430.00,0.800
dish_1565195398,chicken apple sausage | sweet potato,135.38,126.00,Roasted sweet potato with one mushroom,195.00,250.00,0.333
dish_1565194906,grapes | watermelon | salsa | carrot | egg whites | sweet potato,451.80,839.00,"Plate with cottage cheese, apple sauce, sweet potato, watermelon, cantaloupe and grapes.",466.00,630.00,0.333
dish_1565195493,sweet potato | chicken apple sausage | bacon | egg whites,407.00,291.00,"A breakfast plate with scrambled eggs, bacon, sweet potatoes, and meatballs.",675.00,425.00,0.600
dish_1565195436,chicken apple sausage | sweet potato | bacon,340.96,164.00,"Plate of bacon, sweet potatoes, mushrooms and sausage patties",550.00,260.00,0.750
dish_1565196260,egg whites,74.36,143.00,A small portion of mozzarella cheese.,240.00,100.00,0.000
dish_1565204855,brussels sprouts,53.61,105.00,A small plate of roasted Brussels sprouts.,72.00,144.00,1.000
dish_1565203094,chicken | pizza,898.02,485.00,A plate with a pizza slice and chicken stir-fry.,770.00,370.00,1.000
dish_1565203015,chicken | brown rice,663.94,397.00,A plate of chicken stir fry with zucchini and bell peppers.,380.00,400.00,0.250
dish_1565204891,brussels sprouts | chicken thighs | white rice,302.89,314.00,Chicken with rice and brussels sprouts,345.00,420.00,0.400
dish_1565207662,white rice | fish | country rice,145.94,128.00,a plate of chicken with green onions,253.00,160.00,0.000
dish_1565204931,chicken thighs | white rice | caesar salad | brussels sprouts,391.33,515.00,"A plate with Caesar salad, roasted Brussels sprouts and rice",680.00,600.00,0.750
dish_1565207631,white rice,64.41,54.00,"A small plate containing fried chicken, green onion, and mushrooms.",263.00,130.00,0.000
dish_1565207694,white rice | country rice | fish | broccoli,173.79,178.00,Chicken with broccoli and green beans,270.00,260.00,0.200
dish_1565207815,brussels sprouts,40.85,80.00,Plate of roasted Brussels sprouts,54.00,100.00,1.000
dish_1565207727,broccoli | white rice | fish | pizza | country rice,314.77,231.00,"A plate with chicken, pizza slice, and broccoli.",600.00,370.00,0.400
dish_1565207865,brussels sprouts,112.96,129.00,Plate with salad and roasted brussel sprouts,123.00,230.00,0.333
dish_1565207896,brussels sprouts | tofu,298.38,383.00,"a plate of rice, tofu, broccoli, brussels sprouts and salad",400.00,550.00,0.500
dish_1565208562,caesar salad,40.48,92.00,"Caesar salad with romaine lettuce, parmesan cheese, croutons, and Caesar dressing",278.00,115.00,0.250
dish_1565208611,brussels sprouts | caesar salad,73.67,157.00,A Caesar salad served with brussels sprouts.,225.00,350.00,1.000
dish_1565208637,chicken thighs | white rice | caesar salad | brussels sprouts,250.19,305.00,"Chicken with brussels sprouts, parmesan cheese and croutons. Dressing is visible, appears to be Caesar.",615.00,285.00,0.500
dish_1565209922,white rice | chicken thighs,201.57,169.00,A serving of egg foo young.,320.00,150.00,0.000
dish_1565209963,chicken thighs | white rice | brussels sprouts,244.46,253.00,A plate with pulled chicken and roasted brussel sprouts.,370.00,250.00,0.667
dish_1565210009,white rice | chicken thighs | brussels sprouts,263.82,290.00,"A plate with pulled jackfruit, roasted brussels sprouts, and green beans.",255.00,450.00,0.200
dish_1565210037,brussels sprouts | white rice | pineapple | chicken thighs,291.82,346.00,"A meal consisting of chicken stir-fry, broccoli, green beans, and potatoes.",385.00,425.00,0.143
dish_1565369938,bacon,167.71,31.00,Plate with bacon,137.00,35.00,1.000
dish_1565210073,brussels sprouts | white rice | pineapple | chicken thighs | caesar salad,364.42,511.00,"Plate with fried chicken, caesar salad, broccoli, green beans, and potatoes",600.00,600.00,0.250
dish_1565369971,green beans | bacon,221.60,134.00,A simple meal with cooked green beans and bacon.,161.00,150.00,1.000
dish_1565370004,bacon | scrambled eggs | green beans,570.88,370.00,"A plate with scrambled eggs, bacon and green beans.",367.00,300.00,1.000
dish_1565378680,,92.42,81.00,A small portion of couscous with some vegetables.,180.00,150.00,0.000
dish_1565378731,carrot,154.36,207.00,A plate with couscous and cooked carrots.,226.00,200.00,1.000
dish_1565379251,carrot,32.94,67.00,Small portion of cooked carrots,41.00,85.00,1.000
dish_1565378770,pork | carrot,319.28,287.00,"A healthy meal consisting of grilled tempeh, cooked carrots, and wheat berry salad with greens",508.00,472.00,0.333
dish_1565379320,pork | sugar | white rice | carrot,404.01,247.00,"A plate of stir-fried pork with rice and vegetables, accompanied by roasted carrots.",530.00,400.00,0.500
dish_1565379377,sugar | caesar salad | carrot | pork,470.01,397.00,"A plate with chicken and rice stir fry, caesar salad, and roasted sweet potatoes",520.00,470.00,0.167
dish_1565379788,carrot,49.65,101.00,A small serving of cooked carrots.,41.00,100.00,1.000
dish_1565379827,carrot | rice noodles,150.53,235.00,Plate with noodles and sausages.,530.00,300.00,0.333
dish_1565382733,pepperoni pizza,287.64,102.00,A single slice of pepperoni pizza,250.00,100.00,1.000
dish_1565379868,pork | rice noodles | sugar | carrot,560.77,434.00,"A plate with noodle salad, fried rice with pork, and cooked carrots.",725.00,650.00,0.750
dish_1565382762,pepperoni pizza,305.83,139.00,A meal consisting of pepperoni pizza and persimmon slices.,516.00,280.00,0.500
dish_1565382803,roasted potatoes | pepperoni pizza,359.41,177.00,"A meal consisting of pizza, roasted red bell peppers and potatoes.",410.00,270.00,0.667
dish_1565382833,tofu | pepperoni pizza | roasted potatoes,396.64,228.00,"A plate of pepperoni pizza, tofu and vegetable.",465.00,370.00,0.500
dish_1565382969,spinach (raw),13.11,57.00,Bowl of spinach,14.00,70.00,1.000
dish_1565382856,pepperoni pizza | tofu | rice noodles | roasted potatoes,446.33,294.00,"A plate with a slice of pepperoni pizza, Asian noodles, roasted red pepper, tofu, and potatoes.",699.00,475.00,1.000
dish_1565382886,tofu | roasted potatoes | caesar salad | rice noodles | pepperoni pizza,470.09,348.00,"A plate of mixed foods including salad, noodles, pizza, roasted vegetables, and tofu.",830.00,710.00,0.833
dish_1565382995,spinach (raw) | cucumbers,23.21,158.00,Spinach and cucumber salad,29.00,200.00,1.000
dish_1565383026,spinach (raw) | cucumbers,171.56,287.00,A spinach salad with cucumber and red beans.,142.00,150.00,0.667
dish_1565383062,chicken,362.96,403.00,Chicken and olive salad with spinach and cucumbers.,238.00,210.00,0.250
dish_1565383097,chicken | parmesan cheese,479.25,430.00,"Salad with chicken, olives, cheese, spinach and cucumber.",343.00,200.00,0.400
dish_1565627751,sweet potato,68.91,72.00,Small plate of roasted sweet potatoes,86.00,100.00,1.000
dish_1565383128,parmesan cheese | chicken,600.28,456.00,"Salad with spinach, chicken, olives, parmesan cheese, cucumber and dressing",547.00,260.00,0.500
dish_1565383159,parmesan cheese | chicken,706.36,468.00,"A salad with spinach, cucumber, olives, parmesan, chicken, and dressing.",512.00,300.00,0.400
dish_1565627800,sweet potato | egg whites,167.19,261.00,A plate of roasted sweet potato and cottage cheese.,224.00,200.00,0.333
dish_1565637123,pasta salad,229.71,114.00,A small side salad consisting of mixed greens and pasta salad.,180.00,175.00,1.000
dish_1565637504,pineapple,28.00,56.00,A small portion of pineapple chunks.,63.00,100.00,1.000
dish_1565637162,pasta salad | pork,581.51,286.00,"A plate with rice, meat stew, macaroni salad, and mixed greens.",748.00,450.00,0.000
dish_1565637548,pineapple | quinoa,93.44,102.00,A plate with buckwheat and pineapple.,255.30,309.00,0.333
dish_1565637578,pineapple | quinoa | chicken breast,197.30,168.00,"A plate of food containing breaded chicken, cooked buckwheat, pineapple, and some peppers and onions.",497.00,450.00,0.400
dish_1565638287,pork | white rice,357.93,175.00,Plate of pulled pork with rice and greens,440.00,300.00,1.000
dish_1565637608,pork | quinoa | chicken breast | pineapple,422.29,278.00,"A dish consisting of buckwheat, rice, tofu, pineapple, and zucchini.",487.00,600.00,0.125
dish_1565638323,pork | brown rice,467.82,274.00,"Pork, Tofu, Rice and Green meal.",730.00,450.00,0.667
dish_1565638478,green beans,47.62,91.00,A plate of cooked asparagus.,30.00,200.00,0.000
dish_1565638515,pork | green beans,198.97,165.00,Plate of asparagus and cooked chicken pieces,130.00,220.00,0.000
dish_1565638365,pork | brown rice,612.35,389.00,"A plate with mixed green salad, pulled pork, brown rice and roasted vegetables.",600.00,550.00,0.667
dish_1565638550,pork | chicken breast | green beans,277.66,215.00,Chicken with asparagus and artichoke hearts.,250.00,275.00,0.250
dish_1565638599,green beans | pork | chicken breast | quinoa,368.70,279.00,"A plate of chicken strips, asparagus, and buckwheat.",535.00,470.00,0.200
dish_1565640195,bell peppers,21.60,54.00,Chopped bell peppers,15.00,50.00,1.000
dish_1565640227,bell peppers | pepperoni pizza,334.62,165.00,A meal consisting of two slices of pizza and a side of mixed bell peppers (red and green).,316.00,250.00,1.000
dish_1565640272,bell peppers | pepperoni pizza | cherry tomatoes,377.82,405.00,Pizza with bell peppers and cherry tomatoes,400.00,400.00,1.000
dish_1565640427,brownies,195.76,42.00,Tofu and basil leaf on a plate,31.00,16.00,0.000
dish_1565640528,arugula | mangos | tomatoes,38.55,105.00,"A light salad with greens, tomato, and mango.",48.00,210.00,0.667
dish_1565640365,cherry tomatoes | chicken breast | pepperoni pizza,720.89,623.00,"Plate with a variety of foods including chicken strips, pizza slices, vegetables, olives, and artichoke hearts.",770.00,620.00,0.750
dish_1565640549,tomatoes | arugula | mangos,45.48,139.00,"Salad with asparagus, mango, and tomato",95.00,325.00,0.667
dish_1565640772,chicken,241.17,191.00,Salad with mixed greens and grilled chicken,220.00,200.00,1.000
dish_1565640576,white rice | pork,307.29,267.00,Pork cubes with rice and mixed salad,480.00,550.00,0.500
dish_1565640601,chicken breast | pork,411.15,333.00,Pork with mixed greens and vegetables,315.00,350.00,0.200
dish_1565640812,black beans | chicken,297.93,234.00,"Salad with mixed greens, black beans and tofu.",315.00,275.00,0.333
dish_1565640842,chicken | black beans,307.43,329.00,"Salad with mixed greens, cucumber, black beans, and diced chicken.",269.00,400.00,0.667
dish_1565640868,black beans | chicken,395.98,406.00,"Salad with mixed greens, cucumbers, grapes and chicken.",225.00,345.00,0.250
dish_1565640894,chicken | black beans | parmesan cheese,464.89,422.00,"Salad with mixed greens, cucumber, grapes, parmesan cheese, and croutons",229.00,335.00,0.167
dish_1565640914,black beans | parmesan cheese | chicken,774.29,457.00,"Salad with mixed greens, cucumber, red grapes, Parmesan cheese, and croutons.",214.00,320.00,0.167
dish_1565641844,cheese pizza,244.63,92.00,A slice of pizza on a white plate.,280.00,100.00,1.000
dish_1565641885,cheese pizza,254.22,139.00,A plate with a pizza slice and asparagus,310.00,200.00,1.000
dish_1565711083,bacon,178.53,33.00,Three strips of cooked bacon on a white plate.,150.00,60.00,1.000
dish_1565641915,cheese pizza | quinoa,326.76,190.00,"Plate with pizza slice, buckwheat, and asparagus",520.00,370.00,0.333
dish_1565641943,cheese pizza | quinoa | chicken breast,510.89,307.00,"A plate with pizza, chicken, asparagus and buckwheat.",657.00,370.00,0.500
dish_1565711115,bacon | egg whites,321.53,308.00,A plate of scrambled eggs and bacon,344.00,208.00,1.000
dish_1565711270,cantaloupe,31.62,93.00,Diced cantaloupe on a white plate,34.00,100.00,1.000
dish_1565711154,bacon | granola | egg whites,421.62,385.00,"A plate with scrambled eggs, bacon and salad",356.00,250.00,0.667
dish_1565711296,cantaloupe | grapes,43.35,110.00,Plate of fruit: grapes and cantaloupe.,77.00,180.00,1.000
dish_1565711183,bacon | granola | egg whites | brussels sprouts,460.42,461.00,"Plate with mashed cauliflower, brussels sprouts, bacon, and mixed green salad",305.00,550.00,0.400
dish_1565711453,scrambled eggs,198.32,134.00,A portion of scrambled eggs on a white plate,206.00,150.00,1.000
dish_1565711326,yam | cantaloupe | sweet potato,296.09,285.00,"Plate with cantaloupe, grapes, and roasted potatoes.",258.00,400.00,0.500
dish_1565711358,yam | cantaloupe | sweet potato | egg whites,490.05,658.00,"A light meal of cottage cheese, cantaloupe, roasted sweet potato and grapes.",420.00,530.00,0.333
dish_1565711498,brussels sprouts | scrambled eggs,246.83,229.00,A plate with scrambled eggs and roasted brussel sprouts,345.00,350.00,1.000
dish_1565711527,brussels sprouts | scrambled eggs | hash browns,484.81,302.00,"A breakfast plate with scrambled eggs, brussels sprouts, and hash browns",525.00,450.00,1.000
dish_1565721800,zucchini | chayote squash,33.35,171.00,Sautéed yellow squash and zucchini,35.00,180.00,1.000
dish_1565711570,brussels sprouts | scrambled eggs | hash browns | bacon,603.83,324.00,"Breakfast with scrambled eggs, hash browns, bacon and brussels sprouts",620.00,465.00,1.000
dish_1565721828,zucchini | chayote squash | roasted potatoes,129.23,239.00,"Plate of roasted yellow squash, zucchini and potatoes.",135.00,320.00,1.000
dish_1565724050,arugula,84.72,72.00,Arugula salad with onions,29.00,110.00,0.500
dish_1565724196,broccoli,45.68,82.00,A serving of steamed broccoli,31.00,100.00,1.000
dish_1565724087,chicken | arugula,230.61,160.00,Salmon with a side salad,275.00,220.00,0.000
dish_1565721855,chicken | roasted potatoes,479.03,450.00,"A plate with chicken breast, squash (yellow and zucchini), lentils and roasted potatoes.",400.00,430.00,0.500
dish_1565724235,chicken | broccoli,256.23,209.00,"A plate with chicken, broccoli and wheat grains.",248.00,280.00,0.667
dish_1565724509,chayote squash | zucchini,30.81,158.00,A small plate of sliced cooked zucchini and yellow squash,35.00,150.00,1.000
dish_1565724552,zucchini | broccoli | chayote squash,108.80,298.00,"Plate with broccoli, squash, and a pecan.",68.00,252.00,0.500
dish_1565724269,pizza | chicken | broccoli,527.55,311.00,"A plate with broccoli, roast chicken, lentils, and pizza with squash.",498.00,360.00,0.750
dish_1565725009,,50.60,44.00,A small bowl of kalamata olives.,100.00,50.00,0.000
dish_1565724588,broccoli | roasted potatoes | chayote squash,266.72,410.00,"A plate with vegetables including broccoli, zucchini, and potatoes.",220.00,460.00,0.500
dish_1565725047,carrot,77.66,110.00,Bowl of shredded carrots.,50.00,100.00,1.000
dish_1565724620,broccoli | roasted potatoes | chicken,473.95,535.00,"A plate with roasted chicken, broccoli, squash and zucchini, and roasted potatoes.",430.00,535.00,0.750
dish_1565725071,carrot | bell peppers,109.66,190.00,"A bowl of raw vegetables including shredded carrots, red bell pepper, green bell pepper, and black olives.",142.00,310.00,1.000
dish_1565725095,cherry tomatoes | carrot | bell peppers,121.72,257.00,"A simple raw salad consisting of cherry tomatoes, shredded carrots and bell peppers.",75.00,325.00,1.000
dish_1565725123,bell peppers | carrot | chicken,430.27,444.00,Salad with chicken and vegetables,350.00,400.00,0.750
dish_1565725156,carrot | bell peppers | chicken,452.67,500.00,"Chicken salad with tomatoes, carrots, onions, and bell peppers.",311.00,450.00,0.600
dish_1565726812,broccoli,36.21,65.00,Small portion of broccoli,25.00,85.00,1.000
dish_1565726848,broccoli | arugula,102.11,121.00,"Simple salad of kale, broccoli, and arugula",42.00,120.00,0.667
dish_1565725188,bell peppers | chicken | parmesan cheese,543.12,521.00,"Salad with lettuce, tomato, carrot, red onion, parmesan cheese and croutons",306.00,230.00,0.125
dish_1565725244,parmesan cheese | chicken | bell peppers | caesar dressing,573.55,590.00,"Chicken salad with Parmesan, onion, cherry tomatoes, carrots and hummus",555.00,415.00,0.250
dish_1565726887,roasted potatoes | arugula | broccoli,174.02,172.00,"Salad with mixed greens, broccoli, roasted potatoes and walnuts",250.00,275.00,0.500
dish_1565727738,,2.52,9.00,A bowl of mixed green salad.,20.00,100.00,
dish_1565726915,roasted potatoes | squash | broccoli,196.88,251.00,"Plate of yellow squash, salad, roasted potatoes, broccoli and walnuts.",220.00,455.00,0.750
dish_1565726949,roasted potatoes | beef,451.55,372.00,"Pork loin with arugula salad, roasted yellow squash, zucchini and broccoli.",405.00,600.00,0.000
dish_1565727765,broccoli,26.32,77.00,A salad of mixed greens and broccoli,54.00,200.00,1.000
dish_1565727791,broccoli | parmesan cheese,121.07,99.00,"Salad with mixed greens, broccoli and Parmesan cheese",161.00,211.00,1.000
dish_1565727821,parmesan cheese | chicken | broccoli,281.12,196.00,"Salad with mixed greens, grilled chicken, broccoli, and Parmesan cheese.",256.00,279.00,1.000
dish_1565727851,broccoli | parmesan cheese | chicken,406.47,305.00,"Salad with mixed greens, kidney beans, chicken, broccoli, and Parmesan cheese",385.00,365.00,0.750
dish_1565727875,parmesan cheese | black beans | chicken,485.67,365.00,"Salad with lettuce, beans, tofu and broccoli.",341.00,430.00,0.143
dish_1565727921,black beans | chicken | parmesan cheese,768.55,397.00,"Salad with mixed greens, black beans, kidney beans, broccoli, and tofu",330.00,430.00,0.167
dish_1565728388,cheese pizza,124.97,47.00,A single slice of pizza on a white plate.,180.00,70.00,1.000
dish_1565728415,cheese pizza | beef,194.43,80.00,A plate with a slice of pizza and an artichoke.,210.00,140.00,0.333
dish_1565728453,beef | cheese pizza | chicken,293.90,140.00,"A plate with a slice of pizza, a piece of roasted chicken, and a cooked mushroom.",450.00,200.00,0.500
dish_1565728494,roasted potatoes | chicken | beef | cheese pizza,326.33,163.00,"A plate containing a slice of pizza, roast beef, a chicken drumstick, and potatoes.",650.00,330.00,1.000
dish_1565728562,beef | chicken | roasted potatoes | cheese pizza | squash,354.98,262.00,"A meal consisting of pizza, roast chicken, pork, and roasted vegetables.",780.00,450.00,0.500
dish_1565728591,squash | beef | chicken | cheese pizza | roasted potatoes | broccoli,388.41,322.00,"A meal consisting of pizza, chicken, broccoli and squash.",450.00,405.00,0.667
dish_1565797645,watermelon,21.00,70.00,A plate of diced watermelon.,30.00,100.00,1.000
dish_1565728634,chicken | beef | roasted potatoes | cheese pizza | pineapple,436.41,418.00,"A meal consisting of vegetables, fruits, meat and pizza.",630.00,545.00,0.429
dish_1565797671,watermelon,39.24,102.00,"A small portion of watermelon, strawberries and blueberries.",53.00,200.00,1.000
dish_1565728684,cheese pizza | beef | chicken | roasted potatoes | pineapple,493.30,464.00,"A plate of mixed foods including salad, pizza, fruit, vegetables, and roasted meats.",630.00,610.00,0.375
dish_1565797699,granola | watermelon,128.93,171.00,A small plate of mixed green salad with fruit,75.00,300.00,0.500
dish_1565797723,scrambled eggs | granola | watermelon,202.93,221.00,"Plate with watermelon, strawberries, blueberries, mixed greens salad, blackberries, and scrambled eggs.",265.00,470.00,0.667
dish_1565798531,cherry tomatoes | lettuce | lime | onions | cucumbers,61.58,61.00,"A light salad with spinach, carrots, cucumber, and tomato.",33.00,115.00,0.286
dish_1565798558,broccoli,88.32,109.00,"Simple salad with spinach, carrots, cucumber, tomato, and broccoli.",57.00,180.00,0.200
dish_1565798591,egg whites | broccoli,148.12,224.00,"A plate with spinach salad, broccoli, and mashed cauliflower.",120.00,430.00,0.250
dish_1565799507,sweet potato,74.65,78.00,Side dish of roasted sweet potatoes,104.00,100.00,1.000
dish_1565798617,egg whites | broccoli,197.71,311.00,"Plate of spinach salad with various berries, cottage cheese, and broccoli.",283.00,630.00,0.143
dish_1565799565,sweet potato | egg whites,240.01,396.00,A plate with cottage cheese and roasted sweet potatoes. A relatively simple and healthy meal.,307.00,312.00,0.333
dish_1565799597,egg whites | watermelon | sweet potato,258.31,457.00,"A plate with cottage cheese, roasted sweet potato, and watermelon pieces.",321.00,401.00,0.500
dish_1565799617,egg whites | watermelon | sweet potato,294.22,520.00,"A meal containing cottage cheese, roasted sweet potatoes, strawberries, and blueberries.",370.00,500.00,0.250
dish_1565808943,cherry tomatoes,13.32,74.00,A bowl of cherry tomatoes.,18.00,100.00,1.000
dish_1565808975,cherry tomatoes | onions,35.72,130.00,A bowl of cherry tomatoes and sliced red onion,58.00,200.00,1.000
dish_1565799663,salsa | watermelon | egg whites | sweet potato,314.81,591.00,"A breakfast plate with scrambled eggs, sweet potato cubes, salsa verde, blueberries, strawberries, and watermelon.",399.00,465.00,1.000
dish_1565809033,bell peppers | onions | tuna,341.42,433.00,Tuna salad with peppers and red onions,425.00,265.00,1.000
dish_1565809080,onions | tuna | carrot | bell peppers,362.74,485.00,"A bowl of tuna salad with shredded carrots, diced red onions, celery, and bell pepper.",320.00,290.00,0.800
dish_1565810146,arugula,36.45,29.00,Arugula salad on a plate.,25.00,100.00,1.000
dish_1565809120,bell peppers | onions | tuna | carrot,365.63,502.00,"A bowl of tuna salad with shredded carrots, bell peppers, and red onions mixed in.",365.00,350.00,1.000
dish_1565810205,tofu,126.97,153.00,A meal consisting of arugula salad and brown rice with stir-fried vegetables.,320.00,300.00,0.000
dish_1565810969,spinach (raw),4.60,20.00,A bowl of spinach.,14.00,70.00,1.000
dish_1565810237,tofu | chicken thighs,349.87,306.00,"A balanced meal with arugula salad, rice with vegetables, and a tofu stir-fry.",575.00,450.00,0.250
dish_1565811000,chicken,342.85,225.00,Chicken and Spinach Salad,279.00,200.00,0.500
dish_1565811025,chicken | broccoli,361.05,277.00,"A salad with chicken, broccoli, and spinach",264.00,250.00,0.667
dish_1565811287,bok choy,16.51,127.00,A plate of bok choy.,20.00,100.00,1.000
dish_1565811061,chicken | carrot,380.32,324.00,"Salad with chicken, spinach, broccoli, and shredded carrots.",245.00,295.00,0.500
dish_1565811091,chicken | goat cheese,504.40,371.00,"Salad with spinach, shredded carrots, broccoli florets and feta cheese",148.00,170.00,0.200
dish_1565811139,goat cheese | chicken,902.20,416.00,"Salad with spinach, shredded carrots, broccoli, and tofu",174.00,380.00,0.000
dish_1565811335,bok choy,121.48,219.00,"A plate with bok choy, cooked lentils with vegetables and butternut squash.",322.00,290.00,0.333
dish_1565811390,salmon | bok choy,205.09,266.00,"A plate with cooked bok choy, cooked lentils with some vegetables and chicken pieces.",365.00,400.00,0.250
dish_1565811529,spinach (raw),116.84,104.00,"A small salad of mixed greens with some carrots, radishes and red onion.",70.00,260.00,0.000
dish_1565811423,salmon | bok choy | chicken thighs,240.06,290.00,"A plate with bok choy, lentils, butternut squash and cooked chicken.",400.00,350.00,0.400
dish_1565811588,chicken thighs,348.48,263.00,A plate with mixed greens salad and coleslaw with chicken.,390.00,400.00,1.000
dish_1565812116,arugula,44.44,36.00,A simple arugula salad.,50.00,100.00,1.000
dish_1565812146,arugula | pineapple,72.94,93.00,"Arugula, pineapple and walnut salad",196.00,195.00,0.667
dish_1565812186,chicken thighs | pineapple,324.98,266.00,"A plate with pulled chicken, arugula salad and pineapple chunks.",330.00,310.00,0.667
dish_1565813386,tofu,113.88,156.00,Brown rice with tofu and vegetables,426.00,350.00,0.333
dish_1565813414,tofu,139.72,179.00,"A plate with brown rice, tofu, radish and mixed greens salad.",274.00,260.00,0.333
dish_1565884692,egg whites,212.16,408.00,A plate of paneer cubes.,450.00,200.00,0.000
dish_1565813446,tofu,202.68,230.00,"A plate of mixed salad with arugula, brown rice, tofu and radish.",403.00,360.00,0.250
dish_1565884738,watermelon | egg whites,228.66,463.00,A plate of mozzarella cheese and watermelon.,480.00,250.00,0.333
dish_1565884766,waffles | egg whites,469.61,546.00,"A breakfast with watermelon, scrambled eggs, and waffle.",453.00,330.00,0.667
dish_1565894858,cookies,132.84,27.00,A single chocolate chip cookie on a white plate.,200.00,40.00,0.000
dish_1565884833,egg whites | waffles | salsa,497.74,643.00,"A plate with waffle, queso fresco topped with salsa verde, and watermelon.",445.00,355.00,0.400
dish_1565894889,cheese pizza | cookies,257.81,74.00,A slice of pizza and a chocolate chip cookie served on a plate.,425.00,135.00,0.333
dish_1565894910,pizza | cheese pizza | cookies,537.11,179.00,"Two slices of pizza, one cheese and one pepperoni, with a chocolate chip cookie.",1300.00,400.00,0.500
dish_1565895808,green beans,51.80,99.00,A serving of steamed or sauteed green beans.,31.00,100.00,1.000
dish_1565895879,kale | chard | green beans,96.68,231.00,A plate with green beans and kale.,93.00,270.00,0.667
dish_1565895966,kale | green beans | chard | beef,214.54,287.00,"A plate of steak, green beans, and kale.",334.00,350.00,0.500
dish_1565896662,chard | kale,19.38,57.00,A small serving of swiss chard.,30.00,100.00,0.500
dish_1565896039,kale | quinoa | green beans | beef,352.53,384.00,"A meal with green beans, kale, beef and quinoa",503.00,450.00,1.000
dish_1565896701,chard | kale | lime | garlic | cauliflower,294.47,184.00,Beef stew with beet greens,280.00,250.00,0.000
dish_1565897569,cauliflower | garlic | lime,324.91,150.00,buckwheat with spinach,200.00,200.00,0.000
dish_1565896745,arugula | garlic | walnuts | cauliflower | chard | kale | lime,368.54,244.00,"A plate with salmon, arugula, beet greens, and radishes.",290.00,350.00,0.100
dish_1565897617,green beans,356.83,211.00,A plate with ground beef and vegetable stir-fry and green beans,390.00,400.00,0.500
dish_1565897680,blue cheese | walnuts,770.45,405.00,"Plate with green beans, mixed greens salad and grain based salad.",257.00,350.00,0.000
dish_1565898128,salmon | brown rice,209.03,134.00,A serving of fish with rice and some sauce.,405.00,350.00,0.333
dish_1565898158,salmon | green beans | brown rice,240.43,194.00,"A plate with fish, rice and green beans.",480.00,400.00,0.500
dish_1565898193,brown rice | green beans | salmon,291.91,268.00,"A plate with fish, green beans, brown rice, and mixed greens salad.",330.00,405.00,0.500
dish_1565898331,salmon | brown rice,155.99,100.00,"Small portion of rice, spinach and meat on a plate",189.00,145.00,0.333
dish_1565898230,beef | salmon,780.20,500.00,"Plate with baked fish, green beans, salad, rice, and meatballs",531.00,550.00,0.000
dish_1565898361,beef | salmon,370.67,202.00,"A meal with beef slices, spinach, rice, olives, tomatoes and carrot.",475.00,415.00,0.167
dish_1565898402,salmon | beef,384.80,229.00,"Plate with beef steak and rice, spinach, green beans and a side plate with black olives, cherry tomatoes and shredded carrots",485.00,550.00,0.167
dish_1565898432,salmon | beef,450.22,282.00,"Plate with steak, brown rice, spinach, arugula, and green beans.",411.00,282.00,0.000
dish_1565898489,,46.00,40.00,"A plate with olives and another plate with cooked fish, green beans and cherry tomatoes",259.00,235.00,0.000
dish_1565898511,cherry tomatoes,57.16,102.00,A side dish of cherry tomatoes and olives,67.00,80.00,0.500
dish_1565898544,cherry tomatoes | salmon | brown rice,181.95,182.00,"A light meal consisting of fish, cherry tomatoes, olives and green beans",204.00,370.00,0.200
dish_1565898590,salmon | cherry tomatoes | carrot | brown rice,212.70,257.00,"Plate of cooked fish, vegetables (cherry tomatoes, olives, green beans), and shredded carrots.",290.00,470.00,0.333
dish_1565972363,egg whites,289.64,557.00,A plate of feta cheese.,657.00,250.00,0.000
dish_1565898723,tuna | salmon | carrot,603.39,588.00,"A plate with tuna salad, a sliced hard boiled egg, cherry tomatoes, green beans, shredded carrots, and olives.",548.00,580.00,0.333
dish_1565898659,tuna | salmon | carrot,576.70,537.00,"A plate with tuna salad, shredded carrots, cherry tomatoes, olives, sardines, and a hard boiled egg.",648.00,550.00,0.333
dish_1565898758,tuna | carrot | salmon,612.99,612.00,"A plate with tuna salad, fish, and various vegetables including green beans, carrots, olives, cherry tomatoes and red onions.",480.00,650.00,0.250
dish_1565972384,sweet potato | egg whites,432.24,706.00,A plate with roasted potatoes and cottage cheese.,400.00,400.00,0.333
dish_1565972591,chicken apple sausage,195.20,122.00,Plate of sausage slices,180.00,60.00,1.000
dish_1565972429,egg whites | sweet potato | salsa,468.49,831.00,"A plate with Fufu, cooked yams, and stew.",552.00,550.00,0.000
dish_1565972628,chicken apple sausage | scrambled eggs,545.96,359.00,A plate with scrambled eggs and sausage.,520.00,300.00,1.000
dish_1565974375,bacon,459.85,85.00,A plate of crispy bacon,360.00,100.00,1.000
dish_1565972674,scrambled eggs | chicken apple sausage,613.59,426.00,"A plate with scrambled eggs, sausage and spinach salad.",560.00,400.00,0.667
dish_1565972715,scrambled eggs | chicken apple sausage,657.55,510.00,"A plate of scrambled eggs, sausage, green beans, and spinach with carrots.",480.00,375.00,0.500
dish_1565974409,chicken apple sausage | bacon,688.65,228.00,A plate with bacon and sausage.,450.00,175.00,1.000
dish_1565981769,carrot,23.10,47.00,Small portion of boiled potatoes.,69.00,80.00,0.000
dish_1565981802,carrot | tofu,99.75,152.00,"Tofu with carrots, beets, and some green vegetables.",145.00,250.00,0.500
dish_1565984245,carrot,38.34,78.00,Plate with roasted carrots and a bean,83.00,195.50,0.500
dish_1565981848,carrot | tofu | fish,147.41,198.00,"A plate with fish, buckwheat, tofu, carrots, beets, and green vegetables.",530.00,530.00,0.500
dish_1565981898,fish | tofu | arugula | carrot,260.98,290.00,"Salad with arugula, carrots, lentils, beets and tofu",286.00,405.00,0.500
dish_1565984299,carrot | cauliflower,93.34,298.00,A plate with cooked carrots and cauliflower.,112.00,275.00,1.000
dish_1565984345,cauliflower | ground turkey | carrot,210.36,353.00,"A plate with carrots, cauliflower, and meatloaf",311.00,350.00,0.500
dish_1565984434,quinoa | ground turkey | cauliflower | carrot,319.89,430.00,"A plate of roasted carrots, cauliflower, buckwheat and a portion of meatloaf.",406.00,471.00,0.333
dish_1565986702,fish,211.34,204.00,"Herring with lentils, spinach, and red pepper",348.00,280.00,0.000
dish_1565987015,spinach (raw),14.72,64.00,A bowl of fresh spinach leaves.,23.00,100.00,1.000
dish_1565986733,ground turkey | fish,387.93,287.00,A plate of chiles rellenos served with fresh spinach and lentils.,390.00,250.00,0.000
dish_1565987054,spinach (raw) | chicken,260.57,213.00,"A bowl of spinach and tofu, with a few edamame.",218.00,215.00,0.250
dish_1565987081,spinach (raw) | chicken,268.07,288.00,"A salad with spinach, cucumber and chicken",204.00,225.00,0.667
dish_1565987116,chicken,393.42,397.00,"A salad with spinach, cucumber, chicken, and olives",316.00,310.00,0.250
dish_1565987269,cheese pizza,119.65,45.00,A single slice of pizza.,250.00,100.00,1.000
dish_1565987142,parmesan cheese | chicken,518.32,426.00,"Salad with spinach, cucumber, olives, parmesan, and chicken",339.00,218.00,0.400
dish_1565987298,ground turkey | cheese pizza,211.14,88.00,A plate with meatloaf and pizza,435.00,210.00,0.333
dish_1566316496,bell peppers,121.10,64.00,A simple spinach salad with shredded carrots and some slices of tomato.,45.00,150.00,0.000
dish_1565987201,parmesan cheese | caesar dressing | chicken,560.66,522.00,"A salad with spinach, cucumber, olives, parmesan, chicken, and creamy dressing.",482.00,338.00,0.333
dish_1566316525,bacon,223.89,83.00,Spinach salad with bacon,290.00,150.00,0.500
dish_1566316681,sweet potato,116.76,122.00,A serving of fried tofu cubes,160.00,100.00,0.000
dish_1566316558,scrambled eggs | bacon,490.29,263.00,A plate of scrambled eggs with bacon and spinach salad with carrots.,470.00,375.00,0.500
dish_1566316587,bacon | scrambled eggs | hash browns,646.77,311.00,"Breakfast with scrambled eggs, hash browns, bacon, and spinach salad.",750.00,500.00,0.750
dish_1566316612,hash browns | bacon | scrambled eggs,665.24,367.00,"Breakfast with scrambled eggs, bacon, hash browns, eggplant, and spinach salad",586.00,510.00,0.600
dish_1566316726,egg whites | sweet potato,409.52,685.00,A plate with scrambled eggs and fried potatoes.,380.00,280.00,1.000
dish_1566316757,sweet potato | egg whites | salsa,448.38,819.00,"A plate with cottage cheese, fried potatoes and salsa verde",370.00,320.00,0.500
dish_1566317711,oatmeal,123.76,182.00,Oatmeal with berries,245.00,450.00,1.000
dish_1566317775,oatmeal,237.40,410.00,Bowl of raspberries,55.00,100.00,0.000
dish_1566317742,oatmeal,154.72,254.00,A breakfast with oatmeal and berries.,261.00,440.00,1.000
dish_1566317801,brown sugar | oatmeal,275.40,420.00,A bowl of raspberries with brown sugar.,108.00,114.00,0.500
dish_1566328724,chicken,275.55,167.00,A plate of diced chicken breast.,223.00,120.00,1.000
dish_1566328745,chicken,282.03,203.00,Plate of diced chicken and cherry tomatoes.,289.00,200.00,0.500
dish_1566328776,chicken | pizza,901.81,436.00,"A plate with pineapple pizza, diced chicken and cherry tomatoes.",880.00,500.00,0.667
dish_1566328805,pizza | chicken,927.81,488.00,"A plate of food with pizza, pineapple, cherry tomatoes, and chicken.",820.00,530.00,0.500
dish_1566328894,cheese pizza,236.65,89.00,Two slices of pizza on a white plate,450.00,180.00,1.000
dish_1566328929,beef | cheese pizza,396.61,165.00,A plate with pizza and steak.,450.00,175.00,0.500
dish_1566328961,cheese pizza | millet | beef | chicken,605.82,308.00,"A plate with a few slices of pizza, chicken with sauce and steak.",580.00,245.00,0.500
dish_1566328831,pizza | chicken,941.61,500.00,"A plate with Hawaiian pizza, diced chicken, pineapple chunks, cherry tomatoes, and olives.",925.00,650.00,0.500
dish_1566328988,beef | fried rice | chicken | cheese pizza,747.75,398.00,"A plate with pizza, beef, chicken, and rice.",1112.00,460.00,1.000
dish_1566329021,beef | cheese pizza | chicken | fried rice,792.68,486.00,"A plate with pizza, chicken with sauce, steak, brussels sprouts, and yellow rice.",1085.00,620.00,0.600
dish_1566329203,cauliflower,94.25,377.00,A plate of cooked cauliflower.,82.00,200.00,1.000
dish_1566329234,cauliflower | beef,262.63,457.00,A plate with cooked cauliflower and meatloaf.,396.00,620.00,0.333
dish_1566329049,beef | chicken | cheese pizza | fried rice,814.93,575.00,"A meal with pizza, rice, chicken, brussels sprouts, roast beef, and cauliflower.",939.00,685.00,0.667
dish_1566329257,tofu | beef | cauliflower,321.03,537.00,"A meal with cauliflower, tofu and meatloaf",465.00,800.00,0.500
dish_1566330399,millet | beef,265.19,126.00,A tuna steak served with spinach,225.00,146.00,0.000
dish_1566330428,beef | millet | cauliflower,290.69,228.00,"Beef, spinach and cauliflower on a plate",307.00,280.00,0.500
dish_1566330466,beef | fried rice | cauliflower,377.43,283.00,"A meal consisting of beef roast, cauliflower, rice pilaf and some spinach",655.00,480.00,0.750
dish_1566331801,chicken | millet,296.99,203.00,A portion of chicken with tomato sauce.,225.00,150.00,0.500
dish_1566331828,chicken | millet | brussels sprouts,349.58,306.00,A plate with chicken with tomato sauce and roasted brussel sprouts.,295.00,300.00,0.667
dish_1566331868,brussels sprouts | millet | chicken | fried rice,453.67,372.00,"A plate with rice, chicken with tomato sauce, and brussels sprouts.",500.00,450.00,0.750
dish_1566332040,spinach (raw),14.95,65.00,Bowl of fresh spinach,21.00,100.00,1.000
dish_1566331914,chicken | fried rice | brussels sprouts | millet,589.50,481.00,"Plate with roasted brussels sprouts, rice, chicken and salad",550.00,525.00,0.750
dish_1566332085,spinach (raw) | cucumbers,24.75,163.00,A bowl of fresh spinach and sliced cucumber.,23.00,150.00,1.000
dish_1566332116,spinach (raw) | cucumbers,153.55,275.00,"Salad with spinach, kidney beans and cucumber.",147.00,240.00,0.667
dish_1566332154,chicken,401.05,425.00,"A salad with spinach, chicken, olives, and cucumber",258.00,280.00,0.333
dish_1566332193,avocado | chicken,527.45,504.00,Chicken spinach salad with avocado and black beans,425.00,360.00,0.500
dish_1566333118,cheese pizza,239.31,90.00,Two slices of pizza,800.00,300.00,1.000
dish_1566332268,chicken | avocado | caesar dressing,567.58,595.00,"A salad with spinach, avocado, chicken, olives, and creamy dressing.",539.00,350.00,0.500
dish_1566333167,beef | cheese pizza,344.54,140.00,Two slices of pizza and some pesto chicken on a white plate.,760.00,300.00,0.333
dish_1566333194,cheese pizza | beef | chicken,461.59,220.00,"A plate with two pizza slices, cooked chicken leg, and cooked vegetables.",770.00,380.00,0.500
dish_1566333228,beef | caesar salad | chicken | cheese pizza,498.55,304.00,"Plate of mixed foods including pizza, salad, chicken and unknown meat.",1080.00,550.00,0.400
dish_1566333255,caesar salad | cheese pizza | chicken | beef,515.55,372.00,"Plate of pizza, chicken, mystery meat, cauliflower, and Caesar salad",800.00,575.00,0.500
dish_1566402041,egg whites,231.92,446.00,A plate of mozzarella cheese curds.,480.00,200.00,0.000
dish_1566333291,caesar salad | brussels sprouts | beef | chicken | cheese pizza,549.76,439.00,"A plate with a variety of foods including pizza, salad, meat, chicken, cauliflower, and brussels sprouts.",975.00,700.00,0.667
dish_1566333324,cheese pizza | caesar salad | chicken | beef | fried rice,608.10,476.00,"A plate with a variety of food items including pizza, chicken, salad, vegetables, and rice.",1060.00,670.00,0.333
dish_1566402095,sweet potato | yam | egg whites,421.12,577.00,A plate with cottage cheese and sweet potato cubes,320.00,300.00,0.250
dish_1566402123,egg whites | watermelon | yam | sweet potato,445.12,657.00,"A plate with cottage cheese, roasted sweet potato, and watermelon.",324.00,400.00,0.400
dish_1566402160,egg whites | watermelon | yam | sweet potato,458.72,697.00,"A plate with scrambled eggs, roasted sweet potato, cantaloupe, and watermelon",546.00,650.00,0.600
dish_1566413321,spinach (raw),14.03,61.00,A bowl of fresh spinach.,14.00,70.00,1.000
dish_1566402197,egg whites | yam | sweet potato,480.95,736.00,"A plate with cottage cheese, roasted sweet potato, blueberries, watermelon, cantaloupe and strawberries",390.00,585.00,0.167
dish_1566402232,salsa | egg whites | yam | sweet potato,511.40,841.00,"A plate with cottage cheese, green salsa, sweet potato, watermelon, cantaloupe, strawberries, and blueberries.",415.00,660.00,0.286
dish_1566413356,spinach (raw) | chicken,183.98,164.00,A salad with spinach and chicken breast.,243.00,214.00,1.000
dish_1566413388,chicken | spinach (raw) | broccoli,207.43,231.00,"A salad with spinach, chicken, and broccoli.",230.00,325.00,1.000
dish_1566413419,chicken | avocado | broccoli,285.83,280.00,"A salad with spinach, chicken, avocado, and broccoli.",375.00,365.00,0.750
dish_1566413445,chicken | avocado | broccoli,377.83,360.00,"Salad with spinach, broccoli, black beans, avocado and chicken.",638.00,550.00,0.600
dish_1566413469,chicken | avocado | parmesan cheese | broccoli,459.66,379.00,"Salad with spinach, broccoli, red grapes, parmesan cheese, and avocado.",276.00,310.00,0.500
dish_1566413510,parmesan cheese | chicken | avocado,751.38,412.00,"Salad with spinach, broccoli, avocado, beans and parmesan cheese",345.00,280.00,0.333
dish_1566414225,quinoa,125.18,88.00,"Quinoa with sauteed vegetables including red bell pepper, yellow squash, red onion, and eggplant.",237.00,450.00,0.200
dish_1566414342,chicken | quinoa | roasted potatoes,846.37,552.00,"A plate with roasted potatoes, tabbouleh salad, and chicken and vegetable casserole.",700.00,650.00,0.500
dish_1566414291,roasted potatoes | quinoa,345.14,244.00,Plate of roasted potatoes with couscous salad and mixed vegetables.,480.00,500.00,0.333
dish_1566414611,chicken,105.60,64.00,Diced cooked chicken breast with a small serving of wasabi.,175.00,105.00,0.500
dish_1566414642,roasted potatoes | chicken,219.81,145.00,A plate with cubed chicken and roasted potatoes.,330.00,250.00,1.000
dish_1566414412,quinoa | chicken | roasted potatoes,920.12,658.00,"A plate with roasted potatoes, couscous salad, chicken casserole, and mixed greens salad.",750.00,620.00,0.667
dish_1566414686,roasted potatoes | chicken,646.18,407.00,"A plate with diced chicken breast, roasted potatoes, and chicken salad with greens.",571.00,450.00,1.000
dish_1566414723,chicken | fish | roasted potatoes,728.81,482.00,"A meal with diced chicken, roasted potatoes and tofu scramble with greens.",562.00,400.00,0.500
dish_1566414754,roasted potatoes | fish | chicken,755.50,533.00,"A plate with Tofu, fish, green beans, and potato.",405.00,455.00,0.400
dish_1566414780,chicken | fish | caesar salad | roasted potatoes,807.42,651.00,"Plate of mixed vegetables, tofu, chicken, and potato.",480.00,670.00,0.286
dish_1566415520,green beans,74.82,143.00,A plate of cooked green beans.,31.00,100.00,1.000
dish_1566414891,arugula | roasted potatoes,213.99,163.00,"Arugula salad with roasted potatoes, walnuts, blueberries and apricots",352.00,355.00,0.500
dish_1566414924,roasted potatoes | arugula | green beans,247.48,227.00,A plate of fried tempeh with arugula salad and green beans.,280.00,300.00,0.500
dish_1566415558,fish | green beans,169.10,234.00,A meal consisting of green beans and chicken.,244.00,180.00,0.333
dish_1566416299,green beans,45.00,86.00,A plate of steamed green beans.,31.00,100.00,1.000
dish_1566415591,broccoli | green beans | fish,214.78,316.00,"Plate of green beans, broccoli, mushrooms and cooked chicken breast",225.00,395.00,0.400
dish_1566416339,eggplant | green beans,77.98,186.00,A meal of green beans and eggplant,181.00,250.00,1.000
dish_1566416388,roasted potatoes | eggplant | green beans,259.87,315.00,"A plate with green beans, roasted potatoes, and roasted eggplant.",227.00,430.00,1.000
dish_1566416701,chicken,198.54,122.00,Chicken and greens,180.00,150.00,1.000
dish_1566416421,green beans | fish | roasted potatoes | eggplant,313.74,367.00,"A plate with green beans, roasted potatoes, roasted eggplant and baked fish.",357.00,480.00,1.000
dish_1566416455,eggplant | green beans | chicken | fish | roasted potatoes,372.33,403.00,"A plate of green beans, roasted eggplant, roasted potatoes and baked fish.",567.00,550.00,0.800
dish_1566417442,eggplant,93.83,158.00,Plate with fried eggplant and mixed greens salad.,220.00,225.00,1.000
dish_1566417398,celery root | cherry tomatoes,56.89,46.00,A meal consisting of chicken stir-fry and a mixed greens salad.,300.00,300.00,0.000
dish_1566417516,eggplant | fish | roasted potatoes,385.40,425.00,"Rice, Fish, Roasted Eggplant and Salad",580.00,600.00,0.500
dish_1566417475,roasted potatoes | eggplant,150.23,198.00,"A plate with roasted eggplant, roasted potato, and a side salad.",248.00,450.00,1.000
dish_1566419510,cheese pizza,273.88,103.00,Three slices of pizza,450.00,180.00,1.000
dish_1566419546,caesar salad | cheese pizza,306.44,177.00,A meal with pizza and salad,720.00,450.00,0.500
dish_1566419603,caesar salad | roasted potatoes | cheese pizza,382.92,252.00,"A meal with pizza, Caesar salad, roasted potatoes, and green beans.",830.00,550.00,0.750
dish_1566488905,sweet potato,82.31,86.00,A plate with roasted potatoes and cantaloupe cubes,196.00,250.00,0.500
dish_1566419635,roasted potatoes | caesar salad | cheese pizza | chicken,605.87,389.00,"A plate with Caesar Salad, Pizza, Green Beans, Roasted Potatoes, and Chicken Breast.",1230.00,700.00,0.800
dish_1566488928,cantaloupe | sweet potato,103.05,147.00,A plate with roasted potatoes and sweet potato cubes.,234.00,300.00,0.500
dish_1566488956,egg whites | sweet potato | cantaloupe,280.89,489.00,"A breakfast plate containing scrambled eggs, roasted potatoes, and cantaloupe.",500.00,520.00,1.000
dish_1566488981,cantaloupe | sweet potato | egg whites,279.33,486.00,"A breakfast plate with scrambled eggs, roasted potatoes, and cantaloupe.",400.00,400.00,1.000
dish_1566499564,,42.55,37.00,A small plate of olives,70.00,50.00,
dish_1566500963,spinach (raw),5.75,25.00,A bowl of spinach,14.00,70.00,1.000
dish_1566499633,spinach (raw),161.39,139.00,"Spinach salad with broccoli, olives, artichoke hearts, red onion, and red bell pepper",134.00,190.00,0.167
dish_1566499686,pork | sugar,674.71,388.00,"A plate of pork with rice, spinach, broccoli, olives and artichoke hearts",599.00,550.00,0.200
dish_1566500988,spinach (raw) | carrot,21.33,63.00,A simple salad with spinach and shredded carrots.,27.00,80.00,1.000
dish_1566501012,carrot,132.88,160.00,"A small salad with spinach, carrots, and olives.",150.00,140.00,0.333
dish_1566501041,carrot | parmesan cheese,279.32,194.00,"Salad with spinach, shredded carrots, olives and parmesan cheese",245.00,130.00,0.500
dish_1566501067,parmesan cheese | chicken,464.12,306.00,"Chicken salad with spinach, grapes, shredded carrots, and Parmesan cheese.",386.00,305.00,0.400
dish_1566501126,parmesan cheese | chicken | avocado,564.92,369.00,"Salad with spinach, chicken, Parmesan, avocado, carrot, and olives",569.00,305.00,0.600
dish_1566501153,parmesan cheese | chicken | avocado,1006.92,419.00,"Salad with spinach, chicken, avocado, parmesan cheese, carrots, and black beans",618.00,440.00,0.500
dish_1566501258,onions,12.00,30.00,A bowl of sliced red onion.,20.00,70.00,1.000
dish_1566501293,onions,41.90,56.00,Simple salad of red onion and olives.,90.00,110.00,1.000
dish_1566501324,onions | carrot,65.27,113.00,Bowl of Shredded Carrots with some Olives,70.00,120.00,0.500
dish_1566501352,cherry tomatoes | onions | carrot,75.53,170.00,A bowl of shredded carrots with cherry tomatoes and onion.,70.00,165.00,1.000
dish_1566501382,tuna | carrot,283.53,330.00,"Tuna salad with carrot shreds, cherry tomatoes and celery",270.00,270.00,0.500
dish_1566501447,tuna | carrot,286.76,349.00,"Tuna salad with carrots, tomatoes, olives, and celery",277.00,230.00,0.500
dish_1566501473,carrot | almonds | tuna,413.94,371.00,"Tuna salad with shredded carrots, almonds and cherry tomatoes.",499.00,268.00,0.750
dish_1566501575,brownies,251.69,54.00,A bowl of tuna salad with vegetables and chocolate,590.00,415.00,0.000
dish_1566502000,bok choy,63.01,184.00,A plate of stir-fried bok choy.,70.00,200.00,1.000
dish_1566501594,brownies,508.05,109.00,"Salad with tuna, carrot, tomato and brownie",530.00,370.00,0.000
dish_1566502033,corn on the cob | bok choy,136.22,253.00,Plate of mustard greens and corn slices,101.00,320.00,0.500
dish_1566419577,caesar salad | cheese pizza,323.70,210.00,"A plate with pizza, caesar salad and green beans.",630.00,430.00,0.667
dish_1566502271,caesar salad | chicken,296.82,359.00,A plate with Caesar Salad and a piece of Chicken Breast.,500.00,370.00,1.000
dish_1566502061,pork | corn on the cob | bok choy,408.34,385.00,"Plate with bok choy, rice, grilled pork and corn on the cob",500.00,500.00,0.750
dish_1566502437,spinach (raw),74.56,64.00,A small spinach and broccoli salad with some onion.,28.00,110.00,0.333
dish_1566502472,spinach (raw) | corn on the cob,132.92,119.00,"A meal with fish, spinach and corn",247.00,275.00,0.667
dish_1566502505,pork | corn on the cob | sugar,454.52,275.00,Pork with rice and vegetables,530.00,355.00,0.333
dish_1566502315,pork | caesar salad | chicken,577.18,495.00,"A plate with a chicken breast, rice, romaine lettuce, croutons and caesar dressing and a second plate with spinach, red onion and corn",715.00,520.00,0.222
dish_1566502573,chicken | pork | sugar | corn on the cob | chickpeas,821.51,487.00,"A meal consisting of grilled chicken, chickpeas with mixed vegetables, spinach, and corn.",480.00,430.00,0.429
dish_1566502537,corn on the cob | pork | chicken | sugar,517.64,315.00,"A meal consisting of sliced pork tenderloin, spinach, corn, rice, broccoli and black olives.",429.00,465.00,0.286
dish_1566587143,chicken | avocado | millet,354.40,234.00,A meal consisting of chicken parmesan and avocado slices.,590.00,300.00,0.667
dish_1566587689,salmon | kale | brown rice | chard,196.85,270.00,Salmon with chard and brown rice,280.00,290.00,0.750
dish_1566587102,chicken | millet,213.60,146.00,A serving of Chicken Parmesan with a basil leaf garnish.,351.00,151.00,0.333
dish_1566587182,avocado | chicken,531.26,377.00,"A plate with fried chicken, avocado slices, and a mixed green salad with cherry tomatoes and orange bell pepper.",650.00,450.00,0.667
dish_1566587958,brown rice | salmon,398.50,224.00,"Three pieces of salmon, seasoned with green onion.",391.00,302.00,0.333
dish_1566588066,carrot | pineapple | brown rice | salmon,566.23,562.00,A plate of salmon with roasted tomatoes and pineapple.,442.00,380.00,0.400
dish_1566588016,salmon | brown rice | carrot,472.23,374.00,A meal with baked salmon and roasted carrots.,340.00,350.00,0.667
dish_1566587714,salmon | chicken | chard | kale | millet,347.54,373.00,"A plate with Swiss chard, breaded chicken, and baked salmon.",585.00,470.00,0.600
dish_1566589933,tofu,89.06,122.00,tofu and cauliflower with a salad,210.00,330.00,0.500
dish_1566589967,millet | chicken | tofu,381.66,322.00,A plate with Vietnamese salad and a fried dish with vegetables.,550.00,350.00,0.000
dish_1566590007,pizza | tofu | chicken,740.76,457.00,"Plate of assorted food items consisting of a pizza slice, grain salad, and chicken salad.",630.00,370.00,0.500
dish_1566590536,carrot,25.07,51.00,A small portion of roasted carrots.,50.00,100.00,1.000
dish_1566590056,tofu | chicken | pizza,815.65,519.00,"A plate with vegetable salad, tofu slices, quinoa, pizza slice and spinach.",670.00,600.00,0.333
dish_1566590566,carrot | salmon | brown rice,186.96,142.00,A meal with roasted sweet potatoes and salmon,350.00,270.00,0.250
dish_1566590946,brown rice | salmon,405.61,228.00,"A meal with salmon, roasted vegetables, and a red bell pepper garnish",439.00,415.00,0.167
dish_1566590987,chicken | salmon | brown rice,639.91,370.00,"A meal with salmon, tofu, and vegetables",615.00,560.00,0.167
dish_1566591080,salmon | chicken | chicken salad,909.63,549.00,"A plate with salmon, chicken, and roasted vegetables",580.00,450.00,0.667
dish_1566591048,chicken salad | chicken | salmon,876.20,481.00,"A plate with salmon, olives, potatoes, chicken and vegetables.",770.00,600.00,0.500
dish_1566592456,caesar salad,55.44,126.00,Small Caesar Salad,216.00,125.00,0.333
dish_1566835603,sweet potato,63.17,66.00,A meal with mashed potatoes and roasted sweet potatoes,168.00,220.00,1.000
dish_1566835641,sweet potato | egg whites,312.77,546.00,Plate of scrambled eggs with a side of sweet potato cubes,258.00,200.00,1.000
dish_1566835701,egg whites | salsa | sweet potato,370.19,744.00,"A meal with mashed potatoes, sweet potatoes and gravy.",354.00,350.00,0.250
dish_1566838286,pineapple,72.50,145.00,A plate of pineapple chunks.,75.00,130.00,1.000
dish_1566838317,watermelon | pineapple,114.20,284.00,A plate of fresh fruit including watermelon and pineapple.,80.00,200.00,1.000
dish_1566838351,watermelon | pineapple,190.01,417.00,"A plate of mixed fruit, including watermelon, pineapple, raspberries, and blackberries.",120.00,300.00,1.000
dish_1566838378,scrambled eggs | watermelon | pineapple,286.21,482.00,A plate of scrambled eggs with fruit,275.00,430.00,1.000
dish_1566838407,pineapple | scrambled eggs | sweet potato | watermelon,358.95,558.00,"A plate of mixed fruits, scrambled eggs, and sweet potatoes.",380.00,550.00,1.000
dish_1566844803,caesar salad | pepperoni pizza,249.82,227.00,A plate with Caesar salad and pepperoni pizza.,650.00,400.00,1.000
dish_1566844850,pork | pepperoni pizza | caesar salad,491.24,345.00,"A plate with Caesar salad, meatloaf, and a slice of pizza.",700.00,470.00,0.500
dish_1566846997,pork,343.71,168.00,A plate of roast pork.,400.00,150.00,1.000
dish_1566847043,squash | pork,434.88,483.00,Plate of cooked pork and sliced zucchini,340.00,350.00,0.333
dish_1566847431,quinoa,101.24,90.00,Piece of baked chicken with small amount of greens,202.00,110.00,0.000
dish_1566847454,pork | quinoa,346.75,210.00,A plate with chicken and mixed cooked vegetables,328.00,260.00,0.000
dish_1566847483,pork | quinoa,476.23,314.00,A plate with a portion of meatloaf and a side of green salad.,500.00,400.00,0.000
dish_1566849208,,19.60,70.00,A bowl of mixed greens salad.,30.00,150.00,
dish_1566849233,avocado,94.80,117.00,A mixed green salad with avocado slices.,130.00,250.00,1.000
dish_1566849269,avocado | parmesan cheese,249.85,153.00,Mixed green salad with Parmesan cheese,170.00,130.00,0.500
dish_1566849295,avocado | parmesan cheese,348.75,239.00,"A simple salad with mixed greens, parmesan cheese and kalamata olives.",190.00,205.00,0.333
dish_1566849327,parmesan cheese | avocado | chicken,551.70,362.00,"Salad with chicken, black beans, avocado, cheese and lettuce.",530.00,340.00,0.600
dish_1566849862,,77.05,67.00,Bowl of Dates,160.00,70.00,0.000
dish_1566849387,parmesan cheese | caesar salad | chicken | avocado,619.90,517.00,"A salad with mixed greens, black beans, croutons, chicken, and dressing.",360.00,325.00,0.167
dish_1566849895,carrot,112.31,153.00,A bowl of shredded carrots.,50.00,100.00,1.000
dish_1566849923,cherry tomatoes | carrot,127.97,240.00,A bowl of shredded carrots and cherry tomatoes,76.00,262.00,1.000
dish_1566849955,onions | cherry tomatoes | carrot,147.17,288.00,"Salad with shredded carrots, red onion, and cherry tomatoes",86.00,280.00,1.000
dish_1566849987,carrot | chicken,562.97,540.00,Chicken and vegetable salad,375.00,315.00,0.500
dish_1566850099,onions | cucumbers | lettuce | lime | cherry tomatoes,113.06,112.00,Mixed green salad with broccoli and carrot shreds.,55.00,195.00,0.000
dish_1566850031,carrot | chicken | caesar dressing,616.77,662.00,"Chicken salad with carrots, tomatoes, red onion, and dressing",520.00,325.00,0.400
dish_1566851115,spinach (raw),81.55,70.00,"Salad with spinach, mustard seeds, and strawberries",45.00,155.00,1.000
dish_1566850142,pork,464.95,284.00,Plate with pulled pork and coleslaw alongside a mixed green salad with broccoli and carrots.,425.00,300.00,0.500
dish_1566851155,quinoa,295.28,260.00,A plate with cooked chicken breast and spinach,230.00,220.00,0.000
dish_1566851549,cheese pizza,226.01,85.00,A single slice of pizza,270.00,100.00,1.000
dish_1566851198,quinoa | pork,463.05,342.00,A plate with sliced grilled chicken breast and a spinach salad.,325.00,225.00,0.000
dish_1566851222,pizza | quinoa | pork,550.83,375.00,"Plate with grilled chicken breast, spinach salad, and a slice of pizza",600.00,350.00,0.200
dish_1566851584,caesar salad | cheese pizza,286.29,222.00,A meal consisting of a Caesar salad and a slice of pizza.,450.00,270.00,1.000
dish_1566851616,caesar salad | cheese pizza,300.78,248.00,"A meal consisting of Caesar salad, steamed broccoli, and a slice of cheese pizza.",460.00,380.00,0.667
dish_1566920304,egg whites,296.40,570.00,A plate of cheese curds,420.00,150.00,0.000
dish_1566851704,quinoa | pork | cheese pizza | caesar salad,461.16,348.00,"A plate containing caesar salad, broccoli, chicken and pizza slice.",680.00,490.00,0.333
dish_1566851677,quinoa | caesar salad | cheese pizza,354.77,296.00,"A plate with Caesar salad, broccoli, chicken, and a slice of pizza.",730.00,520.00,0.400
dish_1566920339,egg whites | sweet potato,449.53,730.00,A plate with cubed sweet potatoes and paneer cheese.,529.00,300.00,0.333
dish_1566920365,salsa | sweet potato | egg whites,490.42,871.00,Poutine with Sweet Potatoes and gravy,460.00,250.00,0.200
dish_1566922978,scrambled eggs,124.32,84.00,A serving of scrambled eggs.,206.00,150.00,1.000
dish_1566923004,scrambled eggs | pineapple,158.82,153.00,A plate with scrambled eggs and pineapple chunks.,240.00,210.00,1.000
dish_1566923030,hash browns | scrambled eggs | pineapple,396.80,226.00,"A plate with hash browns, scrambled eggs, and pineapple chunks.",530.00,400.00,1.000
dish_1566923060,bacon | scrambled eggs | pineapple | hash browns,515.82,248.00,"Breakfast plate with bacon, hash browns, scrambled eggs, and pineapple chunks.",645.00,435.00,1.000
dish_1566931116,cauliflower,35.50,142.00,A small portion of roasted cauliflower.,60.00,150.00,1.000
dish_1566931179,avocado | cauliflower,204.37,263.00,"A plate with roasted cauliflower, spinach salad with feta and beets, and avocado slices.",360.00,450.00,0.667
dish_1566844766,caesar salad,72.16,164.00,Caesar salad with romaine lettuce and croutons.,140.00,145.00,0.000
dish_1566931140,cauliflower | avocado,126.70,199.00,A plate with cauliflower and avocado slices.,240.00,300.00,1.000
dish_1566931482,,25.48,91.00,A bowl of mixed green salad.,30.00,150.00,
dish_1566931217,fish | avocado | white beans | cauliflower,333.11,378.00,"A balanced meal with salmon, beans, roasted cauliflower, spinach salad with beetroot and feta, and avocado.",610.00,515.00,0.500
dish_1566931519,,130.13,182.00,A small salad with mixed greens and olives.,120.00,150.00,
dish_1566931548,broccoli,154.98,253.00,"Salad with mixed greens, broccoli and red kidney beans",84.00,220.00,0.500
dish_1566931586,chicken | broccoli,379.38,389.00,"Salad with mixed greens, broccoli, and chicken.",225.00,260.00,1.000
dish_1566931620,avocado | chicken | broccoli,494.58,461.00,Chicken avocado salad,480.00,500.00,1.000
dish_1566933180,chicken thighs,161.45,96.00,One fried chicken leg on a plate,250.00,100.00,1.000
dish_1566931650,chicken | avocado | parmesan cheese,610.87,488.00,"Chicken salad with mixed greens, avocado, broccoli, and parmesan cheese.",532.00,440.00,0.750
dish_1566933226,chicken thighs,245.45,171.00,A plate with a fried chicken leg and couscous.,470.00,270.00,1.000
dish_1566931674,chicken | avocado | parmesan cheese,990.99,531.00,"Salad with chicken, avocado, broccoli, parmesan cheese and mixed greens",470.00,378.00,0.750
dish_1566933401,bok choy,27.05,79.00,Small plate of lettuce,10.00,50.00,0.000
dish_1566934057,bok choy,66.09,193.00,A plate of Bok Choy,27.00,150.00,1.000
dish_1566933454,bok choy | arugula | chickpeas,121.74,154.00,A simple salad with mixed greens and some bell pepper.,25.00,125.00,0.000
dish_1566933498,chickpeas | chicken thighs,318.48,284.00,A mixed salad with cooked chicken and couscous.,305.00,290.00,0.333
dish_1566934085,cauliflower | bok choy,82.59,259.00,A plate of sauteed bok choy and roasted cauliflower,70.00,200.00,1.000
dish_1566934120,bok choy | salmon | cauliflower,183.99,316.00,"A plate with bok choy, roasted cauliflower, and salmon.",222.00,320.00,1.000
dish_1566934366,cheese pizza,87.75,33.00,A single slice of pizza,180.00,70.00,1.000
dish_1566934152,bok choy | chicken thighs | cauliflower | salmon,305.07,396.00,"Plate of salmon, chicken, bok choy and cauliflower",400.00,475.00,1.000
dish_1566934401,white beans | fish | cheese pizza,435.90,344.00,"A plate with salmon, artichoke hearts, white beans, and a slice of pizza.",610.00,385.00,0.400
dish_1566936266,chicken thighs | quinoa,220.96,146.00,"A single fried chicken drumstick, likely breaded.",250.00,100.00,0.500
dish_1566934455,cookies | fish | white beans | cheese pizza,528.04,395.00,"Plate of mixed foods including salmon, pizza, a cookie, roasted cauliflower, and fish stew.",830.00,610.00,0.286
dish_1566934430,fish | cookies | white beans | cheese pizza,519.54,361.00,"A plate with salmon, artichoke, white beans, a slice of pizza, and a cookie.",650.00,390.00,0.286
dish_1566934487,fish | white beans | cookies | cheese pizza,553.04,468.00,"A plate with salmon, lettuce, cooked vegetables (cauliflower and artichoke), a cookie and a pizza slice.",565.00,455.00,0.125
dish_1566936323,chicken thighs | white beans | fish,368.29,318.00,"A plate with fried chicken, salmon, and cauliflower.",640.00,370.00,0.200
dish_1566936297,fish | chicken thighs | white beans,355.29,266.00,A plate with a fried chicken leg and salmon with vegetables.,450.00,220.00,0.250
dish_1566936352,white beans | fish | chicken thighs,424.29,368.00,"Plate with fried chicken, salmon, couscous and cauliflower",775.00,425.00,0.200
dish_1566937992,cheese pizza,276.54,104.00,Two slices of cheese pizza,320.00,120.00,1.000
dish_1566938026,cheese pizza | chicken thighs,450.58,219.00,A meal consisting of fried chicken and a slice of pizza.,550.00,220.00,1.000
dish_1566938059,cheese pizza | chicken thighs,463.25,256.00,"A meal with chicken, bok choy, and pizza",620.00,350.00,0.667
dish_1567007719,cantaloupe,14.28,42.00,A small serving of cantaloupe on a white plate.,34.00,100.00,1.000
dish_1566938088,chicken thighs | cauliflower | cheese pizza,494.50,381.00,"A meal consisting of Romaine lettuce, roasted cauliflower, a chicken drumstick, and a slice of pizza.",540.00,450.00,0.750
dish_1567007751,cantaloupe,39.93,87.00,"A plate with strawberries, blueberries, and cantaloupe.",62.00,165.00,1.000
dish_1567007783,cantaloupe,50.00,106.00,Plate of mixed berries and melon,70.00,205.00,1.000
dish_1567007814,pineapple | cantaloupe,73.00,152.00,A plate of mixed fresh fruit.,105.00,300.00,1.000
dish_1567019993,brussels sprouts,28.08,55.00,A plate with Brussels sprouts,50.00,100.00,1.000
dish_1567007848,watermelon | cantaloupe | pineapple,100.30,243.00,"A fruit salad with strawberries, blueberries, blackberries, raspberries, watermelon, cantaloupe, and pineapple.",105.00,315.00,1.000
dish_1567020054,brussels sprouts | fish,122.00,145.00,Chicken pieces and roasted Brussels sprouts,300.00,200.00,0.333
dish_1567020340,broccoli,93.59,168.00,A plate of broccoli florets,104.00,365.00,1.000
dish_1567020091,fish | arugula | brussels sprouts,236.81,238.00,"Salad with kale, brussel sprouts, chicken and nuts.",300.00,275.00,0.167
dish_1567020366,brussels sprouts | broccoli,111.46,203.00,A plate of roasted broccoli and brussels sprouts,135.00,400.00,1.000
dish_1567020394,fish | broccoli | brussels sprouts,176.16,265.00,"A plate with broccoli, brussels sprouts, and fish",282.00,450.00,1.000
dish_1567021799,arugula,93.82,76.00,A simple salad consisting of mixed greens.,25.00,100.00,0.000
dish_1567020417,fish | chicken | broccoli,313.76,348.00,"A plate with broccoli, brussel sprouts, and chicken.",290.00,440.00,0.500
dish_1567021831,fish | arugula,252.44,228.00,A salad with mixed greens and fried tofu.,230.00,250.00,0.000
dish_1567021864,fish | pizza,342.88,262.00,"A plate of arugula salad, fried fish and a slice of pizza.",700.00,475.00,0.667
dish_1567022147,cherry tomatoes | bell peppers,34.92,128.00,"A bowl of chopped vegetables, including bell peppers and cherry tomatoes.",31.00,150.00,1.000
dish_1567022180,bell peppers | carrot | cherry tomatoes,48.86,162.00,"A salad with shredded carrots, bell peppers and red onion.",82.00,240.00,0.500
dish_1567022212,bell peppers | carrot | cherry tomatoes,89.11,197.00,"A salad with shredded carrots, bell peppers, onions, olives, and tomatoes.",119.00,235.00,0.750
dish_1567022251,onions | cherry tomatoes | carrot | bell peppers,111.91,254.00,"A mixed raw vegetable salad with red onion, shredded carrots, and bell peppers.",96.00,250.00,0.750
dish_1567022296,onions | bell peppers | chicken,425.41,444.00,Chicken salad with red onion and carrots,230.00,175.00,0.500
dish_1567022338,chicken | parmesan cheese,507.24,463.00,"Chicken salad with parmesan cheese, red onion and carrots.",506.00,310.00,0.500
dish_1567023110,,46.00,40.00,A small serving of olives.,67.00,30.00,
dish_1567023132,kimchi,59.20,84.00,Small plate with kimchi and olives,75.00,115.00,1.000
dish_1567022383,chicken | parmesan cheese,527.09,508.00,"Tofu salad with parmesan cheese, red onion, carrot, and dressing",566.00,370.00,0.200
dish_1567023161,chicken | kimchi,141.70,134.00,"A plate with kimchi, kalamata olives and diced chicken.",250.00,180.00,0.667
dish_1567023262,,72.32,64.00,Mixed green salad with feta cheese and cucumber,110.00,290.00,0.000
dish_1567023184,chicken | kimchi | kale,191.51,195.00,"A plate with Kimchi, Kale Salad, Olives, and Tofu.",245.00,370.00,0.500
dish_1567023296,garlic | pecans | chard | arugula,107.18,92.00,"Small salad with mixed greens, cucumber, and feta cheese",88.00,145.00,0.000
dish_1567023335,garlic | pecans | almonds | arugula | chard | carrot,138.34,117.00,"Mixed green salad with feta cheese, cucumber, dried cranberries and almonds.",98.00,195.00,0.125
dish_1567024066,cheese pizza,228.67,86.00,Two slices of cheese pizza.,400.00,150.00,1.000
dish_1567023375,tofu,248.57,268.00,"A plate with mixed greens salad, tofu stir-fry with rice, and sliced zucchini.",390.00,450.00,0.500
dish_1567024112,cheese pizza | chicken thighs,274.08,116.00,Two pizza slices and chicken,380.00,170.00,1.000
dish_1567024135,cheese pizza | chicken thighs | roasted potatoes,317.79,147.00,"A plate with pizza, roasted potatoes, and chicken in creamy sauce.",650.00,300.00,1.000
dish_1567024187,cheese pizza | chicken thighs | roasted potatoes,334.95,235.00,"A meal consisting of pizza, zucchini, roasted potatoes and chicken breast.",600.00,430.00,0.750
dish_1567024224,chicken thighs | cheese pizza | cauliflower | roasted potatoes,354.95,315.00,"A plate with pizza, roasted potatoes, grilled chicken, zucchini and cauliflower.",560.00,475.00,0.800
dish_1567106594,cherry tomatoes,15.84,88.00,A bowl of cherry tomatoes,30.00,150.00,1.000
dish_1567024252,chicken thighs | roasted potatoes | cheese pizza,512.02,454.00,"Plate with pizza, zucchini, cauliflower, and salad",405.00,370.00,0.167
dish_1567106620,bell peppers | cherry tomatoes,39.04,146.00,Raw vegetables in a metal bowl.,64.00,330.00,0.667
dish_1567106646,cherry tomatoes | bell peppers | onions,61.04,201.00,"A bowl of chopped salad ingredients, including red onion, cherry tomatoes, red bell pepper, green bell pepper and carrots.",78.00,335.00,0.750
dish_1567106668,onions | cherry tomatoes | carrot | bell peppers,80.31,248.00,"A bowl of raw vegetables including shredded carrots, red onion, and a green bell pepper.",82.00,232.00,0.750
dish_1567106693,onions | chicken | bell peppers | carrot,359.16,417.00,"A bowl of mixed salad including chicken, shredded carrot, sliced red onion and sliced green onion.",260.00,325.00,0.750
dish_1567106794,walnuts | lettuce | garlic | blue cheese,102.34,48.00,"Small side salad with mixed greens, sprouts, and a single cherry tomato.",38.00,135.00,0.000
dish_1567107049,brownies,107.20,23.00,A piece of chocolate brownie on a napkin,100.00,30.00,0.000
dish_1567106825,beef,220.20,104.00,"A salad with mixed greens, bean sprouts, tomato, and cooked meat with sesame seeds.",300.00,270.00,0.000
dish_1567106870,pizza | beef,504.82,211.00,"A meal consisting of a slice of pizza, a side salad, and some marinated meat.",630.00,320.00,0.333
dish_1567107839,ketchup | fish | white rice,174.28,156.00,A serving of fish stew with some green vegetables.,245.00,200.00,0.250
dish_1567107989,chickpeas | arugula,140.14,111.00,Arugula salad with radish.,26.00,105.00,0.333
dish_1567108037,chickpeas | beef,674.73,365.00,A plate with beef stir-fry and a side of arugula salad with radish.,290.00,250.00,0.333
dish_1567110519,lettuce | lime | onions | cucumbers | cherry tomatoes,100.94,100.00,A plate of mixed greens salad with some shredded carrots.,50.00,200.00,0.000
dish_1567110631,green beans,252.61,260.00,Salad with wheat berry and tofu,361.00,400.00,0.333
dish_1567110556,green beans,127.11,150.00,"A light salad with mixed greens, green beans, and broccoli.",70.00,350.00,0.500
dish_1567110756,pizza,111.72,42.00,A single slice of pizza with squash and herbs.,200.00,75.00,1.000
dish_1567110665,fish | white rice | ketchup,556.49,532.00,"A plate containing a mixed greens salad, green beans, a grain salad and a rice and vegetable medley.",615.00,550.00,0.200
dish_1567110783,pizza | beef,465.31,210.00,Pork and pizza slice with squash.,550.00,230.00,0.333
dish_1567110811,pizza | beef,537.99,282.00,"A plate with pork tenderloin, green salad and pizza with squash.",430.00,275.00,0.333
dish_1567525637,bell peppers,153.26,81.00,A side salad consisting of spinach and shredded carrots.,35.00,120.00,0.000
dish_1567525712,bacon | hash browns,510.54,184.00,"Rice bowl with spinach, bacon, shredded carrots, and eggs",381.00,300.00,0.167
dish_1567526785,egg whites | sweet potato | yam,378.25,539.00,Scrambled egg whites with a side of roasted sweet potato,192.00,400.00,0.667
dish_1567526738,egg whites,225.16,433.00,A plate of cottage cheese,204.00,220.00,0.000
dish_1567525744,bacon | scrambled eggs | hash browns,679.26,298.00,"A bowl with scrambled eggs, rice, spinach, bacon and carrots",590.00,530.00,0.333
dish_1567526814,egg whites | watermelon | yam | sweet potato,408.25,639.00,"Plate with scrambled eggs, diced tomato, and roasted sweet potato",385.00,370.00,0.400
dish_1567537185,beef | white rice,402.98,185.00,beef stir fry with rice and broccoli,365.00,230.00,0.333
dish_1567526845,egg whites | watermelon | yam | sweet potato,448.15,709.00,"A plate with cottage cheese, watermelon, strawberries, blueberries and roasted sweet potato.",414.00,528.00,0.400
dish_1567526888,sweet potato | salsa | egg whites | watermelon | yam,479.18,816.00,"Plate with cottage cheese and salsa verde, with a side of watermelon, strawberries, blueberries, and sweet potatoes.",375.00,510.00,0.500
dish_1567537212,beef | white rice,432.51,238.00,Plate of beef stir-fry with steamed broccoli.,495.00,400.00,0.333
dish_1567537252,white rice | beef | carrot,464.46,303.00,"A meal consisting of steak with rice, broccoli, and carrots.",336.00,310.00,0.500
dish_1567537352,lettuce,50.79,73.00,A small salad with mixed greens and a tomato.,23.00,120.00,0.000
dish_1567537280,cheese pizza | beef,733.02,404.00,"Plate with steak, broccoli, carrots, and pizza",600.00,430.00,0.250
dish_1567537422,broccoli | cantaloupe,109.32,203.00,"A plate with cantaloupe cubes, broccoli florets, mixed greens, and a cherry tomato.",113.00,340.00,0.667
dish_1567538263,arugula | chickpeas,70.70,56.00,Small side salad with arugula and a few cherry tomatoes,30.00,110.00,0.333
dish_1567537457,white rice | cantaloupe | chicken thighs | broccoli,297.77,361.00,"A plate with cantaloupe cubes, broccoli florets, a mixed green salad, and chicken stir-fry.",317.00,525.00,0.750
dish_1567542778,cheese pizza,260.58,98.00,Two slices of pizza on a white plate.,400.00,150.00,1.000
dish_1567538303,white rice | beef,617.45,307.00,A meal consisting of beef and rice stir-fry accompanied by a mixed green salad.,400.00,350.00,0.500
dish_1567542813,white rice | cheese pizza,316.64,145.00,A plate with a slice of pizza and a spring roll.,400.00,150.00,0.333
dish_1567542843,beef | white rice | cheese pizza,471.30,216.00,"A plate with a slice of pizza, beef with herbs, and a spring roll.",625.00,250.00,0.500
dish_1567542876,white rice | cheese pizza | beef,495.81,260.00,"A plate with broccoli, steak, bread and a slice of pizza.",681.00,370.00,0.200
dish_1567542914,white rice | cheese pizza | beef,514.00,297.00,"A plate with pizza, broccoli, meat, sweet potato and spring roll.",778.00,410.00,0.167
dish_1567612954,sweet potato,148.35,155.00,Small portion of roasted sweet potato.,104.00,120.00,1.000
dish_1567542953,beef | white rice | pineapple | cheese pizza,542.50,354.00,"A plate with assorted items including pineapple chunks, broccoli, meat slices, roasted sweet potato, a spring roll and a pizza slice.",707.00,480.00,0.286
dish_1567612986,egg whites | sweet potato,340.23,524.00,Scrambled eggs and roasted sweet potato,300.00,250.00,1.000
dish_1567542986,cheese pizza | pineapple | beef | caesar salad | white rice,605.86,498.00,"A plate with a variety of foods including pineapple, broccoli, meatloaf, sweet potato, egg roll, pizza, and Caesar salad.",972.00,690.00,0.333
dish_1567625294,avocado,51.20,32.00,A small serving of avocado.,112.00,70.00,1.000
dish_1567613019,sweet potato | watermelon | egg whites,376.53,645.00,"A plate with cottage cheese, tomatoes, and roasted sweet potato.",404.00,450.00,0.200
dish_1567613057,egg whites | watermelon | sweet potato | salsa,406.69,749.00,"A plate with cottage cheese, roasted sweet potatoes, diced tomatoes and green salsa.",235.00,380.00,0.333
dish_1567625343,chard | avocado | kale,65.48,74.00,A plate with slices of avocado and cooked swiss chard,174.00,169.00,0.667
dish_1567628069,garlic | arugula | lemon juice | bulgur | shallots | apple,107.43,73.00,Arugula salad with cauliflower,50.00,150.00,0.143
dish_1567625392,bulgur | avocado,208.23,171.00,"Salad with arugula, avocado, cherry tomatoes, and beet greens",125.00,250.00,0.200
dish_1567628099,kale,127.49,132.00,A simple salad of mixed green leaves.,30.00,150.00,0.000
dish_1567625434,avocado | bulgur | chicken,581.25,396.00,"A plate with mixed greens salad, avocado slices, cherry tomatoes, brown rice and chicken.",590.00,550.00,0.400
dish_1567629081,cheese pizza,239.31,90.00,Two slices of pizza,560.00,200.00,1.000
dish_1567628157,fish | country rice,373.19,355.00,A mixed salad with cauliflower and cooked lentils.,300.00,400.00,0.000
dish_1567629106,caesar salad | cheese pizza,292.55,211.00,A meal consisting of salad and two slices of pizza.,500.00,350.00,0.500
dish_1567628193,quinoa | country rice | fish,492.68,439.00,"A plate of mixed salad, buckwheat, coated fish, and cauliflower.",630.00,530.00,0.200
dish_1567785130,granola,76.69,59.00,Small portion of spinach salad with shredded carrots,55.00,150.00,0.000
dish_1567785165,sausage,273.11,116.00,"A plate with cooked spinach, shredded carrots, and sliced sausage.",320.00,230.00,0.333
dish_1567785622,,30.78,54.00,A small plate of strawberries and blueberries.,27.00,100.00,
dish_1567785223,sausage | scrambled eggs,487.71,261.00,"A breakfast plate with scrambled eggs, sausage, and spinach salad.",410.00,300.00,0.667
dish_1567785654,pineapple,51.78,96.00,"A snack plate with pineapple chunks, blueberries, and strawberries.",85.00,200.00,1.000
dish_1567785778,pineapple | greek yogurt | milk | chia seeds | sweet potato,303.51,310.00,"A plate of oatmeal, salad and fruits",390.00,540.00,0.143
dish_1567789154,sausage,382.51,111.00,A plate of sausage slices.,225.00,75.00,1.000
dish_1567785709,pineapple,131.25,138.00,Fruit and Salad,200.00,492.00,0.250
dish_1567785739,sweet potato | pineapple,168.58,177.00,"A light meal consisting of roasted potatoes, pineapple, strawberries, blueberries, and spinach salad with carrots.",235.00,400.00,0.667
dish_1567789190,sausage,507.39,177.00,A plate with sausage and salad,330.00,230.00,1.000
dish_1567801468,caesar salad,86.24,196.00,A plate of Caesar salad.,250.00,200.00,1.000
dish_1567789230,sausage | scrambled eggs,689.43,300.00,"A plate with scrambled eggs, sliced sausage, and a mixed green salad with shredded carrot.",500.00,350.00,0.667
dish_1567789256,scrambled eggs | bacon | sausage,792.22,319.00,"A breakfast plate with scrambled eggs, bacon, sausage and salad.",650.00,400.00,1.000
dish_1567801716,cheese pizza,101.04,38.00,A single slice of pizza on a plate.,280.00,100.00,1.000
dish_1567801748,cheese pizza | pork,169.07,71.00,A small plate with a slice of pizza and some fried eggplant.,350.00,135.00,0.333
dish_1567801520,white rice | sugar | caesar salad | pork,919.10,600.00,A plate with chicken stir-fry and salad with dressing.,400.00,350.00,0.000
dish_1567801791,cheese pizza | roasted potatoes | pork,225.47,111.00,"A meal consisting of pizza, roasted potatoes and fried eggplant.",470.00,235.00,0.500
dish_1568044496,watermelon,35.40,118.00,Plate of watermelon chunks,30.00,100.00,1.000
dish_1567801830,caesar salad | cheese pizza | roasted potatoes | pork,265.07,201.00,"A plate containing a slice of pizza, roasted potatoes and a salad with dressing.",470.00,325.00,0.500
dish_1568044528,sweet potato | watermelon,145.46,233.00,A plate with cubed watermelon and roasted sweet potato.,150.00,200.00,1.000
dish_1568044581,sweet potato | egg whites | watermelon,386.22,696.00,"A breakfast with scrambled eggs, sweet potatoes and watermelon.",450.00,430.00,1.000
dish_1568047932,broccoli,30.64,55.00,Plate of cooked broccoli,42.00,120.00,1.000
dish_1568047973,broccoli | scrambled eggs,295.56,234.00,Scrambled eggs with broccoli,280.00,250.00,1.000
dish_1568044634,salsa | sweet potato | egg whites | watermelon,413.19,789.00,"A plate with scrambled eggs and salsa verde, along with roasted sweet potato and watermelon cubes.",335.00,435.00,1.000
dish_1568048018,turkey bacon | scrambled eggs,496.80,287.00,"A plate with scrambled eggs, broccoli and vegetarian sausage",470.00,365.00,0.250
dish_1568048053,chicken apple sausage | turkey bacon | scrambled eggs,607.20,356.00,"A plate of scrambled eggs with vegan sausage, vegan bacon, and broccoli.",550.00,450.00,0.750
dish_1568055986,onions,54.40,76.00,Bowl with red onion and dates.,86.00,104.00,0.500
dish_1568055963,,36.80,32.00,"A small salad preparation with olives, shredded carrots and red onion.",105.00,150.00,0.000
dish_1568056019,cherry tomatoes | onions,64.30,131.00,"A salad with cherry tomatoes, red onion, and olives.",70.00,195.00,0.667
dish_1568056046,carrot | cherry tomatoes | onions,88.08,189.00,"A bowl of salad ingredients, including shredded carrots, cherry tomatoes, and red onion.",77.00,190.00,1.000
dish_1568056217,chicken,480.78,427.00,"Salad with tofu, cherry tomatoes, carrots and onion",245.00,370.00,0.000
dish_1568056258,chicken | caesar dressing,506.36,485.00,"Chicken salad with carrots, tomatoes, red onion, and dressing.",460.00,370.00,0.200
dish_1568060414,mangos | arugula | tomatoes,53.60,146.00,"A small lettuce salad with cucumber, tomato and bell pepper.",45.00,150.00,0.333
dish_1568060616,,17.08,61.00,A simple mixed greens salad.,20.00,100.00,
dish_1568060501,fried rice | pork,548.66,413.00,"A plate of rice, meat, broccoli, cauliflower and mixed salad",455.00,600.00,0.250
dish_1568060461,white rice | pork,376.76,304.00,A meal consisting of a mixed salad and a meat and rice stir-fry.,475.00,400.00,0.500
dish_1568060542,pork | fried rice,583.38,481.00,"A plate with mixed vegetables (salad, brussels sprouts, broccoli/cauliflower), rice, and pulled pork.",710.00,870.00,0.500
dish_1568060646,onions,31.48,97.00,A simple salad with mixed greens and red onion.,36.00,140.00,1.000
dish_1568060697,onions | avocado,133.88,161.00,"A salad with mixed greens, red onion, and avocado.",196.00,250.00,1.000
dish_1568060722,avocado | chicken,460.58,359.00,"Chicken salad with mixed greens, avocado, and red onion.",444.00,430.00,0.667
dish_1568061097,cheese pizza,146.24,55.00,A single slice of pizza on a white plate.,285.00,100.00,1.000
dish_1568060746,avocado | chicken,778.82,395.00,"Salad with mixed greens, diced grilled chicken and avocado",400.00,350.00,1.000
dish_1568061145,cheese pizza | squash,187.05,196.00,A simple meal with a slice of pizza and some sliced zucchini and yellow squash.,240.00,225.00,1.000
dish_1568061174,pineapple | squash | cheese pizza,232.55,287.00,"A plate with pineapple chunks, sliced zucchini, and a slice of pizza.",373.00,285.00,0.500
dish_1568061202,brussels sprouts | squash | pineapple | cheese pizza,256.55,334.00,"A plate with pineapple chunks, brussels sprouts, zucchini, and pizza.",438.00,370.00,0.600
dish_1568061234,cheese pizza | brussels sprouts | squash | pineapple | quinoa,290.69,358.00,"A plate with pineapple, buckwheat, zucchini, brussels sprouts and a slice of pizza",432.00,475.00,0.429
dish_1568305198,turkey bacon,311.35,82.00,A serving of turkey bacon.,135.00,45.00,1.000
dish_1568061272,quinoa | chicken breast | cheese pizza | pineapple | squash | brussels sprouts,380.39,415.00,"A plate with pineapple, brussels sprouts, buckwheat, zucchini and yellow squash, chicken breast, and a slice of pizza.",784.00,700.00,0.714
dish_1568305225,turkey bacon,428.67,144.00,Plate with sausage and spinach salad,380.00,350.00,0.000
dish_1568061320,squash | pork | cheese pizza | pineapple | quinoa | chicken breast,535.84,491.00,"Plate with pineapple, brussels sprouts, buckwheat, zucchini and yellow squash, chicken breast, pork sausage and pizza.",687.00,635.00,0.625
dish_1568313487,,13.72,49.00,A simple mixed greens salad.,50.00,250.00,
dish_1568305257,turkey bacon | scrambled eggs,837.15,420.00,"Breakfast meal consisting of scrambled eggs, sausage slices, and spinach with shredded carrots",650.00,450.00,0.250
dish_1568313527,avocado,48.92,71.00,Side salad with mixed greens and avocado,100.00,150.00,1.000
dish_1568313575,mushroom | avocado,57.94,112.00,Mixed green salad with avocado and mushrooms.,115.00,200.00,1.000
dish_1568313640,onions | mushroom | avocado,71.14,145.00,"salad with mixed greens, red onion and avocado",110.00,170.00,0.667
dish_1568314823,avocado,144.00,90.00,A plate of sliced avocado.,160.00,100.00,1.000
dish_1568313676,avocado | chicken | onions,184.99,214.00,"A salad with mixed greens, tofu, red onion, and avocado.",220.00,310.00,0.500
dish_1568314857,beef | avocado,295.54,162.00,Beef stew with avocado slices,385.00,250.00,1.000
dish_1568314907,beef | avocado | salmon,481.17,281.00,"A plate with sardines, beef, and avocado slices.",690.00,370.00,0.500
dish_1568314951,avocado | salmon | beef,496.13,325.00,"A plate with sardines, cooked meat, avocado, and cherry tomatoes.",630.00,420.00,0.200
dish_1568315001,salmon | beef | avocado,504.71,364.00,"A plate with sardines, beef, avocado, cherry tomatoes and mushrooms.",600.00,500.00,0.333
dish_1568315040,avocado | quinoa | salmon | beef,555.92,400.00,"A meal with fish, couscous, meat, avocado, cherry tomatoes, and mushrooms.",825.00,700.00,0.143
dish_1568315088,avocado | salmon | quinoa | beef,582.37,423.00,"A plate with fish, quinoa, beef, avocado, tomatoes, and mushrooms.",606.00,555.00,0.429
dish_1568315132,quinoa | beef | salmon | avocado,591.27,440.00,"A meal consisting of sardines, beef, avocado, couscous, cherry tomatoes, green beans and red cabbage.",925.00,675.00,0.250
dish_1568315177,quinoa | avocado | salmon | beef,637.81,497.00,"A plate with sardines, beef, couscous, kale salad, cherry tomatoes and avocado.",1110.00,820.00,0.286
dish_1568315988,tofu,50.37,69.00,Small portion of lentils with tofu and some vegetables,177.00,155.00,0.250
dish_1568316041,arugula | tofu,149.13,149.00,A light meal consisting of an arugula salad and a tofu and lentil mix.,235.00,300.00,1.000
dish_1568316085,beef | tofu,378.54,258.00,"Plate with beef steak, arugula salad and tofu pieces.",568.00,525.00,0.667
dish_1568318286,,32.20,115.00,A simple mixed green salad.,20.00,100.00,
dish_1568318316,,525.42,297.00,"Salad with mixed greens, beef slices and bell peppers",220.00,275.00,0.000
dish_1568318361,broccoli,540.82,341.00,Steak with broccoli and mixed greens,349.00,325.00,0.500
dish_1568318408,chicken,907.12,563.00,"Salad with tofu, broccoli, steak, and lettuce",440.00,520.00,0.000
dish_1568319725,bell peppers,111.64,59.00,Side dish of spinach,14.00,70.00,0.000
dish_1568318480,chicken,1119.28,587.00,"Salad with tofu, broccoli, salad greens and patty.",350.00,450.00,0.000
dish_1568319769,pizza,356.36,151.00,"A light meal with a spinach salad and a quesadilla containing vegetables, zucchini and bell pepper.",345.00,350.00,0.000
dish_1568319838,pizza | salmon,607.51,312.00,"A plate with salad, flatbread and fish with sauce.",423.00,300.00,0.000
dish_1568319899,pizza | salmon,627.66,377.00,"A plate with green beans, spinach, flatbread topped with zucchini and bell peppers, and fish.",333.00,350.00,0.000
dish_1568320296,cheese pizza,226.01,85.00,Two slices of pizza,560.00,200.00,1.000
dish_1568320338,cheese pizza | beef,390.18,163.00,A plate with roast beef and 2 slices of pizza,570.00,240.00,1.000
dish_1568320383,beef | quinoa | cheese pizza,437.12,196.00,"A plate with pizza slices, cooked meat, and couscous.",683.00,325.00,0.333
dish_1568320427,cheese pizza | beef | quinoa,450.76,240.00,"A plate of beef, couscous, green beans, and pizza.",860.00,470.00,0.500
dish_1568400935,,11.76,42.00,A simple salad made of mixed greens.,20.00,100.00,
dish_1568320470,beef | quinoa | cheese pizza,521.04,341.00,"A plate containing a mixed green salad, green beans, quinoa, roast beef and a pizza slice.",670.00,550.00,0.750
dish_1568400967,broccoli,36.61,113.00,A salad with mixed greens and broccoli,82.00,280.00,1.000
dish_1568401018,chicken,587.71,447.00,"Tofu, broccoli, and spinach salad",341.00,330.00,0.000
dish_1568401064,chicken | avocado,787.71,572.00,"Salad with tofu, avocado, greens, carrots and grain salad",690.00,735.00,0.167
dish_1568401090,avocado | chicken,1158.99,614.00,"Salad with tofu, avocado, broccoli, and mixed greens. Side of shredded carrots and tuna salad",575.00,660.00,0.167
dish_1568401199,tuna salad | squash,459.64,343.00,A plate with cooked sweet potato and tuna salad.,430.00,350.00,0.333
dish_1568401167,tuna salad,426.36,228.00,Tuna salad and shredded carrots,400.00,300.00,0.500
dish_1568401233,carrot | tuna salad,490.39,418.00,"A plate with roasted butternut squash, tuna salad, and shredded carrots",390.00,450.00,0.667
dish_1568404850,fried rice,157.70,100.00,A plate of fried rice with vegetables,350.00,300.00,0.500
dish_1568401261,carrot | avocado | tuna salad,530.39,443.00,"A healthy plate with mashed sweet potato, tuna salad, shredded carrots and avocado slices",506.00,430.00,0.750
dish_1568401302,fried rice | avocado | tuna salad,716.48,561.00,"A plate with butternut squash, brown rice, tuna salad, shredded carrots and avocado",770.00,640.00,0.600
dish_1568404889,fried rice | rice noodles,247.29,219.00,Plate with fried rice and cabbage salad,600.00,450.00,0.333
dish_1568405183,spinach (raw),72.40,64.00,A serving of fresh spinach.,7.00,30.00,1.000
dish_1568405214,kale | spinach (raw),144.26,152.00,A plate with a portion of spinach and a kale salad with croutons.,314.00,240.00,1.000
dish_1568405273,salmon | kale | brown rice,386.20,288.00,"A plate with spinach, kale salad, buckwheat salad with tomatoes and salmon",564.00,525.00,0.400
dish_1568405405,spinach (raw),83.72,74.00,A simple spinach salad with light dressing.,50.00,200.00,1.000
dish_1568405430,rice noodles | spinach (raw),119.10,121.00,Spinach and cabbage salad,103.00,250.00,0.333
dish_1568405306,kale | salmon | brown rice | tofu,421.24,336.00,"A plate with spinach, rice, kale salad, wheat berry salad and tofu.",734.00,570.00,0.600
dish_1568405466,rice noodles | pineapple | spinach (raw),153.10,189.00,"Salad with spinach, coleslaw and pineapple",200.00,350.00,0.500
dish_1568405499,brown rice | salmon | pineapple,562.27,419.00,"Plate with salmon, spinach, kimchi, and pineapple.",385.00,475.00,0.400
dish_1568649312,,44.46,78.00,A serving of mixed raspberries and blackberries,47.00,110.00,
dish_1568649354,broccoli,72.87,129.00,"A small plate of broccoli, raspberries, and blackberries",77.00,200.00,1.000
dish_1568649387,sweet potato | broccoli | yam,163.86,192.00,"A plate of roasted sweet potato, broccoli, raspberries, and blackberries.",205.00,360.00,0.667
dish_1568660810,pepperoni pizza,132.54,47.00,A single slice of pepperoni pizza on a white plate.,320.00,120.00,1.000
dish_1568649430,yam | sweet potato | scrambled eggs,363.66,327.00,"Breakfast meal with scrambled eggs, sweet potatoes, broccoli and berries.",355.00,410.00,0.500
dish_1568664931,spinach (raw),67.88,60.00,Simple mixed green salad with shredded carrots.,30.00,100.00,0.000
dish_1568664972,chicken | millet,303.42,221.00,A plate with chicken and couscous along with mixed greens.,320.00,295.00,0.500
dish_1568665935,cheese pizza,154.22,58.00,A single slice of pizza on a white plate.,285.00,100.00,1.000
dish_1568665012,brussels sprouts | millet | chicken,327.42,268.00,"A plate with chicken and couscous, mixed green salad and Brussels sprouts.",320.00,330.00,0.667
dish_1568665052,brussels sprouts | millet | chicken,345.65,331.00,"A plate with mixed greens, chicken breast, zucchini and Brussels sprouts.",325.00,420.00,0.500
dish_1568665970,cheese pizza | caesar salad,202.18,167.00,A plate with a slice of pepperoni pizza and a small caesar salad.,435.00,250.00,1.000
dish_1568666000,cheese pizza | caesar salad,209.93,197.00,A plate with a slice of pizza and two different types of salads (caesar and kale).,525.00,510.00,0.667
dish_1568666032,caesar salad | cheese pizza | chicken,243.58,220.00,"A meal consisting of pizza, grilled chicken, kale salad and caesar salad.",612.00,440.00,0.750
dish_1568666184,lettuce,28.50,190.00,A bowl of lettuce salad.,50.00,250.00,1.000
dish_1568666061,caesar salad | chicken | brussels sprouts | cheese pizza,260.43,253.00,"A plate with a slice of pizza, chicken breast, brussels sprouts, kale, and Caesar salad.",530.00,490.00,0.800
dish_1568666230,lettuce | broccoli,55.80,268.00,A bowl of mixed broccoli and lettuce salad.,119.00,370.00,1.000
dish_1568666089,cheese pizza | caesar salad | brussels sprouts | chicken,276.42,335.00,"Assorted plate with pizza slice, omelet slice, zucchini, brussel sprouts, kale and caesar salads",515.00,515.00,0.429
dish_1568666303,artichokes | chicken | lettuce | broccoli,443.20,560.00,Chicken and Broccoli Salad,298.00,400.00,0.750
dish_1568666263,lettuce | broccoli | artichokes,93.40,348.00,"Salad with broccoli, lettuce and artichoke hearts.",151.00,450.00,1.000
dish_1568666329,artichokes | chicken,743.76,594.00,"A healthy salad with chicken, broccoli, and lettuce.",265.00,375.00,0.250
dish_1568666357,chicken | artichokes,751.68,603.00,"Salad with lettuce, broccoli, and diced chicken breast.",266.00,335.00,0.250
